os,cpu,gpu,ram,kernel,driver,cpuscheduler
Steam Runtime 4,Intel Core Ultra 7 355,Intel(R) Graphics (PTL),32351840,7.2.5-3-omarchy,,powersave
fps,frametime,cpu_load,cpu_power,gpu_load,cpu_temp,gpu_temp,gpu_core_clock,gpu_mem_clock,gpu_vram_used,gpu_power,ram_used,swap_used,process_rss,cpu_mhz,elapsed
6.34301e-06,1.57654e+08,52.4017,0,0,50,0,1100,0,0,0,22.1716,12.271,0,1300,403301048
3.03351,329.652,82.2917,0,0,50,0,1100,0,0,0,22.1897,12.271,0,1595,614701055
21.4649,46.5878,82.2917,0,0,50,0,1100,0,0,0,22.1897,12.271,0,1595,661288895
0.567718,1761.44,82.2917,0,0,50,0,1100,0,0,0,22.1897,12.271,0,1595,2164736766
10.8485,92.1783,48.3345,0,0,49,0,800,0,0,0,22.3858,12.271,0,2173,2256908476
0.353705,2827.21,48.3345,0,0,49,0,800,0,0,0,22.3858,12.271,0,2173,3488515815
0.776485,1287.86,41.2982,0,0,49,0,800,0,0,0,22.4662,12.2709,0,1400,3544768227
6.34288e-06,1.57657e+08,86.6667,0,0,49,0,800,0,0,0,22.4737,12.2709,0,2638,3695208149
4.08442,244.833,72.0339,0,0,49,0,800,0,0,0,22.6719,12.271,0,3800,3733337351
5.03753,198.51,72.0339,0,0,49,0,800,0,0,0,22.6719,12.271,0,3800,3743275358
1.20113,832.551,72.0339,0,0,49,0,800,0,0,0,22.6719,12.271,0,3800,4575831238
6.34284e-06,1.57658e+08,61.7564,0,3,60,0,1350,0,0,0,23.5157,12.2712,0,3800,4604465718
0.257373,3885.41,91.6667,0,3,60,0,1350,0,0,0,23.547,12.2712,0,3800,8461242218
0.256851,3893.31,32.7408,0,0,49,0,450,0,0,0,23.9727,12.3039,0,2053,8497782016
0.590692,1692.93,100,0,0,49,0,450,0,0,0,23.9775,12.3089,0,3719,10190711713
0.0271073,36890.4,71.1226,0,2,53,0,750,0,0,0,24.1976,12.3611,0,2907,47081155704
0.0983888,10163.8,29.6335,0,0,47,0,450,0,0,0,25.2264,12.4382,0,1300,57244910676
11.939,83.7589,31.5163,0,0,47,0,450,0,0,0,25.0946,12.4374,0,1500,57328663764
57.1603,17.4947,31.5163,0,0,47,0,450,0,0,0,25.0946,12.4374,0,1500,57346158695
55.5369,18.006,31.5163,0,0,47,0,450,0,0,0,25.0946,12.4374,0,1500,57364164883
56.687,17.6407,31.5163,0,0,47,0,450,0,0,0,25.0946,12.4374,0,1500,57381805809
54.8183,18.2421,31.5163,0,0,47,0,450,0,0,0,25.0946,12.4374,0,1500,57400047722
58.8248,16.9996,31.5163,0,0,47,0,450,0,0,0,25.0946,12.4374,0,1500,57417048061
54.0298,18.5083,31.5163,0,0,47,0,450,0,0,0,25.0946,12.4374,0,1500,57435556584
47.9693,20.8467,31.5163,0,0,47,0,450,0,0,0,25.0946,12.4374,0,1500,57456405211
55.6003,17.9855,31.5163,0,0,47,0,450,0,0,0,25.0946,12.4374,0,1500,57474391196
54.4018,18.3818,31.5163,0,0,47,0,450,0,0,0,25.0946,12.4374,0,1500,57492774064
50.897,19.6475,31.5163,0,0,47,0,450,0,0,0,25.0946,12.4374,0,1500,57512421890
13.07,76.5111,31.5163,0,0,47,0,450,0,0,0,25.0946,12.4374,0,1500,57588932682
4.97588,200.969,31.5163,0,0,47,0,450,0,0,0,25.0946,12.4374,0,1500,57789905376
2.22441,449.557,38.2151,0,9,47,0,2500,0,0,0,25.1686,12.4376,0,3200,58239459064
0.473459,2112.11,38.2151,0,9,47,0,2500,0,0,0,25.1686,12.4376,0,3200,60351586922
166.646,6.00074,27.5912,0,0,48,0,650,0,0,0,25.1638,12.4375,0,1500,60357575819
138.054,7.24354,27.5912,0,0,48,0,650,0,0,0,25.1638,12.4375,0,1500,60364820011
74.0159,13.5106,27.5912,0,0,48,0,650,0,0,0,25.1638,12.4375,0,1500,60378331789
59.473,16.8144,27.5912,0,0,48,0,650,0,0,0,25.1638,12.4375,0,1500,60395146633
87.4743,11.4319,27.5912,0,0,48,0,650,0,0,0,25.1638,12.4375,0,1500,60406578612
118.176,8.46199,27.5912,0,0,48,0,650,0,0,0,25.1638,12.4375,0,1500,60415041281
127.954,7.81531,27.5912,0,0,48,0,650,0,0,0,25.1638,12.4375,0,1500,60422857679
86.1876,11.6026,27.5912,0,0,48,0,650,0,0,0,25.1638,12.4375,0,1500,60434461674
107.99,9.2601,27.5912,0,0,48,0,650,0,0,0,25.1638,12.4375,0,1500,60443722000
133.271,7.50352,27.5912,0,0,48,0,650,0,0,0,25.1638,12.4375,0,1500,60451225883
111.334,8.98202,27.5912,0,0,48,0,650,0,0,0,25.1638,12.4375,0,1500,60460208312
102.952,9.7133,27.5912,0,0,48,0,650,0,0,0,25.1638,12.4375,0,1500,60469922680
110.132,9.08005,27.5912,0,0,48,0,650,0,0,0,25.1638,12.4375,0,1500,60479003084
123.143,8.12061,27.5912,0,0,48,0,650,0,0,0,25.1638,12.4375,0,1500,60487158586
123.554,8.0936,27.5912,0,0,48,0,650,0,0,0,25.1638,12.4375,0,1500,60495219044
129.359,7.73042,27.5912,0,0,48,0,650,0,0,0,25.1638,12.4375,0,1500,60502950004
106.353,9.40268,27.5912,0,0,48,0,650,0,0,0,25.1638,12.4375,0,1500,60512352735
111.911,8.93567,27.5912,0,0,48,0,650,0,0,0,25.1638,12.4375,0,1500,60521288668
130.135,7.68431,27.5912,0,0,48,0,650,0,0,0,25.1638,12.4375,0,1500,60528972694
145.179,6.88806,27.5912,0,0,48,0,650,0,0,0,25.1638,12.4375,0,1500,60535862426
143.758,6.95612,27.5912,0,0,48,0,650,0,0,0,25.1638,12.4375,0,1500,60542818410
121.591,8.22432,27.5912,0,0,48,0,650,0,0,0,25.1638,12.4375,0,1500,60551042646
117.873,8.48371,27.5912,0,0,48,0,650,0,0,0,25.1638,12.4375,0,1500,60559526469
129.004,7.7517,27.5912,0,0,48,0,650,0,0,0,25.1638,12.4375,0,1500,60567279886
273.415,3.65744,27.5912,0,0,48,0,650,0,0,0,25.1638,12.4375,0,1500,60570938029
112.51,8.88811,27.5912,0,0,48,0,650,0,0,0,25.1638,12.4375,0,1500,60579827133
112.776,8.86713,27.5912,0,0,48,0,650,0,0,0,25.1638,12.4375,0,1500,60588694625
125.598,7.96192,27.5912,0,0,48,0,650,0,0,0,25.1638,12.4375,0,1500,60596658045
102.809,9.72678,27.5912,0,0,48,0,650,0,0,0,25.1638,12.4375,0,1500,60606386021
138.673,7.21122,27.5912,0,0,48,0,650,0,0,0,25.1638,12.4375,0,1500,60613597053
101.811,9.82213,27.5912,0,0,48,0,650,0,0,0,25.1638,12.4375,0,1500,60623420351
142.011,7.04172,27.5912,0,0,48,0,650,0,0,0,25.1638,12.4375,0,1500,60630462788
126.448,7.90837,27.5912,0,0,48,0,650,0,0,0,25.1638,12.4375,0,1500,60638371893
111.42,8.97505,27.5912,0,0,48,0,650,0,0,0,25.1638,12.4375,0,1500,60647350348
128.354,7.79096,27.5912,0,0,48,0,650,0,0,0,25.1638,12.4375,0,1500,60655139738
82.6279,12.1025,27.5912,0,0,48,0,650,0,0,0,25.1638,12.4375,0,1500,60667243152
120.462,8.3014,27.5912,0,0,48,0,650,0,0,0,25.1638,12.4375,0,1500,60675545422
133.158,7.50988,27.5912,0,0,48,0,650,0,0,0,25.1638,12.4375,0,1500,60683056047
111.639,8.95741,27.5912,0,0,48,0,650,0,0,0,25.1638,12.4375,0,1500,60692013973
152.664,6.55031,27.5912,0,0,48,0,650,0,0,0,25.1638,12.4375,0,1500,60698564745
170.426,5.86764,27.5912,0,0,48,0,650,0,0,0,25.1638,12.4375,0,1500,60704432762
96.6933,10.342,27.5912,0,0,48,0,650,0,0,0,25.1638,12.4375,0,1500,60714777635
95.6717,10.4524,27.5912,0,0,48,0,650,0,0,0,25.1638,12.4375,0,1500,60725229112
120.845,8.27503,27.5912,0,0,48,0,650,0,0,0,25.1638,12.4375,0,1500,60733505606
117.458,8.51365,27.5912,0,0,48,0,650,0,0,0,25.1638,12.4375,0,1500,60742019310
124.951,8.00311,27.5912,0,0,48,0,650,0,0,0,25.1638,12.4375,0,1500,60750022918
215.1,4.649,27.5912,0,0,48,0,650,0,0,0,25.1638,12.4375,0,1500,60754673039
141.994,7.04256,27.5912,0,0,48,0,650,0,0,0,25.1638,12.4375,0,1500,60761714836
176.062,5.67982,27.5912,0,0,48,0,650,0,0,0,25.1638,12.4375,0,1500,60767395259
99.265,10.074,27.5912,0,0,48,0,650,0,0,0,25.1638,12.4375,0,1500,60777470750
86.2903,11.5888,27.5912,0,0,48,0,650,0,0,0,25.1638,12.4375,0,1500,60789060446
116.298,8.59862,27.5912,0,0,48,0,650,0,0,0,25.1638,12.4375,0,1500,60797659306
119.075,8.39805,27.5912,0,0,48,0,650,0,0,0,25.1638,12.4375,0,1500,60806058766
125.811,7.94844,27.5912,0,0,48,0,650,0,0,0,25.1638,12.4375,0,1500,60814007411
115.56,8.65354,27.5912,0,0,48,0,650,0,0,0,25.1638,12.4375,0,1500,60822660881
118.974,8.4052,27.5912,0,0,48,0,650,0,0,0,25.1638,12.4375,0,1500,60831066729
241.846,4.13486,27.5912,0,0,48,0,650,0,0,0,25.1638,12.4375,0,1500,60835201715
81.8562,12.2166,27.5912,0,0,48,0,650,0,0,0,25.1638,12.4375,0,1500,60847419725
109.724,9.11374,27.5912,0,0,48,0,650,0,0,0,25.1638,12.4375,0,1500,60856538735
119.908,8.33971,39.9015,0,14,48,0,2500,0,0,0,25.166,12.4375,0,1300,60864875487
256.47,3.8991,39.9015,0,14,48,0,2500,0,0,0,25.166,12.4375,0,1300,60868775504
85.3057,11.7225,39.9015,0,14,48,0,2500,0,0,0,25.166,12.4375,0,1300,60880498566
109.68,9.11744,39.9015,0,14,48,0,2500,0,0,0,25.166,12.4375,0,1300,60889616551
118.37,8.44808,39.9015,0,14,48,0,2500,0,0,0,25.166,12.4375,0,1300,60898065356
119.332,8.37998,39.9015,0,14,48,0,2500,0,0,0,25.166,12.4375,0,1300,60906445842
114.246,8.75307,39.9015,0,14,48,0,2500,0,0,0,25.166,12.4375,0,1300,60915200317
109.287,9.15021,39.9015,0,14,48,0,2500,0,0,0,25.166,12.4375,0,1300,60924350499
123.05,8.12676,39.9015,0,14,48,0,2500,0,0,0,25.166,12.4375,0,1300,60932476844
296.045,3.37786,39.9015,0,14,48,0,2500,0,0,0,25.166,12.4375,0,1300,60935856161
88.2235,11.3349,39.9015,0,14,48,0,2500,0,0,0,25.166,12.4375,0,1300,60947191280
130.274,7.67611,39.9015,0,14,48,0,2500,0,0,0,25.166,12.4375,0,1300,60954868437
116.369,8.59336,39.9015,0,14,48,0,2500,0,0,0,25.166,12.4375,0,1300,60963462658
122.438,8.16743,39.9015,0,14,48,0,2500,0,0,0,25.166,12.4375,0,1300,60971630806
103.203,9.6896,39.9015,0,14,48,0,2500,0,0,0,25.166,12.4375,0,1300,60981320908
111.868,8.93907,39.9015,0,14,48,0,2500,0,0,0,25.166,12.4375,0,1300,60990261533
115.633,8.64803,39.9015,0,14,48,0,2500,0,0,0,25.166,12.4375,0,1300,60998910041
166.989,5.9884,39.9015,0,14,48,0,2500,0,0,0,25.166,12.4375,0,1300,61004898314
111.895,8.93694,39.9015,0,14,48,0,2500,0,0,0,25.166,12.4375,0,1300,61013836360
118.549,8.43532,39.9015,0,14,48,0,2500,0,0,0,25.166,12.4375,0,1300,61022272675
117.565,8.50591,39.9015,0,14,48,0,2500,0,0,0,25.166,12.4375,0,1300,61030778990
130.961,7.63585,39.9015,0,14,48,0,2500,0,0,0,25.166,12.4375,0,1300,61038415992
106.71,9.37117,39.9015,0,14,48,0,2500,0,0,0,25.166,12.4375,0,1300,61047787391
123.646,8.0876,39.9015,0,14,48,0,2500,0,0,0,25.166,12.4375,0,1300,61055875776
102.29,9.77608,39.9015,0,14,48,0,2500,0,0,0,25.166,12.4375,0,1300,61065656406
116.311,8.5976,39.9015,0,14,48,0,2500,0,0,0,25.166,12.4375,0,1300,61074251209
126.665,7.89485,39.9015,0,14,48,0,2500,0,0,0,25.166,12.4375,0,1300,61082146415
137.634,7.26566,39.9015,0,14,48,0,2500,0,0,0,25.166,12.4375,0,1300,61089412792
153.69,6.50662,39.9015,0,14,48,0,2500,0,0,0,25.166,12.4375,0,1300,61095919733
96.7692,10.3339,39.9015,0,14,48,0,2500,0,0,0,25.166,12.4375,0,1300,61106254155
149.543,6.68702,39.9015,0,14,48,0,2500,0,0,0,25.166,12.4375,0,1300,61112941709
102.396,9.76596,39.9015,0,14,48,0,2500,0,0,0,25.166,12.4375,0,1300,61122708178
111.092,9.00154,39.9015,0,14,48,0,2500,0,0,0,25.166,12.4375,0,1300,61131709857
133.689,7.48007,39.9015,0,14,48,0,2500,0,0,0,25.166,12.4375,0,1300,61139189816
139.119,7.18811,39.9015,0,14,48,0,2500,0,0,0,25.166,12.4375,0,1300,61146378740
113.136,8.83891,39.9015,0,14,48,0,2500,0,0,0,25.166,12.4375,0,1300,61155219171
115.158,8.68371,39.9015,0,14,48,0,2500,0,0,0,25.166,12.4375,0,1300,61163903399
112.543,8.88547,39.9015,0,14,48,0,2500,0,0,0,25.166,12.4375,0,1300,61172789769
112.644,8.87751,39.9015,0,14,48,0,2500,0,0,0,25.166,12.4375,0,1300,61181668177
132.966,7.5207,39.9015,0,14,48,0,2500,0,0,0,25.166,12.4375,0,1300,61189188613
117.532,8.50833,39.9015,0,14,48,0,2500,0,0,0,25.166,12.4375,0,1300,61197698085
117.033,8.54461,39.9015,0,14,48,0,2500,0,0,0,25.166,12.4375,0,1300,61206243416
124.115,8.05704,39.9015,0,14,48,0,2500,0,0,0,25.166,12.4375,0,1300,61214300141
118.682,8.42588,39.9015,0,14,48,0,2500,0,0,0,25.166,12.4375,0,1300,61222726257
119.681,8.35555,39.9015,0,14,48,0,2500,0,0,0,25.166,12.4375,0,1300,61231082495
130.505,7.66252,39.9015,0,14,48,0,2500,0,0,0,25.166,12.4375,0,1300,61238745631
123.667,8.08626,39.9015,0,14,48,0,2500,0,0,0,25.166,12.4375,0,1300,61246832556
107.989,9.26024,39.9015,0,14,48,0,2500,0,0,0,25.166,12.4375,0,1300,61256092881
136.598,7.32078,39.9015,0,14,48,0,2500,0,0,0,25.166,12.4375,0,1300,61263413508
115.631,8.64822,39.9015,0,14,48,0,2500,0,0,0,25.166,12.4375,0,1300,61272062920
98.1107,10.1926,39.9015,0,14,48,0,2500,0,0,0,25.166,12.4375,0,1300,61282255697
112.577,8.8828,39.9015,0,14,48,0,2500,0,0,0,25.166,12.4375,0,1300,61291138999
111.183,8.99418,39.9015,0,14,48,0,2500,0,0,0,25.166,12.4375,0,1300,61300134169
130.223,7.67911,39.9015,0,14,48,0,2500,0,0,0,25.166,12.4375,0,1300,61307813151
164.648,6.07356,39.9015,0,14,48,0,2500,0,0,0,25.166,12.4375,0,1300,61313887566
211.427,4.72976,39.9015,0,14,48,0,2500,0,0,0,25.166,12.4375,0,1300,61318618301
91.4589,10.9339,39.9015,0,14,48,0,2500,0,0,0,25.166,12.4375,0,1300,61329553078
183.53,5.4487,39.9015,0,14,48,0,2500,0,0,0,25.166,12.4375,0,1300,61335002677
16.308,61.3196,39.9015,0,14,48,0,2500,0,0,0,25.166,12.4375,0,1300,61396328533
152.443,6.55984,40.0463,0,43,50,0,2500,0,0,0,25.1696,12.4375,0,1500,61402883458
190.16,5.25873,40.0463,0,43,50,0,2500,0,0,0,25.1696,12.4375,0,1500,61408141667
124.618,8.02452,40.0463,0,43,50,0,2500,0,0,0,25.1696,12.4375,0,1500,61416167667
269.016,3.71726,40.0463,0,43,50,0,2500,0,0,0,25.1696,12.4375,0,1500,61419885794
119.459,8.3711,40.0463,0,43,50,0,2500,0,0,0,25.1696,12.4375,0,1500,61428257701
120.668,8.2872,40.0463,0,43,50,0,2500,0,0,0,25.1696,12.4375,0,1500,61436545748
133.549,7.48791,40.0463,0,43,50,0,2500,0,0,0,25.1696,12.4375,0,1500,61444034333
126.77,7.88832,40.0463,0,43,50,0,2500,0,0,0,25.1696,12.4375,0,1500,61451923208
132.12,7.56888,40.0463,0,43,50,0,2500,0,0,0,25.1696,12.4375,0,1500,61459492029
123.888,8.07178,40.0463,0,43,50,0,2500,0,0,0,25.1696,12.4375,0,1500,61467564666
99.9943,10.0006,40.0463,0,43,50,0,2500,0,0,0,25.1696,12.4375,0,1500,61477566426
119.228,8.38732,40.0463,0,43,50,0,2500,0,0,0,25.1696,12.4375,0,1500,61485953038
121.47,8.23251,40.0463,0,43,50,0,2500,0,0,0,25.1696,12.4375,0,1500,61494186523
136.611,7.32004,40.0463,0,43,50,0,2500,0,0,0,25.1696,12.4375,0,1500,61501507039
127.919,7.81742,40.0463,0,43,50,0,2500,0,0,0,25.1696,12.4375,0,1500,61509325528
244.277,4.09372,40.0463,0,43,50,0,2500,0,0,0,25.1696,12.4375,0,1500,61513419454
78.9161,12.6717,40.0463,0,43,50,0,2500,0,0,0,25.1696,12.4375,0,1500,61526092371
91.2676,10.9568,40.0463,0,43,50,0,2500,0,0,0,25.1696,12.4375,0,1500,61537049561
153.877,6.4987,40.0463,0,43,50,0,2500,0,0,0,25.1696,12.4375,0,1500,61543548928
206.493,4.84278,40.0463,0,43,50,0,2500,0,0,0,25.1696,12.4375,0,1500,61548393149
85.3821,11.7121,40.0463,0,43,50,0,2500,0,0,0,25.1696,12.4375,0,1500,61560105629
117.713,8.49522,40.0463,0,43,50,0,2500,0,0,0,25.1696,12.4375,0,1500,61568601538
103.656,9.64729,40.0463,0,43,50,0,2500,0,0,0,25.1696,12.4375,0,1500,61578249752
112.887,8.85838,40.0463,0,43,50,0,2500,0,0,0,25.1696,12.4375,0,1500,61587107402
241.284,4.14449,40.0463,0,43,50,0,2500,0,0,0,25.1696,12.4375,0,1500,61591252406
107.857,9.27151,40.0463,0,43,50,0,2500,0,0,0,25.1696,12.4375,0,1500,61600525092
107.268,9.32245,40.0463,0,43,50,0,2500,0,0,0,25.1696,12.4375,0,1500,61609848499
117.589,8.5042,40.0463,0,43,50,0,2500,0,0,0,25.1696,12.4375,0,1500,61618353205
112.413,8.89577,40.0463,0,43,50,0,2500,0,0,0,25.1696,12.4375,0,1500,61627249870
124.486,8.03301,40.0463,0,43,50,0,2500,0,0,0,25.1696,12.4375,0,1500,61635283406
116.191,8.60651,40.0463,0,43,50,0,2500,0,0,0,25.1696,12.4375,0,1500,61643890969
98.1925,10.1841,40.0463,0,43,50,0,2500,0,0,0,25.1696,12.4375,0,1500,61654078727
116.905,8.55394,40.0463,0,43,50,0,2500,0,0,0,25.1696,12.4375,0,1500,61662630062
134.053,7.45975,40.0463,0,43,50,0,2500,0,0,0,25.1696,12.4375,0,1500,61670091194
119.246,8.38606,40.0463,0,43,50,0,2500,0,0,0,25.1696,12.4375,0,1500,61678477876
110.268,9.06883,40.0463,0,43,50,0,2500,0,0,0,25.1696,12.4375,0,1500,61687547589
117.304,8.52487,40.0463,0,43,50,0,2500,0,0,0,25.1696,12.4375,0,1500,61696073456
136.017,7.35203,40.0463,0,43,50,0,2500,0,0,0,25.1696,12.4375,0,1500,61703424289
116.853,8.55773,40.0463,0,43,50,0,2500,0,0,0,25.1696,12.4375,0,1500,61711983082
102.496,9.75651,40.0463,0,43,50,0,2500,0,0,0,25.1696,12.4375,0,1500,61721741040
131.252,7.61895,40.0463,0,43,50,0,2500,0,0,0,25.1696,12.4375,0,1500,61729359915
165.852,6.02946,40.0463,0,43,50,0,2500,0,0,0,25.1696,12.4375,0,1500,61735389673
129.153,7.74278,40.0463,0,43,50,0,2500,0,0,0,25.1696,12.4375,0,1500,61743133114
139.899,7.14803,40.0463,0,43,50,0,2500,0,0,0,25.1696,12.4375,0,1500,61750281811
129.584,7.71703,40.0463,0,43,50,0,2500,0,0,0,25.1696,12.4375,0,1500,61757999263
110.606,9.04108,40.0463,0,43,50,0,2500,0,0,0,25.1696,12.4375,0,1500,61767040941
115.276,8.67483,40.0463,0,43,50,0,2500,0,0,0,25.1696,12.4375,0,1500,61775716535
128.796,7.7642,40.0463,0,43,50,0,2500,0,0,0,25.1696,12.4375,0,1500,61783481219
99.8332,10.0167,40.0463,0,43,50,0,2500,0,0,0,25.1696,12.4375,0,1500,61793498169
123.849,8.07436,40.0463,0,43,50,0,2500,0,0,0,25.1696,12.4375,0,1500,61801572530
161.031,6.20997,40.0463,0,43,50,0,2500,0,0,0,25.1696,12.4375,0,1500,61807782743
113.523,8.80875,40.0463,0,43,50,0,2500,0,0,0,25.1696,12.4375,0,1500,61816592098
110.622,9.03977,40.0463,0,43,50,0,2500,0,0,0,25.1696,12.4375,0,1500,61825632570
126.176,7.92547,40.0463,0,43,50,0,2500,0,0,0,25.1696,12.4375,0,1500,61833558260
114.851,8.70696,40.0463,0,43,50,0,2500,0,0,0,25.1696,12.4375,0,1500,61842265467
108.126,9.24846,40.0463,0,43,50,0,2500,0,0,0,25.1696,12.4375,0,1500,61851514727
115.844,8.63232,40.0463,0,43,50,0,2500,0,0,0,25.1696,12.4375,0,1500,61860147835
128.877,7.75935,40.0463,0,43,50,0,2500,0,0,0,25.1696,12.4375,0,1500,61867907967
115.397,8.66576,40.0463,0,43,50,0,2500,0,0,0,25.1696,12.4375,0,1500,61876574050
145.91,6.85354,40.0463,0,43,50,0,2500,0,0,0,25.1696,12.4375,0,1500,61883427591
102.934,9.71497,40.0463,0,43,50,0,2500,0,0,0,25.1696,12.4375,0,1500,61893144180
123.079,8.12487,40.0463,0,43,50,0,2500,0,0,0,25.1696,12.4375,0,1500,61901274452
128.422,7.78683,42.3645,0,40,50,0,2500,0,0,0,25.1724,12.4374,0,1300,61909057171
129.467,7.72396,42.3645,0,40,50,0,2500,0,0,0,25.1724,12.4374,0,1300,61916781303
102.608,9.74581,42.3645,0,40,50,0,2500,0,0,0,25.1724,12.4374,0,1300,61926527707
118.433,8.44361,42.3645,0,40,50,0,2500,0,0,0,25.1724,12.4374,0,1300,61934971248
313.49,3.1899,42.3645,0,40,50,0,2500,0,0,0,25.1724,12.4374,0,1300,61938161346
83.8992,11.9191,42.3645,0,40,50,0,2500,0,0,0,25.1724,12.4374,0,1300,61950082356
110.875,9.01918,42.3645,0,40,50,0,2500,0,0,0,25.1724,12.4374,0,1300,61959102244
94.4656,10.5859,42.3645,0,40,50,0,2500,0,0,0,25.1724,12.4374,0,1300,61969689072
130.791,7.64578,42.3645,0,40,50,0,2500,0,0,0,25.1724,12.4374,0,1300,61977335732
228.953,4.36772,42.3645,0,40,50,0,2500,0,0,0,25.1724,12.4374,0,1300,61981703154
84.0449,11.8984,42.3645,0,40,50,0,2500,0,0,0,25.1724,12.4374,0,1300,61993602448
130.965,7.6356,42.3645,0,40,50,0,2500,0,0,0,25.1724,12.4374,0,1300,62001239129
102.577,9.74882,42.3645,0,40,50,0,2500,0,0,0,25.1724,12.4374,0,1300,62010988375
128.622,7.77469,42.3645,0,40,50,0,2500,0,0,0,25.1724,12.4374,0,1300,62018763411
118.611,8.43093,42.3645,0,40,50,0,2500,0,0,0,25.1724,12.4374,0,1300,62027195836
128.455,7.78484,42.3645,0,40,50,0,2500,0,0,0,25.1724,12.4374,0,1300,62034980882
105.553,9.47396,42.3645,0,40,50,0,2500,0,0,0,25.1724,12.4374,0,1300,62044455480
227.429,4.39699,42.3645,0,40,50,0,2500,0,0,0,25.1724,12.4374,0,1300,62048852800
83.5784,11.9648,42.3645,0,40,50,0,2500,0,0,0,25.1724,12.4374,0,1300,62060818972
131.2,7.62197,42.3645,0,40,50,0,2500,0,0,0,25.1724,12.4374,0,1300,62068441807
116.236,8.60317,42.3645,0,40,50,0,2500,0,0,0,25.1724,12.4374,0,1300,62077045597
150.202,6.65771,42.3645,0,40,50,0,2500,0,0,0,25.1724,12.4374,0,1300,62083704284
60.4016,16.5559,42.3645,0,40,50,0,2500,0,0,0,25.1724,12.4374,0,1300,62100261226
120.193,8.31997,42.3645,0,40,50,0,2500,0,0,0,25.1724,12.4374,0,1300,62108581868
114.298,8.74909,42.3645,0,40,50,0,2500,0,0,0,25.1724,12.4374,0,1300,62117331402
127.091,7.86837,42.3645,0,40,50,0,2500,0,0,0,25.1724,12.4374,0,1300,62125200559
89.7873,11.1374,42.3645,0,40,50,0,2500,0,0,0,25.1724,12.4374,0,1300,62136338486
118.662,8.42729,42.3645,0,40,50,0,2500,0,0,0,25.1724,12.4374,0,1300,62144765538
160.026,6.24899,42.3645,0,40,50,0,2500,0,0,0,25.1724,12.4374,0,1300,62151015967
132.964,7.52084,42.3645,0,40,50,0,2500,0,0,0,25.1724,12.4374,0,1300,62158536435
135.551,7.3773,42.3645,0,40,50,0,2500,0,0,0,25.1724,12.4374,0,1300,62165913402
52.8599,18.9179,42.3645,0,40,50,0,2500,0,0,0,25.1724,12.4374,0,1300,62184833064
180.192,5.54964,42.3645,0,40,50,0,2500,0,0,0,25.1724,12.4374,0,1300,62190382388
284.381,3.51642,42.3645,0,40,50,0,2500,0,0,0,25.1724,12.4374,0,1300,62193899893
115.111,8.68728,42.3645,0,40,50,0,2500,0,0,0,25.1724,12.4374,0,1300,62202588453
87.9495,11.3702,42.3645,0,40,50,0,2500,0,0,0,25.1724,12.4374,0,1300,62213958894
120.053,8.32967,42.3645,0,40,50,0,2500,0,0,0,25.1724,12.4374,0,1300,62222289195
97.0463,10.3044,42.3645,0,40,50,0,2500,0,0,0,25.1724,12.4374,0,1300,62232594261
110.958,9.01246,42.3645,0,40,50,0,2500,0,0,0,25.1724,12.4374,0,1300,62241607061
118.702,8.42445,42.3645,0,40,50,0,2500,0,0,0,25.1724,12.4374,0,1300,62250031373
138.079,7.24225,42.3645,0,40,50,0,2500,0,0,0,25.1724,12.4374,0,1300,62257274718
131.399,7.61039,42.3645,0,40,50,0,2500,0,0,0,25.1724,12.4374,0,1300,62264886674
128.873,7.7596,42.3645,0,40,50,0,2500,0,0,0,25.1724,12.4374,0,1300,62272645841
225.399,4.43658,42.3645,0,40,50,0,2500,0,0,0,25.1724,12.4374,0,1300,62277082752
579.556,1.72546,42.3645,0,40,50,0,2500,0,0,0,25.1724,12.4374,0,1300,62278808729
262.33,3.81199,42.3645,0,40,50,0,2500,0,0,0,25.1724,12.4374,0,1300,62282621403
165.296,6.04974,42.3645,0,40,50,0,2500,0,0,0,25.1724,12.4374,0,1300,62288671223
99.9553,10.0045,42.3645,0,40,50,0,2500,0,0,0,25.1724,12.4374,0,1300,62298677338
124.047,8.06147,42.3645,0,40,50,0,2500,0,0,0,25.1724,12.4374,0,1300,62306738763
114.575,8.72791,42.3645,0,40,50,0,2500,0,0,0,25.1724,12.4374,0,1300,62315467454
129.584,7.71699,42.3645,0,40,50,0,2500,0,0,0,25.1724,12.4374,0,1300,62323184480
106.696,9.37245,42.3645,0,40,50,0,2500,0,0,0,25.1724,12.4374,0,1300,62332557418
151.005,6.62231,42.3645,0,40,50,0,2500,0,0,0,25.1724,12.4374,0,1300,62339180118
81.1134,12.3284,42.3645,0,40,50,0,2500,0,0,0,25.1724,12.4374,0,1300,62351508447
162.438,6.15618,42.3645,0,40,50,0,2500,0,0,0,25.1724,12.4374,0,1300,62357666293
71.8056,13.9265,42.3645,0,40,50,0,2500,0,0,0,25.1724,12.4374,0,1300,62371595346
102.069,9.79725,42.3645,0,40,50,0,2500,0,0,0,25.1724,12.4374,0,1300,62381390627
138.192,7.2363,42.3645,0,40,50,0,2500,0,0,0,25.1724,12.4374,0,1300,62388628076
403.072,2.48094,42.3645,0,40,50,0,2500,0,0,0,25.1724,12.4374,0,1300,62391108738
117.042,8.54397,42.3645,0,40,50,0,2500,0,0,0,25.1724,12.4374,0,1300,62399653904
111.215,8.99159,42.3645,0,40,50,0,2500,0,0,0,25.1724,12.4374,0,1300,62408649208
96.3238,10.3816,61.7284,0,43,54,0,2500,0,0,0,25.1121,12.4374,0,2866,62419028807
122.796,8.1436,61.7284,0,43,54,0,2500,0,0,0,25.1121,12.4374,0,2866,62427172346
130.388,7.66944,61.7284,0,43,54,0,2500,0,0,0,25.1121,12.4374,0,2866,62434843292
83.4606,11.9817,61.7284,0,43,54,0,2500,0,0,0,25.1121,12.4374,0,2866,62446825666
118.043,8.47147,61.7284,0,43,54,0,2500,0,0,0,25.1121,12.4374,0,2866,62455297580
125.765,7.95131,61.7284,0,43,54,0,2500,0,0,0,25.1121,12.4374,0,2866,62463248413
162.877,6.13962,61.7284,0,43,54,0,2500,0,0,0,25.1121,12.4374,0,2866,62469390152
120.998,8.2646,61.7284,0,43,54,0,2500,0,0,0,25.1121,12.4374,0,2866,62477655413
254.922,3.92277,61.7284,0,43,54,0,2500,0,0,0,25.1121,12.4374,0,2866,62481577956
102.61,9.74564,61.7284,0,43,54,0,2500,0,0,0,25.1121,12.4374,0,2866,62491323728
175.256,5.70592,61.7284,0,43,54,0,2500,0,0,0,25.1121,12.4374,0,2866,62497029442
115.124,8.68628,61.7284,0,43,54,0,2500,0,0,0,25.1121,12.4374,0,2866,62505716818
103.365,9.67448,61.7284,0,43,54,0,2500,0,0,0,25.1121,12.4374,0,2866,62515391712
133.956,7.46515,61.7284,0,43,54,0,2500,0,0,0,25.1121,12.4374,0,2866,62522857506
95.5731,10.4632,61.7284,0,43,54,0,2500,0,0,0,25.1121,12.4374,0,2866,62533321183
126.126,7.92859,61.7284,0,43,54,0,2500,0,0,0,25.1121,12.4374,0,2866,62541250252
118.91,8.40972,61.7284,0,43,54,0,2500,0,0,0,25.1121,12.4374,0,2866,62549660631
121.071,8.25965,61.7284,0,43,54,0,2500,0,0,0,25.1121,12.4374,0,2866,62557920252
95.7167,10.4475,61.7284,0,43,54,0,2500,0,0,0,25.1121,12.4374,0,2866,62568368852
175.691,5.6918,61.7284,0,43,54,0,2500,0,0,0,25.1121,12.4374,0,2866,62574060824
94.736,10.5557,61.7284,0,43,54,0,2500,0,0,0,25.1121,12.4374,0,2866,62584617730
219.122,4.56367,61.7284,0,43,54,0,2500,0,0,0,25.1121,12.4374,0,2866,62589181554
71.1475,14.0553,61.7284,0,43,54,0,2500,0,0,0,25.1121,12.4374,0,2866,62603238246
112.785,8.86646,61.7284,0,43,54,0,2500,0,0,0,25.1121,12.4374,0,2866,62612104487
65.2453,15.3268,61.7284,0,43,54,0,2500,0,0,0,25.1121,12.4374,0,2866,62627431389
134.938,7.4108,61.7284,0,43,54,0,2500,0,0,0,25.1121,12.4374,0,2866,62634843405
111.035,9.00618,61.7284,0,43,54,0,2500,0,0,0,25.1121,12.4374,0,2866,62643850109
94.1871,10.6172,61.7284,0,43,54,0,2500,0,0,0,25.1121,12.4374,0,2866,62654466970
182.472,5.48031,61.7284,0,43,54,0,2500,0,0,0,25.1121,12.4374,0,2866,62659947759
517.085,1.93392,61.7284,0,43,54,0,2500,0,0,0,25.1121,12.4374,0,2866,62661882176
21.972,45.5125,61.7284,0,43,54,0,2500,0,0,0,25.1121,12.4374,0,2866,62707394916
157.44,6.35163,61.7284,0,43,54,0,2500,0,0,0,25.1121,12.4374,0,2866,62713746745
297.969,3.35605,61.7284,0,43,54,0,2500,0,0,0,25.1121,12.4374,0,2866,62717103173
155.647,6.42481,61.7284,0,43,54,0,2500,0,0,0,25.1121,12.4374,0,2866,62723528229
135.232,7.39471,61.7284,0,43,54,0,2500,0,0,0,25.1121,12.4374,0,2866,62730922865
139.17,7.18547,61.7284,0,43,54,0,2500,0,0,0,25.1121,12.4374,0,2866,62738108373
192.366,5.19843,61.7284,0,43,54,0,2500,0,0,0,25.1121,12.4374,0,2866,62743307211
88.4678,11.3035,61.7284,0,43,54,0,2500,0,0,0,25.1121,12.4374,0,2866,62754612598
89.8387,11.1311,61.7284,0,43,54,0,2500,0,0,0,25.1121,12.4374,0,2866,62765743997
127.357,7.85192,61.7284,0,43,54,0,2500,0,0,0,25.1121,12.4374,0,2866,62773595784
156.023,6.40932,61.7284,0,43,54,0,2500,0,0,0,25.1121,12.4374,0,2866,62780006303
128.745,7.76728,61.7284,0,43,54,0,2500,0,0,0,25.1121,12.4374,0,2866,62787773426
100.087,9.99133,61.7284,0,43,54,0,2500,0,0,0,25.1121,12.4374,0,2866,62797765436
256.272,3.9021,61.7284,0,43,54,0,2500,0,0,0,25.1121,12.4374,0,2866,62801668032
119.644,8.35814,61.7284,0,43,54,0,2500,0,0,0,25.1121,12.4374,0,2866,62810026428
87.2432,11.4622,61.7284,0,43,54,0,2500,0,0,0,25.1121,12.4374,0,2866,62821488605
141.208,7.08174,61.7284,0,43,54,0,2500,0,0,0,25.1121,12.4374,0,2866,62828571357
123.952,8.06765,61.7284,0,43,54,0,2500,0,0,0,25.1121,12.4374,0,2866,62836639765
122.708,8.14945,61.7284,0,43,54,0,2500,0,0,0,25.1121,12.4374,0,2866,62844788639
134.83,7.41674,61.7284,0,43,54,0,2500,0,0,0,25.1121,12.4374,0,2866,62852206003
112.59,8.88176,61.7284,0,43,54,0,2500,0,0,0,25.1121,12.4374,0,2866,62861088217
126.013,7.93569,61.7284,0,43,54,0,2500,0,0,0,25.1121,12.4374,0,2866,62869025004
107.524,9.30028,61.7284,0,43,54,0,2500,0,0,0,25.1121,12.4374,0,2866,62878325903
125.553,7.96479,61.7284,0,43,54,0,2500,0,0,0,25.1121,12.4374,0,2866,62886291160
120.588,8.29271,61.7284,0,43,54,0,2500,0,0,0,25.1121,12.4374,0,2866,62894584358
119.74,8.35141,61.7284,0,43,54,0,2500,0,0,0,25.1121,12.4374,0,2866,62902935523
121.818,8.20895,61.7284,0,43,54,0,2500,0,0,0,25.1121,12.4374,0,2866,62911151769
119.188,8.39014,69.6517,0,44,54,0,2500,0,0,0,25.1913,12.4146,0,3500,62919536318
97.7425,10.231,69.6517,0,44,54,0,2500,0,0,0,25.1913,12.4146,0,3500,62929768415
109.057,9.16948,69.6517,0,44,54,0,2500,0,0,0,25.1913,12.4146,0,3500,62938937946
194.998,5.12824,69.6517,0,44,54,0,2500,0,0,0,25.1913,12.4146,0,3500,62944066241
134.767,7.42022,69.6517,0,44,54,0,2500,0,0,0,25.1913,12.4146,0,3500,62951487298
115.698,8.64321,69.6517,0,44,54,0,2500,0,0,0,25.1913,12.4146,0,3500,62960130981
110.468,9.05239,69.6517,0,44,54,0,2500,0,0,0,25.1913,12.4146,0,3500,62969185176
119.145,8.39316,69.6517,0,44,54,0,2500,0,0,0,25.1913,12.4146,0,3500,62977577488
118.808,8.41697,69.6517,0,44,54,0,2500,0,0,0,25.1913,12.4146,0,3500,62985994796
121.435,8.23483,69.6517,0,44,54,0,2500,0,0,0,25.1913,12.4146,0,3500,62994230349
119.786,8.3482,69.6517,0,44,54,0,2500,0,0,0,25.1913,12.4146,0,3500,63002578817
116.077,8.61497,69.6517,0,44,54,0,2500,0,0,0,25.1913,12.4146,0,3500,63011194165
124.8,8.01285,69.6517,0,44,54,0,2500,0,0,0,25.1913,12.4146,0,3500,63019207740
121.508,8.22988,69.6517,0,44,54,0,2500,0,0,0,25.1913,12.4146,0,3500,63027437534
125.064,7.99589,69.6517,0,44,54,0,2500,0,0,0,25.1913,12.4146,0,3500,63035434218
122.053,8.19313,69.6517,0,44,54,0,2500,0,0,0,25.1913,12.4146,0,3500,63043627504
119.104,8.39605,69.6517,0,44,54,0,2500,0,0,0,25.1913,12.4146,0,3500,63052024022
135.343,7.38864,69.6517,0,44,54,0,2500,0,0,0,25.1913,12.4146,0,3500,63059412958
125.886,7.94369,69.6517,0,44,54,0,2500,0,0,0,25.1913,12.4146,0,3500,63067357073
114.371,8.74349,69.6517,0,44,54,0,2500,0,0,0,25.1913,12.4146,0,3500,63076100599
128.735,7.76787,69.6517,0,44,54,0,2500,0,0,0,25.1913,12.4146,0,3500,63083868304
118.167,8.46262,69.6517,0,44,54,0,2500,0,0,0,25.1913,12.4146,0,3500,63092330658
100.368,9.96336,69.6517,0,44,54,0,2500,0,0,0,25.1913,12.4146,0,3500,63102294233
125.462,7.97056,69.6517,0,44,54,0,2500,0,0,0,25.1913,12.4146,0,3500,63110264939
140.96,7.09421,69.6517,0,44,54,0,2500,0,0,0,25.1913,12.4146,0,3500,63117359462
126.365,7.91357,69.6517,0,44,54,0,2500,0,0,0,25.1913,12.4146,0,3500,63125273125
99.1145,10.0893,69.6517,0,44,54,0,2500,0,0,0,25.1913,12.4146,0,3500,63135363932
125.84,7.94661,69.6517,0,44,54,0,2500,0,0,0,25.1913,12.4146,0,3500,63143309744
123.311,8.10961,69.6517,0,44,54,0,2500,0,0,0,25.1913,12.4146,0,3500,63151419317
149.544,6.687,69.6517,0,44,54,0,2500,0,0,0,25.1913,12.4146,0,3500,63158106808
98.7615,10.1254,69.6517,0,44,54,0,2500,0,0,0,25.1913,12.4146,0,3500,63168232207
114.093,8.76476,69.6517,0,44,54,0,2500,0,0,0,25.1913,12.4146,0,3500,63176997880
135.525,7.37873,69.6517,0,44,54,0,2500,0,0,0,25.1913,12.4146,0,3500,63184376277
125.512,7.96735,69.6517,0,44,54,0,2500,0,0,0,25.1913,12.4146,0,3500,63192343795
102.981,9.71057,69.6517,0,44,54,0,2500,0,0,0,25.1913,12.4146,0,3500,63202054535
120.586,8.29283,69.6517,0,44,54,0,2500,0,0,0,25.1913,12.4146,0,3500,63210347535
121.198,8.25094,69.6517,0,44,54,0,2500,0,0,0,25.1913,12.4146,0,3500,63218598431
123.45,8.10043,69.6517,0,44,54,0,2500,0,0,0,25.1913,12.4146,0,3500,63226699396
119.368,8.37742,69.6517,0,44,54,0,2500,0,0,0,25.1913,12.4146,0,3500,63235077134
120.137,8.3238,69.6517,0,44,54,0,2500,0,0,0,25.1913,12.4146,0,3500,63243400778
121.8,8.21018,69.6517,0,44,54,0,2500,0,0,0,25.1913,12.4146,0,3500,63251610970
120.292,8.31312,69.6517,0,44,54,0,2500,0,0,0,25.1913,12.4146,0,3500,63259924337
116.758,8.5647,69.6517,0,44,54,0,2500,0,0,0,25.1913,12.4146,0,3500,63268489268
121.656,8.21992,69.6517,0,44,54,0,2500,0,0,0,25.1913,12.4146,0,3500,63276709702
121.065,8.26003,69.6517,0,44,54,0,2500,0,0,0,25.1913,12.4146,0,3500,63284969470
114.522,8.73195,69.6517,0,44,54,0,2500,0,0,0,25.1913,12.4146,0,3500,63293703173
111.254,8.98843,69.6517,0,44,54,0,2500,0,0,0,25.1913,12.4146,0,3500,63302692600
125.489,7.9688,69.6517,0,44,54,0,2500,0,0,0,25.1913,12.4146,0,3500,63310661768
130.146,7.68369,69.6517,0,44,54,0,2500,0,0,0,25.1913,12.4146,0,3500,63318345562
111.621,8.95891,69.6517,0,44,54,0,2500,0,0,0,25.1913,12.4146,0,3500,63327304569
122.285,8.17762,69.6517,0,44,54,0,2500,0,0,0,25.1913,12.4146,0,3500,63335483113
122.722,8.14847,69.6517,0,44,54,0,2500,0,0,0,25.1913,12.4146,0,3500,63343631784
117.279,8.5267,69.6517,0,44,54,0,2500,0,0,0,25.1913,12.4146,0,3500,63352158634
110.995,9.00941,69.6517,0,44,54,0,2500,0,0,0,25.1913,12.4146,0,3500,63361168202
121.296,8.24428,69.6517,0,44,54,0,2500,0,0,0,25.1913,12.4146,0,3500,63369414032
145.301,6.88228,69.6517,0,44,54,0,2500,0,0,0,25.1913,12.4146,0,3500,63376295025
127.149,7.86482,69.6517,0,44,54,0,2500,0,0,0,25.1913,12.4146,0,3500,63384160255
121.25,8.24742,69.6517,0,44,54,0,2500,0,0,0,25.1913,12.4146,0,3500,63392407783
101.821,9.82111,69.6517,0,44,54,0,2500,0,0,0,25.1913,12.4146,0,3500,63402229647
121.01,8.26377,69.6517,0,44,54,0,2500,0,0,0,25.1913,12.4146,0,3500,63410493119
107.262,9.32293,69.6517,0,44,54,0,2500,0,0,0,25.1913,12.4146,0,3500,63419821667
119.956,8.3364,30.9582,0,41,55,0,2500,0,0,0,24.9643,12.6647,0,3460,63428153063
161.183,6.20415,30.9582,0,41,55,0,2500,0,0,0,24.9643,12.6647,0,3460,63434357104
110.007,9.09029,30.9582,0,41,55,0,2500,0,0,0,24.9643,12.6647,0,3460,63443447333
129.799,7.7042,30.9582,0,41,55,0,2500,0,0,0,24.9643,12.6647,0,3460,63451151800
114.034,8.76928,30.9582,0,41,55,0,2500,0,0,0,24.9643,12.6647,0,3460,63459921515
120.283,8.31372,30.9582,0,41,55,0,2500,0,0,0,24.9643,12.6647,0,3460,63468235539
113.483,8.81192,30.9582,0,41,55,0,2500,0,0,0,24.9643,12.6647,0,3460,63477047967
124.814,8.01193,30.9582,0,41,55,0,2500,0,0,0,24.9643,12.6647,0,3460,63485060215
125.864,7.94507,30.9582,0,41,55,0,2500,0,0,0,24.9643,12.6647,0,3460,63493005178
121.314,8.24309,30.9582,0,41,55,0,2500,0,0,0,24.9643,12.6647,0,3460,63501248483
118.671,8.42666,30.9582,0,41,55,0,2500,0,0,0,24.9643,12.6647,0,3460,63509675212
133.24,7.50528,30.9582,0,41,55,0,2500,0,0,0,24.9643,12.6647,0,3460,63517180651
103.743,9.63919,30.9582,0,41,55,0,2500,0,0,0,24.9643,12.6647,0,3460,63526819898
144.116,6.93887,30.9582,0,41,55,0,2500,0,0,0,24.9643,12.6647,0,3460,63533759027
108.512,9.21558,30.9582,0,41,55,0,2500,0,0,0,24.9643,12.6647,0,3460,63542974971
134.408,7.44005,30.9582,0,41,55,0,2500,0,0,0,24.9643,12.6647,0,3460,63550414978
117.675,8.49798,30.9582,0,41,55,0,2500,0,0,0,24.9643,12.6647,0,3460,63558913050
123.457,8.10001,30.9582,0,41,55,0,2500,0,0,0,24.9643,12.6647,0,3460,63567014329
95.2535,10.4983,30.9582,0,41,55,0,2500,0,0,0,24.9643,12.6647,0,3460,63577512132
128.971,7.75366,30.9582,0,41,55,0,2500,0,0,0,24.9643,12.6647,0,3460,63585266242
142.455,7.01974,30.9582,0,41,55,0,2500,0,0,0,24.9643,12.6647,0,3460,63592285664
124.989,8.00068,30.9582,0,41,55,0,2500,0,0,0,24.9643,12.6647,0,3460,63600286424
118.745,8.42142,30.9582,0,41,55,0,2500,0,0,0,24.9643,12.6647,0,3460,63608708155
106.433,9.39558,30.9582,0,41,55,0,2500,0,0,0,24.9643,12.6647,0,3460,63618104441
131.353,7.61306,30.9582,0,41,55,0,2500,0,0,0,24.9643,12.6647,0,3460,63625717496
106.526,9.38738,30.9582,0,41,55,0,2500,0,0,0,24.9643,12.6647,0,3460,63635118897
122.563,8.15909,30.9582,0,41,55,0,2500,0,0,0,24.9643,12.6647,0,3460,63643264576
122.137,8.18752,30.9582,0,41,55,0,2500,0,0,0,24.9643,12.6647,0,3460,63651452109
113.275,8.82803,30.9582,0,41,55,0,2500,0,0,0,24.9643,12.6647,0,3460,63660280122
122.95,8.13341,30.9582,0,41,55,0,2500,0,0,0,24.9643,12.6647,0,3460,63668413555
127.567,7.83903,30.9582,0,41,55,0,2500,0,0,0,24.9643,12.6647,0,3460,63676253255
121.809,8.20959,30.9582,0,41,55,0,2500,0,0,0,24.9643,12.6647,0,3460,63684463096
133.817,7.47292,30.9582,0,41,55,0,2500,0,0,0,24.9643,12.6647,0,3460,63691935993
104.262,9.59126,30.9582,0,41,55,0,2500,0,0,0,24.9643,12.6647,0,3460,63701527549
121.569,8.22578,30.9582,0,41,55,0,2500,0,0,0,24.9643,12.6647,0,3460,63709753391
121.269,8.24616,30.9582,0,41,55,0,2500,0,0,0,24.9643,12.6647,0,3460,63717999502
119.686,8.35521,30.9582,0,41,55,0,2500,0,0,0,24.9643,12.6647,0,3460,63726354926
110.617,9.04023,30.9582,0,41,55,0,2500,0,0,0,24.9643,12.6647,0,3460,63735395785
144.204,6.93461,30.9582,0,41,55,0,2500,0,0,0,24.9643,12.6647,0,3460,63742331027
106.039,9.43046,30.9582,0,41,55,0,2500,0,0,0,24.9643,12.6647,0,3460,63751761206
128.519,7.78096,30.9582,0,41,55,0,2500,0,0,0,24.9643,12.6647,0,3460,63759542378
119.097,8.39652,30.9582,0,41,55,0,2500,0,0,0,24.9643,12.6647,0,3460,63767939148
132.617,7.5405,30.9582,0,41,55,0,2500,0,0,0,24.9643,12.6647,0,3460,63775479556
112.441,8.89353,30.9582,0,41,55,0,2500,0,0,0,24.9643,12.6647,0,3460,63784375417
124.705,8.01889,30.9582,0,41,55,0,2500,0,0,0,24.9643,12.6647,0,3460,63792395217
107.477,9.3043,30.9582,0,41,55,0,2500,0,0,0,24.9643,12.6647,0,3460,63801698805
142.527,7.01623,30.9582,0,41,55,0,2500,0,0,0,24.9643,12.6647,0,3460,63808715610
104.669,9.55389,30.9582,0,41,55,0,2500,0,0,0,24.9643,12.6647,0,3460,63818269986
123.425,8.10208,30.9582,0,41,55,0,2500,0,0,0,24.9643,12.6647,0,3460,63826372271
144.16,6.93674,30.9582,0,41,55,0,2500,0,0,0,24.9643,12.6647,0,3460,63833309499
101.305,9.87119,30.9582,0,41,55,0,2500,0,0,0,24.9643,12.6647,0,3460,63843181894
120.189,8.32021,30.9582,0,41,55,0,2500,0,0,0,24.9643,12.6647,0,3460,63851502055
118.574,8.43357,30.9582,0,41,55,0,2500,0,0,0,24.9643,12.6647,0,3460,63859936018
116.83,8.55942,30.9582,0,41,55,0,2500,0,0,0,24.9643,12.6647,0,3460,63868495574
104.321,9.58583,30.9582,0,41,55,0,2500,0,0,0,24.9643,12.6647,0,3460,63878083089
100.924,9.90844,30.9582,0,41,55,0,2500,0,0,0,24.9643,12.6647,0,3460,63887992269
123.848,8.07441,30.9582,0,41,55,0,2500,0,0,0,24.9643,12.6647,0,3460,63896065672
125.537,7.96581,30.9582,0,41,55,0,2500,0,0,0,24.9643,12.6647,0,3460,63904031975
124.255,8.04796,30.9582,0,41,55,0,2500,0,0,0,24.9643,12.6647,0,3460,63912079797
119.237,8.38666,30.9582,0,41,55,0,2500,0,0,0,24.9643,12.6647,0,3460,63920469619
117.4,8.51789,26.3682,0,42,55,0,2500,0,0,0,24.9273,12.8112,0,1671,63928985080
124.143,8.05521,26.3682,0,42,55,0,2500,0,0,0,24.9273,12.8112,0,1671,63937040532
118.489,8.43963,26.3682,0,42,55,0,2500,0,0,0,24.9273,12.8112,0,1671,63945480326
126.798,7.88653,26.3682,0,42,55,0,2500,0,0,0,24.9273,12.8112,0,1671,63953366777
127.334,7.85338,26.3682,0,42,55,0,2500,0,0,0,24.9273,12.8112,0,1671,63961220210
121.305,8.24368,26.3682,0,42,55,0,2500,0,0,0,24.9273,12.8112,0,1671,63969463888
119.265,8.38467,26.3682,0,42,55,0,2500,0,0,0,24.9273,12.8112,0,1671,63977849150
117.331,8.52291,26.3682,0,42,55,0,2500,0,0,0,24.9273,12.8112,0,1671,63986372542
132.603,7.54129,26.3682,0,42,55,0,2500,0,0,0,24.9273,12.8112,0,1671,63993914171
102.048,9.79928,26.3682,0,42,55,0,2500,0,0,0,24.9273,12.8112,0,1671,64003713882
120.533,8.29649,26.3682,0,42,55,0,2500,0,0,0,24.9273,12.8112,0,1671,64012009953
129.732,7.70821,26.3682,0,42,55,0,2500,0,0,0,24.9273,12.8112,0,1671,64019718517
135.753,7.36634,26.3682,0,42,55,0,2500,0,0,0,24.9273,12.8112,0,1671,64027086064
113.129,8.83945,26.3682,0,42,55,0,2500,0,0,0,24.9273,12.8112,0,1671,64035925774
102.399,9.76576,26.3682,0,42,55,0,2500,0,0,0,24.9273,12.8112,0,1671,64045692095
129.81,7.70355,26.3682,0,42,55,0,2500,0,0,0,24.9273,12.8112,0,1671,64053397119
98.285,10.1745,26.3682,0,42,55,0,2500,0,0,0,24.9273,12.8112,0,1671,64063572090
142.936,6.99616,26.3682,0,42,55,0,2500,0,0,0,24.9273,12.8112,0,1671,64070569017
126.268,7.91968,26.3682,0,42,55,0,2500,0,0,0,24.9273,12.8112,0,1671,64078488911
110.651,9.03742,26.3682,0,42,55,0,2500,0,0,0,24.9273,12.8112,0,1671,64087526750
122.152,8.18655,26.3682,0,42,55,0,2500,0,0,0,24.9273,12.8112,0,1671,64095713721
117.258,8.52818,26.3682,0,42,55,0,2500,0,0,0,24.9273,12.8112,0,1671,64104241923
120.139,8.32369,26.3682,0,42,55,0,2500,0,0,0,24.9273,12.8112,0,1671,64112566091
124.6,8.02565,26.3682,0,42,55,0,2500,0,0,0,24.9273,12.8112,0,1671,64120592667
111.226,8.99074,26.3682,0,42,55,0,2500,0,0,0,24.9273,12.8112,0,1671,64129584564
125.213,7.98637,26.3682,0,42,55,0,2500,0,0,0,24.9273,12.8112,0,1671,64137570827
121.26,8.24677,26.3682,0,42,55,0,2500,0,0,0,24.9273,12.8112,0,1671,64145818522
106.069,9.42782,26.3682,0,42,55,0,2500,0,0,0,24.9273,12.8112,0,1671,64155247662
114.679,8.71997,26.3682,0,42,55,0,2500,0,0,0,24.9273,12.8112,0,1671,64163967793
120.371,8.30764,26.3682,0,42,55,0,2500,0,0,0,24.9273,12.8112,0,1671,64172276329
138.38,7.22647,26.3682,0,42,55,0,2500,0,0,0,24.9273,12.8112,0,1671,64179503300
132.763,7.53222,26.3682,0,42,55,0,2500,0,0,0,24.9273,12.8112,0,1671,64187036041
117.048,8.54352,26.3682,0,42,55,0,2500,0,0,0,24.9273,12.8112,0,1671,64195580047
124.427,8.03682,26.3682,0,42,55,0,2500,0,0,0,24.9273,12.8112,0,1671,64203618024
126.645,7.89608,26.3682,0,42,55,0,2500,0,0,0,24.9273,12.8112,0,1671,64211514122
116.866,8.55682,26.3682,0,42,55,0,2500,0,0,0,24.9273,12.8112,0,1671,64220070887
147.732,6.769,26.3682,0,42,55,0,2500,0,0,0,24.9273,12.8112,0,1671,64226841570
100.019,9.99808,26.3682,0,42,55,0,2500,0,0,0,24.9273,12.8112,0,1671,64236838942
191.312,5.22705,26.3682,0,42,55,0,2500,0,0,0,24.9273,12.8112,0,1671,64242065609
119.154,8.39253,26.3682,0,42,55,0,2500,0,0,0,24.9273,12.8112,0,1671,64250458127
122.604,8.15633,26.3682,0,42,55,0,2500,0,0,0,24.9273,12.8112,0,1671,64258615068
120.268,8.31476,26.3682,0,42,55,0,2500,0,0,0,24.9273,12.8112,0,1671,64266929527
118.728,8.42264,26.3682,0,42,55,0,2500,0,0,0,24.9273,12.8112,0,1671,64275352621
118.543,8.43574,26.3682,0,42,55,0,2500,0,0,0,24.9273,12.8112,0,1671,64283788469
98.5477,10.1474,26.3682,0,42,55,0,2500,0,0,0,24.9273,12.8112,0,1671,64293935486
126.334,7.91555,26.3682,0,42,55,0,2500,0,0,0,24.9273,12.8112,0,1671,64301851493
123.812,8.07675,26.3682,0,42,55,0,2500,0,0,0,24.9273,12.8112,0,1671,64309929088
123.012,8.12928,26.3682,0,42,55,0,2500,0,0,0,24.9273,12.8112,0,1671,64318057919
102.139,9.79056,26.3682,0,42,55,0,2500,0,0,0,24.9273,12.8112,0,1671,64327849014
114.889,8.70408,26.3682,0,42,55,0,2500,0,0,0,24.9273,12.8112,0,1671,64336556829
118.265,8.45556,26.3682,0,42,55,0,2500,0,0,0,24.9273,12.8112,0,1671,64345011017
118.914,8.40945,26.3682,0,42,55,0,2500,0,0,0,24.9273,12.8112,0,1671,64353421486
107.485,9.30361,26.3682,0,42,55,0,2500,0,0,0,24.9273,12.8112,0,1671,64362725482
117.02,8.54558,26.3682,0,42,55,0,2500,0,0,0,24.9273,12.8112,0,1671,64371271772
125.151,7.99034,26.3682,0,42,55,0,2500,0,0,0,24.9273,12.8112,0,1671,64379262871
122.92,8.13538,26.3682,0,42,55,0,2500,0,0,0,24.9273,12.8112,0,1671,64387398656
134.242,7.44924,26.3682,0,42,55,0,2500,0,0,0,24.9273,12.8112,0,1671,64394848646
186.75,5.35475,26.3682,0,42,55,0,2500,0,0,0,24.9273,12.8112,0,1671,64400204128
81.5485,12.2626,26.3682,0,42,55,0,2500,0,0,0,24.9273,12.8112,0,1671,64412467113
119.79,8.34793,26.3682,0,42,55,0,2500,0,0,0,24.9273,12.8112,0,1671,64420821260
115.36,8.66853,29.8765,0,42,54,0,2500,0,0,0,25.0074,12.8112,0,1500,64429484834
122.287,8.17749,29.8765,0,42,54,0,2500,0,0,0,25.0074,12.8112,0,1500,64437663219
126.834,7.88434,29.8765,0,42,54,0,2500,0,0,0,25.0074,12.8112,0,1500,64445548291
121.002,8.2643,29.8765,0,42,54,0,2500,0,0,0,25.0074,12.8112,0,1500,64453813504
122.565,8.15893,29.8765,0,42,54,0,2500,0,0,0,25.0074,12.8112,0,1500,64461972829
112.463,8.8918,29.8765,0,42,54,0,2500,0,0,0,25.0074,12.8112,0,1500,64470864995
119.458,8.37117,29.8765,0,42,54,0,2500,0,0,0,25.0074,12.8112,0,1500,64479235471
131.628,7.59716,29.8765,0,42,54,0,2500,0,0,0,25.0074,12.8112,0,1500,64486832468
155.76,6.42014,29.8765,0,42,54,0,2500,0,0,0,25.0074,12.8112,0,1500,64493252663
122.484,8.16435,29.8765,0,42,54,0,2500,0,0,0,25.0074,12.8112,0,1500,64501418307
115.938,8.62529,29.8765,0,42,54,0,2500,0,0,0,25.0074,12.8112,0,1500,64510042907
119.4,8.37524,29.8765,0,42,54,0,2500,0,0,0,25.0074,12.8112,0,1500,64518418378
102.331,9.77219,29.8765,0,42,54,0,2500,0,0,0,25.0074,12.8112,0,1500,64528190941
126.921,7.87889,29.8765,0,42,54,0,2500,0,0,0,25.0074,12.8112,0,1500,64536070898
105.352,9.49196,29.8765,0,42,54,0,2500,0,0,0,25.0074,12.8112,0,1500,64545562936
120.728,8.28307,29.8765,0,42,54,0,2500,0,0,0,25.0074,12.8112,0,1500,64553846085
130.533,7.66088,29.8765,0,42,54,0,2500,0,0,0,25.0074,12.8112,0,1500,64561506882
145.273,6.88358,29.8765,0,42,54,0,2500,0,0,0,25.0074,12.8112,0,1500,64568390301
119.347,8.37896,29.8765,0,42,54,0,2500,0,0,0,25.0074,12.8112,0,1500,64576769630
116.44,8.58814,29.8765,0,42,54,0,2500,0,0,0,25.0074,12.8112,0,1500,64585358162
122.575,8.15829,29.8765,0,42,54,0,2500,0,0,0,25.0074,12.8112,0,1500,64593516201
111.834,8.94182,29.8765,0,42,54,0,2500,0,0,0,25.0074,12.8112,0,1500,64602458560
114.641,8.72286,29.8765,0,42,54,0,2500,0,0,0,25.0074,12.8112,0,1500,64611181479
130.963,7.63573,29.8765,0,42,54,0,2500,0,0,0,25.0074,12.8112,0,1500,64618817836
120.019,8.33203,29.8765,0,42,54,0,2500,0,0,0,25.0074,12.8112,0,1500,64627150966
89.6025,11.1604,29.8765,0,42,54,0,2500,0,0,0,25.0074,12.8112,0,1500,64638314095
117.807,8.48846,29.8765,0,42,54,0,2500,0,0,0,25.0074,12.8112,0,1500,64646802087
129.829,7.70243,29.8765,0,42,54,0,2500,0,0,0,25.0074,12.8112,0,1500,64654505236
122.105,8.18968,29.8765,0,42,54,0,2500,0,0,0,25.0074,12.8112,0,1500,64662695525
137.514,7.27199,29.8765,0,42,54,0,2500,0,0,0,25.0074,12.8112,0,1500,64669968127
106.764,9.36644,29.8765,0,42,54,0,2500,0,0,0,25.0074,12.8112,0,1500,64679334290
139.711,7.15763,29.8765,0,42,54,0,2500,0,0,0,25.0074,12.8112,0,1500,64686491723
164.174,6.09108,29.8765,0,42,54,0,2500,0,0,0,25.0074,12.8112,0,1500,64692582693
127.444,7.84659,29.8765,0,42,54,0,2500,0,0,0,25.0074,12.8112,0,1500,64700429511
116.451,8.5873,29.8765,0,42,54,0,2500,0,0,0,25.0074,12.8112,0,1500,64709016894
108.367,9.22786,29.8765,0,42,54,0,2500,0,0,0,25.0074,12.8112,0,1500,64718245749
116.738,8.56621,29.8765,0,42,54,0,2500,0,0,0,25.0074,12.8112,0,1500,64726811459
105.085,9.51612,29.8765,0,42,54,0,2500,0,0,0,25.0074,12.8112,0,1500,64736327637
165.557,6.04022,29.8765,0,42,54,0,2500,0,0,0,25.0074,12.8112,0,1500,64742367941
126.742,7.89002,29.8765,0,42,54,0,2500,0,0,0,25.0074,12.8112,0,1500,64750258395
120.156,8.32248,29.8765,0,42,54,0,2500,0,0,0,25.0074,12.8112,0,1500,64758580925
122.788,8.14413,29.8765,0,42,54,0,2500,0,0,0,25.0074,12.8112,0,1500,64766724804
95.39,10.4833,29.8765,0,42,54,0,2500,0,0,0,25.0074,12.8112,0,1500,64777208216
128.207,7.79987,29.8765,0,42,54,0,2500,0,0,0,25.0074,12.8112,0,1500,64785008913
117.103,8.53948,29.8765,0,42,54,0,2500,0,0,0,25.0074,12.8112,0,1500,64793548210
141.669,7.05872,29.8765,0,42,54,0,2500,0,0,0,25.0074,12.8112,0,1500,64800607234
121.485,8.23144,29.8765,0,42,54,0,2500,0,0,0,25.0074,12.8112,0,1500,64808838619
106.131,9.42235,29.8765,0,42,54,0,2500,0,0,0,25.0074,12.8112,0,1500,64818261467
122.007,8.19622,29.8765,0,42,54,0,2500,0,0,0,25.0074,12.8112,0,1500,64826457523
116.881,8.55572,29.8765,0,42,54,0,2500,0,0,0,25.0074,12.8112,0,1500,64835013492
140.602,7.11229,29.8765,0,42,54,0,2500,0,0,0,25.0074,12.8112,0,1500,64842126184
102.995,9.70924,29.8765,0,42,54,0,2500,0,0,0,25.0074,12.8112,0,1500,64851836222
110.395,9.05838,29.8765,0,42,54,0,2500,0,0,0,25.0074,12.8112,0,1500,64860894852
129.97,7.6941,29.8765,0,42,54,0,2500,0,0,0,25.0074,12.8112,0,1500,64868588415
127.689,7.83153,29.8765,0,42,54,0,2500,0,0,0,25.0074,12.8112,0,1500,64876419981
116.846,8.55831,29.8765,0,42,54,0,2500,0,0,0,25.0074,12.8112,0,1500,64884978743
116.693,8.56949,29.8765,0,42,54,0,2500,0,0,0,25.0074,12.8112,0,1500,64893548654
125.064,7.99592,29.8765,0,42,54,0,2500,0,0,0,25.0074,12.8112,0,1500,64901544407
120.635,8.28944,29.8765,0,42,54,0,2500,0,0,0,25.0074,12.8112,0,1500,64909834387
115.156,8.68387,29.8765,0,42,54,0,2500,0,0,0,25.0074,12.8112,0,1500,64918518973
128.965,7.75401,29.8765,0,42,54,0,2500,0,0,0,25.0074,12.8112,0,1500,64926274599
104.686,9.55235,30.4455,0,42,54,0,2500,0,0,0,25.0066,12.811,0,3506,64935825270
132.576,7.54282,30.4455,0,42,54,0,2500,0,0,0,25.0066,12.811,0,3506,64943368835
96.7863,10.332,30.4455,0,42,54,0,2500,0,0,0,25.0066,12.811,0,3506,64953700971
127.133,7.86575,30.4455,0,42,54,0,2500,0,0,0,25.0066,12.811,0,3506,64961568497
129.939,7.6959,30.4455,0,42,54,0,2500,0,0,0,25.0066,12.811,0,3506,64969265203
187.863,5.32302,30.4455,0,42,54,0,2500,0,0,0,25.0066,12.811,0,3506,64974588433
82.1116,12.1785,30.4455,0,42,54,0,2500,0,0,0,25.0066,12.811,0,3506,64986767420
171.229,5.84014,30.4455,0,42,54,0,2500,0,0,0,25.0066,12.811,0,3506,64992607153
91.3003,10.9529,30.4455,0,42,54,0,2500,0,0,0,25.0066,12.811,0,3506,65003561189
180.873,5.52874,30.4455,0,42,54,0,2500,0,0,0,25.0066,12.811,0,3506,65009090046
88.9892,11.2373,30.4455,0,42,54,0,2500,0,0,0,25.0066,12.811,0,3506,65020327341
114.402,8.74114,30.4455,0,42,54,0,2500,0,0,0,25.0066,12.811,0,3506,65029068897
133.572,7.48658,30.4455,0,42,54,0,2500,0,0,0,25.0066,12.811,0,3506,65036556150
120.307,8.31206,30.4455,0,42,54,0,2500,0,0,0,25.0066,12.811,0,3506,65044868329
119.081,8.39765,30.4455,0,42,54,0,2500,0,0,0,25.0066,12.811,0,3506,65053266591
121.137,8.25511,30.4455,0,42,54,0,2500,0,0,0,25.0066,12.811,0,3506,65061521614
121.739,8.21426,30.4455,0,42,54,0,2500,0,0,0,25.0066,12.811,0,3506,65069736529
107.856,9.2716,30.4455,0,42,54,0,2500,0,0,0,25.0066,12.811,0,3506,65079008160
135.209,7.39598,30.4455,0,42,54,0,2500,0,0,0,25.0066,12.811,0,3506,65086404554
120.515,8.29772,30.4455,0,42,54,0,2500,0,0,0,25.0066,12.811,0,3506,65094703989
103.206,9.68939,30.4455,0,42,54,0,2500,0,0,0,25.0066,12.811,0,3506,65104393970
137.487,7.27339,30.4455,0,42,54,0,2500,0,0,0,25.0066,12.811,0,3506,65111667696
112.023,8.92673,30.4455,0,42,54,0,2500,0,0,0,25.0066,12.811,0,3506,65120595053
127.835,7.8226,30.4455,0,42,54,0,2500,0,0,0,25.0066,12.811,0,3506,65128418416
129.735,7.70804,30.4455,0,42,54,0,2500,0,0,0,25.0066,12.811,0,3506,65136126275
108.86,9.18611,30.4455,0,42,54,0,2500,0,0,0,25.0066,12.811,0,3506,65145313240
120.082,8.32762,30.4455,0,42,54,0,2500,0,0,0,25.0066,12.811,0,3506,65153641066
133.553,7.48768,30.4455,0,42,54,0,2500,0,0,0,25.0066,12.811,0,3506,65161129329
100.346,9.9655,30.4455,0,42,54,0,2500,0,0,0,25.0066,12.811,0,3506,65171096082
126.896,7.88048,30.4455,0,42,54,0,2500,0,0,0,25.0066,12.811,0,3506,65178977058
120.245,8.31634,30.4455,0,42,54,0,2500,0,0,0,25.0066,12.811,0,3506,65187293657
119.084,8.39746,30.4455,0,42,54,0,2500,0,0,0,25.0066,12.811,0,3506,65195691452
135.549,7.3774,30.4455,0,42,54,0,2500,0,0,0,25.0066,12.811,0,3506,65203068648
125.738,7.95306,30.4455,0,42,54,0,2500,0,0,0,25.0066,12.811,0,3506,65211022209
101.861,9.81731,30.4455,0,42,54,0,2500,0,0,0,25.0066,12.811,0,3506,65220840115
123.102,8.12331,30.4455,0,42,54,0,2500,0,0,0,25.0066,12.811,0,3506,65228963380
128.444,7.7855,30.4455,0,42,54,0,2500,0,0,0,25.0066,12.811,0,3506,65236749155
116.387,8.59204,30.4455,0,42,54,0,2500,0,0,0,25.0066,12.811,0,3506,65245342007
125.87,7.94467,30.4455,0,42,54,0,2500,0,0,0,25.0066,12.811,0,3506,65253287331
118.434,8.44355,30.4455,0,42,54,0,2500,0,0,0,25.0066,12.811,0,3506,65261731328
119.964,8.33586,30.4455,0,42,54,0,2500,0,0,0,25.0066,12.811,0,3506,65270067195
119.731,8.35208,30.4455,0,42,54,0,2500,0,0,0,25.0066,12.811,0,3506,65278419877
118.979,8.40487,30.4455,0,42,54,0,2500,0,0,0,25.0066,12.811,0,3506,65286825452
116.855,8.55762,30.4455,0,42,54,0,2500,0,0,0,25.0066,12.811,0,3506,65295383769
122.389,8.17069,30.4455,0,42,54,0,2500,0,0,0,25.0066,12.811,0,3506,65303555307
119.861,8.34299,30.4455,0,42,54,0,2500,0,0,0,25.0066,12.811,0,3506,65311898258
125.338,7.97845,30.4455,0,42,54,0,2500,0,0,0,25.0066,12.811,0,3506,65319877786
118.016,8.47345,30.4455,0,42,54,0,2500,0,0,0,25.0066,12.811,0,3506,65328351883
122.836,8.14095,30.4455,0,42,54,0,2500,0,0,0,25.0066,12.811,0,3506,65336493229
111.748,8.94871,30.4455,0,42,54,0,2500,0,0,0,25.0066,12.811,0,3506,65345442695
115.835,8.63293,30.4455,0,42,54,0,2500,0,0,0,25.0066,12.811,0,3506,65354076783
50.8586,19.6624,30.4455,0,42,54,0,2500,0,0,0,25.0066,12.811,0,3506,65373740199
85.1224,11.7478,30.4455,0,42,54,0,2500,0,0,0,25.0066,12.811,0,3506,65385488693
207.708,4.81444,30.4455,0,42,54,0,2500,0,0,0,25.0066,12.811,0,3506,65390302251
170.149,5.87722,30.4455,0,42,54,0,2500,0,0,0,25.0066,12.811,0,3506,65396181159
271.531,3.68282,30.4455,0,42,54,0,2500,0,0,0,25.0066,12.811,0,3506,65399863633
28.509,35.0767,30.4455,0,42,54,0,2500,0,0,0,25.0066,12.811,0,3506,65434947897
266.02,3.75911,28.8509,0,43,53,0,2500,0,0,0,25.0189,12.8109,0,3214,65438701947
234.263,4.2687,28.8509,0,43,53,0,2500,0,0,0,25.0189,12.8109,0,3214,65442970264
514.083,1.94521,28.8509,0,43,53,0,2500,0,0,0,25.0189,12.8109,0,3214,65444915592
122.565,8.15891,28.8509,0,43,53,0,2500,0,0,0,25.0189,12.8109,0,3214,65453075485
89.8446,11.1303,28.8509,0,43,53,0,2500,0,0,0,25.0189,12.8109,0,3214,65464206569
128.066,7.80849,28.8509,0,43,53,0,2500,0,0,0,25.0189,12.8109,0,3214,65472015215
111.283,8.98612,28.8509,0,43,53,0,2500,0,0,0,25.0189,12.8109,0,3214,65481001052
131.083,7.62874,28.8509,0,43,53,0,2500,0,0,0,25.0189,12.8109,0,3214,65488630173
120.935,8.2689,28.8509,0,43,53,0,2500,0,0,0,25.0189,12.8109,0,3214,65496899300
116.457,8.58686,28.8509,0,43,53,0,2500,0,0,0,25.0189,12.8109,0,3214,65505486944
84.7663,11.7971,28.8509,0,43,53,0,2500,0,0,0,25.0189,12.8109,0,3214,65517285799
167.058,5.98596,28.8509,0,43,53,0,2500,0,0,0,25.0189,12.8109,0,3214,65523271873
167.627,5.96564,28.8509,0,43,53,0,2500,0,0,0,25.0189,12.8109,0,3214,65529237868
127.746,7.82801,28.8509,0,43,53,0,2500,0,0,0,25.0189,12.8109,0,3214,65537066349
122.806,8.1429,28.8509,0,43,53,0,2500,0,0,0,25.0189,12.8109,0,3214,65545209288
119.076,8.39798,28.8509,0,43,53,0,2500,0,0,0,25.0189,12.8109,0,3214,65553607057
119.121,8.3948,28.8509,0,43,53,0,2500,0,0,0,25.0189,12.8109,0,3214,65562003302
109.118,9.1644,28.8509,0,43,53,0,2500,0,0,0,25.0189,12.8109,0,3214,65571168361
131.216,7.62104,28.8509,0,43,53,0,2500,0,0,0,25.0189,12.8109,0,3214,65578790359
121.047,8.26124,28.8509,0,43,53,0,2500,0,0,0,25.0189,12.8109,0,3214,65587051694
104.533,9.56635,28.8509,0,43,53,0,2500,0,0,0,25.0189,12.8109,0,3214,65596618929
116.34,8.5955,28.8509,0,43,53,0,2500,0,0,0,25.0189,12.8109,0,3214,65605214996
140.932,7.09563,28.8509,0,43,53,0,2500,0,0,0,25.0189,12.8109,0,3214,65612310243
120.145,8.32328,28.8509,0,43,53,0,2500,0,0,0,25.0189,12.8109,0,3214,65620634253
147.836,6.76424,28.8509,0,43,53,0,2500,0,0,0,25.0189,12.8109,0,3214,65627399591
86.0807,11.617,28.8509,0,43,53,0,2500,0,0,0,25.0189,12.8109,0,3214,65639016727
120.222,8.31796,28.8509,0,43,53,0,2500,0,0,0,25.0189,12.8109,0,3214,65647334878
249.175,4.01324,28.8509,0,43,53,0,2500,0,0,0,25.0189,12.8109,0,3214,65651347605
90.358,11.0671,28.8509,0,43,53,0,2500,0,0,0,25.0189,12.8109,0,3214,65662416035
115.57,8.65279,28.8509,0,43,53,0,2500,0,0,0,25.0189,12.8109,0,3214,65671068981
105.41,9.4868,28.8509,0,43,53,0,2500,0,0,0,25.0189,12.8109,0,3214,65680556010
130.283,7.67559,28.8509,0,43,53,0,2500,0,0,0,25.0189,12.8109,0,3214,65688232228
119.424,8.37354,28.8509,0,43,53,0,2500,0,0,0,25.0189,12.8109,0,3214,65696607708
115.864,8.6308,28.8509,0,43,53,0,2500,0,0,0,25.0189,12.8109,0,3214,65705238342
138.541,7.21808,28.8509,0,43,53,0,2500,0,0,0,25.0189,12.8109,0,3214,65712456862
108.073,9.25301,28.8509,0,43,53,0,2500,0,0,0,25.0189,12.8109,0,3214,65721713662
134.034,7.4608,28.8509,0,43,53,0,2500,0,0,0,25.0189,12.8109,0,3214,65729174976
127.945,7.81585,28.8509,0,43,53,0,2500,0,0,0,25.0189,12.8109,0,3214,65736991709
102.065,9.79763,28.8509,0,43,53,0,2500,0,0,0,25.0189,12.8109,0,3214,65746789455
119.395,8.37556,28.8509,0,43,53,0,2500,0,0,0,25.0189,12.8109,0,3214,65755166538
119.937,8.33772,28.8509,0,43,53,0,2500,0,0,0,25.0189,12.8109,0,3214,65763504800
124.024,8.06294,28.8509,0,43,53,0,2500,0,0,0,25.0189,12.8109,0,3214,65771567000
124.305,8.04471,28.8509,0,43,53,0,2500,0,0,0,25.0189,12.8109,0,3214,65779612105
121.015,8.26342,28.8509,0,43,53,0,2500,0,0,0,25.0189,12.8109,0,3214,65787876750
116.599,8.57642,28.8509,0,43,53,0,2500,0,0,0,25.0189,12.8109,0,3214,65796453921
122.67,8.15193,28.8509,0,43,53,0,2500,0,0,0,25.0189,12.8109,0,3214,65804605480
116.775,8.56347,28.8509,0,43,53,0,2500,0,0,0,25.0189,12.8109,0,3214,65813169565
134.517,7.43398,28.8509,0,43,53,0,2500,0,0,0,25.0189,12.8109,0,3214,65820603383
124.693,8.01969,28.8509,0,43,53,0,2500,0,0,0,25.0189,12.8109,0,3214,65828623478
117.192,8.53302,28.8509,0,43,53,0,2500,0,0,0,25.0189,12.8109,0,3214,65837158340
99.5035,10.0499,28.8509,0,43,53,0,2500,0,0,0,25.0189,12.8109,0,3214,65847208142
135.099,7.40197,28.8509,0,43,53,0,2500,0,0,0,25.0189,12.8109,0,3214,65854611213
131.505,7.60425,28.8509,0,43,53,0,2500,0,0,0,25.0189,12.8109,0,3214,65862215198
122.559,8.15934,28.8509,0,43,53,0,2500,0,0,0,25.0189,12.8109,0,3214,65870375447
119.731,8.35203,28.8509,0,43,53,0,2500,0,0,0,25.0189,12.8109,0,3214,65878728404
114.476,8.73542,28.8509,0,43,53,0,2500,0,0,0,25.0189,12.8109,0,3214,65887464278
102.367,9.76873,28.8509,0,43,53,0,2500,0,0,0,25.0189,12.8109,0,3214,65897233436
147.321,6.78788,28.8509,0,43,53,0,2500,0,0,0,25.0189,12.8109,0,3214,65904021708
123.134,8.12123,28.8509,0,43,53,0,2500,0,0,0,25.0189,12.8109,0,3214,65912144322
103.64,9.6488,28.8509,0,43,53,0,2500,0,0,0,25.0189,12.8109,0,3214,65921793442
102.385,9.76709,28.8509,0,43,53,0,2500,0,0,0,25.0189,12.8109,0,3214,65931560390
115.201,8.68046,28.8509,0,43,53,0,2500,0,0,0,25.0189,12.8109,0,3214,65940247929
121.007,8.26398,24.1975,0,39,53,0,2500,0,0,0,25.0194,12.8109,0,1497,65948507064
134.237,7.44949,24.1975,0,39,53,0,2500,0,0,0,25.0194,12.8109,0,1497,65955957588
146.588,6.82182,24.1975,0,39,53,0,2500,0,0,0,25.0194,12.8109,0,1497,65962779404
98.4055,10.162,24.1975,0,39,53,0,2500,0,0,0,25.0194,12.8109,0,1497,65972941565
134.919,7.41184,24.1975,0,39,53,0,2500,0,0,0,25.0194,12.8109,0,1497,65980352726
121.27,8.24605,24.1975,0,39,53,0,2500,0,0,0,25.0194,12.8109,0,1497,65988599299
127.056,7.87056,24.1975,0,39,53,0,2500,0,0,0,25.0194,12.8109,0,1497,65996469698
142.101,7.03724,24.1975,0,39,53,0,2500,0,0,0,25.0194,12.8109,0,1497,66003507294
125.882,7.94395,24.1975,0,39,53,0,2500,0,0,0,25.0194,12.8109,0,1497,66011452204
103.265,9.68381,24.1975,0,39,53,0,2500,0,0,0,25.0194,12.8109,0,1497,66021136109
117.652,8.49965,24.1975,0,39,53,0,2500,0,0,0,25.0194,12.8109,0,1497,66029636257
131.144,7.62519,24.1975,0,39,53,0,2500,0,0,0,25.0194,12.8109,0,1497,66037262229
100.131,9.98694,24.1975,0,39,53,0,2500,0,0,0,25.0194,12.8109,0,1497,66047248993
124.765,8.01506,24.1975,0,39,53,0,2500,0,0,0,25.0194,12.8109,0,1497,66055264659
128.069,7.80827,24.1975,0,39,53,0,2500,0,0,0,25.0194,12.8109,0,1497,66063073401
120.377,8.30724,24.1975,0,39,53,0,2500,0,0,0,25.0194,12.8109,0,1497,66071381160
127.379,7.85056,24.1975,0,39,53,0,2500,0,0,0,25.0194,12.8109,0,1497,66079231942
107.928,9.26544,24.1975,0,39,53,0,2500,0,0,0,25.0194,12.8109,0,1497,66088497458
131.501,7.60451,24.1975,0,39,53,0,2500,0,0,0,25.0194,12.8109,0,1497,66096102454
114.659,8.72148,24.1975,0,39,53,0,2500,0,0,0,25.0194,12.8109,0,1497,66104824369
128.996,7.75218,24.1975,0,39,53,0,2500,0,0,0,25.0194,12.8109,0,1497,66112577167
106.09,9.426,24.1975,0,39,53,0,2500,0,0,0,25.0194,12.8109,0,1497,66122003283
124.953,8.00298,24.1975,0,39,53,0,2500,0,0,0,25.0194,12.8109,0,1497,66130006547
124.673,8.02099,24.1975,0,39,53,0,2500,0,0,0,25.0194,12.8109,0,1497,66138029326
117.93,8.47957,24.1975,0,39,53,0,2500,0,0,0,25.0194,12.8109,0,1497,66146508478
114.179,8.75818,24.1975,0,39,53,0,2500,0,0,0,25.0194,12.8109,0,1497,66155267005
124.689,8.01993,24.1975,0,39,53,0,2500,0,0,0,25.0194,12.8109,0,1497,66163287542
118.988,8.40422,24.1975,0,39,53,0,2500,0,0,0,25.0194,12.8109,0,1497,66171691785
123.017,8.12894,24.1975,0,39,53,0,2500,0,0,0,25.0194,12.8109,0,1497,66179820510
128.044,7.80982,24.1975,0,39,53,0,2500,0,0,0,25.0194,12.8109,0,1497,66187630950
128.622,7.77474,24.1975,0,39,53,0,2500,0,0,0,25.0194,12.8109,0,1497,66195406237
98.5253,10.1497,24.1975,0,39,53,0,2500,0,0,0,25.0194,12.8109,0,1497,66205556191
215.566,4.63895,24.1975,0,39,53,0,2500,0,0,0,25.0194,12.8109,0,1497,66210195564
99.3121,10.0693,24.1975,0,39,53,0,2500,0,0,0,25.0194,12.8109,0,1497,66220265066
99.6115,10.039,24.1975,0,39,53,0,2500,0,0,0,25.0194,12.8109,0,1497,66230304109
129.206,7.73958,24.1975,0,39,53,0,2500,0,0,0,25.0194,12.8109,0,1497,66238044020
121.646,8.22058,24.1975,0,39,53,0,2500,0,0,0,25.0194,12.8109,0,1497,66246264831
120.543,8.29578,24.1975,0,39,53,0,2500,0,0,0,25.0194,12.8109,0,1497,66254561474
133.95,7.46549,24.1975,0,39,53,0,2500,0,0,0,25.0194,12.8109,0,1497,66262027166
122.322,8.17512,24.1975,0,39,53,0,2500,0,0,0,25.0194,12.8109,0,1497,66270202412
121.751,8.21347,24.1975,0,39,53,0,2500,0,0,0,25.0194,12.8109,0,1497,66278416072
117.421,8.51633,24.1975,0,39,53,0,2500,0,0,0,25.0194,12.8109,0,1497,66286933234
118.667,8.42695,24.1975,0,39,53,0,2500,0,0,0,25.0194,12.8109,0,1497,66295360697
110.739,9.03026,24.1975,0,39,53,0,2500,0,0,0,25.0194,12.8109,0,1497,66304390961
133.819,7.47276,24.1975,0,39,53,0,2500,0,0,0,25.0194,12.8109,0,1497,66311864131
116.913,8.55337,24.1975,0,39,53,0,2500,0,0,0,25.0194,12.8109,0,1497,66320417856
123.063,8.12589,24.1975,0,39,53,0,2500,0,0,0,25.0194,12.8109,0,1497,66328543795
104.025,9.61305,24.1975,0,39,53,0,2500,0,0,0,25.0194,12.8109,0,1497,66338157250
114.204,8.75624,24.1975,0,39,53,0,2500,0,0,0,25.0194,12.8109,0,1497,66346913991
121.081,8.25892,24.1975,0,39,53,0,2500,0,0,0,25.0194,12.8109,0,1497,66355172974
124.678,8.02067,24.1975,0,39,53,0,2500,0,0,0,25.0194,12.8109,0,1497,66363194033
123.782,8.07874,24.1975,0,39,53,0,2500,0,0,0,25.0194,12.8109,0,1497,66371273480
132.099,7.5701,24.1975,0,39,53,0,2500,0,0,0,25.0194,12.8109,0,1497,66378843882
103.195,9.69035,24.1975,0,39,53,0,2500,0,0,0,25.0194,12.8109,0,1497,66388534185
124.58,8.02694,24.1975,0,39,53,0,2500,0,0,0,25.0194,12.8109,0,1497,66396562083
121.193,8.25129,24.1975,0,39,53,0,2500,0,0,0,25.0194,12.8109,0,1497,66404813265
124.159,8.05416,24.1975,0,39,53,0,2500,0,0,0,25.0194,12.8109,0,1497,66412867636
118.325,8.45128,24.1975,0,39,53,0,2500,0,0,0,25.0194,12.8109,0,1497,66421319653
117.325,8.5233,24.1975,0,39,53,0,2500,0,0,0,25.0194,12.8109,0,1497,66429843010
124.152,8.05466,24.1975,0,39,53,0,2500,0,0,0,25.0194,12.8109,0,1497,66437898098
121.738,8.21436,24.1975,0,39,53,0,2500,0,0,0,25.0194,12.8109,0,1497,66446118055
118.987,8.4043,21.6749,0,42,54,0,2500,0,0,0,25.0272,12.8108,0,1604,66454517856
114.352,8.74495,21.6749,0,42,54,0,2500,0,0,0,25.0272,12.8108,0,1604,66463263308
109.579,9.12584,21.6749,0,42,54,0,2500,0,0,0,25.0272,12.8108,0,1604,66472389645
140.577,7.11353,21.6749,0,42,54,0,2500,0,0,0,25.0272,12.8108,0,1604,66479503421
135.042,7.40513,21.6749,0,42,54,0,2500,0,0,0,25.0272,12.8108,0,1604,66486908302
103.399,9.6713,21.6749,0,42,54,0,2500,0,0,0,25.0272,12.8108,0,1604,66496580313
113.735,8.79238,21.6749,0,42,54,0,2500,0,0,0,25.0272,12.8108,0,1604,66505374709
118.525,8.43701,21.6749,0,42,54,0,2500,0,0,0,25.0272,12.8108,0,1604,66513811771
127.806,7.82435,21.6749,0,42,54,0,2500,0,0,0,25.0272,12.8108,0,1604,66521636469
132.675,7.53722,21.6749,0,42,54,0,2500,0,0,0,25.0272,12.8108,0,1604,66529174857
125.648,7.95873,21.6749,0,42,54,0,2500,0,0,0,25.0272,12.8108,0,1604,66537133239
95.3178,10.4912,21.6749,0,42,54,0,2500,0,0,0,25.0272,12.8108,0,1604,66547624950
127.821,7.82346,21.6749,0,42,54,0,2500,0,0,0,25.0272,12.8108,0,1604,66555449172
115.211,8.67974,21.6749,0,42,54,0,2500,0,0,0,25.0272,12.8108,0,1604,66564130463
125.947,7.93982,21.6749,0,42,54,0,2500,0,0,0,25.0272,12.8108,0,1604,66572070251
114.909,8.70256,21.6749,0,42,54,0,2500,0,0,0,25.0272,12.8108,0,1604,66580773960
148.25,6.74538,21.6749,0,42,54,0,2500,0,0,0,25.0272,12.8108,0,1604,66587519513
124.213,8.0507,21.6749,0,42,54,0,2500,0,0,0,25.0272,12.8108,0,1604,66595570530
122.686,8.15087,21.6749,0,42,54,0,2500,0,0,0,25.0272,12.8108,0,1604,66603721860
121.485,8.23149,21.6749,0,42,54,0,2500,0,0,0,25.0272,12.8108,0,1604,66611954226
96.5163,10.3609,21.6749,0,42,54,0,2500,0,0,0,25.0272,12.8108,0,1604,66622316284
119.022,8.40181,21.6749,0,42,54,0,2500,0,0,0,25.0272,12.8108,0,1604,66630719249
145.504,6.87268,21.6749,0,42,54,0,2500,0,0,0,25.0272,12.8108,0,1604,66637592133
104.079,9.60809,21.6749,0,42,54,0,2500,0,0,0,25.0272,12.8108,0,1604,66647201183
103.906,9.62407,21.6749,0,42,54,0,2500,0,0,0,25.0272,12.8108,0,1604,66656825675
156.649,6.3837,21.6749,0,42,54,0,2500,0,0,0,25.0272,12.8108,0,1604,66663209891
132.903,7.5243,21.6749,0,42,54,0,2500,0,0,0,25.0272,12.8108,0,1604,66670733683
103.372,9.67377,21.6749,0,42,54,0,2500,0,0,0,25.0272,12.8108,0,1604,66680408113
116.418,8.58971,21.6749,0,42,54,0,2500,0,0,0,25.0272,12.8108,0,1604,66688997966
119.768,8.34947,21.6749,0,42,54,0,2500,0,0,0,25.0272,12.8108,0,1604,66697347519
128.957,7.75453,21.6749,0,42,54,0,2500,0,0,0,25.0272,12.8108,0,1604,66705102219
121.221,8.24939,21.6749,0,42,54,0,2500,0,0,0,25.0272,12.8108,0,1604,66713352848
128.706,7.76965,21.6749,0,42,54,0,2500,0,0,0,25.0272,12.8108,0,1604,66721122474
130.788,7.64595,21.6749,0,42,54,0,2500,0,0,0,25.0272,12.8108,0,1604,66728770057
122.903,8.13651,21.6749,0,42,54,0,2500,0,0,0,25.0272,12.8108,0,1604,66736905789
98.0606,10.1978,21.6749,0,42,54,0,2500,0,0,0,25.0272,12.8108,0,1604,66747104276
125.931,7.94088,21.6749,0,42,54,0,2500,0,0,0,25.0272,12.8108,0,1604,66755045022
195.251,5.12162,21.6749,0,42,54,0,2500,0,0,0,25.0272,12.8108,0,1604,66760167176
94.2353,10.6117,21.6749,0,42,54,0,2500,0,0,0,25.0272,12.8108,0,1604,66770779289
112.016,8.92731,21.6749,0,42,54,0,2500,0,0,0,25.0272,12.8108,0,1604,66779706996
116.373,8.59309,21.6749,0,42,54,0,2500,0,0,0,25.0272,12.8108,0,1604,66788300282
190.856,5.23955,21.6749,0,42,54,0,2500,0,0,0,25.0272,12.8108,0,1604,66793539949
90.7778,11.0159,21.6749,0,42,54,0,2500,0,0,0,25.0272,12.8108,0,1604,66804556825
118.68,8.42605,21.6749,0,42,54,0,2500,0,0,0,25.0272,12.8108,0,1604,66812983011
170.994,5.84814,21.6749,0,42,54,0,2500,0,0,0,25.0272,12.8108,0,1604,66818831306
95.367,10.4858,21.6749,0,42,54,0,2500,0,0,0,25.0272,12.8108,0,1604,66829318243
124.425,8.03695,21.6749,0,42,54,0,2500,0,0,0,25.0272,12.8108,0,1604,66837356282
107.411,9.31004,21.6749,0,42,54,0,2500,0,0,0,25.0272,12.8108,0,1604,66846667052
128.658,7.77257,21.6749,0,42,54,0,2500,0,0,0,25.0272,12.8108,0,1604,66854439521
117.808,8.48838,21.6749,0,42,54,0,2500,0,0,0,25.0272,12.8108,0,1604,66862929589
107.791,9.27724,21.6749,0,42,54,0,2500,0,0,0,25.0272,12.8108,0,1604,66872207118
126.012,7.93577,21.6749,0,42,54,0,2500,0,0,0,25.0272,12.8108,0,1604,66880142749
141.029,7.09075,21.6749,0,42,54,0,2500,0,0,0,25.0272,12.8108,0,1604,66887233713
121.254,8.24718,21.6749,0,42,54,0,2500,0,0,0,25.0272,12.8108,0,1604,66895482077
123.16,8.11951,21.6749,0,42,54,0,2500,0,0,0,25.0272,12.8108,0,1604,66903602271
111.512,8.96761,21.6749,0,42,54,0,2500,0,0,0,25.0272,12.8108,0,1604,66912569849
111.935,8.93378,21.6749,0,42,54,0,2500,0,0,0,25.0272,12.8108,0,1604,66921503875
117.544,8.50748,21.6749,0,42,54,0,2500,0,0,0,25.0272,12.8108,0,1604,66930011807
124.264,8.04741,21.6749,0,42,54,0,2500,0,0,0,25.0272,12.8108,0,1604,66938059715
117.633,8.50104,21.6749,0,42,54,0,2500,0,0,0,25.0272,12.8108,0,1604,66946563913
119.088,8.39714,21.197,0,43,54,0,2500,0,0,0,25.0279,12.8107,0,1506,66954958665
131.406,7.60999,21.197,0,43,54,0,2500,0,0,0,25.0279,12.8107,0,1506,66962569739
103.694,9.64372,21.197,0,43,54,0,2500,0,0,0,25.0279,12.8107,0,1506,66972213451
128.217,7.79925,21.197,0,43,54,0,2500,0,0,0,25.0279,12.8107,0,1506,66980012471
123.37,8.10573,21.197,0,43,54,0,2500,0,0,0,25.0279,12.8107,0,1506,66988118521
130.316,7.67365,21.197,0,43,54,0,2500,0,0,0,25.0279,12.8107,0,1506,66995793131
109.676,9.1178,21.197,0,43,54,0,2500,0,0,0,25.0279,12.8107,0,1506,67004910876
132.13,7.56831,21.197,0,43,54,0,2500,0,0,0,25.0279,12.8107,0,1506,67012479667
104.753,9.54627,21.197,0,43,54,0,2500,0,0,0,25.0279,12.8107,0,1506,67022025768
132.127,7.56849,21.197,0,43,54,0,2500,0,0,0,25.0279,12.8107,0,1506,67029594683
121.71,8.21626,21.197,0,43,54,0,2500,0,0,0,25.0279,12.8107,0,1506,67037811229
115.9,8.62813,21.197,0,43,54,0,2500,0,0,0,25.0279,12.8107,0,1506,67046441435
117.299,8.52519,21.197,0,43,54,0,2500,0,0,0,25.0279,12.8107,0,1506,67054967296
113.431,8.81596,21.197,0,43,54,0,2500,0,0,0,25.0279,12.8107,0,1506,67063783877
137.32,7.28229,21.197,0,43,54,0,2500,0,0,0,25.0279,12.8107,0,1506,67071066704
110.144,9.07902,21.197,0,43,54,0,2500,0,0,0,25.0279,12.8107,0,1506,67080146798
125.432,7.97243,21.197,0,43,54,0,2500,0,0,0,25.0279,12.8107,0,1506,67088119504
131.584,7.59972,21.197,0,43,54,0,2500,0,0,0,25.0279,12.8107,0,1506,67095719051
96.9588,10.3137,21.197,0,43,54,0,2500,0,0,0,25.0279,12.8107,0,1506,67106032618
121.306,8.24363,21.197,0,43,54,0,2500,0,0,0,25.0279,12.8107,0,1506,67114277029
133.637,7.48296,21.197,0,43,54,0,2500,0,0,0,25.0279,12.8107,0,1506,67121760685
121.608,8.22316,21.197,0,43,54,0,2500,0,0,0,25.0279,12.8107,0,1506,67129983776
115.944,8.62482,21.197,0,43,54,0,2500,0,0,0,25.0279,12.8107,0,1506,67138609326
123.936,8.06866,21.197,0,43,54,0,2500,0,0,0,25.0279,12.8107,0,1506,67146678006
125.444,7.97166,21.197,0,43,54,0,2500,0,0,0,25.0279,12.8107,0,1506,67154649769
111.503,8.96837,21.197,0,43,54,0,2500,0,0,0,25.0279,12.8107,0,1506,67163618405
126.594,7.89927,21.197,0,43,54,0,2500,0,0,0,25.0279,12.8107,0,1506,67171518012
118.172,8.46225,21.197,0,43,54,0,2500,0,0,0,25.0279,12.8107,0,1506,67179980614
125.472,7.96993,21.197,0,43,54,0,2500,0,0,0,25.0279,12.8107,0,1506,67187952699
133.705,7.47918,21.197,0,43,54,0,2500,0,0,0,25.0279,12.8107,0,1506,67195431370
120.121,8.32496,21.197,0,43,54,0,2500,0,0,0,25.0279,12.8107,0,1506,67203756685
113.861,8.78264,21.197,0,43,54,0,2500,0,0,0,25.0279,12.8107,0,1506,67212540052
104.386,9.57983,21.197,0,43,54,0,2500,0,0,0,25.0279,12.8107,0,1506,67222120892
126.047,7.93353,21.197,0,43,54,0,2500,0,0,0,25.0279,12.8107,0,1506,67230055226
117.74,8.49331,21.197,0,43,54,0,2500,0,0,0,25.0279,12.8107,0,1506,67238549093
137.471,7.27428,21.197,0,43,54,0,2500,0,0,0,25.0279,12.8107,0,1506,67245823395
128.056,7.80907,21.197,0,43,54,0,2500,0,0,0,25.0279,12.8107,0,1506,67253632688
123.073,8.12527,21.197,0,43,54,0,2500,0,0,0,25.0279,12.8107,0,1506,67261758389
120.99,8.26517,21.197,0,43,54,0,2500,0,0,0,25.0279,12.8107,0,1506,67270023953
116.34,8.59548,21.197,0,43,54,0,2500,0,0,0,25.0279,12.8107,0,1506,67278619949
117.801,8.48892,21.197,0,43,54,0,2500,0,0,0,25.0279,12.8107,0,1506,67287109250
120.093,8.32691,21.197,0,43,54,0,2500,0,0,0,25.0279,12.8107,0,1506,67295436789
123.245,8.11394,21.197,0,43,54,0,2500,0,0,0,25.0279,12.8107,0,1506,67303551903
93.8465,10.6557,21.197,0,43,54,0,2500,0,0,0,25.0279,12.8107,0,1506,67314207951
132.624,7.54009,21.197,0,43,54,0,2500,0,0,0,25.0279,12.8107,0,1506,67321748666
113.653,8.79873,21.197,0,43,54,0,2500,0,0,0,25.0279,12.8107,0,1506,67330548402
127.097,7.86799,21.197,0,43,54,0,2500,0,0,0,25.0279,12.8107,0,1506,67338416531
113.039,8.84652,21.197,0,43,54,0,2500,0,0,0,25.0279,12.8107,0,1506,67347263376
130.768,7.64711,21.197,0,43,54,0,2500,0,0,0,25.0279,12.8107,0,1506,67354910232
125.718,7.95431,21.197,0,43,54,0,2500,0,0,0,25.0279,12.8107,0,1506,67362864774
186.925,5.34975,21.197,0,43,54,0,2500,0,0,0,25.0279,12.8107,0,1506,67368214777
88.1384,11.3458,21.197,0,43,54,0,2500,0,0,0,25.0279,12.8107,0,1506,67379560608
108.929,9.18032,21.197,0,43,54,0,2500,0,0,0,25.0279,12.8107,0,1506,67388741860
210.527,4.74998,21.197,0,43,54,0,2500,0,0,0,25.0279,12.8107,0,1506,67393491912
94.8889,10.5386,21.197,0,43,54,0,2500,0,0,0,25.0279,12.8107,0,1506,67404030832
118.633,8.42936,21.197,0,43,54,0,2500,0,0,0,25.0279,12.8107,0,1506,67412461439
117.766,8.49145,21.197,0,43,54,0,2500,0,0,0,25.0279,12.8107,0,1506,67420953073
111.415,8.97546,21.197,0,43,54,0,2500,0,0,0,25.0279,12.8107,0,1506,67429928841
120.251,8.31594,21.197,0,43,54,0,2500,0,0,0,25.0279,12.8107,0,1506,67438244733
121.471,8.23244,21.197,0,43,54,0,2500,0,0,0,25.0279,12.8107,0,1506,67446478134
133.142,7.51077,21.197,0,43,54,0,2500,0,0,0,25.0279,12.8107,0,1506,67453994344
124.988,8.00079,20.3931,0,42,55,0,2500,0,0,0,25.0284,12.8107,0,1584,67461991344
110.562,9.04469,20.3931,0,42,55,0,2500,0,0,0,25.0284,12.8107,0,1584,67471037127
118.613,8.43076,20.3931,0,42,55,0,2500,0,0,0,25.0284,12.8107,0,1584,67479468395
124.706,8.01885,20.3931,0,42,55,0,2500,0,0,0,25.0284,12.8107,0,1584,67487487075
97.5745,10.2486,20.3931,0,42,55,0,2500,0,0,0,25.0284,12.8107,0,1584,67497736934
129.789,7.70481,20.3931,0,42,55,0,2500,0,0,0,25.0284,12.8107,0,1584,67505442075
119.858,8.34321,20.3931,0,42,55,0,2500,0,0,0,25.0284,12.8107,0,1584,67513786012
134.975,7.4088,20.3931,0,42,55,0,2500,0,0,0,25.0284,12.8107,0,1584,67521195534
104.523,9.56724,20.3931,0,42,55,0,2500,0,0,0,25.0284,12.8107,0,1584,67530763502
130.642,7.65451,20.3931,0,42,55,0,2500,0,0,0,25.0284,12.8107,0,1584,67538419042
116.827,8.55966,20.3931,0,42,55,0,2500,0,0,0,25.0284,12.8107,0,1584,67546979240
130.154,7.68319,20.3931,0,42,55,0,2500,0,0,0,25.0284,12.8107,0,1584,67554663000
130.687,7.65185,20.3931,0,42,55,0,2500,0,0,0,25.0284,12.8107,0,1584,67562315104
117.233,8.53006,20.3931,0,42,55,0,2500,0,0,0,25.0284,12.8107,0,1584,67570846013
129.478,7.72332,20.3931,0,42,55,0,2500,0,0,0,25.0284,12.8107,0,1584,67578569908
123.901,8.07098,20.3931,0,42,55,0,2500,0,0,0,25.0284,12.8107,0,1584,67586641685
95.4656,10.475,20.3931,0,42,55,0,2500,0,0,0,25.0284,12.8107,0,1584,67597116698
127.264,7.85767,20.3931,0,42,55,0,2500,0,0,0,25.0284,12.8107,0,1584,67604975038
123.599,8.0907,20.3931,0,42,55,0,2500,0,0,0,25.0284,12.8107,0,1584,67613066209
121.794,8.21056,20.3931,0,42,55,0,2500,0,0,0,25.0284,12.8107,0,1584,67621276880
126.712,7.89191,20.3931,0,42,55,0,2500,0,0,0,25.0284,12.8107,0,1584,67629169724
125.091,7.99416,20.3931,0,42,55,0,2500,0,0,0,25.0284,12.8107,0,1584,67637163924
120.594,8.29232,20.3931,0,42,55,0,2500,0,0,0,25.0284,12.8107,0,1584,67645456545
93.3658,10.7106,20.3931,0,42,55,0,2500,0,0,0,25.0284,12.8107,0,1584,67656167464
132.423,7.55156,20.3931,0,42,55,0,2500,0,0,0,25.0284,12.8107,0,1584,67663721130
142.261,7.02934,20.3931,0,42,55,0,2500,0,0,0,25.0284,12.8107,0,1584,67670749639
105.4,9.48768,20.3931,0,42,55,0,2500,0,0,0,25.0284,12.8107,0,1584,67680238528
144.008,6.94405,20.3931,0,42,55,0,2500,0,0,0,25.0284,12.8107,0,1584,67687183098
96.9124,10.3186,20.3931,0,42,55,0,2500,0,0,0,25.0284,12.8107,0,1584,67697502556
123.528,8.09536,20.3931,0,42,55,0,2500,0,0,0,25.0284,12.8107,0,1584,67705598901
124.811,8.01209,20.3931,0,42,55,0,2500,0,0,0,25.0284,12.8107,0,1584,67713611307
118.647,8.42837,20.3931,0,42,55,0,2500,0,0,0,25.0284,12.8107,0,1584,67722039806
123.487,8.098,20.3931,0,42,55,0,2500,0,0,0,25.0284,12.8107,0,1584,67730138376
126.53,7.90323,20.3931,0,42,55,0,2500,0,0,0,25.0284,12.8107,0,1584,67738042621
116.283,8.5997,20.3931,0,42,55,0,2500,0,0,0,25.0284,12.8107,0,1584,67746642973
112.376,8.89869,20.3931,0,42,55,0,2500,0,0,0,25.0284,12.8107,0,1584,67755542510
119.396,8.3755,20.3931,0,42,55,0,2500,0,0,0,25.0284,12.8107,0,1584,67763918264
110.534,9.04698,20.3931,0,42,55,0,2500,0,0,0,25.0284,12.8107,0,1584,67772966093
139.934,7.14624,20.3931,0,42,55,0,2500,0,0,0,25.0284,12.8107,0,1584,67780113350
131.673,7.59459,20.3931,0,42,55,0,2500,0,0,0,25.0284,12.8107,0,1584,67787708253
113.102,8.84155,20.3931,0,42,55,0,2500,0,0,0,25.0284,12.8107,0,1584,67796550132
113.76,8.79044,20.3931,0,42,55,0,2500,0,0,0,25.0284,12.8107,0,1584,67805340105
124.286,8.04598,20.3931,0,42,55,0,2500,0,0,0,25.0284,12.8107,0,1584,67813386442
115.367,8.66798,20.3931,0,42,55,0,2500,0,0,0,25.0284,12.8107,0,1584,67822054831
119.287,8.38316,20.3931,0,42,55,0,2500,0,0,0,25.0284,12.8107,0,1584,67830438534
120.598,8.29199,20.3931,0,42,55,0,2500,0,0,0,25.0284,12.8107,0,1584,67838730895
122.118,8.18882,20.3931,0,42,55,0,2500,0,0,0,25.0284,12.8107,0,1584,67846920218
115.98,8.62215,20.3931,0,42,55,0,2500,0,0,0,25.0284,12.8107,0,1584,67855542701
117.422,8.51627,20.3931,0,42,55,0,2500,0,0,0,25.0284,12.8107,0,1584,67864059234
138.661,7.21183,20.3931,0,42,55,0,2500,0,0,0,25.0284,12.8107,0,1584,67871272431
110.66,9.03671,20.3931,0,42,55,0,2500,0,0,0,25.0284,12.8107,0,1584,67880308855
135.391,7.38599,20.3931,0,42,55,0,2500,0,0,0,25.0284,12.8107,0,1584,67887696113
96.6802,10.3434,20.3931,0,42,55,0,2500,0,0,0,25.0284,12.8107,0,1584,67898039544
109.155,9.16127,20.3931,0,42,55,0,2500,0,0,0,25.0284,12.8107,0,1584,67907201306
149.317,6.69716,20.3931,0,42,55,0,2500,0,0,0,25.0284,12.8107,0,1584,67913899339
97.6467,10.241,20.3931,0,42,55,0,2500,0,0,0,25.0284,12.8107,0,1584,67924141678
124.073,8.05979,20.3931,0,42,55,0,2500,0,0,0,25.0284,12.8107,0,1584,67932201206
165.259,6.0511,20.3931,0,42,55,0,2500,0,0,0,25.0284,12.8107,0,1584,67938252777
225.569,4.43324,20.3931,0,42,55,0,2500,0,0,0,25.0284,12.8107,0,1584,67942685351
108.757,9.19479,20.3931,0,42,55,0,2500,0,0,0,25.0284,12.8107,0,1584,67951880139
87.0975,11.4814,20.3931,0,42,55,0,2500,0,0,0,25.0284,12.8107,0,1584,67963366245
160.53,6.22937,27.1394,0,41,55,0,2500,0,0,0,24.995,12.8105,0,3069,67969592192
101.163,9.88505,27.1394,0,41,55,0,2500,0,0,0,24.995,12.8105,0,3069,67979477718
131.851,7.58432,27.1394,0,41,55,0,2500,0,0,0,24.995,12.8105,0,3069,67987062487
128.235,7.79817,27.1394,0,41,55,0,2500,0,0,0,24.995,12.8105,0,3069,67994862239
87.6658,11.407,27.1394,0,41,55,0,2500,0,0,0,24.995,12.8105,0,3069,68006269474
124.629,8.0238,27.1394,0,41,55,0,2500,0,0,0,24.995,12.8105,0,3069,68014298056
120.851,8.27467,27.1394,0,41,55,0,2500,0,0,0,24.995,12.8105,0,3069,68022569079
122.977,8.13163,27.1394,0,41,55,0,2500,0,0,0,24.995,12.8105,0,3069,68030700853
114.67,8.72067,27.1394,0,41,55,0,2500,0,0,0,24.995,12.8105,0,3069,68039423000
125.737,7.95313,27.1394,0,41,55,0,2500,0,0,0,24.995,12.8105,0,3069,68047376396
125.657,7.95817,27.1394,0,41,55,0,2500,0,0,0,24.995,12.8105,0,3069,68055335054
122.596,8.1569,27.1394,0,41,55,0,2500,0,0,0,24.995,12.8105,0,3069,68063492341
118.545,8.43558,27.1394,0,41,55,0,2500,0,0,0,24.995,12.8105,0,3069,68071928600
131.932,7.57964,27.1394,0,41,55,0,2500,0,0,0,24.995,12.8105,0,3069,68079508695
104.815,9.54066,27.1394,0,41,55,0,2500,0,0,0,24.995,12.8105,0,3069,68089050467
115.047,8.6921,27.1394,0,41,55,0,2500,0,0,0,24.995,12.8105,0,3069,68097743247
114.414,8.74021,27.1394,0,41,55,0,2500,0,0,0,24.995,12.8105,0,3069,68106484383
159.117,6.28466,27.1394,0,41,55,0,2500,0,0,0,24.995,12.8105,0,3069,68112768699
110.112,9.08168,27.1394,0,41,55,0,2500,0,0,0,24.995,12.8105,0,3069,68121851694
140.326,7.12626,27.1394,0,41,55,0,2500,0,0,0,24.995,12.8105,0,3069,68128977678
122.574,8.15835,27.1394,0,41,55,0,2500,0,0,0,24.995,12.8105,0,3069,68137136688
118.534,8.43642,27.1394,0,41,55,0,2500,0,0,0,24.995,12.8105,0,3069,68145574066
111.96,8.93176,27.1394,0,41,55,0,2500,0,0,0,24.995,12.8105,0,3069,68154506323
124.75,8.01601,27.1394,0,41,55,0,2500,0,0,0,24.995,12.8105,0,3069,68162522302
96.9258,10.3172,27.1394,0,41,55,0,2500,0,0,0,24.995,12.8105,0,3069,68172840387
130.466,7.66483,27.1394,0,41,55,0,2500,0,0,0,24.995,12.8105,0,3069,68180505815
120.343,8.30955,27.1394,0,41,55,0,2500,0,0,0,24.995,12.8105,0,3069,68188815171
124.669,8.02122,27.1394,0,41,55,0,2500,0,0,0,24.995,12.8105,0,3069,68196836516
121.805,8.20987,27.1394,0,41,55,0,2500,0,0,0,24.995,12.8105,0,3069,68205046527
121.205,8.25046,27.1394,0,41,55,0,2500,0,0,0,24.995,12.8105,0,3069,68213298084
120.791,8.27875,27.1394,0,41,55,0,2500,0,0,0,24.995,12.8105,0,3069,68221576808
125.91,7.94217,27.1394,0,41,55,0,2500,0,0,0,24.995,12.8105,0,3069,68229519066
117.844,8.48578,27.1394,0,41,55,0,2500,0,0,0,24.995,12.8105,0,3069,68238005582
120.272,8.31447,27.1394,0,41,55,0,2500,0,0,0,24.995,12.8105,0,3069,68246320603
108.909,9.18195,27.1394,0,41,55,0,2500,0,0,0,24.995,12.8105,0,3069,68255502269
128.847,7.76114,27.1394,0,41,55,0,2500,0,0,0,24.995,12.8105,0,3069,68263263514
117.298,8.52529,27.1394,0,41,55,0,2500,0,0,0,24.995,12.8105,0,3069,68271789241
121.054,8.26077,27.1394,0,41,55,0,2500,0,0,0,24.995,12.8105,0,3069,68280050426
122.569,8.15867,27.1394,0,41,55,0,2500,0,0,0,24.995,12.8105,0,3069,68288209513
117.14,8.53679,27.1394,0,41,55,0,2500,0,0,0,24.995,12.8105,0,3069,68296747286
124.497,8.03234,27.1394,0,41,55,0,2500,0,0,0,24.995,12.8105,0,3069,68304779504
119.381,8.37655,27.1394,0,41,55,0,2500,0,0,0,24.995,12.8105,0,3069,68313156609
113.613,8.8018,27.1394,0,41,55,0,2500,0,0,0,24.995,12.8105,0,3069,68321958509
134.273,7.44749,27.1394,0,41,55,0,2500,0,0,0,24.995,12.8105,0,3069,68329406670
108.706,9.1991,27.1394,0,41,55,0,2500,0,0,0,24.995,12.8105,0,3069,68338606062
129.449,7.72508,27.1394,0,41,55,0,2500,0,0,0,24.995,12.8105,0,3069,68346331255
125.129,7.99176,27.1394,0,41,55,0,2500,0,0,0,24.995,12.8105,0,3069,68354323259
128.455,7.78481,27.1394,0,41,55,0,2500,0,0,0,24.995,12.8105,0,3069,68362108404
118.216,8.45907,27.1394,0,41,55,0,2500,0,0,0,24.995,12.8105,0,3069,68370568191
96.2577,10.3888,27.1394,0,41,55,0,2500,0,0,0,24.995,12.8105,0,3069,68380957696
126.702,7.89254,27.1394,0,41,55,0,2500,0,0,0,24.995,12.8105,0,3069,68388849935
123.706,8.08368,27.1394,0,41,55,0,2500,0,0,0,24.995,12.8105,0,3069,68396934040
117.852,8.48522,27.1394,0,41,55,0,2500,0,0,0,24.995,12.8105,0,3069,68405419476
116.766,8.56411,27.1394,0,41,55,0,2500,0,0,0,24.995,12.8105,0,3069,68413984106
119.628,8.35925,27.1394,0,41,55,0,2500,0,0,0,24.995,12.8105,0,3069,68422344028
124.392,8.03911,27.1394,0,41,55,0,2500,0,0,0,24.995,12.8105,0,3069,68430383185
131.185,7.6228,27.1394,0,41,55,0,2500,0,0,0,24.995,12.8105,0,3069,68438006146
128.765,7.76609,27.1394,0,41,55,0,2500,0,0,0,24.995,12.8105,0,3069,68445774142
95.9714,10.4198,27.1394,0,41,55,0,2500,0,0,0,24.995,12.8105,0,3069,68456194363
127.159,7.86414,27.1394,0,41,55,0,2500,0,0,0,24.995,12.8105,0,3069,68464065494
121.449,8.23388,20.3474,0,42,55,0,2500,0,0,0,24.9972,12.8105,0,1600,68472293750
117.616,8.50225,20.3474,0,42,55,0,2500,0,0,0,24.9972,12.8105,0,1600,68480796787
123.412,8.10293,20.3474,0,42,55,0,2500,0,0,0,24.9972,12.8105,0,1600,68488900168
123.792,8.07807,20.3474,0,42,55,0,2500,0,0,0,24.9972,12.8105,0,1600,68496978925
125.607,7.96134,20.3474,0,42,55,0,2500,0,0,0,24.9972,12.8105,0,1600,68504940705
205.597,4.86389,20.3474,0,42,55,0,2500,0,0,0,24.9972,12.8105,0,1600,68509804530
91.5132,10.9274,20.3474,0,42,55,0,2500,0,0,0,24.9972,12.8105,0,1600,68520732469
121.087,8.2585,20.3474,0,42,55,0,2500,0,0,0,24.9972,12.8105,0,1600,68528991393
102.63,9.74376,20.3474,0,42,55,0,2500,0,0,0,24.9972,12.8105,0,1600,68538735731
121.36,8.23997,20.3474,0,42,55,0,2500,0,0,0,24.9972,12.8105,0,1600,68546976280
140.857,7.09937,20.3474,0,42,55,0,2500,0,0,0,24.9972,12.8105,0,1600,68554075631
119.912,8.33948,20.3474,0,42,55,0,2500,0,0,0,24.9972,12.8105,0,1600,68562418174
114.91,8.70247,20.3474,0,42,55,0,2500,0,0,0,24.9972,12.8105,0,1600,68571119239
97.4331,10.2634,20.3474,0,42,55,0,2500,0,0,0,24.9972,12.8105,0,1600,68581383382
134.745,7.42141,20.3474,0,42,55,0,2500,0,0,0,24.9972,12.8105,0,1600,68588805469
121.036,8.26202,20.3474,0,42,55,0,2500,0,0,0,24.9972,12.8105,0,1600,68597066708
123.077,8.12497,20.3474,0,42,55,0,2500,0,0,0,24.9972,12.8105,0,1600,68605191698
119.505,8.36783,20.3474,0,42,55,0,2500,0,0,0,24.9972,12.8105,0,1600,68613559694
129.483,7.72305,20.3474,0,42,55,0,2500,0,0,0,24.9972,12.8105,0,1600,68621283635
105.416,9.4862,20.3474,0,42,55,0,2500,0,0,0,24.9972,12.8105,0,1600,68630770405
110.87,9.01956,20.3474,0,42,55,0,2500,0,0,0,24.9972,12.8105,0,1600,68639789906
107.44,9.3075,20.3474,0,42,55,0,2500,0,0,0,24.9972,12.8105,0,1600,68649097892
131.443,7.60785,20.3474,0,42,55,0,2500,0,0,0,24.9972,12.8105,0,1600,68656707585
179.404,5.574,20.3474,0,42,55,0,2500,0,0,0,24.9972,12.8105,0,1600,68662282451
96.3274,10.3813,20.3474,0,42,55,0,2500,0,0,0,24.9972,12.8105,0,1600,68672663752
154.342,6.47912,20.3474,0,42,55,0,2500,0,0,0,24.9972,12.8105,0,1600,68679142888
91.8508,10.8872,20.3474,0,42,55,0,2500,0,0,0,24.9972,12.8105,0,1600,68690031808
134.318,7.445,20.3474,0,42,55,0,2500,0,0,0,24.9972,12.8105,0,1600,68697477044
113.869,8.78206,20.3474,0,42,55,0,2500,0,0,0,24.9972,12.8105,0,1600,68706260473
152.404,6.56152,20.3474,0,42,55,0,2500,0,0,0,24.9972,12.8105,0,1600,68712821989
124.192,8.05203,20.3474,0,42,55,0,2500,0,0,0,24.9972,12.8105,0,1600,68720874421
126.801,7.88638,20.3474,0,42,55,0,2500,0,0,0,24.9972,12.8105,0,1600,68728760859
117.548,8.50715,20.3474,0,42,55,0,2500,0,0,0,24.9972,12.8105,0,1600,68737268152
118.707,8.42409,20.3474,0,42,55,0,2500,0,0,0,24.9972,12.8105,0,1600,68745692785
122.634,8.15436,20.3474,0,42,55,0,2500,0,0,0,24.9972,12.8105,0,1600,68753848007
120.226,8.3177,20.3474,0,42,55,0,2500,0,0,0,24.9972,12.8105,0,1600,68762165637
117.147,8.53627,20.3474,0,42,55,0,2500,0,0,0,24.9972,12.8105,0,1600,68770701979
121.883,8.20459,20.3474,0,42,55,0,2500,0,0,0,24.9972,12.8105,0,1600,68778907326
117.749,8.49263,20.3474,0,42,55,0,2500,0,0,0,24.9972,12.8105,0,1600,68787399967
114.407,8.7407,20.3474,0,42,55,0,2500,0,0,0,24.9972,12.8105,0,1600,68796140837
131.635,7.59679,20.3474,0,42,55,0,2500,0,0,0,24.9972,12.8105,0,1600,68803737947
112.053,8.92438,20.3474,0,42,55,0,2500,0,0,0,24.9972,12.8105,0,1600,68812664240
121.483,8.2316,20.3474,0,42,55,0,2500,0,0,0,24.9972,12.8105,0,1600,68820896219
93.8531,10.6549,20.3474,0,42,55,0,2500,0,0,0,24.9972,12.8105,0,1600,68831551962
160.363,6.23584,20.3474,0,42,55,0,2500,0,0,0,24.9972,12.8105,0,1600,68837788437
128.36,7.79061,20.3474,0,42,55,0,2500,0,0,0,24.9972,12.8105,0,1600,68845578953
118.838,8.41485,20.3474,0,42,55,0,2500,0,0,0,24.9972,12.8105,0,1600,68853994140
119.75,8.35076,20.3474,0,42,55,0,2500,0,0,0,24.9972,12.8105,0,1600,68862345244
121.574,8.22545,20.3474,0,42,55,0,2500,0,0,0,24.9972,12.8105,0,1600,68870571106
119.614,8.36025,20.3474,0,42,55,0,2500,0,0,0,24.9972,12.8105,0,1600,68878931334
113.426,8.81635,20.3474,0,42,55,0,2500,0,0,0,24.9972,12.8105,0,1600,68887747842
127.094,7.8682,20.3474,0,42,55,0,2500,0,0,0,24.9972,12.8105,0,1600,68895616338
117.483,8.51184,20.3474,0,42,55,0,2500,0,0,0,24.9972,12.8105,0,1600,68904128878
95.2943,10.4938,20.3474,0,42,55,0,2500,0,0,0,24.9972,12.8105,0,1600,68914623354
131.973,7.57734,20.3474,0,42,55,0,2500,0,0,0,24.9972,12.8105,0,1600,68922200739
122.918,8.13553,20.3474,0,42,55,0,2500,0,0,0,24.9972,12.8105,0,1600,68930336518
125.13,7.99169,20.3474,0,42,55,0,2500,0,0,0,24.9972,12.8105,0,1600,68938328687
119.786,8.34823,20.3474,0,42,55,0,2500,0,0,0,24.9972,12.8105,0,1600,68946677247
117.446,8.51457,20.3474,0,42,55,0,2500,0,0,0,24.9972,12.8105,0,1600,68955191995
111.857,8.93998,20.3474,0,42,55,0,2500,0,0,0,24.9972,12.8105,0,1600,68964136921
121.727,8.21513,19.202,0,43,55,0,2500,0,0,0,24.9972,12.8105,0,1526,68972348634
123.442,8.10094,19.202,0,43,55,0,2500,0,0,0,24.9972,12.8105,0,1526,68980449566
119.16,8.39208,19.202,0,43,55,0,2500,0,0,0,24.9972,12.8105,0,1526,68988841802
147.224,6.79237,19.202,0,43,55,0,2500,0,0,0,24.9972,12.8105,0,1526,68995634641
121.399,8.23727,19.202,0,43,55,0,2500,0,0,0,24.9972,12.8105,0,1526,69003872059
121.087,8.25855,19.202,0,43,55,0,2500,0,0,0,24.9972,12.8105,0,1526,69012131035
115.136,8.6854,19.202,0,43,55,0,2500,0,0,0,24.9972,12.8105,0,1526,69020817739
117.268,8.52748,19.202,0,43,55,0,2500,0,0,0,24.9972,12.8105,0,1526,69029345773
101.011,9.89991,19.202,0,43,55,0,2500,0,0,0,24.9972,12.8105,0,1526,69039246501
134.853,7.41546,19.202,0,43,55,0,2500,0,0,0,24.9972,12.8105,0,1526,69046662300
132.918,7.52341,19.202,0,43,55,0,2500,0,0,0,24.9972,12.8105,0,1526,69054185805
124.169,8.05351,19.202,0,43,55,0,2500,0,0,0,24.9972,12.8105,0,1526,69062239750
96.4492,10.3681,19.202,0,43,55,0,2500,0,0,0,24.9972,12.8105,0,1526,69072608689
133.043,7.51639,19.202,0,43,55,0,2500,0,0,0,24.9972,12.8105,0,1526,69080125628
117.16,8.53532,19.202,0,43,55,0,2500,0,0,0,24.9972,12.8105,0,1526,69088661729
127.054,7.87065,19.202,0,43,55,0,2500,0,0,0,24.9972,12.8105,0,1526,69096532351
119.714,8.35322,19.202,0,43,55,0,2500,0,0,0,24.9972,12.8105,0,1526,69104886392
115.024,8.69383,19.202,0,43,55,0,2500,0,0,0,24.9972,12.8105,0,1526,69113579844
110.725,9.03135,19.202,0,43,55,0,2500,0,0,0,24.9972,12.8105,0,1526,69122611635
121.645,8.22064,19.202,0,43,55,0,2500,0,0,0,24.9972,12.8105,0,1526,69130832433
124.272,8.04689,19.202,0,43,55,0,2500,0,0,0,24.9972,12.8105,0,1526,69138879710
200.186,4.99535,19.202,0,43,55,0,2500,0,0,0,24.9972,12.8105,0,1526,69143875710
97.2228,10.2857,19.202,0,43,55,0,2500,0,0,0,24.9972,12.8105,0,1526,69154161883
119.485,8.36923,19.202,0,43,55,0,2500,0,0,0,24.9972,12.8105,0,1526,69162531288
97.9435,10.21,19.202,0,43,55,0,2500,0,0,0,24.9972,12.8105,0,1526,69172741802
145.757,6.86071,19.202,0,43,55,0,2500,0,0,0,24.9972,12.8105,0,1526,69179603143
127.268,7.85745,19.202,0,43,55,0,2500,0,0,0,24.9972,12.8105,0,1526,69187460898
104.727,9.54861,19.202,0,43,55,0,2500,0,0,0,24.9972,12.8105,0,1526,69197009615
113.045,8.84602,19.202,0,43,55,0,2500,0,0,0,24.9972,12.8105,0,1526,69205855969
117.903,8.48154,19.202,0,43,55,0,2500,0,0,0,24.9972,12.8105,0,1526,69214337741
120.844,8.27514,19.202,0,43,55,0,2500,0,0,0,24.9972,12.8105,0,1526,69222613402
128.625,7.77455,19.202,0,43,55,0,2500,0,0,0,24.9972,12.8105,0,1526,69230388611
123.4,8.10373,19.202,0,43,55,0,2500,0,0,0,24.9972,12.8105,0,1526,69238492397
117.3,8.52514,19.202,0,43,55,0,2500,0,0,0,24.9972,12.8105,0,1526,69247018148
121.315,8.24303,19.202,0,43,55,0,2500,0,0,0,24.9972,12.8105,0,1526,69255261498
111.854,8.94022,19.202,0,43,55,0,2500,0,0,0,24.9972,12.8105,0,1526,69264202456
119.878,8.34184,19.202,0,43,55,0,2500,0,0,0,24.9972,12.8105,0,1526,69272544912
123.305,8.10996,19.202,0,43,55,0,2500,0,0,0,24.9972,12.8105,0,1526,69280654376
123.093,8.12394,19.202,0,43,55,0,2500,0,0,0,24.9972,12.8105,0,1526,69288778506
123.541,8.09446,19.202,0,43,55,0,2500,0,0,0,24.9972,12.8105,0,1526,69296873015
120.296,8.31283,19.202,0,43,55,0,2500,0,0,0,24.9972,12.8105,0,1526,69305185946
114.673,8.72048,19.202,0,43,55,0,2500,0,0,0,24.9972,12.8105,0,1526,69313906609
126.729,7.89084,19.202,0,43,55,0,2500,0,0,0,24.9972,12.8105,0,1526,69321797707
120.508,8.29821,19.202,0,43,55,0,2500,0,0,0,24.9972,12.8105,0,1526,69330096023
124.136,8.05566,19.202,0,43,55,0,2500,0,0,0,24.9972,12.8105,0,1526,69338152009
129.679,7.71137,19.202,0,43,55,0,2500,0,0,0,24.9972,12.8105,0,1526,69345863547
113.175,8.83589,19.202,0,43,55,0,2500,0,0,0,24.9972,12.8105,0,1526,69354699647
121.275,8.24572,19.202,0,43,55,0,2500,0,0,0,24.9972,12.8105,0,1526,69362945442
124.028,8.06268,19.202,0,43,55,0,2500,0,0,0,24.9972,12.8105,0,1526,69371008358
119.618,8.35993,19.202,0,43,55,0,2500,0,0,0,24.9972,12.8105,0,1526,69379368462
122.306,8.17623,19.202,0,43,55,0,2500,0,0,0,24.9972,12.8105,0,1526,69387545066
114.603,8.72578,19.202,0,43,55,0,2500,0,0,0,24.9972,12.8105,0,1526,69396270805
119.537,8.36558,19.202,0,43,55,0,2500,0,0,0,24.9972,12.8105,0,1526,69404636473
123.711,8.08334,19.202,0,43,55,0,2500,0,0,0,24.9972,12.8105,0,1526,69412719976
141.573,7.06351,19.202,0,43,55,0,2500,0,0,0,24.9972,12.8105,0,1526,69419784468
108.975,9.17644,19.202,0,43,55,0,2500,0,0,0,24.9972,12.8105,0,1526,69428961824
102.558,9.75054,19.202,0,43,55,0,2500,0,0,0,24.9972,12.8105,0,1526,69438713065
137.754,7.25932,19.202,0,43,55,0,2500,0,0,0,24.9972,12.8105,0,1526,69445972268
102.376,9.76795,19.202,0,43,55,0,2500,0,0,0,24.9972,12.8105,0,1526,69455740351
141.423,7.07097,19.202,0,43,55,0,2500,0,0,0,24.9972,12.8105,0,1526,69462812502
123.75,8.08081,19.202,0,43,55,0,2500,0,0,0,24.9972,12.8105,0,1526,69470899355
97.1158,10.297,19.656,0,42,55,0,2500,0,0,0,24.9951,12.8104,0,1500,69481191280
146.672,6.81792,19.656,0,42,55,0,2500,0,0,0,24.9951,12.8104,0,1500,69488009931
129.252,7.73684,19.656,0,42,55,0,2500,0,0,0,24.9951,12.8104,0,1500,69495746637
120.483,8.29989,19.656,0,42,55,0,2500,0,0,0,24.9951,12.8104,0,1500,69504047865
123.653,8.08716,19.656,0,42,55,0,2500,0,0,0,24.9951,12.8104,0,1500,69512135071
118.19,8.46096,19.656,0,42,55,0,2500,0,0,0,24.9951,12.8104,0,1500,69520596263
110.591,9.04235,19.656,0,42,55,0,2500,0,0,0,24.9951,12.8104,0,1500,69529639023
129.586,7.71688,19.656,0,42,55,0,2500,0,0,0,24.9951,12.8104,0,1500,69537356775
120.589,8.29263,19.656,0,42,55,0,2500,0,0,0,24.9951,12.8104,0,1500,69545649403
122.625,8.15497,19.656,0,42,55,0,2500,0,0,0,24.9951,12.8104,0,1500,69553805210
119.397,8.3754,19.656,0,42,55,0,2500,0,0,0,24.9951,12.8104,0,1500,69562180860
118.86,8.41329,19.656,0,42,55,0,2500,0,0,0,24.9951,12.8104,0,1500,69570594641
120.407,8.30519,19.656,0,42,55,0,2500,0,0,0,24.9951,12.8104,0,1500,69578900261
93.4368,10.7024,19.656,0,42,55,0,2500,0,0,0,24.9951,12.8104,0,1500,69589604096
129.742,7.7076,19.656,0,42,55,0,2500,0,0,0,24.9951,12.8104,0,1500,69597312088
113.599,8.80288,19.656,0,42,55,0,2500,0,0,0,24.9951,12.8104,0,1500,69606115946
121.02,8.26312,19.656,0,42,55,0,2500,0,0,0,24.9951,12.8104,0,1500,69614379579
122.106,8.18964,19.656,0,42,55,0,2500,0,0,0,24.9951,12.8104,0,1500,69622569923
122.815,8.14235,19.656,0,42,55,0,2500,0,0,0,24.9951,12.8104,0,1500,69630713316
117.339,8.5223,19.656,0,42,55,0,2500,0,0,0,24.9951,12.8104,0,1500,69639236275
129.976,7.69373,19.656,0,42,55,0,2500,0,0,0,24.9951,12.8104,0,1500,69646930091
110.473,9.05201,19.656,0,42,55,0,2500,0,0,0,24.9951,12.8104,0,1500,69655982442
128.146,7.80358,19.656,0,42,55,0,2500,0,0,0,24.9951,12.8104,0,1500,69663786064
131.597,7.59898,19.656,0,42,55,0,2500,0,0,0,24.9951,12.8104,0,1500,69671385368
130.26,7.67697,19.656,0,42,55,0,2500,0,0,0,24.9951,12.8104,0,1500,69679062863
97.1816,10.29,19.656,0,42,55,0,2500,0,0,0,24.9951,12.8104,0,1500,69689353090
130.201,7.68043,19.656,0,42,55,0,2500,0,0,0,24.9951,12.8104,0,1500,69697034023
135.562,7.3767,19.656,0,42,55,0,2500,0,0,0,24.9951,12.8104,0,1500,69704410955
157.344,6.35551,19.656,0,42,55,0,2500,0,0,0,24.9951,12.8104,0,1500,69710766684
91.0695,10.9806,19.656,0,42,55,0,2500,0,0,0,24.9951,12.8104,0,1500,69721747966
110.138,9.07955,19.656,0,42,55,0,2500,0,0,0,24.9951,12.8104,0,1500,69730827612
216.281,4.62361,19.656,0,42,55,0,2500,0,0,0,24.9951,12.8104,0,1500,69735451820
92.7122,10.7861,19.656,0,42,55,0,2500,0,0,0,24.9951,12.8104,0,1500,69746237895
108.018,9.2577,19.656,0,42,55,0,2500,0,0,0,24.9951,12.8104,0,1500,69755496785
124.987,8.00085,19.656,0,42,55,0,2500,0,0,0,24.9951,12.8104,0,1500,69763497464
115.118,8.68677,19.656,0,42,55,0,2500,0,0,0,24.9951,12.8104,0,1500,69772184429
121.503,8.23028,19.656,0,42,55,0,2500,0,0,0,24.9951,12.8104,0,1500,69780415169
128.815,7.76307,19.656,0,42,55,0,2500,0,0,0,24.9951,12.8104,0,1500,69788179011
133.874,7.46971,19.656,0,42,55,0,2500,0,0,0,24.9951,12.8104,0,1500,69795648829
120.285,8.31357,19.656,0,42,55,0,2500,0,0,0,24.9951,12.8104,0,1500,69803962771
99.1476,10.086,19.656,0,42,55,0,2500,0,0,0,24.9951,12.8104,0,1500,69814049743
122.208,8.18277,19.656,0,42,55,0,2500,0,0,0,24.9951,12.8104,0,1500,69822232718
107.398,9.31113,19.656,0,42,55,0,2500,0,0,0,24.9951,12.8104,0,1500,69831544935
135.329,7.3894,19.656,0,42,55,0,2500,0,0,0,24.9951,12.8104,0,1500,69838934506
121.06,8.26034,19.656,0,42,55,0,2500,0,0,0,24.9951,12.8104,0,1500,69847195588
115.33,8.67074,19.656,0,42,55,0,2500,0,0,0,24.9951,12.8104,0,1500,69855867074
122.616,8.15553,19.656,0,42,55,0,2500,0,0,0,24.9951,12.8104,0,1500,69864023360
104.52,9.56757,19.656,0,42,55,0,2500,0,0,0,24.9951,12.8104,0,1500,69873591833
143.991,6.94487,19.656,0,42,55,0,2500,0,0,0,24.9951,12.8104,0,1500,69880537678
134.077,7.45838,19.656,0,42,55,0,2500,0,0,0,24.9951,12.8104,0,1500,69887996577
118.554,8.43499,19.656,0,42,55,0,2500,0,0,0,24.9951,12.8104,0,1500,69896432051
116.599,8.57637,19.656,0,42,55,0,2500,0,0,0,24.9951,12.8104,0,1500,69905009058
118.842,8.41457,19.656,0,42,55,0,2500,0,0,0,24.9951,12.8104,0,1500,69913423451
133.566,7.48692,19.656,0,42,55,0,2500,0,0,0,24.9951,12.8104,0,1500,69920911056
112.764,8.86811,19.656,0,42,55,0,2500,0,0,0,24.9951,12.8104,0,1500,69929779474
124.963,8.00239,19.656,0,42,55,0,2500,0,0,0,24.9951,12.8104,0,1500,69937782021
95.1102,10.5141,19.656,0,42,55,0,2500,0,0,0,24.9951,12.8104,0,1500,69948297130
128.952,7.75481,19.656,0,42,55,0,2500,0,0,0,24.9951,12.8104,0,1500,69956051689
119.95,8.33678,19.656,0,42,55,0,2500,0,0,0,24.9951,12.8104,0,1500,69964389003
150.375,6.65003,19.656,0,42,55,0,2500,0,0,0,24.9951,12.8104,0,1500,69971044578
93.3413,10.7134,21.6418,0,41,55,0,2500,0,0,0,24.9948,12.8103,0,1500,69981753952
121.922,8.20195,21.6418,0,41,55,0,2500,0,0,0,24.9948,12.8103,0,1500,69989955322
126.923,7.87876,21.6418,0,41,55,0,2500,0,0,0,24.9948,12.8103,0,1500,69997834990
113.782,8.78874,21.6418,0,41,55,0,2500,0,0,0,24.9948,12.8103,0,1500,70006624426
128.647,7.77322,21.6418,0,41,55,0,2500,0,0,0,24.9948,12.8103,0,1500,70014398138
116.045,8.61732,21.6418,0,41,55,0,2500,0,0,0,24.9948,12.8103,0,1500,70023016403
122.322,8.17516,21.6418,0,41,55,0,2500,0,0,0,24.9948,12.8103,0,1500,70031191129
117.972,8.47662,21.6418,0,41,55,0,2500,0,0,0,24.9948,12.8103,0,1500,70039668599
137.265,7.28517,21.6418,0,41,55,0,2500,0,0,0,24.9948,12.8103,0,1500,70046953748
130.674,7.65264,21.6418,0,41,55,0,2500,0,0,0,24.9948,12.8103,0,1500,70054608231
99.8805,10.012,21.6418,0,41,55,0,2500,0,0,0,24.9948,12.8103,0,1500,70064620200
121.261,8.24665,21.6418,0,41,55,0,2500,0,0,0,24.9948,12.8103,0,1500,70072866835
117.648,8.49993,21.6418,0,41,55,0,2500,0,0,0,24.9948,12.8103,0,1500,70081367711
131.356,7.61292,21.6418,0,41,55,0,2500,0,0,0,24.9948,12.8103,0,1500,70088980492
120.977,8.26602,21.6418,0,41,55,0,2500,0,0,0,24.9948,12.8103,0,1500,70097246646
116.853,8.55778,21.6418,0,41,55,0,2500,0,0,0,24.9948,12.8103,0,1500,70105804802
118.452,8.44221,21.6418,0,41,55,0,2500,0,0,0,24.9948,12.8103,0,1500,70114247840
118.612,8.43084,21.6418,0,41,55,0,2500,0,0,0,24.9948,12.8103,0,1500,70122679076
123.987,8.06539,21.6418,0,41,55,0,2500,0,0,0,24.9948,12.8103,0,1500,70130745000
119.402,8.3751,21.6418,0,41,55,0,2500,0,0,0,24.9948,12.8103,0,1500,70139120174
117.548,8.50719,21.6418,0,41,55,0,2500,0,0,0,24.9948,12.8103,0,1500,70147627609
131.048,7.63076,21.6418,0,41,55,0,2500,0,0,0,24.9948,12.8103,0,1500,70155258759
108.656,9.20336,21.6418,0,41,55,0,2500,0,0,0,24.9948,12.8103,0,1500,70164463349
128.96,7.75434,21.6418,0,41,55,0,2500,0,0,0,24.9948,12.8103,0,1500,70172217735
111.72,8.95092,21.6418,0,41,55,0,2500,0,0,0,24.9948,12.8103,0,1500,70181169447
122.204,8.18307,21.6418,0,41,55,0,2500,0,0,0,24.9948,12.8103,0,1500,70189352598
119.569,8.36338,21.6418,0,41,55,0,2500,0,0,0,24.9948,12.8103,0,1500,70197716024
125.878,7.9442,21.6418,0,41,55,0,2500,0,0,0,24.9948,12.8103,0,1500,70205660855
112.8,8.86527,21.6418,0,41,55,0,2500,0,0,0,24.9948,12.8103,0,1500,70214527252
217.706,4.59335,21.6418,0,41,55,0,2500,0,0,0,24.9948,12.8103,0,1500,70219119807
96.2541,10.3892,21.6418,0,41,55,0,2500,0,0,0,24.9948,12.8103,0,1500,70229510083
115.802,8.63541,21.6418,0,41,55,0,2500,0,0,0,24.9948,12.8103,0,1500,70238145677
96.4379,10.3694,21.6418,0,41,55,0,2500,0,0,0,24.9948,12.8103,0,1500,70248516128
124.178,8.05295,21.6418,0,41,55,0,2500,0,0,0,24.9948,12.8103,0,1500,70256568738
219.879,4.54796,21.6418,0,41,55,0,2500,0,0,0,24.9948,12.8103,0,1500,70261117415
89.0088,11.2348,21.6418,0,41,55,0,2500,0,0,0,24.9948,12.8103,0,1500,70272352918
114.164,8.75934,21.6418,0,41,55,0,2500,0,0,0,24.9948,12.8103,0,1500,70281112299
117.17,8.53461,21.6418,0,41,55,0,2500,0,0,0,24.9948,12.8103,0,1500,70289647248
127.283,7.85651,21.6418,0,41,55,0,2500,0,0,0,24.9948,12.8103,0,1500,70297504113
114.336,8.74612,21.6418,0,41,55,0,2500,0,0,0,24.9948,12.8103,0,1500,70306250946
122.116,8.18892,21.6418,0,41,55,0,2500,0,0,0,24.9948,12.8103,0,1500,70314439994
121.678,8.21844,21.6418,0,41,55,0,2500,0,0,0,24.9948,12.8103,0,1500,70322659036
110.425,9.05592,21.6418,0,41,55,0,2500,0,0,0,24.9948,12.8103,0,1500,70331715282
134.893,7.41329,21.6418,0,41,55,0,2500,0,0,0,24.9948,12.8103,0,1500,70339129314
119.664,8.35672,21.6418,0,41,55,0,2500,0,0,0,24.9948,12.8103,0,1500,70347486563
114.369,8.74361,21.6418,0,41,55,0,2500,0,0,0,24.9948,12.8103,0,1500,70356230775
127.663,7.83311,21.6418,0,41,55,0,2500,0,0,0,24.9948,12.8103,0,1500,70364064428
118.068,8.46972,21.6418,0,41,55,0,2500,0,0,0,24.9948,12.8103,0,1500,70372534403
114.882,8.7046,21.6418,0,41,55,0,2500,0,0,0,24.9948,12.8103,0,1500,70381239526
113.01,8.84876,21.6418,0,41,55,0,2500,0,0,0,24.9948,12.8103,0,1500,70390088287
137.661,7.2642,21.6418,0,41,55,0,2500,0,0,0,24.9948,12.8103,0,1500,70397352816
115.25,8.67679,21.6418,0,41,55,0,2500,0,0,0,24.9948,12.8103,0,1500,70406030293
125.844,7.94635,21.6418,0,41,55,0,2500,0,0,0,24.9948,12.8103,0,1500,70413977087
133.368,7.49804,21.6418,0,41,55,0,2500,0,0,0,24.9948,12.8103,0,1500,70421475191
124.288,8.04582,21.6418,0,41,55,0,2500,0,0,0,24.9948,12.8103,0,1500,70429521540
120.146,8.32323,21.6418,0,41,55,0,2500,0,0,0,24.9948,12.8103,0,1500,70437844699
98.7724,10.1243,21.6418,0,41,55,0,2500,0,0,0,24.9948,12.8103,0,1500,70447969787
130.867,7.64134,21.6418,0,41,55,0,2500,0,0,0,24.9948,12.8103,0,1500,70455610894
124.226,8.04983,21.6418,0,41,55,0,2500,0,0,0,24.9948,12.8103,0,1500,70463662307
140.558,7.11449,21.6418,0,41,55,0,2500,0,0,0,24.9948,12.8103,0,1500,70470777742
117.551,8.50693,21.6418,0,41,55,0,2500,0,0,0,24.9948,12.8103,0,1500,70479291858
7.05563,141.731,22.3587,0,41,55,0,2500,0,0,0,24.992,12.8103,0,1500,70621016871
312.441,3.2006,22.3587,0,41,55,0,2500,0,0,0,24.992,12.8103,0,1500,70624217406
179.239,5.57913,22.3587,0,41,55,0,2500,0,0,0,24.992,12.8103,0,1500,70629797194
160.997,6.21128,22.3587,0,41,55,0,2500,0,0,0,24.992,12.8103,0,1500,70636008979
371.197,2.69399,22.3587,0,41,55,0,2500,0,0,0,24.992,12.8103,0,1500,70638703346
95.5964,10.4606,22.3587,0,41,55,0,2500,0,0,0,24.992,12.8103,0,1500,70649165285
112.437,8.8939,22.3587,0,41,55,0,2500,0,0,0,24.992,12.8103,0,1500,70658059920
118.776,8.41919,22.3587,0,41,55,0,2500,0,0,0,24.992,12.8103,0,1500,70666480464
124.65,8.02249,22.3587,0,41,55,0,2500,0,0,0,24.992,12.8103,0,1500,70674502839
111.428,8.9744,22.3587,0,41,55,0,2500,0,0,0,24.992,12.8103,0,1500,70683477997
139.002,7.19416,22.3587,0,41,55,0,2500,0,0,0,24.992,12.8103,0,1500,70690671945
113.157,8.83727,22.3587,0,41,55,0,2500,0,0,0,24.992,12.8103,0,1500,70699509338
117.542,8.50763,22.3587,0,41,55,0,2500,0,0,0,24.992,12.8103,0,1500,70708017435
126.529,7.90331,22.3587,0,41,55,0,2500,0,0,0,24.992,12.8103,0,1500,70715922497
96.1152,10.4042,22.3587,0,41,55,0,2500,0,0,0,24.992,12.8103,0,1500,70726327004
124.976,8.00152,22.3587,0,41,55,0,2500,0,0,0,24.992,12.8103,0,1500,70734329074
98.9671,10.1044,22.3587,0,41,55,0,2500,0,0,0,24.992,12.8103,0,1500,70744433246
153.369,6.52022,22.3587,0,41,55,0,2500,0,0,0,24.992,12.8103,0,1500,70750953374
140.635,7.11061,22.3587,0,41,55,0,2500,0,0,0,24.992,12.8103,0,1500,70758064525
121.776,8.21182,22.3587,0,41,55,0,2500,0,0,0,24.992,12.8103,0,1500,70766276714
125.183,7.98831,22.3587,0,41,55,0,2500,0,0,0,24.992,12.8103,0,1500,70774265377
123.297,8.11049,22.3587,0,41,55,0,2500,0,0,0,24.992,12.8103,0,1500,70782376245
119.018,8.40209,22.3587,0,41,55,0,2500,0,0,0,24.992,12.8103,0,1500,70790778324
126.739,7.89025,22.3587,0,41,55,0,2500,0,0,0,24.992,12.8103,0,1500,70798669443
105.041,9.52013,22.3587,0,41,55,0,2500,0,0,0,24.992,12.8103,0,1500,70808189979
126.04,7.934,22.3587,0,41,55,0,2500,0,0,0,24.992,12.8103,0,1500,70816124131
122.529,8.16134,22.3587,0,41,55,0,2500,0,0,0,24.992,12.8103,0,1500,70824285843
134.906,7.41258,22.3587,0,41,55,0,2500,0,0,0,24.992,12.8103,0,1500,70831699294
125.706,7.95504,22.3587,0,41,55,0,2500,0,0,0,24.992,12.8103,0,1500,70839654377
101.905,9.81304,22.3587,0,41,55,0,2500,0,0,0,24.992,12.8103,0,1500,70849467828
126.618,7.89779,22.3587,0,41,55,0,2500,0,0,0,24.992,12.8103,0,1500,70857365532
121.041,8.26165,22.3587,0,41,55,0,2500,0,0,0,24.992,12.8103,0,1500,70865627610
121.134,8.25531,22.3587,0,41,55,0,2500,0,0,0,24.992,12.8103,0,1500,70873883154
132.066,7.57198,22.3587,0,41,55,0,2500,0,0,0,24.992,12.8103,0,1500,70881455979
119.457,8.37124,22.3587,0,41,55,0,2500,0,0,0,24.992,12.8103,0,1500,70889827708
101.433,9.8587,22.3587,0,41,55,0,2500,0,0,0,24.992,12.8103,0,1500,70899686645
131.448,7.60757,22.3587,0,41,55,0,2500,0,0,0,24.992,12.8103,0,1500,70907294233
119.876,8.34197,22.3587,0,41,55,0,2500,0,0,0,24.992,12.8103,0,1500,70915636824
120.58,8.29323,22.3587,0,41,55,0,2500,0,0,0,24.992,12.8103,0,1500,70923930207
123.531,8.09515,22.3587,0,41,55,0,2500,0,0,0,24.992,12.8103,0,1500,70932027134
119.63,8.35909,22.3587,0,41,55,0,2500,0,0,0,24.992,12.8103,0,1500,70940385870
118.981,8.40467,22.3587,0,41,55,0,2500,0,0,0,24.992,12.8103,0,1500,70948791198
115.788,8.63646,22.3587,0,41,55,0,2500,0,0,0,24.992,12.8103,0,1500,70957428110
118.339,8.45029,22.3587,0,41,55,0,2500,0,0,0,24.992,12.8103,0,1500,70965879131
121.61,8.22302,22.3587,0,41,55,0,2500,0,0,0,24.992,12.8103,0,1500,70974102549
117.824,8.48725,22.3587,0,41,55,0,2500,0,0,0,24.992,12.8103,0,1500,70982594323
122.089,8.19075,21.2871,0,41,55,0,2500,0,0,0,24.9935,12.8103,0,1600,70990781873
213.601,4.68163,21.2871,0,41,55,0,2500,0,0,0,24.9935,12.8103,0,1600,70995463309
93.5286,10.6919,21.2871,0,41,55,0,2500,0,0,0,24.9935,12.8103,0,1600,71006156614
95.2351,10.5003,21.2871,0,41,55,0,2500,0,0,0,24.9935,12.8103,0,1600,71016658138
127.077,7.86926,21.2871,0,41,55,0,2500,0,0,0,24.9935,12.8103,0,1600,71024527669
136.616,7.3198,21.2871,0,41,55,0,2500,0,0,0,24.9935,12.8103,0,1600,71031846767
127.219,7.86048,21.2871,0,41,55,0,2500,0,0,0,24.9935,12.8103,0,1600,71039707635
95.9006,10.4275,21.2871,0,41,55,0,2500,0,0,0,24.9935,12.8103,0,1600,71050135949
171.818,5.8201,21.2871,0,41,55,0,2500,0,0,0,24.9935,12.8103,0,1600,71055956090
121.259,8.24683,21.2871,0,41,55,0,2500,0,0,0,24.9935,12.8103,0,1600,71064202884
119.943,8.3373,21.2871,0,41,55,0,2500,0,0,0,24.9935,12.8103,0,1600,71072540655
117.915,8.48067,21.2871,0,41,55,0,2500,0,0,0,24.9935,12.8103,0,1600,71081022258
91.597,10.9174,21.2871,0,41,55,0,2500,0,0,0,24.9935,12.8103,0,1600,71091940044
122.165,8.18563,21.2871,0,41,55,0,2500,0,0,0,24.9935,12.8103,0,1600,71100125615
111.023,9.00715,21.2871,0,41,55,0,2500,0,0,0,24.9935,12.8103,0,1600,71109133485
130.999,7.63366,21.2871,0,41,55,0,2500,0,0,0,24.9935,12.8103,0,1600,71116768276
131.544,7.60204,21.2871,0,41,55,0,2500,0,0,0,24.9935,12.8103,0,1600,71124370763
142.051,7.03973,21.2871,0,41,55,0,2500,0,0,0,24.9935,12.8103,0,1600,71131411030
112.279,8.90642,21.2871,0,41,55,0,2500,0,0,0,24.9935,12.8103,0,1600,71140317842
113.171,8.83618,21.2871,0,41,55,0,2500,0,0,0,24.9935,12.8103,0,1600,71149154882
103.88,9.62645,21.2871,0,41,55,0,2500,0,0,0,24.9935,12.8103,0,1600,71158782061
131.961,7.57799,21.2871,0,41,55,0,2500,0,0,0,24.9935,12.8103,0,1600,71166360697
130.883,7.64039,21.2871,0,41,55,0,2500,0,0,0,24.9935,12.8103,0,1600,71174001936
125.549,7.96501,21.2871,0,41,55,0,2500,0,0,0,24.9935,12.8103,0,1600,71181967478
118.456,8.44197,21.2871,0,41,55,0,2500,0,0,0,24.9935,12.8103,0,1600,71190409952
101.238,9.8777,21.2871,0,41,55,0,2500,0,0,0,24.9935,12.8103,0,1600,71200288368
122.116,8.18891,21.2871,0,41,55,0,2500,0,0,0,24.9935,12.8103,0,1600,71208478025
120.988,8.26529,21.2871,0,41,55,0,2500,0,0,0,24.9935,12.8103,0,1600,71216744065
121.172,8.25272,21.2871,0,41,55,0,2500,0,0,0,24.9935,12.8103,0,1600,71224997775
119.95,8.3368,21.2871,0,41,55,0,2500,0,0,0,24.9935,12.8103,0,1600,71233335316
139.159,7.18601,21.2871,0,41,55,0,2500,0,0,0,24.9935,12.8103,0,1600,71240522102
102.116,9.79282,21.2871,0,41,55,0,2500,0,0,0,24.9935,12.8103,0,1600,71250314789
111.928,8.93432,21.2871,0,41,55,0,2500,0,0,0,24.9935,12.8103,0,1600,71259249831
127.096,7.86808,21.2871,0,41,55,0,2500,0,0,0,24.9935,12.8103,0,1600,71267118086
134.753,7.42099,21.2871,0,41,55,0,2500,0,0,0,24.9935,12.8103,0,1600,71274540648
103.257,9.68459,21.2871,0,41,55,0,2500,0,0,0,24.9935,12.8103,0,1600,71284225947
129.501,7.72195,21.2871,0,41,55,0,2500,0,0,0,24.9935,12.8103,0,1600,71291948366
111.9,8.93653,21.2871,0,41,55,0,2500,0,0,0,24.9935,12.8103,0,1600,71300885882
132.146,7.56738,21.2871,0,41,55,0,2500,0,0,0,24.9935,12.8103,0,1600,71308453760
115.088,8.689,21.2871,0,41,55,0,2500,0,0,0,24.9935,12.8103,0,1600,71317142561
126.721,7.89138,21.2871,0,41,55,0,2500,0,0,0,24.9935,12.8103,0,1600,71325033577
109.814,9.10634,21.2871,0,41,55,0,2500,0,0,0,24.9935,12.8103,0,1600,71334140780
135.415,7.38472,21.2871,0,41,55,0,2500,0,0,0,24.9935,12.8103,0,1600,71341526277
128.812,7.76324,21.2871,0,41,55,0,2500,0,0,0,24.9935,12.8103,0,1600,71349290066
102.126,9.79179,21.2871,0,41,55,0,2500,0,0,0,24.9935,12.8103,0,1600,71359082972
158.264,6.31854,21.2871,0,41,55,0,2500,0,0,0,24.9935,12.8103,0,1600,71365400910
108.246,9.23822,21.2871,0,41,55,0,2500,0,0,0,24.9935,12.8103,0,1600,71374639712
138.877,7.2006,21.2871,0,41,55,0,2500,0,0,0,24.9935,12.8103,0,1600,71381840313
120.98,8.26585,21.2871,0,41,55,0,2500,0,0,0,24.9935,12.8103,0,1600,71390106758
106.748,9.36785,21.2871,0,41,55,0,2500,0,0,0,24.9935,12.8103,0,1600,71399475299
136.49,7.32656,21.2871,0,41,55,0,2500,0,0,0,24.9935,12.8103,0,1600,71406802364
111.676,8.95448,21.2871,0,41,55,0,2500,0,0,0,24.9935,12.8103,0,1600,71415757075
99.8512,10.0149,21.2871,0,41,55,0,2500,0,0,0,24.9935,12.8103,0,1600,71425772713
128.677,7.77138,21.2871,0,41,55,0,2500,0,0,0,24.9935,12.8103,0,1600,71433544531
143.373,6.97481,21.2871,0,41,55,0,2500,0,0,0,24.9935,12.8103,0,1600,71440519538
104.896,9.53323,21.2871,0,41,55,0,2500,0,0,0,24.9935,12.8103,0,1600,71450054003
133.738,7.47733,21.2871,0,41,55,0,2500,0,0,0,24.9935,12.8103,0,1600,71457531796
122.741,8.14722,21.2871,0,41,55,0,2500,0,0,0,24.9935,12.8103,0,1600,71465679374
126.484,7.90614,21.2871,0,41,55,0,2500,0,0,0,24.9935,12.8103,0,1600,71473586471
121.137,8.25514,21.2871,0,41,55,0,2500,0,0,0,24.9935,12.8103,0,1600,71481842007
115.402,8.66538,21.2871,0,41,55,0,2500,0,0,0,24.9935,12.8103,0,1600,71490515475
182.816,5.46997,23.0392,0,34,55,0,2500,0,0,0,24.9955,12.8099,0,1500,71495978413
80.5525,12.4143,23.0392,0,34,55,0,2500,0,0,0,24.9955,12.8099,0,1500,71508394355
117.302,8.52497,23.0392,0,34,55,0,2500,0,0,0,24.9955,12.8099,0,1500,71516918948
122.857,8.13952,23.0392,0,34,55,0,2500,0,0,0,24.9955,12.8099,0,1500,71525058280
119.437,8.37264,23.0392,0,34,55,0,2500,0,0,0,24.9955,12.8099,0,1500,71533432616
117.274,8.52701,23.0392,0,34,55,0,2500,0,0,0,24.9955,12.8099,0,1500,71541959835
124.819,8.01161,23.0392,0,34,55,0,2500,0,0,0,24.9955,12.8099,0,1500,71549972533
124.276,8.04661,23.0392,0,34,55,0,2500,0,0,0,24.9955,12.8099,0,1500,71558019561
118.728,8.42263,23.0392,0,34,55,0,2500,0,0,0,24.9955,12.8099,0,1500,71566442659
116.719,8.5676,23.0392,0,34,55,0,2500,0,0,0,24.9955,12.8099,0,1500,71575011251
119.363,8.37783,23.0392,0,34,55,0,2500,0,0,0,24.9955,12.8099,0,1500,71583390153
132.399,7.55293,23.0392,0,34,55,0,2500,0,0,0,24.9955,12.8099,0,1500,71590943454
108.819,9.18959,23.0392,0,34,55,0,2500,0,0,0,24.9955,12.8099,0,1500,71600133883
120.517,8.29757,23.0392,0,34,55,0,2500,0,0,0,24.9955,12.8099,0,1500,71608431564
114.811,8.70998,23.0392,0,34,55,0,2500,0,0,0,24.9955,12.8099,0,1500,71617141603
123.007,8.12959,23.0392,0,34,55,0,2500,0,0,0,24.9955,12.8099,0,1500,71625272738
109.767,9.11021,23.0392,0,34,55,0,2500,0,0,0,24.9955,12.8099,0,1500,71634383575
128.289,7.79491,23.0392,0,34,55,0,2500,0,0,0,24.9955,12.8099,0,1500,71642179236
121.568,8.22585,23.0392,0,34,55,0,2500,0,0,0,24.9955,12.8099,0,1500,71650405805
147.105,6.79787,23.0392,0,34,55,0,2500,0,0,0,24.9955,12.8099,0,1500,71657204164
127.672,7.83258,23.0392,0,34,55,0,2500,0,0,0,24.9955,12.8099,0,1500,71665037003
114.592,8.72659,23.0392,0,34,55,0,2500,0,0,0,24.9955,12.8099,0,1500,71673764409
100.525,9.9478,23.0392,0,34,55,0,2500,0,0,0,24.9955,12.8099,0,1500,71683713220
135.744,7.3668,23.0392,0,34,55,0,2500,0,0,0,24.9955,12.8099,0,1500,71691080410
105.124,9.51258,23.0392,0,34,55,0,2500,0,0,0,24.9955,12.8099,0,1500,71700593388
138.24,7.23378,23.0392,0,34,55,0,2500,0,0,0,24.9955,12.8099,0,1500,71707827929
112.509,8.88817,23.0392,0,34,55,0,2500,0,0,0,24.9955,12.8099,0,1500,71716716987
141.915,7.04645,23.0392,0,34,55,0,2500,0,0,0,24.9955,12.8099,0,1500,71723762524
112.663,8.87605,23.0392,0,34,55,0,2500,0,0,0,24.9955,12.8099,0,1500,71732639043
134.07,7.4588,23.0392,0,34,55,0,2500,0,0,0,24.9955,12.8099,0,1500,71740098699
119.433,8.37287,23.0392,0,34,55,0,2500,0,0,0,24.9955,12.8099,0,1500,71748471868
111.937,8.93358,23.0392,0,34,55,0,2500,0,0,0,24.9955,12.8099,0,1500,71757405845
117.189,8.5332,23.0392,0,34,55,0,2500,0,0,0,24.9955,12.8099,0,1500,71765939456
100.569,9.94346,23.0392,0,34,55,0,2500,0,0,0,24.9955,12.8099,0,1500,71775883664
132.788,7.53083,23.0392,0,34,55,0,2500,0,0,0,24.9955,12.8099,0,1500,71783414517
127.301,7.85538,23.0392,0,34,55,0,2500,0,0,0,24.9955,12.8099,0,1500,71791270653
113.054,8.84536,23.0392,0,34,55,0,2500,0,0,0,24.9955,12.8099,0,1500,71800116378
121.336,8.24156,23.0392,0,34,55,0,2500,0,0,0,24.9955,12.8099,0,1500,71808358553
118.258,8.45609,23.0392,0,34,55,0,2500,0,0,0,24.9955,12.8099,0,1500,71816815469
110.113,9.08159,23.0392,0,34,55,0,2500,0,0,0,24.9955,12.8099,0,1500,71825897165
126.969,7.87595,23.0392,0,34,55,0,2500,0,0,0,24.9955,12.8099,0,1500,71833774320
141.099,7.0872,23.0392,0,34,55,0,2500,0,0,0,24.9955,12.8099,0,1500,71840862030
118.555,8.43489,23.0392,0,34,55,0,2500,0,0,0,24.9955,12.8099,0,1500,71849297342
103.888,9.62575,23.0392,0,34,55,0,2500,0,0,0,24.9955,12.8099,0,1500,71858923018
141.395,7.0724,23.0392,0,34,55,0,2500,0,0,0,24.9955,12.8099,0,1500,71865996319
110.591,9.04236,23.0392,0,34,55,0,2500,0,0,0,24.9955,12.8099,0,1500,71875039112
113.227,8.83182,23.0392,0,34,55,0,2500,0,0,0,24.9955,12.8099,0,1500,71883871114
126.604,7.89863,23.0392,0,34,55,0,2500,0,0,0,24.9955,12.8099,0,1500,71891770445
106.612,9.37983,23.0392,0,34,55,0,2500,0,0,0,24.9955,12.8099,0,1500,71901150857
124.38,8.03985,23.0392,0,34,55,0,2500,0,0,0,24.9955,12.8099,0,1500,71909191730
121.095,8.25799,23.0392,0,34,55,0,2500,0,0,0,24.9955,12.8099,0,1500,71917449603
125.689,7.95616,23.0392,0,34,55,0,2500,0,0,0,24.9955,12.8099,0,1500,71925406243
131.886,7.58232,23.0392,0,34,55,0,2500,0,0,0,24.9955,12.8099,0,1500,71932988837
116.622,8.57471,23.0392,0,34,55,0,2500,0,0,0,24.9955,12.8099,0,1500,71941564048
125.056,7.99641,23.0392,0,34,55,0,2500,0,0,0,24.9955,12.8099,0,1500,71949560573
137.467,7.27446,23.0392,0,34,55,0,2500,0,0,0,24.9955,12.8099,0,1500,71956836199
98.3975,10.1629,23.0392,0,34,55,0,2500,0,0,0,24.9955,12.8099,0,1500,71966999943
118.172,8.46227,23.0392,0,34,55,0,2500,0,0,0,24.9955,12.8099,0,1500,71975462924
120.931,8.26919,23.0392,0,34,55,0,2500,0,0,0,24.9955,12.8099,0,1500,71983732801
193.736,5.16166,23.0392,0,34,55,0,2500,0,0,0,24.9955,12.8099,0,1500,71988894676
91.5007,10.9289,23.0392,0,34,55,0,2500,0,0,0,24.9955,12.8099,0,1500,71999829569
122.826,8.14158,22.7384,0,42,55,0,2500,0,0,0,24.9955,12.8099,0,1500,72007966968
125.214,7.98634,22.7384,0,42,55,0,2500,0,0,0,24.9955,12.8099,0,1500,72015953731
122.757,8.14616,22.7384,0,42,55,0,2500,0,0,0,24.9955,12.8099,0,1500,72024100415
117.651,8.49974,22.7384,0,42,55,0,2500,0,0,0,24.9955,12.8099,0,1500,72032601030
118.508,8.43822,22.7384,0,42,55,0,2500,0,0,0,24.9955,12.8099,0,1500,72041039694
116.164,8.60853,22.7384,0,42,55,0,2500,0,0,0,24.9955,12.8099,0,1500,72049648954
143.436,6.97175,22.7384,0,42,55,0,2500,0,0,0,24.9955,12.8099,0,1500,72056620992
99.6248,10.0377,22.7384,0,42,55,0,2500,0,0,0,24.9955,12.8099,0,1500,72066659238
117.762,8.49168,22.7384,0,42,55,0,2500,0,0,0,24.9955,12.8099,0,1500,72075152083
124.34,8.04249,22.7384,0,42,55,0,2500,0,0,0,24.9955,12.8099,0,1500,72083195323
128.981,7.75305,22.7384,0,42,55,0,2500,0,0,0,24.9955,12.8099,0,1500,72090948337
137.408,7.27758,22.7384,0,42,55,0,2500,0,0,0,24.9955,12.8099,0,1500,72098226701
113.475,8.81251,22.7384,0,42,55,0,2500,0,0,0,24.9955,12.8099,0,1500,72107039719
127.877,7.81999,22.7384,0,42,55,0,2500,0,0,0,24.9955,12.8099,0,1500,72114860585
118.801,8.41742,22.7384,0,42,55,0,2500,0,0,0,24.9955,12.8099,0,1500,72123278690
96.2709,10.3874,22.7384,0,42,55,0,2500,0,0,0,24.9955,12.8099,0,1500,72133666349
129.928,7.69658,22.7384,0,42,55,0,2500,0,0,0,24.9955,12.8099,0,1500,72141363638
119.665,8.35663,22.7384,0,42,55,0,2500,0,0,0,24.9955,12.8099,0,1500,72149720958
144.109,6.93921,22.7384,0,42,55,0,2500,0,0,0,24.9955,12.8099,0,1500,72156660377
114.844,8.70745,22.7384,0,42,55,0,2500,0,0,0,24.9955,12.8099,0,1500,72165368607
97.1975,10.2883,22.7384,0,42,55,0,2500,0,0,0,24.9955,12.8099,0,1500,72175657605
127.963,7.81478,22.7384,0,42,55,0,2500,0,0,0,24.9955,12.8099,0,1500,72183471874
121.304,8.24374,22.7384,0,42,55,0,2500,0,0,0,24.9955,12.8099,0,1500,72191716262
107.294,9.32018,22.7384,0,42,55,0,2500,0,0,0,24.9955,12.8099,0,1500,72201037353
147.125,6.79696,22.7384,0,42,55,0,2500,0,0,0,24.9955,12.8099,0,1500,72207834114
123.054,8.1265,22.7384,0,42,55,0,2500,0,0,0,24.9955,12.8099,0,1500,72215961184
100.281,9.97194,22.7384,0,42,55,0,2500,0,0,0,24.9955,12.8099,0,1500,72225933283
140.704,7.1071,22.7384,0,42,55,0,2500,0,0,0,24.9955,12.8099,0,1500,72233041174
109.696,9.11609,22.7384,0,42,55,0,2500,0,0,0,24.9955,12.8099,0,1500,72242157459
136.613,7.31996,22.7384,0,42,55,0,2500,0,0,0,24.9955,12.8099,0,1500,72249478002
129.541,7.71957,22.7384,0,42,55,0,2500,0,0,0,24.9955,12.8099,0,1500,72257198151
113.109,8.84102,22.7384,0,42,55,0,2500,0,0,0,24.9955,12.8099,0,1500,72266039635
123.437,8.10127,22.7384,0,42,55,0,2500,0,0,0,24.9955,12.8099,0,1500,72274141787
102.04,9.80007,22.7384,0,42,55,0,2500,0,0,0,24.9955,12.8099,0,1500,72283941521
127.068,7.86978,22.7384,0,42,55,0,2500,0,0,0,24.9955,12.8099,0,1500,72291811981
125.802,7.949,22.7384,0,42,55,0,2500,0,0,0,24.9955,12.8099,0,1500,72299761461
117.065,8.54226,22.7384,0,42,55,0,2500,0,0,0,24.9955,12.8099,0,1500,72308303983
127.622,7.83567,22.7384,0,42,55,0,2500,0,0,0,24.9955,12.8099,0,1500,72316140006
115.114,8.68707,22.7384,0,42,55,0,2500,0,0,0,24.9955,12.8099,0,1500,72324827700
129.449,7.72507,22.7384,0,42,55,0,2500,0,0,0,24.9955,12.8099,0,1500,72332553418
125.261,7.98334,22.7384,0,42,55,0,2500,0,0,0,24.9955,12.8099,0,1500,72340537290
117.988,8.47543,22.7384,0,42,55,0,2500,0,0,0,24.9955,12.8099,0,1500,72349013382
190.766,5.24202,22.7384,0,42,55,0,2500,0,0,0,24.9955,12.8099,0,1500,72354255687
91.1833,10.9669,22.7384,0,42,55,0,2500,0,0,0,24.9955,12.8099,0,1500,72365223392
106.686,9.37332,22.7384,0,42,55,0,2500,0,0,0,24.9955,12.8099,0,1500,72374597727
112.067,8.92321,22.7384,0,42,55,0,2500,0,0,0,24.9955,12.8099,0,1500,72383521122
121.3,8.244,22.7384,0,42,55,0,2500,0,0,0,24.9955,12.8099,0,1500,72391765397
123.108,8.12292,22.7384,0,42,55,0,2500,0,0,0,24.9955,12.8099,0,1500,72399889490
238.156,4.19892,22.7384,0,42,55,0,2500,0,0,0,24.9955,12.8099,0,1500,72404088696
92.965,10.7567,22.7384,0,42,55,0,2500,0,0,0,24.9955,12.8099,0,1500,72414846232
97.1503,10.2933,22.7384,0,42,55,0,2500,0,0,0,24.9955,12.8099,0,1500,72425140177
141.11,7.08668,22.7384,0,42,55,0,2500,0,0,0,24.9955,12.8099,0,1500,72432227248
102.454,9.76044,22.7384,0,42,55,0,2500,0,0,0,24.9955,12.8099,0,1500,72441988432
138.704,7.20958,22.7384,0,42,55,0,2500,0,0,0,24.9955,12.8099,0,1500,72449198152
104.514,9.56814,22.7384,0,42,55,0,2500,0,0,0,24.9955,12.8099,0,1500,72458767311
128.669,7.77188,22.7384,0,42,55,0,2500,0,0,0,24.9955,12.8099,0,1500,72466539952
109.867,9.1019,22.7384,0,42,55,0,2500,0,0,0,24.9955,12.8099,0,1500,72475643098
119.95,8.3368,22.7384,0,42,55,0,2500,0,0,0,24.9955,12.8099,0,1500,72483980288
152.222,6.56936,22.7384,0,42,55,0,2500,0,0,0,24.9955,12.8099,0,1500,72490549751
100.025,9.99754,22.7384,0,42,55,0,2500,0,0,0,24.9955,12.8099,0,1500,72500553672
128.202,7.80021,19.9501,0,41,56,0,2500,0,0,0,24.9955,12.8098,0,1500,72508348093
123.218,8.11568,19.9501,0,41,56,0,2500,0,0,0,24.9955,12.8098,0,1500,72516464308
111.088,9.0019,19.9501,0,41,56,0,2500,0,0,0,24.9955,12.8098,0,1500,72525466853
130.899,7.63948,19.9501,0,41,56,0,2500,0,0,0,24.9955,12.8098,0,1500,72533106387
121.517,8.22932,19.9501,0,41,56,0,2500,0,0,0,24.9955,12.8098,0,1500,72541336305
118.854,8.41369,19.9501,0,41,56,0,2500,0,0,0,24.9955,12.8098,0,1500,72549750176
123.314,8.10935,19.9501,0,41,56,0,2500,0,0,0,24.9955,12.8098,0,1500,72557860171
129.658,7.71262,19.9501,0,41,56,0,2500,0,0,0,24.9955,12.8098,0,1500,72565573306
100.675,9.93298,19.9501,0,41,56,0,2500,0,0,0,24.9955,12.8098,0,1500,72575506914
138.112,7.24048,19.9501,0,41,56,0,2500,0,0,0,24.9955,12.8098,0,1500,72582747368
111.821,8.94287,19.9501,0,41,56,0,2500,0,0,0,24.9955,12.8098,0,1500,72591691180
125.909,7.94222,19.9501,0,41,56,0,2500,0,0,0,24.9955,12.8098,0,1500,72599633915
115.446,8.66203,19.9501,0,41,56,0,2500,0,0,0,24.9955,12.8098,0,1500,72608297266
115.379,8.66711,19.9501,0,41,56,0,2500,0,0,0,24.9955,12.8098,0,1500,72616964540
129.671,7.71182,19.9501,0,41,56,0,2500,0,0,0,24.9955,12.8098,0,1500,72624677037
107.871,9.27034,19.9501,0,41,56,0,2500,0,0,0,24.9955,12.8098,0,1500,72633948401
144.257,6.93209,19.9501,0,41,56,0,2500,0,0,0,24.9955,12.8098,0,1500,72640881532
124.848,8.00974,19.9501,0,41,56,0,2500,0,0,0,24.9955,12.8098,0,1500,72648891714
94.5469,10.5768,19.9501,0,41,56,0,2500,0,0,0,24.9955,12.8098,0,1500,72659468270
158.575,6.30615,19.9501,0,41,56,0,2500,0,0,0,24.9955,12.8098,0,1500,72665774480
99.6702,10.0331,19.9501,0,41,56,0,2500,0,0,0,24.9955,12.8098,0,1500,72675808262
151.063,6.61974,19.9501,0,41,56,0,2500,0,0,0,24.9955,12.8098,0,1500,72682427631
131.176,7.62334,19.9501,0,41,56,0,2500,0,0,0,24.9955,12.8098,0,1500,72690051812
101.93,9.81064,19.9501,0,41,56,0,2500,0,0,0,24.9955,12.8098,0,1500,72699863143
144.181,6.93575,19.9501,0,41,56,0,2500,0,0,0,24.9955,12.8098,0,1500,72706798724
94.895,10.538,19.9501,0,41,56,0,2500,0,0,0,24.9955,12.8098,0,1500,72717337240
148.601,6.72942,19.9501,0,41,56,0,2500,0,0,0,24.9955,12.8098,0,1500,72724066755
130.953,7.6363,19.9501,0,41,56,0,2500,0,0,0,24.9955,12.8098,0,1500,72731704482
120.062,8.32905,19.9501,0,41,56,0,2500,0,0,0,24.9955,12.8098,0,1500,72740033199
114.935,8.7006,19.9501,0,41,56,0,2500,0,0,0,24.9955,12.8098,0,1500,72748734027
123.644,8.08773,19.9501,0,41,56,0,2500,0,0,0,24.9955,12.8098,0,1500,72756822672
99.8367,10.0164,19.9501,0,41,56,0,2500,0,0,0,24.9955,12.8098,0,1500,72766839322
136.471,7.32759,19.9501,0,41,56,0,2500,0,0,0,24.9955,12.8098,0,1500,72774168079
122.456,8.16619,19.9501,0,41,56,0,2500,0,0,0,24.9955,12.8098,0,1500,72782334672
107.034,9.34282,19.9501,0,41,56,0,2500,0,0,0,24.9955,12.8098,0,1500,72791678518
126.697,7.89285,19.9501,0,41,56,0,2500,0,0,0,24.9955,12.8098,0,1500,72799571577
115.985,8.62183,19.9501,0,41,56,0,2500,0,0,0,24.9955,12.8098,0,1500,72808194878
142.312,7.0268,19.9501,0,41,56,0,2500,0,0,0,24.9955,12.8098,0,1500,72815221410
105.39,9.4886,19.9501,0,41,56,0,2500,0,0,0,24.9955,12.8098,0,1500,72824710891
108.029,9.25676,19.9501,0,41,56,0,2500,0,0,0,24.9955,12.8098,0,1500,72833968426
130.731,7.64928,19.9501,0,41,56,0,2500,0,0,0,24.9955,12.8098,0,1500,72841617860
111.21,8.992,19.9501,0,41,56,0,2500,0,0,0,24.9955,12.8098,0,1500,72850609937
130.245,7.67785,19.9501,0,41,56,0,2500,0,0,0,24.9955,12.8098,0,1500,72858288105
198.717,5.03228,19.9501,0,41,56,0,2500,0,0,0,24.9955,12.8098,0,1500,72863320816
94.5205,10.5797,19.9501,0,41,56,0,2500,0,0,0,24.9955,12.8098,0,1500,72873901516
112.501,8.88879,19.9501,0,41,56,0,2500,0,0,0,24.9955,12.8098,0,1500,72882789994
214.395,4.66429,19.9501,0,41,56,0,2500,0,0,0,24.9955,12.8098,0,1500,72887454928
73.8638,13.5384,19.9501,0,41,56,0,2500,0,0,0,24.9955,12.8098,0,1500,72900994264
131.552,7.60158,19.9501,0,41,56,0,2500,0,0,0,24.9955,12.8098,0,1500,72908596244
258.627,3.86658,19.9501,0,41,56,0,2500,0,0,0,24.9955,12.8098,0,1500,72912462823
80.1129,12.4824,19.9501,0,41,56,0,2500,0,0,0,24.9955,12.8098,0,1500,72924945757
147.267,6.79039,19.9501,0,41,56,0,2500,0,0,0,24.9955,12.8098,0,1500,72931736479
99.6154,10.0386,19.9501,0,41,56,0,2500,0,0,0,24.9955,12.8098,0,1500,72941775426
141.392,7.07255,19.9501,0,41,56,0,2500,0,0,0,24.9955,12.8098,0,1500,72948848473
100.044,9.9956,19.9501,0,41,56,0,2500,0,0,0,24.9955,12.8098,0,1500,72958844228
122.889,8.13743,19.9501,0,41,56,0,2500,0,0,0,24.9955,12.8098,0,1500,72966982005
150.368,6.65034,19.9501,0,41,56,0,2500,0,0,0,24.9955,12.8098,0,1500,72973633011
94.4361,10.5892,19.9501,0,41,56,0,2500,0,0,0,24.9955,12.8098,0,1500,72984222903
162.302,6.16135,19.9501,0,41,56,0,2500,0,0,0,24.9955,12.8098,0,1500,72990384250
94.8859,10.539,19.9501,0,41,56,0,2500,0,0,0,24.9955,12.8098,0,1500,73000927505
145.382,6.87841,21.4464,0,42,56,0,2500,0,0,0,24.9927,12.8098,0,1500,73007802496
125.241,7.98458,21.4464,0,42,56,0,2500,0,0,0,24.9927,12.8098,0,1500,73015787587
102.422,9.76351,21.4464,0,42,56,0,2500,0,0,0,24.9927,12.8098,0,1500,73025551490
130.401,7.66863,21.4464,0,42,56,0,2500,0,0,0,24.9927,12.8098,0,1500,73033221264
125.291,7.98144,21.4464,0,42,56,0,2500,0,0,0,24.9927,12.8098,0,1500,73041203084
116.865,8.55687,21.4464,0,42,56,0,2500,0,0,0,24.9927,12.8098,0,1500,73049760868
143.239,6.98134,21.4464,0,42,56,0,2500,0,0,0,24.9927,12.8098,0,1500,73056742357
118.31,8.45237,21.4464,0,42,56,0,2500,0,0,0,24.9927,12.8098,0,1500,73065194838
95.8863,10.429,21.4464,0,42,56,0,2500,0,0,0,24.9927,12.8098,0,1500,73075624119
129.367,7.72994,21.4464,0,42,56,0,2500,0,0,0,24.9927,12.8098,0,1500,73083354638
124.067,8.06017,21.4464,0,42,56,0,2500,0,0,0,24.9927,12.8098,0,1500,73091415259
127.955,7.81526,21.4464,0,42,56,0,2500,0,0,0,24.9927,12.8098,0,1500,73099230598
104.028,9.61283,21.4464,0,42,56,0,2500,0,0,0,24.9927,12.8098,0,1500,73108843937
159.896,6.25408,21.4464,0,42,56,0,2500,0,0,0,24.9927,12.8098,0,1500,73115098752
96.0921,10.4067,21.4464,0,42,56,0,2500,0,0,0,24.9927,12.8098,0,1500,73125505851
130.113,7.68563,21.4464,0,42,56,0,2500,0,0,0,24.9927,12.8098,0,1500,73133191608
144.527,6.91912,21.4464,0,42,56,0,2500,0,0,0,24.9927,12.8098,0,1500,73140111705
103.088,9.70045,21.4464,0,42,56,0,2500,0,0,0,24.9927,12.8098,0,1500,73149813236
116.786,8.56264,21.4464,0,42,56,0,2500,0,0,0,24.9927,12.8098,0,1500,73158377185
124.965,8.00225,21.4464,0,42,56,0,2500,0,0,0,24.9927,12.8098,0,1500,73166379254
108.951,9.17848,21.4464,0,42,56,0,2500,0,0,0,24.9927,12.8098,0,1500,73175558625
122.862,8.13919,21.4464,0,42,56,0,2500,0,0,0,24.9927,12.8098,0,1500,73183698122
130.571,7.65868,21.4464,0,42,56,0,2500,0,0,0,24.9927,12.8098,0,1500,73191356976
115.734,8.64048,21.4464,0,42,56,0,2500,0,0,0,24.9927,12.8098,0,1500,73199997449
115.795,8.63599,21.4464,0,42,56,0,2500,0,0,0,24.9927,12.8098,0,1500,73208634403
115.983,8.62196,21.4464,0,42,56,0,2500,0,0,0,24.9927,12.8098,0,1500,73217256523
152.238,6.56864,21.4464,0,42,56,0,2500,0,0,0,24.9927,12.8098,0,1500,73223825305
104.08,9.608,21.4464,0,42,56,0,2500,0,0,0,24.9927,12.8098,0,1500,73233433674
142.363,7.02427,21.4464,0,42,56,0,2500,0,0,0,24.9927,12.8098,0,1500,73240459367
115.838,8.63272,21.4464,0,42,56,0,2500,0,0,0,24.9927,12.8098,0,1500,73249092596
132.349,7.55576,21.4464,0,42,56,0,2500,0,0,0,24.9927,12.8098,0,1500,73256648563
115.07,8.69036,21.4464,0,42,56,0,2500,0,0,0,24.9927,12.8098,0,1500,73265339806
108.945,9.17898,21.4464,0,42,56,0,2500,0,0,0,24.9927,12.8098,0,1500,73274520027
132.753,7.5328,21.4464,0,42,56,0,2500,0,0,0,24.9927,12.8098,0,1500,73282060691
125.804,7.94889,21.4464,0,42,56,0,2500,0,0,0,24.9927,12.8098,0,1500,73290009906
113.064,8.84452,21.4464,0,42,56,0,2500,0,0,0,24.9927,12.8098,0,1500,73298855291
119.243,8.38624,21.4464,0,42,56,0,2500,0,0,0,24.9927,12.8098,0,1500,73307242068
121.87,8.20545,21.4464,0,42,56,0,2500,0,0,0,24.9927,12.8098,0,1500,73315447883
125.251,7.98396,21.4464,0,42,56,0,2500,0,0,0,24.9927,12.8098,0,1500,73323431878
94.8921,10.5383,21.4464,0,42,56,0,2500,0,0,0,24.9927,12.8098,0,1500,73333971608
278.13,3.59544,21.4464,0,42,56,0,2500,0,0,0,24.9927,12.8098,0,1500,73337567283
76.5165,13.0691,21.4464,0,42,56,0,2500,0,0,0,24.9927,12.8098,0,1500,73350637267
217.431,4.59916,21.4464,0,42,56,0,2500,0,0,0,24.9927,12.8098,0,1500,73355237264
88.7771,11.2642,21.4464,0,42,56,0,2500,0,0,0,24.9927,12.8098,0,1500,73366502083
135.103,7.40178,21.4464,0,42,56,0,2500,0,0,0,24.9927,12.8098,0,1500,73373904134
124.265,8.04734,21.4464,0,42,56,0,2500,0,0,0,24.9927,12.8098,0,1500,73381952163
120.174,8.32129,21.4464,0,42,56,0,2500,0,0,0,24.9927,12.8098,0,1500,73390273730
122.132,8.18789,21.4464,0,42,56,0,2500,0,0,0,24.9927,12.8098,0,1500,73398462360
93.8724,10.6528,21.4464,0,42,56,0,2500,0,0,0,24.9927,12.8098,0,1500,73409116323
140.543,7.11528,21.4464,0,42,56,0,2500,0,0,0,24.9927,12.8098,0,1500,73416231343
133.031,7.51706,21.4464,0,42,56,0,2500,0,0,0,24.9927,12.8098,0,1500,73423748611
112.893,8.85793,21.4464,0,42,56,0,2500,0,0,0,24.9927,12.8098,0,1500,73432606771
122.103,8.18984,21.4464,0,42,56,0,2500,0,0,0,24.9927,12.8098,0,1500,73440797883
112.229,8.91038,21.4464,0,42,56,0,2500,0,0,0,24.9927,12.8098,0,1500,73449708892
127.747,7.82796,21.4464,0,42,56,0,2500,0,0,0,24.9927,12.8098,0,1500,73457538066
109.618,9.12257,21.4464,0,42,56,0,2500,0,0,0,24.9927,12.8098,0,1500,73466660984
111.409,8.97594,21.4464,0,42,56,0,2500,0,0,0,24.9927,12.8098,0,1500,73475637694
126.706,7.89228,21.4464,0,42,56,0,2500,0,0,0,24.9927,12.8098,0,1500,73483530366
117.068,8.54206,21.4464,0,42,56,0,2500,0,0,0,24.9927,12.8098,0,1500,73492072684
129.392,7.72847,21.4464,0,42,56,0,2500,0,0,0,24.9927,12.8098,0,1500,73499802129
119.189,8.39003,21.4464,0,42,56,0,2500,0,0,0,24.9927,12.8098,0,1500,73508198858
119.093,8.39682,20.6388,0,42,56,0,2500,0,0,0,24.9954,12.8098,0,1503,73516590426
124.076,8.0596,20.6388,0,42,56,0,2500,0,0,0,24.9954,12.8098,0,1503,73524650486
111.32,8.98314,20.6388,0,42,56,0,2500,0,0,0,24.9954,12.8098,0,1503,73533634457
125.127,7.99185,20.6388,0,42,56,0,2500,0,0,0,24.9954,12.8098,0,1503,73541627024
124.419,8.03739,20.6388,0,42,56,0,2500,0,0,0,24.9954,12.8098,0,1503,73549664876
115.181,8.68196,20.6388,0,42,56,0,2500,0,0,0,24.9954,12.8098,0,1503,73558347712
126.7,7.89264,20.6388,0,42,56,0,2500,0,0,0,24.9954,12.8098,0,1503,73566240596
108.351,9.22929,20.6388,0,42,56,0,2500,0,0,0,24.9954,12.8098,0,1503,73575471301
118.589,8.43247,20.6388,0,42,56,0,2500,0,0,0,24.9954,12.8098,0,1503,73583904452
128.606,7.77568,20.6388,0,42,56,0,2500,0,0,0,24.9954,12.8098,0,1503,73591680441
129.653,7.71289,20.6388,0,42,56,0,2500,0,0,0,24.9954,12.8098,0,1503,73599393519
136.434,7.32955,20.6388,0,42,56,0,2500,0,0,0,24.9954,12.8098,0,1503,73606723572
95.9184,10.4255,20.6388,0,42,56,0,2500,0,0,0,24.9954,12.8098,0,1503,73617150143
128.767,7.76594,20.6388,0,42,56,0,2500,0,0,0,24.9954,12.8098,0,1503,73624917121
108.204,9.2418,20.6388,0,42,56,0,2500,0,0,0,24.9954,12.8098,0,1503,73634159999
122.979,8.13149,20.6388,0,42,56,0,2500,0,0,0,24.9954,12.8098,0,1503,73642291776
125.766,7.9513,20.6388,0,42,56,0,2500,0,0,0,24.9954,12.8098,0,1503,73650243534
120.057,8.32941,20.6388,0,42,56,0,2500,0,0,0,24.9954,12.8098,0,1503,73658573193
118.671,8.42669,20.6388,0,42,56,0,2500,0,0,0,24.9954,12.8098,0,1503,73666999699
126.966,7.87612,20.6388,0,42,56,0,2500,0,0,0,24.9954,12.8098,0,1503,73674876686
109.042,9.17079,20.6388,0,42,56,0,2500,0,0,0,24.9954,12.8098,0,1503,73684047401
124.86,8.00898,20.6388,0,42,56,0,2500,0,0,0,24.9954,12.8098,0,1503,73692056831
123.217,8.11576,20.6388,0,42,56,0,2500,0,0,0,24.9954,12.8098,0,1503,73700173166
123.114,8.12258,20.6388,0,42,56,0,2500,0,0,0,24.9954,12.8098,0,1503,73708296667
116.497,8.58393,20.6388,0,42,56,0,2500,0,0,0,24.9954,12.8098,0,1503,73716881437
119.868,8.34252,20.6388,0,42,56,0,2500,0,0,0,24.9954,12.8098,0,1503,73725224810
132.571,7.54311,20.6388,0,42,56,0,2500,0,0,0,24.9954,12.8098,0,1503,73732767862
104.644,9.55621,20.6388,0,42,56,0,2500,0,0,0,24.9954,12.8098,0,1503,73742324344
145.781,6.85962,20.6388,0,42,56,0,2500,0,0,0,24.9954,12.8098,0,1503,73749185185
128.045,7.80978,20.6388,0,42,56,0,2500,0,0,0,24.9954,12.8098,0,1503,73756995644
96.9811,10.3113,20.6388,0,42,56,0,2500,0,0,0,24.9954,12.8098,0,1503,73767307459
281.49,3.55252,20.6388,0,42,56,0,2500,0,0,0,24.9954,12.8098,0,1503,73770859715
71.2697,14.0312,20.6388,0,42,56,0,2500,0,0,0,24.9954,12.8098,0,1503,73784891908
241.643,4.13834,20.6388,0,42,56,0,2500,0,0,0,24.9954,12.8098,0,1503,73789030202
90.0146,11.1093,20.6388,0,42,56,0,2500,0,0,0,24.9954,12.8098,0,1503,73800140415
119.137,8.39371,20.6388,0,42,56,0,2500,0,0,0,24.9954,12.8098,0,1503,73808533968
118.793,8.418,20.6388,0,42,56,0,2500,0,0,0,24.9954,12.8098,0,1503,73816952544
115.886,8.62914,20.6388,0,42,56,0,2500,0,0,0,24.9954,12.8098,0,1503,73825582582
123.431,8.10167,20.6388,0,42,56,0,2500,0,0,0,24.9954,12.8098,0,1503,73833684716
121.816,8.2091,20.6388,0,42,56,0,2500,0,0,0,24.9954,12.8098,0,1503,73841894509
122.321,8.1752,20.6388,0,42,56,0,2500,0,0,0,24.9954,12.8098,0,1503,73850069888
110.88,9.01873,20.6388,0,42,56,0,2500,0,0,0,24.9954,12.8098,0,1503,73859088725
131.051,7.6306,20.6388,0,42,56,0,2500,0,0,0,24.9954,12.8098,0,1503,73866719927
139.393,7.17395,20.6388,0,42,56,0,2500,0,0,0,24.9954,12.8098,0,1503,73873893997
102.89,9.71907,20.6388,0,42,56,0,2500,0,0,0,24.9954,12.8098,0,1503,73883615298
118.951,8.4068,20.6388,0,42,56,0,2500,0,0,0,24.9954,12.8098,0,1503,73892021643
125.972,7.93828,20.6388,0,42,56,0,2500,0,0,0,24.9954,12.8098,0,1503,73899960755
105.233,9.50276,20.6388,0,42,56,0,2500,0,0,0,24.9954,12.8098,0,1503,73909463952
158.225,6.3201,20.6388,0,42,56,0,2500,0,0,0,24.9954,12.8098,0,1503,73915784266
119.428,8.37323,20.6388,0,42,56,0,2500,0,0,0,24.9954,12.8098,0,1503,73924158611
103.261,9.68416,20.6388,0,42,56,0,2500,0,0,0,24.9954,12.8098,0,1503,73933843615
144.187,6.93546,20.6388,0,42,56,0,2500,0,0,0,24.9954,12.8098,0,1503,73940779069
101.089,9.89225,20.6388,0,42,56,0,2500,0,0,0,24.9954,12.8098,0,1503,73950672829
125.487,7.96895,20.6388,0,42,56,0,2500,0,0,0,24.9954,12.8098,0,1503,73958642519
117.357,8.52098,20.6388,0,42,56,0,2500,0,0,0,24.9954,12.8098,0,1503,73967163698
116.998,8.54714,20.6388,0,42,56,0,2500,0,0,0,24.9954,12.8098,0,1503,73975711353
140.99,7.09268,20.6388,0,42,56,0,2500,0,0,0,24.9954,12.8098,0,1503,73982804247
125.17,7.98912,20.6388,0,42,56,0,2500,0,0,0,24.9954,12.8098,0,1503,73990793683
105.924,9.44077,20.6388,0,42,56,0,2500,0,0,0,24.9954,12.8098,0,1503,74000235240
108.838,9.18797,20.6388,0,42,56,0,2500,0,0,0,24.9954,12.8098,0,1503,74009430146
138.06,7.24322,26.799,0,42,56,0,2500,0,0,0,24.9956,12.8096,0,1501,74016667662
113.932,8.77716,26.799,0,42,56,0,2500,0,0,0,24.9956,12.8096,0,1501,74025445531
128.872,7.75965,26.799,0,42,56,0,2500,0,0,0,24.9956,12.8096,0,1501,74033205677
116.302,8.59834,26.799,0,42,56,0,2500,0,0,0,24.9956,12.8096,0,1501,74041804850
114.041,8.76876,26.799,0,42,56,0,2500,0,0,0,24.9956,12.8096,0,1501,74050574489
154.897,6.4559,26.799,0,42,56,0,2500,0,0,0,24.9956,12.8096,0,1501,74057030249
119.365,8.37764,26.799,0,42,56,0,2500,0,0,0,24.9956,12.8096,0,1501,74065408236
98.952,10.1059,26.799,0,42,56,0,2500,0,0,0,24.9956,12.8096,0,1501,74075514616
132.533,7.54529,26.799,0,42,56,0,2500,0,0,0,24.9956,12.8096,0,1501,74083060336
121.057,8.26059,26.799,0,42,56,0,2500,0,0,0,24.9956,12.8096,0,1501,74091321650
117.262,8.52793,26.799,0,42,56,0,2500,0,0,0,24.9956,12.8096,0,1501,74099849796
120.372,8.30759,26.799,0,42,56,0,2500,0,0,0,24.9956,12.8096,0,1501,74108157772
122.914,8.13575,26.799,0,42,56,0,2500,0,0,0,24.9956,12.8096,0,1501,74116293798
117.276,8.52688,26.799,0,42,56,0,2500,0,0,0,24.9956,12.8096,0,1501,74124821387
135.288,7.39164,26.799,0,42,56,0,2500,0,0,0,24.9956,12.8096,0,1501,74132213368
121.791,8.2108,26.799,0,42,56,0,2500,0,0,0,24.9956,12.8096,0,1501,74140424526
105.352,9.49199,26.799,0,42,56,0,2500,0,0,0,24.9956,12.8096,0,1501,74149917079
121.78,8.21151,26.799,0,42,56,0,2500,0,0,0,24.9956,12.8096,0,1501,74158128788
136.093,7.34794,26.799,0,42,56,0,2500,0,0,0,24.9956,12.8096,0,1501,74165477062
100.573,9.94306,26.799,0,42,56,0,2500,0,0,0,24.9956,12.8096,0,1501,74175420649
118.105,8.46703,26.799,0,42,56,0,2500,0,0,0,24.9956,12.8096,0,1501,74183888839
154.202,6.48502,26.799,0,42,56,0,2500,0,0,0,24.9956,12.8096,0,1501,74190374020
148.121,6.75123,26.799,0,42,56,0,2500,0,0,0,24.9956,12.8096,0,1501,74197125971
93.2007,10.7295,26.799,0,42,56,0,2500,0,0,0,24.9956,12.8096,0,1501,74207856625
113.038,8.84655,26.799,0,42,56,0,2500,0,0,0,24.9956,12.8096,0,1501,74216703831
232.605,4.29914,26.799,0,42,56,0,2500,0,0,0,24.9956,12.8096,0,1501,74221003073
85.7468,11.6622,26.799,0,42,56,0,2500,0,0,0,24.9956,12.8096,0,1501,74232666318
116.705,8.56861,26.799,0,42,56,0,2500,0,0,0,24.9956,12.8096,0,1501,74241235530
117.1,8.53974,26.799,0,42,56,0,2500,0,0,0,24.9956,12.8096,0,1501,74249775700
121.734,8.21464,26.799,0,42,56,0,2500,0,0,0,24.9956,12.8096,0,1501,74257990918
122.045,8.19371,26.799,0,42,56,0,2500,0,0,0,24.9956,12.8096,0,1501,74266185652
117.987,8.47552,26.799,0,42,56,0,2500,0,0,0,24.9956,12.8096,0,1501,74274661694
119.845,8.3441,26.799,0,42,56,0,2500,0,0,0,24.9956,12.8096,0,1501,74283006343
126.936,7.87796,26.799,0,42,56,0,2500,0,0,0,24.9956,12.8096,0,1501,74290884728
121.45,8.23382,26.799,0,42,56,0,2500,0,0,0,24.9956,12.8096,0,1501,74299118619
125.716,7.95442,26.799,0,42,56,0,2500,0,0,0,24.9956,12.8096,0,1501,74307073656
122.698,8.15011,26.799,0,42,56,0,2500,0,0,0,24.9956,12.8096,0,1501,74315224583
116.687,8.5699,26.799,0,42,56,0,2500,0,0,0,24.9956,12.8096,0,1501,74323795254
116.901,8.55425,26.799,0,42,56,0,2500,0,0,0,24.9956,12.8096,0,1501,74332349576
137.545,7.27037,26.799,0,42,56,0,2500,0,0,0,24.9956,12.8096,0,1501,74339620716
96.4084,10.3725,26.799,0,42,56,0,2500,0,0,0,24.9956,12.8096,0,1501,74349994990
132.744,7.53328,26.799,0,42,56,0,2500,0,0,0,24.9956,12.8096,0,1501,74357528078
116.09,8.61397,26.799,0,42,56,0,2500,0,0,0,24.9956,12.8096,0,1501,74366141794
114.986,8.6967,26.799,0,42,56,0,2500,0,0,0,24.9956,12.8096,0,1501,74374839696
139.445,7.17128,26.799,0,42,56,0,2500,0,0,0,24.9956,12.8096,0,1501,74382010183
117.107,8.53922,26.799,0,42,56,0,2500,0,0,0,24.9956,12.8096,0,1501,74390549554
131.428,7.60873,26.799,0,42,56,0,2500,0,0,0,24.9956,12.8096,0,1501,74398160397
112.957,8.85292,26.799,0,42,56,0,2500,0,0,0,24.9956,12.8096,0,1501,74407013434
129.406,7.72759,26.799,0,42,56,0,2500,0,0,0,24.9956,12.8096,0,1501,74414741233
127.315,7.85456,26.799,0,42,56,0,2500,0,0,0,24.9956,12.8096,0,1501,74422596005
122.409,8.16931,26.799,0,42,56,0,2500,0,0,0,24.9956,12.8096,0,1501,74430765204
119.256,8.38531,26.799,0,42,56,0,2500,0,0,0,24.9956,12.8096,0,1501,74439151441
101.628,9.83985,26.799,0,42,56,0,2500,0,0,0,24.9956,12.8096,0,1501,74448991612
139.761,7.15507,26.799,0,42,56,0,2500,0,0,0,24.9956,12.8096,0,1501,74456147082
116.447,8.58758,26.799,0,42,56,0,2500,0,0,0,24.9956,12.8096,0,1501,74464735840
94.4905,10.5831,26.799,0,42,56,0,2500,0,0,0,24.9956,12.8096,0,1501,74475318830
128.802,7.76388,26.799,0,42,56,0,2500,0,0,0,24.9956,12.8096,0,1501,74483083126
133.387,7.49696,26.799,0,42,56,0,2500,0,0,0,24.9956,12.8096,0,1501,74490580486
121.415,8.23623,26.799,0,42,56,0,2500,0,0,0,24.9956,12.8096,0,1501,74498817957
116.426,8.58912,26.799,0,42,56,0,2500,0,0,0,24.9956,12.8096,0,1501,74507407193
134.234,7.44965,26.799,0,42,56,0,2500,0,0,0,24.9956,12.8096,0,1501,74514862986
119.299,8.38227,18.8586,0,42,56,0,2500,0,0,0,24.9968,12.8096,0,1496,74523239728
125.523,7.96666,18.8586,0,42,56,0,2500,0,0,0,24.9968,12.8096,0,1496,74531206326
94.3373,10.6003,18.8586,0,42,56,0,2500,0,0,0,24.9968,12.8096,0,1496,74541807770
126.561,7.90136,18.8586,0,42,56,0,2500,0,0,0,24.9968,12.8096,0,1496,74549710270
121.597,8.22391,18.8586,0,42,56,0,2500,0,0,0,24.9968,12.8096,0,1496,74557934161
124.66,8.02182,18.8586,0,42,56,0,2500,0,0,0,24.9968,12.8096,0,1496,74565956631
118.631,8.42951,18.8586,0,42,56,0,2500,0,0,0,24.9968,12.8096,0,1496,74574386914
115.677,8.64479,18.8586,0,42,56,0,2500,0,0,0,24.9968,12.8096,0,1496,74583032540
123.39,8.1044,18.8586,0,42,56,0,2500,0,0,0,24.9968,12.8096,0,1496,74591137111
120.678,8.28654,18.8586,0,42,56,0,2500,0,0,0,24.9968,12.8096,0,1496,74599424735
123.826,8.07586,18.8586,0,42,56,0,2500,0,0,0,24.9968,12.8096,0,1496,74607501389
124.007,8.06406,18.8586,0,42,56,0,2500,0,0,0,24.9968,12.8096,0,1496,74615565186
117.945,8.47851,18.8586,0,42,56,0,2500,0,0,0,24.9968,12.8096,0,1496,74624052037
118.598,8.43186,18.8586,0,42,56,0,2500,0,0,0,24.9968,12.8096,0,1496,74632483816
143.709,6.95849,18.8586,0,42,56,0,2500,0,0,0,24.9968,12.8096,0,1496,74639442858
97.4965,10.2568,18.8586,0,42,56,0,2500,0,0,0,24.9968,12.8096,0,1496,74649699408
138.998,7.19434,18.8586,0,42,56,0,2500,0,0,0,24.9968,12.8096,0,1496,74656894220
130.132,7.68451,18.8586,0,42,56,0,2500,0,0,0,24.9968,12.8096,0,1496,74664579007
118.325,8.45129,18.8586,0,42,56,0,2500,0,0,0,24.9968,12.8096,0,1496,74673030731
97.0896,10.2998,18.8586,0,42,56,0,2500,0,0,0,24.9968,12.8096,0,1496,74683331432
131.59,7.59935,18.8586,0,42,56,0,2500,0,0,0,24.9968,12.8096,0,1496,74690930589
118.241,8.45728,18.8586,0,42,56,0,2500,0,0,0,24.9968,12.8096,0,1496,74699388251
128.829,7.76222,18.8586,0,42,56,0,2500,0,0,0,24.9968,12.8096,0,1496,74707151250
105.897,9.44317,18.8586,0,42,56,0,2500,0,0,0,24.9968,12.8096,0,1496,74716595862
128.802,7.76385,18.8586,0,42,56,0,2500,0,0,0,24.9968,12.8096,0,1496,74724360054
122.941,8.13397,18.8586,0,42,56,0,2500,0,0,0,24.9968,12.8096,0,1496,74732494316
113.229,8.83167,18.8586,0,42,56,0,2500,0,0,0,24.9968,12.8096,0,1496,74741326667
133.542,7.4883,18.8586,0,42,56,0,2500,0,0,0,24.9968,12.8096,0,1496,74748815386
127.589,7.83764,18.8586,0,42,56,0,2500,0,0,0,24.9968,12.8096,0,1496,74756653770
109.777,9.10936,18.8586,0,42,56,0,2500,0,0,0,24.9968,12.8096,0,1496,74765763656
124.379,8.03992,18.8586,0,42,56,0,2500,0,0,0,24.9968,12.8096,0,1496,74773804348
131.245,7.61935,18.8586,0,42,56,0,2500,0,0,0,24.9968,12.8096,0,1496,74781424103
97.1578,10.2925,18.8586,0,42,56,0,2500,0,0,0,24.9968,12.8096,0,1496,74791717397
115.399,8.66561,18.8586,0,42,56,0,2500,0,0,0,24.9968,12.8096,0,1496,74800383888
128.725,7.76848,18.8586,0,42,56,0,2500,0,0,0,24.9968,12.8096,0,1496,74808152862
167.339,5.97589,18.8586,0,42,56,0,2500,0,0,0,24.9968,12.8096,0,1496,74814128696
97.7673,10.2284,18.8586,0,42,56,0,2500,0,0,0,24.9968,12.8096,0,1496,74824357382
108.278,9.23546,18.8586,0,42,56,0,2500,0,0,0,24.9968,12.8096,0,1496,74833593239
194.176,5.14997,18.8586,0,42,56,0,2500,0,0,0,24.9968,12.8096,0,1496,74838743748
80.1715,12.4733,18.8586,0,42,56,0,2500,0,0,0,24.9968,12.8096,0,1496,74851218492
72.9517,13.7077,18.8586,0,42,56,0,2500,0,0,0,24.9968,12.8096,0,1496,74864926985
129.745,7.70745,18.8586,0,42,56,0,2500,0,0,0,24.9968,12.8096,0,1496,74872635004
160.972,6.21228,18.8586,0,42,56,0,2500,0,0,0,24.9968,12.8096,0,1496,74878847854
202.751,4.93217,18.8586,0,42,56,0,2500,0,0,0,24.9968,12.8096,0,1496,74883780406
326.755,3.0604,18.8586,0,42,56,0,2500,0,0,0,24.9968,12.8096,0,1496,74886841123
74.4111,13.4389,18.8586,0,42,56,0,2500,0,0,0,24.9968,12.8096,0,1496,74900281294
116.015,8.6196,18.8586,0,42,56,0,2500,0,0,0,24.9968,12.8096,0,1496,74908901713
122.918,8.13552,18.8586,0,42,56,0,2500,0,0,0,24.9968,12.8096,0,1496,74917037731
120.465,8.30117,18.8586,0,42,56,0,2500,0,0,0,24.9968,12.8096,0,1496,74925339713
108.996,9.17462,18.8586,0,42,56,0,2500,0,0,0,24.9968,12.8096,0,1496,74934515323
121.978,8.19822,18.8586,0,42,56,0,2500,0,0,0,24.9968,12.8096,0,1496,74942713512
137.534,7.27092,18.8586,0,42,56,0,2500,0,0,0,24.9968,12.8096,0,1496,74949985186
133.938,7.46612,18.8586,0,42,56,0,2500,0,0,0,24.9968,12.8096,0,1496,74957452216
111.374,8.97873,18.8586,0,42,56,0,2500,0,0,0,24.9968,12.8096,0,1496,74966431050
118.902,8.41031,18.8586,0,42,56,0,2500,0,0,0,24.9968,12.8096,0,1496,74974842586
143.077,6.98924,18.8586,0,42,56,0,2500,0,0,0,24.9968,12.8096,0,1496,74981832318
107.566,9.29658,18.8586,0,42,56,0,2500,0,0,0,24.9968,12.8096,0,1496,74991129583
109.651,9.11984,18.8586,0,42,56,0,2500,0,0,0,24.9968,12.8096,0,1496,75000250135
112.056,8.92408,18.8586,0,42,56,0,2500,0,0,0,24.9968,12.8096,0,1496,75009175211
127.497,7.84334,18.8586,0,42,56,0,2500,0,0,0,24.9968,12.8096,0,1496,75017023408
115.607,8.64998,25.3731,0,42,56,0,2500,0,0,0,24.9977,12.8096,0,1500,75025668820
142.082,7.03817,25.3731,0,42,56,0,2500,0,0,0,24.9977,12.8096,0,1500,75032707237
99.3009,10.0704,25.3731,0,42,56,0,2500,0,0,0,24.9977,12.8096,0,1500,75042777970
138.903,7.19925,25.3731,0,42,56,0,2500,0,0,0,24.9977,12.8096,0,1500,75049978226
111.101,9.00084,25.3731,0,42,56,0,2500,0,0,0,24.9977,12.8096,0,1500,75058979183
152.871,6.54148,25.3731,0,42,56,0,2500,0,0,0,24.9977,12.8096,0,1500,75065521318
103.681,9.64499,25.3731,0,42,56,0,2500,0,0,0,24.9977,12.8096,0,1500,75075167326
153.787,6.50251,25.3731,0,42,56,0,2500,0,0,0,24.9977,12.8096,0,1500,75081670276
99.3577,10.0646,25.3731,0,42,56,0,2500,0,0,0,24.9977,12.8096,0,1500,75091735654
114.822,8.70915,25.3731,0,42,56,0,2500,0,0,0,24.9977,12.8096,0,1500,75100445741
125.821,7.94782,25.3731,0,42,56,0,2500,0,0,0,24.9977,12.8096,0,1500,75108394344
124.702,8.01909,25.3731,0,42,56,0,2500,0,0,0,24.9977,12.8096,0,1500,75116413844
114.04,8.76883,25.3731,0,42,56,0,2500,0,0,0,24.9977,12.8096,0,1500,75125183926
109.927,9.09692,25.3731,0,42,56,0,2500,0,0,0,24.9977,12.8096,0,1500,75134281920
128.975,7.75342,25.3731,0,42,56,0,2500,0,0,0,24.9977,12.8096,0,1500,75142034829
113.424,8.81646,25.3731,0,42,56,0,2500,0,0,0,24.9977,12.8096,0,1500,75150851783
136.76,7.31207,25.3731,0,42,56,0,2500,0,0,0,24.9977,12.8096,0,1500,75158164498
111.997,8.92882,25.3731,0,42,56,0,2500,0,0,0,24.9977,12.8096,0,1500,75167093930
118.255,8.45632,25.3731,0,42,56,0,2500,0,0,0,24.9977,12.8096,0,1500,75175550573
108.589,9.20902,25.3731,0,42,56,0,2500,0,0,0,24.9977,12.8096,0,1500,75184760126
136.564,7.32258,25.3731,0,42,56,0,2500,0,0,0,24.9977,12.8096,0,1500,75192083177
126.913,7.87943,25.3731,0,42,56,0,2500,0,0,0,24.9977,12.8096,0,1500,75199962721
114.731,8.71601,25.3731,0,42,56,0,2500,0,0,0,24.9977,12.8096,0,1500,75208679868
115.743,8.63979,25.3731,0,42,56,0,2500,0,0,0,24.9977,12.8096,0,1500,75217320024
123.84,8.07492,25.3731,0,42,56,0,2500,0,0,0,24.9977,12.8096,0,1500,75225394994
211.992,4.71717,25.3731,0,42,56,0,2500,0,0,0,24.9977,12.8096,0,1500,75230113354
80.5474,12.4151,25.3731,0,42,56,0,2500,0,0,0,24.9977,12.8096,0,1500,75242528967
235.515,4.24602,25.3731,0,42,56,0,2500,0,0,0,24.9977,12.8096,0,1500,75246775242
88.2938,11.3258,25.3731,0,42,56,0,2500,0,0,0,24.9977,12.8096,0,1500,75258101644
122.272,8.17848,25.3731,0,42,56,0,2500,0,0,0,24.9977,12.8096,0,1500,75266280932
100.204,9.97966,25.3731,0,42,56,0,2500,0,0,0,24.9977,12.8096,0,1500,75276261459
131.071,7.62946,25.3731,0,42,56,0,2500,0,0,0,24.9977,12.8096,0,1500,75283890105
146.095,6.84485,25.3731,0,42,56,0,2500,0,0,0,24.9977,12.8096,0,1500,75290735618
137.498,7.27284,25.3731,0,42,56,0,2500,0,0,0,24.9977,12.8096,0,1500,75298008964
112.634,8.87833,25.3731,0,42,56,0,2500,0,0,0,24.9977,12.8096,0,1500,75306887491
133.678,7.48065,25.3731,0,42,56,0,2500,0,0,0,24.9977,12.8096,0,1500,75314367653
127.081,7.86898,25.3731,0,42,56,0,2500,0,0,0,24.9977,12.8096,0,1500,75322236885
116.595,8.57672,25.3731,0,42,56,0,2500,0,0,0,24.9977,12.8096,0,1500,75330813863
112.261,8.90784,25.3731,0,42,56,0,2500,0,0,0,24.9977,12.8096,0,1500,75339722521
121.111,8.25686,25.3731,0,42,56,0,2500,0,0,0,24.9977,12.8096,0,1500,75347979298
121.559,8.22647,25.3731,0,42,56,0,2500,0,0,0,24.9977,12.8096,0,1500,75356206370
123.943,8.06821,25.3731,0,42,56,0,2500,0,0,0,24.9977,12.8096,0,1500,75364274662
120.353,8.30887,25.3731,0,42,56,0,2500,0,0,0,24.9977,12.8096,0,1500,75372584081
120.182,8.32071,25.3731,0,42,56,0,2500,0,0,0,24.9977,12.8096,0,1500,75380904703
120.488,8.29957,25.3731,0,42,56,0,2500,0,0,0,24.9977,12.8096,0,1500,75389204533
121.131,8.2555,25.3731,0,42,56,0,2500,0,0,0,24.9977,12.8096,0,1500,75397460313
120.699,8.28509,25.3731,0,42,56,0,2500,0,0,0,24.9977,12.8096,0,1500,75405751502
110.986,9.01016,25.3731,0,42,56,0,2500,0,0,0,24.9977,12.8096,0,1500,75414756427
96.9829,10.3111,25.3731,0,42,56,0,2500,0,0,0,24.9977,12.8096,0,1500,75425068249
132.21,7.56375,25.3731,0,42,56,0,2500,0,0,0,24.9977,12.8096,0,1500,75432632017
134.335,7.44407,25.3731,0,42,56,0,2500,0,0,0,24.9977,12.8096,0,1500,75440076421
125.347,7.97788,25.3731,0,42,56,0,2500,0,0,0,24.9977,12.8096,0,1500,75448054609
107.383,9.31244,25.3731,0,42,56,0,2500,0,0,0,24.9977,12.8096,0,1500,75457367457
112.848,8.86147,25.3731,0,42,56,0,2500,0,0,0,24.9977,12.8096,0,1500,75466229069
142.448,7.02012,25.3731,0,42,56,0,2500,0,0,0,24.9977,12.8096,0,1500,75473250946
100.704,9.93005,25.3731,0,42,56,0,2500,0,0,0,24.9977,12.8096,0,1500,75483182172
121.471,8.23242,25.3731,0,42,56,0,2500,0,0,0,24.9977,12.8096,0,1500,75491414737
117.077,8.54138,25.3731,0,42,56,0,2500,0,0,0,24.9977,12.8096,0,1500,75499957384
123.935,8.06878,25.3731,0,42,56,0,2500,0,0,0,24.9977,12.8096,0,1500,75508026436
127.716,7.82985,25.3731,0,42,56,0,2500,0,0,0,24.9977,12.8096,0,1500,75515856178
119.757,8.35027,25.3731,0,42,56,0,2500,0,0,0,24.9977,12.8096,0,1500,75524212738
138.054,7.24356,23.0392,0,42,56,0,2500,0,0,0,24.9983,12.8096,0,1600,75531451740
120.068,8.32858,23.0392,0,42,56,0,2500,0,0,0,24.9983,12.8096,0,1600,75539780327
113.507,8.81006,23.0392,0,42,56,0,2500,0,0,0,24.9983,12.8096,0,1600,75548590780
101.448,9.85726,23.0392,0,42,56,0,2500,0,0,0,24.9983,12.8096,0,1600,75558449042
135.624,7.37331,23.0392,0,42,56,0,2500,0,0,0,24.9983,12.8096,0,1600,75565822591
110.606,9.04112,23.0392,0,42,56,0,2500,0,0,0,24.9983,12.8096,0,1600,75574864861
122.123,8.18845,23.0392,0,42,56,0,2500,0,0,0,24.9983,12.8096,0,1600,75583054858
118.853,8.41373,23.0392,0,42,56,0,2500,0,0,0,24.9983,12.8096,0,1600,75591468196
125.32,7.97957,23.0392,0,42,56,0,2500,0,0,0,24.9983,12.8096,0,1600,75599448511
117.285,8.52623,23.0392,0,42,56,0,2500,0,0,0,24.9983,12.8096,0,1600,75607975353
122.408,8.16937,23.0392,0,42,56,0,2500,0,0,0,24.9983,12.8096,0,1600,75616145125
125.184,7.98825,23.0392,0,42,56,0,2500,0,0,0,24.9983,12.8096,0,1600,75624133258
110.382,9.05945,23.0392,0,42,56,0,2500,0,0,0,24.9983,12.8096,0,1600,75633194266
128.547,7.77924,23.0392,0,42,56,0,2500,0,0,0,24.9983,12.8096,0,1600,75640973936
111.405,8.97629,23.0392,0,42,56,0,2500,0,0,0,24.9983,12.8096,0,1600,75649950791
136.568,7.32238,23.0392,0,42,56,0,2500,0,0,0,24.9983,12.8096,0,1600,75657273425
139.593,7.16369,23.0392,0,42,56,0,2500,0,0,0,24.9983,12.8096,0,1600,75664437462
112.745,8.86954,23.0392,0,42,56,0,2500,0,0,0,24.9983,12.8096,0,1600,75673307783
98.5032,10.152,23.0392,0,42,56,0,2500,0,0,0,24.9983,12.8096,0,1600,75683460718
122.317,8.17549,23.0392,0,42,56,0,2500,0,0,0,24.9983,12.8096,0,1600,75691636301
145.991,6.84975,23.0392,0,42,56,0,2500,0,0,0,24.9983,12.8096,0,1600,75698485771
100.035,9.99649,23.0392,0,42,56,0,2500,0,0,0,24.9983,12.8096,0,1600,75708484024
145.937,6.85228,23.0392,0,42,56,0,2500,0,0,0,24.9983,12.8096,0,1600,75715336428
130.557,7.65946,23.0392,0,42,56,0,2500,0,0,0,24.9983,12.8096,0,1600,75722996205
122.686,8.15087,23.0392,0,42,56,0,2500,0,0,0,24.9983,12.8096,0,1600,75731147477
96.3115,10.383,23.0392,0,42,56,0,2500,0,0,0,24.9983,12.8096,0,1600,75741531504
123.118,8.12227,23.0392,0,42,56,0,2500,0,0,0,24.9983,12.8096,0,1600,75749654325
127.917,7.81758,23.0392,0,42,56,0,2500,0,0,0,24.9983,12.8096,0,1600,75757472086
112.805,8.86487,23.0392,0,42,56,0,2500,0,0,0,24.9983,12.8096,0,1600,75766336585
119.809,8.34662,23.0392,0,42,56,0,2500,0,0,0,24.9983,12.8096,0,1600,75774683895
118.002,8.47445,23.0392,0,42,56,0,2500,0,0,0,24.9983,12.8096,0,1600,75783158241
125.5,7.9681,23.0392,0,42,56,0,2500,0,0,0,24.9983,12.8096,0,1600,75791126496
190.384,5.25253,23.0392,0,42,56,0,2500,0,0,0,24.9983,12.8096,0,1600,75796381203
94.5396,10.5776,23.0392,0,42,56,0,2500,0,0,0,24.9983,12.8096,0,1600,75806958185
109.456,9.13611,23.0392,0,42,56,0,2500,0,0,0,24.9983,12.8096,0,1600,75816094464
122.132,8.18785,23.0392,0,42,56,0,2500,0,0,0,24.9983,12.8096,0,1600,75824282443
116.569,8.57861,23.0392,0,42,56,0,2500,0,0,0,24.9983,12.8096,0,1600,75832862109
124.786,8.0137,23.0392,0,42,56,0,2500,0,0,0,24.9983,12.8096,0,1600,75840876732
124.997,8.00021,23.0392,0,42,56,0,2500,0,0,0,24.9983,12.8096,0,1600,75848877784
104.249,9.59241,23.0392,0,42,56,0,2500,0,0,0,24.9983,12.8096,0,1600,75858471117
129.745,7.70745,23.0392,0,42,56,0,2500,0,0,0,24.9983,12.8096,0,1600,75866178953
119.206,8.38886,23.0392,0,42,56,0,2500,0,0,0,24.9983,12.8096,0,1600,75874568701
115.229,8.67834,23.0392,0,42,56,0,2500,0,0,0,24.9983,12.8096,0,1600,75883247855
122.98,8.13139,23.0392,0,42,56,0,2500,0,0,0,24.9983,12.8096,0,1600,75891378709
135.293,7.39135,23.0392,0,42,56,0,2500,0,0,0,24.9983,12.8096,0,1600,75898770424
108.389,9.22603,23.0392,0,42,56,0,2500,0,0,0,24.9983,12.8096,0,1600,75907996560
123.809,8.07697,23.0392,0,42,56,0,2500,0,0,0,24.9983,12.8096,0,1600,75916073819
110.912,9.01614,23.0392,0,42,56,0,2500,0,0,0,24.9983,12.8096,0,1600,75925091087
121.562,8.22625,23.0392,0,42,56,0,2500,0,0,0,24.9983,12.8096,0,1600,75933317608
108.732,9.1969,23.0392,0,42,56,0,2500,0,0,0,24.9983,12.8096,0,1600,75942515043
133.374,7.4977,23.0392,0,42,56,0,2500,0,0,0,24.9983,12.8096,0,1600,75950012767
124.895,8.00673,23.0392,0,42,56,0,2500,0,0,0,24.9983,12.8096,0,1600,75958020111
117.789,8.48978,23.0392,0,42,56,0,2500,0,0,0,24.9983,12.8096,0,1600,75966510268
123.45,8.10046,23.0392,0,42,56,0,2500,0,0,0,24.9983,12.8096,0,1600,75974611660
109.49,9.13329,23.0392,0,42,56,0,2500,0,0,0,24.9983,12.8096,0,1600,75983745985
126.477,7.90658,23.0392,0,42,56,0,2500,0,0,0,24.9983,12.8096,0,1600,75991652918
138.166,7.23768,23.0392,0,42,56,0,2500,0,0,0,24.9983,12.8096,0,1600,75998890976
103.989,9.61637,23.0392,0,42,56,0,2500,0,0,0,24.9983,12.8096,0,1600,76008508576
142.714,7.00701,23.0392,0,42,56,0,2500,0,0,0,24.9983,12.8096,0,1600,76015516147
131.092,7.62825,23.0392,0,42,56,0,2500,0,0,0,24.9983,12.8096,0,1600,76023144308
111.136,8.998,23.0392,0,42,56,0,2500,0,0,0,24.9983,12.8096,0,1600,76032147268
101.988,9.80504,21.6216,0,41,56,0,2500,0,0,0,24.9985,12.8096,0,1500,76041948933
138.944,7.19713,21.6216,0,41,56,0,2500,0,0,0,24.9985,12.8096,0,1500,76049146558
105.207,9.50506,21.6216,0,41,56,0,2500,0,0,0,24.9985,12.8096,0,1500,76058652387
130.229,7.67881,21.6216,0,41,56,0,2500,0,0,0,24.9985,12.8096,0,1500,76066331016
124.546,8.02916,21.6216,0,41,56,0,2500,0,0,0,24.9985,12.8096,0,1500,76074360743
108.04,9.25583,21.6216,0,41,56,0,2500,0,0,0,24.9985,12.8096,0,1500,76083616790
129.518,7.72092,21.6216,0,41,56,0,2500,0,0,0,24.9985,12.8096,0,1500,76091337608
108.43,9.22253,21.6216,0,41,56,0,2500,0,0,0,24.9985,12.8096,0,1500,76100560909
126.213,7.92309,21.6216,0,41,56,0,2500,0,0,0,24.9985,12.8096,0,1500,76108484868
135.647,7.3721,21.6216,0,41,56,0,2500,0,0,0,24.9985,12.8096,0,1500,76115857100
103.015,9.70732,21.6216,0,41,56,0,2500,0,0,0,24.9985,12.8096,0,1500,76125564896
138.797,7.20479,21.6216,0,41,56,0,2500,0,0,0,24.9985,12.8096,0,1500,76132770043
117.902,8.48165,21.6216,0,41,56,0,2500,0,0,0,24.9985,12.8096,0,1500,76141252075
107.977,9.26124,21.6216,0,41,56,0,2500,0,0,0,24.9985,12.8096,0,1500,76150513526
134.585,7.43023,21.6216,0,41,56,0,2500,0,0,0,24.9985,12.8096,0,1500,76157944111
117.22,8.531,21.6216,0,41,56,0,2500,0,0,0,24.9985,12.8096,0,1500,76166476374
117.835,8.48648,21.6216,0,41,56,0,2500,0,0,0,24.9985,12.8096,0,1500,76174963933
124.491,8.03271,21.6216,0,41,56,0,2500,0,0,0,24.9985,12.8096,0,1500,76182996982
125.976,7.93804,21.6216,0,41,56,0,2500,0,0,0,24.9985,12.8096,0,1500,76190935312
107.838,9.27316,21.6216,0,41,56,0,2500,0,0,0,24.9985,12.8096,0,1500,76200209563
124.4,8.03856,21.6216,0,41,56,0,2500,0,0,0,24.9985,12.8096,0,1500,76208248849
115.157,8.6838,21.6216,0,41,56,0,2500,0,0,0,24.9985,12.8096,0,1500,76216932955
121.84,8.20749,21.6216,0,41,56,0,2500,0,0,0,24.9985,12.8096,0,1500,76225141532
123.992,8.06501,21.6216,0,41,56,0,2500,0,0,0,24.9985,12.8096,0,1500,76233206827
116.059,8.61633,21.6216,0,41,56,0,2500,0,0,0,24.9985,12.8096,0,1500,76241823777
106.551,9.38522,21.6216,0,41,56,0,2500,0,0,0,24.9985,12.8096,0,1500,76251209169
114.705,8.71801,21.6216,0,41,56,0,2500,0,0,0,24.9985,12.8096,0,1500,76259928283
231.716,4.31563,21.6216,0,41,56,0,2500,0,0,0,24.9985,12.8096,0,1500,76264243912
86.255,11.5935,21.6216,0,41,56,0,2500,0,0,0,24.9985,12.8096,0,1500,76275838744
127.267,7.8575,21.6216,0,41,56,0,2500,0,0,0,24.9985,12.8096,0,1500,76283695756
109.051,9.17003,21.6216,0,41,56,0,2500,0,0,0,24.9985,12.8096,0,1500,76292867365
119.791,8.34787,21.6216,0,41,56,0,2500,0,0,0,24.9985,12.8096,0,1500,76301215035
159.921,6.2531,21.6216,0,41,56,0,2500,0,0,0,24.9985,12.8096,0,1500,76307468166
117.223,8.53076,21.6216,0,41,56,0,2500,0,0,0,24.9985,12.8096,0,1500,76315999184
96.4904,10.3637,21.6216,0,41,56,0,2500,0,0,0,24.9985,12.8096,0,1500,76326364586
115.718,8.64169,21.6216,0,41,56,0,2500,0,0,0,24.9985,12.8096,0,1500,76335006940
135.398,7.38561,21.6216,0,41,56,0,2500,0,0,0,24.9985,12.8096,0,1500,76342393666
110.058,9.08608,21.6216,0,41,56,0,2500,0,0,0,24.9985,12.8096,0,1500,76351480664
168.367,5.93939,21.6216,0,41,56,0,2500,0,0,0,24.9985,12.8096,0,1500,76357420210
124.204,8.05124,21.6216,0,41,56,0,2500,0,0,0,24.9985,12.8096,0,1500,76365472007
129.564,7.7182,21.6216,0,41,56,0,2500,0,0,0,24.9985,12.8096,0,1500,76373190763
117.133,8.5373,21.6216,0,41,56,0,2500,0,0,0,24.9985,12.8096,0,1500,76381727841
117.223,8.53075,21.6216,0,41,56,0,2500,0,0,0,24.9985,12.8096,0,1500,76390258389
97.3694,10.2702,21.6216,0,41,56,0,2500,0,0,0,24.9985,12.8096,0,1500,76400529163
119.286,8.38322,21.6216,0,41,56,0,2500,0,0,0,24.9985,12.8096,0,1500,76408912440
158.945,6.29149,21.6216,0,41,56,0,2500,0,0,0,24.9985,12.8096,0,1500,76415203864
118.16,8.4631,21.6216,0,41,56,0,2500,0,0,0,24.9985,12.8096,0,1500,76423668014
112.754,8.8689,21.6216,0,41,56,0,2500,0,0,0,24.9985,12.8096,0,1500,76432537131
136.24,7.33998,21.6216,0,41,56,0,2500,0,0,0,24.9985,12.8096,0,1500,76439877592
119.975,8.33505,21.6216,0,41,56,0,2500,0,0,0,24.9985,12.8096,0,1500,76448213397
120.884,8.27242,21.6216,0,41,56,0,2500,0,0,0,24.9985,12.8096,0,1500,76456485851
129.587,7.71685,21.6216,0,41,56,0,2500,0,0,0,24.9985,12.8096,0,1500,76464202303
126.065,7.93242,21.6216,0,41,56,0,2500,0,0,0,24.9985,12.8096,0,1500,76472134924
111.771,8.94689,21.6216,0,41,56,0,2500,0,0,0,24.9985,12.8096,0,1500,76481083340
155.805,6.41829,21.6216,0,41,56,0,2500,0,0,0,24.9985,12.8096,0,1500,76487501962
121.378,8.23876,21.6216,0,41,56,0,2500,0,0,0,24.9985,12.8096,0,1500,76495740885
125.291,7.98139,21.6216,0,41,56,0,2500,0,0,0,24.9985,12.8096,0,1500,76503722891
120.113,8.32551,21.6216,0,41,56,0,2500,0,0,0,24.9985,12.8096,0,1500,76512049169
114.006,8.77145,21.6216,0,41,56,0,2500,0,0,0,24.9985,12.8096,0,1500,76520821167
118.136,8.46485,21.6216,0,41,56,0,2500,0,0,0,24.9985,12.8096,0,1500,76529286312
84.9164,11.7763,21.6216,0,41,56,0,2500,0,0,0,24.9985,12.8096,0,1500,76541071501
128.799,7.76404,29.6569,0,43,57,0,2500,0,0,0,25.0697,12.8095,0,1869,76548828342
136.896,7.30482,29.6569,0,43,57,0,2500,0,0,0,25.0697,12.8095,0,1869,76556133297
129.638,7.7138,29.6569,0,43,57,0,2500,0,0,0,25.0697,12.8095,0,1869,76563847396
119.896,8.34055,29.6569,0,43,57,0,2500,0,0,0,25.0697,12.8095,0,1869,76572187981
117.227,8.53044,29.6569,0,43,57,0,2500,0,0,0,25.0697,12.8095,0,1869,76580719017
120.73,8.28297,29.6569,0,43,57,0,2500,0,0,0,25.0697,12.8095,0,1869,76589002526
125.273,7.98254,29.6569,0,43,57,0,2500,0,0,0,25.0697,12.8095,0,1869,76596985585
118.752,8.42094,29.6569,0,43,57,0,2500,0,0,0,25.0697,12.8095,0,1869,76605406910
117.816,8.48783,29.6569,0,43,57,0,2500,0,0,0,25.0697,12.8095,0,1869,76613895024
121.107,8.25719,29.6569,0,43,57,0,2500,0,0,0,25.0697,12.8095,0,1869,76622152350
112.629,8.8787,29.6569,0,43,57,0,2500,0,0,0,25.0697,12.8095,0,1869,76631036594
125.975,7.9381,29.6569,0,43,57,0,2500,0,0,0,25.0697,12.8095,0,1869,76638970561
110.964,9.01197,29.6569,0,43,57,0,2500,0,0,0,25.0697,12.8095,0,1869,76647982387
147.028,6.80142,29.6569,0,43,57,0,2500,0,0,0,25.0697,12.8095,0,1869,76654783371
107.255,9.32358,29.6569,0,43,57,0,2500,0,0,0,25.0697,12.8095,0,1869,76664107092
118.306,8.45265,29.6569,0,43,57,0,2500,0,0,0,25.0697,12.8095,0,1869,76672561202
116.744,8.56573,29.6569,0,43,57,0,2500,0,0,0,25.0697,12.8095,0,1869,76681127045
121.403,8.23701,29.6569,0,43,57,0,2500,0,0,0,25.0697,12.8095,0,1869,76689363529
120.515,8.29773,29.6569,0,43,57,0,2500,0,0,0,25.0697,12.8095,0,1869,76697661479
121.307,8.24355,29.6569,0,43,57,0,2500,0,0,0,25.0697,12.8095,0,1869,76705904856
105.953,9.43813,29.6569,0,43,57,0,2500,0,0,0,25.0697,12.8095,0,1869,76715343724
110.617,9.04021,29.6569,0,43,57,0,2500,0,0,0,25.0697,12.8095,0,1869,76724385010
124.232,8.04946,29.6569,0,43,57,0,2500,0,0,0,25.0697,12.8095,0,1869,76732434470
120.046,8.33012,29.6569,0,43,57,0,2500,0,0,0,25.0697,12.8095,0,1869,76740765255
116.584,8.57748,29.6569,0,43,57,0,2500,0,0,0,25.0697,12.8095,0,1869,76749343328
123.803,8.07738,29.6569,0,43,57,0,2500,0,0,0,25.0697,12.8095,0,1869,76757421039
123.173,8.11864,29.6569,0,43,57,0,2500,0,0,0,25.0697,12.8095,0,1869,76765540641
105.522,9.47668,29.6569,0,43,57,0,2500,0,0,0,25.0697,12.8095,0,1869,76775018141
215.818,4.63353,29.6569,0,43,57,0,2500,0,0,0,25.0697,12.8095,0,1869,76779651631
86.449,11.5675,29.6569,0,43,57,0,2500,0,0,0,25.0697,12.8095,0,1869,76791219986
125.027,7.99829,29.6569,0,43,57,0,2500,0,0,0,25.0697,12.8095,0,1869,76799217963
124.947,8.00337,29.6569,0,43,57,0,2500,0,0,0,25.0697,12.8095,0,1869,76807221765
114.391,8.74198,29.6569,0,43,57,0,2500,0,0,0,25.0697,12.8095,0,1869,76815963563
124.97,8.0019,29.6569,0,43,57,0,2500,0,0,0,25.0697,12.8095,0,1869,76823965720
124.864,8.0087,29.6569,0,43,57,0,2500,0,0,0,25.0697,12.8095,0,1869,76831975059
126.208,7.92343,29.6569,0,43,57,0,2500,0,0,0,25.0697,12.8095,0,1869,76839899124
118.467,8.44116,29.6569,0,43,57,0,2500,0,0,0,25.0697,12.8095,0,1869,76848340619
117.516,8.50946,29.6569,0,43,57,0,2500,0,0,0,25.0697,12.8095,0,1869,76856851023
128.674,7.77158,29.6569,0,43,57,0,2500,0,0,0,25.0697,12.8095,0,1869,76864622189
121.257,8.24693,29.6569,0,43,57,0,2500,0,0,0,25.0697,12.8095,0,1869,76872869273
112.067,8.92324,29.6569,0,43,57,0,2500,0,0,0,25.0697,12.8095,0,1869,76881793683
121.69,8.2176,29.6569,0,43,57,0,2500,0,0,0,25.0697,12.8095,0,1869,76890011178
125.383,7.97554,29.6569,0,43,57,0,2500,0,0,0,25.0697,12.8095,0,1869,76897987262
121.646,8.22056,29.6569,0,43,57,0,2500,0,0,0,25.0697,12.8095,0,1869,76906208085
111.587,8.96161,29.6569,0,43,57,0,2500,0,0,0,25.0697,12.8095,0,1869,76915170122
99.61,10.0392,29.6569,0,43,57,0,2500,0,0,0,25.0697,12.8095,0,1869,76925209406
123.962,8.06699,29.6569,0,43,57,0,2500,0,0,0,25.0697,12.8095,0,1869,76933276541
121.353,8.24043,29.6569,0,43,57,0,2500,0,0,0,25.0697,12.8095,0,1869,76941517487
146.803,6.81183,29.6569,0,43,57,0,2500,0,0,0,25.0697,12.8095,0,1869,76948329483
121.533,8.2282,29.6569,0,43,57,0,2500,0,0,0,25.0697,12.8095,0,1869,76956558834
119.14,8.3935,29.6569,0,43,57,0,2500,0,0,0,25.0697,12.8095,0,1869,76964952591
123.546,8.09415,29.6569,0,43,57,0,2500,0,0,0,25.0697,12.8095,0,1869,76973046563
119.798,8.34737,29.6569,0,43,57,0,2500,0,0,0,25.0697,12.8095,0,1869,76981394507
112.281,8.90623,29.6569,0,43,57,0,2500,0,0,0,25.0697,12.8095,0,1869,76990301021
125.314,7.97997,29.6569,0,43,57,0,2500,0,0,0,25.0697,12.8095,0,1869,76998282092
116.145,8.60992,29.6569,0,43,57,0,2500,0,0,0,25.0697,12.8095,0,1869,77006891651
100.387,9.96141,29.6569,0,43,57,0,2500,0,0,0,25.0697,12.8095,0,1869,77016853273
132.891,7.52495,29.6569,0,43,57,0,2500,0,0,0,25.0697,12.8095,0,1869,77024379084
146.61,6.82084,29.6569,0,43,57,0,2500,0,0,0,25.0697,12.8095,0,1869,77031199769
114.23,8.75425,29.6569,0,43,57,0,2500,0,0,0,25.0697,12.8095,0,1869,77039954423
97.2081,10.2872,29.6569,0,43,57,0,2500,0,0,0,25.0697,12.8095,0,1869,77050245980
127.664,7.83305,22.9268,0,42,57,0,2500,0,0,0,25.13,12.8095,0,1602,77058075598
124.964,8.0023,22.9268,0,42,57,0,2500,0,0,0,25.13,12.8095,0,1602,77066078192
134.59,7.42995,22.9268,0,42,57,0,2500,0,0,0,25.13,12.8095,0,1602,77073508289
101.354,9.86641,22.9268,0,42,57,0,2500,0,0,0,25.13,12.8095,0,1602,77083376352
146.672,6.81793,22.9268,0,42,57,0,2500,0,0,0,25.13,12.8095,0,1602,77090194315
126.718,7.89153,22.9268,0,42,57,0,2500,0,0,0,25.13,12.8095,0,1602,77098086310
123.087,8.12432,22.9268,0,42,57,0,2500,0,0,0,25.13,12.8095,0,1602,77106210980
115.906,8.62765,22.9268,0,42,57,0,2500,0,0,0,25.13,12.8095,0,1602,77114838960
123.385,8.10468,22.9268,0,42,57,0,2500,0,0,0,25.13,12.8095,0,1602,77122943750
119.89,8.34101,22.9268,0,42,57,0,2500,0,0,0,25.13,12.8095,0,1602,77131285640
114.763,8.71361,22.9268,0,42,57,0,2500,0,0,0,25.13,12.8095,0,1602,77139999516
122.349,8.17334,22.9268,0,42,57,0,2500,0,0,0,25.13,12.8095,0,1602,77148173452
119.568,8.36347,22.9268,0,42,57,0,2500,0,0,0,25.13,12.8095,0,1602,77156537823
120.612,8.29103,22.9268,0,42,57,0,2500,0,0,0,25.13,12.8095,0,1602,77164828985
125.469,7.97013,22.9268,0,42,57,0,2500,0,0,0,25.13,12.8095,0,1602,77172799612
116.321,8.59689,22.9268,0,42,57,0,2500,0,0,0,25.13,12.8095,0,1602,77181396894
123.631,8.08856,22.9268,0,42,57,0,2500,0,0,0,25.13,12.8095,0,1602,77189486708
118.6,8.43172,22.9268,0,42,57,0,2500,0,0,0,25.13,12.8095,0,1602,77197917898
121.04,8.2617,22.9268,0,42,57,0,2500,0,0,0,25.13,12.8095,0,1602,77206180268
96.4924,10.3635,22.9268,0,42,57,0,2500,0,0,0,25.13,12.8095,0,1602,77216544958
146.324,6.83415,22.9268,0,42,57,0,2500,0,0,0,25.13,12.8095,0,1602,77223379349
124.546,8.02915,22.9268,0,42,57,0,2500,0,0,0,25.13,12.8095,0,1602,77231408616
103.21,9.68898,22.9268,0,42,57,0,2500,0,0,0,25.13,12.8095,0,1602,77241098843
140.041,7.14078,22.9268,0,42,57,0,2500,0,0,0,25.13,12.8095,0,1602,77248239424
124.393,8.03907,22.9268,0,42,57,0,2500,0,0,0,25.13,12.8095,0,1602,77256278624
116.081,8.61469,22.9268,0,42,57,0,2500,0,0,0,25.13,12.8095,0,1602,77264894495
114.325,8.74697,22.9268,0,42,57,0,2500,0,0,0,25.13,12.8095,0,1602,77273642328
113.426,8.81634,22.9268,0,42,57,0,2500,0,0,0,25.13,12.8095,0,1602,77282459361
137.746,7.25973,22.9268,0,42,57,0,2500,0,0,0,25.13,12.8095,0,1602,77289719262
116.637,8.5736,22.9268,0,42,57,0,2500,0,0,0,25.13,12.8095,0,1602,77298293589
97.2179,10.2862,22.9268,0,42,57,0,2500,0,0,0,25.13,12.8095,0,1602,77308580786
117.573,8.50532,22.9268,0,42,57,0,2500,0,0,0,25.13,12.8095,0,1602,77317086892
166.787,5.99567,22.9268,0,42,57,0,2500,0,0,0,25.13,12.8095,0,1602,77323083125
121.931,8.20139,22.9268,0,42,57,0,2500,0,0,0,25.13,12.8095,0,1602,77331284584
119.022,8.40178,22.9268,0,42,57,0,2500,0,0,0,25.13,12.8095,0,1602,77339686908
97.5655,10.2495,22.9268,0,42,57,0,2500,0,0,0,25.13,12.8095,0,1602,77349937168
145.4,6.8776,22.9268,0,42,57,0,2500,0,0,0,25.13,12.8095,0,1602,77356814929
124.304,8.0448,22.9268,0,42,57,0,2500,0,0,0,25.13,12.8095,0,1602,77364860248
121.108,8.25707,22.9268,0,42,57,0,2500,0,0,0,25.13,12.8095,0,1602,77373117794
116.091,8.61392,22.9268,0,42,57,0,2500,0,0,0,25.13,12.8095,0,1602,77381732799
178.264,5.60966,22.9268,0,42,57,0,2500,0,0,0,25.13,12.8095,0,1602,77387343171
96.5878,10.3533,22.9268,0,42,57,0,2500,0,0,0,25.13,12.8095,0,1602,77397696981
118.07,8.46956,22.9268,0,42,57,0,2500,0,0,0,25.13,12.8095,0,1602,77406167477
116.574,8.57822,22.9268,0,42,57,0,2500,0,0,0,25.13,12.8095,0,1602,77414745448
120.151,8.32289,22.9268,0,42,57,0,2500,0,0,0,25.13,12.8095,0,1602,77423069102
100.743,9.92628,22.9268,0,42,57,0,2500,0,0,0,25.13,12.8095,0,1602,77432996004
150.297,6.65347,22.9268,0,42,57,0,2500,0,0,0,25.13,12.8095,0,1602,77439649960
120.202,8.31935,22.9268,0,42,57,0,2500,0,0,0,25.13,12.8095,0,1602,77447970068
112.921,8.85574,22.9268,0,42,57,0,2500,0,0,0,25.13,12.8095,0,1602,77456825767
126.625,7.89733,22.9268,0,42,57,0,2500,0,0,0,25.13,12.8095,0,1602,77464723784
114.52,8.73213,22.9268,0,42,57,0,2500,0,0,0,25.13,12.8095,0,1602,77473456786
122.846,8.14028,22.9268,0,42,57,0,2500,0,0,0,25.13,12.8095,0,1602,77481597759
106.789,9.36422,22.9268,0,42,57,0,2500,0,0,0,25.13,12.8095,0,1602,77490961876
111.974,8.93066,22.9268,0,42,57,0,2500,0,0,0,25.13,12.8095,0,1602,77499893677
127.922,7.81728,22.9268,0,42,57,0,2500,0,0,0,25.13,12.8095,0,1602,77507711585
124.684,8.02026,22.9268,0,42,57,0,2500,0,0,0,25.13,12.8095,0,1602,77515731046
112.996,8.84985,22.9268,0,42,57,0,2500,0,0,0,25.13,12.8095,0,1602,77524581758
119.236,8.38671,22.9268,0,42,57,0,2500,0,0,0,25.13,12.8095,0,1602,77532968145
134.245,7.44909,22.9268,0,42,57,0,2500,0,0,0,25.13,12.8095,0,1602,77540418352
128.951,7.75491,22.9268,0,42,57,0,2500,0,0,0,25.13,12.8095,0,1602,77548173394
98.8649,10.1148,22.9268,0,42,57,0,2500,0,0,0,25.13,12.8095,0,1602,77558297904
145.487,6.87345,20.8845,0,42,56,0,2500,0,0,0,25.1347,12.8095,0,1600,77565162928
126.104,7.92999,20.8845,0,42,56,0,2500,0,0,0,25.1347,12.8095,0,1600,77573093646
118.492,8.43942,20.8845,0,42,56,0,2500,0,0,0,25.1347,12.8095,0,1600,77581533583
120.641,8.28905,20.8845,0,42,56,0,2500,0,0,0,25.1347,12.8095,0,1600,77589823261
123.846,8.07455,20.8845,0,42,56,0,2500,0,0,0,25.1347,12.8095,0,1600,77597898358
91.7801,10.8956,20.8845,0,42,56,0,2500,0,0,0,25.1347,12.8095,0,1600,77608794511
133.571,7.48665,20.8845,0,42,56,0,2500,0,0,0,25.1347,12.8095,0,1600,77616282218
121.704,8.21666,20.8845,0,42,56,0,2500,0,0,0,25.1347,12.8095,0,1600,77624499515
108.023,9.2573,20.8845,0,42,56,0,2500,0,0,0,25.1347,12.8095,0,1600,77633757623
113.688,8.796,20.8845,0,42,56,0,2500,0,0,0,25.1347,12.8095,0,1600,77642554172
127.484,7.84413,20.8845,0,42,56,0,2500,0,0,0,25.1347,12.8095,0,1600,77650399253
145.919,6.8531,20.8845,0,42,56,0,2500,0,0,0,25.1347,12.8095,0,1600,77657252719
100.885,9.91223,20.8845,0,42,56,0,2500,0,0,0,25.1347,12.8095,0,1600,77667165435
129.684,7.71104,20.8845,0,42,56,0,2500,0,0,0,25.1347,12.8095,0,1600,77674877340
116.304,8.59813,20.8845,0,42,56,0,2500,0,0,0,25.1347,12.8095,0,1600,77683476301
116.093,8.61376,20.8845,0,42,56,0,2500,0,0,0,25.1347,12.8095,0,1600,77692090405
129.478,7.72331,20.8845,0,42,56,0,2500,0,0,0,25.1347,12.8095,0,1600,77699814055
116.054,8.61666,20.8845,0,42,56,0,2500,0,0,0,25.1347,12.8095,0,1600,77708430826
111.631,8.95805,20.8845,0,42,56,0,2500,0,0,0,25.1347,12.8095,0,1600,77717390252
155.584,6.42738,20.8845,0,42,56,0,2500,0,0,0,25.1347,12.8095,0,1600,77723817498
130.072,7.68806,20.8845,0,42,56,0,2500,0,0,0,25.1347,12.8095,0,1600,77731506313
102.169,9.78771,20.8845,0,42,56,0,2500,0,0,0,25.1347,12.8095,0,1600,77741294794
118.47,8.44096,20.8845,0,42,56,0,2500,0,0,0,25.1347,12.8095,0,1600,77749735749
129.793,7.70456,20.8845,0,42,56,0,2500,0,0,0,25.1347,12.8095,0,1600,77757441339
115.782,8.63692,20.8845,0,42,56,0,2500,0,0,0,25.1347,12.8095,0,1600,77766078895
134.099,7.45717,20.8845,0,42,56,0,2500,0,0,0,25.1347,12.8095,0,1600,77773536140
102.975,9.71109,20.8845,0,42,56,0,2500,0,0,0,25.1347,12.8095,0,1600,77783248676
143.517,6.9678,20.8845,0,42,56,0,2500,0,0,0,25.1347,12.8095,0,1600,77790216394
126.678,7.89401,20.8845,0,42,56,0,2500,0,0,0,25.1347,12.8095,0,1600,77798110856
122.346,8.17356,20.8845,0,42,56,0,2500,0,0,0,25.1347,12.8095,0,1600,77806284799
115.776,8.63736,20.8845,0,42,56,0,2500,0,0,0,25.1347,12.8095,0,1600,77814922786
124.583,8.02677,20.8845,0,42,56,0,2500,0,0,0,25.1347,12.8095,0,1600,77822950177
120.436,8.30319,20.8845,0,42,56,0,2500,0,0,0,25.1347,12.8095,0,1600,77831253329
97.488,10.2577,20.8845,0,42,56,0,2500,0,0,0,25.1347,12.8095,0,1600,77841512690
138.949,7.19689,20.8845,0,42,56,0,2500,0,0,0,25.1347,12.8095,0,1600,77848709797
95.5173,10.4693,20.8845,0,42,56,0,2500,0,0,0,25.1347,12.8095,0,1600,77859180234
159.678,6.26261,20.8845,0,42,56,0,2500,0,0,0,25.1347,12.8095,0,1600,77865441924
127.881,7.81978,20.8845,0,42,56,0,2500,0,0,0,25.1347,12.8095,0,1600,77873262169
97.8293,10.2219,20.8845,0,42,56,0,2500,0,0,0,25.1347,12.8095,0,1600,77883484713
115.957,8.62391,20.8845,0,42,56,0,2500,0,0,0,25.1347,12.8095,0,1600,77892108442
134.527,7.43347,20.8845,0,42,56,0,2500,0,0,0,25.1347,12.8095,0,1600,77899542607
122.897,8.13691,20.8845,0,42,56,0,2500,0,0,0,25.1347,12.8095,0,1600,77907679391
134.363,7.44252,20.8845,0,42,56,0,2500,0,0,0,25.1347,12.8095,0,1600,77915122458
103.011,9.7077,20.8845,0,42,56,0,2500,0,0,0,25.1347,12.8095,0,1600,77924832057
131.319,7.61502,20.8845,0,42,56,0,2500,0,0,0,25.1347,12.8095,0,1600,77932447279
119.103,8.39609,20.8845,0,42,56,0,2500,0,0,0,25.1347,12.8095,0,1600,77940844165
114.964,8.69839,20.8845,0,42,56,0,2500,0,0,0,25.1347,12.8095,0,1600,77949542939
119.459,8.37106,20.8845,0,42,56,0,2500,0,0,0,25.1347,12.8095,0,1600,77957914696
145.909,6.85359,20.8845,0,42,56,0,2500,0,0,0,25.1347,12.8095,0,1600,77964768938
177.102,5.64647,20.8845,0,42,56,0,2500,0,0,0,25.1347,12.8095,0,1600,77970415280
78.8814,12.6773,20.8845,0,42,56,0,2500,0,0,0,25.1347,12.8095,0,1600,77983093934
149.636,6.68289,20.8845,0,42,56,0,2500,0,0,0,25.1347,12.8095,0,1600,77989776648
114,8.77194,20.8845,0,42,56,0,2500,0,0,0,25.1347,12.8095,0,1600,77998549379
123.839,8.07501,20.8845,0,42,56,0,2500,0,0,0,25.1347,12.8095,0,1600,78006624893
98.2305,10.1801,20.8845,0,42,56,0,2500,0,0,0,25.1347,12.8095,0,1600,78016805654
133.017,7.51783,20.8845,0,42,56,0,2500,0,0,0,25.1347,12.8095,0,1600,78024323830
137.522,7.27159,20.8845,0,42,56,0,2500,0,0,0,25.1347,12.8095,0,1600,78031595511
122.895,8.13703,20.8845,0,42,56,0,2500,0,0,0,25.1347,12.8095,0,1600,78039732862
120.72,8.28363,20.8845,0,42,56,0,2500,0,0,0,25.1347,12.8095,0,1600,78048017476
119.559,8.36407,20.8845,0,42,56,0,2500,0,0,0,25.1347,12.8095,0,1600,78056382364
96.5466,10.3577,20.8845,0,42,56,0,2500,0,0,0,25.1347,12.8095,0,1600,78066743721
118.566,8.43415,23.1707,0,41,56,0,2500,0,0,0,25.1378,12.8094,0,1600,78075175562
112.006,8.92808,23.1707,0,41,56,0,2500,0,0,0,25.1378,12.8094,0,1600,78084104953
158.887,6.29379,23.1707,0,41,56,0,2500,0,0,0,25.1378,12.8094,0,1600,78090397662
124.481,8.03335,23.1707,0,41,56,0,2500,0,0,0,25.1378,12.8094,0,1600,78098431386
96.4641,10.3665,23.1707,0,41,56,0,2500,0,0,0,25.1378,12.8094,0,1600,78108798195
129.974,7.69382,23.1707,0,41,56,0,2500,0,0,0,25.1378,12.8094,0,1600,78116492566
126.684,7.89366,23.1707,0,41,56,0,2500,0,0,0,25.1378,12.8094,0,1600,78124386054
123.303,8.11007,23.1707,0,41,56,0,2500,0,0,0,25.1378,12.8094,0,1600,78132496525
124.571,8.02753,23.1707,0,41,56,0,2500,0,0,0,25.1378,12.8094,0,1600,78140524337
131.598,7.5989,23.1707,0,41,56,0,2500,0,0,0,25.1378,12.8094,0,1600,78148124458
125.493,7.96859,23.1707,0,41,56,0,2500,0,0,0,25.1378,12.8094,0,1600,78156093070
122.202,8.18315,23.1707,0,41,56,0,2500,0,0,0,25.1378,12.8094,0,1600,78164276522
114.628,8.72388,23.1707,0,41,56,0,2500,0,0,0,25.1378,12.8094,0,1600,78173001660
96.0966,10.4062,23.1707,0,41,56,0,2500,0,0,0,25.1378,12.8094,0,1600,78183408816
119.619,8.35985,23.1707,0,41,56,0,2500,0,0,0,25.1378,12.8094,0,1600,78191769485
124.535,8.02989,23.1707,0,41,56,0,2500,0,0,0,25.1378,12.8094,0,1600,78199799634
127.229,7.85985,23.1707,0,41,56,0,2500,0,0,0,25.1378,12.8094,0,1600,78207659544
95.6099,10.4592,23.1707,0,41,56,0,2500,0,0,0,25.1378,12.8094,0,1600,78218118686
123.301,8.11025,23.1707,0,41,56,0,2500,0,0,0,25.1378,12.8094,0,1600,78226229224
127.103,7.86765,23.1707,0,41,56,0,2500,0,0,0,25.1378,12.8094,0,1600,78234097273
141.949,7.0448,23.1707,0,41,56,0,2500,0,0,0,25.1378,12.8094,0,1600,78241142628
102.931,9.71527,23.1707,0,41,56,0,2500,0,0,0,25.1378,12.8094,0,1600,78250858366
156.994,6.36968,23.1707,0,41,56,0,2500,0,0,0,25.1378,12.8094,0,1600,78257228739
101.248,9.87671,23.1707,0,41,56,0,2500,0,0,0,25.1378,12.8094,0,1600,78267106215
128.834,7.76195,23.1707,0,41,56,0,2500,0,0,0,25.1378,12.8094,0,1600,78274868042
113.016,8.84832,23.1707,0,41,56,0,2500,0,0,0,25.1378,12.8094,0,1600,78283716987
136.725,7.31393,23.1707,0,41,56,0,2500,0,0,0,25.1378,12.8094,0,1600,78291031190
128.786,7.76482,23.1707,0,41,56,0,2500,0,0,0,25.1378,12.8094,0,1600,78298796481
107.541,9.29874,23.1707,0,41,56,0,2500,0,0,0,25.1378,12.8094,0,1600,78308095928
109.014,9.17316,23.1707,0,41,56,0,2500,0,0,0,25.1378,12.8094,0,1600,78317269467
130.61,7.65641,23.1707,0,41,56,0,2500,0,0,0,25.1378,12.8094,0,1600,78324927086
112.226,8.91059,23.1707,0,41,56,0,2500,0,0,0,25.1378,12.8094,0,1600,78333838325
142.075,7.03855,23.1707,0,41,56,0,2500,0,0,0,25.1378,12.8094,0,1600,78340890682
106.54,9.38613,23.1707,0,41,56,0,2500,0,0,0,25.1378,12.8094,0,1600,78350264172
138.976,7.19547,23.1707,0,41,56,0,2500,0,0,0,25.1378,12.8094,0,1600,78357460000
113.993,8.7725,23.1707,0,41,56,0,2500,0,0,0,25.1378,12.8094,0,1600,78366233100
131.939,7.57928,23.1707,0,41,56,0,2500,0,0,0,25.1378,12.8094,0,1600,78373812925
107.285,9.32092,23.1707,0,41,56,0,2500,0,0,0,25.1378,12.8094,0,1600,78383134435
132.236,7.56226,23.1707,0,41,56,0,2500,0,0,0,25.1378,12.8094,0,1600,78390697261
124.857,8.00918,23.1707,0,41,56,0,2500,0,0,0,25.1378,12.8094,0,1600,78398707308
119.744,8.35114,23.1707,0,41,56,0,2500,0,0,0,25.1378,12.8094,0,1600,78407058747
119.536,8.36568,23.1707,0,41,56,0,2500,0,0,0,25.1378,12.8094,0,1600,78415425333
110.078,9.08447,23.1707,0,41,56,0,2500,0,0,0,25.1378,12.8094,0,1600,78424510428
113.79,8.78813,23.1707,0,41,56,0,2500,0,0,0,25.1378,12.8094,0,1600,78433299389
108.355,9.2289,23.1707,0,41,56,0,2500,0,0,0,25.1378,12.8094,0,1600,78442528886
155.657,6.42439,23.1707,0,41,56,0,2500,0,0,0,25.1378,12.8094,0,1600,78448953499
99.04,10.0969,23.1707,0,41,56,0,2500,0,0,0,25.1378,12.8094,0,1600,78459051836
115.965,8.62332,23.1707,0,41,56,0,2500,0,0,0,25.1378,12.8094,0,1600,78467675925
118.305,8.45276,23.1707,0,41,56,0,2500,0,0,0,25.1378,12.8094,0,1600,78476129287
110.161,9.07762,23.1707,0,41,56,0,2500,0,0,0,25.1378,12.8094,0,1600,78485207660
145.645,6.866,23.1707,0,41,56,0,2500,0,0,0,25.1378,12.8094,0,1600,78492073851
107.844,9.27266,23.1707,0,41,56,0,2500,0,0,0,25.1378,12.8094,0,1600,78501347488
137.211,7.28805,23.1707,0,41,56,0,2500,0,0,0,25.1378,12.8094,0,1600,78508635864
190.135,5.25943,23.1707,0,41,56,0,2500,0,0,0,25.1378,12.8094,0,1600,78513896141
86.87,11.5115,23.1707,0,41,56,0,2500,0,0,0,25.1378,12.8094,0,1600,78525407563
148.703,6.72482,23.1707,0,41,56,0,2500,0,0,0,25.1378,12.8094,0,1600,78532133146
104.136,9.60281,23.1707,0,41,56,0,2500,0,0,0,25.1378,12.8094,0,1600,78541736537
151.165,6.61529,23.1707,0,41,56,0,2500,0,0,0,25.1378,12.8094,0,1600,78548352323
111.336,8.98181,23.1707,0,41,56,0,2500,0,0,0,25.1378,12.8094,0,1600,78557334520
132.239,7.56208,23.1707,0,41,56,0,2500,0,0,0,25.1378,12.8094,0,1600,78564897404
118.844,8.41442,23.1707,0,41,56,0,2500,0,0,0,25.1378,12.8094,0,1600,78573318592
108.599,9.20821,24.8768,0,43,56,0,2500,0,0,0,25.1416,12.8094,0,1600,78582521316
118.616,8.43057,24.8768,0,43,56,0,2500,0,0,0,25.1416,12.8094,0,1600,78590952490
109.238,9.15429,24.8768,0,43,56,0,2500,0,0,0,25.1416,12.8094,0,1600,78600107722
154.309,6.4805,24.8768,0,43,56,0,2500,0,0,0,25.1416,12.8094,0,1600,78606588425
91.9798,10.872,24.8768,0,43,56,0,2500,0,0,0,25.1416,12.8094,0,1600,78617461589
119.139,8.39353,24.8768,0,43,56,0,2500,0,0,0,25.1416,12.8094,0,1600,78625854562
139.747,7.15578,24.8768,0,43,56,0,2500,0,0,0,25.1416,12.8094,0,1600,78633011827
130.452,7.66564,24.8768,0,43,56,0,2500,0,0,0,25.1416,12.8094,0,1600,78640678132
91.7977,10.8935,24.8768,0,43,56,0,2500,0,0,0,25.1416,12.8094,0,1600,78651572406
174.475,5.73149,24.8768,0,43,56,0,2500,0,0,0,25.1416,12.8094,0,1600,78657304546
95.7777,10.4408,24.8768,0,43,56,0,2500,0,0,0,25.1416,12.8094,0,1600,78667746546
176.562,5.66373,24.8768,0,43,56,0,2500,0,0,0,25.1416,12.8094,0,1600,78673410428
108.171,9.24461,24.8768,0,43,56,0,2500,0,0,0,25.1416,12.8094,0,1600,78682656234
128.734,7.76794,24.8768,0,43,56,0,2500,0,0,0,25.1416,12.8094,0,1600,78690424259
125.711,7.95474,24.8768,0,43,56,0,2500,0,0,0,25.1416,12.8094,0,1600,78698379575
105.418,9.48602,24.8768,0,43,56,0,2500,0,0,0,25.1416,12.8094,0,1600,78707865604
181.466,5.51066,24.8768,0,43,56,0,2500,0,0,0,25.1416,12.8094,0,1600,78713375195
118.351,8.44948,24.8768,0,43,56,0,2500,0,0,0,25.1416,12.8094,0,1600,78721825305
127.115,7.86691,24.8768,0,43,56,0,2500,0,0,0,25.1416,12.8094,0,1600,78729692719
107.975,9.26137,24.8768,0,43,56,0,2500,0,0,0,25.1416,12.8094,0,1600,78738954744
80.6579,12.398,24.8768,0,43,56,0,2500,0,0,0,25.1416,12.8094,0,1600,78751353056
146.357,6.83262,24.8768,0,43,56,0,2500,0,0,0,25.1416,12.8094,0,1600,78758186140
130.866,7.6414,24.8768,0,43,56,0,2500,0,0,0,25.1416,12.8094,0,1600,78765827847
119.65,8.3577,24.8768,0,43,56,0,2500,0,0,0,25.1416,12.8094,0,1600,78774186042
136.704,7.31507,24.8768,0,43,56,0,2500,0,0,0,25.1416,12.8094,0,1600,78781501763
110.499,9.04982,24.8768,0,43,56,0,2500,0,0,0,25.1416,12.8094,0,1600,78790551808
112.024,8.92662,24.8768,0,43,56,0,2500,0,0,0,25.1416,12.8094,0,1600,78799478857
130.674,7.6526,24.8768,0,43,56,0,2500,0,0,0,25.1416,12.8094,0,1600,78807131596
101.759,9.82712,24.8768,0,43,56,0,2500,0,0,0,25.1416,12.8094,0,1600,78816959448
132.1,7.57004,24.8768,0,43,56,0,2500,0,0,0,25.1416,12.8094,0,1600,78824529222
119.119,8.39497,24.8768,0,43,56,0,2500,0,0,0,25.1416,12.8094,0,1600,78832926073
118.558,8.43472,24.8768,0,43,56,0,2500,0,0,0,25.1416,12.8094,0,1600,78841361746
116.247,8.60235,24.8768,0,43,56,0,2500,0,0,0,25.1416,12.8094,0,1600,78849964650
142.521,7.01651,24.8768,0,43,56,0,2500,0,0,0,25.1416,12.8094,0,1600,78856980829
128.667,7.77201,24.8768,0,43,56,0,2500,0,0,0,25.1416,12.8094,0,1600,78864752848
119.76,8.35004,24.8768,0,43,56,0,2500,0,0,0,25.1416,12.8094,0,1600,78873103244
120.132,8.32414,24.8768,0,43,56,0,2500,0,0,0,25.1416,12.8094,0,1600,78881428457
117.904,8.48148,24.8768,0,43,56,0,2500,0,0,0,25.1416,12.8094,0,1600,78889910576
119.235,8.38682,24.8768,0,43,56,0,2500,0,0,0,25.1416,12.8094,0,1600,78898297581
90.4494,11.0559,24.8768,0,43,56,0,2500,0,0,0,25.1416,12.8094,0,1600,78909354704
122.174,8.18505,24.8768,0,43,56,0,2500,0,0,0,25.1416,12.8094,0,1600,78917541024
158.408,6.31281,24.8768,0,43,56,0,2500,0,0,0,25.1416,12.8094,0,1600,78923854020
104.847,9.53767,24.8768,0,43,56,0,2500,0,0,0,25.1416,12.8094,0,1600,78933392191
134.074,7.45859,24.8768,0,43,56,0,2500,0,0,0,25.1416,12.8094,0,1600,78940851153
108.018,9.25776,24.8768,0,43,56,0,2500,0,0,0,25.1416,12.8094,0,1600,78950109840
124.706,8.01887,24.8768,0,43,56,0,2500,0,0,0,25.1416,12.8094,0,1600,78958129656
112.842,8.86196,24.8768,0,43,56,0,2500,0,0,0,25.1416,12.8094,0,1600,78966991692
113.164,8.8367,24.8768,0,43,56,0,2500,0,0,0,25.1416,12.8094,0,1600,78975829421
164.185,6.09068,24.8768,0,43,56,0,2500,0,0,0,25.1416,12.8094,0,1600,78981920896
105.873,9.44531,24.8768,0,43,56,0,2500,0,0,0,25.1416,12.8094,0,1600,78991366599
153.564,6.51196,24.8768,0,43,56,0,2500,0,0,0,25.1416,12.8094,0,1600,78997878837
90.8325,11.0093,24.8768,0,43,56,0,2500,0,0,0,25.1416,12.8094,0,1600,79008888695
157.228,6.36019,24.8768,0,43,56,0,2500,0,0,0,25.1416,12.8094,0,1600,79015249372
192.009,5.20808,24.8768,0,43,56,0,2500,0,0,0,25.1416,12.8094,0,1600,79020457372
95.8119,10.4371,24.8768,0,43,56,0,2500,0,0,0,25.1416,12.8094,0,1600,79030895771
116.842,8.55859,24.8768,0,43,56,0,2500,0,0,0,25.1416,12.8094,0,1600,79039454221
93.4035,10.7062,24.8768,0,43,56,0,2500,0,0,0,25.1416,12.8094,0,1600,79050161802
138.242,7.23367,24.8768,0,43,56,0,2500,0,0,0,25.1416,12.8094,0,1600,79057395578
121.513,8.22955,24.8768,0,43,56,0,2500,0,0,0,25.1416,12.8094,0,1600,79065625138
119.005,8.40301,24.8768,0,43,56,0,2500,0,0,0,25.1416,12.8094,0,1600,79074031806
125.332,7.97882,25.1244,0,43,56,0,2500,0,0,0,25.1439,12.8093,0,1600,79082007998
122.572,8.15848,25.1244,0,43,56,0,2500,0,0,0,25.1439,12.8093,0,1600,79090166446
103.613,9.65134,25.1244,0,43,56,0,2500,0,0,0,25.1439,12.8093,0,1600,79099817928
114.801,8.71069,25.1244,0,43,56,0,2500,0,0,0,25.1439,12.8093,0,1600,79108529716
149.323,6.69689,25.1244,0,43,56,0,2500,0,0,0,25.1439,12.8093,0,1600,79115227004
127.392,7.8498,25.1244,0,43,56,0,2500,0,0,0,25.1439,12.8093,0,1600,79123077211
121.682,8.21811,25.1244,0,43,56,0,2500,0,0,0,25.1439,12.8093,0,1600,79131295263
120.183,8.32065,25.1244,0,43,56,0,2500,0,0,0,25.1439,12.8093,0,1600,79139616157
118.223,8.45859,25.1244,0,43,56,0,2500,0,0,0,25.1439,12.8093,0,1600,79148075587
106.484,9.39105,25.1244,0,43,56,0,2500,0,0,0,25.1439,12.8093,0,1600,79157467277
138.687,7.21046,25.1244,0,43,56,0,2500,0,0,0,25.1439,12.8093,0,1600,79164678164
95.1937,10.5049,25.1244,0,43,56,0,2500,0,0,0,25.1439,12.8093,0,1600,79175183792
133.901,7.46818,25.1244,0,43,56,0,2500,0,0,0,25.1439,12.8093,0,1600,79182652379
112.469,8.89131,25.1244,0,43,56,0,2500,0,0,0,25.1439,12.8093,0,1600,79191544013
116.19,8.60658,25.1244,0,43,56,0,2500,0,0,0,25.1439,12.8093,0,1600,79200150805
159.279,6.27828,25.1244,0,43,56,0,2500,0,0,0,25.1439,12.8093,0,1600,79206429348
118.861,8.41317,25.1244,0,43,56,0,2500,0,0,0,25.1439,12.8093,0,1600,79214843398
105.519,9.477,25.1244,0,43,56,0,2500,0,0,0,25.1439,12.8093,0,1600,79224320226
116.878,8.55595,25.1244,0,43,56,0,2500,0,0,0,25.1439,12.8093,0,1600,79232878113
124.178,8.05296,25.1244,0,43,56,0,2500,0,0,0,25.1439,12.8093,0,1600,79240931045
114.726,8.71644,25.1244,0,43,56,0,2500,0,0,0,25.1439,12.8093,0,1600,79249648187
145.483,6.87367,25.1244,0,43,56,0,2500,0,0,0,25.1439,12.8093,0,1600,79256522121
126.091,7.93079,25.1244,0,43,56,0,2500,0,0,0,25.1439,12.8093,0,1600,79264452986
119.869,8.34247,25.1244,0,43,56,0,2500,0,0,0,25.1439,12.8093,0,1600,79272796252
115.437,8.66274,25.1244,0,43,56,0,2500,0,0,0,25.1439,12.8093,0,1600,79281459409
90.7119,11.0239,25.1244,0,43,56,0,2500,0,0,0,25.1439,12.8093,0,1600,79292484129
144.934,6.89969,25.1244,0,43,56,0,2500,0,0,0,25.1439,12.8093,0,1600,79299385206
111.889,8.93744,25.1244,0,43,56,0,2500,0,0,0,25.1439,12.8093,0,1600,79308323121
117.76,8.49181,25.1244,0,43,56,0,2500,0,0,0,25.1439,12.8093,0,1600,79316815527
119.276,8.38388,25.1244,0,43,56,0,2500,0,0,0,25.1439,12.8093,0,1600,79325200550
113.741,8.79191,25.1244,0,43,56,0,2500,0,0,0,25.1439,12.8093,0,1600,79333992839
127.605,7.83666,25.1244,0,43,56,0,2500,0,0,0,25.1439,12.8093,0,1600,79341829947
148.516,6.73328,25.1244,0,43,56,0,2500,0,0,0,25.1439,12.8093,0,1600,79348563230
130.886,7.64023,25.1244,0,43,56,0,2500,0,0,0,25.1439,12.8093,0,1600,79356203593
110.362,9.06109,25.1244,0,43,56,0,2500,0,0,0,25.1439,12.8093,0,1600,79365265304
98.2303,10.1802,25.1244,0,43,56,0,2500,0,0,0,25.1439,12.8093,0,1600,79375446293
163.407,6.11968,25.1244,0,43,56,0,2500,0,0,0,25.1439,12.8093,0,1600,79381565955
124.502,8.03201,25.1244,0,43,56,0,2500,0,0,0,25.1439,12.8093,0,1600,79389598901
117.643,8.5003,25.1244,0,43,56,0,2500,0,0,0,25.1439,12.8093,0,1600,79398099280
88.5076,11.2985,25.1244,0,43,56,0,2500,0,0,0,25.1439,12.8093,0,1600,79409397883
138.308,7.23026,25.1244,0,43,56,0,2500,0,0,0,25.1439,12.8093,0,1600,79416628288
115.835,8.63296,25.1244,0,43,56,0,2500,0,0,0,25.1439,12.8093,0,1600,79425261646
121.536,8.22802,25.1244,0,43,56,0,2500,0,0,0,25.1439,12.8093,0,1600,79433490040
120.77,8.28018,25.1244,0,43,56,0,2500,0,0,0,25.1439,12.8093,0,1600,79441770167
120.785,8.27919,25.1244,0,43,56,0,2500,0,0,0,25.1439,12.8093,0,1600,79450049514
124.508,8.03158,25.1244,0,43,56,0,2500,0,0,0,25.1439,12.8093,0,1600,79458081737
127.624,7.83552,25.1244,0,43,56,0,2500,0,0,0,25.1439,12.8093,0,1600,79465917427
116.436,8.58842,25.1244,0,43,56,0,2500,0,0,0,25.1439,12.8093,0,1600,79474506702
116.44,8.58811,25.1244,0,43,56,0,2500,0,0,0,25.1439,12.8093,0,1600,79483095144
118.149,8.46392,25.1244,0,43,56,0,2500,0,0,0,25.1439,12.8093,0,1600,79491560036
128.758,7.76651,25.1244,0,43,56,0,2500,0,0,0,25.1439,12.8093,0,1600,79499326115
125.613,7.96098,25.1244,0,43,56,0,2500,0,0,0,25.1439,12.8093,0,1600,79507289064
132.664,7.53783,25.1244,0,43,56,0,2500,0,0,0,25.1439,12.8093,0,1600,79514827051
120.935,8.26888,25.1244,0,43,56,0,2500,0,0,0,25.1439,12.8093,0,1600,79523096015
116.759,8.56465,25.1244,0,43,56,0,2500,0,0,0,25.1439,12.8093,0,1600,79531661664
105.038,9.52034,25.1244,0,43,56,0,2500,0,0,0,25.1439,12.8093,0,1600,79541181852
120.917,8.27014,25.1244,0,43,56,0,2500,0,0,0,25.1439,12.8093,0,1600,79549451887
139.38,7.17461,25.1244,0,43,56,0,2500,0,0,0,25.1439,12.8093,0,1600,79556627359
127.289,7.85613,25.1244,0,43,56,0,2500,0,0,0,25.1439,12.8093,0,1600,79564484032
121.301,8.24395,25.1244,0,43,56,0,2500,0,0,0,25.1439,12.8093,0,1600,79572728525
89.2408,11.2056,25.1244,0,43,56,0,2500,0,0,0,25.1439,12.8093,0,1600,79583939566
132.805,7.52985,21.8137,0,42,56,0,2500,0,0,0,25.1477,12.8093,0,1601,79591464928
151.088,6.61866,21.8137,0,42,56,0,2500,0,0,0,25.1477,12.8093,0,1601,79598083501
107.413,9.30982,21.8137,0,42,56,0,2500,0,0,0,25.1477,12.8093,0,1601,79607394627
132.401,7.55279,21.8137,0,42,56,0,2500,0,0,0,25.1477,12.8093,0,1601,79614947714
127.955,7.81522,21.8137,0,42,56,0,2500,0,0,0,25.1477,12.8093,0,1601,79622763189
115.9,8.62814,21.8137,0,42,56,0,2500,0,0,0,25.1477,12.8093,0,1601,79631391802
120.166,8.32185,21.8137,0,42,56,0,2500,0,0,0,25.1477,12.8093,0,1601,79639714759
117.258,8.52818,21.8137,0,42,56,0,2500,0,0,0,25.1477,12.8093,0,1601,79648244456
127.284,7.85644,21.8137,0,42,56,0,2500,0,0,0,25.1477,12.8093,0,1601,79656101227
167.644,5.96502,21.8137,0,42,56,0,2500,0,0,0,25.1477,12.8093,0,1601,79662066824
95.7154,10.4476,21.8137,0,42,56,0,2500,0,0,0,25.1477,12.8093,0,1601,79672514942
113.796,8.78762,21.8137,0,42,56,0,2500,0,0,0,25.1477,12.8093,0,1601,79681302401
122.044,8.19379,21.8137,0,42,56,0,2500,0,0,0,25.1477,12.8093,0,1601,79689497486
93.5786,10.6862,21.8137,0,42,56,0,2500,0,0,0,25.1477,12.8093,0,1601,79700184034
237.455,4.21133,21.8137,0,42,56,0,2500,0,0,0,25.1477,12.8093,0,1601,79704395792
84.9887,11.7663,21.8137,0,42,56,0,2500,0,0,0,25.1477,12.8093,0,1601,79716162712
125.81,7.94852,21.8137,0,42,56,0,2500,0,0,0,25.1477,12.8093,0,1601,79724111314
114.334,8.74629,21.8137,0,42,56,0,2500,0,0,0,25.1477,12.8093,0,1601,79732858142
119.15,8.3928,21.8137,0,42,56,0,2500,0,0,0,25.1477,12.8093,0,1601,79741251396
111.285,8.98592,21.8137,0,42,56,0,2500,0,0,0,25.1477,12.8093,0,1601,79750237413
137.002,7.29919,21.8137,0,42,56,0,2500,0,0,0,25.1477,12.8093,0,1601,79757536772
123.022,8.12864,21.8137,0,42,56,0,2500,0,0,0,25.1477,12.8093,0,1601,79765665696
121.526,8.2287,21.8137,0,42,56,0,2500,0,0,0,25.1477,12.8093,0,1601,79773895498
115.629,8.64834,21.8137,0,42,56,0,2500,0,0,0,25.1477,12.8093,0,1601,79782543955
111.501,8.96849,21.8137,0,42,56,0,2500,0,0,0,25.1477,12.8093,0,1601,79791512747
130.611,7.65632,21.8137,0,42,56,0,2500,0,0,0,25.1477,12.8093,0,1601,79799169551
101.342,9.86755,21.8137,0,42,56,0,2500,0,0,0,25.1477,12.8093,0,1601,79809037513
118.491,8.43943,21.8137,0,42,56,0,2500,0,0,0,25.1477,12.8093,0,1601,79817477949
125.404,7.97422,21.8137,0,42,56,0,2500,0,0,0,25.1477,12.8093,0,1601,79825452975
110.78,9.02691,21.8137,0,42,56,0,2500,0,0,0,25.1477,12.8093,0,1601,79834480725
136.343,7.33446,21.8137,0,42,56,0,2500,0,0,0,25.1477,12.8093,0,1601,79841815823
122.243,8.18043,21.8137,0,42,56,0,2500,0,0,0,25.1477,12.8093,0,1601,79849996645
144.351,6.92755,21.8137,0,42,56,0,2500,0,0,0,25.1477,12.8093,0,1601,79856924940
121.519,8.22919,21.8137,0,42,56,0,2500,0,0,0,25.1477,12.8093,0,1601,79865154607
120.906,8.27089,21.8137,0,42,56,0,2500,0,0,0,25.1477,12.8093,0,1601,79873425086
108.853,9.18673,21.8137,0,42,56,0,2500,0,0,0,25.1477,12.8093,0,1601,79882612811
91.7495,10.8992,21.8137,0,42,56,0,2500,0,0,0,25.1477,12.8093,0,1601,79893512470
154.303,6.48074,21.8137,0,42,56,0,2500,0,0,0,25.1477,12.8093,0,1601,79899993462
111.914,8.93543,21.8137,0,42,56,0,2500,0,0,0,25.1477,12.8093,0,1601,79908929549
125.25,7.984,21.8137,0,42,56,0,2500,0,0,0,25.1477,12.8093,0,1601,79916914488
122.561,8.15918,21.8137,0,42,56,0,2500,0,0,0,25.1477,12.8093,0,1601,79925073939
146.246,6.83778,21.8137,0,42,56,0,2500,0,0,0,25.1477,12.8093,0,1601,79931912316
111.837,8.94156,21.8137,0,42,56,0,2500,0,0,0,25.1477,12.8093,0,1601,79940854692
128.256,7.79689,21.8137,0,42,56,0,2500,0,0,0,25.1477,12.8093,0,1601,79948652316
122.84,8.14068,21.8137,0,42,56,0,2500,0,0,0,25.1477,12.8093,0,1601,79956793583
102.125,9.79191,21.8137,0,42,56,0,2500,0,0,0,25.1477,12.8093,0,1601,79966586035
120.446,8.30249,21.8137,0,42,56,0,2500,0,0,0,25.1477,12.8093,0,1601,79974889697
103.71,9.64224,21.8137,0,42,56,0,2500,0,0,0,25.1477,12.8093,0,1601,79984533022
111.98,8.93014,21.8137,0,42,56,0,2500,0,0,0,25.1477,12.8093,0,1601,79993463524
121.681,8.2182,21.8137,0,42,56,0,2500,0,0,0,25.1477,12.8093,0,1601,80001682193
172.137,5.80933,21.8137,0,42,56,0,2500,0,0,0,25.1477,12.8093,0,1601,80007491528
132.005,7.5755,21.8137,0,42,56,0,2500,0,0,0,25.1477,12.8093,0,1601,80015068073
120.359,8.30851,21.8137,0,42,56,0,2500,0,0,0,25.1477,12.8093,0,1601,80023376653
91.2177,10.9628,21.8137,0,42,56,0,2500,0,0,0,25.1477,12.8093,0,1601,80034340691
129.031,7.7501,21.8137,0,42,56,0,2500,0,0,0,25.1477,12.8093,0,1601,80042091165
129.067,7.74793,21.8137,0,42,56,0,2500,0,0,0,25.1477,12.8093,0,1601,80049838634
134.529,7.43336,21.8137,0,42,56,0,2500,0,0,0,25.1477,12.8093,0,1601,80057272200
114.835,8.70815,21.8137,0,42,56,0,2500,0,0,0,25.1477,12.8093,0,1601,80065980771
102.863,9.72169,21.8137,0,42,56,0,2500,0,0,0,25.1477,12.8093,0,1601,80075702696
124.646,8.02274,21.8137,0,42,56,0,2500,0,0,0,25.1477,12.8093,0,1601,80083727100
125.841,7.9465,21.8137,0,42,56,0,2500,0,0,0,25.1477,12.8093,0,1601,80091677981
112.894,8.85788,25.4279,0,41,56,0,2500,0,0,0,25.15,12.8092,0,1500,80100532781
117.24,8.52951,25.4279,0,41,56,0,2500,0,0,0,25.15,12.8092,0,1500,80109062690
134.69,7.42443,25.4279,0,41,56,0,2500,0,0,0,25.15,12.8092,0,1500,80116487692
134.665,7.42582,25.4279,0,41,56,0,2500,0,0,0,25.15,12.8092,0,1500,80123914323
100.84,9.91667,25.4279,0,41,56,0,2500,0,0,0,25.15,12.8092,0,1500,80133831943
119.74,8.35143,25.4279,0,41,56,0,2500,0,0,0,25.15,12.8092,0,1500,80142183961
122.936,8.13432,25.4279,0,41,56,0,2500,0,0,0,25.15,12.8092,0,1500,80150318846
128.756,7.76665,25.4279,0,41,56,0,2500,0,0,0,25.15,12.8092,0,1500,80158086594
116.452,8.58722,25.4279,0,41,56,0,2500,0,0,0,25.15,12.8092,0,1500,80166673762
113.584,8.80409,25.4279,0,41,56,0,2500,0,0,0,25.15,12.8092,0,1500,80175477963
126.257,7.92038,25.4279,0,41,56,0,2500,0,0,0,25.15,12.8092,0,1500,80183398619
108.018,9.25768,25.4279,0,41,56,0,2500,0,0,0,25.15,12.8092,0,1500,80192656891
200.451,4.98875,25.4279,0,41,56,0,2500,0,0,0,25.15,12.8092,0,1500,80197645897
102.555,9.75089,25.4279,0,41,56,0,2500,0,0,0,25.15,12.8092,0,1500,80207396913
104.36,9.5822,25.4279,0,41,56,0,2500,0,0,0,25.15,12.8092,0,1500,80216980350
150.029,6.66537,25.4279,0,41,56,0,2500,0,0,0,25.15,12.8092,0,1500,80223646429
123.055,8.12647,25.4279,0,41,56,0,2500,0,0,0,25.15,12.8092,0,1500,80231773525
116.236,8.60319,25.4279,0,41,56,0,2500,0,0,0,25.15,12.8092,0,1500,80240376865
127.647,7.83409,25.4279,0,41,56,0,2500,0,0,0,25.15,12.8092,0,1500,80248211921
120.148,8.32306,25.4279,0,41,56,0,2500,0,0,0,25.15,12.8092,0,1500,80256535224
127.255,7.85821,25.4279,0,41,56,0,2500,0,0,0,25.15,12.8092,0,1500,80264394519
92.1711,10.8494,25.4279,0,41,56,0,2500,0,0,0,25.15,12.8092,0,1500,80275244555
136.045,7.35048,25.4279,0,41,56,0,2500,0,0,0,25.15,12.8092,0,1500,80282595354
117.129,8.53757,25.4279,0,41,56,0,2500,0,0,0,25.15,12.8092,0,1500,80291134102
134.346,7.44344,25.4279,0,41,56,0,2500,0,0,0,25.15,12.8092,0,1500,80298577563
128.915,7.75707,25.4279,0,41,56,0,2500,0,0,0,25.15,12.8092,0,1500,80306335164
117.706,8.49573,25.4279,0,41,56,0,2500,0,0,0,25.15,12.8092,0,1500,80314831495
123.829,8.07566,25.4279,0,41,56,0,2500,0,0,0,25.15,12.8092,0,1500,80322907992
118.92,8.40901,25.4279,0,41,56,0,2500,0,0,0,25.15,12.8092,0,1500,80331316703
120.857,8.27426,25.4279,0,41,56,0,2500,0,0,0,25.15,12.8092,0,1500,80339592065
122.184,8.18435,25.4279,0,41,56,0,2500,0,0,0,25.15,12.8092,0,1500,80347776909
123.125,8.12184,25.4279,0,41,56,0,2500,0,0,0,25.15,12.8092,0,1500,80355899094
90.0721,11.1022,25.4279,0,41,56,0,2500,0,0,0,25.15,12.8092,0,1500,80367000971
127.272,7.85716,25.4279,0,41,56,0,2500,0,0,0,25.15,12.8092,0,1500,80374858291
124.361,8.04113,25.4279,0,41,56,0,2500,0,0,0,25.15,12.8092,0,1500,80382899648
122.519,8.16201,25.4279,0,41,56,0,2500,0,0,0,25.15,12.8092,0,1500,80391062053
118.165,8.46272,25.4279,0,41,56,0,2500,0,0,0,25.15,12.8092,0,1500,80399525623
141.733,7.05551,25.4279,0,41,56,0,2500,0,0,0,25.15,12.8092,0,1500,80406581387
101.212,9.88025,25.4279,0,41,56,0,2500,0,0,0,25.15,12.8092,0,1500,80416461569
150.08,6.66311,25.4279,0,41,56,0,2500,0,0,0,25.15,12.8092,0,1500,80423125266
100.291,9.97099,25.4279,0,41,56,0,2500,0,0,0,25.15,12.8092,0,1500,80433096503
129.456,7.72466,25.4279,0,41,56,0,2500,0,0,0,25.15,12.8092,0,1500,80440821402
118.24,8.45739,25.4279,0,41,56,0,2500,0,0,0,25.15,12.8092,0,1500,80449279273
110.439,9.05474,25.4279,0,41,56,0,2500,0,0,0,25.15,12.8092,0,1500,80458334670
134.869,7.4146,25.4279,0,41,56,0,2500,0,0,0,25.15,12.8092,0,1500,80465749381
98.1325,10.1903,25.4279,0,41,56,0,2500,0,0,0,25.15,12.8092,0,1500,80475941587
138.644,7.2127,25.4279,0,41,56,0,2500,0,0,0,25.15,12.8092,0,1500,80483154729
115.464,8.6607,25.4279,0,41,56,0,2500,0,0,0,25.15,12.8092,0,1500,80491815709
132.492,7.5476,25.4279,0,41,56,0,2500,0,0,0,25.15,12.8092,0,1500,80499363635
110.906,9.01668,25.4279,0,41,56,0,2500,0,0,0,25.15,12.8092,0,1500,80508381106
155.227,6.44217,25.4279,0,41,56,0,2500,0,0,0,25.15,12.8092,0,1500,80514823569
120.692,8.28553,25.4279,0,41,56,0,2500,0,0,0,25.15,12.8092,0,1500,80523109533
97.5836,10.2476,25.4279,0,41,56,0,2500,0,0,0,25.15,12.8092,0,1500,80533358415
125.938,7.94045,25.4279,0,41,56,0,2500,0,0,0,25.15,12.8092,0,1500,80541299714
111.637,8.95761,25.4279,0,41,56,0,2500,0,0,0,25.15,12.8092,0,1500,80550257113
132.441,7.55055,25.4279,0,41,56,0,2500,0,0,0,25.15,12.8092,0,1500,80557807419
120.848,8.27489,25.4279,0,41,56,0,2500,0,0,0,25.15,12.8092,0,1500,80566082846
123.72,8.08277,25.4279,0,41,56,0,2500,0,0,0,25.15,12.8092,0,1500,80574165780
118.622,8.43013,25.4279,0,41,56,0,2500,0,0,0,25.15,12.8092,0,1500,80582596021
134.582,7.4304,25.4279,0,41,56,0,2500,0,0,0,25.15,12.8092,0,1500,80590027225
105.836,9.44857,25.4279,0,41,56,0,2500,0,0,0,25.15,12.8092,0,1500,80599482244
144.307,6.92969,21.5686,0,42,57,0,2500,0,0,0,25.15,12.8092,0,1603,80606406604
97.7754,10.2275,21.5686,0,42,57,0,2500,0,0,0,25.15,12.8092,0,1603,80616635196
135.329,7.38939,21.5686,0,42,57,0,2500,0,0,0,25.15,12.8092,0,1603,80624025508
119.546,8.36499,21.5686,0,42,57,0,2500,0,0,0,25.15,12.8092,0,1603,80632390970
96.0106,10.4155,21.5686,0,42,57,0,2500,0,0,0,25.15,12.8092,0,1603,80642807534
131.576,7.60016,21.5686,0,42,57,0,2500,0,0,0,25.15,12.8092,0,1603,80650408348
103.201,9.68983,21.5686,0,42,57,0,2500,0,0,0,25.15,12.8092,0,1603,80660099084
190.241,5.2565,21.5686,0,42,57,0,2500,0,0,0,25.15,12.8092,0,1603,80665354761
102.795,9.72812,21.5686,0,42,57,0,2500,0,0,0,25.15,12.8092,0,1603,80675083816
126.626,7.89728,21.5686,0,42,57,0,2500,0,0,0,25.15,12.8092,0,1603,80682982143
121.313,8.24315,21.5686,0,42,57,0,2500,0,0,0,25.15,12.8092,0,1603,80691225315
114.16,8.75962,21.5686,0,42,57,0,2500,0,0,0,25.15,12.8092,0,1603,80699985183
125.296,7.98111,21.5686,0,42,57,0,2500,0,0,0,25.15,12.8092,0,1603,80707966304
123.856,8.07387,21.5686,0,42,57,0,2500,0,0,0,25.15,12.8092,0,1603,80716040798
121.8,8.2102,21.5686,0,42,57,0,2500,0,0,0,25.15,12.8092,0,1603,80724251340
125.752,7.95218,21.5686,0,42,57,0,2500,0,0,0,25.15,12.8092,0,1603,80732203661
121.517,8.22932,21.5686,0,42,57,0,2500,0,0,0,25.15,12.8092,0,1603,80740433362
121.04,8.26176,21.5686,0,42,57,0,2500,0,0,0,25.15,12.8092,0,1603,80748696041
8.1322,122.968,21.5686,0,42,57,0,2500,0,0,0,25.15,12.8092,0,1603,80871665175
165.52,6.04155,21.5686,0,42,57,0,2500,0,0,0,25.15,12.8092,0,1603,80877707242
176.833,5.65504,21.5686,0,42,57,0,2500,0,0,0,25.15,12.8092,0,1603,80883362580
480.906,2.07941,21.5686,0,42,57,0,2500,0,0,0,25.15,12.8092,0,1603,80885442428
21.1286,47.3292,21.5686,0,42,57,0,2500,0,0,0,25.15,12.8092,0,1603,80932773421
156.388,6.39434,21.5686,0,42,57,0,2500,0,0,0,25.15,12.8092,0,1603,80939167410
188.766,5.29756,21.5686,0,42,57,0,2500,0,0,0,25.15,12.8092,0,1603,80944464452
135.592,7.37508,21.5686,0,42,57,0,2500,0,0,0,25.15,12.8092,0,1603,80951841574
337.746,2.96081,21.5686,0,42,57,0,2500,0,0,0,25.15,12.8092,0,1603,80954802308
141.371,7.0736,21.5686,0,42,57,0,2500,0,0,0,25.15,12.8092,0,1603,80961877158
123.396,8.10402,21.5686,0,42,57,0,2500,0,0,0,25.15,12.8092,0,1603,80969980812
115.747,8.63953,21.5686,0,42,57,0,2500,0,0,0,25.15,12.8092,0,1603,80978621053
117.668,8.4985,21.5686,0,42,57,0,2500,0,0,0,25.15,12.8092,0,1603,80987120095
120.549,8.29538,21.5686,0,42,57,0,2500,0,0,0,25.15,12.8092,0,1603,80995416184
125.172,7.989,21.5686,0,42,57,0,2500,0,0,0,25.15,12.8092,0,1603,81003406290
123.867,8.07318,21.5686,0,42,57,0,2500,0,0,0,25.15,12.8092,0,1603,81011479981
112.784,8.8665,21.5686,0,42,57,0,2500,0,0,0,25.15,12.8092,0,1603,81020346854
121.942,8.20059,21.5686,0,42,57,0,2500,0,0,0,25.15,12.8092,0,1603,81028548720
118.386,8.44697,21.5686,0,42,57,0,2500,0,0,0,25.15,12.8092,0,1603,81036995760
128.902,7.75784,21.5686,0,42,57,0,2500,0,0,0,25.15,12.8092,0,1603,81044754130
140.754,7.1046,21.5686,0,42,57,0,2500,0,0,0,25.15,12.8092,0,1603,81051858747
125.517,7.96702,21.5686,0,42,57,0,2500,0,0,0,25.15,12.8092,0,1603,81059826566
86.2811,11.59,21.5686,0,42,57,0,2500,0,0,0,25.15,12.8092,0,1603,81071417808
177.095,5.6467,21.5686,0,42,57,0,2500,0,0,0,25.15,12.8092,0,1603,81077065164
95.4629,10.4753,21.5686,0,42,57,0,2500,0,0,0,25.15,12.8092,0,1603,81087540620
128.792,7.76446,21.5686,0,42,57,0,2500,0,0,0,25.15,12.8092,0,1603,81095305991
115.707,8.64248,21.5686,0,42,57,0,2500,0,0,0,25.15,12.8092,0,1603,81103953267
120.824,8.27649,21.34,0,31,57,0,2500,0,0,0,25.1511,12.8092,0,1500,81112226287
130.061,7.68873,21.34,0,31,57,0,2500,0,0,0,25.1511,12.8092,0,1500,81119915532
117.271,8.52725,21.34,0,31,57,0,2500,0,0,0,25.1511,12.8092,0,1500,81128443077
123.929,8.06911,21.34,0,31,57,0,2500,0,0,0,25.1511,12.8092,0,1500,81136513035
189.671,5.27228,21.34,0,31,57,0,2500,0,0,0,25.1511,12.8092,0,1500,81141785227
94.3659,10.5971,21.34,0,31,57,0,2500,0,0,0,25.1511,12.8092,0,1500,81152382572
118.827,8.41559,21.34,0,31,57,0,2500,0,0,0,25.1511,12.8092,0,1500,81160798912
117.322,8.52356,21.34,0,31,57,0,2500,0,0,0,25.1511,12.8092,0,1500,81169322795
125.898,7.94293,21.34,0,31,57,0,2500,0,0,0,25.1511,12.8092,0,1500,81177265614
124.376,8.04014,21.34,0,31,57,0,2500,0,0,0,25.1511,12.8092,0,1500,81185306047
93.6129,10.6823,21.34,0,31,57,0,2500,0,0,0,25.1511,12.8092,0,1500,81195989189
131.547,7.60184,21.34,0,31,57,0,2500,0,0,0,25.1511,12.8092,0,1500,81203592022
125.74,7.95292,21.34,0,31,57,0,2500,0,0,0,25.1511,12.8092,0,1500,81211544597
134.618,7.4284,21.34,0,31,57,0,2500,0,0,0,25.1511,12.8092,0,1500,81218973151
125.207,7.98679,21.34,0,31,57,0,2500,0,0,0,25.1511,12.8092,0,1500,81226960284
120.613,8.29101,21.34,0,31,57,0,2500,0,0,0,25.1511,12.8092,0,1500,81235251649
120.759,8.28096,21.34,0,31,57,0,2500,0,0,0,25.1511,12.8092,0,1500,81243533224
121.402,8.23712,21.34,0,31,57,0,2500,0,0,0,25.1511,12.8092,0,1500,81251770408
113.107,8.84116,21.34,0,31,57,0,2500,0,0,0,25.1511,12.8092,0,1500,81260612201
99.4613,10.0542,21.34,0,31,57,0,2500,0,0,0,25.1511,12.8092,0,1500,81270667143
132.295,7.55888,21.34,0,31,57,0,2500,0,0,0,25.1511,12.8092,0,1500,81278226091
119.977,8.33496,21.34,0,31,57,0,2500,0,0,0,25.1511,12.8092,0,1500,81286561240
115.945,8.62475,21.34,0,31,57,0,2500,0,0,0,25.1511,12.8092,0,1500,81295186405
121.516,8.2294,21.34,0,31,57,0,2500,0,0,0,25.1511,12.8092,0,1500,81303416345
123.106,8.12305,21.34,0,31,57,0,2500,0,0,0,25.1511,12.8092,0,1500,81311539675
117.461,8.51348,21.34,0,31,57,0,2500,0,0,0,25.1511,12.8092,0,1500,81320053740
110.028,9.08859,21.34,0,31,57,0,2500,0,0,0,25.1511,12.8092,0,1500,81329143872
118.052,8.47083,21.34,0,31,57,0,2500,0,0,0,25.1511,12.8092,0,1500,81337615490
131.723,7.59172,21.34,0,31,57,0,2500,0,0,0,25.1511,12.8092,0,1500,81345207146
122.421,8.16852,21.34,0,31,57,0,2500,0,0,0,25.1511,12.8092,0,1500,81353376991
118.033,8.47221,21.34,0,31,57,0,2500,0,0,0,25.1511,12.8092,0,1500,81361849503
115.722,8.64138,21.34,0,31,57,0,2500,0,0,0,25.1511,12.8092,0,1500,81370491739
121.47,8.23248,21.34,0,31,57,0,2500,0,0,0,25.1511,12.8092,0,1500,81378724869
120.868,8.27351,21.34,0,31,57,0,2500,0,0,0,25.1511,12.8092,0,1500,81386998835
116.506,8.58322,21.34,0,31,57,0,2500,0,0,0,25.1511,12.8092,0,1500,81395582338
123.143,8.12061,21.34,0,31,57,0,2500,0,0,0,25.1511,12.8092,0,1500,81403704008
126.358,7.91403,21.34,0,31,57,0,2500,0,0,0,25.1511,12.8092,0,1500,81411619041
127.047,7.87112,21.34,0,31,57,0,2500,0,0,0,25.1511,12.8092,0,1500,81419489730
126.432,7.90939,21.34,0,31,57,0,2500,0,0,0,25.1511,12.8092,0,1500,81427399969
101.145,9.88678,21.34,0,31,57,0,2500,0,0,0,25.1511,12.8092,0,1500,81437288219
119.721,8.35277,21.34,0,31,57,0,2500,0,0,0,25.1511,12.8092,0,1500,81445641556
121.84,8.20748,21.34,0,31,57,0,2500,0,0,0,25.1511,12.8092,0,1500,81453848543
122.981,8.13137,21.34,0,31,57,0,2500,0,0,0,25.1511,12.8092,0,1500,81461981240
119.125,8.39457,21.34,0,31,57,0,2500,0,0,0,25.1511,12.8092,0,1500,81470376441
109.98,9.09254,21.34,0,31,57,0,2500,0,0,0,25.1511,12.8092,0,1500,81479470097
119.081,8.39762,21.34,0,31,57,0,2500,0,0,0,25.1511,12.8092,0,1500,81487867887
120.074,8.32818,21.34,0,31,57,0,2500,0,0,0,25.1511,12.8092,0,1500,81496196707
111.378,8.97844,21.34,0,31,57,0,2500,0,0,0,25.1511,12.8092,0,1500,81505176047
129.185,7.74084,21.34,0,31,57,0,2500,0,0,0,25.1511,12.8092,0,1500,81512916593
144.26,6.93192,21.34,0,31,57,0,2500,0,0,0,25.1511,12.8092,0,1500,81519849162
121.294,8.24445,21.34,0,31,57,0,2500,0,0,0,25.1511,12.8092,0,1500,81528094683
122.455,8.16624,21.34,0,31,57,0,2500,0,0,0,25.1511,12.8092,0,1500,81536261487
118.349,8.44957,21.34,0,31,57,0,2500,0,0,0,25.1511,12.8092,0,1500,81544711474
98.0064,10.2034,21.34,0,31,57,0,2500,0,0,0,25.1511,12.8092,0,1500,81554915945
127.521,7.84185,21.34,0,31,57,0,2500,0,0,0,25.1511,12.8092,0,1500,81562758928
127.37,7.85113,21.34,0,31,57,0,2500,0,0,0,25.1511,12.8092,0,1500,81570610621
117.177,8.53406,21.34,0,31,57,0,2500,0,0,0,25.1511,12.8092,0,1500,81579144942
146.311,6.83477,21.34,0,31,57,0,2500,0,0,0,25.1511,12.8092,0,1500,81585980245
108.392,9.22575,21.34,0,31,57,0,2500,0,0,0,25.1511,12.8092,0,1500,81595206814
136.965,7.30116,21.34,0,31,57,0,2500,0,0,0,25.1511,12.8092,0,1500,81602508407
115.718,8.64172,21.34,0,31,57,0,2500,0,0,0,25.1511,12.8092,0,1500,81611155889
121.085,8.25868,20.6388,0,42,57,0,2500,0,0,0,25.1512,12.8092,0,1500,81619409551
88.4418,11.3069,20.6388,0,42,57,0,2500,0,0,0,25.1512,12.8092,0,1500,81630717840
153.137,6.53009,20.6388,0,42,57,0,2500,0,0,0,25.1512,12.8092,0,1500,81637248613
185.807,5.38194,20.6388,0,42,57,0,2500,0,0,0,25.1512,12.8092,0,1500,81642630826
87.1576,11.4735,20.6388,0,42,57,0,2500,0,0,0,25.1512,12.8092,0,1500,81654105414
147.237,6.79179,20.6388,0,42,57,0,2500,0,0,0,25.1512,12.8092,0,1500,81660897038
150.999,6.62258,20.6388,0,42,57,0,2500,0,0,0,25.1512,12.8092,0,1500,81667520771
90.9514,10.9949,20.6388,0,42,57,0,2500,0,0,0,25.1512,12.8092,0,1500,81678516270
119.985,8.33435,20.6388,0,42,57,0,2500,0,0,0,25.1512,12.8092,0,1500,81686851222
158.173,6.32218,20.6388,0,42,57,0,2500,0,0,0,25.1512,12.8092,0,1500,81693173548
100.669,9.93357,20.6388,0,42,57,0,2500,0,0,0,25.1512,12.8092,0,1500,81703107898
123.84,8.07495,20.6388,0,42,57,0,2500,0,0,0,25.1512,12.8092,0,1500,81711182914
123.887,8.07188,20.6388,0,42,57,0,2500,0,0,0,25.1512,12.8092,0,1500,81719255476
119.343,8.37919,20.6388,0,42,57,0,2500,0,0,0,25.1512,12.8092,0,1500,81727634632
116.919,8.55294,20.6388,0,42,57,0,2500,0,0,0,25.1512,12.8092,0,1500,81736188558
108.242,9.23854,20.6388,0,42,57,0,2500,0,0,0,25.1512,12.8092,0,1500,81745426845
108.812,9.19019,20.6388,0,42,57,0,2500,0,0,0,25.1512,12.8092,0,1500,81754617902
127.318,7.85436,20.6388,0,42,57,0,2500,0,0,0,25.1512,12.8092,0,1500,81762472444
119.652,8.35757,20.6388,0,42,57,0,2500,0,0,0,25.1512,12.8092,0,1500,81770830670
125.173,7.98891,20.6388,0,42,57,0,2500,0,0,0,25.1512,12.8092,0,1500,81778819628
113.047,8.84588,20.6388,0,42,57,0,2500,0,0,0,25.1512,12.8092,0,1500,81787666272
126.788,7.88718,20.6388,0,42,57,0,2500,0,0,0,25.1512,12.8092,0,1500,81795554403
119.858,8.34321,20.6388,0,42,57,0,2500,0,0,0,25.1512,12.8092,0,1500,81803897379
117.683,8.49737,20.6388,0,42,57,0,2500,0,0,0,25.1512,12.8092,0,1500,81812395331
128.763,7.7662,20.6388,0,42,57,0,2500,0,0,0,25.1512,12.8092,0,1500,81820162309
136.244,7.3398,20.6388,0,42,57,0,2500,0,0,0,25.1512,12.8092,0,1500,81827502691
102.107,9.79369,20.6388,0,42,57,0,2500,0,0,0,25.1512,12.8092,0,1500,81837297287
118.722,8.42303,20.6388,0,42,57,0,2500,0,0,0,25.1512,12.8092,0,1500,81845720882
138.269,7.2323,20.6388,0,42,57,0,2500,0,0,0,25.1512,12.8092,0,1500,81852952885
100.628,9.93755,20.6388,0,42,57,0,2500,0,0,0,25.1512,12.8092,0,1500,81862891250
128.091,7.80693,20.6388,0,42,57,0,2500,0,0,0,25.1512,12.8092,0,1500,81870698665
123.055,8.12647,20.6388,0,42,57,0,2500,0,0,0,25.1512,12.8092,0,1500,81878825134
112.288,8.90571,20.6388,0,42,57,0,2500,0,0,0,25.1512,12.8092,0,1500,81887731140
126.628,7.89713,20.6388,0,42,57,0,2500,0,0,0,25.1512,12.8092,0,1500,81895629009
116.82,8.56017,20.6388,0,42,57,0,2500,0,0,0,25.1512,12.8092,0,1500,81904189717
121.629,8.22169,20.6388,0,42,57,0,2500,0,0,0,25.1512,12.8092,0,1500,81912411487
124.474,8.0338,20.6388,0,42,57,0,2500,0,0,0,25.1512,12.8092,0,1500,81920445633
121.847,8.20699,20.6388,0,42,57,0,2500,0,0,0,25.1512,12.8092,0,1500,81928653415
113.577,8.80464,20.6388,0,42,57,0,2500,0,0,0,25.1512,12.8092,0,1500,81937458071
115.487,8.659,20.6388,0,42,57,0,2500,0,0,0,25.1512,12.8092,0,1500,81946117758
149.503,6.68883,20.6388,0,42,57,0,2500,0,0,0,25.1512,12.8092,0,1500,81952806383
131.717,7.59206,20.6388,0,42,57,0,2500,0,0,0,25.1512,12.8092,0,1500,81960399563
89.2547,11.2039,20.6388,0,42,57,0,2500,0,0,0,25.1512,12.8092,0,1500,81971604328
134.129,7.45552,20.6388,0,42,57,0,2500,0,0,0,25.1512,12.8092,0,1500,81979060641
137.285,7.28413,20.6388,0,42,57,0,2500,0,0,0,25.1512,12.8092,0,1500,81986345464
126.969,7.87596,20.6388,0,42,57,0,2500,0,0,0,25.1512,12.8092,0,1500,81994222199
95.8425,10.4338,20.6388,0,42,57,0,2500,0,0,0,25.1512,12.8092,0,1500,82004657192
124.704,8.01897,20.6388,0,42,57,0,2500,0,0,0,25.1512,12.8092,0,1500,82012676140
119.437,8.3726,20.6388,0,42,57,0,2500,0,0,0,25.1512,12.8092,0,1500,82021049497
118.217,8.45903,20.6388,0,42,57,0,2500,0,0,0,25.1512,12.8092,0,1500,82029509594
123.772,8.07936,20.6388,0,42,57,0,2500,0,0,0,25.1512,12.8092,0,1500,82037589223
133.41,7.49568,20.6388,0,42,57,0,2500,0,0,0,25.1512,12.8092,0,1500,82045085288
103.355,9.67539,20.6388,0,42,57,0,2500,0,0,0,25.1512,12.8092,0,1500,82054761751
114.666,8.72101,20.6388,0,42,57,0,2500,0,0,0,25.1512,12.8092,0,1500,82063483265
140.276,7.12883,20.6388,0,42,57,0,2500,0,0,0,25.1512,12.8092,0,1500,82070612581
117.341,8.52214,20.6388,0,42,57,0,2500,0,0,0,25.1512,12.8092,0,1500,82079135514
118.463,8.44148,20.6388,0,42,57,0,2500,0,0,0,25.1512,12.8092,0,1500,82087577799
122.985,8.13109,20.6388,0,42,57,0,2500,0,0,0,25.1512,12.8092,0,1500,82095709098
128.274,7.79583,20.6388,0,42,57,0,2500,0,0,0,25.1512,12.8092,0,1500,82103505635
127.778,7.82606,20.6388,0,42,57,0,2500,0,0,0,25.1512,12.8092,0,1500,82111337881
96.0786,10.4081,22.1393,0,41,57,0,2500,0,0,0,25.151,12.8091,0,1501,82121741044
126.881,7.88138,22.1393,0,41,57,0,2500,0,0,0,25.151,12.8091,0,1501,82129622777
235.082,4.25383,22.1393,0,41,57,0,2500,0,0,0,25.151,12.8091,0,1501,82133878500
90.9732,10.9923,22.1393,0,41,57,0,2500,0,0,0,25.151,12.8091,0,1501,82144871035
209.686,4.76903,22.1393,0,41,57,0,2500,0,0,0,25.151,12.8091,0,1501,82149640094
87.7683,11.3936,22.1393,0,41,57,0,2500,0,0,0,25.151,12.8091,0,1501,82161034169
120.725,8.28328,22.1393,0,41,57,0,2500,0,0,0,25.151,12.8091,0,1501,82169318501
100.615,9.9389,22.1393,0,41,57,0,2500,0,0,0,25.151,12.8091,0,1501,82179258000
144.52,6.91947,22.1393,0,41,57,0,2500,0,0,0,25.151,12.8091,0,1501,82186177824
122.419,8.16865,22.1393,0,41,57,0,2500,0,0,0,25.151,12.8091,0,1501,82194346976
118.704,8.42429,22.1393,0,41,57,0,2500,0,0,0,25.151,12.8091,0,1501,82202772177
90.169,11.0903,22.1393,0,41,57,0,2500,0,0,0,25.151,12.8091,0,1501,82213863081
146.895,6.8076,22.1393,0,41,57,0,2500,0,0,0,25.151,12.8091,0,1501,82220671891
114.55,8.72985,22.1393,0,41,57,0,2500,0,0,0,25.151,12.8091,0,1501,82229403058
121.017,8.26328,22.1393,0,41,57,0,2500,0,0,0,25.151,12.8091,0,1501,82237666156
142.205,7.03212,22.1393,0,41,57,0,2500,0,0,0,25.151,12.8091,0,1501,82244698285
119.252,8.3856,22.1393,0,41,57,0,2500,0,0,0,25.151,12.8091,0,1501,82253084996
132.403,7.55269,22.1393,0,41,57,0,2500,0,0,0,25.151,12.8091,0,1501,82260638068
92.1558,10.8512,22.1393,0,41,57,0,2500,0,0,0,25.151,12.8091,0,1501,82271490210
128.978,7.75329,22.1393,0,41,57,0,2500,0,0,0,25.151,12.8091,0,1501,82279243504
126.006,7.93614,22.1393,0,41,57,0,2500,0,0,0,25.151,12.8091,0,1501,82287180664
135.283,7.39192,22.1393,0,41,57,0,2500,0,0,0,25.151,12.8091,0,1501,82294572881
100.12,9.98805,22.1393,0,41,57,0,2500,0,0,0,25.151,12.8091,0,1501,82304562152
132.538,7.54503,22.1393,0,41,57,0,2500,0,0,0,25.151,12.8091,0,1501,82312107769
110.369,9.06051,22.1393,0,41,57,0,2500,0,0,0,25.151,12.8091,0,1501,82321169201
123.231,8.11484,22.1393,0,41,57,0,2500,0,0,0,25.151,12.8091,0,1501,82329284654
118.371,8.44799,22.1393,0,41,57,0,2500,0,0,0,25.151,12.8091,0,1501,82337733316
132.276,7.55995,22.1393,0,41,57,0,2500,0,0,0,25.151,12.8091,0,1501,82345293303
107.087,9.33816,22.1393,0,41,57,0,2500,0,0,0,25.151,12.8091,0,1501,82354632023
126.125,7.92862,22.1393,0,41,57,0,2500,0,0,0,25.151,12.8091,0,1501,82362560948
119.908,8.33971,22.1393,0,41,57,0,2500,0,0,0,25.151,12.8091,0,1501,82370901045
120.791,8.2788,22.1393,0,41,57,0,2500,0,0,0,25.151,12.8091,0,1501,82379180178
119.046,8.40014,22.1393,0,41,57,0,2500,0,0,0,25.151,12.8091,0,1501,82387580613
129.394,7.72833,22.1393,0,41,57,0,2500,0,0,0,25.151,12.8091,0,1501,82395309582
113.443,8.81499,22.1393,0,41,57,0,2500,0,0,0,25.151,12.8091,0,1501,82404124856
126.063,7.93252,22.1393,0,41,57,0,2500,0,0,0,25.151,12.8091,0,1501,82412058809
136.276,7.33804,22.1393,0,41,57,0,2500,0,0,0,25.151,12.8091,0,1501,82419397159
122.036,8.19433,22.1393,0,41,57,0,2500,0,0,0,25.151,12.8091,0,1501,82427592020
108.826,9.18895,22.1393,0,41,57,0,2500,0,0,0,25.151,12.8091,0,1501,82436781445
106.145,9.42103,22.1393,0,41,57,0,2500,0,0,0,25.151,12.8091,0,1501,82446203722
117.144,8.53653,22.1393,0,41,57,0,2500,0,0,0,25.151,12.8091,0,1501,82454741139
134.089,7.45772,22.1393,0,41,57,0,2500,0,0,0,25.151,12.8091,0,1501,82462199309
125.867,7.94489,22.1393,0,41,57,0,2500,0,0,0,25.151,12.8091,0,1501,82470144968
100.337,9.96637,22.1393,0,41,57,0,2500,0,0,0,25.151,12.8091,0,1501,82480111426
134.192,7.45201,22.1393,0,41,57,0,2500,0,0,0,25.151,12.8091,0,1501,82487563376
125.546,7.96518,22.1393,0,41,57,0,2500,0,0,0,25.151,12.8091,0,1501,82495529626
141.941,7.04516,22.1393,0,41,57,0,2500,0,0,0,25.151,12.8091,0,1501,82502575563
100.076,9.99236,22.1393,0,41,57,0,2500,0,0,0,25.151,12.8091,0,1501,82512569212
117.275,8.52698,22.1393,0,41,57,0,2500,0,0,0,25.151,12.8091,0,1501,82521096507
123.379,8.1051,22.1393,0,41,57,0,2500,0,0,0,25.151,12.8091,0,1501,82529202532
120.872,8.27323,22.1393,0,41,57,0,2500,0,0,0,25.151,12.8091,0,1501,82537476116
120.473,8.30063,22.1393,0,41,57,0,2500,0,0,0,25.151,12.8091,0,1501,82545777728
139.323,7.17755,22.1393,0,41,57,0,2500,0,0,0,25.151,12.8091,0,1501,82552955743
138.07,7.2427,22.1393,0,41,57,0,2500,0,0,0,25.151,12.8091,0,1501,82560198506
104.939,9.52939,22.1393,0,41,57,0,2500,0,0,0,25.151,12.8091,0,1501,82569729160
103.314,9.67919,22.1393,0,41,57,0,2500,0,0,0,25.151,12.8091,0,1501,82579409102
138.347,7.22818,22.1393,0,41,57,0,2500,0,0,0,25.151,12.8091,0,1501,82586637197
116.724,8.56719,22.1393,0,41,57,0,2500,0,0,0,25.151,12.8091,0,1501,82595204637
126.898,7.88035,22.1393,0,41,57,0,2500,0,0,0,25.151,12.8091,0,1501,82603085526
183.404,5.45244,22.1393,0,41,57,0,2500,0,0,0,25.151,12.8091,0,1501,82608537670
94.1671,10.6194,22.1393,0,41,57,0,2500,0,0,0,25.151,12.8091,0,1501,82619162649
102.788,9.72872,21.8137,0,42,57,0,2500,0,0,0,25.1506,12.8091,0,1501,82628886854
235.275,4.25034,21.8137,0,42,57,0,2500,0,0,0,25.1506,12.8091,0,1501,82633137822
80.1213,12.4811,21.8137,0,42,57,0,2500,0,0,0,25.1506,12.8091,0,1501,82645620147
111.332,8.98217,21.8137,0,42,57,0,2500,0,0,0,25.1506,12.8091,0,1501,82654603754
129.969,7.69417,21.8137,0,42,57,0,2500,0,0,0,25.1506,12.8091,0,1501,82662298306
115.012,8.69477,21.8137,0,42,57,0,2500,0,0,0,25.1506,12.8091,0,1501,82670993502
127.697,7.83101,21.8137,0,42,57,0,2500,0,0,0,25.1506,12.8091,0,1501,82678824579
121.781,8.21144,21.8137,0,42,57,0,2500,0,0,0,25.1506,12.8091,0,1501,82687035863
143.423,6.9724,21.8137,0,42,57,0,2500,0,0,0,25.1506,12.8091,0,1501,82694009241
92.2859,10.8359,21.8137,0,42,57,0,2500,0,0,0,25.1506,12.8091,0,1501,82704845673
122.793,8.14378,21.8137,0,42,57,0,2500,0,0,0,25.1506,12.8091,0,1501,82712989695
139.735,7.15639,21.8137,0,42,57,0,2500,0,0,0,25.1506,12.8091,0,1501,82720146032
98.5277,10.1494,21.8137,0,42,57,0,2500,0,0,0,25.1506,12.8091,0,1501,82730296414
135.539,7.37792,21.8137,0,42,57,0,2500,0,0,0,25.1506,12.8091,0,1501,82737674427
119.849,8.34381,21.8137,0,42,57,0,2500,0,0,0,25.1506,12.8091,0,1501,82746018940
124.561,8.02818,21.8137,0,42,57,0,2500,0,0,0,25.1506,12.8091,0,1501,82754047573
122.326,8.17489,21.8137,0,42,57,0,2500,0,0,0,25.1506,12.8091,0,1501,82762222872
113.546,8.807,21.8137,0,42,57,0,2500,0,0,0,25.1506,12.8091,0,1501,82771029929
120.601,8.29177,21.8137,0,42,57,0,2500,0,0,0,25.1506,12.8091,0,1501,82779322042
117.954,8.47791,21.8137,0,42,57,0,2500,0,0,0,25.1506,12.8091,0,1501,82787800388
121.786,8.21113,21.8137,0,42,57,0,2500,0,0,0,25.1506,12.8091,0,1501,82796012067
116.493,8.58417,21.8137,0,42,57,0,2500,0,0,0,25.1506,12.8091,0,1501,82804596960
125.432,7.97245,21.8137,0,42,57,0,2500,0,0,0,25.1506,12.8091,0,1501,82812569867
131.489,7.6052,21.8137,0,42,57,0,2500,0,0,0,25.1506,12.8091,0,1501,82820175335
133.807,7.47342,21.8137,0,42,57,0,2500,0,0,0,25.1506,12.8091,0,1501,82827649562
123.329,8.10841,21.8137,0,42,57,0,2500,0,0,0,25.1506,12.8091,0,1501,82835757723
96.9284,10.3169,21.8137,0,42,57,0,2500,0,0,0,25.1506,12.8091,0,1501,82846075232
113.064,8.84452,21.8137,0,42,57,0,2500,0,0,0,25.1506,12.8091,0,1501,82854920581
125.151,7.99032,21.8137,0,42,57,0,2500,0,0,0,25.1506,12.8091,0,1501,82862911181
113.203,8.83368,21.8137,0,42,57,0,2500,0,0,0,25.1506,12.8091,0,1501,82871744888
133.882,7.46927,21.8137,0,42,57,0,2500,0,0,0,25.1506,12.8091,0,1501,82879215103
117.248,8.52895,21.8137,0,42,57,0,2500,0,0,0,25.1506,12.8091,0,1501,82887744042
123.118,8.12229,21.8137,0,42,57,0,2500,0,0,0,25.1506,12.8091,0,1501,82895866818
129.415,7.72707,21.8137,0,42,57,0,2500,0,0,0,25.1506,12.8091,0,1501,82903594780
143.097,6.98825,21.8137,0,42,57,0,2500,0,0,0,25.1506,12.8091,0,1501,82910583194
124.406,8.03817,21.8137,0,42,57,0,2500,0,0,0,25.1506,12.8091,0,1501,82918621114
119.53,8.36608,21.8137,0,42,57,0,2500,0,0,0,25.1506,12.8091,0,1501,82926987280
123.069,8.12551,21.8137,0,42,57,0,2500,0,0,0,25.1506,12.8091,0,1501,82935113047
116.047,8.61717,21.8137,0,42,57,0,2500,0,0,0,25.1506,12.8091,0,1501,82943730750
109.174,9.15967,21.8137,0,42,57,0,2500,0,0,0,25.1506,12.8091,0,1501,82952891774
133.549,7.48787,21.8137,0,42,57,0,2500,0,0,0,25.1506,12.8091,0,1501,82960379746
115.656,8.64631,21.8137,0,42,57,0,2500,0,0,0,25.1506,12.8091,0,1501,82969026706
118.048,8.47113,21.8137,0,42,57,0,2500,0,0,0,25.1506,12.8091,0,1501,82977498746
127.428,7.84756,21.8137,0,42,57,0,2500,0,0,0,25.1506,12.8091,0,1501,82985346246
115.36,8.66852,21.8137,0,42,57,0,2500,0,0,0,25.1506,12.8091,0,1501,82994015465
124.98,8.00128,21.8137,0,42,57,0,2500,0,0,0,25.1506,12.8091,0,1501,83002016922
101.358,9.86604,21.8137,0,42,57,0,2500,0,0,0,25.1506,12.8091,0,1501,83011884139
139.842,7.15095,21.8137,0,42,57,0,2500,0,0,0,25.1506,12.8091,0,1501,83019034765
125.993,7.93693,21.8137,0,42,57,0,2500,0,0,0,25.1506,12.8091,0,1501,83026972560
118.368,8.44823,21.8137,0,42,57,0,2500,0,0,0,25.1506,12.8091,0,1501,83035421096
94.5862,10.5724,21.8137,0,42,57,0,2500,0,0,0,25.1506,12.8091,0,1501,83046001756
130.115,7.68551,21.8137,0,42,57,0,2500,0,0,0,25.1506,12.8091,0,1501,83053680805
112.436,8.89392,21.8137,0,42,57,0,2500,0,0,0,25.1506,12.8091,0,1501,83062575327
123.274,8.11202,21.8137,0,42,57,0,2500,0,0,0,25.1506,12.8091,0,1501,83070687976
123.129,8.12156,21.8137,0,42,57,0,2500,0,0,0,25.1506,12.8091,0,1501,83078809188
109.324,9.14709,21.8137,0,42,57,0,2500,0,0,0,25.1506,12.8091,0,1501,83087956462
220.356,4.53812,21.8137,0,42,57,0,2500,0,0,0,25.1506,12.8091,0,1501,83092494981
89.5122,11.1717,21.8137,0,42,57,0,2500,0,0,0,25.1506,12.8091,0,1501,83103667437
118.707,8.42408,21.8137,0,42,57,0,2500,0,0,0,25.1506,12.8091,0,1501,83112091551
116.199,8.60596,21.8137,0,42,57,0,2500,0,0,0,25.1506,12.8091,0,1501,83120701069
122.587,8.15748,22.0844,0,43,57,0,2500,0,0,0,25.1511,12.809,0,1500,83128855187
115.859,8.63119,22.0844,0,43,57,0,2500,0,0,0,25.1511,12.809,0,1500,83137487099
127.253,7.85835,22.0844,0,43,57,0,2500,0,0,0,25.1511,12.809,0,1500,83145346226
115.252,8.67663,22.0844,0,43,57,0,2500,0,0,0,25.1511,12.809,0,1500,83154023328
137.373,7.27944,22.0844,0,43,57,0,2500,0,0,0,25.1511,12.809,0,1500,83161303214
116.551,8.57996,22.0844,0,43,57,0,2500,0,0,0,25.1511,12.809,0,1500,83169883218
112.004,8.92826,22.0844,0,43,57,0,2500,0,0,0,25.1511,12.809,0,1500,83178811600
124.238,8.04908,22.0844,0,43,57,0,2500,0,0,0,25.1511,12.809,0,1500,83186860989
114.142,8.76098,22.0844,0,43,57,0,2500,0,0,0,25.1511,12.809,0,1500,83195622198
140.495,7.11767,22.0844,0,43,57,0,2500,0,0,0,25.1511,12.809,0,1500,83202740378
130.527,7.66127,22.0844,0,43,57,0,2500,0,0,0,25.1511,12.809,0,1500,83210402085
112.96,8.8527,22.0844,0,43,57,0,2500,0,0,0,25.1511,12.809,0,1500,83219256312
123.941,8.06837,22.0844,0,43,57,0,2500,0,0,0,25.1511,12.809,0,1500,83227324767
125.416,7.97348,22.0844,0,43,57,0,2500,0,0,0,25.1511,12.809,0,1500,83235298510
118.296,8.45339,22.0844,0,43,57,0,2500,0,0,0,25.1511,12.809,0,1500,83243752954
99.5777,10.0424,22.0844,0,43,57,0,2500,0,0,0,25.1511,12.809,0,1500,83253796110
117.509,8.51,22.0844,0,43,57,0,2500,0,0,0,25.1511,12.809,0,1500,83262307145
131.067,7.62971,22.0844,0,43,57,0,2500,0,0,0,25.1511,12.809,0,1500,83269937045
109.761,9.11067,22.0844,0,43,57,0,2500,0,0,0,25.1511,12.809,0,1500,83279047335
119.353,8.37851,22.0844,0,43,57,0,2500,0,0,0,25.1511,12.809,0,1500,83287426654
143.723,6.95785,22.0844,0,43,57,0,2500,0,0,0,25.1511,12.809,0,1500,83294384239
128.656,7.77267,22.0844,0,43,57,0,2500,0,0,0,25.1511,12.809,0,1500,83302158547
120.487,8.29968,22.0844,0,43,57,0,2500,0,0,0,25.1511,12.809,0,1500,83310458777
122.947,8.13362,22.0844,0,43,57,0,2500,0,0,0,25.1511,12.809,0,1500,83318592473
121.862,8.206,22.0844,0,43,57,0,2500,0,0,0,25.1511,12.809,0,1500,83326798983
107.817,9.27498,22.0844,0,43,57,0,2500,0,0,0,25.1511,12.809,0,1500,83336075188
100.889,9.91185,22.0844,0,43,57,0,2500,0,0,0,25.1511,12.809,0,1500,83345987630
122.361,8.17253,22.0844,0,43,57,0,2500,0,0,0,25.1511,12.809,0,1500,83354160574
118.485,8.43986,22.0844,0,43,57,0,2500,0,0,0,25.1511,12.809,0,1500,83362601601
119.773,8.34912,22.0844,0,43,57,0,2500,0,0,0,25.1511,12.809,0,1500,83370951025
109.088,9.16688,22.0844,0,43,57,0,2500,0,0,0,25.1511,12.809,0,1500,83380118747
141.545,7.06491,22.0844,0,43,57,0,2500,0,0,0,25.1511,12.809,0,1500,83387184265
114.277,8.75069,22.0844,0,43,57,0,2500,0,0,0,25.1511,12.809,0,1500,83395935500
116.884,8.55547,22.0844,0,43,57,0,2500,0,0,0,25.1511,12.809,0,1500,83404491698
154.34,6.47921,22.0844,0,43,57,0,2500,0,0,0,25.1511,12.809,0,1500,83410970950
119.292,8.38277,22.0844,0,43,57,0,2500,0,0,0,25.1511,12.809,0,1500,83419354303
106.108,9.42432,22.0844,0,43,57,0,2500,0,0,0,25.1511,12.809,0,1500,83428779716
124.943,8.00362,22.0844,0,43,57,0,2500,0,0,0,25.1511,12.809,0,1500,83436783772
112.085,8.92179,22.0844,0,43,57,0,2500,0,0,0,25.1511,12.809,0,1500,83445706261
126.697,7.89284,22.0844,0,43,57,0,2500,0,0,0,25.1511,12.809,0,1500,83453599777
106.91,9.35364,22.0844,0,43,57,0,2500,0,0,0,25.1511,12.809,0,1500,83462953889
136.882,7.30554,22.0844,0,43,57,0,2500,0,0,0,25.1511,12.809,0,1500,83470259927
121.617,8.22254,22.0844,0,43,57,0,2500,0,0,0,25.1511,12.809,0,1500,83478483211
136.337,7.33475,22.0844,0,43,57,0,2500,0,0,0,25.1511,12.809,0,1500,83485818382
120.796,8.27843,22.0844,0,43,57,0,2500,0,0,0,25.1511,12.809,0,1500,83494097115
96.0237,10.4141,22.0844,0,43,57,0,2500,0,0,0,25.1511,12.809,0,1500,83504512216
155.818,6.41776,22.0844,0,43,57,0,2500,0,0,0,25.1511,12.809,0,1500,83510930308
124.276,8.0466,22.0844,0,43,57,0,2500,0,0,0,25.1511,12.809,0,1500,83518977436
114.271,8.75114,22.0844,0,43,57,0,2500,0,0,0,25.1511,12.809,0,1500,83527729333
122.809,8.14273,22.0844,0,43,57,0,2500,0,0,0,25.1511,12.809,0,1500,83535872696
97.5343,10.2528,22.0844,0,43,57,0,2500,0,0,0,25.1511,12.809,0,1500,83546126316
124.254,8.04802,22.0844,0,43,57,0,2500,0,0,0,25.1511,12.809,0,1500,83554175122
117.587,8.50431,22.0844,0,43,57,0,2500,0,0,0,25.1511,12.809,0,1500,83562679893
126.172,7.92568,22.0844,0,43,57,0,2500,0,0,0,25.1511,12.809,0,1500,83570606199
118.232,8.45793,22.0844,0,43,57,0,2500,0,0,0,25.1511,12.809,0,1500,83579064896
116.674,8.57092,22.0844,0,43,57,0,2500,0,0,0,25.1511,12.809,0,1500,83587636817
129.933,7.69628,22.0844,0,43,57,0,2500,0,0,0,25.1511,12.809,0,1500,83595333264
112.859,8.86059,22.0844,0,43,57,0,2500,0,0,0,25.1511,12.809,0,1500,83604194346
208.899,4.78701,22.0844,0,43,57,0,2500,0,0,0,25.1511,12.809,0,1500,83608981307
100.063,9.99368,22.0844,0,43,57,0,2500,0,0,0,25.1511,12.809,0,1500,83618975894
109.657,9.11934,22.0844,0,43,57,0,2500,0,0,0,25.1511,12.809,0,1500,83628103814
99.7552,10.0245,21.6216,0,42,57,0,2500,0,0,0,25.1518,12.809,0,1500,83638122327
121.847,8.20704,21.6216,0,42,57,0,2500,0,0,0,25.1518,12.809,0,1500,83646329514
118.109,8.46677,21.6216,0,42,57,0,2500,0,0,0,25.1518,12.809,0,1500,83654797091
157.158,6.36301,21.6216,0,42,57,0,2500,0,0,0,25.1518,12.809,0,1500,83661160135
122.973,8.13189,21.6216,0,42,57,0,2500,0,0,0,25.1518,12.809,0,1500,83669292865
123.859,8.07367,21.6216,0,42,57,0,2500,0,0,0,25.1518,12.809,0,1500,83677367707
117.304,8.52484,21.6216,0,42,57,0,2500,0,0,0,25.1518,12.809,0,1500,83685892730
120.813,8.27729,21.6216,0,42,57,0,2500,0,0,0,25.1518,12.809,0,1500,83694170831
121.552,8.2269,21.6216,0,42,57,0,2500,0,0,0,25.1518,12.809,0,1500,83702398383
117.709,8.4955,21.6216,0,42,57,0,2500,0,0,0,25.1518,12.809,0,1500,83710893847
92.3081,10.8333,21.6216,0,42,57,0,2500,0,0,0,25.1518,12.809,0,1500,83721727723
127.192,7.86211,21.6216,0,42,57,0,2500,0,0,0,25.1518,12.809,0,1500,83729590012
142.659,7.00972,21.6216,0,42,57,0,2500,0,0,0,25.1518,12.809,0,1500,83736601320
115.981,8.62214,21.6216,0,42,57,0,2500,0,0,0,25.1518,12.809,0,1500,83745223494
117.712,8.49533,21.6216,0,42,57,0,2500,0,0,0,25.1518,12.809,0,1500,83753719973
106.364,9.40165,21.6216,0,42,57,0,2500,0,0,0,25.1518,12.809,0,1500,83763122473
119.907,8.33981,21.6216,0,42,57,0,2500,0,0,0,25.1518,12.809,0,1500,83771462941
126.157,7.92662,21.6216,0,42,57,0,2500,0,0,0,25.1518,12.809,0,1500,83779389928
115.988,8.62161,21.6216,0,42,57,0,2500,0,0,0,25.1518,12.809,0,1500,83788012361
119.384,8.37633,21.6216,0,42,57,0,2500,0,0,0,25.1518,12.809,0,1500,83796389376
128.008,7.81204,21.6216,0,42,57,0,2500,0,0,0,25.1518,12.809,0,1500,83804202330
143.248,6.98092,21.6216,0,42,57,0,2500,0,0,0,25.1518,12.809,0,1500,83811183807
125.116,7.99257,21.6216,0,42,57,0,2500,0,0,0,25.1518,12.809,0,1500,83819176933
96.3849,10.3751,21.6216,0,42,57,0,2500,0,0,0,25.1518,12.809,0,1500,83829552893
139.154,7.18628,21.6216,0,42,57,0,2500,0,0,0,25.1518,12.809,0,1500,83836739936
104.067,9.6092,21.6216,0,42,57,0,2500,0,0,0,25.1518,12.809,0,1500,83846349740
114.369,8.74364,21.6216,0,42,57,0,2500,0,0,0,25.1518,12.809,0,1500,83855094424
128.216,7.79936,21.6216,0,42,57,0,2500,0,0,0,25.1518,12.809,0,1500,83862894444
139.432,7.17195,21.6216,0,42,57,0,2500,0,0,0,25.1518,12.809,0,1500,83870066570
115.617,8.64923,21.6216,0,42,57,0,2500,0,0,0,25.1518,12.809,0,1500,83878716354
144.867,6.90289,21.6216,0,42,57,0,2500,0,0,0,25.1518,12.809,0,1500,83885619175
100.233,9.97674,21.6216,0,42,57,0,2500,0,0,0,25.1518,12.809,0,1500,83895596323
116.804,8.56133,21.6216,0,42,57,0,2500,0,0,0,25.1518,12.809,0,1500,83904158117
126.384,7.91237,21.6216,0,42,57,0,2500,0,0,0,25.1518,12.809,0,1500,83912071687
113.463,8.81343,21.6216,0,42,57,0,2500,0,0,0,25.1518,12.809,0,1500,83920885661
113.168,8.83641,21.6216,0,42,57,0,2500,0,0,0,25.1518,12.809,0,1500,83929722896
132.998,7.51893,21.6216,0,42,57,0,2500,0,0,0,25.1518,12.809,0,1500,83937242326
118.945,8.40721,21.6216,0,42,57,0,2500,0,0,0,25.1518,12.809,0,1500,83945650247
112.687,8.87417,21.6216,0,42,57,0,2500,0,0,0,25.1518,12.809,0,1500,83954525164
116.407,8.59058,21.6216,0,42,57,0,2500,0,0,0,25.1518,12.809,0,1500,83963116852
129.005,7.75162,21.6216,0,42,57,0,2500,0,0,0,25.1518,12.809,0,1500,83970868673
132.338,7.55639,21.6216,0,42,57,0,2500,0,0,0,25.1518,12.809,0,1500,83978425145
140.54,7.11542,21.6216,0,42,57,0,2500,0,0,0,25.1518,12.809,0,1500,83985541439
92.0921,10.8587,21.6216,0,42,57,0,2500,0,0,0,25.1518,12.809,0,1500,83996400938
129.725,7.70861,21.6216,0,42,57,0,2500,0,0,0,25.1518,12.809,0,1500,84004109907
139.944,7.14571,21.6216,0,42,57,0,2500,0,0,0,25.1518,12.809,0,1500,84011256669
123.719,8.08286,21.6216,0,42,57,0,2500,0,0,0,25.1518,12.809,0,1500,84019339503
99.7483,10.0252,21.6216,0,42,57,0,2500,0,0,0,25.1518,12.809,0,1500,84029365180
122.301,8.17656,21.6216,0,42,57,0,2500,0,0,0,25.1518,12.809,0,1500,84037542081
116.289,8.5993,21.6216,0,42,57,0,2500,0,0,0,25.1518,12.809,0,1500,84046142270
121.853,8.20663,21.6216,0,42,57,0,2500,0,0,0,25.1518,12.809,0,1500,84054349024
119.707,8.35375,21.6216,0,42,57,0,2500,0,0,0,25.1518,12.809,0,1500,84062703224
135.656,7.37158,21.6216,0,42,57,0,2500,0,0,0,25.1518,12.809,0,1500,84070074804
120.447,8.30239,21.6216,0,42,57,0,2500,0,0,0,25.1518,12.809,0,1500,84078377543
110.202,9.07426,21.6216,0,42,57,0,2500,0,0,0,25.1518,12.809,0,1500,84087452162
119.801,8.34716,21.6216,0,42,57,0,2500,0,0,0,25.1518,12.809,0,1500,84095799886
124.062,8.06052,21.6216,0,42,57,0,2500,0,0,0,25.1518,12.809,0,1500,84103860595
119.686,8.35522,21.6216,0,42,57,0,2500,0,0,0,25.1518,12.809,0,1500,84112217608
120.255,8.31564,21.6216,0,42,57,0,2500,0,0,0,25.1518,12.809,0,1500,84120533718
230.65,4.33557,21.6216,0,42,57,0,2500,0,0,0,25.1518,12.809,0,1500,84124872377
86.8183,11.5183,21.6216,0,42,57,0,2500,0,0,0,25.1518,12.809,0,1500,84136392971
112.175,8.91467,24.8157,0,41,57,0,2500,0,0,0,25.1516,12.8066,0,1500,84145303971
121.285,8.24503,24.8157,0,41,57,0,2500,0,0,0,25.1516,12.8066,0,1500,84153549891
113.833,8.78483,24.8157,0,41,57,0,2500,0,0,0,25.1516,12.8066,0,1500,84162335779
119.431,8.37303,24.8157,0,41,57,0,2500,0,0,0,25.1516,12.8066,0,1500,84170709422
116.488,8.5846,24.8157,0,41,57,0,2500,0,0,0,25.1516,12.8066,0,1500,84179294522
132.316,7.55767,24.8157,0,41,57,0,2500,0,0,0,25.1516,12.8066,0,1500,84186852553
137.23,7.28703,24.8157,0,41,57,0,2500,0,0,0,25.1516,12.8066,0,1500,84194138991
103.671,9.64594,24.8157,0,41,57,0,2500,0,0,0,25.1516,12.8066,0,1500,84203786756
126.771,7.88822,24.8157,0,41,57,0,2500,0,0,0,25.1516,12.8066,0,1500,84211674809
123.955,8.06741,24.8157,0,41,57,0,2500,0,0,0,25.1516,12.8066,0,1500,84219743089
119.831,8.34505,24.8157,0,41,57,0,2500,0,0,0,25.1516,12.8066,0,1500,84228088542
116.003,8.62044,24.8157,0,41,57,0,2500,0,0,0,25.1516,12.8066,0,1500,84236710416
138.481,7.22121,24.8157,0,41,57,0,2500,0,0,0,25.1516,12.8066,0,1500,84243931000
117.326,8.52326,24.8157,0,41,57,0,2500,0,0,0,25.1516,12.8066,0,1500,84252454553
132.963,7.52088,24.8157,0,41,57,0,2500,0,0,0,25.1516,12.8066,0,1500,84259975358
104.038,9.61188,24.8157,0,41,57,0,2500,0,0,0,25.1516,12.8066,0,1500,84269588739
108.646,9.20416,24.8157,0,41,57,0,2500,0,0,0,25.1516,12.8066,0,1500,84278793343
130.395,7.66898,24.8157,0,41,57,0,2500,0,0,0,25.1516,12.8066,0,1500,84286463168
122.254,8.1797,24.8157,0,41,57,0,2500,0,0,0,25.1516,12.8066,0,1500,84294643083
114.531,8.73128,24.8157,0,41,57,0,2500,0,0,0,25.1516,12.8066,0,1500,84303375006
120.96,8.2672,24.8157,0,41,57,0,2500,0,0,0,25.1516,12.8066,0,1500,84311642646
118.136,8.46485,24.8157,0,41,57,0,2500,0,0,0,25.1516,12.8066,0,1500,84320107807
128.577,7.77743,24.8157,0,41,57,0,2500,0,0,0,25.1516,12.8066,0,1500,84327885335
122.922,8.13522,24.8157,0,41,57,0,2500,0,0,0,25.1516,12.8066,0,1500,84336020527
115.805,8.63519,24.8157,0,41,57,0,2500,0,0,0,25.1516,12.8066,0,1500,84344656117
122.672,8.1518,24.8157,0,41,57,0,2500,0,0,0,25.1516,12.8066,0,1500,84352808686
120.901,8.27121,24.8157,0,41,57,0,2500,0,0,0,25.1516,12.8066,0,1500,84361079780
105.928,9.4404,24.8157,0,41,57,0,2500,0,0,0,25.1516,12.8066,0,1500,84370521831
124.972,8.00182,24.8157,0,41,57,0,2500,0,0,0,25.1516,12.8066,0,1500,84378524336
110.291,9.06691,24.8157,0,41,57,0,2500,0,0,0,25.1516,12.8066,0,1500,84387592162
127.241,7.85913,24.8157,0,41,57,0,2500,0,0,0,25.1516,12.8066,0,1500,84395451423
121.059,8.26041,24.8157,0,41,57,0,2500,0,0,0,25.1516,12.8066,0,1500,84403713139
127.194,7.86202,24.8157,0,41,57,0,2500,0,0,0,25.1516,12.8066,0,1500,84411575793
118.382,8.44725,24.8157,0,41,57,0,2500,0,0,0,25.1516,12.8066,0,1500,84420023056
121.477,8.23203,24.8157,0,41,57,0,2500,0,0,0,25.1516,12.8066,0,1500,84428256064
124.883,8.00749,24.8157,0,41,57,0,2500,0,0,0,25.1516,12.8066,0,1500,84436263925
119.984,8.33445,24.8157,0,41,57,0,2500,0,0,0,25.1516,12.8066,0,1500,84444599300
116.091,8.6139,24.8157,0,41,57,0,2500,0,0,0,25.1516,12.8066,0,1500,84453213445
116.132,8.61091,24.8157,0,41,57,0,2500,0,0,0,25.1516,12.8066,0,1500,84461824875
131.249,7.61909,24.8157,0,41,57,0,2500,0,0,0,25.1516,12.8066,0,1500,84469444574
107.315,9.31838,24.8157,0,41,57,0,2500,0,0,0,25.1516,12.8066,0,1500,84478764008
115.781,8.637,24.8157,0,41,57,0,2500,0,0,0,25.1516,12.8066,0,1500,84487401102
139.501,7.1684,24.8157,0,41,57,0,2500,0,0,0,25.1516,12.8066,0,1500,84494570315
106.695,9.37252,24.8157,0,41,57,0,2500,0,0,0,25.1516,12.8066,0,1500,84503943905
116.654,8.57233,24.8157,0,41,57,0,2500,0,0,0,25.1516,12.8066,0,1500,84512516982
158.093,6.32538,24.8157,0,41,57,0,2500,0,0,0,25.1516,12.8066,0,1500,84518842189
124.328,8.04323,24.8157,0,41,57,0,2500,0,0,0,25.1516,12.8066,0,1500,84526885617
95.3736,10.4851,24.8157,0,41,57,0,2500,0,0,0,25.1516,12.8066,0,1500,84537371637
131.812,7.58655,24.8157,0,41,57,0,2500,0,0,0,25.1516,12.8066,0,1500,84544958319
116.108,8.61267,24.8157,0,41,57,0,2500,0,0,0,25.1516,12.8066,0,1500,84553571232
122.998,8.13019,24.8157,0,41,57,0,2500,0,0,0,25.1516,12.8066,0,1500,84561701494
123.162,8.11936,24.8157,0,41,57,0,2500,0,0,0,25.1516,12.8066,0,1500,84569821073
118.487,8.43977,24.8157,0,41,57,0,2500,0,0,0,25.1516,12.8066,0,1500,84578262016
122.969,8.13211,24.8157,0,41,57,0,2500,0,0,0,25.1516,12.8066,0,1500,84586393977
118.006,8.47415,24.8157,0,41,57,0,2500,0,0,0,25.1516,12.8066,0,1500,84594868314
118.74,8.42176,24.8157,0,41,57,0,2500,0,0,0,25.1516,12.8066,0,1500,84603291799
116.358,8.59414,24.8157,0,41,57,0,2500,0,0,0,25.1516,12.8066,0,1500,84611886682
139.893,7.14835,24.8157,0,41,57,0,2500,0,0,0,25.1516,12.8066,0,1500,84619034895
129.818,7.70311,24.8157,0,41,57,0,2500,0,0,0,25.1516,12.8066,0,1500,84626737811
115.289,8.67383,24.8157,0,41,57,0,2500,0,0,0,25.1516,12.8066,0,1500,84635413044
93.0159,10.7508,24.8157,0,41,57,0,2500,0,0,0,25.1516,12.8066,0,1500,84646172605
163.837,6.10363,20.0489,0,42,57,0,2500,0,0,0,25.1507,12.8065,0,1500,84652269360
143.116,6.98735,20.0489,0,42,57,0,2500,0,0,0,25.1507,12.8065,0,1500,84659257722
108.604,9.20775,20.0489,0,42,57,0,2500,0,0,0,25.1507,12.8065,0,1500,84668465151
119.99,8.33401,20.0489,0,42,57,0,2500,0,0,0,25.1507,12.8065,0,1500,84676800188
120.211,8.3187,20.0489,0,42,57,0,2500,0,0,0,25.1507,12.8065,0,1500,84685119375
107.531,9.29967,20.0489,0,42,57,0,2500,0,0,0,25.1507,12.8065,0,1500,84694419724
106.028,9.43147,20.0489,0,42,57,0,2500,0,0,0,25.1507,12.8065,0,1500,84703852259
145.418,6.87672,20.0489,0,42,57,0,2500,0,0,0,25.1507,12.8065,0,1500,84710729136
96.3503,10.3788,20.0489,0,42,57,0,2500,0,0,0,25.1507,12.8065,0,1500,84721108613
127.544,7.8404,20.0489,0,42,57,0,2500,0,0,0,25.1507,12.8065,0,1500,84728950238
116.799,8.56172,20.0489,0,42,57,0,2500,0,0,0,25.1507,12.8065,0,1500,84737512538
227.468,4.39622,20.0489,0,42,57,0,2500,0,0,0,25.1507,12.8065,0,1500,84741908690
81.6542,12.2468,20.0489,0,42,57,0,2500,0,0,0,25.1507,12.8065,0,1500,84754156424
118.237,8.45757,20.0489,0,42,57,0,2500,0,0,0,25.1507,12.8065,0,1500,84762614643
190.991,5.23585,20.0489,0,42,57,0,2500,0,0,0,25.1507,12.8065,0,1500,84767851253
92.1689,10.8496,20.0489,0,42,57,0,2500,0,0,0,25.1507,12.8065,0,1500,84778701941
114.271,8.75111,20.0489,0,42,57,0,2500,0,0,0,25.1507,12.8065,0,1500,84787453423
134.69,7.42445,20.0489,0,42,57,0,2500,0,0,0,25.1507,12.8065,0,1500,84794877847
103.26,9.68427,20.0489,0,42,57,0,2500,0,0,0,25.1507,12.8065,0,1500,84804563532
128.994,7.75228,20.0489,0,42,57,0,2500,0,0,0,25.1507,12.8065,0,1500,84812316453
113.86,8.78271,20.0489,0,42,57,0,2500,0,0,0,25.1507,12.8065,0,1500,84821099386
122.67,8.15196,20.0489,0,42,57,0,2500,0,0,0,25.1507,12.8065,0,1500,84829252193
117.551,8.50696,20.0489,0,42,57,0,2500,0,0,0,25.1507,12.8065,0,1500,84837760199
119.682,8.35547,20.0489,0,42,57,0,2500,0,0,0,25.1507,12.8065,0,1500,84846116280
125.362,7.97688,20.0489,0,42,57,0,2500,0,0,0,25.1507,12.8065,0,1500,84854094095
117.869,8.48403,20.0489,0,42,57,0,2500,0,0,0,25.1507,12.8065,0,1500,84862579365
121.098,8.25775,20.0489,0,42,57,0,2500,0,0,0,25.1507,12.8065,0,1500,84870837136
115.796,8.63585,20.0489,0,42,57,0,2500,0,0,0,25.1507,12.8065,0,1500,84879473563
121.808,8.20964,20.0489,0,42,57,0,2500,0,0,0,25.1507,12.8065,0,1500,84887683770
118.867,8.41279,20.0489,0,42,57,0,2500,0,0,0,25.1507,12.8065,0,1500,84896096879
119.224,8.38757,20.0489,0,42,57,0,2500,0,0,0,25.1507,12.8065,0,1500,84904484375
123.007,8.12961,20.0489,0,42,57,0,2500,0,0,0,25.1507,12.8065,0,1500,84912614206
133.232,7.50571,20.0489,0,42,57,0,2500,0,0,0,25.1507,12.8065,0,1500,84920120314
118.651,8.42806,20.0489,0,42,57,0,2500,0,0,0,25.1507,12.8065,0,1500,84928549309
123.334,8.1081,20.0489,0,42,57,0,2500,0,0,0,25.1507,12.8065,0,1500,84936657386
110.921,9.01544,20.0489,0,42,57,0,2500,0,0,0,25.1507,12.8065,0,1500,84945672847
123.778,8.07897,20.0489,0,42,57,0,2500,0,0,0,25.1507,12.8065,0,1500,84953752005
123.386,8.10466,20.0489,0,42,57,0,2500,0,0,0,25.1507,12.8065,0,1500,84961856961
142.199,7.03241,20.0489,0,42,57,0,2500,0,0,0,25.1507,12.8065,0,1500,84968890299
122.41,8.16928,20.0489,0,42,57,0,2500,0,0,0,25.1507,12.8065,0,1500,84977059692
107.273,9.322,20.0489,0,42,57,0,2500,0,0,0,25.1507,12.8065,0,1500,84986382153
100.252,9.97484,20.0489,0,42,57,0,2500,0,0,0,25.1507,12.8065,0,1500,84996357980
143.156,6.98537,20.0489,0,42,57,0,2500,0,0,0,25.1507,12.8065,0,1500,85003344108
114.631,8.72364,20.0489,0,42,57,0,2500,0,0,0,25.1507,12.8065,0,1500,85012068139
127.269,7.85736,20.0489,0,42,57,0,2500,0,0,0,25.1507,12.8065,0,1500,85019925806
128.996,7.75216,20.0489,0,42,57,0,2500,0,0,0,25.1507,12.8065,0,1500,85027678524
118.331,8.45087,20.0489,0,42,57,0,2500,0,0,0,25.1507,12.8065,0,1500,85036130716
106.483,9.39118,20.0489,0,42,57,0,2500,0,0,0,25.1507,12.8065,0,1500,85045522371
106.169,9.41891,20.0489,0,42,57,0,2500,0,0,0,25.1507,12.8065,0,1500,85054941855
156.382,6.39461,20.0489,0,42,57,0,2500,0,0,0,25.1507,12.8065,0,1500,85061336748
123.772,8.07937,20.0489,0,42,57,0,2500,0,0,0,25.1507,12.8065,0,1500,85069417194
95.2393,10.4999,20.0489,0,42,57,0,2500,0,0,0,25.1507,12.8065,0,1500,85079917437
130.67,7.65289,20.0489,0,42,57,0,2500,0,0,0,25.1507,12.8065,0,1500,85087570332
125.609,7.96121,20.0489,0,42,57,0,2500,0,0,0,25.1507,12.8065,0,1500,85095532064
115.415,8.66439,20.0489,0,42,57,0,2500,0,0,0,25.1507,12.8065,0,1500,85104196674
117.804,8.48868,20.0489,0,42,57,0,2500,0,0,0,25.1507,12.8065,0,1500,85112686096
126.871,7.88201,20.0489,0,42,57,0,2500,0,0,0,25.1507,12.8065,0,1500,85120568456
108.435,9.22208,20.0489,0,42,57,0,2500,0,0,0,25.1507,12.8065,0,1500,85129791105
141.809,7.05174,20.0489,0,42,57,0,2500,0,0,0,25.1507,12.8065,0,1500,85136843994
117.603,8.50322,20.0489,0,42,57,0,2500,0,0,0,25.1507,12.8065,0,1500,85145347760
109.592,9.12475,20.0489,0,42,57,0,2500,0,0,0,25.1507,12.8065,0,1500,85154480782
145.373,6.87886,21.8673,0,42,57,0,2500,0,0,0,25.0583,12.8065,0,1600,85161352095
107.808,9.27573,21.8673,0,42,57,0,2500,0,0,0,25.0583,12.8065,0,1600,85170628638
121.972,8.1986,21.8673,0,42,57,0,2500,0,0,0,25.0583,12.8065,0,1600,85178827193
106.842,9.35958,21.8673,0,42,57,0,2500,0,0,0,25.0583,12.8065,0,1600,85188187743
150.169,6.65917,21.8673,0,42,57,0,2500,0,0,0,25.0583,12.8065,0,1600,85194847198
99.9866,10.0013,21.8673,0,42,57,0,2500,0,0,0,25.0583,12.8065,0,1600,85204849819
136.103,7.34739,21.8673,0,42,57,0,2500,0,0,0,25.0583,12.8065,0,1600,85212197557
126.665,7.89481,21.8673,0,42,57,0,2500,0,0,0,25.0583,12.8065,0,1600,85220092894
108.023,9.25728,21.8673,0,42,57,0,2500,0,0,0,25.0583,12.8065,0,1600,85229350954
127.296,7.85571,21.8673,0,42,57,0,2500,0,0,0,25.0583,12.8065,0,1600,85237207192
188.741,5.29826,21.8673,0,42,57,0,2500,0,0,0,25.0583,12.8065,0,1600,85242505993
100.526,9.94763,21.8673,0,42,57,0,2500,0,0,0,25.0583,12.8065,0,1600,85252453848
107.549,9.29809,21.8673,0,42,57,0,2500,0,0,0,25.0583,12.8065,0,1600,85261752756
165.735,6.03372,21.8673,0,42,57,0,2500,0,0,0,25.0583,12.8065,0,1600,85267786901
84.5477,11.8276,21.8673,0,42,57,0,2500,0,0,0,25.0583,12.8065,0,1600,85279615869
134.507,7.43453,21.8673,0,42,57,0,2500,0,0,0,25.0583,12.8065,0,1600,85287050885
121.315,8.24302,21.8673,0,42,57,0,2500,0,0,0,25.0583,12.8065,0,1600,85295294184
153.171,6.52867,21.8673,0,42,57,0,2500,0,0,0,25.0583,12.8065,0,1600,85301823160
119.623,8.35958,21.8673,0,42,57,0,2500,0,0,0,25.0583,12.8065,0,1600,85310182926
114.87,8.70553,21.8673,0,42,57,0,2500,0,0,0,25.0583,12.8065,0,1600,85318889400
125.068,7.99565,21.8673,0,42,57,0,2500,0,0,0,25.0583,12.8065,0,1600,85326885093
117.386,8.51889,21.8673,0,42,57,0,2500,0,0,0,25.0583,12.8065,0,1600,85335404537
121.272,8.2459,21.8673,0,42,57,0,2500,0,0,0,25.0583,12.8065,0,1600,85343651172
118.993,8.40388,21.8673,0,42,57,0,2500,0,0,0,25.0583,12.8065,0,1600,85352056087
122.555,8.15961,21.8673,0,42,57,0,2500,0,0,0,25.0583,12.8065,0,1600,85360216170
122.457,8.16613,21.8673,0,42,57,0,2500,0,0,0,25.0583,12.8065,0,1600,85368382624
94.958,10.531,21.8673,0,42,57,0,2500,0,0,0,25.0583,12.8065,0,1600,85378914488
155.676,6.42361,21.8673,0,42,57,0,2500,0,0,0,25.0583,12.8065,0,1600,85385338302
120.833,8.27585,21.8673,0,42,57,0,2500,0,0,0,25.0583,12.8065,0,1600,85393614670
94.4342,10.5894,21.8673,0,42,57,0,2500,0,0,0,25.0583,12.8065,0,1600,85404204972
131.735,7.591,21.8673,0,42,57,0,2500,0,0,0,25.0583,12.8065,0,1600,85411796938
115.976,8.6225,21.8673,0,42,57,0,2500,0,0,0,25.0583,12.8065,0,1600,85420420092
121.325,8.24231,21.8673,0,42,57,0,2500,0,0,0,25.0583,12.8065,0,1600,85428662817
116.115,8.61212,21.8673,0,42,57,0,2500,0,0,0,25.0583,12.8065,0,1600,85437276098
116.493,8.5842,21.8673,0,42,57,0,2500,0,0,0,25.0583,12.8065,0,1600,85445860633
113.781,8.78879,21.8673,0,42,57,0,2500,0,0,0,25.0583,12.8065,0,1600,85454650640
125.853,7.9458,21.8673,0,42,57,0,2500,0,0,0,25.0583,12.8065,0,1600,85462596370
153.534,6.51323,21.8673,0,42,57,0,2500,0,0,0,25.0583,12.8065,0,1600,85469110739
120.764,8.28064,21.8673,0,42,57,0,2500,0,0,0,25.0583,12.8065,0,1600,85477392238
126.43,7.90953,21.8673,0,42,57,0,2500,0,0,0,25.0583,12.8065,0,1600,85485301710
122.454,8.16634,21.8673,0,42,57,0,2500,0,0,0,25.0583,12.8065,0,1600,85493468545
92.4515,10.8165,21.8673,0,42,57,0,2500,0,0,0,25.0583,12.8065,0,1600,85504285493
135.849,7.3611,21.8673,0,42,57,0,2500,0,0,0,25.0583,12.8065,0,1600,85511647316
147.75,6.76818,21.8673,0,42,57,0,2500,0,0,0,25.0583,12.8065,0,1600,85518415459
122.946,8.13363,21.8673,0,42,57,0,2500,0,0,0,25.0583,12.8065,0,1600,85526549334
117.068,8.54205,21.8673,0,42,57,0,2500,0,0,0,25.0583,12.8065,0,1600,85535091685
121.435,8.23488,21.8673,0,42,57,0,2500,0,0,0,25.0583,12.8065,0,1600,85543327208
122.84,8.14065,21.8673,0,42,57,0,2500,0,0,0,25.0583,12.8065,0,1600,85551467902
119.755,8.35036,21.8673,0,42,57,0,2500,0,0,0,25.0583,12.8065,0,1600,85559818665
119.636,8.35869,21.8673,0,42,57,0,2500,0,0,0,25.0583,12.8065,0,1600,85568177492
88.1728,11.3414,21.8673,0,42,57,0,2500,0,0,0,25.0583,12.8065,0,1600,85579520377
133.304,7.50163,21.8673,0,42,57,0,2500,0,0,0,25.0583,12.8065,0,1600,85587022721
145.98,6.85024,21.8673,0,42,57,0,2500,0,0,0,25.0583,12.8065,0,1600,85593873377
122.867,8.13888,21.8673,0,42,57,0,2500,0,0,0,25.0583,12.8065,0,1600,85602012922
109.152,9.16153,21.8673,0,42,57,0,2500,0,0,0,25.0583,12.8065,0,1600,85611175870
88.6594,11.2791,21.8673,0,42,57,0,2500,0,0,0,25.0583,12.8065,0,1600,85622455262
185.66,5.38618,21.8673,0,42,57,0,2500,0,0,0,25.0583,12.8065,0,1600,85627842270
95.5172,10.4693,21.8673,0,42,57,0,2500,0,0,0,25.0583,12.8065,0,1600,85638312505
159.501,6.26955,21.8673,0,42,57,0,2500,0,0,0,25.0583,12.8065,0,1600,85644582636
131.132,7.62588,21.8673,0,42,57,0,2500,0,0,0,25.0583,12.8065,0,1600,85652209498
87.2214,11.4651,21.8673,0,42,57,0,2500,0,0,0,25.0583,12.8065,0,1600,85663682475
131.784,7.58815,21.0269,0,42,57,0,2500,0,0,0,25.0589,12.8065,0,1600,85671263910
157.988,6.3296,21.0269,0,42,57,0,2500,0,0,0,25.0589,12.8065,0,1600,85677594058
100.905,9.91033,21.0269,0,42,57,0,2500,0,0,0,25.0589,12.8065,0,1600,85687505090
152.182,6.57108,21.0269,0,42,57,0,2500,0,0,0,25.0589,12.8065,0,1600,85694076485
129.177,7.7413,21.0269,0,42,57,0,2500,0,0,0,25.0589,12.8065,0,1600,85701818013
114.661,8.7214,21.0269,0,42,57,0,2500,0,0,0,25.0589,12.8065,0,1600,85710540269
123.067,8.12564,21.0269,0,42,57,0,2500,0,0,0,25.0589,12.8065,0,1600,85718666005
125.694,7.95583,21.0269,0,42,57,0,2500,0,0,0,25.0589,12.8065,0,1600,85726622353
121.042,8.26159,21.0269,0,42,57,0,2500,0,0,0,25.0589,12.8065,0,1600,85734884657
100.411,9.95905,21.0269,0,42,57,0,2500,0,0,0,25.0589,12.8065,0,1600,85744844388
114.586,8.7271,21.0269,0,42,57,0,2500,0,0,0,25.0589,12.8065,0,1600,85753571477
133.826,7.4724,21.0269,0,42,57,0,2500,0,0,0,25.0589,12.8065,0,1600,85761044631
100.952,9.90568,21.0269,0,42,57,0,2500,0,0,0,25.0589,12.8065,0,1600,85770951776
267.319,3.74085,21.0269,0,42,57,0,2500,0,0,0,25.0589,12.8065,0,1600,85774693190
88.9625,11.2407,21.0269,0,42,57,0,2500,0,0,0,25.0589,12.8065,0,1600,85785934029
113.662,8.79804,21.0269,0,42,57,0,2500,0,0,0,25.0589,12.8065,0,1600,85794732555
188.448,5.30651,21.0269,0,42,57,0,2500,0,0,0,25.0589,12.8065,0,1600,85800039634
81.2832,12.3027,21.0269,0,42,57,0,2500,0,0,0,25.0589,12.8065,0,1600,85812343447
126.932,7.87826,21.0269,0,42,57,0,2500,0,0,0,25.0589,12.8065,0,1600,85820222086
111.896,8.93684,21.0269,0,42,57,0,2500,0,0,0,25.0589,12.8065,0,1600,85829160092
111.862,8.93957,21.0269,0,42,57,0,2500,0,0,0,25.0589,12.8065,0,1600,85838100211
129.426,7.7264,21.0269,0,42,57,0,2500,0,0,0,25.0589,12.8065,0,1600,85845827140
129.615,7.71516,21.0269,0,42,57,0,2500,0,0,0,25.0589,12.8065,0,1600,85853543379
134.5,7.43493,21.0269,0,42,57,0,2500,0,0,0,25.0589,12.8065,0,1600,85860988137
122.784,8.14436,21.0269,0,42,57,0,2500,0,0,0,25.0589,12.8065,0,1600,85869123450
110.613,9.0405,21.0269,0,42,57,0,2500,0,0,0,25.0589,12.8065,0,1600,85878164652
119.973,8.3352,21.0269,0,42,57,0,2500,0,0,0,25.0589,12.8065,0,1600,85886500362
126.726,7.89105,21.0269,0,42,57,0,2500,0,0,0,25.0589,12.8065,0,1600,85894392523
98.3003,10.1729,21.0269,0,42,57,0,2500,0,0,0,25.0589,12.8065,0,1600,85904566114
143.996,6.94462,21.0269,0,42,57,0,2500,0,0,0,25.0589,12.8065,0,1600,85911511067
106.789,9.36422,21.0269,0,42,57,0,2500,0,0,0,25.0589,12.8065,0,1600,85920876245
120.151,8.32288,21.0269,0,42,57,0,2500,0,0,0,25.0589,12.8065,0,1600,85929199953
126.113,7.92939,21.0269,0,42,57,0,2500,0,0,0,25.0589,12.8065,0,1600,85937129964
114.917,8.70197,21.0269,0,42,57,0,2500,0,0,0,25.0589,12.8065,0,1600,85945832473
153.632,6.50906,21.0269,0,42,57,0,2500,0,0,0,25.0589,12.8065,0,1600,85952341741
93.1842,10.7314,21.0269,0,42,57,0,2500,0,0,0,25.0589,12.8065,0,1600,85963074094
134.956,7.40982,21.0269,0,42,57,0,2500,0,0,0,25.0589,12.8065,0,1600,85970484215
114.125,8.76235,21.0269,0,42,57,0,2500,0,0,0,25.0589,12.8065,0,1600,85979247548
118.841,8.41459,21.0269,0,42,57,0,2500,0,0,0,25.0589,12.8065,0,1600,85987662567
121.969,8.19878,21.0269,0,42,57,0,2500,0,0,0,25.0589,12.8065,0,1600,85995862108
126.624,7.89742,21.0269,0,42,57,0,2500,0,0,0,25.0589,12.8065,0,1600,86003760344
119.165,8.39172,21.0269,0,42,57,0,2500,0,0,0,25.0589,12.8065,0,1600,86012152773
127.131,7.86593,21.0269,0,42,57,0,2500,0,0,0,25.0589,12.8065,0,1600,86020019087
110.183,9.07582,21.0269,0,42,57,0,2500,0,0,0,25.0589,12.8065,0,1600,86029095142
145.926,6.85277,21.0269,0,42,57,0,2500,0,0,0,25.0589,12.8065,0,1600,86035948405
116.487,8.58467,21.0269,0,42,57,0,2500,0,0,0,25.0589,12.8065,0,1600,86044534126
101.161,9.88528,21.0269,0,42,57,0,2500,0,0,0,25.0589,12.8065,0,1600,86054420336
123.845,8.07458,21.0269,0,42,57,0,2500,0,0,0,25.0589,12.8065,0,1600,86062495639
134.403,7.44028,21.0269,0,42,57,0,2500,0,0,0,25.0589,12.8065,0,1600,86069935693
130.332,7.67269,21.0269,0,42,57,0,2500,0,0,0,25.0589,12.8065,0,1600,86077609737
118.715,8.42352,21.0269,0,42,57,0,2500,0,0,0,25.0589,12.8065,0,1600,86086033827
95.8148,10.4368,21.0269,0,42,57,0,2500,0,0,0,25.0589,12.8065,0,1600,86096470927
123.69,8.08473,21.0269,0,42,57,0,2500,0,0,0,25.0589,12.8065,0,1600,86104556668
129.301,7.73388,21.0269,0,42,57,0,2500,0,0,0,25.0589,12.8065,0,1600,86112291284
117.203,8.53219,21.0269,0,42,57,0,2500,0,0,0,25.0589,12.8065,0,1600,86120823945
142.469,7.01905,21.0269,0,42,57,0,2500,0,0,0,25.0589,12.8065,0,1600,86127843568
100.112,9.9888,21.0269,0,42,57,0,2500,0,0,0,25.0589,12.8065,0,1600,86137833385
123.282,8.11149,21.0269,0,42,57,0,2500,0,0,0,25.0589,12.8065,0,1600,86145945107
119.157,8.39227,21.0269,0,42,57,0,2500,0,0,0,25.0589,12.8065,0,1600,86154338845
121.916,8.20239,21.0269,0,42,57,0,2500,0,0,0,25.0589,12.8065,0,1600,86162541570
122.012,8.19591,21.0269,0,42,57,0,2500,0,0,0,25.0589,12.8065,0,1600,86170742578
144.282,6.93086,22.6601,0,41,57,0,2500,0,0,0,25.0505,12.8065,0,1500,86177669559
99.1255,10.0882,22.6601,0,41,57,0,2500,0,0,0,25.0505,12.8065,0,1500,86187758626
116.438,8.58825,22.6601,0,41,57,0,2500,0,0,0,25.0505,12.8065,0,1500,86196347653
120.879,8.27274,22.6601,0,41,57,0,2500,0,0,0,25.0505,12.8065,0,1500,86204621050
126.943,7.87753,22.6601,0,41,57,0,2500,0,0,0,25.0505,12.8065,0,1500,86212499076
116.027,8.61867,22.6601,0,41,57,0,2500,0,0,0,25.0505,12.8065,0,1500,86221118348
132.446,7.55025,22.6601,0,41,57,0,2500,0,0,0,25.0505,12.8065,0,1500,86228668660
137.665,7.26399,22.6601,0,41,57,0,2500,0,0,0,25.0505,12.8065,0,1500,86235933403
114.623,8.72422,22.6601,0,41,57,0,2500,0,0,0,25.0505,12.8065,0,1500,86244658113
151.275,6.61048,22.6601,0,41,57,0,2500,0,0,0,25.0505,12.8065,0,1500,86251269441
105.375,9.48991,22.6601,0,41,57,0,2500,0,0,0,25.0505,12.8065,0,1500,86260759884
120.359,8.30848,22.6601,0,41,57,0,2500,0,0,0,25.0505,12.8065,0,1500,86269069299
115.435,8.66287,22.6601,0,41,57,0,2500,0,0,0,25.0505,12.8065,0,1500,86277732378
97.7611,10.229,22.6601,0,41,57,0,2500,0,0,0,25.0505,12.8065,0,1500,86287962612
123.583,8.09172,22.6601,0,41,57,0,2500,0,0,0,25.0505,12.8065,0,1500,86296055036
123.413,8.10289,22.6601,0,41,57,0,2500,0,0,0,25.0505,12.8065,0,1500,86304158418
114.507,8.73308,22.6601,0,41,57,0,2500,0,0,0,25.0505,12.8065,0,1500,86312891914
115.483,8.65926,22.6601,0,41,57,0,2500,0,0,0,25.0505,12.8065,0,1500,86321551263
163.48,6.11695,22.6601,0,41,57,0,2500,0,0,0,25.0505,12.8065,0,1500,86327668469
104.004,9.61502,22.6601,0,41,57,0,2500,0,0,0,25.0505,12.8065,0,1500,86337284080
117.256,8.52836,22.6601,0,41,57,0,2500,0,0,0,25.0505,12.8065,0,1500,86345812918
123.98,8.06579,22.6601,0,41,57,0,2500,0,0,0,25.0505,12.8065,0,1500,86353879506
138.752,7.20712,22.6601,0,41,57,0,2500,0,0,0,25.0505,12.8065,0,1500,86361086458
120.222,8.31795,22.6601,0,41,57,0,2500,0,0,0,25.0505,12.8065,0,1500,86369404940
127.201,7.86156,22.6601,0,41,57,0,2500,0,0,0,25.0505,12.8065,0,1500,86377267471
119.44,8.3724,22.6601,0,41,57,0,2500,0,0,0,25.0505,12.8065,0,1500,86385640136
115.453,8.6615,22.6601,0,41,57,0,2500,0,0,0,25.0505,12.8065,0,1500,86394301990
92.3091,10.8332,22.6601,0,41,57,0,2500,0,0,0,25.0505,12.8065,0,1500,86405136331
151.748,6.58989,22.6601,0,41,57,0,2500,0,0,0,25.0505,12.8065,0,1500,86411726923
132.592,7.54192,22.6601,0,41,57,0,2500,0,0,0,25.0505,12.8065,0,1500,86419269321
110.782,9.02677,22.6601,0,41,57,0,2500,0,0,0,25.0505,12.8065,0,1500,86428297186
120.64,8.28911,22.6601,0,41,57,0,2500,0,0,0,25.0505,12.8065,0,1500,86436586256
105.613,9.46852,22.6601,0,41,57,0,2500,0,0,0,25.0505,12.8065,0,1500,86446055592
148.118,6.75139,22.6601,0,41,57,0,2500,0,0,0,25.0505,12.8065,0,1500,86452806905
122.455,8.16629,22.6601,0,41,57,0,2500,0,0,0,25.0505,12.8065,0,1500,86460973447
109.281,9.15075,22.6601,0,41,57,0,2500,0,0,0,25.0505,12.8065,0,1500,86470124487
133.352,7.49896,22.6601,0,41,57,0,2500,0,0,0,25.0505,12.8065,0,1500,86477625159
97.9678,10.2074,22.6601,0,41,57,0,2500,0,0,0,25.0505,12.8065,0,1500,86487832953
146.568,6.82277,22.6601,0,41,57,0,2500,0,0,0,25.0505,12.8065,0,1500,86494656127
125.808,7.9486,22.6601,0,41,57,0,2500,0,0,0,25.0505,12.8065,0,1500,86502605388
96.0286,10.4136,22.6601,0,41,57,0,2500,0,0,0,25.0505,12.8065,0,1500,86513019734
153.612,6.50991,22.6601,0,41,57,0,2500,0,0,0,25.0505,12.8065,0,1500,86519530136
107.569,9.29639,22.6601,0,41,57,0,2500,0,0,0,25.0505,12.8065,0,1500,86528826453
113.326,8.82414,22.6601,0,41,57,0,2500,0,0,0,25.0505,12.8065,0,1500,86537651221
122.589,8.15733,22.6601,0,41,57,0,2500,0,0,0,25.0505,12.8065,0,1500,86545809253
116.646,8.57296,22.6601,0,41,57,0,2500,0,0,0,25.0505,12.8065,0,1500,86554382129
121.526,8.22872,22.6601,0,41,57,0,2500,0,0,0,25.0505,12.8065,0,1500,86562611730
120.702,8.28488,22.6601,0,41,57,0,2500,0,0,0,25.0505,12.8065,0,1500,86570896921
121.545,8.2274,22.6601,0,41,57,0,2500,0,0,0,25.0505,12.8065,0,1500,86579124377
112.603,8.88078,22.6601,0,41,57,0,2500,0,0,0,25.0505,12.8065,0,1500,86588005619
124.139,8.05548,22.6601,0,41,57,0,2500,0,0,0,25.0505,12.8065,0,1500,86596061837
118.499,8.43887,22.6601,0,41,57,0,2500,0,0,0,25.0505,12.8065,0,1500,86604500817
130.296,7.67484,22.6601,0,41,57,0,2500,0,0,0,25.0505,12.8065,0,1500,86612175632
117.411,8.51709,22.6601,0,41,57,0,2500,0,0,0,25.0505,12.8065,0,1500,86620693845
120.272,8.31451,22.6601,0,41,57,0,2500,0,0,0,25.0505,12.8065,0,1500,86629009699
128.871,7.75971,22.6601,0,41,57,0,2500,0,0,0,25.0505,12.8065,0,1500,86636770190
108.931,9.18012,22.6601,0,41,57,0,2500,0,0,0,25.0505,12.8065,0,1500,86645951058
103.308,9.67982,22.6601,0,41,57,0,2500,0,0,0,25.0505,12.8065,0,1500,86655632393
121.143,8.25468,22.6601,0,41,57,0,2500,0,0,0,25.0505,12.8065,0,1500,86663887173
141.763,7.05405,22.6601,0,41,57,0,2500,0,0,0,25.0505,12.8065,0,1500,86670947426
116.839,8.55875,23.6908,0,42,57,0,2500,0,0,0,25.0572,12.8065,0,1499,86679500338
145.097,6.89195,23.6908,0,42,57,0,2500,0,0,0,25.0572,12.8065,0,1499,86686392128
118.093,8.46794,23.6908,0,42,57,0,2500,0,0,0,25.0572,12.8065,0,1499,86694860317
102.435,9.76227,23.6908,0,42,57,0,2500,0,0,0,25.0572,12.8065,0,1499,86704623827
152.744,6.54691,23.6908,0,42,57,0,2500,0,0,0,25.0572,12.8065,0,1499,86711170511
122.236,8.18092,23.6908,0,42,57,0,2500,0,0,0,25.0572,12.8065,0,1499,86719351705
183.931,5.43681,23.6908,0,42,57,0,2500,0,0,0,25.0572,12.8065,0,1499,86724788754
78.0273,12.816,23.6908,0,42,57,0,2500,0,0,0,25.0572,12.8065,0,1499,86737605682
132.448,7.55011,23.6908,0,42,57,0,2500,0,0,0,25.0572,12.8065,0,1499,86745155992
210.014,4.76158,23.6908,0,42,57,0,2500,0,0,0,25.0572,12.8065,0,1499,86749918365
75.8961,13.1759,23.6908,0,42,57,0,2500,0,0,0,25.0572,12.8065,0,1499,86763094633
131.556,7.60131,23.6908,0,42,57,0,2500,0,0,0,25.0572,12.8065,0,1499,86770696686
189.47,5.27787,23.6908,0,42,57,0,2500,0,0,0,25.0572,12.8065,0,1499,86775984764
87.5453,11.4227,23.6908,0,42,57,0,2500,0,0,0,25.0572,12.8065,0,1499,86787407465
110.21,9.07361,23.6908,0,42,57,0,2500,0,0,0,25.0572,12.8065,0,1499,86796481442
130.148,7.68354,23.6908,0,42,57,0,2500,0,0,0,25.0572,12.8065,0,1499,86804165483
120.897,8.27153,23.6908,0,42,57,0,2500,0,0,0,25.0572,12.8065,0,1499,86812437326
121.475,8.23217,23.6908,0,42,57,0,2500,0,0,0,25.0572,12.8065,0,1499,86820670032
141.147,7.08482,23.6908,0,42,57,0,2500,0,0,0,25.0572,12.8065,0,1499,86827756040
113.053,8.84538,23.6908,0,42,57,0,2500,0,0,0,25.0572,12.8065,0,1499,86836602062
122.032,8.19455,23.6908,0,42,57,0,2500,0,0,0,25.0572,12.8065,0,1499,86844797375
135.254,7.39352,23.6908,0,42,57,0,2500,0,0,0,25.0572,12.8065,0,1499,86852191820
120.259,8.31536,23.6908,0,42,57,0,2500,0,0,0,25.0572,12.8065,0,1499,86860507149
101.87,9.81642,23.6908,0,42,57,0,2500,0,0,0,25.0572,12.8065,0,1499,86870324766
106.236,9.413,23.6908,0,42,57,0,2500,0,0,0,25.0572,12.8065,0,1499,86879738464
124.658,8.02192,23.6908,0,42,57,0,2500,0,0,0,25.0572,12.8065,0,1499,86887761168
121.435,8.23489,23.6908,0,42,57,0,2500,0,0,0,25.0572,12.8065,0,1499,86895996306
118.408,8.44535,23.6908,0,42,57,0,2500,0,0,0,25.0572,12.8065,0,1499,86904442761
127.449,7.84627,23.6908,0,42,57,0,2500,0,0,0,25.0572,12.8065,0,1499,86912289960
115.264,8.67571,23.6908,0,42,57,0,2500,0,0,0,25.0572,12.8065,0,1499,86920966433
128.279,7.79548,23.6908,0,42,57,0,2500,0,0,0,25.0572,12.8065,0,1499,86928761893
108.951,9.17842,23.6908,0,42,57,0,2500,0,0,0,25.0572,12.8065,0,1499,86937940872
127.827,7.82307,23.6908,0,42,57,0,2500,0,0,0,25.0572,12.8065,0,1499,86945764140
115.705,8.64266,23.6908,0,42,57,0,2500,0,0,0,25.0572,12.8065,0,1499,86954407297
123.934,8.06881,23.6908,0,42,57,0,2500,0,0,0,25.0572,12.8065,0,1499,86962476405
120.145,8.32329,23.6908,0,42,57,0,2500,0,0,0,25.0572,12.8065,0,1499,86970800135
116.785,8.56277,23.6908,0,42,57,0,2500,0,0,0,25.0572,12.8065,0,1499,86979363053
127.498,7.84324,23.6908,0,42,57,0,2500,0,0,0,25.0572,12.8065,0,1499,86987206176
106.579,9.38275,23.6908,0,42,57,0,2500,0,0,0,25.0572,12.8065,0,1499,86996590286
161.31,6.19926,23.6908,0,42,57,0,2500,0,0,0,25.0572,12.8065,0,1499,87002789811
110.849,9.02127,23.6908,0,42,57,0,2500,0,0,0,25.0572,12.8065,0,1499,87011812235
112.806,8.86478,23.6908,0,42,57,0,2500,0,0,0,25.0572,12.8065,0,1499,87020677468
122.967,8.13227,23.6908,0,42,57,0,2500,0,0,0,25.0572,12.8065,0,1499,87028810358
139.709,7.15772,23.6908,0,42,57,0,2500,0,0,0,25.0572,12.8065,0,1499,87035968796
115.922,8.62647,23.6908,0,42,57,0,2500,0,0,0,25.0572,12.8065,0,1499,87044595729
108.167,9.24499,23.6908,0,42,57,0,2500,0,0,0,25.0572,12.8065,0,1499,87053840936
107.055,9.34099,23.6908,0,42,57,0,2500,0,0,0,25.0572,12.8065,0,1499,87063182940
146.102,6.84451,23.6908,0,42,57,0,2500,0,0,0,25.0572,12.8065,0,1499,87070027398
113.736,8.79227,23.6908,0,42,57,0,2500,0,0,0,25.0572,12.8065,0,1499,87078820030
126.302,7.91754,23.6908,0,42,57,0,2500,0,0,0,25.0572,12.8065,0,1499,87086738289
128.327,7.79257,23.6908,0,42,57,0,2500,0,0,0,25.0572,12.8065,0,1499,87094530894
94.9662,10.5301,23.6908,0,42,57,0,2500,0,0,0,25.0572,12.8065,0,1499,87105061096
159.141,6.28374,23.6908,0,42,57,0,2500,0,0,0,25.0572,12.8065,0,1499,87111345710
101.964,9.80735,23.6908,0,42,57,0,2500,0,0,0,25.0572,12.8065,0,1499,87121153700
157.978,6.32998,23.6908,0,42,57,0,2500,0,0,0,25.0572,12.8065,0,1499,87127483769
104.667,9.55411,23.6908,0,42,57,0,2500,0,0,0,25.0572,12.8065,0,1499,87137038648
135.127,7.40046,23.6908,0,42,57,0,2500,0,0,0,25.0572,12.8065,0,1499,87144440041
98.9332,10.1078,23.6908,0,42,57,0,2500,0,0,0,25.0572,12.8065,0,1499,87154548754
124.17,8.05345,23.6908,0,42,57,0,2500,0,0,0,25.0572,12.8065,0,1499,87162602552
133.302,7.50179,23.6908,0,42,57,0,2500,0,0,0,25.0572,12.8065,0,1499,87170105389
127.248,7.85868,23.6908,0,42,57,0,2500,0,0,0,25.0572,12.8065,0,1499,87177969376
127.197,7.86181,21.4286,0,42,57,0,2500,0,0,0,25.0572,12.8064,0,1499,87185826939
103.631,9.64964,21.4286,0,42,57,0,2500,0,0,0,25.0572,12.8064,0,1499,87195477231
115.357,8.66872,21.4286,0,42,57,0,2500,0,0,0,25.0572,12.8064,0,1499,87204146718
139.469,7.17006,21.4286,0,42,57,0,2500,0,0,0,25.0572,12.8064,0,1499,87211317399
119.965,8.3358,21.4286,0,42,57,0,2500,0,0,0,25.0572,12.8064,0,1499,87219653332
108.802,9.19101,21.4286,0,42,57,0,2500,0,0,0,25.0572,12.8064,0,1499,87228845111
128.331,7.79237,21.4286,0,42,57,0,2500,0,0,0,25.0572,12.8064,0,1499,87236638454
98.6813,10.1336,21.4286,0,42,57,0,2500,0,0,0,25.0572,12.8064,0,1499,87246773147
128.644,7.77341,21.4286,0,42,57,0,2500,0,0,0,25.0572,12.8064,0,1499,87254545833
214.528,4.6614,21.4286,0,42,57,0,2500,0,0,0,25.0572,12.8064,0,1499,87259207791
90.5817,11.0398,21.4286,0,42,57,0,2500,0,0,0,25.0572,12.8064,0,1499,87270248224
109.533,9.12968,21.4286,0,42,57,0,2500,0,0,0,25.0572,12.8064,0,1499,87279378241
120.63,8.28978,21.4286,0,42,57,0,2500,0,0,0,25.0572,12.8064,0,1499,87287668116
120.802,8.27804,21.4286,0,42,57,0,2500,0,0,0,25.0572,12.8064,0,1499,87295947028
121.268,8.24623,21.4286,0,42,57,0,2500,0,0,0,25.0572,12.8064,0,1499,87304194018
141.098,7.08729,21.4286,0,42,57,0,2500,0,0,0,25.0572,12.8064,0,1499,87311281682
116.996,8.54731,21.4286,0,42,57,0,2500,0,0,0,25.0572,12.8064,0,1499,87319829555
101.505,9.85176,21.4286,0,42,57,0,2500,0,0,0,25.0572,12.8064,0,1499,87329681255
129.046,7.74919,21.4286,0,42,57,0,2500,0,0,0,25.0572,12.8064,0,1499,87337432094
139.672,7.15965,21.4286,0,42,57,0,2500,0,0,0,25.0572,12.8064,0,1499,87344591613
100.097,9.99028,21.4286,0,42,57,0,2500,0,0,0,25.0572,12.8064,0,1499,87354583263
126.492,7.90566,21.4286,0,42,57,0,2500,0,0,0,25.0572,12.8064,0,1499,87362489724
118.887,8.41133,21.4286,0,42,57,0,2500,0,0,0,25.0572,12.8064,0,1499,87370901455
122.199,8.18336,21.4286,0,42,57,0,2500,0,0,0,25.0572,12.8064,0,1499,87379085535
118.652,8.42801,21.4286,0,42,57,0,2500,0,0,0,25.0572,12.8064,0,1499,87387514280
119.082,8.39757,21.4286,0,42,57,0,2500,0,0,0,25.0572,12.8064,0,1499,87395912380
115.556,8.65383,21.4286,0,42,57,0,2500,0,0,0,25.0572,12.8064,0,1499,87404567099
122.351,8.17319,21.4286,0,42,57,0,2500,0,0,0,25.0572,12.8064,0,1499,87412740885
122.23,8.18129,21.4286,0,42,57,0,2500,0,0,0,25.0572,12.8064,0,1499,87420923598
118.045,8.47135,21.4286,0,42,57,0,2500,0,0,0,25.0572,12.8064,0,1499,87429395447
132.773,7.53166,21.4286,0,42,57,0,2500,0,0,0,25.0572,12.8064,0,1499,87436927730
108.509,9.21583,21.4286,0,42,57,0,2500,0,0,0,25.0572,12.8064,0,1499,87446144292
122.642,8.15379,21.4286,0,42,57,0,2500,0,0,0,25.0572,12.8064,0,1499,87454298539
119.503,8.368,21.4286,0,42,57,0,2500,0,0,0,25.0572,12.8064,0,1499,87462666904
117.464,8.51326,21.4286,0,42,57,0,2500,0,0,0,25.0572,12.8064,0,1499,87471181081
118.699,8.42465,21.4286,0,42,57,0,2500,0,0,0,25.0572,12.8064,0,1499,87479606696
118.305,8.45271,21.4286,0,42,57,0,2500,0,0,0,25.0572,12.8064,0,1499,87488060148
127.688,7.8316,21.4286,0,42,57,0,2500,0,0,0,25.0572,12.8064,0,1499,87495892134
120.745,8.28195,21.4286,0,42,57,0,2500,0,0,0,25.0572,12.8064,0,1499,87504174992
113.893,8.78014,21.4286,0,42,57,0,2500,0,0,0,25.0572,12.8064,0,1499,87512956323
127.074,7.8694,21.4286,0,42,57,0,2500,0,0,0,25.0572,12.8064,0,1499,87520825582
112.61,8.88019,21.4286,0,42,57,0,2500,0,0,0,25.0572,12.8064,0,1499,87529706847
130.264,7.67675,21.4286,0,42,57,0,2500,0,0,0,25.0572,12.8064,0,1499,87537384253
112.658,8.87646,21.4286,0,42,57,0,2500,0,0,0,25.0572,12.8064,0,1499,87546261121
132.013,7.575,21.4286,0,42,57,0,2500,0,0,0,25.0572,12.8064,0,1499,87553837013
110.991,9.00977,21.4286,0,42,57,0,2500,0,0,0,25.0572,12.8064,0,1499,87562847029
126.55,7.90199,21.4286,0,42,57,0,2500,0,0,0,25.0572,12.8064,0,1499,87570749825
120.604,8.2916,21.4286,0,42,57,0,2500,0,0,0,25.0572,12.8064,0,1499,87579041992
111.896,8.93686,21.4286,0,42,57,0,2500,0,0,0,25.0572,12.8064,0,1499,87587979732
132.388,7.55357,21.4286,0,42,57,0,2500,0,0,0,25.0572,12.8064,0,1499,87595532898
111.566,8.96327,21.4286,0,42,57,0,2500,0,0,0,25.0572,12.8064,0,1499,87604497573
146.886,6.808,21.4286,0,42,57,0,2500,0,0,0,25.0572,12.8064,0,1499,87611305042
130.86,7.64177,21.4286,0,42,57,0,2500,0,0,0,25.0572,12.8064,0,1499,87618947191
94.8888,10.5386,21.4286,0,42,57,0,2500,0,0,0,25.0572,12.8064,0,1499,87629486645
112.481,8.8904,21.4286,0,42,57,0,2500,0,0,0,25.0572,12.8064,0,1499,87638378610
155.086,6.44802,21.4286,0,42,57,0,2500,0,0,0,25.0572,12.8064,0,1499,87644826895
122.158,8.18609,21.4286,0,42,57,0,2500,0,0,0,25.0572,12.8064,0,1499,87653013694
116.273,8.60042,21.4286,0,42,57,0,2500,0,0,0,25.0572,12.8064,0,1499,87661614517
140.937,7.09539,21.4286,0,42,57,0,2500,0,0,0,25.0572,12.8064,0,1499,87668710309
116.665,8.57153,21.4286,0,42,57,0,2500,0,0,0,25.0572,12.8064,0,1499,87677282792
121.131,8.25554,21.4286,0,42,57,0,2500,0,0,0,25.0572,12.8064,0,1499,87685544434
106.138,9.4217,23.3415,0,42,57,0,2500,0,0,0,25.0497,12.8064,0,1501,87694961181
103.124,9.69709,23.3415,0,42,57,0,2500,0,0,0,25.0497,12.8064,0,1501,87704659381
117.568,8.50569,23.3415,0,42,57,0,2500,0,0,0,25.0497,12.8064,0,1501,87713165585
251.587,3.97477,23.3415,0,42,57,0,2500,0,0,0,25.0497,12.8064,0,1501,87717140734
86.6078,11.5463,23.3415,0,42,57,0,2500,0,0,0,25.0497,12.8064,0,1501,87728687749
105.61,9.46884,23.3415,0,42,57,0,2500,0,0,0,25.0497,12.8064,0,1501,87738157332
221.225,4.52029,23.3415,0,42,57,0,2500,0,0,0,25.0497,12.8064,0,1501,87742678169
92.2237,10.8432,23.3415,0,42,57,0,2500,0,0,0,25.0497,12.8064,0,1501,87753521290
117.138,8.53693,23.3415,0,42,57,0,2500,0,0,0,25.0497,12.8064,0,1501,87762058161
111.187,8.99389,23.3415,0,42,57,0,2500,0,0,0,25.0497,12.8064,0,1501,87771052789
131.807,7.58688,23.3415,0,42,57,0,2500,0,0,0,25.0497,12.8064,0,1501,87778639993
130.528,7.66118,23.3415,0,42,57,0,2500,0,0,0,25.0497,12.8064,0,1501,87786301686
99.0421,10.0967,23.3415,0,42,57,0,2500,0,0,0,25.0497,12.8064,0,1501,87796398967
126.849,7.88342,23.3415,0,42,57,0,2500,0,0,0,25.0497,12.8064,0,1501,87804282409
124.168,8.05361,23.3415,0,42,57,0,2500,0,0,0,25.0497,12.8064,0,1501,87812336805
125.063,7.99599,23.3415,0,42,57,0,2500,0,0,0,25.0497,12.8064,0,1501,87820333263
114.982,8.697,23.3415,0,42,57,0,2500,0,0,0,25.0497,12.8064,0,1501,87829030824
123.614,8.08971,23.3415,0,42,57,0,2500,0,0,0,25.0497,12.8064,0,1501,87837120976
114.48,8.73512,23.3415,0,42,57,0,2500,0,0,0,25.0497,12.8064,0,1501,87845857257
120.467,8.301,23.3415,0,42,57,0,2500,0,0,0,25.0497,12.8064,0,1501,87854158835
113.014,8.84847,23.3415,0,42,57,0,2500,0,0,0,25.0497,12.8064,0,1501,87863008263
125.692,7.95599,23.3415,0,42,57,0,2500,0,0,0,25.0497,12.8064,0,1501,87870964513
124.63,8.02374,23.3415,0,42,57,0,2500,0,0,0,25.0497,12.8064,0,1501,87878989039
114.341,8.74574,23.3415,0,42,57,0,2500,0,0,0,25.0497,12.8064,0,1501,87887736223
125.025,7.99839,23.3415,0,42,57,0,2500,0,0,0,25.0497,12.8064,0,1501,87895734869
116.816,8.56046,23.3415,0,42,57,0,2500,0,0,0,25.0497,12.8064,0,1501,87904296015
120.306,8.31216,23.3415,0,42,57,0,2500,0,0,0,25.0497,12.8064,0,1501,87912609035
120.023,8.33174,23.3415,0,42,57,0,2500,0,0,0,25.0497,12.8064,0,1501,87920941119
121.306,8.24362,23.3415,0,42,57,0,2500,0,0,0,25.0497,12.8064,0,1501,87929185825
125.5,7.96815,23.3415,0,42,57,0,2500,0,0,0,25.0497,12.8064,0,1501,87937154881
126.408,7.91092,23.3415,0,42,57,0,2500,0,0,0,25.0497,12.8064,0,1501,87945066092
118.399,8.44604,23.3415,0,42,57,0,2500,0,0,0,25.0497,12.8064,0,1501,87953512690
120.995,8.26483,23.3415,0,42,57,0,2500,0,0,0,25.0497,12.8064,0,1501,87961778071
126.254,7.92052,23.3415,0,42,57,0,2500,0,0,0,25.0497,12.8064,0,1501,87969698973
127.802,7.82462,23.3415,0,42,57,0,2500,0,0,0,25.0497,12.8064,0,1501,87977524139
133.781,7.47493,23.3415,0,42,57,0,2500,0,0,0,25.0497,12.8064,0,1501,87984998641
91.6441,10.9118,23.3415,0,42,57,0,2500,0,0,0,25.0497,12.8064,0,1501,87995911921
130.17,7.68224,23.3415,0,42,57,0,2500,0,0,0,25.0497,12.8064,0,1501,88003594786
126.669,7.89457,23.3415,0,42,57,0,2500,0,0,0,25.0497,12.8064,0,1501,88011490072
114.553,8.72955,23.3415,0,42,57,0,2500,0,0,0,25.0497,12.8064,0,1501,88020220215
112.723,8.87134,23.3415,0,42,57,0,2500,0,0,0,25.0497,12.8064,0,1501,88029092749
155.739,6.42101,23.3415,0,42,57,0,2500,0,0,0,25.0497,12.8064,0,1501,88035513639
122.459,8.16603,23.3415,0,42,57,0,2500,0,0,0,25.0497,12.8064,0,1501,88043680151
123.959,8.06717,23.3415,0,42,57,0,2500,0,0,0,25.0497,12.8064,0,1501,88051747881
114.787,8.71178,23.3415,0,42,57,0,2500,0,0,0,25.0497,12.8064,0,1501,88060459693
124.72,8.01797,23.3415,0,42,57,0,2500,0,0,0,25.0497,12.8064,0,1501,88068478291
89.3632,11.1903,23.3415,0,42,57,0,2500,0,0,0,25.0497,12.8064,0,1501,88079669580
127.038,7.87168,23.3415,0,42,57,0,2500,0,0,0,25.0497,12.8064,0,1501,88087541341
112.383,8.89813,23.3415,0,42,57,0,2500,0,0,0,25.0497,12.8064,0,1501,88096439408
135.5,7.3801,23.3415,0,42,57,0,2500,0,0,0,25.0497,12.8064,0,1501,88103820417
134.951,7.41008,23.3415,0,42,57,0,2500,0,0,0,25.0497,12.8064,0,1501,88111230378
133.323,7.50056,23.3415,0,42,57,0,2500,0,0,0,25.0497,12.8064,0,1501,88118731166
122.08,8.19138,23.3415,0,42,57,0,2500,0,0,0,25.0497,12.8064,0,1501,88126923009
121.963,8.19924,23.3415,0,42,57,0,2500,0,0,0,25.0497,12.8064,0,1501,88135122343
109.483,9.13386,23.3415,0,42,57,0,2500,0,0,0,25.0497,12.8064,0,1501,88144256501
101.654,9.83733,23.3415,0,42,57,0,2500,0,0,0,25.0497,12.8064,0,1501,88154094655
127.759,7.82723,23.3415,0,42,57,0,2500,0,0,0,25.0497,12.8064,0,1501,88161922148
140.363,7.1244,23.3415,0,42,57,0,2500,0,0,0,25.0497,12.8064,0,1501,88169046816
127.711,7.83019,23.3415,0,42,57,0,2500,0,0,0,25.0497,12.8064,0,1501,88176877477
119.707,8.35376,23.3415,0,42,57,0,2500,0,0,0,25.0497,12.8064,0,1501,88185231670
119.293,8.38275,23.3415,0,42,57,0,2500,0,0,0,25.0497,12.8064,0,1501,88193618499
173.862,5.75167,21.5686,0,41,57,0,2500,0,0,0,25.0517,12.8064,0,1490,88199366748
93.9217,10.6472,21.5686,0,41,57,0,2500,0,0,0,25.0517,12.8064,0,1490,88210013925
117.377,8.51956,21.5686,0,41,57,0,2500,0,0,0,25.0517,12.8064,0,1490,88218534230
109.484,9.13379,21.5686,0,41,57,0,2500,0,0,0,25.0517,12.8064,0,1490,88227668517
131.87,7.58322,21.5686,0,41,57,0,2500,0,0,0,25.0517,12.8064,0,1490,88235251951
121.464,8.23287,21.5686,0,41,57,0,2500,0,0,0,25.0517,12.8064,0,1490,88243485158
91.9519,10.8752,21.5686,0,41,57,0,2500,0,0,0,25.0517,12.8064,0,1490,88254360857
133.585,7.48589,21.5686,0,41,57,0,2500,0,0,0,25.0517,12.8064,0,1490,88261846868
190.394,5.25226,21.5686,0,41,57,0,2500,0,0,0,25.0517,12.8064,0,1490,88267099359
89.0221,11.2332,21.5686,0,41,57,0,2500,0,0,0,25.0517,12.8064,0,1490,88278333057
114.733,8.71589,21.5686,0,41,57,0,2500,0,0,0,25.0517,12.8064,0,1490,88287050261
223.535,4.47358,21.5686,0,41,57,0,2500,0,0,0,25.0517,12.8064,0,1490,88291523060
86.7319,11.5298,21.5686,0,41,57,0,2500,0,0,0,25.0517,12.8064,0,1490,88303053442
115.356,8.66884,21.5686,0,41,57,0,2500,0,0,0,25.0517,12.8064,0,1490,88311722158
115.402,8.66534,21.5686,0,41,57,0,2500,0,0,0,25.0517,12.8064,0,1490,88320387813
139.564,7.16516,21.5686,0,41,57,0,2500,0,0,0,25.0517,12.8064,0,1490,88327553776
126.102,7.93008,21.5686,0,41,57,0,2500,0,0,0,25.0517,12.8064,0,1490,88335484783
119.99,8.33401,21.5686,0,41,57,0,2500,0,0,0,25.0517,12.8064,0,1490,88343818752
122.558,8.15942,21.5686,0,41,57,0,2500,0,0,0,25.0517,12.8064,0,1490,88351978521
118.421,8.44441,21.5686,0,41,57,0,2500,0,0,0,25.0517,12.8064,0,1490,88360424323
31.1393,32.1138,21.5686,0,41,57,0,2500,0,0,0,25.0517,12.8064,0,1490,88392539658
106.144,9.42116,21.5686,0,41,57,0,2500,0,0,0,25.0517,12.8064,0,1490,88401961499
118.776,8.41921,21.5686,0,41,57,0,2500,0,0,0,25.0517,12.8064,0,1490,88410381620
125.182,7.98836,21.5686,0,41,57,0,2500,0,0,0,25.0517,12.8064,0,1490,88418368815
263.502,3.79504,21.5686,0,41,57,0,2500,0,0,0,25.0517,12.8064,0,1490,88422164039
159.62,6.26488,21.5686,0,41,57,0,2500,0,0,0,25.0517,12.8064,0,1490,88428428905
171.935,5.81616,21.5686,0,41,57,0,2500,0,0,0,25.0517,12.8064,0,1490,88434245803
395.435,2.52886,21.5686,0,41,57,0,2500,0,0,0,25.0517,12.8064,0,1490,88436775244
112.829,8.86298,21.5686,0,41,57,0,2500,0,0,0,25.0517,12.8064,0,1490,88445638788
120.894,8.27169,21.5686,0,41,57,0,2500,0,0,0,25.0517,12.8064,0,1490,88453910612
119.147,8.39301,21.5686,0,41,57,0,2500,0,0,0,25.0517,12.8064,0,1490,88462304259
106.05,9.42955,21.5686,0,41,57,0,2500,0,0,0,25.0517,12.8064,0,1490,88471734542
107.606,9.2932,21.5686,0,41,57,0,2500,0,0,0,25.0517,12.8064,0,1490,88481027551
118.825,8.41574,21.5686,0,41,57,0,2500,0,0,0,25.0517,12.8064,0,1490,88489443236
145.276,6.88346,21.5686,0,41,57,0,2500,0,0,0,25.0517,12.8064,0,1490,88496327008
134.929,7.41131,21.5686,0,41,57,0,2500,0,0,0,25.0517,12.8064,0,1490,88503738806
90.0505,11.1049,21.5686,0,41,57,0,2500,0,0,0,25.0517,12.8064,0,1490,88514843935
173.067,5.7781,21.5686,0,41,57,0,2500,0,0,0,25.0517,12.8064,0,1490,88520624093
118.316,8.45195,21.5686,0,41,57,0,2500,0,0,0,25.0517,12.8064,0,1490,88529076280
96.7794,10.3328,21.5686,0,41,57,0,2500,0,0,0,25.0517,12.8064,0,1490,88539409373
124.825,8.01121,21.5686,0,41,57,0,2500,0,0,0,25.0517,12.8064,0,1490,88547421337
132.894,7.52481,21.5686,0,41,57,0,2500,0,0,0,25.0517,12.8064,0,1490,88554945710
113.246,8.83033,21.5686,0,41,57,0,2500,0,0,0,25.0517,12.8064,0,1490,88563776247
116.15,8.60958,21.5686,0,41,57,0,2500,0,0,0,25.0517,12.8064,0,1490,88572386486
127.469,7.84503,21.5686,0,41,57,0,2500,0,0,0,25.0517,12.8064,0,1490,88580231989
124.567,8.02782,21.5686,0,41,57,0,2500,0,0,0,25.0517,12.8064,0,1490,88588259732
125.699,7.95551,21.5686,0,41,57,0,2500,0,0,0,25.0517,12.8064,0,1490,88596215961
123.325,8.10863,21.5686,0,41,57,0,2500,0,0,0,25.0517,12.8064,0,1490,88604324485
92.0833,10.8597,21.5686,0,41,57,0,2500,0,0,0,25.0517,12.8064,0,1490,88615184553
162.968,6.13617,21.5686,0,41,57,0,2500,0,0,0,25.0517,12.8064,0,1490,88621321270
126.814,7.88556,21.5686,0,41,57,0,2500,0,0,0,25.0517,12.8064,0,1490,88629207045
118.066,8.46984,21.5686,0,41,57,0,2500,0,0,0,25.0517,12.8064,0,1490,88637677514
124.758,8.01554,21.5686,0,41,57,0,2500,0,0,0,25.0517,12.8064,0,1490,88645693473
117.396,8.51815,21.5686,0,41,57,0,2500,0,0,0,25.0517,12.8064,0,1490,88654212124
113.557,8.80613,21.5686,0,41,57,0,2500,0,0,0,25.0517,12.8064,0,1490,88663019937
94.1463,10.6218,21.5686,0,41,57,0,2500,0,0,0,25.0517,12.8064,0,1490,88673642040
123.551,8.0938,21.5686,0,41,57,0,2500,0,0,0,25.0517,12.8064,0,1490,88681736933
142.433,7.02084,21.5686,0,41,57,0,2500,0,0,0,25.0517,12.8064,0,1490,88688758697
99.42,10.0583,21.5686,0,41,57,0,2500,0,0,0,25.0517,12.8064,0,1490,88698827208
121.492,8.231,25.1852,0,40,57,0,2500,0,0,0,25.0522,12.8063,0,1400,88707049561
149.992,6.66704,25.1852,0,40,57,0,2500,0,0,0,25.0522,12.8063,0,1400,88713716827
98.7478,10.1268,25.1852,0,40,57,0,2500,0,0,0,25.0522,12.8063,0,1400,88723844022
124.074,8.0597,25.1852,0,40,57,0,2500,0,0,0,25.0522,12.8063,0,1400,88731904480
112.801,8.86516,25.1852,0,40,57,0,2500,0,0,0,25.0522,12.8063,0,1400,88740770915
122.825,8.14167,25.1852,0,40,57,0,2500,0,0,0,25.0522,12.8063,0,1400,88748912983
123.292,8.11083,25.1852,0,40,57,0,2500,0,0,0,25.0522,12.8063,0,1400,88757024468
275.633,3.62802,25.1852,0,40,57,0,2500,0,0,0,25.0522,12.8063,0,1400,88760652264
77.6485,12.8786,25.1852,0,40,57,0,2500,0,0,0,25.0522,12.8063,0,1400,88773531313
119.885,8.34132,25.1852,0,40,57,0,2500,0,0,0,25.0522,12.8063,0,1400,88781873867
329.473,3.03515,25.1852,0,40,57,0,2500,0,0,0,25.0522,12.8063,0,1400,88784908675
88.5186,11.2971,25.1852,0,40,57,0,2500,0,0,0,25.0522,12.8063,0,1400,88796206980
115.541,8.65496,25.1852,0,40,57,0,2500,0,0,0,25.0522,12.8063,0,1400,88804862722
125.927,7.94112,25.1852,0,40,57,0,2500,0,0,0,25.0522,12.8063,0,1400,88812804025
127.804,7.82448,25.1852,0,40,57,0,2500,0,0,0,25.0522,12.8063,0,1400,88820628829
115.315,8.67193,25.1852,0,40,57,0,2500,0,0,0,25.0522,12.8063,0,1400,88829301942
117.526,8.50875,25.1852,0,40,57,0,2500,0,0,0,25.0522,12.8063,0,1400,88837811216
115.729,8.64091,25.1852,0,40,57,0,2500,0,0,0,25.0522,12.8063,0,1400,88846452536
129.683,7.71112,25.1852,0,40,57,0,2500,0,0,0,25.0522,12.8063,0,1400,88854164538
118.399,8.44599,25.1852,0,40,57,0,2500,0,0,0,25.0522,12.8063,0,1400,88862610578
127.001,7.87394,25.1852,0,40,57,0,2500,0,0,0,25.0522,12.8063,0,1400,88870485108
107.814,9.27522,25.1852,0,40,57,0,2500,0,0,0,25.0522,12.8063,0,1400,88879760473
128.88,7.75916,25.1852,0,40,57,0,2500,0,0,0,25.0522,12.8063,0,1400,88887520057
118.947,8.40712,25.1852,0,40,57,0,2500,0,0,0,25.0522,12.8063,0,1400,88895928256
117.175,8.53424,25.1852,0,40,57,0,2500,0,0,0,25.0522,12.8063,0,1400,88904463523
119.653,8.35749,25.1852,0,40,57,0,2500,0,0,0,25.0522,12.8063,0,1400,88912821544
115.332,8.67063,25.1852,0,40,57,0,2500,0,0,0,25.0522,12.8063,0,1400,88921492448
110.133,9.07989,25.1852,0,40,57,0,2500,0,0,0,25.0522,12.8063,0,1400,88930572838
122.205,8.18295,25.1852,0,40,57,0,2500,0,0,0,25.0522,12.8063,0,1400,88938757373
112.425,8.8948,25.1852,0,40,57,0,2500,0,0,0,25.0522,12.8063,0,1400,88947652375
122.835,8.14102,25.1852,0,40,57,0,2500,0,0,0,25.0522,12.8063,0,1400,88955793822
119.16,8.39207,25.1852,0,40,57,0,2500,0,0,0,25.0522,12.8063,0,1400,88964186691
151.368,6.60643,25.1852,0,40,57,0,2500,0,0,0,25.0522,12.8063,0,1400,88970793882
110.549,9.04574,25.1852,0,40,57,0,2500,0,0,0,25.0522,12.8063,0,1400,88979839791
128.795,7.76425,25.1852,0,40,57,0,2500,0,0,0,25.0522,12.8063,0,1400,88987604550
96.4409,10.369,25.1852,0,40,57,0,2500,0,0,0,25.0522,12.8063,0,1400,88997974741
135.004,7.40721,25.1852,0,40,57,0,2500,0,0,0,25.0522,12.8063,0,1400,89005382850
120.151,8.32289,25.1852,0,40,57,0,2500,0,0,0,25.0522,12.8063,0,1400,89013706034
119.124,8.39462,25.1852,0,40,57,0,2500,0,0,0,25.0522,12.8063,0,1400,89022101738
121.486,8.23139,25.1852,0,40,57,0,2500,0,0,0,25.0522,12.8063,0,1400,89030333162
116.027,8.61865,25.1852,0,40,57,0,2500,0,0,0,25.0522,12.8063,0,1400,89038952064
125.433,7.97236,25.1852,0,40,57,0,2500,0,0,0,25.0522,12.8063,0,1400,89046925427
118.747,8.42129,25.1852,0,40,57,0,2500,0,0,0,25.0522,12.8063,0,1400,89055347250
112.368,8.89931,25.1852,0,40,57,0,2500,0,0,0,25.0522,12.8063,0,1400,89064247436
120.204,8.3192,25.1852,0,40,57,0,2500,0,0,0,25.0522,12.8063,0,1400,89072567399
118.292,8.45366,25.1852,0,40,57,0,2500,0,0,0,25.0522,12.8063,0,1400,89081021331
124.967,8.00213,25.1852,0,40,57,0,2500,0,0,0,25.0522,12.8063,0,1400,89089024417
116.437,8.58831,25.1852,0,40,57,0,2500,0,0,0,25.0522,12.8063,0,1400,89097613175
119.975,8.33505,25.1852,0,40,57,0,2500,0,0,0,25.0522,12.8063,0,1400,89105949178
119.705,8.35385,25.1852,0,40,57,0,2500,0,0,0,25.0522,12.8063,0,1400,89114303900
126.239,7.92148,25.1852,0,40,57,0,2500,0,0,0,25.0522,12.8063,0,1400,89122225681
117.891,8.48242,25.1852,0,40,57,0,2500,0,0,0,25.0522,12.8063,0,1400,89130708362
120.039,8.33061,25.1852,0,40,57,0,2500,0,0,0,25.0522,12.8063,0,1400,89139039773
126.619,7.89772,25.1852,0,40,57,0,2500,0,0,0,25.0522,12.8063,0,1400,89146938076
118.977,8.40496,25.1852,0,40,57,0,2500,0,0,0,25.0522,12.8063,0,1400,89155343585
120.845,8.27504,25.1852,0,40,57,0,2500,0,0,0,25.0522,12.8063,0,1400,89163619769
118.316,8.45195,25.1852,0,40,57,0,2500,0,0,0,25.0522,12.8063,0,1400,89172072089
123.897,8.07122,25.1852,0,40,57,0,2500,0,0,0,25.0522,12.8063,0,1400,89180143882
115.74,8.64002,25.1852,0,40,57,0,2500,0,0,0,25.0522,12.8063,0,1400,89188784857
122.417,8.16877,25.1852,0,40,57,0,2500,0,0,0,25.0522,12.8063,0,1400,89196954138
116.089,8.61408,25.1852,0,40,57,0,2500,0,0,0,25.0522,12.8063,0,1400,89205575670
132.852,7.52717,21.6216,0,42,57,0,2500,0,0,0,25.0523,12.8063,0,1600,89213096540
107.716,9.28366,21.6216,0,42,57,0,2500,0,0,0,25.0523,12.8063,0,1600,89222380690
118.016,8.47343,21.6216,0,42,57,0,2500,0,0,0,25.0523,12.8063,0,1600,89230854529
117.385,8.51896,21.6216,0,42,57,0,2500,0,0,0,25.0523,12.8063,0,1600,89239374662
120.412,8.30485,21.6216,0,42,57,0,2500,0,0,0,25.0523,12.8063,0,1600,89247679015
239.042,4.18337,21.6216,0,42,57,0,2500,0,0,0,25.0523,12.8063,0,1600,89251862661
82.1328,12.1754,21.6216,0,42,57,0,2500,0,0,0,25.0523,12.8063,0,1600,89264039421
130.985,7.63447,21.6216,0,42,57,0,2500,0,0,0,25.0523,12.8063,0,1600,89271674491
217.282,4.6023,21.6216,0,42,57,0,2500,0,0,0,25.0523,12.8063,0,1600,89276277079
95.1046,10.5147,21.6216,0,42,57,0,2500,0,0,0,25.0523,12.8063,0,1600,89286792608
113.29,8.82691,21.6216,0,42,57,0,2500,0,0,0,25.0523,12.8063,0,1600,89295620579
120.676,8.28666,21.6216,0,42,57,0,2500,0,0,0,25.0523,12.8063,0,1600,89303907814
114.811,8.71,21.6216,0,42,57,0,2500,0,0,0,25.0523,12.8063,0,1600,89312618492
101.521,9.85021,21.6216,0,42,57,0,2500,0,0,0,25.0523,12.8063,0,1600,89322468890
119.739,8.35147,21.6216,0,42,57,0,2500,0,0,0,25.0523,12.8063,0,1600,89330820558
136.495,7.32627,21.6216,0,42,57,0,2500,0,0,0,25.0523,12.8063,0,1600,89338147570
138.2,7.23588,21.6216,0,42,57,0,2500,0,0,0,25.0523,12.8063,0,1600,89345383927
97.1601,10.2923,21.6216,0,42,57,0,2500,0,0,0,25.0523,12.8063,0,1600,89355676324
126.717,7.89158,21.6216,0,42,57,0,2500,0,0,0,25.0523,12.8063,0,1600,89363568493
112.507,8.88831,21.6216,0,42,57,0,2500,0,0,0,25.0523,12.8063,0,1600,89372457774
122.046,8.1936,21.6216,0,42,57,0,2500,0,0,0,25.0523,12.8063,0,1600,89380651514
117.525,8.5088,21.6216,0,42,57,0,2500,0,0,0,25.0523,12.8063,0,1600,89389160915
123.442,8.101,21.6216,0,42,57,0,2500,0,0,0,25.0523,12.8063,0,1600,89397263092
133.134,7.51121,21.6216,0,42,57,0,2500,0,0,0,25.0523,12.8063,0,1600,89404774238
131.809,7.58676,21.6216,0,42,57,0,2500,0,0,0,25.0523,12.8063,0,1600,89412361723
128.153,7.8032,21.6216,0,42,57,0,2500,0,0,0,25.0523,12.8063,0,1600,89420165490
101.598,9.84267,21.6216,0,42,57,0,2500,0,0,0,25.0523,12.8063,0,1600,89430008865
102.311,9.77407,21.6216,0,42,57,0,2500,0,0,0,25.0523,12.8063,0,1600,89439784067
137.289,7.28393,21.6216,0,42,57,0,2500,0,0,0,25.0523,12.8063,0,1600,89447068624
122.577,8.15816,21.6216,0,42,57,0,2500,0,0,0,25.0523,12.8063,0,1600,89455227185
109.17,9.16002,21.6216,0,42,57,0,2500,0,0,0,25.0523,12.8063,0,1600,89464388243
118.983,8.40454,21.6216,0,42,57,0,2500,0,0,0,25.0523,12.8063,0,1600,89472793692
127.04,7.87152,21.6216,0,42,57,0,2500,0,0,0,25.0523,12.8063,0,1600,89480665028
118.208,8.45964,21.6216,0,42,57,0,2500,0,0,0,25.0523,12.8063,0,1600,89489124410
120.509,8.29814,21.6216,0,42,57,0,2500,0,0,0,25.0523,12.8063,0,1600,89497423920
113.978,8.77365,21.6216,0,42,57,0,2500,0,0,0,25.0523,12.8063,0,1600,89506197508
135.934,7.3565,21.6216,0,42,57,0,2500,0,0,0,25.0523,12.8063,0,1600,89513554119
131.361,7.6126,21.6216,0,42,57,0,2500,0,0,0,25.0523,12.8063,0,1600,89521167136
124.222,8.05013,21.6216,0,42,57,0,2500,0,0,0,25.0523,12.8063,0,1600,89529219033
100.676,9.93284,21.6216,0,42,57,0,2500,0,0,0,25.0523,12.8063,0,1600,89539152403
129.631,7.71422,21.6216,0,42,57,0,2500,0,0,0,25.0523,12.8063,0,1600,89546867244
119.863,8.34287,21.6216,0,42,57,0,2500,0,0,0,25.0523,12.8063,0,1600,89555210941
120.835,8.27573,21.6216,0,42,57,0,2500,0,0,0,25.0523,12.8063,0,1600,89563486591
119.568,8.36344,21.6216,0,42,57,0,2500,0,0,0,25.0523,12.8063,0,1600,89571850900
110.748,9.02948,21.6216,0,42,57,0,2500,0,0,0,25.0523,12.8063,0,1600,89580880863
119.552,8.36457,21.6216,0,42,57,0,2500,0,0,0,25.0523,12.8063,0,1600,89589246089
124.924,8.00484,21.6216,0,42,57,0,2500,0,0,0,25.0523,12.8063,0,1600,89597251539
120.402,8.30551,21.6216,0,42,57,0,2500,0,0,0,25.0523,12.8063,0,1600,89605557533
121.579,8.22508,21.6216,0,42,57,0,2500,0,0,0,25.0523,12.8063,0,1600,89613783385
117.18,8.53387,21.6216,0,42,57,0,2500,0,0,0,25.0523,12.8063,0,1600,89622317864
124.355,8.04147,21.6216,0,42,57,0,2500,0,0,0,25.0523,12.8063,0,1600,89630359117
111.232,8.9902,21.6216,0,42,57,0,2500,0,0,0,25.0523,12.8063,0,1600,89639350846
124.799,8.01287,21.6216,0,42,57,0,2500,0,0,0,25.0523,12.8063,0,1600,89647364023
117.907,8.48127,21.6216,0,42,57,0,2500,0,0,0,25.0523,12.8063,0,1600,89655846105
121.131,8.25553,21.6216,0,42,57,0,2500,0,0,0,25.0523,12.8063,0,1600,89664100966
128.711,7.76936,21.6216,0,42,57,0,2500,0,0,0,25.0523,12.8063,0,1600,89671870683
113.451,8.81441,21.6216,0,42,57,0,2500,0,0,0,25.0523,12.8063,0,1600,89680685434
119.817,8.34603,21.6216,0,42,57,0,2500,0,0,0,25.0523,12.8063,0,1600,89689031957
115.895,8.62853,21.6216,0,42,57,0,2500,0,0,0,25.0523,12.8063,0,1600,89697660780
134.483,7.43589,21.6216,0,42,57,0,2500,0,0,0,25.0523,12.8063,0,1600,89705097098
112.566,8.88366,21.6216,0,42,57,0,2500,0,0,0,25.0523,12.8063,0,1600,89713989932
127.629,7.83519,21.5686,0,42,57,0,2500,0,0,0,25.0521,12.8063,0,1600,89721817349
137.474,7.27412,21.5686,0,42,57,0,2500,0,0,0,25.0521,12.8063,0,1600,89729091971
99.9673,10.0033,21.5686,0,42,57,0,2500,0,0,0,25.0521,12.8063,0,1600,89739095170
119.99,8.33403,21.5686,0,42,57,0,2500,0,0,0,25.0521,12.8063,0,1600,89747430603
237.09,4.21781,21.5686,0,42,57,0,2500,0,0,0,25.0521,12.8063,0,1600,89751648086
89.7242,11.1453,21.5686,0,42,57,0,2500,0,0,0,25.0521,12.8063,0,1600,89762794515
98.4927,10.153,21.5686,0,42,57,0,2500,0,0,0,25.0521,12.8063,0,1600,89772948427
118.025,8.47277,21.5686,0,42,57,0,2500,0,0,0,25.0521,12.8063,0,1600,89781421426
135.682,7.37019,21.5686,0,42,57,0,2500,0,0,0,25.0521,12.8063,0,1600,89788792500
123.454,8.10018,21.5686,0,42,57,0,2500,0,0,0,25.0521,12.8063,0,1600,89796892503
126.187,7.92473,21.5686,0,42,57,0,2500,0,0,0,25.0521,12.8063,0,1600,89804817591
106.16,9.41973,21.5686,0,42,57,0,2500,0,0,0,25.0521,12.8063,0,1600,89814237716
142.335,7.0257,21.5686,0,42,57,0,2500,0,0,0,25.0521,12.8063,0,1600,89821263999
107.269,9.32235,21.5686,0,42,57,0,2500,0,0,0,25.0521,12.8063,0,1600,89830586070
122.393,8.17038,21.5686,0,42,57,0,2500,0,0,0,25.0521,12.8063,0,1600,89838756722
110.854,9.02089,21.5686,0,42,57,0,2500,0,0,0,25.0521,12.8063,0,1600,89847778758
136.227,7.3407,21.5686,0,42,57,0,2500,0,0,0,25.0521,12.8063,0,1600,89855118607
131.798,7.58739,21.5686,0,42,57,0,2500,0,0,0,25.0521,12.8063,0,1600,89862707084
122.06,8.19271,21.5686,0,42,57,0,2500,0,0,0,25.0521,12.8063,0,1600,89870900175
125.959,7.93908,21.5686,0,42,57,0,2500,0,0,0,25.0521,12.8063,0,1600,89878839842
123.515,8.0962,21.5686,0,42,57,0,2500,0,0,0,25.0521,12.8063,0,1600,89886936010
95.8952,10.4281,21.5686,0,42,57,0,2500,0,0,0,25.0521,12.8063,0,1600,89897364185
127.031,7.87208,21.5686,0,42,57,0,2500,0,0,0,25.0521,12.8063,0,1600,89905236717
120.229,8.31743,21.5686,0,42,57,0,2500,0,0,0,25.0521,12.8063,0,1600,89913554438
121.092,8.25821,21.5686,0,42,57,0,2500,0,0,0,25.0521,12.8063,0,1600,89921813143
125.975,7.9381,21.5686,0,42,57,0,2500,0,0,0,25.0521,12.8063,0,1600,89929752012
130.938,7.63721,21.5686,0,42,57,0,2500,0,0,0,25.0521,12.8063,0,1600,89937389327
100.525,9.9478,21.5686,0,42,57,0,2500,0,0,0,25.0521,12.8063,0,1600,89947338003
125.49,7.96879,21.5686,0,42,57,0,2500,0,0,0,25.0521,12.8063,0,1600,89955308455
132.67,7.53751,21.5686,0,42,57,0,2500,0,0,0,25.0521,12.8063,0,1600,89962845736
105.207,9.50509,21.5686,0,42,57,0,2500,0,0,0,25.0521,12.8063,0,1600,89972351615
145.511,6.87235,21.5686,0,42,57,0,2500,0,0,0,25.0521,12.8063,0,1600,89979224026
130.44,7.66639,21.5686,0,42,57,0,2500,0,0,0,25.0521,12.8063,0,1600,89986890631
110.607,9.04103,21.5686,0,42,57,0,2500,0,0,0,25.0521,12.8063,0,1600,89995932437
119.633,8.35889,21.5686,0,42,57,0,2500,0,0,0,25.0521,12.8063,0,1600,90004292115
108.188,9.24315,21.5686,0,42,57,0,2500,0,0,0,25.0521,12.8063,0,1600,90013535863
124.507,8.03167,21.5686,0,42,57,0,2500,0,0,0,25.0521,12.8063,0,1600,90021568821
122.482,8.16444,21.5686,0,42,57,0,2500,0,0,0,25.0521,12.8063,0,1600,90029734012
137.308,7.28288,21.5686,0,42,57,0,2500,0,0,0,25.0521,12.8063,0,1600,90037016937
97.7324,10.232,21.5686,0,42,57,0,2500,0,0,0,25.0521,12.8063,0,1600,90047249948
132.238,7.5621,21.5686,0,42,57,0,2500,0,0,0,25.0521,12.8063,0,1600,90054812400
119.553,8.36451,21.5686,0,42,57,0,2500,0,0,0,25.0521,12.8063,0,1600,90063177786
121.822,8.20868,21.5686,0,42,57,0,2500,0,0,0,25.0521,12.8063,0,1600,90071387021
115.085,8.6892,21.5686,0,42,57,0,2500,0,0,0,25.0521,12.8063,0,1600,90080075672
123.849,8.07433,21.5686,0,42,57,0,2500,0,0,0,25.0521,12.8063,0,1600,90088150165
122.072,8.19188,21.5686,0,42,57,0,2500,0,0,0,25.0521,12.8063,0,1600,90096342603
118.344,8.44995,21.5686,0,42,57,0,2500,0,0,0,25.0521,12.8063,0,1600,90104793664
120.186,8.32046,21.5686,0,42,57,0,2500,0,0,0,25.0521,12.8063,0,1600,90113113263
138.905,7.19915,21.5686,0,42,57,0,2500,0,0,0,25.0521,12.8063,0,1600,90120313108
126.504,7.90491,21.5686,0,42,57,0,2500,0,0,0,25.0521,12.8063,0,1600,90128218419
120.87,8.27332,21.5686,0,42,57,0,2500,0,0,0,25.0521,12.8063,0,1600,90136492473
120.834,8.27583,21.5686,0,42,57,0,2500,0,0,0,25.0521,12.8063,0,1600,90144768458
118.036,8.47201,21.5686,0,42,57,0,2500,0,0,0,25.0521,12.8063,0,1600,90153241431
99.709,10.0292,21.5686,0,42,57,0,2500,0,0,0,25.0521,12.8063,0,1600,90163270809
124.208,8.05104,21.5686,0,42,57,0,2500,0,0,0,25.0521,12.8063,0,1600,90171322300
124.467,8.03426,21.5686,0,42,57,0,2500,0,0,0,25.0521,12.8063,0,1600,90179356539
125.053,7.99663,21.5686,0,42,57,0,2500,0,0,0,25.0521,12.8063,0,1600,90187354022
117.307,8.52464,21.5686,0,42,57,0,2500,0,0,0,25.0521,12.8063,0,1600,90195878701
128.428,7.78649,21.5686,0,42,57,0,2500,0,0,0,25.0521,12.8063,0,1600,90203665294
124.109,8.05745,21.5686,0,42,57,0,2500,0,0,0,25.0521,12.8063,0,1600,90211723433
124.93,8.00449,21.5686,0,42,57,0,2500,0,0,0,25.0521,12.8063,0,1600,90219731651
114.773,8.71284,20.3474,0,42,57,0,2500,0,0,0,25.0523,12.8063,0,1605,90228441287
124.503,8.03192,20.3474,0,42,57,0,2500,0,0,0,25.0523,12.8063,0,1605,90236473816
117.016,8.54581,20.3474,0,42,57,0,2500,0,0,0,25.0523,12.8063,0,1605,90245019950
121.768,8.21237,20.3474,0,42,57,0,2500,0,0,0,25.0523,12.8063,0,1605,90253233418
119.347,8.37895,20.3474,0,42,57,0,2500,0,0,0,25.0523,12.8063,0,1605,90261612747
93.9194,10.6474,20.3474,0,42,57,0,2500,0,0,0,25.0523,12.8063,0,1605,90272261073
126.27,7.91954,20.3474,0,42,57,0,2500,0,0,0,25.0523,12.8063,0,1605,90280181213
194.03,5.15385,20.3474,0,42,57,0,2500,0,0,0,25.0523,12.8063,0,1605,90285335379
83.7859,11.9352,20.3474,0,42,57,0,2500,0,0,0,25.0523,12.8063,0,1605,90297271477
120.522,8.29725,20.3474,0,42,57,0,2500,0,0,0,25.0523,12.8063,0,1605,90305569319
204.21,4.89692,20.3474,0,42,57,0,2500,0,0,0,25.0523,12.8063,0,1605,90310467163
93.8906,10.6507,20.3474,0,42,57,0,2500,0,0,0,25.0523,12.8063,0,1605,90321118148
127.859,7.82113,20.3474,0,42,57,0,2500,0,0,0,25.0523,12.8063,0,1605,90328939912
101.234,9.87807,20.3474,0,42,57,0,2500,0,0,0,25.0523,12.8063,0,1605,90338819209
131.322,7.61488,20.3474,0,42,57,0,2500,0,0,0,25.0523,12.8063,0,1605,90346434547
113.176,8.8358,20.3474,0,42,57,0,2500,0,0,0,25.0523,12.8063,0,1605,90355270959
118.925,8.40867,20.3474,0,42,57,0,2500,0,0,0,25.0523,12.8063,0,1605,90363680257
124.762,8.01526,20.3474,0,42,57,0,2500,0,0,0,25.0523,12.8063,0,1605,90371696538
142.909,6.99748,20.3474,0,42,57,0,2500,0,0,0,25.0523,12.8063,0,1605,90378693742
117.834,8.48654,20.3474,0,42,57,0,2500,0,0,0,25.0523,12.8063,0,1605,90387181051
96.6048,10.3515,20.3474,0,42,57,0,2500,0,0,0,25.0523,12.8063,0,1605,90397533199
165.392,6.04624,20.3474,0,42,57,0,2500,0,0,0,25.0523,12.8063,0,1605,90403580238
101.337,9.86811,20.3474,0,42,57,0,2500,0,0,0,25.0523,12.8063,0,1605,90413448880
128.882,7.75901,20.3474,0,42,57,0,2500,0,0,0,25.0523,12.8063,0,1605,90421208465
117.325,8.5233,20.3474,0,42,57,0,2500,0,0,0,25.0523,12.8063,0,1605,90429732496
126.814,7.88558,20.3474,0,42,57,0,2500,0,0,0,25.0523,12.8063,0,1605,90437618580
104.649,9.55572,20.3474,0,42,57,0,2500,0,0,0,25.0523,12.8063,0,1605,90447175171
133.74,7.47721,20.3474,0,42,57,0,2500,0,0,0,25.0523,12.8063,0,1605,90454652936
115.566,8.6531,20.3474,0,42,57,0,2500,0,0,0,25.0523,12.8063,0,1605,90463306937
119.616,8.36009,20.3474,0,42,57,0,2500,0,0,0,25.0523,12.8063,0,1605,90471667694
122.349,8.17332,20.3474,0,42,57,0,2500,0,0,0,25.0523,12.8063,0,1605,90479841198
123.914,8.0701,20.3474,0,42,57,0,2500,0,0,0,25.0523,12.8063,0,1605,90487912067
111.687,8.95359,20.3474,0,42,57,0,2500,0,0,0,25.0523,12.8063,0,1605,90496866122
122.137,8.18752,20.3474,0,42,57,0,2500,0,0,0,25.0523,12.8063,0,1605,90505054662
114.274,8.75086,20.3474,0,42,57,0,2500,0,0,0,25.0523,12.8063,0,1605,90513805597
127.173,7.86333,20.3474,0,42,57,0,2500,0,0,0,25.0523,12.8063,0,1605,90521670332
119.647,8.35794,20.3474,0,42,57,0,2500,0,0,0,25.0523,12.8063,0,1605,90530028101
127.675,7.83237,20.3474,0,42,57,0,2500,0,0,0,25.0523,12.8063,0,1605,90537861329
116.054,8.61666,20.3474,0,42,57,0,2500,0,0,0,25.0523,12.8063,0,1605,90546478314
148.921,6.71498,20.3474,0,42,57,0,2500,0,0,0,25.0523,12.8063,0,1605,90553194024
115.041,8.69258,20.3474,0,42,57,0,2500,0,0,0,25.0523,12.8063,0,1605,90561887120
117.971,8.47663,20.3474,0,42,57,0,2500,0,0,0,25.0523,12.8063,0,1605,90570364416
121.679,8.21837,20.3474,0,42,57,0,2500,0,0,0,25.0523,12.8063,0,1605,90578583565
113.346,8.82255,20.3474,0,42,57,0,2500,0,0,0,25.0523,12.8063,0,1605,90587406675
130.269,7.6764,20.3474,0,42,57,0,2500,0,0,0,25.0523,12.8063,0,1605,90595083496
112.027,8.92643,20.3474,0,42,57,0,2500,0,0,0,25.0523,12.8063,0,1605,90604010472
123.196,8.11712,20.3474,0,42,57,0,2500,0,0,0,25.0523,12.8063,0,1605,90612128022
128.233,7.7983,20.3474,0,42,57,0,2500,0,0,0,25.0523,12.8063,0,1605,90619926492
92.7963,10.7763,20.3474,0,42,57,0,2500,0,0,0,25.0523,12.8063,0,1605,90630703255
141.208,7.08176,20.3474,0,42,57,0,2500,0,0,0,25.0523,12.8063,0,1605,90637785354
117.819,8.4876,20.3474,0,42,57,0,2500,0,0,0,25.0523,12.8063,0,1605,90646274375
113.975,8.77387,20.3474,0,42,57,0,2500,0,0,0,25.0523,12.8063,0,1605,90655048251
133.544,7.48818,20.3474,0,42,57,0,2500,0,0,0,25.0523,12.8063,0,1605,90662536427
126.377,7.91286,20.3474,0,42,57,0,2500,0,0,0,25.0523,12.8063,0,1605,90670450173
123.722,8.08265,20.3474,0,42,57,0,2500,0,0,0,25.0523,12.8063,0,1605,90678532843
105.275,9.49892,20.3474,0,42,57,0,2500,0,0,0,25.0523,12.8063,0,1605,90688032278
113.381,8.81983,20.3474,0,42,57,0,2500,0,0,0,25.0523,12.8063,0,1605,90696852585
125.83,7.94726,20.3474,0,42,57,0,2500,0,0,0,25.0523,12.8063,0,1605,90704800591
145.59,6.86863,20.3474,0,42,57,0,2500,0,0,0,25.0523,12.8063,0,1605,90711669045
109.766,9.11031,20.3474,0,42,57,0,2500,0,0,0,25.0523,12.8063,0,1605,90720786639
130.427,7.66715,20.5955,0,41,58,0,2500,0,0,0,25.0523,12.8062,0,1501,90728447728
115.801,8.63548,20.5955,0,41,58,0,2500,0,0,0,25.0523,12.8062,0,1501,90737084239
130.926,7.63789,20.5955,0,41,58,0,2500,0,0,0,25.0523,12.8062,0,1501,90744722614
106.474,9.39194,20.5955,0,41,58,0,2500,0,0,0,25.0523,12.8062,0,1501,90754115181
132.047,7.57304,20.5955,0,41,58,0,2500,0,0,0,25.0523,12.8062,0,1501,90761688871
109.083,9.16734,20.5955,0,41,58,0,2500,0,0,0,25.0523,12.8062,0,1501,90770856658
125.265,7.98306,20.5955,0,41,58,0,2500,0,0,0,25.0523,12.8062,0,1501,90778840105
99.9728,10.0027,20.5955,0,41,58,0,2500,0,0,0,25.0523,12.8062,0,1501,90788843722
141.589,7.06271,20.5955,0,41,58,0,2500,0,0,0,25.0523,12.8062,0,1501,90795907114
130.832,7.64342,20.5955,0,41,58,0,2500,0,0,0,25.0523,12.8062,0,1501,90803550518
117.411,8.51712,20.5955,0,41,58,0,2500,0,0,0,25.0523,12.8062,0,1501,90812068639
119.707,8.3537,20.5955,0,41,58,0,2500,0,0,0,25.0523,12.8062,0,1501,90820423043
109.967,9.09367,20.5955,0,41,58,0,2500,0,0,0,25.0523,12.8062,0,1501,90829517171
169.531,5.89863,20.5955,0,41,58,0,2500,0,0,0,25.0523,12.8062,0,1501,90835416576
90.5832,11.0396,20.5955,0,41,58,0,2500,0,0,0,25.0523,12.8062,0,1501,90846456985
132.339,7.55634,20.5955,0,41,58,0,2500,0,0,0,25.0523,12.8062,0,1501,90854013941
118.83,8.41536,20.5955,0,41,58,0,2500,0,0,0,25.0523,12.8062,0,1501,90862429440
120.362,8.30828,20.5955,0,41,58,0,2500,0,0,0,25.0523,12.8062,0,1501,90870738361
115.976,8.62248,20.5955,0,41,58,0,2500,0,0,0,25.0523,12.8062,0,1501,90879361772
110.503,9.04955,20.5955,0,41,58,0,2500,0,0,0,25.0523,12.8062,0,1501,90888411999
119.539,8.36545,20.5955,0,41,58,0,2500,0,0,0,25.0523,12.8062,0,1501,90896777498
115.052,8.69175,20.5955,0,41,58,0,2500,0,0,0,25.0523,12.8062,0,1501,90905469727
133.815,7.47298,20.5955,0,41,58,0,2500,0,0,0,25.0523,12.8062,0,1501,90912943046
129.613,7.71526,20.5955,0,41,58,0,2500,0,0,0,25.0523,12.8062,0,1501,90920658659
118.773,8.41942,20.5955,0,41,58,0,2500,0,0,0,25.0523,12.8062,0,1501,90929079139
121.49,8.23114,20.5955,0,41,58,0,2500,0,0,0,25.0523,12.8062,0,1501,90937309943
126.307,7.91722,20.5955,0,41,58,0,2500,0,0,0,25.0523,12.8062,0,1501,90945228100
111.604,8.96022,20.5955,0,41,58,0,2500,0,0,0,25.0523,12.8062,0,1501,90954188585
103.629,9.64979,20.5955,0,41,58,0,2500,0,0,0,25.0523,12.8062,0,1501,90963838686
115.886,8.62918,20.5955,0,41,58,0,2500,0,0,0,25.0523,12.8062,0,1501,90972468837
132.856,7.52693,20.5955,0,41,58,0,2500,0,0,0,25.0523,12.8062,0,1501,90979996209
147.252,6.79107,20.5955,0,41,58,0,2500,0,0,0,25.0523,12.8062,0,1501,90986787943
118.747,8.4213,20.5955,0,41,58,0,2500,0,0,0,25.0523,12.8062,0,1501,90995210023
117.801,8.48886,20.5955,0,41,58,0,2500,0,0,0,25.0523,12.8062,0,1501,91003699808
5.04306,198.292,20.5955,0,41,58,0,2500,0,0,0,25.0523,12.8062,0,1501,91201992230
1.24963,800.234,20.5955,0,41,58,0,2500,0,0,0,25.0523,12.8062,0,1501,92002229914
