start,geometry,clip,blit,flush,end,hwnd,surface,thread,outcome,width,height,commit
170563203478341,170563203498610,170563203509888,170563203512128,170563203522815,170563203522908,265650,93825434198544,4375639744,7,2732,1151,142
170563211823293,170563211846008,170563211857818,170563211860624,170563211872649,170563211872733,265650,93825434198544,4375639744,7,2732,1151,143
170563220137078,170563220154748,170563220165737,170563220167977,170563220174093,170563220174187,265650,93825434198544,4375639744,7,2732,1151,144
170563228478968,170563228497320,170563228508362,170563228510653,170563228518813,170563228518884,265650,93825434198544,4375639744,7,2732,1151,145
170563236855711,170563236874587,170563236885658,170563236888237,170563236901338,170563236901410,265650,93825434198544,4375639744,7,2732,1151,146
170563245159406,170563245180070,170563245191589,170563245194282,170563245201615,170563245201700,265650,93825434198544,4375639744,7,2732,1151,147
170563253480538,170563253501037,170563253512214,170563253514634,170563253524383,170563253524445,265650,93825434198544,4375639744,7,2732,1151,148
170563261825189,170563261845639,170563261856955,170563261859910,170563261870853,170563261870932,265650,93825434198544,4375639744,7,2732,1151,149
170563270140119,170563270159987,170563270171107,170563270174143,170563270179516,170563270179575,265650,93825434198544,4375639744,7,2732,1151,150
170563278477876,170563278496765,170563278508073,170563278510518,170563278519111,170563278519162,265650,93825434198544,4375639744,7,2732,1151,151
170563286824168,170563286844087,170563286855525,170563286858510,170563286866018,170563286866072,265650,93825434198544,4375639744,7,2732,1151,152
170563295149209,170563295170136,170563295181305,170563295183980,170563295193848,170563295193913,265650,93825434198544,4375639744,7,2732,1151,153
170563303490294,170563303511084,170563303522545,170563303525159,170563303536299,170563303536349,265650,93825434198544,4375639744,7,2732,1151,154
170563311848883,170563311870192,170563311881651,170563311884662,170563311899093,170563311899143,265650,93825434198544,4375639744,7,2732,1151,155
170563320228466,170563320249969,170563320261765,170563320264392,170563320281840,170563320281927,265650,93825434198544,4375639744,7,2732,1151,156
170563328546948,170563328567658,170563328579420,170563328581929,170563328593525,170563328593614,265650,93825434198544,4375639744,7,2732,1151,157
170563336817661,170563336836364,170563336847869,170563336850236,170563336858364,170563336858442,265650,93825434198544,4375639744,7,2732,1151,158
170563345159095,170563345178049,170563345189580,170563345192152,170563345201800,170563345201873,265650,93825434198544,4375639744,7,2732,1151,159
170563353488039,170563353508763,170563353520163,170563353522369,170563353531611,170563353531665,265650,93825434198544,4375639744,7,2732,1151,160
170563361821218,170563361840276,170563361850837,170563361853101,170563361863973,170563361864030,265650,93825434198544,4375639744,7,2732,1151,161
170563370157444,170563370173973,170563370185285,170563370187978,170563370197840,170563370197890,265650,93825434198544,4375639744,7,2732,1151,162
170563378502712,170563378523310,170563378535027,170563378537750,170563378548706,170563378548784,265650,93825434198544,4375639744,7,2732,1151,163
170563386860786,170563386879216,170563386890492,170563386892900,170563386900484,170563386900550,265650,93825434198544,4375639744,7,2732,1151,164
170563395145060,170563395162901,170563395174751,170563395177089,170563395183057,170563395183105,265650,93825434198544,4375639744,7,2732,1151,165
170563403478237,170563403495286,170563403506232,170563403508175,170563403514405,170563403514481,265650,93825434198544,4375639744,7,2732,1151,166
170563411875969,170563411896973,170563411908405,170563411910948,170563411920914,170563411920985,265650,93825434198544,4375639744,7,2732,1151,167
170563420169958,170563420192052,170563420203132,170563420205815,170563420221423,170563420221516,265650,93825434198544,4375639744,7,2732,1151,168
170563428504696,170563428524649,170563428536090,170563428538434,170563428550185,170563428550245,265650,93825434198544,4375639744,7,2732,1151,169
170563436927530,170563436945394,170563436954948,170563436957269,170563436969407,170563436969478,265650,93825434198544,4375639744,7,2732,1151,170
170563445206989,170563445229476,170563445241420,170563445243991,170563445254650,170563445254774,265650,93825434198544,4375639744,7,2732,1151,171
170563453545245,170563453568383,170563453580407,170563453583160,170563453595774,170563453595862,265650,93825434198544,4375639744,7,2732,1151,172
170563461849935,170563461872263,170563461885294,170563461888088,170563461901503,170563461901588,265650,93825434198544,4375639744,7,2732,1151,173
170563470186784,170563470207766,170563470218982,170563470221975,170563470232345,170563470232407,265650,93825434198544,4375639744,7,2732,1151,174
170563478545117,170563478565257,170563478576322,170563478579171,170563478591354,170563478591439,265650,93825434198544,4375639744,7,2732,1151,175
170563486846249,170563486867237,170563486878631,170563486881231,170563486894686,170563486894769,265650,93825434198544,4375639744,7,2732,1151,176
170563495160634,170563495179114,170563495190503,170563495192799,170563495202323,170563495202415,265650,93825434198544,4375639744,7,2732,1151,177
170563503498966,170563503516737,170563503528497,170563503530631,170563503542271,170563503542364,265650,93825434198544,4375639744,7,2732,1151,178
170563511909437,170563511931145,170563511942766,170563511945664,170563511960531,170563511960608,265650,93825434198544,4375639744,7,2732,1151,179
170563520182495,170563520198569,170563520208236,170563520210169,170563520220052,170563520220121,265650,93825434198544,4375639744,7,2732,1151,180
170563528546994,170563528559432,170563528568681,170563528570873,170563528579853,170563528579922,265650,93825434198544,4375639744,7,2732,1151,181
170563537304873,170563537325479,170563537336968,170563537340037,170563537353033,170563537353118,265650,93825434198544,4375639744,7,2732,1151,182
170563545182306,170563545201873,170563545213089,170563545216081,170563545228503,170563545228610,265650,93825434198544,4375639744,7,2732,1151,183
170563553510995,170563553531107,170563553542494,170563553545391,170563553555762,170563553555881,265650,93825434198544,4375639744,7,2732,1151,184
170563561869853,170563561895650,170563561908018,170563561910933,170563561922721,170563561922804,265650,93825434198544,4375639744,7,2732,1151,185
170563570690056,170563570771778,170563570785342,170563570788056,170563570799247,170563570799349,265650,93825434198544,4375639744,7,2732,1151,186
170563578594241,170563578617094,170563578628823,170563578631449,170563578639896,170563578639981,265650,93825434198544,4375639744,7,2732,1151,187
170563586947238,170563586971783,170563586983720,170563586986528,170563587234899,170563587235651,265650,93825434198544,4375639744,7,2732,1151,188
170563595192359,170563595214099,170563595226108,170563595229250,170563595242924,170563595243003,265650,93825434198544,4375639744,7,2732,1151,189
170563603558324,170563603575961,170563603585769,170563603588192,170563603598374,170563603598455,265650,93825434198544,4375639744,7,2732,1151,190
170563611995644,170563612018661,170563612031830,170563612034520,170563612045187,170563612045296,265650,93825434198544,4375639744,7,2732,1151,191
170563620190951,170563620213547,170563620225016,170563620227963,170563620242493,170563620242582,265650,93825434198544,4375639744,7,2732,1151,192
170563628517797,170563628536967,170563628548607,170563628551393,170563628563949,170563628564061,265650,93825434198544,4375639744,7,2732,1151,193
170563636900960,170563636921026,170563636933041,170563636935646,170563636945876,170563636945961,265650,93825434198544,4375639744,7,2732,1151,194
170563645169913,170563645188950,170563645200087,170563645202399,170563645211054,170563645211120,265650,93825434198544,4375639744,7,2732,1151,195
170563653519109,170563653538129,170563653548927,170563653551325,170563653560229,170563653560284,265650,93825434198544,4375639744,7,2732,1151,196
170563661898573,170563661919115,170563661930186,170563661932691,170563661942721,170563661942797,265650,93825434198544,4375639744,7,2732,1151,197
170563670189295,170563670207372,170563670218742,170563670221154,170563670232915,170563670233012,265650,93825434198544,4375639744,7,2732,1151,198
170563678722312,170563678742864,170563678754611,170563678757058,170563678767628,170563678767714,265650,93825434198544,4375639744,7,2732,1151,199
170563686854190,170563686878453,170563686891072,170563686894411,170563686910598,170563686910684,265650,93825434198544,4375639744,7,2732,1151,200
170563695194127,170563695214226,170563695225233,170563695227751,170563695236555,170563695236623,265650,93825434198544,4375639744,7,2732,1151,201
170563703541128,170563703561660,170563703573769,170563703576851,170563703588401,170563703588490,265650,93825434198544,4375639744,7,2732,1151,202
170563712101606,170563712126130,170563712137984,170563712141447,170563712159438,170563712159540,265650,93825434198544,4375639744,7,2732,1151,203
170563720200872,170563720219159,170563720228980,170563720231148,170563720242913,170563720242975,265650,93825434198544,4375639744,7,2732,1151,204
170563728507306,170563728520994,170563728530322,170563728532408,170563728642881,170563728643057,265650,93825434198544,4375639744,7,2732,1151,205
170563736918166,170563736940291,170563736952604,170563736955642,170563736966074,170563736966179,265650,93825434198544,4375639744,7,2732,1151,206
170563745176270,170563745194644,170563745207008,170563745208972,170563745294036,170563745294149,265650,93825434198544,4375639744,7,2732,1151,207
170563753626055,170563753646285,170563753657830,170563753660315,170563753672739,170563753672833,265650,93825434198544,4375639744,7,2732,1151,208
170563761854699,170563761868534,170563761877997,170563761879805,170563762040327,170563762040507,265650,93825434198544,4375639744,7,2732,1151,209
170563770240057,170563770256264,170563770265731,170563770268396,170563770276039,170563770276121,265650,93825434198544,4375639744,7,2732,1151,210
170563778552219,170563778571454,170563778583050,170563778585690,170563778595487,170563778595586,265650,93825434198544,4375639744,7,2732,1151,211
170563786845939,170563786864124,170563786875470,170563786877905,170563786885780,170563786885829,265650,93825434198544,4375639744,7,2732,1151,212
170563795213772,170563795236902,170563795249070,170563795252912,170563795262922,170563795263009,265650,93825434198544,4375639744,7,2732,1151,213
170563803573014,170563803592470,170563803603353,170563803605383,170563803612836,170563803612891,265650,93825434198544,4375639744,7,2732,1151,214
170563811900081,170563811917699,170563811928359,170563811930521,170563811938165,170563811938221,265650,93825434198544,4375639744,7,2732,1151,215
170563820181977,170563820200962,170563820212254,170563820214597,170563820220090,170563820220193,265650,93825434198544,4375639744,7,2732,1151,216
170563828565907,170563828586716,170563828598154,170563828600193,170563828605257,170563828605347,265650,93825434198544,4375639744,7,2732,1151,217
170563836860046,170563836878954,170563836889714,170563836891536,170563836900439,170563836900525,265650,93825434198544,4375639744,7,2732,1151,218
170563845172381,170563845189666,170563845200711,170563845202782,170563845207007,170563845207075,265650,93825434198544,4375639744,7,2732,1151,219
170563853537447,170563853555948,170563853566980,170563853569183,170563853577822,170563853577910,265650,93825434198544,4375639744,7,2732,1151,220
170563861866522,170563861884411,170563861895512,170563861897795,170563861908016,170563861908068,265650,93825434198544,4375639744,7,2732,1151,221
170563870194053,170563870212611,170563870224240,170563870226576,170563870235526,170563870235609,265650,93825434198544,4375639744,7,2732,1151,222
170563878524219,170563878547307,170563878559428,170563878562510,170563878569924,170563878570004,265650,93825434198544,4375639744,7,2732,1151,223
170563886897789,170563886914806,170563886926306,170563886928351,170563886933630,170563886933710,265650,93825434198544,4375639744,7,2732,1151,224
170563895176280,170563895193028,170563895203134,170563895204806,170563895208784,170563895208832,265650,93825434198544,4375639744,7,2732,1151,225
170563903503313,170563903520019,170563903530593,170563903532500,170563903537513,170563903537566,265650,93825434198544,4375639744,7,2732,1151,226
170563911898250,170563911916144,170563911926925,170563911928658,170563911936060,170563911936143,265650,93825434198544,4375639744,7,2732,1151,227
170563920183055,170563920199896,170563920210871,170563920212845,170563920217496,170563920217571,265650,93825434198544,4375639744,7,2732,1151,228
170563928569990,170563928587296,170563928598312,170563928600172,170563928616975,170563928617049,265650,93825434198544,4375639744,7,2732,1151,229
170563936889058,170563936907051,170563936918247,170563936920130,170563936926215,170563936926257,265650,93825434198544,4375639744,7,2732,1151,230
170563945184296,170563945200407,170563945211615,170563945213462,170563945219368,170563945219425,265650,93825434198544,4375639744,7,2732,1151,231
170563953563026,170563953579725,170563953590924,170563953592823,170563953599271,170563953599327,265650,93825434198544,4375639744,7,2732,1151,232
170563961919848,170563961937344,170563961948591,170563961950437,170563961959741,170563961959794,265650,93825434198544,4375639744,7,2732,1151,233
170563970177503,170563970191142,170563970201669,170563970203547,170563970209911,170563970209979,265650,93825434198544,4375639744,7,2732,1151,234
170563978595642,170563978612252,170563978622207,170563978623878,170563978629214,170563978629267,265650,93825434198544,4375639744,7,2732,1151,235
170563986908541,170563986929587,170563986941192,170563986943559,170563986950807,170563986950856,265650,93825434198544,4375639744,7,2732,1151,236
170563995197912,170563995218258,170563995229399,170563995231858,170563995239594,170563995239642,265650,93825434198544,4375639744,7,2732,1151,237
170564003532929,170564003549608,170564003561062,170564003562984,170564003570488,170564003570544,265650,93825434198544,4375639744,7,2732,1151,238
170564011908836,170564011925251,170564011935696,170564011937673,170564011942958,170564011943028,265650,93825434198544,4375639744,7,2732,1151,239
170564020182754,170564020201491,170564020212475,170564020214326,170564020218659,170564020218722,265650,93825434198544,4375639744,7,2732,1151,240
170564028527680,170564028545030,170564028556507,170564028558570,170564028564936,170564028564996,265650,93825434198544,4375639744,7,2732,1151,241
170564036861980,170564036880810,170564036891171,170564036893183,170564036903033,170564036903115,265650,93825434198544,4375639744,7,2732,1151,242
170564045190763,170564045207866,170564045219211,170564045221410,170564045229271,170564045229367,265650,93825434198544,4375639744,7,2732,1151,243
170564053593627,170564053618653,170564053630776,170564053633726,170564053641693,170564053641754,265650,93825434198544,4375639744,7,2732,1151,244
170564061881408,170564061899615,170564061910173,170564061912080,170564061919048,170564061919100,265650,93825434198544,4375639744,7,2732,1151,245
170564070189114,170564070203500,170564070213834,170564070215579,170564070221546,170564070221594,265650,93825434198544,4375639744,7,2732,1151,246
170564078526847,170564078544321,170564078555227,170564078557224,170564078564045,170564078564124,265650,93825434198544,4375639744,7,2732,1151,247
170564086882190,170564086906023,170564086918641,170564086921674,170564086930791,170564086930898,265650,93825434198544,4375639744,7,2732,1151,248
170564095189673,170564095206672,170564095217184,170564095219478,170564095225397,170564095225466,265650,93825434198544,4375639744,7,2732,1151,249
170564103532140,170564103549986,170564103560851,170564103562669,170564103568950,170564103569039,265650,93825434198544,4375639744,7,2732,1151,250
170564111873416,170564111894549,170564111905268,170564111907412,170564111913325,170564111913370,265650,93825434198544,4375639744,7,2732,1151,251
170564120194673,170564120213181,170564120224365,170564120226453,170564120232077,170564120232128,265650,93825434198544,4375639744,7,2732,1151,252
170564128596397,170564128614530,170564128625204,170564128627202,170564128635625,170564128635679,265650,93825434198544,4375639744,7,2732,1151,253
170564136912108,170564136932064,170564136943279,170564136945869,170564136954918,170564136955016,265650,93825434198544,4375639744,7,2732,1151,254
170564145201787,170564145217189,170564145228470,170564145230441,170564145236429,170564145236495,265650,93825434198544,4375639744,7,2732,1151,255
170564153556261,170564153577133,170564153589169,170564153591773,170564153599523,170564153599604,265650,93825434198544,4375639744,7,2732,1151,256
170564161913705,170564161929894,170564161940514,170564161942583,170564161949870,170564161949921,265650,93825434198544,4375639744,7,2732,1151,257
170564170217594,170564170237467,170564170249167,170564170252035,170564170257743,170564170257790,265650,93825434198544,4375639744,7,2732,1151,258
170564178527468,170564178544128,170564178554597,170564178556675,170564178562036,170564178562093,265650,93825434198544,4375639744,7,2732,1151,259
170564186873295,170564186894315,170564186905543,170564186908292,170564186914974,170564186915017,265650,93825434198544,4375639744,7,2732,1151,260
170564195197411,170564195214728,170564195226050,170564195228331,170564195234004,170564195234070,265650,93825434198544,4375639744,7,2732,1151,261
170564203563501,170564203585474,170564203598610,170564203601537,170564203609760,170564203609823,265650,93825434198544,4375639744,7,2732,1151,262
170564211898267,170564211918574,170564211930322,170564211932937,170564211940911,170564211941021,265650,93825434198544,4375639744,7,2732,1151,263
170564220203980,170564220221548,170564220232929,170564220235352,170564220242659,170564220242718,265650,93825434198544,4375639744,7,2732,1151,264
170564228533734,170564228550577,170564228561832,170564228563742,170564228572354,170564228572414,265650,93825434198544,4375639744,7,2732,1151,265
170564236975352,170564236989136,170564236998097,170564236999630,170564237010392,170564237010453,265650,93825434198544,4375639744,7,2732,1151,266
170564245212383,170564245222636,170564245231427,170564245232599,170564245239074,170564245239136,265650,93825434198544,4375639744,7,2732,1151,267
170564253563567,170564253585210,170564253596111,170564253598168,170564253606510,170564253606582,265650,93825434198544,4375639744,7,2732,1151,268
170564261915432,170564261932741,170564261943769,170564261945707,170564261954222,170564261954279,265650,93825434198544,4375639744,7,2732,1151,269
170564270202074,170564270219383,170564270230317,170564270232547,170564270239616,170564270239688,265650,93825434198544,4375639744,7,2732,1151,270
170564278657020,170564278670266,170564278680244,170564278681327,170564278686514,170564278686576,265650,93825434198544,4375639744,7,2732,1151,271
170564286951224,170564286962971,170564286971773,170564286973311,170564286979624,170564286979684,265650,93825434198544,4375639744,7,2732,1151,272
170564295347710,170564295366053,170564295378127,170564295380302,170564295391209,170564295391300,265650,93825434198544,4375639744,7,2732,1151,273
170564303657067,170564303675675,170564303686788,170564303689285,170564303698499,170564303698579,265650,93825434198544,4375639744,7,2732,1151,274
170564311897031,170564311915223,170564311926103,170564311927886,170564311937345,170564311937421,265650,93825434198544,4375639744,7,2732,1151,275
170564320219286,170564320237872,170564320248854,170564320250840,170564320255998,170564320256067,265650,93825434198544,4375639744,7,2732,1151,276
170564328591145,170564328606266,170564328617137,170564328619190,170564328624302,170564328624355,265650,93825434198544,4375639744,7,2732,1151,277
170564336909506,170564336933568,170564336946108,170564336948905,170564336958101,170564336958164,265650,93825434198544,4375639744,7,2732,1151,278
170564345206504,170564345222556,170564345233549,170564345235756,170564345241910,170564345241982,265650,93825434198544,4375639744,7,2732,1151,279
170564353579082,170564353596343,170564353606984,170564353609003,170564353619788,170564353619841,265650,93825434198544,4375639744,7,2732,1151,280
170564361913430,170564361930308,170564361941246,170564361943124,170564361948754,170564361948802,265650,93825434198544,4375639744,7,2732,1151,281
170564370221202,170564370237176,170564370248410,170564370250589,170564370258603,170564370258671,265650,93825434198544,4375639744,7,2732,1151,282
170564378544400,170564378562517,170564378573202,170564378575224,170564378582820,170564378582888,265650,93825434198544,4375639744,7,2732,1151,283
170564386900224,170564386919593,170564386931004,170564386933654,170564386947469,170564386947531,265650,93825434198544,4375639744,7,2732,1151,284
170564395247202,170564395267676,170564395279120,170564395282361,170564395292730,170564395292829,265650,93825434198544,4375639744,7,2732,1151,285
170564403676173,170564403697238,170564403708986,170564403711680,170564403725759,170564403725850,265650,93825434198544,4375639744,7,2732,1151,286
170564412030621,170564412050724,170564412062286,170564412065009,170564412076774,170564412076861,265650,93825434198544,4375639744,7,2732,1151,287
170564420309438,170564420329817,170564420341536,170564420343982,170564420357448,170564420357544,265650,93825434198544,4375639744,7,2732,1151,288
170564428609928,170564428630611,170564428642485,170564428644990,170564428656541,170564428656616,265650,93825434198544,4375639744,7,2732,1151,289
170564436942296,170564436960894,170564436972000,170564436974302,170564436984409,170564436984493,265650,93825434198544,4375639744,7,2732,1151,290
170564445246761,170564445266886,170564445278488,170564445280923,170564445291430,170564445291523,265650,93825434198544,4375639744,7,2732,1151,291
170564453615699,170564453635912,170564453647569,170564453649895,170564453659331,170564453659421,265650,93825434198544,4375639744,7,2732,1151,292
170564461990134,170564462011879,170564462023312,170564462025595,170564462037621,170564462037714,265650,93825434198544,4375639744,7,2732,1151,293
170564470226780,170564470244307,170564470255517,170564470257985,170564470263170,170564470263269,265650,93825434198544,4375639744,7,2732,1151,294
170564478594447,170564478611095,170564478624238,170564478626403,170564478633838,170564478633911,265650,93825434198544,4375639744,7,2732,1151,295
170564486941613,170564486960207,170564486971069,170564486973611,170564486981408,170564486981477,265650,93825434198544,4375639744,7,2732,1151,296
170564495237449,170564495257534,170564495268682,170564495270997,170564495276009,170564495276193,265650,93825434198544,4375639744,7,2732,1151,297
170564503602284,170564503627261,170564503639086,170564503642440,170564503656346,170564503656407,265650,93825434198544,4375639744,7,2732,1151,298
170564511931821,170564511951723,170564511962770,170564511965348,170564511974625,170564511974680,265650,93825434198544,4375639744,7,2732,1151,299
170564520282617,170564520301481,170564520313063,170564520315815,170564520333126,170564520333223,265650,93825434198544,4375639744,7,2732,1151,300
170564528699216,170564528717942,170564528730234,170564528732578,170564528746129,170564528746201,265650,93825434198544,4375639744,7,2732,1151,301
170564537043437,170564537055318,170564537064051,170564537065575,170564537071924,170564537071986,265650,93825434198544,4375639744,7,2732,1151,302
170564545304637,170564545320914,170564545332824,170564545334729,170564545342583,170564545342678,265650,93825434198544,4375639744,7,2732,1151,303
170564553663630,170564553684600,170564553696093,170564553698592,170564553705507,170564553705580,265650,93825434198544,4375639744,7,2732,1151,304
170564561943245,170564561961967,170564561972692,170564561974626,170564561981289,170564561981340,265650,93825434198544,4375639744,7,2732,1151,305
170564570247176,170564570265504,170564570276330,170564570278922,170564570287788,170564570287851,265650,93825434198544,4375639744,7,2732,1151,306
170564578619939,170564578638297,170564578649846,170564578652075,170564578661192,170564578661295,265650,93825434198544,4375639744,7,2732,1151,307
170564586900051,170564586916782,170564586927255,170564586929192,170564586936216,170564586936312,265650,93825434198544,4375639744,7,2732,1151,308
170564595229455,170564595245991,170564595257321,170564595259265,170564595266373,170564595266445,265650,93825434198544,4375639744,7,2732,1151,309
170564603635744,170564603654620,170564603666464,170564603668126,170564603673273,170564603673359,265650,93825434198544,4375639744,7,2732,1151,310
170564612019667,170564612034546,170564612046359,170564612047946,170564612056355,170564612056436,265650,93825434198544,4375639744,7,2732,1151,311
170564620254136,170564620268075,170564620279258,170564620280552,170564620285638,170564620285719,265650,93825434198544,4375639744,7,2732,1151,312
170564628564230,170564628574503,170564628583238,170564628584133,170564628590649,170564628590715,265650,93825434198544,4375639744,7,2732,1151,313
170564636963768,170564636976390,170564636987355,170564636988584,170564636995605,170564636995688,265650,93825434198544,4375639744,7,2732,1151,314
170564645230324,170564645243798,170564645254885,170564645256088,170564645262649,170564645262735,265650,93825434198544,4375639744,7,2732,1151,315
170564653668009,170564653681371,170564653691928,170564653693236,170564653699490,170564653699572,265650,93825434198544,4375639744,7,2732,1151,316
170564662049807,170564662063383,170564662074091,170564662075024,170564662079920,170564662080000,265650,93825434198544,4375639744,7,2732,1151,317
170564670241241,170564670253984,170564670264742,170564670265999,170564670270931,170564670271014,265650,93825434198544,4375639744,7,2732,1151,318
170564678628174,170564678646665,170564678657983,170564678660419,170564678668846,170564678668928,265650,93825434198544,4375639744,7,2732,1151,319
170564686901879,170564686919191,170564686931179,170564686933314,170564686941223,170564686941289,265650,93825434198544,4375639744,7,2732,1151,320
170564695284208,170564695301903,170564695314096,170564695315810,170564695322370,170564695322573,265650,93825434198544,4375639744,7,2732,1151,321
170564703616121,170564703634289,170564703645187,170564703647158,170564703656310,170564703656387,265650,93825434198544,4375639744,7,2732,1151,322
170564711915986,170564711935868,170564711947177,170564711949198,170564711958363,170564711958446,265650,93825434198544,4375639744,7,2732,1151,323
170564720239565,170564720257548,170564720268232,170564720270636,170564720275118,170564720275191,265650,93825434198544,4375639744,7,2732,1151,324
170564728703861,170564728718861,170564728731113,170564728732746,170564728739201,170564728739304,265650,93825434198544,4375639744,7,2732,1151,325
170564736960180,170564736971221,170564736980039,170564736981373,170564736991040,170564736991105,265650,93825434198544,4375639744,7,2732,1151,326
170564745250855,170564745266008,170564745277386,170564745279165,170564745285318,170564745285402,265650,93825434198544,4375639744,7,2732,1151,327
170564753571105,170564753581962,170564753590189,170564753591817,170564753599637,170564753599703,265650,93825434198544,4375639744,7,2732,1151,328
170564762070648,170564762084536,170564762096036,170564762097330,170564762104996,170564762105087,265650,93825434198544,4375639744,7,2732,1151,329
170564770306835,170564770326416,170564770338045,170564770340616,170564770348036,170564770348105,265650,93825434198544,4375639744,7,2732,1151,330
170564778622931,170564778640349,170564778653957,170564778656232,170564778664365,170564778664442,265650,93825434198544,4375639744,7,2732,1151,331
170564786917702,170564786935495,170564786946606,170564786949051,170564786959604,170564786959759,265650,93825434198544,4375639744,7,2732,1151,332
170564795244557,170564795263331,170564795274762,170564795277097,170564795284760,170564795284836,265650,93825434198544,4375639744,7,2732,1151,333
170564803619741,170564803640121,170564803651601,170564803653971,170564803666206,170564803666284,265650,93825434198544,4375639744,7,2732,1151,334
170564811920512,170564811938785,170564811949676,170564811952271,170564811958429,170564811958499,265650,93825434198544,4375639744,7,2732,1151,335
170564820248174,170564820264788,170564820275456,170564820277532,170564820283555,170564820283636,265650,93825434198544,4375639744,7,2732,1151,336
170564828577623,170564828596123,170564828606704,170564828608746,170564828615236,170564828615326,265650,93825434198544,4375639744,7,2732,1151,337
170564836922677,170564836940140,170564836950800,170564836953130,170564836963946,170564836964058,265650,93825434198544,4375639744,7,2732,1151,338
170564845265914,170564845284130,170564845295058,170564845297614,170564845307720,170564845307809,265650,93825434198544,4375639744,7,2732,1151,339
170564853596048,170564853613045,170564853623896,170564853626529,170564853636946,170564853637001,265650,93825434198544,4375639744,7,2732,1151,340
170564861932475,170564861950809,170564861961741,170564861966079,170564861976097,170564861976188,265650,93825434198544,4375639744,7,2732,1151,341
170564870249217,170564870266227,170564870276842,170564870280402,170564870292263,170564870292349,265650,93825434198544,4375639744,7,2732,1151,342
170564878591845,170564878615703,170564878628005,170564878631376,170564878648835,170564878648944,265650,93825434198544,4375639744,7,2732,1151,343
170564886942447,170564886963041,170564886974093,170564886976274,170564886986573,170564886986672,265650,93825434198544,4375639744,7,2732,1151,344
170564895255833,170564895273519,170564895284237,170564895286240,170564895295051,170564895295144,265650,93825434198544,4375639744,7,2732,1151,345
170564903683513,170564903696795,170564903707212,170564903708758,170564903715698,170564903715761,265650,93825434198544,4375639744,7,2732,1151,346
170564911941450,170564911961179,170564911972388,170564911974619,170564911984092,170564911984168,265650,93825434198544,4375639744,7,2732,1151,347
170564920266705,170564920284119,170564920294940,170564920297292,170564920307713,170564920307771,265650,93825434198544,4375639744,7,2732,1151,348
170564928597879,170564928615882,170564928627092,170564928629271,170564928636822,170564928636878,265650,93825434198544,4375639744,7,2732,1151,349
170564936934372,170564936952549,170564936963146,170564936965756,170564936974931,170564936975000,265650,93825434198544,4375639744,7,2732,1151,350
170564945261026,170564945279451,170564945290416,170564945292894,170564945300318,170564945300384,265650,93825434198544,4375639744,7,2732,1151,351
170564953594707,170564953613147,170564953624206,170564953626615,170564953634983,170564953635038,265650,93825434198544,4375639744,7,2732,1151,352
170564961958351,170564961976353,170564961987232,170564961989342,170564961997160,170564961997218,265650,93825434198544,4375639744,7,2732,1151,353
170564970256011,170564970272815,170564970283720,170564970286042,170564970292168,170564970292260,265650,93825434198544,4375639744,7,2732,1151,354
170564978651518,170564978668417,170564978679532,170564978682063,170564978690513,170564978690592,265650,93825434198544,4375639744,7,2732,1151,355
170564986976697,170564986994983,170564987011196,170564987013854,170564987022418,170564987022491,265650,93825434198544,4375639744,7,2732,1151,356
170564995259409,170564995277452,170564995288294,170564995290643,170564995295727,170564995295800,265650,93825434198544,4375639744,7,2732,1151,357
170565003646314,170565003663935,170565003674871,170565003677079,170565003684105,170565003684166,265650,93825434198544,4375639744,7,2732,1151,358
170565011935164,170565011952222,170565011963177,170565011966304,170565011974991,170565011975094,265650,93825434198544,4375639744,7,2732,1151,359
170565020260284,170565020278784,170565020290019,170565020292526,170565020298959,170565020299056,265650,93825434198544,4375639744,7,2732,1151,360
170565028592295,170565028610515,170565028621334,170565028623985,170565028631231,170565028631302,265650,93825434198544,4375639744,7,2732,1151,361
170565036941605,170565036960717,170565036972178,170565036974715,170565036982100,170565036982176,265650,93825434198544,4375639744,7,2732,1151,362
170565045286334,170565045303943,170565045316144,170565045318246,170565045325402,170565045325492,265650,93825434198544,4375639744,7,2732,1151,363
170565053704315,170565053723919,170565053735345,170565053737968,170565053749864,170565053749965,265650,93825434198544,4375639744,7,2732,1151,364
170565061954374,170565061972463,170565061983627,170565061985899,170565061995829,170565061995881,265650,93825434198544,4375639744,7,2732,1151,365
170565070268478,170565070286575,170565070297384,170565070299793,170565070307880,170565070307942,265650,93825434198544,4375639744,7,2732,1151,366
170565078617266,170565078635932,170565078646444,170565078648800,170565078659837,170565078659890,265650,93825434198544,4375639744,7,2732,1151,367
170565086940355,170565086958249,170565086969171,170565086971597,170565086982311,170565086982370,265650,93825434198544,4375639744,7,2732,1151,368
170565095283079,170565095302076,170565095313233,170565095315699,170565095320486,170565095320573,265650,93825434198544,4375639744,7,2732,1151,369
170565103618838,170565103637524,170565103648739,170565103650870,170565103659417,170565103659488,265650,93825434198544,4375639744,7,2732,1151,370
170565111964792,170565111991462,170565112014569,170565112018556,170565112035019,170565112035116,265650,93825434198544,4375639744,7,2732,1151,371
170565120292345,170565120312289,170565120323349,170565120326327,170565120335481,170565120335561,265650,93825434198544,4375639744,7,2732,1151,372
170565128637556,170565128656014,170565128667426,170565128669574,170565128679516,170565128679588,265650,93825434198544,4375639744,7,2732,1151,373
170565137015922,170565137034432,170565137045862,170565137048180,170565137060480,170565137060540,265650,93825434198544,4375639744,7,2732,1151,374
170565145307627,170565145331847,170565145344712,170565145347909,170565145359287,170565145359380,265650,93825434198544,4375639744,7,2732,1151,375
170565153666371,170565153685416,170565153696798,170565153699153,170565153711096,170565153711179,265650,93825434198544,4375639744,7,2732,1151,376
170565161954967,170565161972916,170565161983605,170565161985670,170565161995409,170565161995474,265650,93825434198544,4375639744,7,2732,1151,377
170565170274947,170565170292036,170565170303058,170565170305493,170565170315348,170565170315431,265650,93825434198544,4375639744,7,2732,1151,378
170565178603842,170565178621549,170565178632764,170565178635305,170565178644196,170565178644264,265650,93825434198544,4375639744,7,2732,1151,379
170565186938316,170565186956553,170565186968042,170565186970707,170565186980205,170565186980267,265650,93825434198544,4375639744,7,2732,1151,380
170565195288033,170565195307552,170565195318964,170565195321459,170565195327700,170565195327861,265650,93825434198544,4375639744,7,2732,1151,381
170565203681546,170565203700022,170565203711061,170565203713393,170565203724561,170565203724640,265650,93825434198544,4375639744,7,2732,1151,382
170565211944539,170565211961419,170565211972559,170565211974769,170565211984539,170565211984588,265650,93825434198544,4375639744,7,2732,1151,383
170565220267219,170565220284289,170565220295295,170565220297568,170565220301485,170565220301551,265650,93825434198544,4375639744,7,2732,1151,384
170565228607264,170565228626469,170565228637317,170565228639546,170565228644592,170565228644649,265650,93825434198544,4375639744,7,2732,1151,385
170565236941086,170565236959027,170565236970190,170565236972764,170565236979806,170565236979861,265650,93825434198544,4375639744,7,2732,1151,386
170565245273435,170565245291531,170565245302265,170565245304531,170565245308747,170565245308822,265650,93825434198544,4375639744,7,2732,1151,387
170565253641452,170565253664412,170565253676551,170565253678921,170565253688687,170565253688789,265650,93825434198544,4375639744,7,2732,1151,388
170565261962487,170565261985685,170565261997429,170565262009255,170565262020702,170565262020782,265650,93825434198544,4375639744,7,2732,1151,389
170565270270662,170565270288969,170565270299978,170565270302181,170565270309272,170565270309334,265650,93825434198544,4375639744,7,2732,1151,390
170565278599292,170565278616816,170565278627758,170565278629814,170565278635918,170565278635977,265650,93825434198544,4375639744,7,2732,1151,391
170565286959984,170565286980841,170565286991236,170565286993159,170565287003673,170565287003747,265650,93825434198544,4375639744,7,2732,1151,392
170565295295389,170565295317400,170565295328949,170565295331589,170565295341612,170565295341675,265650,93825434198544,4375639744,7,2732,1151,393
170565303651243,170565303670790,170565303681585,170565303684624,170565303691846,170565303691894,265650,93825434198544,4375639744,7,2732,1151,394
170565311959115,170565311978831,170565311990920,170565311993696,170565312006203,170565312006279,265650,93825434198544,4375639744,7,2732,1151,395
170565320269003,170565320286163,170565320297504,170565320299913,170565320306066,170565320306157,265650,93825434198544,4375639744,7,2732,1151,396
170565328620402,170565328640787,170565328652065,170565328654231,170565328661328,170565328661391,265650,93825434198544,4375639744,7,2732,1151,397
170565336941224,170565336958871,170565336970094,170565336972830,170565336979190,170565336979274,265650,93825434198544,4375639744,7,2732,1151,398
170565345265472,170565345281997,170565345293061,170565345294997,170565345302368,170565345302438,265650,93825434198544,4375639744,7,2732,1151,399
170565353659708,170565353677292,170565353688544,170565353690394,170565353696318,170565353696390,265650,93825434198544,4375639744,7,2732,1151,400
170565361992439,170565362022014,170565362033842,170565362035998,170565362043799,170565362043860,265650,93825434198544,4375639744,7,2732,1151,401
170565370285021,170565370301573,170565370312331,170565370314409,170565370320958,170565370321050,265650,93825434198544,4375639744,7,2732,1151,402
170565378612883,170565378630091,170565378641602,170565378644456,170565378651776,170565378651840,265650,93825434198544,4375639744,7,2732,1151,403
170565386989956,170565387012850,170565387023694,170565387026369,170565387037627,170565387037675,265650,93825434198544,4375639744,7,2732,1151,404
170565395277618,170565395293550,170565395304680,170565395306737,170565395313163,170565395313242,265650,93825434198544,4375639744,7,2732,1151,405
170565403654122,170565403671086,170565403681442,170565403683243,170565403690709,170565403690782,265650,93825434198544,4375639744,7,2732,1151,406
170565411951109,170565411968456,170565411979032,170565411980780,170565411987588,170565411987643,265650,93825434198544,4375639744,7,2732,1151,407
170565420294762,170565420311153,170565420321982,170565420323941,170565420331199,170565420331248,265650,93825434198544,4375639744,7,2732,1151,408
170565428613592,170565428636314,170565428648126,170565428650464,170565428658406,170565428658466,265650,93825434198544,4375639744,7,2732,1151,409
170565436970332,170565436988351,170565436999724,170565437004781,170565437012985,170565437013105,265650,93825434198544,4375639744,7,2732,1151,410
170565445287807,170565445304101,170565445315260,170565445317489,170565445324155,170565445324247,265650,93825434198544,4375639744,7,2732,1151,411
170565453653249,170565453670811,170565453682039,170565453683977,170565453689351,170565453689398,265650,93825434198544,4375639744,7,2732,1151,412
170565461946086,170565461962960,170565461974081,170565461976074,170565461985976,170565461986035,265650,93825434198544,4375639744,7,2732,1151,413
170565470279670,170565470297807,170565470308518,170565470310770,170565470318008,170565470318064,265650,93825434198544,4375639744,7,2732,1151,414
170565478662161,170565478678907,170565478689965,170565478692324,170565478697890,170565478697938,265650,93825434198544,4375639744,7,2732,1151,415
170565486988803,170565487008202,170565487018842,170565487020990,170565487034627,170565487034679,265650,93825434198544,4375639744,7,2732,1151,416
170565495274959,170565495291913,170565495302148,170565495304484,170565495312192,170565495312247,265650,93825434198544,4375639744,7,2732,1151,417
170565503646607,170565503661773,170565503672579,170565503674647,170565503683100,170565503683156,265650,93825434198544,4375639744,7,2732,1151,418
170565511981723,170565512011237,170565512023808,170565512026968,170565512038390,170565512038501,265650,93825434198544,4375639744,7,2732,1151,419
170565520280427,170565520295963,170565520307078,170565520308954,170565520313203,170565520313281,265650,93825434198544,4375639744,7,2732,1151,420
170565528609167,170565528624584,170565528635778,170565528637621,170565528644366,170565528644431,265650,93825434198544,4375639744,7,2732,1151,421
170565536951273,170565536968673,170565536979631,170565536981790,170565536993829,170565536993911,265650,93825434198544,4375639744,7,2732,1151,422
170565545356732,170565545381194,170565545391238,170565545393413,170565545400653,170565545400717,265650,93825434198544,4375639744,7,2732,1151,423
170565553827316,170565553850298,170565553861940,170565553865303,170565553878563,170565553878669,265650,93825434198544,4375639744,7,2732,1151,424
170565562018102,170565562035733,170565562046044,170565562048529,170565562056735,170565562056812,265650,93825434198544,4375639744,7,2732,1151,425
170565570316756,170565570338223,170565570350057,170565570353214,170565570364627,170565570364721,265650,93825434198544,4375639744,7,2732,1151,426
170565578689890,170565578702559,170565578711489,170565578713453,170565578719909,170565578719971,265650,93825434198544,4375639744,7,2732,1151,427
170565587016218,170565587027504,170565587036414,170565587037975,170565587044258,170565587044331,265650,93825434198544,4375639744,7,2732,1151,428
170565595293416,170565595304804,170565595313663,170565595315051,170565595320896,170565595320969,265650,93825434198544,4375639744,7,2732,1151,429
170565603783099,170565603802026,170565603814936,170565603817243,170565603828623,170565603828712,265650,93825434198544,4375639744,7,2732,1151,430
170565611983781,170565612006796,170565612018140,170565612020820,170565612031895,170565612031999,265650,93825434198544,4375639744,7,2732,1151,431
170565620403602,170565620417267,170565620427141,170565620428763,170565620434281,170565620434355,265650,93825434198544,4375639744,7,2732,1151,432
170565628661107,170565628682209,170565628694674,170565628697590,170565628711929,170565628712025,265650,93825434198544,4375639744,7,2732,1151,433
170565636991407,170565637022423,170565637033812,170565637036406,170565637049695,170565637049770,265650,93825434198544,4375639744,7,2732,1151,434
170565645326779,170565645346396,170565645357736,170565645360632,170565645367433,170565645367515,265650,93825434198544,4375639744,7,2732,1151,435
170565653677622,170565653697546,170565653708348,170565653710845,170565653719909,170565653719970,265650,93825434198544,4375639744,7,2732,1151,436
170565661987940,170565662012071,170565662023122,170565662025851,170565662038113,170565662038166,265650,93825434198544,4375639744,7,2732,1151,437
170565670324814,170565670346982,170565670358494,170565670360919,170565670373777,170565670373864,265650,93825434198544,4375639744,7,2732,1151,438
170565678676514,170565678696049,170565678707809,170565678710524,170565678722082,170565678722178,265650,93825434198544,4375639744,7,2732,1151,439
170565687015430,170565687039453,170565687051060,170565687053332,170565687059534,170565687059607,265650,93825434198544,4375639744,7,2732,1151,440
170565695300661,170565695317659,170565695329084,170565695331153,170565695338863,170565695338957,265650,93825434198544,4375639744,7,2732,1151,441
170565703656431,170565703674781,170565703685543,170565703687685,170565703695192,170565703695282,265650,93825434198544,4375639744,7,2732,1151,442
170565711998542,170565712023134,170565712033615,170565712035755,170565712043134,170565712043214,265650,93825434198544,4375639744,7,2732,1151,443
170565720290416,170565720305812,170565720316572,170565720318336,170565720326131,170565720326196,265650,93825434198544,4375639744,7,2732,1151,444
170565728690898,170565728703532,170565728712845,170565728714048,170565728718293,170565728718372,265650,93825434198544,4375639744,7,2732,1151,445
170565737077808,170565737093444,170565737105057,170565737106554,170565737114796,170565737114873,265650,93825434198544,4375639744,7,2732,1151,446
170565745294452,170565745307402,170565745318645,170565745319847,170565745324788,170565745324871,265650,93825434198544,4375639744,7,2732,1151,447
170565753746784,170565753759741,170565753770921,170565753771948,170565753775576,170565753775667,265650,93825434198544,4375639744,7,2732,1151,448
170565762110984,170565762123581,170565762134686,170565762136082,170565762142251,170565762142322,265650,93825434198544,4375639744,7,2732,1151,449
170565770293259,170565770306228,170565770317333,170565770318514,170565770323789,170565770323878,265650,93825434198544,4375639744,7,2732,1151,450
170565778704066,170565778725972,170565778737751,170565778740272,170565778746860,170565778746949,265650,93825434198544,4375639744,7,2732,1151,451
170565787019207,170565787036203,170565787047089,170565787049196,170565787056939,170565787057036,265650,93825434198544,4375639744,7,2732,1151,452
170565795312046,170565795331021,170565795342211,170565795344939,170565795354666,170565795354773,265650,93825434198544,4375639744,7,2732,1151,453
170565803710194,170565803728089,170565803739127,170565803741698,170565803751976,170565803752061,265650,93825434198544,4375639744,7,2732,1151,454
170565811970842,170565811986279,170565811997093,170565811998837,170565812008798,170565812008893,265650,93825434198544,4375639744,7,2732,1151,455
170565820298527,170565820314584,170565820325189,170565820326996,170565820335817,170565820335879,265650,93825434198544,4375639744,7,2732,1151,456
170565828647474,170565828663591,170565828674711,170565828676528,170565828682655,170565828682710,265650,93825434198544,4375639744,7,2732,1151,457
170565837016669,170565837033006,170565837043870,170565837045611,170565837054797,170565837054849,265650,93825434198544,4375639744,7,2732,1151,458
170565845321900,170565845340821,170565845351949,170565845354477,170565845363499,170565845363618,265650,93825434198544,4375639744,7,2732,1151,459
170565853700203,170565853719808,170565853730996,170565853733549,170565853743474,170565853743568,265650,93825434198544,4375639744,7,2732,1151,460
170565862036626,170565862055525,170565862066096,170565862068533,170565862080078,170565862080142,265650,93825434198544,4375639744,7,2732,1151,461
170565870343770,170565870367349,170565870378890,170565870381805,170565870393364,170565870393428,265650,93825434198544,4375639744,7,2732,1151,462
170565878654863,170565878672167,170565878682834,170565878684833,170565878692923,170565878692989,265650,93825434198544,4375639744,7,2732,1151,463
170565886988656,170565887010554,170565887022130,170565887024310,170565887033608,170565887033679,265650,93825434198544,4375639744,7,2732,1151,464
170565895314044,170565895333432,170565895344938,170565895347277,170565895355861,170565895355925,265650,93825434198544,4375639744,7,2732,1151,465
170565903643171,170565903662142,170565903674308,170565903676286,170565903685179,170565903685248,265650,93825434198544,4375639744,7,2732,1151,466
170565912007218,170565912030413,170565912041645,170565912043803,170565912052747,170565912052814,265650,93825434198544,4375639744,7,2732,1151,467
170565920316736,170565920337121,170565920348852,170565920352679,170565920367554,170565920367651,265650,93825434198544,4375639744,7,2732,1151,468
170565928726201,170565928744776,170565928756942,170565928758540,170565928762862,170565928762960,265650,93825434198544,4375639744,7,2732,1151,469
170565937052153,170565937062219,170565937070346,170565937071462,170565937076840,170565937076901,265650,93825434198544,4375639744,7,2732,1151,470
170565945404964,170565945417523,170565945428499,170565945429595,170565945435609,170565945435703,265650,93825434198544,4375639744,7,2732,1151,471
170565953772619,170565953785355,170565953796185,170565953796996,170565953801441,170565953801518,265650,93825434198544,4375639744,7,2732,1151,472
170565962040390,170565962053197,170565962064074,170565962064902,170565962069241,170565962069310,265650,93825434198544,4375639744,7,2732,1151,473
170565970332672,170565970343726,170565970352149,170565970353216,170565970359960,170565970360030,265650,93825434198544,4375639744,7,2732,1151,474
170565978796650,170565978809509,170565978820278,170565978821433,170565978827591,170565978827668,265650,93825434198544,4375639744,7,2732,1151,475
170565987138414,170565987154570,170565987165322,170565987166232,170565987171053,170565987171125,265650,93825434198544,4375639744,7,2732,1151,476
170565995368527,170565995381187,170565995391786,170565995392549,170565995398768,170565995398949,265650,93825434198544,4375639744,7,2732,1151,477
170566003751554,170566003790266,170566003800956,170566003801692,170566003806350,170566003806414,265650,93825434198544,4375639744,7,2732,1151,478
170566012086452,170566012099694,170566012110519,170566012111454,170566012116927,170566012116995,265650,93825434198544,4375639744,7,2732,1151,479
170566020409304,170566020422064,170566020432790,170566020434036,170566020439825,170566020439898,265650,93825434198544,4375639744,7,2732,1151,480
170566028762720,170566028775371,170566028786035,170566028786904,170566028791989,170566028792064,265650,93825434198544,4375639744,7,2732,1151,481
170566037032859,170566037042374,170566037050170,170566037050866,170566037055413,170566037055466,265650,93825434198544,4375639744,7,2732,1151,482
170566045313038,170566045323417,170566045331749,170566045332891,170566045337410,170566045337469,265650,93825434198544,4375639744,7,2732,1151,483
170566053684397,170566053694955,170566053704013,170566053704767,170566053709466,170566053709528,265650,93825434198544,4375639744,7,2732,1151,484
170566062088950,170566062101690,170566062112791,170566062113699,170566062118192,170566062118245,265650,93825434198544,4375639744,7,2732,1151,485
170566070308053,170566070318459,170566070326541,170566070327300,170566070331061,170566070331111,265650,93825434198544,4375639744,7,2732,1151,486
170566078737805,170566078758871,170566078770427,170566078773275,170566078780750,170566078780838,265650,93825434198544,4375639744,7,2732,1151,487
170566087056368,170566087074371,170566087085144,170566087087103,170566087095325,170566087095415,265650,93825434198544,4375639744,7,2732,1151,488
170566095323680,170566095339258,170566095350482,170566095353373,170566095360457,170566095360512,265650,93825434198544,4375639744,7,2732,1151,489
170566103696221,170566103712943,170566103723862,170566103726188,170566103733442,170566103733502,265650,93825434198544,4375639744,7,2732,1151,490
170566112004037,170566112020657,170566112031127,170566112033301,170566112041480,170566112041588,265650,93825434198544,4375639744,7,2732,1151,491
170566120329985,170566120346910,170566120357804,170566120359909,170566120365575,170566120365641,265650,93825434198544,4375639744,7,2732,1151,492
170566128686565,170566128705690,170566128717497,170566128720678,170566128730426,170566128730501,265650,93825434198544,4375639744,7,2732,1151,493
170566137012324,170566137028685,170566137039072,170566137041413,170566137048161,170566137048212,265650,93825434198544,4375639744,7,2732,1151,494
170566145346449,170566145369566,170566145381101,170566145383876,170566145391580,170566145391631,265650,93825434198544,4375639744,7,2732,1151,495
170566153705435,170566153721891,170566153732390,170566153734364,170566153742002,170566153742076,265650,93825434198544,4375639744,7,2732,1151,496
170566162023943,170566162044283,170566162054609,170566162056797,170566162064961,170566162065035,265650,93825434198544,4375639744,7,2732,1151,497
170566170328266,170566170345798,170566170356601,170566170358645,170566170366451,170566170366521,265650,93825434198544,4375639744,7,2732,1151,498
170566178703510,170566178727367,170566178738582,170566178741480,170566178752686,170566178752772,265650,93825434198544,4375639744,7,2732,1151,499
170566187069710,170566187087011,170566187098300,170566187100688,170566187107033,170566187107100,265650,93825434198544,4375639744,7,2732,1151,500
170566195348475,170566195370736,170566195382235,170566195385123,170566195391564,170566195391622,265650,93825434198544,4375639744,7,2732,1151,501
170566203736858,170566203758705,170566203770854,170566203773773,170566203782647,170566203782717,265650,93825434198544,4375639744,7,2732,1151,502
170566212024178,170566212043179,170566212053750,170566212055927,170566212064998,170566212065073,265650,93825434198544,4375639744,7,2732,1151,503
170566220356562,170566220378614,170566220390211,170566220393671,170566220401458,170566220401516,265650,93825434198544,4375639744,7,2732,1151,504
170566228686563,170566228708756,170566228720331,170566228723667,170566228735674,170566228735736,265650,93825434198544,4375639744,7,2732,1151,505
170566237180882,170566237197232,170566237209050,170566237210779,170566237216255,170566237216348,265650,93825434198544,4375639744,7,2732,1151,506
170566245497852,170566245518921,170566245530487,170566245532360,170566245543412,170566245543505,265650,93825434198544,4375639744,7,2732,1151,507
170566253808477,170566253903676,170566253931314,170566253932296,170566253937987,170566253938062,265650,93825434198544,4375639744,7,2732,1151,508
170566262084846,170566262097840,170566262108803,170566262109993,170566262116087,170566262116179,265650,93825434198544,4375639744,7,2732,1151,509
170566270393407,170566270403542,170566270411814,170566270412709,170566270419820,170566270419894,265650,93825434198544,4375639744,7,2732,1151,510
170566278671231,170566278682395,170566278691378,170566278692847,170566278697739,170566278697812,265650,93825434198544,4375639744,7,2732,1151,511
170566287030266,170566287041510,170566287050659,170566287051966,170566287059806,170566287059881,265650,93825434198544,4375639744,7,2732,1151,512
170566295374149,170566295392064,170566295403943,170566295405768,170566295413213,170566295413314,265650,93825434198544,4375639744,7,2732,1151,513
170566303837023,170566303876125,170566303887345,170566303888719,170566303895026,170566303895132,265650,93825434198544,4375639744,7,2732,1151,514
170566312087737,170566312100402,170566312111207,170566312112190,170566312117279,170566312117359,265650,93825434198544,4375639744,7,2732,1151,515
170566320405173,170566320424464,170566320435576,170566320438171,170566320444697,170566320444804,265650,93825434198544,4375639744,7,2732,1151,516
170566328802383,170566328821956,170566328833724,170566328835635,170566328841988,170566328842072,265650,93825434198544,4375639744,7,2732,1151,517
170566337149230,170566337164761,170566337176857,170566337178779,170566337184346,170566337184435,265650,93825434198544,4375639744,7,2732,1151,518
170566345362910,170566345373104,170566345381411,170566345382294,170566345388494,170566345388558,265650,93825434198544,4375639744,7,2732,1151,519
170566353743119,170566353755592,170566353766301,170566353767166,170566353772376,170566353772462,265650,93825434198544,4375639744,7,2732,1151,520
170566362021019,170566362030409,170566362038010,170566362038674,170566362044183,170566362044243,265650,93825434198544,4375639744,7,2732,1151,521
170566370377009,170566370390029,170566370400800,170566370401956,170566370409205,170566370409291,265650,93825434198544,4375639744,7,2732,1151,522
170566378766970,170566378779631,170566378790460,170566378791421,170566378797142,170566378797222,265650,93825434198544,4375639744,7,2732,1151,523
170566387172193,170566387188036,170566387199212,170566387200862,170566387386852,170566387387003,265650,93825434198544,4375639744,7,2732,1151,524
170566395386281,170566395407024,170566395418049,170566395420576,170566395428785,170566395428871,265650,93825434198544,4375639744,7,2732,1151,525
170566403728081,170566403745802,170566403756647,170566403758870,170566403766397,170566403766478,265650,93825434198544,4375639744,7,2732,1151,526
170566412013739,170566412031348,170566412042125,170566412044417,170566412051450,170566412051530,265650,93825434198544,4375639744,7,2732,1151,527
170566420410788,170566420424011,170566420433167,170566420434942,170566420440564,170566420440623,265650,93825434198544,4375639744,7,2732,1151,528
170566428709851,170566428723208,170566428734368,170566428735395,170566428741047,170566428741134,265650,93825434198544,4375639744,7,2732,1151,529
170566437110810,170566437124886,170566437136082,170566437137453,170566437143749,170566437143832,265650,93825434198544,4375639744,7,2732,1151,530
170566445445417,170566445466044,170566445477066,170566445479978,170566445488220,170566445488331,265650,93825434198544,4375639744,7,2732,1151,531
170566453739469,170566453759605,170566453771083,170566453774159,170566453784985,170566453785077,265650,93825434198544,4375639744,7,2732,1151,532
170566462062074,170566462079961,170566462091067,170566462093293,170566462102403,170566462102461,265650,93825434198544,4375639744,7,2732,1151,533
170566470383802,170566470406850,170566470419344,170566470422497,170566470431860,170566470431923,265650,93825434198544,4375639744,7,2732,1151,534
170566478687056,170566478704855,170566478715651,170566478717787,170566478725506,170566478725559,265650,93825434198544,4375639744,7,2732,1151,535
170566487104986,170566487126027,170566487137107,170566487139850,170566487148714,170566487148792,265650,93825434198544,4375639744,7,2732,1151,536
170566495359980,170566495378042,170566495389597,170566495392201,170566495397426,170566495397510,265650,93825434198544,4375639744,7,2732,1151,537
170566503731994,170566503760644,170566503773479,170566503776731,170566503787765,170566503787848,265650,93825434198544,4375639744,7,2732,1151,538
170566512049555,170566512069104,170566512080745,170566512083402,170566512089895,170566512089994,265650,93825434198544,4375639744,7,2732,1151,539
170566520400374,170566520420509,170566520432193,170566520435438,170566520445718,170566520445780,265650,93825434198544,4375639744,7,2732,1151,540
170566528703808,170566528722973,170566528733372,170566528735647,170566528743638,170566528743712,265650,93825434198544,4375639744,7,2732,1151,541
170566537081440,170566537099113,170566537110177,170566537112944,170566537123894,170566537123941,265650,93825434198544,4375639744,7,2732,1151,542
170566545460955,170566545476891,170566545489269,170566545491440,170566545506616,170566545506720,265650,93825434198544,4375639744,7,2732,1151,543
170566553842205,170566553868204,170566553879749,170566553881141,170566553887943,170566553888051,265650,93825434198544,4375639744,7,2732,1151,544
170566562143327,170566562156374,170566562167625,170566562168648,170566562175438,170566562175533,265650,93825434198544,4375639744,7,2732,1151,545
170566570374727,170566570387044,170566570398347,170566570399337,170566570407866,170566570407962,265650,93825434198544,4375639744,7,2732,1151,546
170566578750421,170566578764429,170566578775678,170566578776954,170566578784033,170566578784150,265650,93825434198544,4375639744,7,2732,1151,547
170566587143816,170566587156791,170566587168069,170566587169143,170566587174285,170566587174357,265650,93825434198544,4375639744,7,2732,1151,548
170566595382480,170566595391777,170566595399687,170566595400344,170566595406315,170566595406373,265650,93825434198544,4375639744,7,2732,1151,549
170566603741974,170566603762610,170566603774055,170566603777303,170566603786709,170566603786778,265650,93825434198544,4375639744,7,2732,1151,550
170566612086482,170566612105260,170566612116137,170566612118689,170566612126050,170566612126137,265650,93825434198544,4375639744,7,2732,1151,551
170566620392194,170566620408976,170566620419964,170566620422153,170566620427013,170566620427089,265650,93825434198544,4375639744,7,2732,1151,552
170566628689937,170566628706901,170566628717869,170566628719934,170566628725396,170566628725451,265650,93825434198544,4375639744,7,2732,1151,553
170566637042788,170566637061172,170566637072195,170566637074463,170566637081309,170566637081383,265650,93825434198544,4375639744,7,2732,1151,554
170566645511498,170566645562435,170566645574105,170566645575904,170566645582623,170566645582701,265650,93825434198544,4375639744,7,2732,1151,555
170566653692591,170566653704877,170566653713625,170566653714976,170566653719144,170566653719221,265650,93825434198544,4375639744,7,2732,1151,556
170566662055145,170566662075548,170566662086440,170566662088851,170566662095118,170566662095217,265650,93825434198544,4375639744,7,2732,1151,557
170566670332886,170566670351141,170566670361966,170566670364364,170566670369606,170566670369690,265650,93825434198544,4375639744,7,2732,1151,558
170566678715967,170566678733035,170566678744001,170566678746417,170566678754078,170566678754160,265650,93825434198544,4375639744,7,2732,1151,559
170566687075529,170566687091762,170566687102493,170566687106603,170566687114949,170566687115038,265650,93825434198544,4375639744,7,2732,1151,560
170566695382174,170566695401726,170566695413046,170566695415528,170566695422715,170566695422779,265650,93825434198544,4375639744,7,2732,1151,561
170566703706813,170566703726059,170566703737005,170566703739210,170566703746004,170566703746080,265650,93825434198544,4375639744,7,2732,1151,562
170566712049154,170566712068264,170566712079548,170566712081891,170566712087529,170566712087616,265650,93825434198544,4375639744,7,2732,1151,563
170566720421581,170566720441449,170566720453410,170566720456323,170566720461298,170566720461425,265650,93825434198544,4375639744,7,2732,1151,564
170566728731488,170566728752506,170566728765916,170566728768863,170566728780677,170566728780763,265650,93825434198544,4375639744,7,2732,1151,565
170566737102154,170566737122340,170566737133707,170566737136279,170566737150045,170566737150120,265650,93825434198544,4375639744,7,2732,1151,566
170566745462249,170566745480413,170566745491812,170566745493870,170566745504646,170566745504731,265650,93825434198544,4375639744,7,2732,1151,567
170566753802221,170566753819929,170566753831381,170566753833645,170566753844750,170566753844830,265650,93825434198544,4375639744,7,2732,1151,568
170566762055010,170566762072503,170566762083350,170566762085775,170566762094177,170566762094241,265650,93825434198544,4375639744,7,2732,1151,569
170566770381804,170566770400057,170566770411016,170566770413793,170566770418631,170566770418703,265650,93825434198544,4375639744,7,2732,1151,570
170566778700981,170566778723193,170566778734587,170566778736875,170566778744843,170566778744939,265650,93825434198544,4375639744,7,2732,1151,571
170566787088334,170566787106706,170566787117924,170566787120327,170566787130370,170566787130446,265650,93825434198544,4375639744,7,2732,1151,572
170566795375215,170566795394274,170566795405534,170566795407826,170566795412871,170566795412921,265650,93825434198544,4375639744,7,2732,1151,573
170566803836544,170566803854584,170566803865127,170566803867420,170566803874743,170566803874940,265650,93825434198544,4375639744,7,2732,1151,574
170566812104173,170566812119123,170566812130761,170566812132328,170566812141010,170566812141116,265650,93825434198544,4375639744,7,2732,1151,575
170566820394963,170566820409166,170566820420530,170566820421954,170566820429853,170566820429944,265650,93825434198544,4375639744,7,2732,1151,576
170566828711949,170566828724265,170566828732807,170566828734044,170566828740781,170566828740847,265650,93825434198544,4375639744,7,2732,1151,577
170566837062865,170566837075604,170566837084279,170566837085626,170566837092267,170566837092356,265650,93825434198544,4375639744,7,2732,1151,578
170566845451980,170566845464537,170566845473603,170566845474967,170566845484674,170566845484740,265650,93825434198544,4375639744,7,2732,1151,579
170566853733017,170566853743421,170566853751728,170566853753460,170566853761245,170566853761307,265650,93825434198544,4375639744,7,2732,1151,580
170566862144937,170566862167760,170566862179169,170566862181972,170566862191902,170566862192007,265650,93825434198544,4375639744,7,2732,1151,581
170566870439449,170566870457648,170566870468596,170566870471107,170566870478655,170566870478760,265650,93825434198544,4375639744,7,2732,1151,582
170566878711097,170566878728675,170566878739451,170566878741490,170566878750040,170566878750119,265650,93825434198544,4375639744,7,2732,1151,583
170566887068045,170566887090526,170566887101845,170566887104501,170566887123475,170566887123566,265650,93825434198544,4375639744,7,2732,1151,584
170566895405261,170566895424864,170566895436044,170566895438501,170566895451071,170566895451126,265650,93825434198544,4375639744,7,2732,1151,585
170566903742067,170566903765165,170566903777145,170566903780405,170566903798274,170566903798338,265650,93825434198544,4375639744,7,2732,1151,586
170566912079784,170566912098630,170566912109517,170566912111762,170566912118528,170566912118611,265650,93825434198544,4375639744,7,2732,1151,587
170566920369064,170566920383112,170566920392159,170566920393574,170566920402103,170566920402167,265650,93825434198544,4375639744,7,2732,1151,588
170566928785960,170566928797524,170566928806382,170566928807624,170566928813404,170566928813464,265650,93825434198544,4375639744,7,2732,1151,589
170566937044209,170566937056474,170566937065158,170566937066303,170566937073738,170566937073799,265650,93825434198544,4375639744,7,2732,1151,590
170566945429608,170566945443346,170566945453589,170566945455063,170566945459652,170566945459722,265650,93825434198544,4375639744,7,2732,1151,591
170566953836742,170566953851396,170566953863221,170566953864440,170566953872216,170566953872307,265650,93825434198544,4375639744,7,2732,1151,592
170566962131416,170566962145875,170566962157325,170566962159212,170566962168224,170566962168309,265650,93825434198544,4375639744,7,2732,1151,593
170566970421483,170566970437629,170566970449474,170566970450950,170566970461270,170566970461356,265650,93825434198544,4375639744,7,2732,1151,594
170566978861528,170566978877534,170566978889205,170566978890390,170566978894479,170566978894567,265650,93825434198544,4375639744,7,2732,1151,595
170566987174264,170566987189662,170566987201299,170566987203208,170566987210389,170566987210471,265650,93825434198544,4375639744,7,2732,1151,596
170566995380096,170566995391833,170566995400715,170566995402254,170566995408784,170566995408849,265650,93825434198544,4375639744,7,2732,1151,597
170567003782437,170567003796752,170567003808566,170567003809949,170567003818374,170567003818452,265650,93825434198544,4375639744,7,2732,1151,598
170567012191403,170567012207502,170567012219643,170567012221264,170567012230013,170567012230096,265650,93825434198544,4375639744,7,2732,1151,599
170567020459591,170567020469577,170567020477459,170567020478332,170567020485825,170567020485997,265650,93825434198544,4375639744,7,2732,1151,600
170567028754620,170567028764652,170567028772558,170567028773934,170567028779515,170567028779584,265650,93825434198544,4375639744,7,2732,1151,601
170567037072128,170567037082975,170567037091613,170567037093258,170567037099609,170567037099682,265650,93825434198544,4375639744,7,2732,1151,602
170567045494902,170567045506825,170567045515593,170567045517173,170567045524811,170567045524883,265650,93825434198544,4375639744,7,2732,1151,603
170567053877602,170567053901257,170567053912290,170567053913616,170567053917999,170567053918086,265650,93825434198544,4375639744,7,2732,1151,604
170567062172938,170567062186760,170567062198196,170567062199699,170567062205541,170567062205629,265650,93825434198544,4375639744,7,2732,1151,605
170567070457600,170567070469510,170567070478661,170567070480038,170567070487840,170567070487914,265650,93825434198544,4375639744,7,2732,1151,606
170567078714645,170567078725743,170567078733833,170567078734770,170567078740889,170567078740955,265650,93825434198544,4375639744,7,2732,1151,607
170567087125993,170567087146886,170567087166880,170567087169825,170567087179792,170567087179898,265650,93825434198544,4375639744,7,2732,1151,608
170567095428384,170567095451393,170567095462197,170567095464215,170567095470943,170567095471110,265650,93825434198544,4375639744,7,2732,1151,609
170567103721608,170567103738476,170567103749090,170567103751621,170567103760106,170567103760200,265650,93825434198544,4375639744,7,2732,1151,610
170567112078583,170567112097632,170567112116488,170567112118716,170567112131049,170567112131154,265650,93825434198544,4375639744,7,2732,1151,611
170567120403427,170567120426929,170567120439049,170567120442481,170567120452093,170567120452186,265650,93825434198544,4375639744,7,2732,1151,612
170567128729589,170567128745197,170567128756236,170567128758579,170567128766715,170567128766804,265650,93825434198544,4375639744,7,2732,1151,613
170567137073974,170567137091889,170567137102616,170567137104874,170567137114975,170567137115050,265650,93825434198544,4375639744,7,2732,1151,614
170567145426840,170567145444902,170567145456158,170567145458657,170567145468786,170567145468901,265650,93825434198544,4375639744,7,2732,1151,615
170567153905531,170567153964731,170567153977053,170567153978897,170567153985095,170567153985189,265650,93825434198544,4375639744,7,2732,1151,616
170567162071528,170567162083468,170567162092558,170567162094189,170567162103230,170567162103296,265650,93825434198544,4375639744,7,2732,1151,617
170567170470597,170567170488870,170567170499766,170567170502075,170567170512092,170567170512194,265650,93825434198544,4375639744,7,2732,1151,618
170567178719420,170567178735904,170567178746736,170567178748786,170567178758446,170567178758522,265650,93825434198544,4375639744,7,2732,1151,619
170567187071678,170567187090056,170567187101088,170567187103287,170567187114927,170567187115001,265650,93825434198544,4375639744,7,2732,1151,620
170567195391125,170567195408736,170567195419722,170567195421878,170567195429182,170567195429239,265650,93825434198544,4375639744,7,2732,1151,621
170567203748915,170567203768065,170567203778775,170567203780896,170567203793802,170567203793862,265650,93825434198544,4375639744,7,2732,1151,622
170567212256925,170567212281290,170567212293213,170567212294690,170567212300227,170567212300314,265650,93825434198544,4375639744,7,2732,1151,623
170567220404175,170567220415956,170567220424832,170567220426371,170567220433194,170567220433258,265650,93825434198544,4375639744,7,2732,1151,624
170567228889587,170567228903247,170567228914190,170567228915704,170567228920471,170567228920557,265650,93825434198544,4375639744,7,2732,1151,625
170567237130380,170567237146457,170567237157844,170567237159727,170567237168895,170567237168979,265650,93825434198544,4375639744,7,2732,1151,626
170567245469128,170567245482815,170567245492099,170567245493389,170567245498596,170567245498668,265650,93825434198544,4375639744,7,2732,1151,627
170567253738579,170567253753019,170567253764680,170567253766638,170567253775026,170567253775130,265650,93825434198544,4375639744,7,2732,1151,628
170567262158132,170567262174167,170567262186360,170567262188145,170567262196332,170567262196430,265650,93825434198544,4375639744,7,2732,1151,629
170567270425707,170567270437121,170567270445823,170567270447250,170567270451653,170567270451726,265650,93825434198544,4375639744,7,2732,1151,630
170567278884808,170567278900168,170567278911772,170567278913465,170567278917580,170567278917671,265650,93825434198544,4375639744,7,2732,1151,631
170567287189441,170567287203184,170567287214415,170567287215746,170567287222507,170567287222582,265650,93825434198544,4375639744,7,2732,1151,632
170567295505624,170567295518247,170567295529129,170567295530575,170567295537255,170567295537330,265650,93825434198544,4375639744,7,2732,1151,633
170567303838056,170567303852884,170567303864346,170567303866040,170567303875729,170567303875819,265650,93825434198544,4375639744,7,2732,1151,634
170567312072655,170567312085872,170567312094764,170567312096780,170567312104558,170567312104618,265650,93825434198544,4375639744,7,2732,1151,635
170567320508110,170567320574779,170567320585627,170567320587225,170567320593563,170567320593639,265650,93825434198544,4375639744,7,2732,1151,636
170567328781880,170567328795001,170567328805674,170567328806821,170567328812604,170567328812669,265650,93825434198544,4375639744,7,2732,1151,637
170567337073716,170567337092209,170567337104264,170567337107102,170567337113560,170567337113650,265650,93825434198544,4375639744,7,2732,1151,638
170567345402688,170567345420316,170567345431284,170567345433842,170567345440146,170567345440222,265650,93825434198544,4375639744,7,2732,1151,639
170567353747199,170567353764059,170567353775174,170567353777229,170567353786041,170567353786102,265650,93825434198544,4375639744,7,2732,1151,640
170567362064619,170567362082968,170567362094209,170567362096381,170567362104390,170567362104456,265650,93825434198544,4375639744,7,2732,1151,641
170567370478299,170567370497800,170567370509890,170567370511992,170567370519323,170567370519397,265650,93825434198544,4375639744,7,2732,1151,642
170567378742798,170567378761372,170567378772290,170567378774253,170567378782345,170567378782420,265650,93825434198544,4375639744,7,2732,1151,643
170567387105327,170567387124123,170567387135676,170567387138122,170567387150490,170567387150548,265650,93825434198544,4375639744,7,2732,1151,644
170567395408891,170567395425392,170567395436207,170567395438214,170567395444269,170567395444348,265650,93825434198544,4375639744,7,2732,1151,645
170567403750233,170567403769073,170567403780467,170567403783041,170567403793941,170567403794046,265650,93825434198544,4375639744,7,2732,1151,646
170567412125056,170567412136431,170567412145375,170567412146942,170567412152515,170567412152584,265650,93825434198544,4375639744,7,2732,1151,647
170567420469303,170567420484419,170567420493812,170567420495666,170567420504805,170567420504875,265650,93825434198544,4375639744,7,2732,1151,648
170567428943857,170567428967073,170567428978894,170567428981745,170567428997081,170567428997182,265650,93825434198544,4375639744,7,2732,1151,649
170567437131701,170567437148751,170567437160897,170567437162686,170567437169623,170567437169715,265650,93825434198544,4375639744,7,2732,1151,650
170567445503009,170567445514043,170567445523039,170567445524239,170567445530775,170567445530845,265650,93825434198544,4375639744,7,2732,1151,651
170567453847758,170567453860941,170567453872166,170567453873183,170567453879083,170567453879171,265650,93825434198544,4375639744,7,2732,1151,652
170567462181034,170567462193783,170567462204799,170567462205834,170567462210443,170567462210535,265650,93825434198544,4375639744,7,2732,1151,653
170567470544244,170567470589344,170567470600121,170567470601257,170567470606941,170567470607018,265650,93825434198544,4375639744,7,2732,1151,654
170567478843819,170567478856627,170567478867549,170567478868617,170567478873432,170567478873503,265650,93825434198544,4375639744,7,2732,1151,655
170567487149026,170567487159452,170567487167719,170567487168617,170567487172986,170567487173041,265650,93825434198544,4375639744,7,2732,1151,656
170567495444940,170567495455662,170567495464649,170567495465548,170567495470971,170567495471030,265650,93825434198544,4375639744,7,2732,1151,657
170567503797060,170567503810388,170567503821334,170567503822588,170567503827814,170567503827896,265650,93825434198544,4375639744,7,2732,1151,658
170567512193542,170567512206943,170567512217733,170567512218791,170567512224798,170567512224873,265650,93825434198544,4375639744,7,2732,1151,659
170567520486173,170567520499015,170567520510022,170567520511109,170567520515901,170567520515978,265650,93825434198544,4375639744,7,2732,1151,660
170567528872139,170567528927431,170567528938293,170567528939298,170567528943920,170567528943992,265650,93825434198544,4375639744,7,2732,1151,661
170567537136894,170567537150285,170567537161172,170567537162194,170567537167086,170567537167152,265650,93825434198544,4375639744,7,2732,1151,662
170567545547575,170567545560273,170567545570981,170567545571945,170567545577641,170567545577724,265650,93825434198544,4375639744,7,2732,1151,663
170567553779951,170567553792825,170567553803888,170567553804857,170567553810056,170567553810131,265650,93825434198544,4375639744,7,2732,1151,664
170567562241935,170567562256938,170567562269721,170567562270919,170567562276373,170567562276475,265650,93825434198544,4375639744,7,2732,1151,665
170567570483959,170567570494703,170567570502835,170567570504490,170567570510163,170567570510225,265650,93825434198544,4375639744,7,2732,1151,666
170567578832970,170567578847339,170567578858165,170567578859581,170567578863834,170567578863922,265650,93825434198544,4375639744,7,2732,1151,667
170567587206316,170567587222202,170567587233311,170567587234723,170567587239635,170567587239725,265650,93825434198544,4375639744,7,2732,1151,668
170567595491424,170567595501640,170567595510611,170567595511472,170567595515868,170567595515934,265650,93825434198544,4375639744,7,2732,1151,669
170567603806455,170567603825030,170567603836438,170567603838856,170567603845976,170567603846079,265650,93825434198544,4375639744,7,2732,1151,670
170567612084265,170567612101186,170567612111767,170567612114007,170567612122022,170567612122076,265650,93825434198544,4375639744,7,2732,1151,671
170567620461283,170567620478931,170567620490073,170567620491980,170567620499992,170567620500070,265650,93825434198544,4375639744,7,2732,1151,672
170567628741456,170567628757712,170567628767945,170567628769776,170567628776216,170567628776275,265650,93825434198544,4375639744,7,2732,1151,673
170567637109407,170567637126388,170567637136984,170567637139238,170567637145405,170567637145461,265650,93825434198544,4375639744,7,2732,1151,674
170567645418411,170567645434893,170567645447605,170567645450649,170567645460974,170567645461057,265650,93825434198544,4375639744,7,2732,1151,675
170567653751853,170567653766279,170567653777050,170567653779092,170567653789778,170567653789833,265650,93825434198544,4375639744,7,2732,1151,676
170567662073502,170567662087984,170567662098112,170567662099785,170567662109460,170567662109523,265650,93825434198544,4375639744,7,2732,1151,677
170567670607476,170567670676178,170567670687739,170567670689255,170567670695324,170567670695408,265650,93825434198544,4375639744,7,2732,1151,678
170567678827436,170567678847996,170567678859820,170567678862208,170567678872159,170567678872226,265650,93825434198544,4375639744,7,2732,1151,679
170567687211868,170567687227694,170567687239529,170567687241903,170567687248197,170567687248284,265650,93825434198544,4375639744,7,2732,1151,680
170567695457631,170567695478232,170567695489767,170567695492235,170567695502855,170567695502947,265650,93825434198544,4375639744,7,2732,1151,681
170567703781730,170567703802172,170567703814008,170567703816639,170567703827031,170567703827134,265650,93825434198544,4375639744,7,2732,1151,682
170567712096671,170567712118811,170567712130531,170567712133117,170567712145327,170567712145419,265650,93825434198544,4375639744,7,2732,1151,683
170567720578802,170567720597309,170567720609674,170567720611907,170567720618818,170567720618923,265650,93825434198544,4375639744,7,2732,1151,684
170567728805077,170567728826315,170567728838341,170567728840898,170567728853871,170567728853980,265650,93825434198544,4375639744,7,2732,1151,685
170567737153823,170567737175050,170567737186505,170567737189357,170567737198730,170567737198827,265650,93825434198544,4375639744,7,2732,1151,686
170567745452189,170567745472932,170567745484548,170567745486912,170567745499756,170567745499846,265650,93825434198544,4375639744,7,2732,1151,687
170567753777207,170567753796786,170567753807958,170567753810522,170567753821154,170567753821267,265650,93825434198544,4375639744,7,2732,1151,688
170567762119706,170567762137527,170567762148237,170567762150406,170567762163468,170567762163560,265650,93825434198544,4375639744,7,2732,1151,689
170567770432014,170567770447091,170567770458016,170567770460660,170567770466109,170567770466170,265650,93825434198544,4375639744,7,2732,1151,690
170567778788444,170567778808230,170567778819543,170567778822020,170567778832312,170567778832398,265650,93825434198544,4375639744,7,2732,1151,691
170567787095627,170567787111866,170567787124141,170567787126014,170567787132891,170567787132977,265650,93825434198544,4375639744,7,2732,1151,692
170567795508389,170567795518459,170567795527491,170567795528621,170567795535001,170567795535067,265650,93825434198544,4375639744,7,2732,1151,693
170567803821128,170567803831862,170567803839940,170567803841594,170567803846608,170567803846665,265650,93825434198544,4375639744,7,2732,1151,694
170567812213084,170567812275164,170567812286749,170567812288024,170567812292377,170567812292468,265650,93825434198544,4375639744,7,2732,1151,695
170567820506694,170567820518897,170567820527612,170567820528936,170567820536841,170567820536918,265650,93825434198544,4375639744,7,2732,1151,696
170567828819223,170567828833933,170567828845514,170567828847406,170567828856518,170567828856623,265650,93825434198544,4375639744,7,2732,1151,697
170567837207373,170567837222676,170567837234244,170567837236170,170567837244316,170567837244408,265650,93825434198544,4375639744,7,2732,1151,698
170567845495061,170567845509538,170567845519415,170567845521191,170567845527499,170567845527572,265650,93825434198544,4375639744,7,2732,1151,699
170567853842742,170567853856065,170567853867122,170567853868415,170567853873442,170567853873544,265650,93825434198544,4375639744,7,2732,1151,700
170567862209268,170567862228330,170567862240095,170567862241784,170567862247993,170567862248077,265650,93825434198544,4375639744,7,2732,1151,701
170567870532018,170567870542415,170567870550884,170567870551756,170567870556571,170567870556636,265650,93825434198544,4375639744,7,2732,1151,702
170567878803899,170567878814692,170567878823345,170567878824374,170567878829779,170567878829849,265650,93825434198544,4375639744,7,2732,1151,703
170567887159793,170567887175504,170567887186683,170567887188194,170567887193303,170567887193388,265650,93825434198544,4375639744,7,2732,1151,704
170567895519169,170567895531882,170567895542821,170567895543906,170567895549029,170567895549122,265650,93825434198544,4375639744,7,2732,1151,705
170567903877919,170567903890431,170567903901148,170567903902038,170567903906764,170567903906854,265650,93825434198544,4375639744,7,2732,1151,706
170567912080524,170567912090725,170567912099426,170567912100133,170567912104221,170567912104286,265650,93825434198544,4375639744,7,2732,1151,707
170567920453786,170567920463345,170567920471071,170567920471815,170567920475179,170567920475232,265650,93825434198544,4375639744,7,2732,1151,708
170567928759513,170567928768999,170567928776731,170567928777471,170567928781286,170567928781338,265650,93825434198544,4375639744,7,2732,1151,709
170567937103518,170567937118180,170567937129833,170567937131446,170567937136561,170567937136637,265650,93825434198544,4375639744,7,2732,1151,710
170567945568089,170567945582477,170567945593440,170567945594548,170567945600938,170567945601023,265650,93825434198544,4375639744,7,2732,1151,711
170567953889395,170567953951676,170567953962773,170567953963848,170567953970219,170567953970305,265650,93825434198544,4375639744,7,2732,1151,712
170567962154122,170567962166709,170567962177346,170567962178421,170567962183657,170567962183746,265650,93825434198544,4375639744,7,2732,1151,713
170567970595101,170567970608889,170567970619594,170567970620909,170567970630033,170567970630122,265650,93825434198544,4375639744,7,2732,1151,714
170567978838607,170567978848005,170567978855705,170567978856413,170567978860950,170567978861009,265650,93825434198544,4375639744,7,2732,1151,715
170567987220845,170567987236038,170567987247248,170567987248662,170567987255405,170567987255484,265650,93825434198544,4375639744,7,2732,1151,716
170567995524531,170567995535823,170567995544348,170567995545654,170567995550713,170567995550763,265650,93825434198544,4375639744,7,2732,1151,717
170568003868137,170568003881269,170568003892001,170568003893533,170568003899509,170568003899583,265650,93825434198544,4375639744,7,2732,1151,718
170568012078513,170568012096940,170568012108225,170568012111068,170568012115593,170568012115669,265650,93825434198544,4375639744,7,2732,1151,719
170568020512597,170568020535384,170568020547846,170568020550885,170568020561517,170568020561569,265650,93825434198544,4375639744,7,2732,1151,720
170568028826682,170568028844068,170568028854961,170568028856993,170568028864766,170568028864895,265650,93825434198544,4375639744,7,2732,1151,721
170568037114037,170568037130740,170568037141871,170568037143811,170568037148749,170568037148822,265650,93825434198544,4375639744,7,2732,1151,722
170568045504517,170568045520983,170568045531761,170568045533309,170568045540032,170568045540110,265650,93825434198544,4375639744,7,2732,1151,723
170568053811373,170568053826107,170568053836709,170568053838501,170568053843529,170568053843605,265650,93825434198544,4375639744,7,2732,1151,724
170568062123161,170568062137432,170568062148215,170568062149954,170568062154719,170568062154789,265650,93825434198544,4375639744,7,2732,1151,725
170568070518317,170568070541799,170568070554143,170568070557248,170568070568778,170568070568852,265650,93825434198544,4375639744,7,2732,1151,726
170568078801380,170568078818391,170568078828719,170568078830412,170568078837077,170568078837151,265650,93825434198544,4375639744,7,2732,1151,727
170568087110939,170568087127160,170568087138198,170568087140133,170568087148845,170568087148928,265650,93825434198544,4375639744,7,2732,1151,728
170568095523666,170568095542996,170568095554719,170568095556613,170568095563789,170568095563849,265650,93825434198544,4375639744,7,2732,1151,729
170568103778522,170568103794931,170568103805287,170568103807012,170568103813291,170568103813367,265650,93825434198544,4375639744,7,2732,1151,730
170568112118741,170568112134553,170568112144802,170568112146597,170568112154145,170568112154210,265650,93825434198544,4375639744,7,2732,1151,731
170568120492756,170568120509043,170568120519366,170568120521102,170568120527792,170568120527840,265650,93825434198544,4375639744,7,2732,1151,732
170568128807115,170568128827449,170568128840078,170568128842908,170568128853939,170568128854003,265650,93825434198544,4375639744,7,2732,1151,733
170568137121907,170568137138505,170568137149265,170568137151364,170568137158747,170568137158810,265650,93825434198544,4375639744,7,2732,1151,734
170568145495276,170568145511434,170568145522318,170568145524176,170568145533912,170568145533974,265650,93825434198544,4375639744,7,2732,1151,735
170568153794819,170568153811773,170568153822937,170568153824836,170568153834807,170568153834881,265650,93825434198544,4375639744,7,2732,1151,736
170568162135094,170568162153042,170568162163663,170568162165647,170568162174310,170568162174374,265650,93825434198544,4375639744,7,2732,1151,737
170568170495521,170568170511764,170568170523746,170568170525899,170568170533691,170568170533754,265650,93825434198544,4375639744,7,2732,1151,738
170568178790605,170568178806688,170568178817435,170568178819263,170568178825737,170568178825854,265650,93825434198544,4375639744,7,2732,1151,739
170568187124004,170568187140174,170568187150934,170568187152897,170568187159728,170568187159803,265650,93825434198544,4375639744,7,2732,1151,740
170568195593677,170568195609276,170568195621162,170568195622773,170568195629095,170568195629198,265650,93825434198544,4375639744,7,2732,1151,741
170568203942760,170568203956870,170568203968540,170568203969752,170568203976380,170568203976471,265650,93825434198544,4375639744,7,2732,1151,742
170568212165281,170568212178540,170568212189688,170568212190843,170568212197900,170568212197992,265650,93825434198544,4375639744,7,2732,1151,743
170568220550723,170568220564155,170568220575365,170568220576612,170568220582654,170568220582748,265650,93825434198544,4375639744,7,2732,1151,744
170568228862242,170568228875457,170568228886292,170568228887419,170568228893370,170568228893457,265650,93825434198544,4375639744,7,2732,1151,745
170568237163175,170568237178170,170568237190424,170568237191587,170568237197409,170568237197484,265650,93825434198544,4375639744,7,2732,1151,746
170568245514523,170568245525325,170568245533657,170568245534374,170568245541371,170568245541422,265650,93825434198544,4375639744,7,2732,1151,747
170568253868783,170568253882373,170568253893503,170568253894603,170568253900774,170568253900845,265650,93825434198544,4375639744,7,2732,1151,748
170568262145563,170568262158682,170568262169726,170568262170830,170568262176583,170568262176656,265650,93825434198544,4375639744,7,2732,1151,749
170568270594899,170568270613034,170568270623883,170568270625114,170568270631554,170568270631634,265650,93825434198544,4375639744,7,2732,1151,750
170568278855755,170568278869171,170568278880275,170568278881334,170568278887817,170568278887890,265650,93825434198544,4375639744,7,2732,1151,751
170568287203236,170568287216466,170568287227600,170568287228675,170568287234499,170568287234574,265650,93825434198544,4375639744,7,2732,1151,752
170568295574897,170568295588023,170568295599075,170568295600178,170568295607884,170568295607965,265650,93825434198544,4375639744,7,2732,1151,753
170568303951687,170568303966660,170568303978131,170568303979585,170568303988476,170568303988553,265650,93825434198544,4375639744,7,2732,1151,754
170568312208952,170568312225774,170568312237301,170568312239712,170568312252944,170568312253007,265650,93825434198544,4375639744,7,2732,1151,755
170568320550559,170568320566023,170568320577582,170568320579566,170568320587761,170568320587836,265650,93825434198544,4375639744,7,2732,1151,756
170568328863178,170568328878159,170568328889561,170568328891127,170568328900568,170568328900667,265650,93825434198544,4375639744,7,2732,1151,757
170568337194704,170568337209296,170568337220677,170568337222314,170568337229927,170568337230004,265650,93825434198544,4375639744,7,2732,1151,758
170568345591540,170568345710707,170568345729977,170568345731591,170568345737827,170568345737934,265650,93825434198544,4375639744,7,2732,1151,759
170568353885255,170568353899160,170568353910264,170568353911695,170568353918462,170568353918566,265650,93825434198544,4375639744,7,2732,1151,760
170568362250660,170568362263982,170568362275157,170568362276204,170568362281676,170568362281785,265650,93825434198544,4375639744,7,2732,1151,761
170568370493410,170568370504573,170568370513606,170568370514408,170568370519805,170568370519888,265650,93825434198544,4375639744,7,2732,1151,762
170568378894598,170568378911338,170568378923080,170568378925619,170568378937911,170568378938007,265650,93825434198544,4375639744,7,2732,1151,763
170568387209048,170568387226109,170568387238218,170568387240353,170568387250060,170568387250154,265650,93825434198544,4375639744,7,2732,1151,764
170568395572925,170568395586685,170568395597624,170568395599453,170568395606211,170568395606300,265650,93825434198544,4375639744,7,2732,1151,765
170568403852244,170568403865880,170568403876947,170568403878262,170568403883854,170568403883954,265650,93825434198544,4375639744,7,2732,1151,766
170568412171955,170568412184621,170568412195587,170568412196649,170568412202461,170568412202549,265650,93825434198544,4375639744,7,2732,1151,767
170568420580592,170568420593692,170568420604788,170568420605772,170568420610753,170568420610854,265650,93825434198544,4375639744,7,2732,1151,768
170568428833318,170568428843702,170568428852177,170568428853362,170568428858479,170568428858542,265650,93825434198544,4375639744,7,2732,1151,769
170568437156608,170568437168872,170568437177350,170568437179224,170568437188389,170568437188451,265650,93825434198544,4375639744,7,2732,1151,770
170568445553530,170568445570333,170568445581664,170568445583254,170568445589423,170568445589513,265650,93825434198544,4375639744,7,2732,1151,771
170568453901495,170568453948793,170568453959863,170568453961331,170568453968012,170568453968095,265650,93825434198544,4375639744,7,2732,1151,772
170568462240438,170568462307770,170568462318805,170568462319791,170568462326062,170568462326153,265650,93825434198544,4375639744,7,2732,1151,773
170568470587837,170568470601119,170568470612129,170568470613374,170568470620912,170568470620994,265650,93825434198544,4375639744,7,2732,1151,774
170568478946729,170568478960124,170568478971116,170568478972446,170568478980334,170568478980427,265650,93825434198544,4375639744,7,2732,1151,775
170568487213261,170568487226628,170568487237572,170568487238610,170568487244762,170568487244841,265650,93825434198544,4375639744,7,2732,1151,776
170568495514986,170568495528741,170568495538181,170568495539268,170568495544420,170568495544502,265650,93825434198544,4375639744,7,2732,1151,777
170568503841535,170568503851921,170568503860167,170568503861192,170568503866900,170568503866966,265650,93825434198544,4375639744,7,2732,1151,778
170568512216219,170568512229509,170568512240693,170568512242327,170568512248279,170568512248373,265650,93825434198544,4375639744,7,2732,1151,779
170568520493316,170568520503580,170568520512297,170568520513207,170568520519150,170568520519226,265650,93825434198544,4375639744,7,2732,1151,780
170568528856659,170568528870505,170568528878378,170568528879118,170568528883733,170568528883793,265650,93825434198544,4375639744,7,2732,1151,781
170568537192737,170568537208869,170568537220231,170568537222015,170568537227582,170568537227681,265650,93825434198544,4375639744,7,2732,1151,782
170568545597732,170568545611146,170568545622047,170568545623262,170568545629346,170568545629439,265650,93825434198544,4375639744,7,2732,1151,783
170568553943808,170568553957448,170568553968245,170568553969355,170568553975265,170568553975360,265650,93825434198544,4375639744,7,2732,1151,784
170568562227606,170568562241937,170568562253007,170568562254627,170568562262802,170568562262896,265650,93825434198544,4375639744,7,2732,1151,785
170568570582045,170568570637989,170568570648878,170568570650173,170568570657651,170568570657741,265650,93825434198544,4375639744,7,2732,1151,786
170568578918363,170568578936111,170568578947830,170568578950222,170568578957937,170568578958034,265650,93825434198544,4375639744,7,2732,1151,787
170568587183889,170568587199655,170568587210432,170568587212569,170568587218665,170568587218751,265650,93825434198544,4375639744,7,2732,1151,788
170568595539995,170568595559555,170568595570829,170568595573471,170568595579448,170568595579566,265650,93825434198544,4375639744,7,2732,1151,789
170568603826581,170568603845548,170568603856712,170568603859073,170568603867771,170568603867847,265650,93825434198544,4375639744,7,2732,1151,790
170568612174635,170568612193568,170568612204396,170568612207351,170568612216595,170568612216661,265650,93825434198544,4375639744,7,2732,1151,791
170568620479098,170568620495781,170568620506859,170568620508783,170568620515839,170568620515888,265650,93825434198544,4375639744,7,2732,1151,792
170568628808663,170568628824076,170568628834202,170568628836009,170568628843611,170568628843691,265650,93825434198544,4375639744,7,2732,1151,793
170568637169461,170568637186856,170568637197972,170568637200237,170568637205794,170568637205836,265650,93825434198544,4375639744,7,2732,1151,794
170568645531117,170568645547063,170568645557841,170568645559720,170568645564861,170568645564922,265650,93825434198544,4375639744,7,2732,1151,795
170568653867771,170568653883541,170568653894020,170568653896050,170568653904196,170568653904268,265650,93825434198544,4375639744,7,2732,1151,796
170568662185490,170568662201745,170568662212272,170568662214649,170568662221973,170568662222033,265650,93825434198544,4375639744,7,2732,1151,797
170568670487956,170568670504774,170568670515665,170568670518054,170568670527812,170568670527876,265650,93825434198544,4375639744,7,2732,1151,798
170568678864877,170568678881906,170568678892746,170568678895046,170568678903496,170568678903562,265650,93825434198544,4375639744,7,2732,1151,799
170568687148976,170568687162737,170568687173256,170568687175176,170568687182329,170568687182388,265650,93825434198544,4375639744,7,2732,1151,800
170568695486767,170568695503601,170568695514375,170568695516438,170568695522091,170568695522161,265650,93825434198544,4375639744,7,2732,1151,801
170568703889850,170568703908489,170568703919738,170568703922131,170568703931222,170568703931302,265650,93825434198544,4375639744,7,2732,1151,802
170568712158325,170568712173850,170568712184852,170568712188944,170568712197046,170568712197118,265650,93825434198544,4375639744,7,2732,1151,803
170568720531124,170568720548958,170568720561314,170568720563735,170568720572825,170568720572908,265650,93825434198544,4375639744,7,2732,1151,804
170568728804690,170568728816581,170568728826655,170568728828297,170568728834866,170568728834926,265650,93825434198544,4375639744,7,2732,1151,805
170568737164265,170568737182362,170568737193100,170568737195185,170568737206770,170568737206821,265650,93825434198544,4375639744,7,2732,1151,806
170568745558618,170568745579581,170568745592636,170568745595858,170568745605660,170568745605827,265650,93825434198544,4375639744,7,2732,1151,807
170568753815776,170568753830735,170568753841241,170568753842843,170568753851935,170568753851995,265650,93825434198544,4375639744,7,2732,1151,808
170568762157937,170568762173198,170568762183886,170568762185733,170568762193034,170568762193083,265650,93825434198544,4375639744,7,2732,1151,809
170568770560879,170568770581145,170568770592819,170568770595612,170568770607222,170568770607280,265650,93825434198544,4375639744,7,2732,1151,810
170568778866869,170568778882794,170568778893608,170568778895209,170568778902926,170568778902981,265650,93825434198544,4375639744,7,2732,1151,811
170568787149307,170568787163538,170568787174819,170568787176797,170568787186006,170568787186062,265650,93825434198544,4375639744,7,2732,1151,812
170568795529050,170568795550412,170568795561590,170568795564285,170568795575004,170568795575072,265650,93825434198544,4375639744,7,2732,1151,813
170568803864222,170568803879700,170568803889941,170568803891636,170568803896438,170568803896499,265650,93825434198544,4375639744,7,2732,1151,814
170568812151825,170568812165271,170568812175963,170568812177409,170568812184933,170568812184981,265650,93825434198544,4375639744,7,2732,1151,815
170568820504960,170568820520592,170568820531983,170568820534378,170568820542114,170568820542177,265650,93825434198544,4375639744,7,2732,1151,816
170568828864096,170568828876751,170568828887070,170568828888351,170568828893369,170568828893429,265650,93825434198544,4375639744,7,2732,1151,817
170568837157224,170568837173943,170568837184255,170568837185932,170568837194085,170568837194324,265650,93825434198544,4375639744,7,2732,1151,818
170568845541384,170568845558248,170568845569681,170568845572183,170568845581376,170568845581457,265650,93825434198544,4375639744,7,2732,1151,819
170568853827217,170568853845110,170568853856215,170568853858011,170568853863876,170568853863977,265650,93825434198544,4375639744,7,2732,1151,820
170568862165488,170568862182023,170568862192357,170568862194456,170568862203043,170568862203105,265650,93825434198544,4375639744,7,2732,1151,821
170568870548898,170568870567866,170568870578403,170568870580825,170568870588916,170568870588997,265650,93825434198544,4375639744,7,2732,1151,822
170568878874135,170568878890012,170568878900629,170568878902521,170568878911653,170568878911725,265650,93825434198544,4375639744,7,2732,1151,823
170568887202118,170568887225447,170568887237589,170568887240899,170568887252016,170568887252086,265650,93825434198544,4375639744,7,2732,1151,824
170568895560432,170568895582097,170568895594541,170568895597597,170568895610812,170568895610902,265650,93825434198544,4375639744,7,2732,1151,825
170568903881266,170568903895735,170568903906281,170568903908252,170568903914726,170568903914785,265650,93825434198544,4375639744,7,2732,1151,826
170568912162258,170568912178143,170568912188338,170568912189920,170568912197217,170568912197267,265650,93825434198544,4375639744,7,2732,1151,827
170568920585039,170568920596415,170568920604690,170568920605938,170568920621775,170568920621844,265650,93825434198544,4375639744,7,2732,1151,828
170568928882621,170568928895206,170568928903931,170568928904810,170568928910135,170568928910208,265650,93825434198544,4375639744,7,2732,1151,829
170568937262470,170568937275316,170568937286263,170568937287233,170568937293138,170568937293222,265650,93825434198544,4375639744,7,2732,1151,830
170568945618381,170568945632222,170568945643062,170568945644235,170568945652300,170568945652393,265650,93825434198544,4375639744,7,2732,1151,831
170568953871930,170568953885079,170568953895828,170568953897001,170568953905062,170568953905148,265650,93825434198544,4375639744,7,2732,1151,832
170568962244590,170568962257699,170568962268564,170568962269785,170568962275194,170568962275281,265650,93825434198544,4375639744,7,2732,1151,833
170568970625133,170568970638007,170568970648802,170568970650137,170568970656825,170568970656907,265650,93825434198544,4375639744,7,2732,1151,834
170568978901791,170568978915644,170568978926215,170568978927418,170568978933166,170568978933251,265650,93825434198544,4375639744,7,2732,1151,835
170568987271826,170568987295426,170568987306154,170568987307223,170568987314310,170568987314399,265650,93825434198544,4375639744,7,2732,1151,836
170568995529463,170568995539698,170568995548512,170568995549321,170568995555394,170568995555453,265650,93825434198544,4375639744,7,2732,1151,837
170569003900166,170569003912548,170569003923004,170569003924001,170569003930260,170569003930345,265650,93825434198544,4375639744,7,2732,1151,838
170569012227083,170569012239964,170569012250783,170569012251801,170569012258252,170569012258333,265650,93825434198544,4375639744,7,2732,1151,839
170569020607527,170569020620696,170569020631330,170569020632268,170569020640189,170569020640264,265650,93825434198544,4375639744,7,2732,1151,840
170569028931016,170569028943548,170569028954021,170569028954872,170569028960598,170569028960665,265650,93825434198544,4375639744,7,2732,1151,841
170569037288366,170569037300181,170569037310343,170569037311177,170569037317496,170569037317573,265650,93825434198544,4375639744,7,2732,1151,842
170569045602030,170569045615223,170569045625995,170569045627083,170569045635935,170569045636005,265650,93825434198544,4375639744,7,2732,1151,843
170569053877541,170569053890505,170569053901273,170569053902402,170569053908455,170569053908525,265650,93825434198544,4375639744,7,2732,1151,844
170569062263951,170569062281218,170569062293040,170569062295205,170569062304833,170569062304925,265650,93825434198544,4375639744,7,2732,1151,845
170569070599450,170569070615731,170569070627377,170569070629108,170569070634888,170569070634977,265650,93825434198544,4375639744,7,2732,1151,846
170569078875267,170569078885322,170569078893526,170569078894231,170569078900664,170569078900716,265650,93825434198544,4375639744,7,2732,1151,847
170569087223687,170569087236700,170569087245829,170569087246797,170569087251806,170569087251888,265650,93825434198544,4375639744,7,2732,1151,848
170569095614364,170569095627165,170569095638160,170569095639118,170569095645768,170569095645868,265650,93825434198544,4375639744,7,2732,1151,849
170569103992620,170569104008575,170569104019360,170569104020343,170569104025560,170569104025666,265650,93825434198544,4375639744,7,2732,1151,850
170569112228363,170569112289015,170569112300882,170569112303690,170569112313573,170569112313675,265650,93825434198544,4375639744,7,2732,1151,851
170569120546193,170569120567531,170569120577939,170569120580132,170569120584867,170569120584917,265650,93825434198544,4375639744,7,2732,1151,852
170569128891859,170569128907886,170569128918407,170569128920461,170569128941654,170569128941740,265650,93825434198544,4375639744,7,2732,1151,853
170569137219611,170569137235620,170569137246809,170569137249078,170569137255049,170569137255107,265650,93825434198544,4375639744,7,2732,1151,854
170569145649098,170569145665912,170569145678065,170569145681237,170569145688918,170569145689019,265650,93825434198544,4375639744,7,2732,1151,855
170569153844966,170569153860967,170569153871987,170569153873852,170569153879471,170569153879562,265650,93825434198544,4375639744,7,2732,1151,856
170569162175029,170569162191751,170569162202512,170569162204596,170569162210302,170569162210371,265650,93825434198544,4375639744,7,2732,1151,857
170569170570320,170569170592335,170569170604839,170569170607842,170569170617906,170569170617953,265650,93825434198544,4375639744,7,2732,1151,858
170569178846190,170569178864070,170569178875167,170569178877744,170569178884675,170569178884776,265650,93825434198544,4375639744,7,2732,1151,859
170569187188681,170569187204652,170569187215598,170569187217805,170569187226498,170569187226616,265650,93825434198544,4375639744,7,2732,1151,860
170569195592505,170569195614360,170569195625468,170569195627485,170569195635703,170569195635760,265650,93825434198544,4375639744,7,2732,1151,861
170569203884403,170569203899253,170569203910080,170569203911969,170569203919395,170569203919461,265650,93825434198544,4375639744,7,2732,1151,862
170569212180767,170569212195381,170569212206084,170569212207935,170569212214998,170569212215068,265650,93825434198544,4375639744,7,2732,1151,863
170569220558371,170569220574107,170569220584933,170569220586769,170569220593514,170569220593574,265650,93825434198544,4375639744,7,2732,1151,864
170569228893227,170569228908615,170569228919218,170569228921068,170569228928400,170569228928455,265650,93825434198544,4375639744,7,2732,1151,865
170569237191871,170569237209064,170569237219649,170569237221819,170569237231322,170569237231395,265650,93825434198544,4375639744,7,2732,1151,866
170569245587633,170569245605084,170569245616042,170569245618317,170569245626011,170569245626090,265650,93825434198544,4375639744,7,2732,1151,867
170569253905605,170569253923770,170569253935141,170569253937329,170569253943302,170569253943391,265650,93825434198544,4375639744,7,2732,1151,868
170569262192333,170569262208019,170569262220341,170569262223502,170569262234183,170569262234272,265650,93825434198544,4375639744,7,2732,1151,869
170569270562790,170569270579637,170569270590729,170569270593562,170569270599293,170569270599367,265650,93825434198544,4375639744,7,2732,1151,870
170569278847446,170569278863899,170569278874708,170569278876575,170569278882014,170569278882079,265650,93825434198544,4375639744,7,2732,1151,871
170569287259559,170569287274683,170569287289426,170569287291247,170569287298148,170569287298247,265650,93825434198544,4375639744,7,2732,1151,872
170569295564643,170569295575519,170569295583831,170569295585171,170569295591877,170569295591936,265650,93825434198544,4375639744,7,2732,1151,873
170569303921201,170569303937207,170569303948902,170569303950898,170569303961037,170569303961136,265650,93825434198544,4375639744,7,2732,1151,874
170569312252726,170569312270442,170569312282280,170569312284656,170569312291240,170569312291332,265650,93825434198544,4375639744,7,2732,1151,875
170569320593756,170569320611127,170569320622016,170569320624587,170569320631720,170569320631816,265650,93825434198544,4375639744,7,2732,1151,876
170569328877986,170569328899199,170569328910724,170569328913199,170569328924467,170569328924728,265650,93825434198544,4375639744,7,2732,1151,877
170569337196236,170569337213410,170569337224349,170569337226500,170569337248425,170569337248501,265650,93825434198544,4375639744,7,2732,1151,878
170569345571324,170569345587006,170569345597767,170569345600183,170569345605959,170569345606034,265650,93825434198544,4375639744,7,2732,1151,879
170569353865640,170569353881732,170569353893710,170569353896780,170569353909778,170569353909840,265650,93825434198544,4375639744,7,2732,1151,880
170569362190366,170569362207291,170569362218450,170569362220417,170569362231864,170569362231911,265650,93825434198544,4375639744,7,2732,1151,881
170569370519658,170569370534403,170569370545090,170569370546894,170569370555236,170569370555311,265650,93825434198544,4375639744,7,2732,1151,882
170569378880846,170569378902630,170569378914952,170569378917935,170569378929741,170569378929838,265650,93825434198544,4375639744,7,2732,1151,883
170569387203463,170569387221357,170569387232177,170569387234376,170569387245972,170569387246039,265650,93825434198544,4375639744,7,2732,1151,884
170569395602180,170569395621105,170569395632466,170569395635642,170569395640648,170569395640705,265650,93825434198544,4375639744,7,2732,1151,885
170569404926678,170569404942215,170569404951946,170569404954012,170569405191882,170569405192217,265650,93825434198544,4375639744,7,2732,1151,886
170569412234869,170569412247743,170569412257077,170569412258752,170569412263783,170569412263853,265650,93825434198544,4375639744,7,2732,1151,887
170569420608652,170569420622364,170569420633324,170569420634999,170569420640818,170569420640897,265650,93825434198544,4375639744,7,2732,1151,888
170569428972041,170569428985925,170569428997728,170569428998671,170569429006913,170569429007000,265650,93825434198544,4375639744,7,2732,1151,889
170569437222747,170569437236852,170569437247950,170569437249184,170569437255459,170569437255563,265650,93825434198544,4375639744,7,2732,1151,890
170569445608381,170569445621096,170569445632094,170569445633161,170569445640288,170569445640390,265650,93825434198544,4375639744,7,2732,1151,891
170569453989081,170569454005818,170569454016951,170569454017922,170569454023333,170569454023410,265650,93825434198544,4375639744,7,2732,1151,892
170569462189818,170569462202442,170569462213242,170569462214186,170569462219800,170569462219885,265650,93825434198544,4375639744,7,2732,1151,893
170569470620249,170569470633289,170569470644336,170569470645567,170569470652799,170569470652888,265650,93825434198544,4375639744,7,2732,1151,894
170569478999456,170569479049141,170569479060088,170569479061152,170569479067026,170569479067113,265650,93825434198544,4375639744,7,2732,1151,895
170569487257117,170569487270765,170569487281844,170569487282985,170569487288620,170569487288697,265650,93825434198544,4375639744,7,2732,1151,896
170569495636944,170569495650272,170569495661277,170569495662815,170569495671427,170569495671508,265650,93825434198544,4375639744,7,2732,1151,897
170569504035079,170569504076801,170569504087683,170569504089048,170569504095607,170569504095688,265650,93825434198544,4375639744,7,2732,1151,898
170569512193922,170569512203528,170569512212249,170569512213022,170569512217652,170569512217701,265650,93825434198544,4375639744,7,2732,1151,899
170569520659100,170569520739788,170569520750760,170569520751648,170569520757997,170569520758074,265650,93825434198544,4375639744,7,2732,1151,900
170569528951839,170569528964084,170569528974851,170569528975751,170569528981234,170569528981304,265650,93825434198544,4375639744,7,2732,1151,901
170569537328047,170569537341165,170569537352084,170569537353127,170569537358900,170569537358972,265650,93825434198544,4375639744,7,2732,1151,902
170569545609548,170569545619400,170569545627483,170569545628374,170569545633775,170569545633837,265650,93825434198544,4375639744,7,2732,1151,903
170569553961436,170569553974115,170569553984967,170569553986092,170569553991326,170569553991400,265650,93825434198544,4375639744,7,2732,1151,904
170569562336129,170569562361550,170569562372494,170569562373798,170569562379891,170569562379964,265650,93825434198544,4375639744,7,2732,1151,905
170569570603663,170569570613487,170569570621269,170569570622269,170569570627850,170569570627906,265650,93825434198544,4375639744,7,2732,1151,906
170569578936225,170569578946463,170569578954742,170569578955644,170569578960853,170569578960910,265650,93825434198544,4375639744,7,2732,1151,907
170569587200311,170569587213785,170569587224776,170569587225863,170569587231468,170569587231543,265650,93825434198544,4375639744,7,2732,1151,908
170569595606821,170569595617055,170569595625331,170569595626231,170569595630849,170569595630910,265650,93825434198544,4375639744,7,2732,1151,909
170569604121658,170569604169393,170569604180780,170569604181965,170569604187826,170569604187915,265650,93825434198544,4375639744,7,2732,1151,910
170569612360111,170569612394499,170569612405076,170569612406061,170569612411080,170569612411164,265650,93825434198544,4375639744,7,2732,1151,911
170569620683674,170569620695950,170569620706370,170569620707267,170569620713531,170569620713607,265650,93825434198544,4375639744,7,2732,1151,912
170569628993690,170569629039728,170569629050281,170569629051210,170569629056625,170569629056708,265650,93825434198544,4375639744,7,2732,1151,913
170569637233551,170569637246014,170569637256544,170569637257491,170569637262173,170569637262249,265650,93825434198544,4375639744,7,2732,1151,914
170569645657559,170569645669996,170569645680537,170569645681482,170569645687242,170569645687313,265650,93825434198544,4375639744,7,2732,1151,915
170569654020630,170569654067107,170569654077636,170569654078458,170569654082972,170569654083045,265650,93825434198544,4375639744,7,2732,1151,916
170569662198744,170569662211226,170569662221931,170569662222826,170569662226690,170569662226759,265650,93825434198544,4375639744,7,2732,1151,917
170569670696620,170569670713399,170569670724818,170569670726271,170569670731961,170569670732051,265650,93825434198544,4375639744,7,2732,1151,918
170569678930044,170569678943515,170569678954538,170569678955748,170569678962288,170569678962389,265650,93825434198544,4375639744,7,2732,1151,919
170569687275150,170569687288710,170569687299641,170569687301111,170569687307649,170569687307748,265650,93825434198544,4375639744,7,2732,1151,920
170569695680372,170569695694558,170569695705398,170569695706642,170569695712628,170569695712729,265650,93825434198544,4375639744,7,2732,1151,921
170569703977740,170569703991212,170569704005478,170569704006834,170569704012616,170569704012709,265650,93825434198544,4375639744,7,2732,1151,922
170569712257719,170569712270851,170569712281890,170569712283114,170569712288994,170569712289087,265650,93825434198544,4375639744,7,2732,1151,923
170569720639509,170569720652024,170569720662826,170569720663972,170569720670295,170569720670383,265650,93825434198544,4375639744,7,2732,1151,924
170569728928806,170569728941348,170569728952166,170569728953232,170569728959075,170569728959159,265650,93825434198544,4375639744,7,2732,1151,925
170569737244697,170569737259475,170569737268821,170569737271024,170569737278136,170569737278202,265650,93825434198544,4375639744,7,2732,1151,926
170569745645804,170569745666912,170569745678234,170569745681045,170569745687295,170569745687390,265650,93825434198544,4375639744,7,2732,1151,927
170569753923793,170569753943193,170569753954700,170569753957367,170569753967251,170569753967330,265650,93825434198544,4375639744,7,2732,1151,928
170569762292583,170569762314444,170569762326196,170569762328875,170569762343932,170569762344003,265650,93825434198544,4375639744,7,2732,1151,929
170569770578641,170569770598394,170569770610097,170569770612700,170569770626427,170569770626516,265650,93825434198544,4375639744,7,2732,1151,930
170569778910417,170569778930217,170569778941646,170569778944259,170569778957897,170569778957973,265650,93825434198544,4375639744,7,2732,1151,931
170569787273133,170569787291748,170569787302830,170569787305137,170569787315909,170569787315957,265650,93825434198544,4375639744,7,2732,1151,932
170569795568938,170569795587163,170569795597836,170569795600335,170569795609323,170569795609390,265650,93825434198544,4375639744,7,2732,1151,933
170569803918700,170569803943086,170569803955746,170569803958816,170569803971987,170569803972041,265650,93825434198544,4375639744,7,2732,1151,934
170569812224736,170569812243020,170569812253763,170569812255863,170569812265332,170569812265407,265650,93825434198544,4375639744,7,2732,1151,935
170569820626630,170569820646323,170569820657678,170569820660555,170569820669662,170569820669724,265650,93825434198544,4375639744,7,2732,1151,936
170569828911188,170569828933625,170569828944979,170569828947747,170569828957059,170569828957138,265650,93825434198544,4375639744,7,2732,1151,937
170569837217714,170569837234732,170569837245352,170569837247428,170569837253955,170569837254038,265650,93825434198544,4375639744,7,2732,1151,938
170569845593693,170569845617001,170569845629910,170569845632861,170569845644165,170569845644227,265650,93825434198544,4375639744,7,2732,1151,939
170569853910124,170569853931235,170569853942842,170569853945659,170569853955139,170569853955220,265650,93825434198544,4375639744,7,2732,1151,940
170569862225603,170569862243778,170569862254127,170569862256295,170569862264637,170569862264702,265650,93825434198544,4375639744,7,2732,1151,941
170569870579289,170569870600527,170569870612580,170569870615387,170569870626702,170569870626762,265650,93825434198544,4375639744,7,2732,1151,942
170569878898115,170569878919016,170569878931257,170569878934333,170569878944765,170569878944850,265650,93825434198544,4375639744,7,2732,1151,943
170569887226878,170569887243768,170569887254180,170569887255883,170569887264963,170569887265035,265650,93825434198544,4375639744,7,2732,1151,944
170569895641718,170569895664874,170569895676566,170569895679702,170569895697753,170569895697822,265650,93825434198544,4375639744,7,2732,1151,945
170569903890537,170569903906859,170569903917180,170569903918887,170569903925354,170569903925415,265650,93825434198544,4375639744,7,2732,1151,946
170569912233715,170569912250162,170569912260572,170569912262211,170569912270357,170569912270408,265650,93825434198544,4375639744,7,2732,1151,947
170569920571953,170569920587225,170569920597851,170569920599648,170569920608626,170569920608686,265650,93825434198544,4375639744,7,2732,1151,948
170569928932412,170569928953142,170569928965363,170569928968336,170569928980698,170569928980754,265650,93825434198544,4375639744,7,2732,1151,949
170569937236384,170569937253516,170569937264355,170569937266158,170569937273052,170569937273113,265650,93825434198544,4375639744,7,2732,1151,950
170569945569668,170569945585375,170569945596063,170569945597865,170569945603640,170569945603702,265650,93825434198544,4375639744,7,2732,1151,951
170569953933470,170569953955458,170569953967601,170569953970568,170569953980731,170569953980790,265650,93825434198544,4375639744,7,2732,1151,952
170569962240505,170569962255999,170569962267688,170569962269194,170569962274478,170569962274582,265650,93825434198544,4375639744,7,2732,1151,953
170569970700728,170569970728003,170569970739313,170569970741104,170569970748859,170569970748952,265650,93825434198544,4375639744,7,2732,1151,954
170569979173915,170569979277411,170569979288772,170569979289973,170569979294959,170569979295050,265650,93825434198544,4375639744,7,2732,1151,955
170569987295479,170569987314778,170569987326120,170569987328559,170569987336693,170569987336753,265650,93825434198544,4375639744,7,2732,1151,956
170569995629825,170569995650267,170569995661595,170569995664377,170569995671377,170569995671596,265650,93825434198544,4375639744,7,2732,1151,957
170570003919723,170570003937667,170570003948179,170570003950476,170570003960009,170570003960115,265650,93825434198544,4375639744,7,2732,1151,958
170570012248372,170570012265616,170570012276284,170570012278533,170570012290135,170570012290201,265650,93825434198544,4375639744,7,2732,1151,959
170570020626498,170570020639687,170570020650380,170570020652316,170570020658966,170570020659025,265650,93825434198544,4375639744,7,2732,1151,960
170570028931543,170570028953181,170570028965083,170570028967862,170570028975352,170570028975417,265650,93825434198544,4375639744,7,2732,1151,961
170570037245873,170570037263979,170570037275187,170570037277214,170570037284623,170570037284687,265650,93825434198544,4375639744,7,2732,1151,962
170570045636514,170570045658874,170570045671470,170570045674500,170570045685395,170570045685473,265650,93825434198544,4375639744,7,2732,1151,963
170570053900460,170570053918060,170570053929296,170570053931387,170570053936217,170570053936278,265650,93825434198544,4375639744,7,2732,1151,964
170570062226051,170570062240971,170570062252055,170570062254005,170570062258852,170570062258908,265650,93825434198544,4375639744,7,2732,1151,965
170570070619677,170570070641629,170570070654310,170570070657251,170570070664102,170570070664165,265650,93825434198544,4375639744,7,2732,1151,966
170570078892747,170570078909073,170570078920072,170570078922138,170570078927197,170570078927261,265650,93825434198544,4375639744,7,2732,1151,967
170570087237250,170570087253098,170570087263798,170570087265810,170570087273076,170570087273155,265650,93825434198544,4375639744,7,2732,1151,968
170570095609919,170570095626392,170570095637193,170570095639322,170570095648981,170570095649064,265650,93825434198544,4375639744,7,2732,1151,969
170570103916280,170570103931599,170570103942179,170570103944328,170570103951113,170570103951196,265650,93825434198544,4375639744,7,2732,1151,970
170570112251282,170570112268354,170570112278598,170570112280519,170570112289482,170570112289539,265650,93825434198544,4375639744,7,2732,1151,971
170570120618618,170570120634163,170570120644556,170570120646309,170570120653175,170570120653222,265650,93825434198544,4375639744,7,2732,1151,972
170570128900379,170570128917121,170570128928189,170570128930030,170570128937053,170570128937110,265650,93825434198544,4375639744,7,2732,1151,973
170570137247660,170570137265197,170570137275288,170570137277260,170570137285155,170570137285218,265650,93825434198544,4375639744,7,2732,1151,974
170570145648402,170570145666371,170570145676838,170570145678725,170570145688016,170570145688080,265650,93825434198544,4375639744,7,2732,1151,975
170570153915781,170570153932826,170570153943969,170570153946033,170570153954753,170570153954819,265650,93825434198544,4375639744,7,2732,1151,976
170570162245894,170570162263339,170570162274816,170570162276982,170570162283905,170570162283969,265650,93825434198544,4375639744,7,2732,1151,977
170570170664523,170570170685916,170570170698312,170570170701742,170570170713546,170570170713620,265650,93825434198544,4375639744,7,2732,1151,978
170570178930768,170570178954786,170570178966929,170570178970346,170570178978511,170570178978595,265650,93825434198544,4375639744,7,2732,1151,979
170570187253673,170570187271202,170570187281805,170570187283888,170570187293413,170570187293490,265650,93825434198544,4375639744,7,2732,1151,980
170570195587028,170570195605380,170570195616765,170570195619816,170570195626640,170570195626725,265650,93825434198544,4375639744,7,2732,1151,981
170570203928602,170570203946878,170570203957981,170570203960338,170570203973073,170570203973181,265650,93825434198544,4375639744,7,2732,1151,982
170570212277951,170570212293239,170570212304433,170570212306390,170570212314126,170570212314197,265650,93825434198544,4375639744,7,2732,1151,983
170570220619867,170570220634134,170570220644055,170570220646126,170570220652464,170570220652520,265650,93825434198544,4375639744,7,2732,1151,984
170570228949848,170570228970600,170570228981307,170570228983311,170570228991298,170570228991355,265650,93825434198544,4375639744,7,2732,1151,985
170570237251018,170570237268992,170570237280104,170570237282128,170570237294636,170570237294705,265650,93825434198544,4375639744,7,2732,1151,986
170570245637632,170570245659618,170570245671162,170570245674211,170570245684041,170570245684123,265650,93825434198544,4375639744,7,2732,1151,987
170570253939862,170570253958681,170570253969822,170570253972553,170570253981220,170570253981304,265650,93825434198544,4375639744,7,2732,1151,988
170570262263486,170570262281480,170570262292523,170570262295070,170570262304351,170570262304416,265650,93825434198544,4375639744,7,2732,1151,989
170570270628741,170570270650561,170570270662940,170570270666127,170570270682346,170570270682419,265650,93825434198544,4375639744,7,2732,1151,990
170570278911743,170570278928195,170570278938984,170570278941122,170570278947011,170570278947070,265650,93825434198544,4375639744,7,2732,1151,991
170570287249219,170570287263905,170570287274847,170570287276929,170570287285624,170570287285677,265650,93825434198544,4375639744,7,2732,1151,992
170570295594608,170570295611950,170570295622463,170570295624463,170570295630917,170570295630980,265650,93825434198544,4375639744,7,2732,1151,993
170570303919403,170570303935775,170570303946730,170570303949084,170570303955778,170570303955857,265650,93825434198544,4375639744,7,2732,1151,994
170570312252514,170570312269694,170570312281267,170570312283361,170570312292378,170570312292443,265650,93825434198544,4375639744,7,2732,1151,995
170570320799965,170570320819165,170570320831576,170570320833822,170570320843038,170570320843145,265650,93825434198544,4375639744,7,2732,1151,996
170570329083592,170570329097802,170570329109517,170570329110998,170570329116119,170570329116212,265650,93825434198544,4375639744,7,2732,1151,997
170570337311449,170570337324403,170570337335426,170570337336398,170570337341249,170570337341344,265650,93825434198544,4375639744,7,2732,1151,998
170570345676107,170570345689601,170570345700259,170570345701303,170570345706934,170570345707025,265650,93825434198544,4375639744,7,2732,1151,999
170570354061601,170570354083566,170570354094528,170570354095597,170570354100086,170570354100166,265650,93825434198544,4375639744,7,2732,1151,1000
170570362253320,170570362262825,170570362270880,170570362271652,170570362276499,170570362276567,265650,93825434198544,4375639744,7,2732,1151,1001
170570370687360,170570370701889,170570370712787,170570370713821,170570370720336,170570370720425,265650,93825434198544,4375639744,7,2732,1151,1002
170570378986070,170570378995154,170570379004871,170570379005837,170570379010350,170570379010407,265650,93825434198544,4375639744,7,2732,1151,1003
170570387245388,170570387258066,170570387268872,170570387269811,170570387274929,170570387275008,265650,93825434198544,4375639744,7,2732,1151,1004
170570395618314,170570395629792,170570395638083,170570395638776,170570395643828,170570395643896,265650,93825434198544,4375639744,7,2732,1151,1005
170570404016363,170570404033486,170570404045321,170570404047024,170570404051296,170570404051387,265650,93825434198544,4375639744,7,2732,1151,1006
170570412249502,170570412260665,170570412269035,170570412270215,170570412274088,170570412274154,265650,93825434198544,4375639744,7,2732,1151,1007
170570420673166,170570420686688,170570420697556,170570420698457,170570420703903,170570420703989,265650,93825434198544,4375639744,7,2732,1151,1008
170570429044194,170570429074759,170570429085756,170570429086796,170570429091326,170570429091413,265650,93825434198544,4375639744,7,2732,1151,1009
170570437257474,170570437271615,170570437282805,170570437283832,170570437288852,170570437288944,265650,93825434198544,4375639744,7,2732,1151,1010
170570445741045,170570445767411,170570445778216,170570445779400,170570445784073,170570445784158,265650,93825434198544,4375639744,7,2732,1151,1011
170570453965883,170570453977650,170570453988242,170570453989121,170570453993481,170570453993567,265650,93825434198544,4375639744,7,2732,1151,1012
170570462295191,170570462310558,170570462322043,170570462323365,170570462327140,170570462327241,265650,93825434198544,4375639744,7,2732,1151,1013
170570470685105,170570470698188,170570470709098,170570470710107,170570470716191,170570470716282,265650,93825434198544,4375639744,7,2732,1151,1014
170570478959290,170570478972685,170570478983716,170570478985139,170570478991376,170570478991474,265650,93825434198544,4375639744,7,2732,1151,1015
170570487259089,170570487268813,170570487277030,170570487278085,170570487282668,170570487282730,265650,93825434198544,4375639744,7,2732,1151,1016
170570495717486,170570495733481,170570495744378,170570495745353,170570495750031,170570495750120,265650,93825434198544,4375639744,7,2732,1151,1017
170570503962885,170570503972220,170570503979924,170570503980571,170570503983683,170570503983746,265650,93825434198544,4375639744,7,2732,1151,1018
170570512358132,170570512373519,170570512381377,170570512382076,170570512386047,170570512386108,265650,93825434198544,4375639744,7,2732,1151,1019
170570520630410,170570520639116,170570520646938,170570520647626,170570520651535,170570520651593,265650,93825434198544,4375639744,7,2732,1151,1020
170570528957829,170570528966612,170570528974237,170570528974837,170570528978224,170570528978286,265650,93825434198544,4375639744,7,2732,1151,1021
170570537342147,170570537355574,170570537366822,170570537367785,170570537372397,170570537372490,265650,93825434198544,4375639744,7,2732,1151,1022
170570545665089,170570545678284,170570545688994,170570545689913,170570545697334,170570545697416,265650,93825434198544,4375639744,7,2732,1151,1023
170570554035402,170570554048237,170570554059099,170570554059934,170570554064418,170570554064492,265650,93825434198544,4375639744,7,2732,1151,1024
170570562259776,170570562273354,170570562284665,170570562285969,170570562290484,170570562290557,265650,93825434198544,4375639744,7,2732,1151,1025
170570570730875,170570570768753,170570570779977,170570570780887,170570570787950,170570570788024,265650,93825434198544,4375639744,7,2732,1151,1026
170570578947307,170570578956929,170570578965050,170570578965759,170570578970505,170570578970555,265650,93825434198544,4375639744,7,2732,1151,1027
170570587282536,170570587294986,170570587305938,170570587306851,170570587312187,170570587312254,265650,93825434198544,4375639744,7,2732,1151,1028
170570595622577,170570595631710,170570595640000,170570595641015,170570595647934,170570595648100,265650,93825434198544,4375639744,7,2732,1151,1029
170570603988007,170570603997595,170570604008034,170570604008624,170570604013367,170570604013417,265650,93825434198544,4375639744,7,2732,1151,1030
170570612250566,170570612259486,170570612267117,170570612267644,170570612271725,170570612271778,265650,93825434198544,4375639744,7,2732,1151,1031
170570620729972,170570620744202,170570620755278,170570620756496,170570620762748,170570620762823,265650,93825434198544,4375639744,7,2732,1151,1032
170570629086808,170570629099414,170570629110086,170570629111400,170570629117714,170570629117787,265650,93825434198544,4375639744,7,2732,1151,1033
170570637276494,170570637292371,170570637301756,170570637304198,170570637312954,170570637313013,265650,93825434198544,4375639744,7,2732,1151,1034
170570645732911,170570645748971,170570645758550,170570645760605,170570645775878,170570645775955,265650,93825434198544,4375639744,7,2732,1151,1035
170570654074196,170570654089977,170570654101732,170570654103637,170570654114545,170570654114656,265650,93825434198544,4375639744,7,2732,1151,1036
170570662261881,170570662276316,170570662287913,170570662289427,170570662294275,170570662294373,265650,93825434198544,4375639744,7,2732,1151,1037
170570670655757,170570670669393,170570670680702,170570670682072,170570670688292,170570670688370,265650,93825434198544,4375639744,7,2732,1151,1038
170570678985292,170570678998934,170570679013824,170570679015167,170570679020094,170570679020167,265650,93825434198544,4375639744,7,2732,1151,1039
170570687269620,170570687283949,170570687295045,170570687296299,170570687302749,170570687302827,265650,93825434198544,4375639744,7,2732,1151,1040
170570695724535,170570695738471,170570695749825,170570695751214,170570695763037,170570695763114,265650,93825434198544,4375639744,7,2732,1151,1041
170570703971854,170570703993869,170570704013707,170570704016123,170570704028017,170570704028105,265650,93825434198544,4375639744,7,2732,1151,1042
170570712276360,170570712290019,170570712300895,170570712302942,170570712310342,170570712310429,265650,93825434198544,4375639744,7,2732,1151,1043
170570720673466,170570720694636,170570720706131,170570720709340,170570720717261,170570720717349,265650,93825434198544,4375639744,7,2732,1151,1044
170570728977737,170570728993647,170570729014524,170570729016545,170570729023554,170570729023631,265650,93825434198544,4375639744,7,2732,1151,1045
170570737278588,170570737293636,170570737304174,170570737306524,170570737315608,170570737315666,265650,93825434198544,4375639744,7,2732,1151,1046
170570745616305,170570745633112,170570745643957,170570745646081,170570745652950,170570745653023,265650,93825434198544,4375639744,7,2732,1151,1047
170570754010053,170570754026550,170570754037449,170570754039293,170570754047857,170570754047934,265650,93825434198544,4375639744,7,2732,1151,1048
170570762277252,170570762294023,170570762305159,170570762307443,170570762319765,170570762319835,265650,93825434198544,4375639744,7,2732,1151,1049
170570770644042,170570770660093,170570770671148,170570770673428,170570770683515,170570770683566,265650,93825434198544,4375639744,7,2732,1151,1050
170570778938246,170570778955308,170570778965801,170570778967941,170570778976821,170570778976875,265650,93825434198544,4375639744,7,2732,1151,1051
170570787282564,170570787301749,170570787312761,170570787315190,170570787324161,170570787324216,265650,93825434198544,4375639744,7,2732,1151,1052
170570795697888,170570795719355,170570795731169,170570795734239,170570795746732,170570795746781,265650,93825434198544,4375639744,7,2732,1151,1053
170570803960531,170570803977838,170570803988493,170570803990952,170570804004218,170570804004294,265650,93825434198544,4375639744,7,2732,1151,1054
170570812307053,170570812323538,170570812335942,170570812337681,170570812343987,170570812344088,265650,93825434198544,4375639744,7,2732,1151,1055
170570820714138,170570820727714,170570820739196,170570820740750,170570820746037,170570820746135,265650,93825434198544,4375639744,7,2732,1151,1056
170570829043073,170570829055608,170570829066368,170570829067401,170570829072979,170570829073065,265650,93825434198544,4375639744,7,2732,1151,1057
170570837271162,170570837280166,170570837288019,170570837288744,170570837292775,170570837292829,265650,93825434198544,4375639744,7,2732,1151,1058
170570845690432,170570845702098,170570845712424,170570845713622,170570845719031,170570845719091,265650,93825434198544,4375639744,7,2732,1151,1059
170570854045762,170570854059854,170570854070805,170570854072172,170570854080667,170570854080765,265650,93825434198544,4375639744,7,2732,1151,1060
170570862324475,170570862337820,170570862348938,170570862350613,170570862358419,170570862358515,265650,93825434198544,4375639744,7,2732,1151,1061
170570870712254,170570870725320,170570870735968,170570870737254,170570870744382,170570870744477,265650,93825434198544,4375639744,7,2732,1151,1062
170570879064291,170570879076612,170570879087256,170570879088461,170570879094290,170570879094375,265650,93825434198544,4375639744,7,2732,1151,1063
170570887291475,170570887305442,170570887316258,170570887317490,170570887325252,170570887325338,265650,93825434198544,4375639744,7,2732,1151,1064
170570895743196,170570895755938,170570895766406,170570895767523,170570895773233,170570895773320,265650,93825434198544,4375639744,7,2732,1151,1065
170570904098925,170570904111790,170570904122633,170570904123649,170570904129671,170570904129758,265650,93825434198544,4375639744,7,2732,1151,1066
170570912269358,170570912278954,170570912287648,170570912288504,170570912293583,170570912293650,265650,93825434198544,4375639744,7,2732,1151,1067
170570920762330,170570920774951,170570920785712,170570920786752,170570920794593,170570920794682,265650,93825434198544,4375639744,7,2732,1151,1068
170570929086623,170570929099337,170570929110041,170570929111092,170570929118854,170570929118936,265650,93825434198544,4375639744,7,2732,1151,1069
170570937274960,170570937288148,170570937298997,170570937299977,170570937306005,170570937306091,265650,93825434198544,4375639744,7,2732,1151,1070
170570945754711,170570945767461,170570945778457,170570945779363,170570945787183,170570945787265,265650,93825434198544,4375639744,7,2732,1151,1071
170570954048440,170570954061652,170570954072672,170570954073704,170570954080158,170570954080231,265650,93825434198544,4375639744,7,2732,1151,1072
170570962277100,170570962290023,170570962300876,170570962301915,170570962308799,170570962308875,265650,93825434198544,4375639744,7,2732,1151,1073
170570970755193,170570970768553,170570970779410,170570970780891,170570970787145,170570970787219,265650,93825434198544,4375639744,7,2732,1151,1074
170570979123045,170570979136713,170570979147592,170570979149021,170570979157077,170570979157192,265650,93825434198544,4375639744,7,2732,1151,1075
170570987412735,170570987425978,170570987436907,170570987437979,170570987445223,170570987445287,265650,93825434198544,4375639744,7,2732,1151,1076
170570995738585,170570995751400,170570995761903,170570995762889,170570995768693,170570995768765,265650,93825434198544,4375639744,7,2732,1151,1077
170571004004970,170571004018178,170571004029081,170571004030239,170571004036176,170571004036250,265650,93825434198544,4375639744,7,2732,1151,1078
170571012279847,170571012292367,170571012303483,170571012304468,170571012310960,170571012311029,265650,93825434198544,4375639744,7,2732,1151,1079
170571020784435,170571020808453,170571020819031,170571020820005,170571020825483,170571020825553,265650,93825434198544,4375639744,7,2732,1151,1080
170571029105192,170571029117983,170571029128642,170571029129551,170571029135282,170571029135355,265650,93825434198544,4375639744,7,2732,1151,1081
170571037281727,170571037294211,170571037302348,170571037303131,170571037308893,170571037308945,265650,93825434198544,4375639744,7,2732,1151,1082
170571045697330,170571045710749,170571045721371,170571045722700,170571045731988,170571045732065,265650,93825434198544,4375639744,7,2732,1151,1083
170571054118325,170571054136631,170571054147836,170571054150542,170571054157038,170571054157145,265650,93825434198544,4375639744,7,2732,1151,1084
170571062300925,170571062317845,170571062328812,170571062331045,170571062337097,170571062337166,265650,93825434198544,4375639744,7,2732,1151,1085
170571070867034,170571070883469,170571070895305,170571070896965,170571070904092,170571070904198,265650,93825434198544,4375639744,7,2732,1151,1086
170571079099045,170571079111525,170571079122611,170571079123644,170571079129440,170571079129538,265650,93825434198544,4375639744,7,2732,1151,1087
170571087286876,170571087299579,170571087310752,170571087311690,170571087317211,170571087317288,265650,93825434198544,4375639744,7,2732,1151,1088
170571095690003,170571095702491,170571095713294,170571095714251,170571095721421,170571095721500,265650,93825434198544,4375639744,7,2732,1151,1089
170571103984428,170571103997663,170571104012628,170571104013761,170571104019123,170571104019204,265650,93825434198544,4375639744,7,2732,1151,1090
170571112347488,170571112357863,170571112366046,170571112366796,170571112372948,170571112373016,265650,93825434198544,4375639744,7,2732,1151,1091
170571120727450,170571120740610,170571120751530,170571120752645,170571120761674,170571120761755,265650,93825434198544,4375639744,7,2732,1151,1092
170571129091052,170571129107927,170571129119575,170571129121616,170571129127098,170571129127188,265650,93825434198544,4375639744,7,2732,1151,1093
170571137407343,170571137419456,170571137430280,170571137431282,170571137437236,170571137437328,265650,93825434198544,4375639744,7,2732,1151,1094
170571145718312,170571145730656,170571145741378,170571145742267,170571145749027,170571145749114,265650,93825434198544,4375639744,7,2732,1151,1095
170571154012333,170571154024393,170571154035035,170571154035798,170571154041209,170571154041293,265650,93825434198544,4375639744,7,2732,1151,1096
170571162429948,170571162443485,170571162454245,170571162455435,170571162460884,170571162460963,265650,93825434198544,4375639744,7,2732,1151,1097
170571170712009,170571170724983,170571170735554,170571170736633,170571170742027,170571170742107,265650,93825434198544,4375639744,7,2732,1151,1098
170571179103526,170571179122680,170571179133973,170571179136091,170571179143191,170571179143277,265650,93825434198544,4375639744,7,2732,1151,1099
170571187305031,170571187321506,170571187332595,170571187334706,170571187342977,170571187343026,265650,93825434198544,4375639744,7,2732,1151,1100
170571195698683,170571195719314,170571195731205,170571195734244,170571195746399,170571195746482,265650,93825434198544,4375639744,7,2732,1151,1101
170571204003484,170571204019810,170571204030524,170571204032477,170571204038022,170571204038101,265650,93825434198544,4375639744,7,2732,1151,1102
170571212303021,170571212321210,170571212333249,170571212336346,170571212342615,170571212342668,265650,93825434198544,4375639744,7,2732,1151,1103
170571220637184,170571220652110,170571220662584,170571220664231,170571220669447,170571220669512,265650,93825434198544,4375639744,7,2732,1151,1104
170571228954950,170571228970693,170571228981537,170571228983424,170571228988467,170571228988555,265650,93825434198544,4375639744,7,2732,1151,1105
170571237298227,170571237315781,170571237326546,170571237329033,170571237335489,170571237335577,265650,93825434198544,4375639744,7,2732,1151,1106
170571245715240,170571245736306,170571245747590,170571245749625,170571245755329,170571245755444,265650,93825434198544,4375639744,7,2732,1151,1107
170571253989674,170571254010976,170571254026449,170571254029523,170571254037167,170571254037250,265650,93825434198544,4375639744,7,2732,1151,1108
170571262293256,170571262306525,170571262317092,170571262318823,170571262325952,170571262326014,265650,93825434198544,4375639744,7,2732,1151,1109
170571270624279,170571270638887,170571270649258,170571270650978,170571270659767,170571270659822,265650,93825434198544,4375639744,7,2732,1151,1110
170571279045417,170571279061048,170571279072956,170571279074411,170571279078878,170571279078991,265650,93825434198544,4375639744,7,2732,1151,1111
170571287312306,170571287326131,170571287334946,170571287336040,170571287342975,170571287343036,265650,93825434198544,4375639744,7,2732,1151,1112
170571295745377,170571295759439,170571295770775,170571295771934,170571295784219,170571295784307,265650,93825434198544,4375639744,7,2732,1151,1113
170571303993638,170571304015119,170571304026322,170571304029033,170571304038852,170571304038933,265650,93825434198544,4375639744,7,2732,1151,1114
170571312322586,170571312340870,170571312351637,170571312354092,170571312361108,170571312361184,265650,93825434198544,4375639744,7,2732,1151,1115
170571320667778,170571320688493,170571320700227,170571320703637,170571320732589,170571320732654,265650,93825434198544,4375639744,7,2732,1151,1116
170571329046000,170571329064133,170571329075290,170571329078203,170571329085041,170571329085137,265650,93825434198544,4375639744,7,2732,1151,1117
