start,geometry,clip,blit,flush,end,hwnd,surface,thread,outcome,width,height,commit
170574383684166,170574383701533,170574383712921,170574383715061,170574383722964,170574383723021,265650,93825434198544,4375639744,7,2732,1151,1349
170574392038230,170574392054723,170574392065824,170574392067705,170574392079450,170574392079512,265650,93825434198544,4375639744,7,2732,1151,1350
170574400314005,170574400337469,170574400350018,170574400352557,170574400365932,170574400366004,265650,93825434198544,4375639744,7,2732,1151,1351
170574408812641,170574408839888,170574408852231,170574408853855,170574408868790,170574408868881,265650,93825434198544,4375639744,7,2732,1151,1352
170574416981476,170574416994163,170574417009207,170574417010358,170574417015699,170574417015787,265650,93825434198544,4375639744,7,2732,1151,1353
170574425405616,170574425456152,170574425466954,170574425468087,170574425477379,170574425477473,265650,93825434198544,4375639744,7,2732,1151,1354
170574433766182,170574433780158,170574433791178,170574433792545,170574433799821,170574433799912,265650,93825434198544,4375639744,7,2732,1151,1355
170574442125701,170574442162756,170574442173785,170574442174769,170574442181045,170574442181145,265650,93825434198544,4375639744,7,2732,1151,1356
170574450301918,170574450312924,170574450321866,170574450322679,170574450327839,170574450327913,265650,93825434198544,4375639744,7,2732,1151,1357
170574458687854,170574458700421,170574458711178,170574458712148,170574458717472,170574458717552,265650,93825434198544,4375639744,7,2732,1151,1358
170574467045888,170574467061129,170574467072808,170574467074662,170574467083140,170574467083229,265650,93825434198544,4375639744,7,2732,1151,1359
170574475458684,170574475471828,170574475483093,170574475484177,170574475490180,170574475490267,265650,93825434198544,4375639744,7,2732,1151,1360
170574483783577,170574483799123,170574483810151,170574483811096,170574483815984,170574483816074,265650,93825434198544,4375639744,7,2732,1151,1361
170574492064155,170574492076700,170574492087632,170574492088632,170574492093374,170574492093463,265650,93825434198544,4375639744,7,2732,1151,1362
170574500396665,170574500410116,170574500421204,170574500422317,170574500428393,170574500428468,265650,93825434198544,4375639744,7,2732,1151,1363
170574508768798,170574508782559,170574508793753,170574508794940,170574508801613,170574508801715,265650,93825434198544,4375639744,7,2732,1151,1364
170574517068427,170574517084336,170574517095395,170574517096637,170574517103909,170574517103999,265650,93825434198544,4375639744,7,2732,1151,1365
170574525446996,170574525466726,170574525477622,170574525478685,170574525485179,170574525485268,265650,93825434198544,4375639744,7,2732,1151,1366
170574533740674,170574533795050,170574533805694,170574533806526,170574533812270,170574533812355,265650,93825434198544,4375639744,7,2732,1151,1367
170574542099361,170574542112976,170574542123999,170574542125124,170574542132637,170574542132727,265650,93825434198544,4375639744,7,2732,1151,1368
170574550418930,170574550432051,170574550442972,170574550444203,170574550450979,170574550451065,265650,93825434198544,4375639744,7,2732,1151,1369
170574558778997,170574558792299,170574558803310,170574558804599,170574558808604,170574558808699,265650,93825434198544,4375639744,7,2732,1151,1370
170574567044925,170574567059034,170574567070120,170574567071567,170574567078733,170574567078823,265650,93825434198544,4375639744,7,2732,1151,1371
170574575309836,170574575322518,170574575333496,170574575334569,170574575340567,170574575340649,265650,93825434198544,4375639744,7,2732,1151,1372
170574583746501,170574583758570,170574583769273,170574583770290,170574583775530,170574583775619,265650,93825434198544,4375639744,7,2732,1151,1373
170574592129959,170574592158214,170574592168788,170574592169688,170574592174834,170574592174913,265650,93825434198544,4375639744,7,2732,1151,1374
170574600284597,170574600296742,170574600305472,170574600306767,170574600312025,170574600312098,265650,93825434198544,4375639744,7,2732,1151,1375
170574608782156,170574608796605,170574608807905,170574608809467,170574608814925,170574608815017,265650,93825434198544,4375639744,7,2732,1151,1376
170574617130013,170574617152666,170574617164272,170574617167206,170574617181621,170574617181732,265650,93825434198544,4375639744,7,2732,1151,1377
170574625334818,170574625350338,170574625362316,170574625365543,170574625381025,170574625381112,265650,93825434198544,4375639744,7,2732,1151,1378
170574633695074,170574633711603,170574633722083,170574633723863,170574633733045,170574633733115,265650,93825434198544,4375639744,7,2732,1151,1379
170574642020485,170574642039928,170574642050662,170574642053116,170574642065315,170574642065386,265650,93825434198544,4375639744,7,2732,1151,1380
170574650324127,170574650339725,170574650350222,170574650352093,170574650359816,170574650359882,265650,93825434198544,4375639744,7,2732,1151,1381
170574658690750,170574658706699,170574658717259,170574658719092,170574658725177,170574658725254,265650,93825434198544,4375639744,7,2732,1151,1382
170574667166846,170574667181502,170574667193103,170574667194814,170574667199700,170574667199791,265650,93825434198544,4375639744,7,2732,1151,1383
170574675331978,170574675342186,170574675350627,170574675351629,170574675355329,170574675355396,265650,93825434198544,4375639744,7,2732,1151,1384
170574683832054,170574683868492,170574683890675,170574683893691,170574683907459,170574683907555,265650,93825434198544,4375639744,7,2732,1151,1385
170574692091705,170574692108559,170574692119571,170574692122167,170574692128487,170574692128596,265650,93825434198544,4375639744,7,2732,1151,1386
170574700324119,170574700346926,170574700358286,170574700360977,170574700371161,170574700371233,265650,93825434198544,4375639744,7,2732,1151,1387
170574708713883,170574708731073,170574708741421,170574708743505,170574708758996,170574708759075,265650,93825434198544,4375639744,7,2732,1151,1388
170574716991195,170574717010812,170574717021472,170574717023341,170574717030881,170574717030962,265650,93825434198544,4375639744,7,2732,1151,1389
170574725315264,170574725333941,170574725345478,170574725348050,170574725358362,170574725358411,265650,93825434198544,4375639744,7,2732,1151,1390
170574733702733,170574733719497,170574733730098,170574733732204,170574733739168,170574733739228,265650,93825434198544,4375639744,7,2732,1151,1391
170574742080787,170574742096883,170574742107505,170574742109463,170574742126917,170574742126973,265650,93825434198544,4375639744,7,2732,1151,1392
170574750332238,170574750348233,170574750358969,170574750361123,170574750368060,170574750368122,265650,93825434198544,4375639744,7,2732,1151,1393
170574758704085,170574758719556,170574758730297,170574758732293,170574758739313,170574758739370,265650,93825434198544,4375639744,7,2732,1151,1394
170574767043481,170574767059380,170574767070096,170574767071720,170574767077637,170574767077698,265650,93825434198544,4375639744,7,2732,1151,1395
170574775403187,170574775425550,170574775438501,170574775441626,170574775456668,170574775456725,265650,93825434198544,4375639744,7,2732,1151,1396
170574783671660,170574783686165,170574783696615,170574783698533,170574783707019,170574783707073,265650,93825434198544,4375639744,7,2732,1151,1397
170574792220820,170574792238770,170574792250373,170574792251876,170574792257485,170574792257587,265650,93825434198544,4375639744,7,2732,1151,1398
170574800373434,170574800385883,170574800396789,170574800397855,170574800404321,170574800404415,265650,93825434198544,4375639744,7,2732,1151,1399
170574808762478,170574808775301,170574808785923,170574808787668,170574808793936,170574808794009,265650,93825434198544,4375639744,7,2732,1151,1400
170574817088206,170574817100878,170574817111927,170574817112799,170574817117956,170574817118041,265650,93825434198544,4375639744,7,2732,1151,1401
170574825371009,170574825390744,170574825402440,170574825405671,170574825411243,170574825411321,265650,93825434198544,4375639744,7,2732,1151,1402
170574833709057,170574833725159,170574833735776,170574833737514,170574833744404,170574833744476,265650,93825434198544,4375639744,7,2732,1151,1403
170574841999672,170574842021648,170574842032152,170574842034116,170574842040282,170574842040330,265650,93825434198544,4375639744,7,2732,1151,1404
170574850348584,170574850370237,170574850381715,170574850384153,170574850399138,170574850399208,265650,93825434198544,4375639744,7,2732,1151,1405
170574858711048,170574858727882,170574858738272,170574858740198,170574858747492,170574858747557,265650,93825434198544,4375639744,7,2732,1151,1406
170574866998512,170574867018272,170574867029127,170574867031116,170574867036656,170574867036709,265650,93825434198544,4375639744,7,2732,1151,1407
170574875341070,170574875357569,170574875368649,170574875370757,170574875378718,170574875378789,265650,93825434198544,4375639744,7,2732,1151,1408
170574883668238,170574883684333,170574883695099,170574883697461,170574883705268,170574883705322,265650,93825434198544,4375639744,7,2732,1151,1409
170574892014803,170574892032279,170574892043213,170574892045358,170574892051643,170574892051718,265650,93825434198544,4375639744,7,2732,1151,1410
170574900344321,170574900361564,170574900372102,170574900373947,170574900382059,170574900382122,265650,93825434198544,4375639744,7,2732,1151,1411
170574908694094,170574908710515,170574908720991,170574908723495,170574908731780,170574908731858,265650,93825434198544,4375639744,7,2732,1151,1412
170574917004730,170574917022030,170574917032398,170574917034402,170574917040618,170574917040678,265650,93825434198544,4375639744,7,2732,1151,1413
170574925382598,170574925398936,170574925409599,170574925411308,170574925418369,170574925418448,265650,93825434198544,4375639744,7,2732,1151,1414
170574933706014,170574933722030,170574933732596,170574933734532,170574933741773,170574933741821,265650,93825434198544,4375639744,7,2732,1151,1415
170574941996738,170574942027189,170574942039218,170574942041876,170574942049674,170574942049719,265650,93825434198544,4375639744,7,2732,1151,1416
170574950331460,170574950347551,170574950358191,170574950360076,170574950367994,170574950368068,265650,93825434198544,4375639744,7,2732,1151,1417
170574958721687,170574958737204,170574958747678,170574958749521,170574958760579,170574958760633,265650,93825434198544,4375639744,7,2732,1151,1418
170574967121260,170574967136236,170574967148198,170574967149531,170574967158001,170574967158101,265650,93825434198544,4375639744,7,2732,1151,1419
170574975383294,170574975394650,170574975403207,170574975404501,170574975412585,170574975412668,265650,93825434198544,4375639744,7,2732,1151,1420
170574983820786,170574983850854,170574983861723,170574983862727,170574983868943,170574983869041,265650,93825434198544,4375639744,7,2732,1151,1421
170574992160546,170574992190387,170574992200845,170574992201726,170574992207592,170574992207679,265650,93825434198544,4375639744,7,2732,1151,1422
170575000363887,170575000373441,170575000381182,170575000382084,170575000388541,170575000388607,265650,93825434198544,4375639744,7,2732,1151,1423
170575008817928,170575008836280,170575008848072,170575008850173,170575008858503,170575008858589,265650,93825434198544,4375639744,7,2732,1151,1424
170575017150563,170575017174837,170575017186321,170575017189173,170575017195925,170575017196041,265650,93825434198544,4375639744,7,2732,1151,1425
170575025395833,170575025418006,170575025430408,170575025433382,170575025442066,170575025442127,265650,93825434198544,4375639744,7,2732,1151,1426
170575033741915,170575033759286,170575033770658,170575033772513,170575033778464,170575033778558,265650,93825434198544,4375639744,7,2732,1151,1427
170575042077962,170575042094638,170575042105564,170575042107718,170575042113967,170575042114034,265650,93825434198544,4375639744,7,2732,1151,1428
170575050351439,170575050368884,170575050379636,170575050381607,170575050389374,170575050389454,265650,93825434198544,4375639744,7,2732,1151,1429
170575058694795,170575058711040,170575058721717,170575058723927,170575058731943,170575058732048,265650,93825434198544,4375639744,7,2732,1151,1430
170575067072724,170575067090554,170575067101697,170575067103687,170575067109149,170575067109232,265650,93825434198544,4375639744,7,2732,1151,1431
170575075373022,170575075393926,170575075405655,170575075408446,170575075421759,170575075421824,265650,93825434198544,4375639744,7,2732,1151,1432
170575083697639,170575083715569,170575083726978,170575083728898,170575083738989,170575083739042,265650,93825434198544,4375639744,7,2732,1151,1433
170575092045728,170575092064393,170575092074915,170575092077038,170575092089078,170575092089149,265650,93825434198544,4375639744,7,2732,1151,1434
170575100367062,170575100389224,170575100400971,170575100403955,170575100415027,170575100415093,265650,93825434198544,4375639744,7,2732,1151,1435
170575108843246,170575108860884,170575108872902,170575108874549,170575108881074,170575108881183,265650,93825434198544,4375639744,7,2732,1151,1436
170575117133575,170575117146301,170575117157498,170575117158809,170575117165746,170575117165845,265650,93825434198544,4375639744,7,2732,1151,1437
170575125357393,170575125367544,170575125375753,170575125376526,170575125381705,170575125381778,265650,93825434198544,4375639744,7,2732,1151,1438
170575133799591,170575133812246,170575133822968,170575133824008,170575133830155,170575133830240,265650,93825434198544,4375639744,7,2732,1151,1439
170575142157716,170575142169964,170575142180640,170575142181585,170575142187319,170575142187398,265650,93825434198544,4375639744,7,2732,1151,1440
170575150395604,170575150404385,170575150411864,170575150412523,170575150417176,170575150417223,265650,93825434198544,4375639744,7,2732,1151,1441
170575158806954,170575158825396,170575158836929,170575158839606,170575158845756,170575158845862,265650,93825434198544,4375639744,7,2732,1151,1442
170575167099120,170575167116474,170575167127245,170575167129465,170575167135061,170575167135163,265650,93825434198544,4375639744,7,2732,1151,1443
170575175417848,170575175440953,170575175452870,170575175455631,170575175467256,170575175467339,265650,93825434198544,4375639744,7,2732,1151,1444
170575183754062,170575183771969,170575183783348,170575183785429,170575183794939,170575183795028,265650,93825434198544,4375639744,7,2732,1151,1445
170575192066914,170575192084005,170575192095021,170575192096814,170575192103408,170575192103511,265650,93825434198544,4375639744,7,2732,1151,1446
170575200377653,170575200394597,170575200405319,170575200406838,170575200413263,170575200413344,265650,93825434198544,4375639744,7,2732,1151,1447
170575208753256,170575208768408,170575208779313,170575208781060,170575208787188,170575208787245,265650,93825434198544,4375639744,7,2732,1151,1448
170575217101186,170575217117536,170575217128087,170575217130164,170575217136722,170575217136818,265650,93825434198544,4375639744,7,2732,1151,1449
170575225440788,170575225461344,170575225474040,170575225476880,170575225485288,170575225485346,265650,93825434198544,4375639744,7,2732,1151,1450
170575233746859,170575233763097,170575233773542,170575233775691,170575233782812,170575233782884,265650,93825434198544,4375639744,7,2732,1151,1451
170575242106341,170575242123004,170575242134345,170575242136287,170575242144103,170575242144152,265650,93825434198544,4375639744,7,2732,1151,1452
170575250452032,170575250463852,170575250473002,170575250474110,170575250478161,170575250478221,265650,93825434198544,4375639744,7,2732,1151,1453
170575258805759,170575258817906,170575258828844,170575258829769,170575258834034,170575258834111,265650,93825434198544,4375639744,7,2732,1151,1454
170575267163719,170575267176360,170575267187152,170575267188043,170575267194168,170575267194241,265650,93825434198544,4375639744,7,2732,1151,1455
170575275483565,170575275500745,170575275511479,170575275514010,170575275525466,170575275525539,265650,93825434198544,4375639744,7,2732,1151,1456
170575283724854,170575283743119,170575283754069,170575283756292,170575283765691,170575283765766,265650,93825434198544,4375639744,7,2732,1151,1457
170575292069195,170575292086576,170575292097228,170575292099629,170575292111455,170575292111513,265650,93825434198544,4375639744,7,2732,1151,1458
170575300433066,170575300449869,170575300460620,170575300462303,170575300468989,170575300469038,265650,93825434198544,4375639744,7,2732,1151,1459
170575308762339,170575308781862,170575308793124,170575308796060,170575308813482,170575308813538,265650,93825434198544,4375639744,7,2732,1151,1460
170575317147693,170575317168196,170575317179705,170575317182197,170575317204421,170575317204530,265650,93825434198544,4375639744,7,2732,1151,1461
170575325499741,170575325518545,170575325529907,170575325532408,170575325545705,170575325545787,265650,93825434198544,4375639744,7,2732,1151,1462
170575333769918,170575333787380,170575333798165,170575333800126,170575333807270,170575333807331,265650,93825434198544,4375639744,7,2732,1151,1463
170575342123859,170575342141876,170575342153068,170575342155336,170575342166700,170575342166780,265650,93825434198544,4375639744,7,2732,1151,1464
170575350455952,170575350472595,170575350482967,170575350484436,170575350493341,170575350493390,265650,93825434198544,4375639744,7,2732,1151,1465
170575358747150,170575358762961,170575358773914,170575358776176,170575358786074,170575358786129,265650,93825434198544,4375639744,7,2732,1151,1466
170575367103025,170575367121283,170575367131672,170575367133893,170575367138579,170575367138635,265650,93825434198544,4375639744,7,2732,1151,1467
170575375464817,170575375486142,170575375497259,170575375500113,170575375508949,170575375509021,265650,93825434198544,4375639744,7,2732,1151,1468
170575383744169,170575383761830,170575383773015,170575383774665,170575383784586,170575383784639,265650,93825434198544,4375639744,7,2732,1151,1469
170575392084403,170575392101385,170575392112430,170575392114321,170575392126456,170575392126520,265650,93825434198544,4375639744,7,2732,1151,1470
170575400472175,170575400495056,170575400507418,170575400509931,170575400522257,170575400522334,265650,93825434198544,4375639744,7,2732,1151,1471
170575408735632,170575408750994,170575408762030,170575408763690,170575408771855,170575408771923,265650,93825434198544,4375639744,7,2732,1151,1472
170575417092823,170575417109176,170575417119819,170575417121518,170575417128300,170575417128371,265650,93825434198544,4375639744,7,2732,1151,1473
170575425400087,170575425416305,170575425426796,170575425428458,170575425434892,170575425434949,265650,93825434198544,4375639744,7,2732,1151,1474
170575433758711,170575433781591,170575433793263,170575433796103,170575433807332,170575433807394,265650,93825434198544,4375639744,7,2732,1151,1475
170575442100996,170575442117709,170575442128861,170575442130501,170575442137646,170575442137819,265650,93825434198544,4375639744,7,2732,1151,1476
170575450418957,170575450441552,170575450453397,170575450455937,170575450465189,170575450465246,265650,93825434198544,4375639744,7,2732,1151,1477
170575458762336,170575458781893,170575458793503,170575458795727,170575458804491,170575458804598,265650,93825434198544,4375639744,7,2732,1151,1478
170575467112763,170575467128513,170575467139340,170575467141508,170575467146513,170575467146573,265650,93825434198544,4375639744,7,2732,1151,1479
170575475462068,170575475484029,170575475495294,170575475497156,170575475503670,170575475503734,265650,93825434198544,4375639744,7,2732,1151,1480
170575483740257,170575483756955,170575483767442,170575483769147,170575483777609,170575483777699,265650,93825434198544,4375639744,7,2732,1151,1481
170575492090764,170575492111162,170575492122771,170575492125246,170575492131634,170575492131738,265650,93825434198544,4375639744,7,2732,1151,1482
170575500419806,170575500438141,170575500448841,170575500450906,170575500459799,170575500459871,265650,93825434198544,4375639744,7,2732,1151,1483
170575508793493,170575508810645,170575508821177,170575508823497,170575508833465,170575508833532,265650,93825434198544,4375639744,7,2732,1151,1484
170575517073783,170575517090303,170575517100660,170575517102577,170575517109917,170575517109985,265650,93825434198544,4375639744,7,2732,1151,1485
170575525475908,170575525499733,170575525511304,170575525514174,170575525523241,170575525523310,265650,93825434198544,4375639744,7,2732,1151,1486
170575533744453,170575533761091,170575533771845,170575533773828,170575533780427,170575533780530,265650,93825434198544,4375639744,7,2732,1151,1487
170575542061220,170575542078294,170575542089173,170575542091173,170575542097737,170575542097834,265650,93825434198544,4375639744,7,2732,1151,1488
170575550441574,170575550463462,170575550476291,170575550479166,170575550488969,170575550489060,265650,93825434198544,4375639744,7,2732,1151,1489
170575558757127,170575558774508,170575558785881,170575558787960,170575558797505,170575558797586,265650,93825434198544,4375639744,7,2732,1151,1490
170575567090460,170575567110764,170575567122324,170575567124883,170575567133043,170575567133152,265650,93825434198544,4375639744,7,2732,1151,1491
170575575460827,170575575478121,170575575489545,170575575491604,170575575497157,170575575497232,265650,93825434198544,4375639744,7,2732,1151,1492
170575583749333,170575583766263,170575583777451,170575583779564,170575583786774,170575583786851,265650,93825434198544,4375639744,7,2732,1151,1493
170575592071473,170575592087594,170575592097965,170575592100055,170575592105228,170575592105282,265650,93825434198544,4375639744,7,2732,1151,1494
170575600513201,170575600535861,170575600548342,170575600551687,170575600563538,170575600563643,265650,93825434198544,4375639744,7,2732,1151,1495
170575608773257,170575608792537,170575608803566,170575608806243,170575608816716,170575608816774,265650,93825434198544,4375639744,7,2732,1151,1496
170575617057438,170575617074077,170575617085261,170575617087350,170575617092639,170575617092725,265650,93825434198544,4375639744,7,2732,1151,1497
170575625422616,170575625440412,170575625451629,170575625453797,170575625461022,170575625461206,265650,93825434198544,4375639744,7,2732,1151,1498
170575633758370,170575633776117,170575633787053,170575633789197,170575633795895,170575633795980,265650,93825434198544,4375639744,7,2732,1151,1499
170575642114291,170575642131952,170575642142727,170575642144734,170575642150898,170575642150989,265650,93825434198544,4375639744,7,2732,1151,1500
170575650424610,170575650441491,170575650452399,170575650454250,170575650461752,170575650461808,265650,93825434198544,4375639744,7,2732,1151,1501
170575658807803,170575658825749,170575658836127,170575658838164,170575658844397,170575658844463,265650,93825434198544,4375639744,7,2732,1151,1502
170575667070548,170575667086228,170575667096709,170575667098696,170575667107364,170575667107439,265650,93825434198544,4375639744,7,2732,1151,1503
170575675440390,170575675461037,170575675472638,170575675475457,170575675488148,170575675488207,265650,93825434198544,4375639744,7,2732,1151,1504
170575683801552,170575683818462,170575683829338,170575683831414,170575683839994,170575683840049,265650,93825434198544,4375639744,7,2732,1151,1505
170575692107792,170575692123485,170575692133806,170575692135936,170575692140395,170575692140441,265650,93825434198544,4375639744,7,2732,1151,1506
170575700479984,170575700496770,170575700507525,170575700509804,170575700518512,170575700518586,265650,93825434198544,4375639744,7,2732,1151,1507
170575708759957,170575708777078,170575708787611,170575708790054,170575708800879,170575708800938,265650,93825434198544,4375639744,7,2732,1151,1508
170575717071470,170575717087280,170575717098102,170575717100070,170575717105321,170575717105388,265650,93825434198544,4375639744,7,2732,1151,1509
170575725481022,170575725494733,170575725505275,170575725507216,170575725511102,170575725511154,265650,93825434198544,4375639744,7,2732,1151,1510
170575733810945,170575733825961,170575733836538,170575733838422,170575733844562,170575733844610,265650,93825434198544,4375639744,7,2732,1151,1511
170575742176290,170575742230409,170575742242750,170575742244316,170575742252645,170575742252744,265650,93825434198544,4375639744,7,2732,1151,1512
170575750491173,170575750501099,170575750509391,170575750510557,170575750516808,170575750516883,265650,93825434198544,4375639744,7,2732,1151,1513
170575758891921,170575758918955,170575758930305,170575758931707,170575758938201,170575758938291,265650,93825434198544,4375639744,7,2732,1151,1514
170575767156158,170575767170480,170575767181862,170575767183329,170575767190462,170575767190554,265650,93825434198544,4375639744,7,2732,1151,1515
170575775495803,170575775507400,170575775516367,170575775517404,170575775524095,170575775524163,265650,93825434198544,4375639744,7,2732,1151,1516
170575783842730,170575783855283,170575783866345,170575783867402,170575783873279,170575783873366,265650,93825434198544,4375639744,7,2732,1151,1517
170575792162553,170575792176369,170575792187376,170575792188611,170575792196306,170575792196381,265650,93825434198544,4375639744,7,2732,1151,1518
170575800494814,170575800507271,170575800517987,170575800518993,170575800524835,170575800524907,265650,93825434198544,4375639744,7,2732,1151,1519
170575808836652,170575808848712,170575808859689,170575808860622,170575808866350,170575808866423,265650,93825434198544,4375639744,7,2732,1151,1520
170575817182257,170575817210010,170575817220718,170575817221525,170575817226591,170575817226662,265650,93825434198544,4375639744,7,2732,1151,1521
170575825500965,170575825510298,170575825518446,170575825518961,170575825523862,170575825523919,265650,93825434198544,4375639744,7,2732,1151,1522
170575833849242,170575833861870,170575833872687,170575833873529,170575833878796,170575833878869,265650,93825434198544,4375639744,7,2732,1151,1523
170575842227660,170575842245415,170575842256305,170575842257131,170575842262885,170575842262960,265650,93825434198544,4375639744,7,2732,1151,1524
170575850506497,170575850516459,170575850524231,170575850524930,170575850529287,170575850529338,265650,93825434198544,4375639744,7,2732,1151,1525
170575858883869,170575858897421,170575858908730,170575858910204,170575858917251,170575858917328,265650,93825434198544,4375639744,7,2732,1151,1526
170575867188311,170575867201716,170575867212952,170575867214328,170575867222564,170575867222636,265650,93825434198544,4375639744,7,2732,1151,1527
170575875517601,170575875528329,170575875536224,170575875537469,170575875542181,170575875542238,265650,93825434198544,4375639744,7,2732,1151,1528
170575883774079,170575883786214,170575883794611,170575883796037,170575883801708,170575883801774,265650,93825434198544,4375639744,7,2732,1151,1529
170575892173455,170575892238654,170575892249816,170575892251101,170575892256721,170575892256811,265650,93825434198544,4375639744,7,2732,1151,1530
170575900546447,170575900561465,170575900570317,170575900572498,170575900582305,170575900582372,265650,93825434198544,4375639744,7,2732,1151,1531
170575908975064,170575908994438,170575909010766,170575909014165,170575909023791,170575909023902,265650,93825434198544,4375639744,7,2732,1151,1532
170575917265360,170575917283828,170575917295784,170575917297935,170575917306141,170575917306218,265650,93825434198544,4375639744,7,2732,1151,1533
170575925575104,170575925592263,170575925604480,170575925606665,170575925615480,170575925615582,265650,93825434198544,4375639744,7,2732,1151,1534
170575933872737,170575933887370,170575933896455,170575933898459,170575933905821,170575933905893,265650,93825434198544,4375639744,7,2732,1151,1535
170575942237004,170575942254290,170575942266240,170575942268350,170575942278985,170575942279098,265650,93825434198544,4375639744,7,2732,1151,1536
170575950625197,170575950732662,170575950764529,170575950766421,170575950776807,170575950776922,265650,93825434198544,4375639744,7,2732,1151,1537
170575958884697,170575958900747,170575958912202,170575958913792,170575958918839,170575958918942,265650,93825434198544,4375639744,7,2732,1151,1538
170575967181445,170575967195328,170575967206790,170575967208271,170575967214971,170575967215083,265650,93825434198544,4375639744,7,2732,1151,1539
170575975530403,170575975553317,170575975566316,170575975570261,170575975601425,170575975601651,265650,93825434198544,4375639744,7,2732,1151,1540
170575983792452,170575983814192,170575983826600,170575983829691,170575983837336,170575983837410,265650,93825434198544,4375639744,7,2732,1151,1541
170575992108637,170575992124785,170575992135586,170575992137280,170575992142534,170575992142596,265650,93825434198544,4375639744,7,2732,1151,1542
170576000446129,170576000463059,170576000473550,170576000475383,170576000482931,170576000482998,265650,93825434198544,4375639744,7,2732,1151,1543
170576008787110,170576008806533,170576008818741,170576008821396,170576008827561,170576008827617,265650,93825434198544,4375639744,7,2732,1151,1544
170576017125137,170576017140788,170576017151256,170576017153045,170576017162557,170576017162616,265650,93825434198544,4375639744,7,2732,1151,1545
170576025457323,170576025478448,170576025490826,170576025493445,170576025504827,170576025504905,265650,93825434198544,4375639744,7,2732,1151,1546
170576033825709,170576033847787,170576033860078,170576033863080,170576033877914,170576033877974,265650,93825434198544,4375639744,7,2732,1151,1547
170576042144025,170576042158422,170576042169752,170576042171990,170576042178637,170576042178709,265650,93825434198544,4375639744,7,2732,1151,1548
170576050499959,170576050516081,170576050526882,170576050528684,170576050536142,170576050536194,265650,93825434198544,4375639744,7,2732,1151,1549
170576058785484,170576058801258,170576058812144,170576058814766,170576058821409,170576058821468,265650,93825434198544,4375639744,7,2732,1151,1550
170576067128597,170576067145861,170576067157238,170576067159310,170576067169053,170576067169116,265650,93825434198544,4375639744,7,2732,1151,1551
170576075502455,170576075523003,170576075535544,170576075538448,170576075549755,170576075549924,265650,93825434198544,4375639744,7,2732,1151,1552
170576083797854,170576083820360,170576083832087,170576083835525,170576083844380,170576083844458,265650,93825434198544,4375639744,7,2732,1151,1553
170576092110714,170576092125971,170576092136790,170576092138885,170576092143244,170576092143307,265650,93825434198544,4375639744,7,2732,1151,1554
170576100508766,170576100529423,170576100540928,170576100543806,170576100551721,170576100551770,265650,93825434198544,4375639744,7,2732,1151,1555
170576108827441,170576108848616,170576108860864,170576108863876,170576108873760,170576108873827,265650,93825434198544,4375639744,7,2732,1151,1556
170576117116947,170576117133572,170576117144001,170576117146072,170576117151041,170576117151106,265650,93825434198544,4375639744,7,2732,1151,1557
170576125490742,170576125505129,170576125515897,170576125517710,170576125522018,170576125522144,265650,93825434198544,4375639744,7,2732,1151,1558
170576133784087,170576133800807,170576133811974,170576133814018,170576133819675,170576133819729,265650,93825434198544,4375639744,7,2732,1151,1559
170576142114370,170576142130580,170576142141826,170576142143564,170576142149415,170576142149459,265650,93825434198544,4375639744,7,2732,1151,1560
170576150456729,170576150471885,170576150482560,170576150484278,170576150490034,170576150490105,265650,93825434198544,4375639744,7,2732,1151,1561
170576158818874,170576158839935,170576158852175,170576158854904,170576158865124,170576158865189,265650,93825434198544,4375639744,7,2732,1151,1562
170576167130989,170576167147225,170576167158016,170576167159991,170576167164242,170576167164309,265650,93825434198544,4375639744,7,2732,1151,1563
170576175473090,170576175489936,170576175501801,170576175504551,170576175515867,170576175515931,265650,93825434198544,4375639744,7,2732,1151,1564
170576183791887,170576183806976,170576183817959,170576183819888,170576183838970,170576183839038,265650,93825434198544,4375639744,7,2732,1151,1565
170576192133481,170576192151384,170576192162058,170576192164353,170576192173537,170576192173604,265650,93825434198544,4375639744,7,2732,1151,1566
170576200536809,170576200555163,170576200566500,170576200568718,170576200578021,170576200578122,265650,93825434198544,4375639744,7,2732,1151,1567
170576208797275,170576208814113,170576208824650,170576208826642,170576208835181,170576208835266,265650,93825434198544,4375639744,7,2732,1151,1568
170576217127990,170576217144176,170576217155319,170576217157194,170576217166206,170576217166287,265650,93825434198544,4375639744,7,2732,1151,1569
170576225620180,170576225634317,170576225645906,170576225647514,170576225655717,170576225655808,265650,93825434198544,4375639744,7,2732,1151,1570
170576233885537,170576233898971,170576233910160,170576233911360,170576233918048,170576233918137,265650,93825434198544,4375639744,7,2732,1151,1571
170576242198706,170576242211365,170576242222162,170576242223186,170576242230492,170576242230583,265650,93825434198544,4375639744,7,2732,1151,1572
170576250593758,170576250608243,170576250618833,170576250619837,170576250624751,170576250624839,265650,93825434198544,4375639744,7,2732,1151,1573
170576258913904,170576258961184,170576258971765,170576258972622,170576258977800,170576258977893,265650,93825434198544,4375639744,7,2732,1151,1574
170576267191108,170576267203069,170576267213578,170576267214466,170576267221541,170576267221625,265650,93825434198544,4375639744,7,2732,1151,1575
170576275551410,170576275603407,170576275613912,170576275614953,170576275620611,170576275620697,265650,93825434198544,4375639744,7,2732,1151,1576
170576283877530,170576283966568,170576283977222,170576283978131,170576283984096,170576283984183,265650,93825434198544,4375639744,7,2732,1151,1577
170576292185674,170576292198115,170576292208753,170576292209842,170576292215487,170576292215574,265650,93825434198544,4375639744,7,2732,1151,1578
170576300498207,170576300510763,170576300519502,170576300520778,170576300529942,170576300530005,265650,93825434198544,4375639744,7,2732,1151,1579
170576308941411,170576308987520,170576308997963,170576308998959,170576309006519,170576309006585,265650,93825434198544,4375639744,7,2732,1151,1580
170576317173290,170576317187326,170576317197847,170576317199057,170576317206139,170576317206224,265650,93825434198544,4375639744,7,2732,1151,1581
170576325575184,170576325659630,170576325670374,170576325671416,170576325677223,170576325677289,265650,93825434198544,4375639744,7,2732,1151,1582
170576333858202,170576333870913,170576333881777,170576333882892,170576333888328,170576333888402,265650,93825434198544,4375639744,7,2732,1151,1583
170576342211826,170576342224096,170576342234623,170576342235651,170576342242538,170576342242614,265650,93825434198544,4375639744,7,2732,1151,1584
170576350581269,170576350611924,170576350622399,170576350623436,170576350629541,170576350629617,265650,93825434198544,4375639744,7,2732,1151,1585
170576358897107,170576358910583,170576358921308,170576358922552,170576358930207,170576358930288,265650,93825434198544,4375639744,7,2732,1151,1586
170576367226000,170576367235656,170576367243661,170576367244682,170576367250570,170576367250624,265650,93825434198544,4375639744,7,2732,1151,1587
170576375557250,170576375569525,170576375577909,170576375579219,170576375586728,170576375586806,265650,93825434198544,4375639744,7,2732,1151,1588
170576383833665,170576383847064,170576383858251,170576383859763,170576383867460,170576383867546,265650,93825434198544,4375639744,7,2732,1151,1589
170576392176077,170576392188881,170576392199813,170576392200991,170576392217100,170576392217181,265650,93825434198544,4375639744,7,2732,1151,1590
170576400538314,170576400550002,170576400558407,170576400559339,170576400565586,170576400565642,265650,93825434198544,4375639744,7,2732,1151,1591
170576408860724,170576408874301,170576408885306,170576408886495,170576408892568,170576408892637,265650,93825434198544,4375639744,7,2732,1151,1592
170576417218714,170576417231516,170576417242652,170576417243708,170576417250353,170576417250428,265650,93825434198544,4375639744,7,2732,1151,1593
170576425595452,170576425608524,170576425619579,170576425620990,170576425626229,170576425626306,265650,93825434198544,4375639744,7,2732,1151,1594
170576433848003,170576433870095,170576433881847,170576433884510,170576433894655,170576433894735,265650,93825434198544,4375639744,7,2732,1151,1595
170576442201024,170576442225379,170576442237619,170576442240786,170576442250632,170576442250691,265650,93825434198544,4375639744,7,2732,1151,1596
170576450505573,170576450528307,170576450540165,170576450543196,170576450554477,170576450554543,265650,93825434198544,4375639744,7,2732,1151,1597
170576458846901,170576458863765,170576458874341,170576458876162,170576458883463,170576458883517,265650,93825434198544,4375639744,7,2732,1151,1598
170576467144956,170576467162275,170576467172967,170576467175246,170576467183063,170576467183118,265650,93825434198544,4375639744,7,2732,1151,1599
170576475477570,170576475496171,170576475509088,170576475512006,170576475523308,170576475523363,265650,93825434198544,4375639744,7,2732,1151,1600
170576483820148,170576483838006,170576483849271,170576483851745,170576483861189,170576483861282,265650,93825434198544,4375639744,7,2732,1151,1601
170576492153724,170576492171761,170576492183191,170576492185494,170576492197517,170576492197579,265650,93825434198544,4375639744,7,2732,1151,1602
170576500581181,170576500596618,170576500608558,170576500610070,170576500616092,170576500616201,265650,93825434198544,4375639744,7,2732,1151,1603
170576508853388,170576508866696,170576508877805,170576508878964,170576508883641,170576508883709,265650,93825434198544,4375639744,7,2732,1151,1604
170576517257006,170576517278613,170576517290174,170576517292904,170576517304416,170576517304526,265650,93825434198544,4375639744,7,2732,1151,1605
170576525511836,170576525535737,170576525547932,170576525551035,170576525560211,170576525560292,265650,93825434198544,4375639744,7,2732,1151,1606
170576533846891,170576533870758,170576533883078,170576533886415,170576533897432,170576533897492,265650,93825434198544,4375639744,7,2732,1151,1607
170576542149463,170576542165524,170576542176061,170576542178317,170576542183706,170576542183774,265650,93825434198544,4375639744,7,2732,1151,1608
170576550538470,170576550564180,170576550576361,170576550580039,170576550603449,170576550603519,265650,93825434198544,4375639744,7,2732,1151,1609
170576558944771,170576558971288,170576558983972,170576558987511,170576559006871,170576559006990,265650,93825434198544,4375639744,7,2732,1151,1610
170576567145200,170576567162473,170576567173492,170576567175681,170576567180924,170576567181004,265650,93825434198544,4375639744,7,2732,1151,1611
170576575500943,170576575517654,170576575528570,170576575530527,170576575537439,170576575537490,265650,93825434198544,4375639744,7,2732,1151,1612
170576583813458,170576583829974,170576583840932,170576583843059,170576583851073,170576583851135,265650,93825434198544,4375639744,7,2732,1151,1613
170576592154568,170576592171509,170576592181859,170576592183914,170576592189289,170576592189352,265650,93825434198544,4375639744,7,2732,1151,1614
170576600519336,170576600534845,170576600545659,170576600547463,170576600553244,170576600553293,265650,93825434198544,4375639744,7,2732,1151,1615
170576608826404,170576608842729,170576608853823,170576608855984,170576608861912,170576608861965,265650,93825434198544,4375639744,7,2732,1151,1616
170576617152688,170576617170613,170576617181662,170576617184372,170576617193530,170576617193579,265650,93825434198544,4375639744,7,2732,1151,1617
170576625569959,170576625592830,170576625604761,170576625607634,170576625616115,170576625616159,265650,93825434198544,4375639744,7,2732,1151,1618
170576633829968,170576633847116,170576633857685,170576633859521,170576633866208,170576633866279,265650,93825434198544,4375639744,7,2732,1151,1619
170576642157616,170576642173894,170576642184704,170576642186467,170576642195591,170576642195654,265650,93825434198544,4375639744,7,2732,1151,1620
170576650512445,170576650534121,170576650545877,170576650548919,170576650560881,170576650560928,265650,93825434198544,4375639744,7,2732,1151,1621
170576658811953,170576658828697,170576658840053,170576658842083,170576658847346,170576658847409,265650,93825434198544,4375639744,7,2732,1151,1622
170576667147154,170576667164294,170576667175286,170576667177636,170576667182835,170576667182916,265650,93825434198544,4375639744,7,2732,1151,1623
170576675510050,170576675531248,170576675543893,170576675546696,170576675553977,170576675554058,265650,93825434198544,4375639744,7,2732,1151,1624
170576683860749,170576683884580,170576683896915,170576683900936,170576683912430,170576683912520,265650,93825434198544,4375639744,7,2732,1151,1625
170576692156343,170576692173323,170576692183931,170576692186055,170576692190421,170576692190506,265650,93825434198544,4375639744,7,2732,1151,1626
170576700545750,170576700567077,170576700578795,170576700581590,170576700589184,170576700589243,265650,93825434198544,4375639744,7,2732,1151,1627
170576708862040,170576708883878,170576708895055,170576708897135,170576708904230,170576708904299,265650,93825434198544,4375639744,7,2732,1151,1628
170576717212654,170576717230137,170576717241271,170576717244157,170576717251625,170576717251693,265650,93825434198544,4375639744,7,2732,1151,1629
170576725546993,170576725565871,170576725576823,170576725579791,170576725587130,170576725587209,265650,93825434198544,4375639744,7,2732,1151,1630
170576733851519,170576733874847,170576733887479,170576733890292,170576733899694,170576733899775,265650,93825434198544,4375639744,7,2732,1151,1631
170576742152693,170576742168811,170576742179794,170576742181865,170576742185754,170576742185829,265650,93825434198544,4375639744,7,2732,1151,1632
170576750530705,170576750547223,170576750557482,170576750559164,170576750563968,170576750564037,265650,93825434198544,4375639744,7,2732,1151,1633
170576758842371,170576758862535,170576758875174,170576758877875,170576758884101,170576758884157,265650,93825434198544,4375639744,7,2732,1151,1634
170576767164535,170576767181125,170576767191935,170576767194034,170576767197802,170576767197856,265650,93825434198544,4375639744,7,2732,1151,1635
170576775545091,170576775561563,170576775572498,170576775574483,170576775581825,170576775582013,265650,93825434198544,4375639744,7,2732,1151,1636
170576783826761,170576783843865,170576783854416,170576783856514,170576783862202,170576783862272,265650,93825434198544,4375639744,7,2732,1151,1637
170576792172640,170576792190884,170576792201669,170576792203984,170576792207961,170576792208020,265650,93825434198544,4375639744,7,2732,1151,1638
170576800532101,170576800547149,170576800557625,170576800559350,170576800563759,170576800563818,265650,93825434198544,4375639744,7,2732,1151,1639
170576808821939,170576808838970,170576808849317,170576808851354,170576808856982,170576808857035,265650,93825434198544,4375639744,7,2732,1151,1640
170576817163381,170576817180767,170576817191350,170576817193241,170576817197498,170576817197564,265650,93825434198544,4375639744,7,2732,1151,1641
170576825545144,170576825566138,170576825578235,170576825581429,170576825586735,170576825586797,265650,93825434198544,4375639744,7,2732,1151,1642
170576833850454,170576833871996,170576833884235,170576833887329,170576833893736,170576833893789,265650,93825434198544,4375639744,7,2732,1151,1643
170576842157521,170576842173506,170576842183909,170576842185724,170576842192626,170576842192692,265650,93825434198544,4375639744,7,2732,1151,1644
170576850556366,170576850579619,170576850592107,170576850595281,170576850602915,170576850602978,265650,93825434198544,4375639744,7,2732,1151,1645
170576858841862,170576858860466,170576858871347,170576858873760,170576858880145,170576858880238,265650,93825434198544,4375639744,7,2732,1151,1646
170576867165799,170576867183107,170576867193617,170576867195776,170576867199570,170576867199647,265650,93825434198544,4375639744,7,2732,1151,1647
170576875493927,170576875510667,170576875520965,170576875522998,170576875527512,170576875527569,265650,93825434198544,4375639744,7,2732,1151,1648
170576883827368,170576883844546,170576883855197,170576883857527,170576883862469,170576883862542,265650,93825434198544,4375639744,7,2732,1151,1649
170576892167887,170576892184843,170576892195783,170576892197990,170576892202184,170576892202254,265650,93825434198544,4375639744,7,2732,1151,1650
170576900488829,170576900504912,170576900515654,170576900517738,170576900521392,170576900521454,265650,93825434198544,4375639744,7,2732,1151,1651
170576908825946,170576908841608,170576908851728,170576908853486,170576908857850,170576908857910,265650,93825434198544,4375639744,7,2732,1151,1652
170576917157507,170576917173235,170576917184254,170576917186442,170576917189719,170576917189772,265650,93825434198544,4375639744,7,2732,1151,1653
170576925530603,170576925547388,170576925558410,170576925560511,170576925565782,170576925565855,265650,93825434198544,4375639744,7,2732,1151,1654
170576933835776,170576933852205,170576933862567,170576933864786,170576933869701,170576933869752,265650,93825434198544,4375639744,7,2732,1151,1655
170576942170650,170576942188665,170576942199692,170576942201765,170576942206316,170576942206417,265650,93825434198544,4375639744,7,2732,1151,1656
170576950573874,170576950592330,170576950602947,170576950604859,170576950609744,170576950609819,265650,93825434198544,4375639744,7,2732,1151,1657
170576958872333,170576958892235,170576958903105,170576958904775,170576958911985,170576958912066,265650,93825434198544,4375639744,7,2732,1151,1658
170576967170150,170576967186616,170576967197805,170576967199912,170576967205581,170576967205643,265650,93825434198544,4375639744,7,2732,1151,1659
170576975517318,170576975537006,170576975548523,170576975551186,170576975558143,170576975558196,265650,93825434198544,4375639744,7,2732,1151,1660
170576983842141,170576983859643,170576983870792,170576983872704,170576983878757,170576983878824,265650,93825434198544,4375639744,7,2732,1151,1661
170576992176430,170576992192430,170576992202997,170576992204638,170576992213066,170576992213124,265650,93825434198544,4375639744,7,2732,1151,1662
170577000560200,170577000581519,170577000594123,170577000597683,170577000609350,170577000609415,265650,93825434198544,4375639744,7,2732,1151,1663
170577008857083,170577008877837,170577008889191,170577008891310,170577008898601,170577008898662,265650,93825434198544,4375639744,7,2732,1151,1664
170577017160775,170577017175725,170577017186392,170577017188116,170577017192608,170577017192670,265650,93825434198544,4375639744,7,2732,1151,1665
170577025551304,170577025568000,170577025578938,170577025580634,170577025587249,170577025587306,265650,93825434198544,4375639744,7,2732,1151,1666
170577033872284,170577033894694,170577033907399,170577033910454,170577033919543,170577033919623,265650,93825434198544,4375639744,7,2732,1151,1667
170577042168050,170577042183335,170577042193891,170577042195576,170577042200317,170577042200364,265650,93825434198544,4375639744,7,2732,1151,1668
170577050553014,170577050569288,170577050581396,170577050584251,170577050592256,170577050592346,265650,93825434198544,4375639744,7,2732,1151,1669
170577058872494,170577058893560,170577058904379,170577058906813,170577058914676,170577058914748,265650,93825434198544,4375639744,7,2732,1151,1670
170577067175936,170577067192932,170577067204337,170577067206293,170577067212015,170577067212064,265650,93825434198544,4375639744,7,2732,1151,1671
170577075526400,170577075549348,170577075561295,170577075563947,170577075575191,170577075575246,265650,93825434198544,4375639744,7,2732,1151,1672
170577083840682,170577083857776,170577083867966,170577083869703,170577083875764,170577083875980,265650,93825434198544,4375639744,7,2732,1151,1673
170577092181789,170577092198455,170577092209295,170577092211294,170577092217643,170577092217704,265650,93825434198544,4375639744,7,2732,1151,1674
170577100548336,170577100564829,170577100575233,170577100577010,170577100584829,170577100584900,265650,93825434198544,4375639744,7,2732,1151,1675
170577108842406,170577108859079,170577108869582,170577108871674,170577108878325,170577108878386,265650,93825434198544,4375639744,7,2732,1151,1676
170577117175987,170577117192647,170577117203822,170577117205922,170577117211610,170577117211668,265650,93825434198544,4375639744,7,2732,1151,1677
170577125555804,170577125573171,170577125584398,170577125586825,170577125593598,170577125593647,265650,93825434198544,4375639744,7,2732,1151,1678
170577133887974,170577133911166,170577133922445,170577133925426,170577133936244,170577133936306,265650,93825434198544,4375639744,7,2732,1151,1679
170577142176518,170577142193947,170577142204717,170577142206685,170577142213418,170577142213484,265650,93825434198544,4375639744,7,2732,1151,1680
170577150553198,170577150574918,170577150585998,170577150587800,170577150593779,170577150593858,265650,93825434198544,4375639744,7,2732,1151,1681
170577158874526,170577158896706,170577158908516,170577158911912,170577158923229,170577158923289,265650,93825434198544,4375639744,7,2732,1151,1682
170577167184096,170577167201511,170577167211994,170577167214289,170577167219669,170577167219730,265650,93825434198544,4375639744,7,2732,1151,1683
170577175505746,170577175521751,170577175532369,170577175534328,170577175538985,170577175539050,265650,93825434198544,4375639744,7,2732,1151,1684
170577183836134,170577183852413,170577183863132,170577183865109,170577183870431,170577183870482,265650,93825434198544,4375639744,7,2732,1151,1685
170577192178147,170577192193842,170577192205784,170577192207791,170577192214105,170577192214153,265650,93825434198544,4375639744,7,2732,1151,1686
170577200524159,170577200543034,170577200554650,170577200557038,170577200563312,170577200563380,265650,93825434198544,4375639744,7,2732,1151,1687
170577208850776,170577208868627,170577208879346,170577208880944,170577208886160,170577208886211,265650,93825434198544,4375639744,7,2732,1151,1688
170577217185606,170577217200242,170577217210705,170577217212485,170577217220657,170577217220705,265650,93825434198544,4375639744,7,2732,1151,1689
170577225554229,170577225570832,170577225581869,170577225583835,170577225590318,170577225590372,265650,93825434198544,4375639744,7,2732,1151,1690
170577233850429,170577233868560,170577233879360,170577233882167,170577233889856,170577233889934,265650,93825434198544,4375639744,7,2732,1151,1691
170577242184460,170577242200758,170577242211666,170577242213826,170577242217870,170577242217952,265650,93825434198544,4375639744,7,2732,1151,1692
170577250553765,170577250577987,170577250589665,170577250593001,170577250609165,170577250609214,265650,93825434198544,4375639744,7,2732,1151,1693
170577258871975,170577258895382,170577258907631,170577258910422,170577258917170,170577258917229,265650,93825434198544,4375639744,7,2732,1151,1694
170577267190511,170577267206061,170577267216884,170577267219059,170577267227783,170577267227873,265650,93825434198544,4375639744,7,2732,1151,1695
170577275598800,170577275618252,170577275630319,170577275633301,170577275644082,170577275644130,265650,93825434198544,4375639744,7,2732,1151,1696
170577283861287,170577283877164,170577283889073,170577283891975,170577283901532,170577283901587,265650,93825434198544,4375639744,7,2732,1151,1697
170577292191076,170577292208236,170577292218890,170577292220770,170577292225934,170577292225982,265650,93825434198544,4375639744,7,2732,1151,1698
170577300520107,170577300536855,170577300547619,170577300549930,170577300557131,170577300557191,265650,93825434198544,4375639744,7,2732,1151,1699
170577308847169,170577308863095,170577308873980,170577308875985,170577308881282,170577308881336,265650,93825434198544,4375639744,7,2732,1151,1700
170577317188475,170577317204738,170577317214782,170577317216981,170577317222404,170577317222453,265650,93825434198544,4375639744,7,2732,1151,1701
170577325513940,170577325529811,170577325540101,170577325542414,170577325547629,170577325547690,265650,93825434198544,4375639744,7,2732,1151,1702
170577333892182,170577333913447,170577333925112,170577333928491,170577333940872,170577333940949,265650,93825434198544,4375639744,7,2732,1151,1703
170577342177527,170577342192319,170577342202634,170577342204739,170577342208778,170577342208843,265650,93825434198544,4375639744,7,2732,1151,1704
170577350548094,170577350570831,170577350583015,170577350585877,170577350595419,170577350595479,265650,93825434198544,4375639744,7,2732,1151,1705
170577358879604,170577358902444,170577358914151,170577358917973,170577358926620,170577358926683,265650,93825434198544,4375639744,7,2732,1151,1706
170577367187822,170577367204538,170577367215536,170577367217993,170577367224025,170577367224087,265650,93825434198544,4375639744,7,2732,1151,1707
170577375576182,170577375594079,170577375605379,170577375607790,170577375614455,170577375614531,265650,93825434198544,4375639744,7,2732,1151,1708
170577383848832,170577383865721,170577383875940,170577383878075,170577383883867,170577383883916,265650,93825434198544,4375639744,7,2732,1151,1709
170577392197481,170577392214300,170577392224654,170577392226864,170577392232164,170577392232236,265650,93825434198544,4375639744,7,2732,1151,1710
170577400570961,170577400592460,170577400604868,170577400607924,170577400617951,170577400618007,265650,93825434198544,4375639744,7,2732,1151,1711
170577408846442,170577408862253,170577408873122,170577408875573,170577408880686,170577408880742,265650,93825434198544,4375639744,7,2732,1151,1712
170577417186231,170577417202483,170577417212924,170577417214716,170577417220220,170577417220295,265650,93825434198544,4375639744,7,2732,1151,1713
170577425572128,170577425590373,170577425601577,170577425604151,170577425608886,170577425608936,265650,93825434198544,4375639744,7,2732,1151,1714
170577433872852,170577433894912,170577433906687,170577433909718,170577433918198,170577433918251,265650,93825434198544,4375639744,7,2732,1151,1715
170577442195593,170577442214381,170577442225794,170577442228537,170577442235261,170577442235327,265650,93825434198544,4375639744,7,2732,1151,1716
170577450579620,170577450595204,170577450605579,170577450607186,170577450613183,170577450613230,265650,93825434198544,4375639744,7,2732,1151,1717
170577458841367,170577458855513,170577458866329,170577458869298,170577458878745,170577458878800,265650,93825434198544,4375639744,7,2732,1151,1718
170577467188387,170577467203870,170577467214170,170577467215890,170577467222439,170577467222515,265650,93825434198544,4375639744,7,2732,1151,1719
170577475529844,170577475545691,170577475556201,170577475558039,170577475564671,170577475564722,265650,93825434198544,4375639744,7,2732,1151,1720
170577483887650,170577483910314,170577483921757,170577483925054,170577483936203,170577483936264,265650,93825434198544,4375639744,7,2732,1151,1721
170577492191400,170577492207621,170577492218086,170577492220059,170577492226216,170577492226275,265650,93825434198544,4375639744,7,2732,1151,1722
170577500602688,170577500625059,170577500636301,170577500638846,170577500652028,170577500652079,265650,93825434198544,4375639744,7,2732,1151,1723
170577508864747,170577508881189,170577508892255,170577508894241,170577508899979,170577508900033,265650,93825434198544,4375639744,7,2732,1151,1724
170577517190702,170577517207970,170577517219056,170577517221010,170577517225906,170577517225955,265650,93825434198544,4375639744,7,2732,1151,1725
170577525586741,170577525607885,170577525619953,170577525622993,170577525630974,170577525631020,265650,93825434198544,4375639744,7,2732,1151,1726
170577533861582,170577533878368,170577533888814,170577533891006,170577533897830,170577533897883,265650,93825434198544,4375639744,7,2732,1151,1727
170577542192627,170577542211798,170577542222745,170577542224695,170577542231291,170577542231339,265650,93825434198544,4375639744,7,2732,1151,1728
170577550578079,170577550595219,170577550606075,170577550608256,170577550616394,170577550616483,265650,93825434198544,4375639744,7,2732,1151,1729
170577558887575,170577558909564,170577558921813,170577558924837,170577558932081,170577558932135,265650,93825434198544,4375639744,7,2732,1151,1730
170577567201593,170577567218955,170577567229878,170577567232087,170577567239997,170577567240064,265650,93825434198544,4375639744,7,2732,1151,1731
170577575529547,170577575547155,170577575558466,170577575560361,170577575566158,170577575566249,265650,93825434198544,4375639744,7,2732,1151,1732
170577583859189,170577583876033,170577583887069,170577583889343,170577583894587,170577583894642,265650,93825434198544,4375639744,7,2732,1151,1733
170577592196880,170577592213620,170577592224186,170577592226257,170577592230492,170577592230541,265650,93825434198544,4375639744,7,2732,1151,1734
170577600564443,170577600583142,170577600594500,170577600597447,170577600605477,170577600605529,265650,93825434198544,4375639744,7,2732,1151,1735
170577608873760,170577608891454,170577608902483,170577608904658,170577608913404,170577608913489,265650,93825434198544,4375639744,7,2732,1151,1736
170577617203042,170577617217413,170577617228250,170577617230376,170577617236750,170577617236827,265650,93825434198544,4375639744,7,2732,1151,1737
170577625550871,170577625567294,170577625577938,170577625579826,170577625589558,170577625589645,265650,93825434198544,4375639744,7,2732,1151,1738
170577633889674,170577633910623,170577633923117,170577633926233,170577633940854,170577633940917,265650,93825434198544,4375639744,7,2732,1151,1739
170577642200363,170577642217252,170577642227951,170577642230050,170577642237786,170577642237837,265650,93825434198544,4375639744,7,2732,1151,1740
170577650599011,170577650618589,170577650630273,170577650633012,170577650644761,170577650644817,265650,93825434198544,4375639744,7,2732,1151,1741
170577658881621,170577658902492,170577658914111,170577658916965,170577658928011,170577658928088,265650,93825434198544,4375639744,7,2732,1151,1742
170577667236613,170577667251352,170577667262243,170577667264007,170577667275303,170577667275357,265650,93825434198544,4375639744,7,2732,1151,1743
170577675598364,170577675619898,170577675632367,170577675635137,170577675647396,170577675647454,265650,93825434198544,4375639744,7,2732,1151,1744
170577683892848,170577683909737,170577683921062,170577683923374,170577683935367,170577683935432,265650,93825434198544,4375639744,7,2732,1151,1745
170577692206965,170577692223804,170577692234552,170577692236457,170577692241176,170577692241265,265650,93825434198544,4375639744,7,2732,1151,1746
170577700582108,170577700599932,170577700610631,170577700612384,170577700621101,170577700621169,265650,93825434198544,4375639744,7,2732,1151,1747
170577708871471,170577708889273,170577708899866,170577708901692,170577708910297,170577708910374,265650,93825434198544,4375639744,7,2732,1151,1748
170577717201150,170577717217332,170577717228707,170577717230627,170577717237064,170577717237111,265650,93825434198544,4375639744,7,2732,1151,1749
170577725602775,170577725624918,170577725636465,170577725638922,170577725647411,170577725647486,265650,93825434198544,4375639744,7,2732,1151,1750
170577733872532,170577733891279,170577733902544,170577733904650,170577733911571,170577733911619,265650,93825434198544,4375639744,7,2732,1151,1751
170577742228859,170577742247451,170577742258779,170577742260758,170577742269674,170577742269724,265650,93825434198544,4375639744,7,2732,1151,1752
170577750543248,170577750567266,170577750579101,170577750582080,170577750593633,170577750593708,265650,93825434198544,4375639744,7,2732,1151,1753
170577758887287,170577758904450,170577758915345,170577758917733,170577758925842,170577758925912,265650,93825434198544,4375639744,7,2732,1151,1754
170577767371264,170577767387239,170577767399048,170577767400543,170577767407104,170577767407224,265650,93825434198544,4375639744,7,2732,1151,1755
170577775672326,170577775691147,170577775702331,170577775704561,170577775717551,170577775717626,265650,93825434198544,4375639744,7,2732,1151,1756
170577783877538,170577783894423,170577783904996,170577783907257,170577783916187,170577783916268,265650,93825434198544,4375639744,7,2732,1151,1757
170577792207693,170577792223922,170577792234026,170577792235912,170577792242191,170577792242262,265650,93825434198544,4375639744,7,2732,1151,1758
170577800599923,170577800622061,170577800634643,170577800637440,170577800648053,170577800648137,265650,93825434198544,4375639744,7,2732,1151,1759
170577808904606,170577808927112,170577808939459,170577808942554,170577808956342,170577808956400,265650,93825434198544,4375639744,7,2732,1151,1760
170577817226285,170577817242241,170577817253116,170577817255039,170577817262516,170577817262658,265650,93825434198544,4375639744,7,2732,1151,1761
170577825603062,170577825619730,170577825630967,170577825632780,170577825640094,170577825640171,265650,93825434198544,4375639744,7,2732,1151,1762
170577833897520,170577833918608,170577833930274,170577833932863,170577833943061,170577833943120,265650,93825434198544,4375639744,7,2732,1151,1763
170577842216104,170577842233301,170577842244381,170577842246313,170577842253836,170577842253884,265650,93825434198544,4375639744,7,2732,1151,1764
170577850707673,170577850724181,170577850735368,170577850737407,170577850744803,170577850744854,265650,93825434198544,4375639744,7,2732,1151,1765
170577859034245,170577859052907,170577859063720,170577859066010,170577859075710,170577859075772,265650,93825434198544,4375639744,7,2732,1151,1766
170577867366411,170577867382280,170577867393309,170577867395421,170577867400576,170577867400670,265650,93825434198544,4375639744,7,2732,1151,1767
170577875706381,170577875727704,170577875738491,170577875740361,170577875749011,170577875749093,265650,93825434198544,4375639744,7,2732,1151,1768
170577884060026,170577884076899,170577884088126,170577884090252,170577884099156,170577884099244,265650,93825434198544,4375639744,7,2732,1151,1769
170577892386345,170577892406884,170577892419125,170577892422071,170577892428968,170577892429037,265650,93825434198544,4375639744,7,2732,1151,1770
170577900697193,170577900713156,170577900724591,170577900726237,170577900732898,170577900732977,265650,93825434198544,4375639744,7,2732,1151,1771
170577909072269,170577909089484,170577909100545,170577909102564,170577909113809,170577909113869,265650,93825434198544,4375639744,7,2732,1151,1772
170577917356734,170577917372387,170577917382866,170577917384745,170577917394470,170577917394545,265650,93825434198544,4375639744,7,2732,1151,1773
170577925714546,170577925731565,170577925742378,170577925744662,170577925751438,170577925751494,265650,93825434198544,4375639744,7,2732,1151,1774
170577934069952,170577934083521,170577934093874,170577934095668,170577934103680,170577934103739,265650,93825434198544,4375639744,7,2732,1151,1775
170577942340493,170577942354218,170577942364405,170577942365853,170577942372240,170577942372305,265650,93825434198544,4375639744,7,2732,1151,1776
170577950705021,170577950724097,170577950735103,170577950737167,170577950744274,170577950744352,265650,93825434198544,4375639744,7,2732,1151,1777
170577959076337,170577959097732,170577959109629,170577959112204,170577959128510,170577959128707,265650,93825434198544,4375639744,7,2732,1151,1778
170577967390220,170577967411013,170577967422526,170577967425226,170577967440239,170577967440342,265650,93825434198544,4375639744,7,2732,1151,1779
170577975746940,170577975768057,170577975779875,170577975782780,170577975797002,170577975797090,265650,93825434198544,4375639744,7,2732,1151,1780
170577984072100,170577984093096,170577984104840,170577984107647,170577984122387,170577984122479,265650,93825434198544,4375639744,7,2732,1151,1781
170577992402276,170577992423563,170577992435346,170577992437979,170577992452985,170577992453100,265650,93825434198544,4375639744,7,2732,1151,1782
170578000874115,170578000893264,170578000906095,170578000908691,170578000918219,170578000918352,265650,93825434198544,4375639744,7,2732,1151,1783
170578009257596,170578009276032,170578009288188,170578009289762,170578009296152,170578009296262,265650,93825434198544,4375639744,7,2732,1151,1784
170578017405647,170578017420010,170578017431289,170578017432598,170578017440671,170578017440768,265650,93825434198544,4375639744,7,2732,1151,1785
170578025818527,170578025831175,170578025842127,170578025843466,170578025849744,170578025849836,265650,93825434198544,4375639744,7,2732,1151,1786
170578034159548,170578034172925,170578034184167,170578034185286,170578034191656,170578034191750,265650,93825434198544,4375639744,7,2732,1151,1787
170578042413364,170578042426289,170578042437139,170578042438177,170578042445403,170578042445488,265650,93825434198544,4375639744,7,2732,1151,1788
170578050764967,170578050774898,170578050783239,170578050784058,170578050789186,170578050789247,265650,93825434198544,4375639744,7,2732,1151,1789
170578059115557,170578059128936,170578059139787,170578059140963,170578059147787,170578059147880,265650,93825434198544,4375639744,7,2732,1151,1790
170578067497607,170578067510975,170578067521748,170578067523018,170578067530886,170578067530971,265650,93825434198544,4375639744,7,2732,1151,1791
170578075816507,170578075829225,170578075840095,170578075840982,170578075845659,170578075845742,265650,93825434198544,4375639744,7,2732,1151,1792
170578084116137,170578084129004,170578084140154,170578084141120,170578084147873,170578084147956,265650,93825434198544,4375639744,7,2732,1151,1793
170578092431863,170578092444519,170578092455286,170578092456225,170578092463227,170578092463316,265650,93825434198544,4375639744,7,2732,1151,1794
170578100767175,170578100779938,170578100790718,170578100791658,170578100798103,170578100798186,265650,93825434198544,4375639744,7,2732,1151,1795
170578109154664,170578109169004,170578109180252,170578109181339,170578109188285,170578109188377,265650,93825434198544,4375639744,7,2732,1151,1796
170578117407791,170578117417536,170578117425536,170578117426642,170578117432175,170578117432231,265650,93825434198544,4375639744,7,2732,1151,1797
170578125847071,170578125897601,170578125908579,170578125909627,170578125914857,170578125914936,265650,93825434198544,4375639744,7,2732,1151,1798
170578134188027,170578134214208,170578134225317,170578134226398,170578134232300,170578134232381,265650,93825434198544,4375639744,7,2732,1151,1799
170578142388768,170578142399146,170578142407811,170578142408590,170578142413418,170578142413478,265650,93825434198544,4375639744,7,2732,1151,1800
170578150783545,170578150796325,170578150807397,170578150808419,170578150814359,170578150814435,265650,93825434198544,4375639744,7,2732,1151,1801
170578159208875,170578159223074,170578159234332,170578159235724,170578159243623,170578159243700,265650,93825434198544,4375639744,7,2732,1151,1802
170578167439687,170578167450312,170578167459366,170578167460166,170578167466352,170578167466409,265650,93825434198544,4375639744,7,2732,1151,1803
170578175802210,170578175815110,170578175826365,170578175827474,170578175833965,170578175834038,265650,93825434198544,4375639744,7,2732,1151,1804
170578184197607,170578184213266,170578184224212,170578184225260,170578184230337,170578184230408,265650,93825434198544,4375639744,7,2732,1151,1805
170578192441655,170578192454368,170578192465285,170578192466249,170578192471916,170578192471987,265650,93825434198544,4375639744,7,2732,1151,1806
170578200741328,170578200754310,170578200764921,170578200765808,170578200771117,170578200771187,265650,93825434198544,4375639744,7,2732,1151,1807
170578209231692,170578209276699,170578209287793,170578209289058,170578209292975,170578209293049,265650,93825434198544,4375639744,7,2732,1151,1808
170578217533953,170578217564359,170578217575681,170578217576961,170578217582377,170578217582492,265650,93825434198544,4375639744,7,2732,1151,1809
170578225797967,170578225808586,170578225816814,170578225817718,170578225825376,170578225825434,265650,93825434198544,4375639744,7,2732,1151,1810
170578234127812,170578234140438,170578234151367,170578234152331,170578234158749,170578234158821,265650,93825434198544,4375639744,7,2732,1151,1811
170578242387721,170578242400199,170578242411146,170578242412077,170578242417348,170578242417424,265650,93825434198544,4375639744,7,2732,1151,1812
170578250797653,170578250809716,170578250820274,170578250821132,170578250825857,170578250825926,265650,93825434198544,4375639744,7,2732,1151,1813
170578259165330,170578259202788,170578259213556,170578259214323,170578259219174,170578259219243,265650,93825434198544,4375639744,7,2732,1151,1814
170578267406417,170578267420423,170578267431775,170578267432802,170578267439489,170578267439562,265650,93825434198544,4375639744,7,2732,1151,1815
170578275805370,170578275824209,170578275835374,170578275837896,170578275843710,170578275843822,265650,93825434198544,4375639744,7,2732,1151,1816
170578284112150,170578284124847,170578284135860,170578284136967,170578284141967,170578284142129,265650,93825434198544,4375639744,7,2732,1151,1817
170578292393190,170578292409192,170578292420718,170578292422310,170578292429192,170578292429267,265650,93825434198544,4375639744,7,2732,1151,1818
170578300808695,170578300823421,170578300834711,170578300836210,170578300843388,170578300843457,265650,93825434198544,4375639744,7,2732,1151,1819
170578309144922,170578309158672,170578309169516,170578309170725,170578309176685,170578309176756,265650,93825434198544,4375639744,7,2732,1151,1820
170578317444783,170578317460689,170578317469932,170578317472204,170578317488107,170578317488162,265650,93825434198544,4375639744,7,2732,1151,1821
170578325854636,170578325890911,170578325902321,170578325903954,170578325913425,170578325913504,265650,93825434198544,4375639744,7,2732,1151,1822
170578334123475,170578334136622,170578334147789,170578334148786,170578334155040,170578334155117,265650,93825434198544,4375639744,7,2732,1151,1823
170578342453434,170578342464554,170578342473552,170578342474538,170578342481701,170578342481758,265650,93825434198544,4375639744,7,2732,1151,1824
170578350843185,170578350856298,170578350867280,170578350868381,170578350874039,170578350874116,265650,93825434198544,4375639744,7,2732,1151,1825
170578359179425,170578359219018,170578359229894,170578359230891,170578359237891,170578359237970,265650,93825434198544,4375639744,7,2732,1151,1826
170578367430137,170578367440602,170578367448362,170578367449334,170578367455535,170578367455585,265650,93825434198544,4375639744,7,2732,1151,1827
170578375854363,170578375905356,170578375916292,170578375917414,170578375923405,170578375923470,265650,93825434198544,4375639744,7,2732,1151,1828
170578384157135,170578384175389,170578384186735,170578384189422,170578384210162,170578384210272,265650,93825434198544,4375639744,7,2732,1151,1829
170578392489852,170578392503372,170578392514956,170578392516515,170578392524139,170578392524213,265650,93825434198544,4375639744,7,2732,1151,1830
170578400758901,170578400774201,170578400785896,170578400787188,170578400791733,170578400791835,265650,93825434198544,4375639744,7,2732,1151,1831
170578409149652,170578409163160,170578409174248,170578409175434,170578409180620,170578409180708,265650,93825434198544,4375639744,7,2732,1151,1832
170578417450880,170578417464412,170578417475472,170578417476548,170578417483250,170578417483340,265650,93825434198544,4375639744,7,2732,1151,1833
170578425847175,170578425860136,170578425871115,170578425872255,170578425877662,170578425877756,265650,93825434198544,4375639744,7,2732,1151,1834
170578434166165,170578434179884,170578434190950,170578434192249,170578434198507,170578434198598,265650,93825434198544,4375639744,7,2732,1151,1835
170578442448109,170578442458694,170578442467481,170578442468862,170578442477792,170578442477862,265650,93825434198544,4375639744,7,2732,1151,1836
170578450890159,170578450932212,170578450943295,170578450944391,170578450952287,170578450952383,265650,93825434198544,4375639744,7,2732,1151,1837
170578459198534,170578459231629,170578459242762,170578459244185,170578459251403,170578459251494,265650,93825434198544,4375639744,7,2732,1151,1838
170578467452862,170578467462994,170578467470795,170578467472294,170578467479823,170578467479882,265650,93825434198544,4375639744,7,2732,1151,1839
170578475833114,170578475861698,170578475872840,170578475873885,170578475879528,170578475879611,265650,93825434198544,4375639744,7,2732,1151,1840
170578484088973,170578484101263,170578484109926,170578484111052,170578484115972,170578484116026,265650,93825434198544,4375639744,7,2732,1151,1841
170578492446771,170578492459885,170578492470911,170578492471999,170578492478215,170578492478287,265650,93825434198544,4375639744,7,2732,1151,1842
170578500798548,170578500812540,170578500823499,170578500824577,170578500830220,170578500830299,265650,93825434198544,4375639744,7,2732,1151,1843
170578509176486,170578509219438,170578509230375,170578509231385,170578509237694,170578509237765,265650,93825434198544,4375639744,7,2732,1151,1844
170578517414399,170578517423715,170578517431328,170578517432301,170578517437019,170578517437069,265650,93825434198544,4375639744,7,2732,1151,1845
170578525780987,170578525793466,170578525804248,170578525805189,170578525810815,170578525810893,265650,93825434198544,4375639744,7,2732,1151,1846
170578534088813,170578534101628,170578534112590,170578534113540,170578534119462,170578534119542,265650,93825434198544,4375639744,7,2732,1151,1847
170578542416759,170578542426435,170578542434553,170578542435308,170578542439707,170578542439757,265650,93825434198544,4375639744,7,2732,1151,1848
170578550821185,170578550847893,170578550858702,170578550859585,170578550865362,170578550865439,265650,93825434198544,4375639744,7,2732,1151,1849
170578559161400,170578559188365,170578559199273,170578559200193,170578559205564,170578559205634,265650,93825434198544,4375639744,7,2732,1151,1850
170578567456673,170578567466676,170578567475113,170578567475872,170578567480442,170578567480501,265650,93825434198544,4375639744,7,2732,1151,1851
170578575836344,170578575850881,170578575862101,170578575863641,170578575872221,170578575872299,265650,93825434198544,4375639744,7,2732,1151,1852
170578584205663,170578584221371,170578584232500,170578584234022,170578584239790,170578584239891,265650,93825434198544,4375639744,7,2732,1151,1853
170578592457070,170578592466366,170578592474370,170578592475130,170578592479353,170578592479417,265650,93825434198544,4375639744,7,2732,1151,1854
170578600778913,170578600788465,170578600796241,170578600796964,170578600801541,170578600801607,265650,93825434198544,4375639744,7,2732,1151,1855
170578609172317,170578609187537,170578609198731,170578609200011,170578609205569,170578609205679,265650,93825434198544,4375639744,7,2732,1151,1856
170578617464875,170578617477661,170578617488434,170578617489383,170578617494721,170578617494814,265650,93825434198544,4375639744,7,2732,1151,1857
170578625817007,170578625829363,170578625840237,170578625841105,170578625846218,170578625846300,265650,93825434198544,4375639744,7,2732,1151,1858
170578634068095,170578634081115,170578634091737,170578634092675,170578634098596,170578634098682,265650,93825434198544,4375639744,7,2732,1151,1859
170578642483905,170578642509865,170578642520316,170578642521438,170578642525989,170578642526067,265650,93825434198544,4375639744,7,2732,1151,1860
170578650861900,170578650886552,170578650897076,170578650898026,170578650903272,170578650903355,265650,93825434198544,4375639744,7,2732,1151,1861
170578659190687,170578659208284,170578659218812,170578659219689,170578659224276,170578659224348,265650,93825434198544,4375639744,7,2732,1151,1862
170578667435581,170578667445387,170578667453299,170578667454386,170578667458658,170578667458712,265650,93825434198544,4375639744,7,2732,1151,1863
170578675821991,170578675834120,170578675844819,170578675845627,170578675850511,170578675850583,265650,93825434198544,4375639744,7,2732,1151,1864
170578684160091,170578684175028,170578684187016,170578684188914,170578684192939,170578684193034,265650,93825434198544,4375639744,7,2732,1151,1865
170578692495826,170578692508536,170578692519543,170578692520476,170578692527376,170578692527452,265650,93825434198544,4375639744,7,2732,1151,1866
170578700831582,170578700844059,170578700855022,170578700855866,170578700861580,170578700861659,265650,93825434198544,4375639744,7,2732,1151,1867
170578709189815,170578709227564,170578709238366,170578709239152,170578709244212,170578709244285,265650,93825434198544,4375639744,7,2732,1151,1868
170578717469585,170578717479252,170578717487805,170578717488470,170578717492578,170578717492638,265650,93825434198544,4375639744,7,2732,1151,1869
170578725765903,170578725778406,170578725789136,170578725790075,170578725794683,170578725794759,265650,93825434198544,4375639744,7,2732,1151,1870
170578734112212,170578734126323,170578734137343,170578734138348,170578734143340,170578734143421,265650,93825434198544,4375639744,7,2732,1151,1871
170578742514333,170578742585744,170578742596613,170578742597556,170578742602921,170578742602992,265650,93825434198544,4375639744,7,2732,1151,1872
170578750832645,170578750846011,170578750856885,170578750857938,170578750863579,170578750863648,265650,93825434198544,4375639744,7,2732,1151,1873
170578759091677,170578759104506,170578759115480,170578759116392,170578759121905,170578759121981,265650,93825434198544,4375639744,7,2732,1151,1874
170578767486405,170578767496061,170578767504352,170578767504928,170578767509382,170578767509433,265650,93825434198544,4375639744,7,2732,1151,1875
170578775868512,170578775892345,170578775903330,170578775904088,170578775910216,170578775910287,265650,93825434198544,4375639744,7,2732,1151,1876
170578784087546,170578784099642,170578784107981,170578784108776,170578784113451,170578784113505,265650,93825434198544,4375639744,7,2732,1151,1877
170578792430075,170578792440998,170578792449839,170578792451133,170578792456818,170578792456875,265650,93825434198544,4375639744,7,2732,1151,1878
170578800826908,170578800920336,170578800932092,170578800932981,170578800938372,170578800938440,265650,93825434198544,4375639744,7,2732,1151,1879
170578809133910,170578809146751,170578809157686,170578809158608,170578809162796,170578809162861,265650,93825434198544,4375639744,7,2732,1151,1880
170578817494920,170578817583024,170578817594072,170578817595022,170578817599530,170578817599607,265650,93825434198544,4375639744,7,2732,1151,1881
170578825865967,170578825936628,170578825947587,170578825948403,170578825953237,170578825953307,265650,93825434198544,4375639744,7,2732,1151,1882
170578834101683,170578834114324,170578834125367,170578834126183,170578834132092,170578834132162,265650,93825434198544,4375639744,7,2732,1151,1883
170578842476724,170578842486476,170578842494455,170578842495243,170578842501032,170578842501087,265650,93825434198544,4375639744,7,2732,1151,1884
170578850815227,170578850827647,170578850838614,170578850839893,170578850845387,170578850845478,265650,93825434198544,4375639744,7,2732,1151,1885
170578859154054,170578859167155,170578859178078,170578859179209,170578859184822,170578859184916,265650,93825434198544,4375639744,7,2732,1151,1886
170578867554939,170578867623463,170578867634447,170578867635276,170578867642164,170578867642266,265650,93825434198544,4375639744,7,2732,1151,1887
170578875840156,170578875852764,170578875863545,170578875864498,170578875869614,170578875869690,265650,93825434198544,4375639744,7,2732,1151,1888
170578884199148,170578884216669,170578884227670,170578884228485,170578884234929,170578884234998,265650,93825434198544,4375639744,7,2732,1151,1889
170578892478774,170578892488770,170578892496932,170578892497826,170578892504352,170578892504404,265650,93825434198544,4375639744,7,2732,1151,1890
170578900806732,170578900819318,170578900829942,170578900830769,170578900836119,170578900836185,265650,93825434198544,4375639744,7,2732,1151,1891
170578909148088,170578909160732,170578909171652,170578909172504,170578909178219,170578909178289,265650,93825434198544,4375639744,7,2732,1151,1892
170578917477153,170578917491012,170578917502031,170578917503357,170578917508637,170578917508714,265650,93825434198544,4375639744,7,2732,1151,1893
170578925852348,170578925865598,170578925876705,170578925877759,170578925883087,170578925883164,265650,93825434198544,4375639744,7,2732,1151,1894
170578934088188,170578934098740,170578934107705,170578934108623,170578934115237,170578934115298,265650,93825434198544,4375639744,7,2732,1151,1895
170578942507000,170578942542386,170578942553324,170578942554276,170578942559736,170578942559811,265650,93825434198544,4375639744,7,2732,1151,1896
170578950847729,170578950936755,170578950947710,170578950948625,170578950954434,170578950954502,265650,93825434198544,4375639744,7,2732,1151,1897
170578959088446,170578959103612,170578959114966,170578959116769,170578959120832,170578959120966,265650,93825434198544,4375639744,7,2732,1151,1898
170578967424068,170578967434656,170578967443539,170578967444456,170578967448393,170578967448471,265650,93825434198544,4375639744,7,2732,1151,1899
170578975843627,170578975855661,170578975866027,170578975866997,170578975872347,170578975872436,265650,93825434198544,4375639744,7,2732,1151,1900
170578984171648,170578984185438,170578984196273,170578984197298,170578984204287,170578984204375,265650,93825434198544,4375639744,7,2732,1151,1901
170578992525524,170578992602046,170578992612583,170578992613705,170578992621186,170578992621271,265650,93825434198544,4375639744,7,2732,1151,1902
170579000847306,170579000939300,170579000981541,170579000982506,170579000986197,170579000986284,265650,93825434198544,4375639744,7,2732,1151,1903
170579009188213,170579009230912,170579009241351,170579009242306,170579009248315,170579009248384,265650,93825434198544,4375639744,7,2732,1151,1904
170579017449470,170579017459532,170579017468337,170579017469046,170579017473420,170579017473483,265650,93825434198544,4375639744,7,2732,1151,1905
170579025813896,170579025825493,170579025835874,170579025836662,170579025841276,170579025841343,265650,93825434198544,4375639744,7,2732,1151,1906
170579034119877,170579034131789,170579034142386,170579034143293,170579034148852,170579034148921,265650,93825434198544,4375639744,7,2732,1151,1907
170579042442732,170579042452247,170579042460480,170579042461049,170579042466352,170579042466413,265650,93825434198544,4375639744,7,2732,1151,1908
170579050820591,170579050832661,170579050843231,170579050843883,170579050848944,170579050849016,265650,93825434198544,4375639744,7,2732,1151,1909
170579059173814,170579059186670,170579059197263,170579059198176,170579059203155,170579059203228,265650,93825434198544,4375639744,7,2732,1151,1910
170579067441047,170579067450864,170579067459078,170579067459746,170579067466703,170579067466759,265650,93825434198544,4375639744,7,2732,1151,1911
170579075847333,170579075859381,170579075870018,170579075870819,170579075875040,170579075875108,265650,93825434198544,4375639744,7,2732,1151,1912
170579084168216,170579084180312,170579084190957,170579084191794,170579084196626,170579084196690,265650,93825434198544,4375639744,7,2732,1151,1913
170579092502574,170579092512216,170579092520298,170579092520867,170579092525008,170579092525055,265650,93825434198544,4375639744,7,2732,1151,1914
170579100806937,170579100817375,170579100826034,170579100826887,170579100830965,170579100831019,265650,93825434198544,4375639744,7,2732,1151,1915
170579109166775,170579109192453,170579109203231,170579109204187,170579109209706,170579109209777,265650,93825434198544,4375639744,7,2732,1151,1916
170579117455490,170579117468228,170579117478726,170579117479599,170579117484548,170579117484617,265650,93825434198544,4375639744,7,2732,1151,1917
170579125838025,170579125850057,170579125860601,170579125861524,170579125866991,170579125867056,265650,93825434198544,4375639744,7,2732,1151,1918
170579134128707,170579134141180,170579134151962,170579134152812,170579134157118,170579134157188,265650,93825434198544,4375639744,7,2732,1151,1919
170579142526809,170579142571712,170579142582045,170579142582882,170579142587786,170579142587852,265650,93825434198544,4375639744,7,2732,1151,1920
170579150881309,170579150895031,170579150905481,170579150906382,170579150911750,170579150911812,265650,93825434198544,4375639744,7,2732,1151,1921
170579159200269,170579159243614,170579159254062,170579159254931,170579159258573,170579159258646,265650,93825434198544,4375639744,7,2732,1151,1922
170579167505849,170579167516030,170579167524823,170579167525552,170579167530915,170579167530967,265650,93825434198544,4375639744,7,2732,1151,1923
170579175809072,170579175818457,170579175826219,170579175826826,170579175831906,170579175831950,265650,93825434198544,4375639744,7,2732,1151,1924
170579184203182,170579184229780,170579184240346,170579184241146,170579184245131,170579184245201,265650,93825434198544,4375639744,7,2732,1151,1925
170579192551340,170579192563879,170579192574499,170579192575336,170579192580382,170579192580457,265650,93825434198544,4375639744,7,2732,1151,1926
170579200886391,170579200941283,170579200951890,170579200952888,170579200956626,170579200956697,265650,93825434198544,4375639744,7,2732,1151,1927
170579209126985,170579209139662,170579209150326,170579209151337,170579209155940,170579209156010,265650,93825434198544,4375639744,7,2732,1151,1928
170579217570105,170579217627278,170579217637992,170579217638893,170579217645501,170579217645570,265650,93825434198544,4375639744,7,2732,1151,1929
170579225830566,170579225842291,170579225852717,170579225853603,170579225858146,170579225858210,265650,93825434198544,4375639744,7,2732,1151,1930
170579234166543,170579234181923,170579234193545,170579234194930,170579234200475,170579234200568,265650,93825434198544,4375639744,7,2732,1151,1931
170579242488710,170579242500861,170579242510047,170579242511299,170579242518602,170579242518678,265650,93825434198544,4375639744,7,2732,1151,1932
170579250914539,170579250943259,170579250954833,170579250956337,170579250961607,170579250961693,265650,93825434198544,4375639744,7,2732,1151,1933
170579259223701,170579259270765,170579259281858,170579259282892,170579259287400,170579259287497,265650,93825434198544,4375639744,7,2732,1151,1934
170579267489718,170579267498998,170579267506801,170579267507808,170579267511091,170579267511162,265650,93825434198544,4375639744,7,2732,1151,1935
170579275862253,170579275875382,170579275886421,170579275887419,170579275891414,170579275891492,265650,93825434198544,4375639744,7,2732,1151,1936
170579284086471,170579284097119,170579284105638,170579284106625,170579284111469,170579284111525,265650,93825434198544,4375639744,7,2732,1151,1937
170579292573441,170579292621397,170579292632382,170579292633535,170579292638585,170579292638659,265650,93825434198544,4375639744,7,2732,1151,1938
170579300928470,170579300941738,170579300952758,170579300953812,170579300958469,170579300958538,265650,93825434198544,4375639744,7,2732,1151,1939
170579309175216,170579309189480,170579309200815,170579309201812,170579309207521,170579309207596,265650,93825434198544,4375639744,7,2732,1151,1940
170579317530210,170579317624247,170579317647960,170579317648927,170579317653658,170579317653727,265650,93825434198544,4375639744,7,2732,1151,1941
170579325793361,170579325808026,170579325817543,170579325819568,170579325831007,170579325831077,265650,93825434198544,4375639744,7,2732,1151,1942
170579334196206,170579334209625,170579334220884,170579334222398,170579334228631,170579334228720,265650,93825434198544,4375639744,7,2732,1151,1943
170579342546003,170579342558302,170579342569163,170579342570010,170579342575182,170579342575259,265650,93825434198544,4375639744,7,2732,1151,1944
170579350904347,170579350932678,170579350943656,170579350944498,170579350949408,170579350949489,265650,93825434198544,4375639744,7,2732,1151,1945
170579359160682,170579359175564,170579359187002,170579359188017,170579359193709,170579359193800,265650,93825434198544,4375639744,7,2732,1151,1946
170579367499262,170579367509750,170579367517998,170579367518876,170579367523302,170579367523364,265650,93825434198544,4375639744,7,2732,1151,1947
170579375848405,170579375862910,170579375874153,170579375875882,170579375882769,170579375882846,265650,93825434198544,4375639744,7,2732,1151,1948
170579384142382,170579384155372,170579384166145,170579384167205,170579384171580,170579384171650,265650,93825434198544,4375639744,7,2732,1151,1949
170579392521658,170579392534405,170579392545353,170579392546302,170579392551122,170579392551194,265650,93825434198544,4375639744,7,2732,1151,1950
170579400907538,170579400991689,170579401007551,170579401008471,170579401012749,170579401012821,265650,93825434198544,4375639744,7,2732,1151,1951
170579409140421,170579409153103,170579409163861,170579409164713,170579409169124,170579409169195,265650,93825434198544,4375639744,7,2732,1151,1952
170579417465972,170579417477133,170579417486057,170579417487159,170579417491095,170579417491152,265650,93825434198544,4375639744,7,2732,1151,1953
170579425857109,170579425869980,170579425881225,170579425882414,170579425887278,170579425887360,265650,93825434198544,4375639744,7,2732,1151,1954
170579434200863,170579434214883,170579434226035,170579434227240,170579434231726,170579434231815,265650,93825434198544,4375639744,7,2732,1151,1955
170579442551436,170579442563981,170579442574686,170579442575654,170579442579693,170579442579769,265650,93825434198544,4375639744,7,2732,1151,1956
170579450884270,170579450964742,170579450975820,170579450976962,170579450981394,170579450981479,265650,93825434198544,4375639744,7,2732,1151,1957
170579459189484,170579459201977,170579459212834,170579459213748,170579459217843,170579459217932,265650,93825434198544,4375639744,7,2732,1151,1958
170579467489891,170579467498762,170579467506470,170579467507086,170579467510188,170579467510251,265650,93825434198544,4375639744,7,2732,1151,1959
170579475816175,170579475828576,170579475839334,170579475840198,170579475843746,170579475843827,265650,93825434198544,4375639744,7,2732,1151,1960
170579484200460,170579484214069,170579484225310,170579484226582,170579484231638,170579484231710,265650,93825434198544,4375639744,7,2732,1151,1961
170579492576304,170579492612725,170579492623656,170579492624586,170579492628785,170579492628864,265650,93825434198544,4375639744,7,2732,1151,1962
170579500863715,170579500914483,170579500925195,170579500926058,170579500930454,170579500930529,265650,93825434198544,4375639744,7,2732,1151,1963
170579509153184,170579509165842,170579509176609,170579509178101,170579509182884,170579509182960,265650,93825434198544,4375639744,7,2732,1151,1964
170579517549451,170579517580564,170579517591316,170579517592253,170579517595863,170579517595937,265650,93825434198544,4375639744,7,2732,1151,1965
170579525880914,170579525893664,170579525904511,170579525905543,170579525909336,170579525909403,265650,93825434198544,4375639744,7,2732,1151,1966
170579534197196,170579534232642,170579534243836,170579534244992,170579534249879,170579534249950,265650,93825434198544,4375639744,7,2732,1151,1967
170579542458522,170579542468476,170579542477297,170579542478124,170579542481342,170579542481399,265650,93825434198544,4375639744,7,2732,1151,1968
170579550819525,170579550832232,170579550843305,170579550844911,170579550849668,170579550849762,265650,93825434198544,4375639744,7,2732,1151,1969
170579559344169,170579559360443,170579559372029,170579559373649,170579559379130,170579559379232,265650,93825434198544,4375639744,7,2732,1151,1970
170579567526499,170579567537734,170579567546576,170579567547749,170579567556793,170579567556866,265650,93825434198544,4375639744,7,2732,1151,1971
170579575950814,170579575983245,170579575994436,170579575995602,170579576005736,170579576005825,265650,93825434198544,4375639744,7,2732,1151,1972
170579584214781,170579584228176,170579584239341,170579584240450,170579584246204,170579584246294,265650,93825434198544,4375639744,7,2732,1151,1973
170579592562342,170579592576064,170579592587086,170579592588148,170579592595425,170579592595535,265650,93825434198544,4375639744,7,2732,1151,1974
170579600879696,170579600892516,170579600903391,170579600904411,170579600910636,170579600910724,265650,93825434198544,4375639744,7,2732,1151,1975
170579609229013,170579609242040,170579609253044,170579609254115,170579609261596,170579609261697,265650,93825434198544,4375639744,7,2732,1151,1976
170579617479750,170579617493801,170579617504851,170579617506120,170579617514591,170579617514689,265650,93825434198544,4375639744,7,2732,1151,1977
170579625914206,170579625927639,170579625938710,170579625939854,170579625946924,170579625947015,265650,93825434198544,4375639744,7,2732,1151,1978
170579634174421,170579634188784,170579634199846,170579634201161,170579634206660,170579634206755,265650,93825434198544,4375639744,7,2732,1151,1979
170579642604588,170579642618304,170579642629092,170579642630570,170579642636883,170579642636974,265650,93825434198544,4375639744,7,2732,1151,1980
170579650920478,170579650971475,170579650982514,170579650983616,170579650988701,170579650988782,265650,93825434198544,4375639744,7,2732,1151,1981
170579659168170,170579659180400,170579659190983,170579659191949,170579659197264,170579659197330,265650,93825434198544,4375639744,7,2732,1151,1982
170579667590598,170579667618705,170579667629346,170579667630148,170579667633928,170579667633998,265650,93825434198544,4375639744,7,2732,1151,1983
170579675918616,170579675970832,170579675981359,170579675982138,170579675987182,170579675987256,265650,93825434198544,4375639744,7,2732,1151,1984
170579684171726,170579684183821,170579684194276,170579684195191,170579684199992,170579684200066,265650,93825434198544,4375639744,7,2732,1151,1985
170579692501343,170579692513618,170579692522248,170579692522872,170579692527217,170579692527286,265650,93825434198544,4375639744,7,2732,1151,1986
170579700857048,170579700869092,170579700879625,170579700880488,170579700886676,170579700886749,265650,93825434198544,4375639744,7,2732,1151,1987
170579709212665,170579709225377,170579709236140,170579709237033,170579709243622,170579709243691,265650,93825434198544,4375639744,7,2732,1151,1988
170579717558895,170579717569249,170579717578039,170579717578969,170579717583891,170579717583949,265650,93825434198544,4375639744,7,2732,1151,1989
170579725891612,170579725903613,170579725914257,170579725914881,170579725919828,170579725919897,265650,93825434198544,4375639744,7,2732,1151,1990
170579734179253,170579734192635,170579734203699,170579734204637,170579734211372,170579734211443,265650,93825434198544,4375639744,7,2732,1151,1991
170579742532944,170579742545245,170579742555978,170579742556619,170579742560818,170579742560887,265650,93825434198544,4375639744,7,2732,1151,1992
170579750874805,170579750887305,170579750897927,170579750898779,170579750903489,170579750903559,265650,93825434198544,4375639744,7,2732,1151,1993
170579759205133,170579759217658,170579759228246,170579759229048,170579759233262,170579759233332,265650,93825434198544,4375639744,7,2732,1151,1994
170579767501726,170579767511404,170579767519496,170579767520200,170579767524988,170579767525047,265650,93825434198544,4375639744,7,2732,1151,1995
170579775925095,170579775947914,170579775958606,170579775959360,170579775964519,170579775964620,265650,93825434198544,4375639744,7,2732,1151,1996
170579784206541,170579784219011,170579784229983,170579784230902,170579784237368,170579784237441,265650,93825434198544,4375639744,7,2732,1151,1997
170579792567571,170579792581228,170579792592115,170579792593708,170579792601121,170579792601194,265650,93825434198544,4375639744,7,2732,1151,1998
170579800905717,170579800918346,170579800929274,170579800930096,170579800935354,170579800935424,265650,93825434198544,4375639744,7,2732,1151,1999
170579809222338,170579809234455,170579809245174,170579809245962,170579809250706,170579809250782,265650,93825434198544,4375639744,7,2732,1151,2000
170579817499666,170579817509797,170579817518037,170579817518704,170579817523027,170579817523079,265650,93825434198544,4375639744,7,2732,1151,2001
170579825913645,170579825951104,170579825961565,170579825962532,170579825967132,170579825967195,265650,93825434198544,4375639744,7,2732,1151,2002
170579834215288,170579834227557,170579834238150,170579834238841,170579834244692,170579834244755,265650,93825434198544,4375639744,7,2732,1151,2003
170579842514527,170579842523898,170579842531889,170579842532584,170579842536607,170579842536659,265650,93825434198544,4375639744,7,2732,1151,2004
170579850887750,170579850899742,170579850910302,170579850911021,170579850915657,170579850915728,265650,93825434198544,4375639744,7,2732,1151,2005
170579859179063,170579859192390,170579859203169,170579859204374,170579859213455,170579859213534,265650,93825434198544,4375639744,7,2732,1151,2006
170579867610710,170579867628981,170579867639655,170579867640624,170579867646500,170579867646569,265650,93825434198544,4375639744,7,2732,1151,2007
170579875901827,170579875919920,170579875930931,170579875933097,170579875941311,170579875941473,265650,93825434198544,4375639744,7,2732,1151,2008
170579884145842,170579884161976,170579884172605,170579884174690,170579884185888,170579884185963,265650,93825434198544,4375639744,7,2732,1151,2009
170579892497222,170579892520376,170579892532577,170579892535591,170579892546947,170579892547004,265650,93825434198544,4375639744,7,2732,1151,2010
170579900796408,170579900811924,170579900822573,170579900824408,170579900830912,170579900830975,265650,93825434198544,4375639744,7,2732,1151,2011
170579909136254,170579909151548,170579909163106,170579909165833,170579909177693,170579909177757,265650,93825434198544,4375639744,7,2732,1151,2012
170579917464676,170579917480948,170579917491180,170579917492786,170579917500278,170579917500341,265650,93825434198544,4375639744,7,2732,1151,2013
170579925847342,170579925862560,170579925873779,170579925875704,170579925886284,170579925886329,265650,93825434198544,4375639744,7,2732,1151,2014
170579934132044,170579934147325,170579934157812,170579934159593,170579934168038,170579934168097,265650,93825434198544,4375639744,7,2732,1151,2015
170579942474374,170579942491563,170579942502634,170579942504808,170579942511361,170579942511427,265650,93825434198544,4375639744,7,2732,1151,2016
170579950861366,170579950878333,170579950889450,170579950891492,170579950900465,170579950900544,265650,93825434198544,4375639744,7,2732,1151,2017
170579959138368,170579959155240,170579959166135,170579959168170,170579959175254,170579959175324,265650,93825434198544,4375639744,7,2732,1151,2018
170579967488246,170579967509987,170579967522146,170579967524840,170579967534314,170579967534369,265650,93825434198544,4375639744,7,2732,1151,2019
170579975817709,170579975832880,170579975843871,170579975845644,170579975852046,170579975852103,265650,93825434198544,4375639744,7,2732,1151,2020
170579984137532,170579984154656,170579984165408,170579984167339,170579984175815,170579984175875,265650,93825434198544,4375639744,7,2732,1151,2021
170579992480259,170579992496030,170579992507001,170579992508977,170579992518201,170579992518263,265650,93825434198544,4375639744,7,2732,1151,2022
170580000812883,170580000828431,170580000839315,170580000841308,170580000849645,170580000849735,265650,93825434198544,4375639744,7,2732,1151,2023
170580009162689,170580009183218,170580009194223,170580009196874,170580009208873,170580009208965,265650,93825434198544,4375639744,7,2732,1151,2024
170580017505838,170580017529066,170580017540895,170580017543531,170580017554095,170580017554179,265650,93825434198544,4375639744,7,2732,1151,2025
170580025829905,170580025849914,170580025861071,170580025863403,170580025872172,170580025872247,265650,93825434198544,4375639744,7,2732,1151,2026
170580034165499,170580034186039,170580034197030,170580034199538,170580034207064,170580034207136,265650,93825434198544,4375639744,7,2732,1151,2027
170580042509451,170580042524309,170580042533838,170580042536008,170580042544696,170580042544771,265650,93825434198544,4375639744,7,2732,1151,2028
170580050887235,170580050900952,170580050909758,170580050911875,170580050918694,170580050918765,265650,93825434198544,4375639744,7,2732,1151,2029
170580059266376,170580059279935,170580059291035,170580059292306,170580059299242,170580059299324,265650,93825434198544,4375639744,7,2732,1151,2030
170580067503342,170580067513153,170580067521808,170580067522807,170580067529061,170580067529121,265650,93825434198544,4375639744,7,2732,1151,2031
170580075911021,170580075923904,170580075934509,170580075935390,170580075940794,170580075940869,265650,93825434198544,4375639744,7,2732,1151,2032
170580084239665,170580084252200,170580084263081,170580084264031,170580084269355,170580084269426,265650,93825434198544,4375639744,7,2732,1151,2033
170580092582937,170580092672551,170580092683221,170580092683989,170580092689062,170580092689128,265650,93825434198544,4375639744,7,2732,1151,2034
170580100874801,170580100884306,170580100892090,170580100892677,170580100896284,170580100896334,265650,93825434198544,4375639744,7,2732,1151,2035
170580109255447,170580109268545,170580109279322,170580109280237,170580109287418,170580109287496,265650,93825434198544,4375639744,7,2732,1151,2036
170580117577673,170580117624324,170580117635027,170580117635934,170580117641211,170580117641286,265650,93825434198544,4375639744,7,2732,1151,2037
170580125803610,170580125816360,170580125827077,170580125827887,170580125832967,170580125833040,265650,93825434198544,4375639744,7,2732,1151,2038
170580134231761,170580134292543,170580134303246,170580134304039,170580134308988,170580134309055,265650,93825434198544,4375639744,7,2732,1151,2039
170580142599861,170580142638116,170580142648595,170580142649334,170580142654319,170580142654391,265650,93825434198544,4375639744,7,2732,1151,2040
170580150945507,170580150983201,170580150993945,170580150994815,170580150999377,170580150999449,265650,93825434198544,4375639744,7,2732,1151,2041
170580159213342,170580159225510,170580159236031,170580159236882,170580159242280,170580159242350,265650,93825434198544,4375639744,7,2732,1151,2042
170580167565863,170580167579234,170580167590115,170580167591076,170580167595782,170580167595846,265650,93825434198544,4375639744,7,2732,1151,2043
170580175888280,170580175964247,170580175974802,170580175975923,170580175980538,170580175980609,265650,93825434198544,4375639744,7,2732,1151,2044
170580184184676,170580184202883,170580184213816,170580184216292,170580184224644,170580184224726,265650,93825434198544,4375639744,7,2732,1151,2045
170580192488642,170580192506432,170580192516884,170580192518708,170580192529060,170580192529122,265650,93825434198544,4375639744,7,2732,1151,2046
170580200861960,170580200879352,170580200890457,170580200892214,170580200898962,170580200899027,265650,93825434198544,4375639744,7,2732,1151,2047
170580209142490,170580209157696,170580209168374,170580209170139,170580209179076,170580209179141,265650,93825434198544,4375639744,7,2732,1151,2048
170580217525998,170580217542080,170580217552742,170580217554602,170580217565760,170580217565811,265650,93825434198544,4375639744,7,2732,1151,2049
170580225837978,170580225852559,170580225864454,170580225865982,170580225872684,170580225872750,265650,93825434198544,4375639744,7,2732,1151,2050
170580234181744,170580234195380,170580234206793,170580234208050,170580234213752,170580234213841,265650,93825434198544,4375639744,7,2732,1151,2051
170580242644217,170580242659868,170580242670457,170580242673013,170580242684326,170580242684411,265650,93825434198544,4375639744,7,2732,1151,2052
170580250856390,170580250877337,170580250889236,170580250892793,170580250902161,170580250902251,265650,93825434198544,4375639744,7,2732,1151,2053
170580259147718,170580259163177,170580259174084,170580259175792,170580259182448,170580259182521,265650,93825434198544,4375639744,7,2732,1151,2054
170580267492293,170580267511053,170580267522653,170580267524927,170580267534854,170580267534917,265650,93825434198544,4375639744,7,2732,1151,2055
170580275841571,170580275862622,170580275873955,170580275876812,170580275886150,170580275886198,265650,93825434198544,4375639744,7,2732,1151,2056
170580284163146,170580284179408,170580284190243,170580284192461,170580284199417,170580284199509,265650,93825434198544,4375639744,7,2732,1151,2057
170580292504447,170580292521825,170580292532366,170580292534161,170580292542055,170580292542140,265650,93825434198544,4375639744,7,2732,1151,2058
170580300830386,170580300848469,170580300859152,170580300861428,170580300872893,170580300872947,265650,93825434198544,4375639744,7,2732,1151,2059
170580309223769,170580309243849,170580309256152,170580309258608,170580309269123,170580309269215,265650,93825434198544,4375639744,7,2732,1151,2060
170580317652336,170580317669104,170580317681010,170580317683057,170580317697044,170580317697139,265650,93825434198544,4375639744,7,2732,1151,2061
170580325914707,170580325929544,170580325940994,170580325942807,170580325947871,170580325947963,265650,93825434198544,4375639744,7,2732,1151,2062
170580334153420,170580334166862,170580334178478,170580334179867,170580334185170,170580334185272,265650,93825434198544,4375639744,7,2732,1151,2063
170580342556131,170580342566366,170580342574453,170580342575314,170580342583388,170580342583455,265650,93825434198544,4375639744,7,2732,1151,2064
170580350898337,170580350912779,170580350924154,170580350926006,170580350931464,170580350931534,265650,93825434198544,4375639744,7,2732,1151,2065
170580359168721,170580359186305,170580359197936,170580359200446,170580359209143,170580359209228,265650,93825434198544,4375639744,7,2732,1151,2066
170580367536542,170580367559359,170580367571734,170580367574724,170580367585689,170580367585960,265650,93825434198544,4375639744,7,2732,1151,2067
170580375851378,170580375869098,170580375879957,170580375881613,170580375887353,170580375887428,265650,93825434198544,4375639744,7,2732,1151,2068
170580384161940,170580384178687,170580384189480,170580384191315,170580384199190,170580384199274,265650,93825434198544,4375639744,7,2732,1151,2069
170580392526588,170580392549272,170580392560596,170580392562346,170580392570487,170580392570576,265650,93825434198544,4375639744,7,2732,1151,2070
170580400843695,170580400864224,170580400875404,170580400877920,170580400886884,170580400886948,265650,93825434198544,4375639744,7,2732,1151,2071
170580409146985,170580409162085,170580409172300,170580409174090,170580409179965,170580409180023,265650,93825434198544,4375639744,7,2732,1151,2072
170580417496884,170580417513222,170580417523846,170580417525691,170580417533709,170580417533803,265650,93825434198544,4375639744,7,2732,1151,2073
170580425829379,170580425846416,170580425856978,170580425859029,170580425869089,170580425869164,265650,93825434198544,4375639744,7,2732,1151,2074
170580434156617,170580434171092,170580434181673,170580434183438,170580434189882,170580434189958,265650,93825434198544,4375639744,7,2732,1151,2075
170580442512853,170580442534362,170580442546709,170580442549261,170580442561671,170580442561745,265650,93825434198544,4375639744,7,2732,1151,2076
170580450855705,170580450877432,170580450888983,170580450891858,170580450902614,170580450902683,265650,93825434198544,4375639744,7,2732,1151,2077
170580459159009,170580459174688,170580459185670,170580459187593,170580459194554,170580459194620,265650,93825434198544,4375639744,7,2732,1151,2078
170580467485468,170580467501691,170580467512902,170580467514665,170580467521272,170580467521363,265650,93825434198544,4375639744,7,2732,1151,2079
170580475897078,170580475912222,170580475923015,170580475924767,170580475935080,170580475935147,265650,93825434198544,4375639744,7,2732,1151,2080
170580484187987,170580484205232,170580484216435,170580484218527,170580484225462,170580484225528,265650,93825434198544,4375639744,7,2732,1151,2081
170580492555204,170580492572979,170580492584012,170580492586370,170580492597794,170580492597866,265650,93825434198544,4375639744,7,2732,1151,2082
170580500854167,170580500877350,170580500890079,170580500893316,170580500903188,170580500903263,265650,93825434198544,4375639744,7,2732,1151,2083
170580509178373,170580509195941,170580509207639,170580509210229,170580509219050,170580509219111,265650,93825434198544,4375639744,7,2732,1151,2084
170580517529384,170580517552331,170580517564375,170580517567107,170580517579441,170580517579544,265650,93825434198544,4375639744,7,2732,1151,2085
170580525857029,170580525878738,170580525890563,170580525893771,170580525904562,170580525904624,265650,93825434198544,4375639744,7,2732,1151,2086
170580534166460,170580534184396,170580534194816,170580534196817,170580534203389,170580534203442,265650,93825434198544,4375639744,7,2732,1151,2087
170580542504936,170580542525745,170580542537750,170580542540720,170580542552096,170580542552166,265650,93825434198544,4375639744,7,2732,1151,2088
170580550831938,170580550853650,170580550864685,170580550867439,170580550875845,170580550875928,265650,93825434198544,4375639744,7,2732,1151,2089
170580559158940,170580559174369,170580559184918,170580559186408,170580559193059,170580559193108,265650,93825434198544,4375639744,7,2732,1151,2090
170580567506211,170580567522792,170580567533743,170580567535443,170580567540608,170580567540659,265650,93825434198544,4375639744,7,2732,1151,2091
170580575842567,170580575858453,170580575869121,170580575870959,170580575878361,170580575878435,265650,93825434198544,4375639744,7,2732,1151,2092
170580584168270,170580584184759,170580584195951,170580584197840,170580584204687,170580584204735,265650,93825434198544,4375639744,7,2732,1151,2093
170580592521178,170580592542772,170580592555608,170580592558494,170580592566851,170580592566909,265650,93825434198544,4375639744,7,2732,1151,2094
170580600835810,170580600850230,170580600860845,170580600862344,170580600867320,170580600867386,265650,93825434198544,4375639744,7,2732,1151,2095
170580609171664,170580609188606,170580609199453,170580609201069,170580609209455,170580609209504,265650,93825434198544,4375639744,7,2732,1151,2096
170580617712842,170580617754242,170580617766187,170580617767768,170580617775204,170580617775298,265650,93825434198544,4375639744,7,2732,1151,2097
170580625978030,170580626004327,170580626015536,170580626016902,170580626023154,170580626023247,265650,93825434198544,4375639744,7,2732,1151,2098
170580634223092,170580634236623,170580634247893,170580634248965,170580634254866,170580634254961,265650,93825434198544,4375639744,7,2732,1151,2099
170580642609263,170580642623822,170580642635152,170580642636439,170580642643968,170580642644060,265650,93825434198544,4375639744,7,2732,1151,2100
170580650939698,170580650984841,170580650995944,170580650997042,170580651006483,170580651006577,265650,93825434198544,4375639744,7,2732,1151,2101
170580659178806,170580659198550,170580659209848,170580659212977,170580659218275,170580659218340,265650,93825434198544,4375639744,7,2732,1151,2102
170580667503449,170580667516521,170580667527588,170580667529554,170580667533296,170580667533405,265650,93825434198544,4375639744,7,2732,1151,2103
170580675868208,170580675891457,170580675903405,170580675905954,170580675915351,170580675915414,265650,93825434198544,4375639744,7,2732,1151,2104
170580684171907,170580684187780,170580684198747,170580684200640,170580684207896,170580684208005,265650,93825434198544,4375639744,7,2732,1151,2105
170580692613296,170580692627342,170580692638933,170580692640280,170580692646034,170580692646127,265650,93825434198544,4375639744,7,2732,1151,2106
170580700927172,170580700940805,170580700952103,170580700953467,170580700959743,170580700959837,265650,93825434198544,4375639744,7,2732,1151,2107
170580709206870,170580709219874,170580709230871,170580709232237,170580709239483,170580709239570,265650,93825434198544,4375639744,7,2732,1151,2108
170580717617230,170580717627376,170580717635378,170580717636900,170580717643375,170580717643436,265650,93825434198544,4375639744,7,2732,1151,2109
170580725975844,170580725992162,170580726010006,170580726011695,170580726016264,170580726016355,265650,93825434198544,4375639744,7,2732,1151,2110
170580734285349,170580734343201,170580734354257,170580734356035,170580734362965,170580734363052,265650,93825434198544,4375639744,7,2732,1151,2111
170580742617062,170580742636317,170580742647536,170580742649790,170580742655603,170580742655677,265650,93825434198544,4375639744,7,2732,1151,2112
170580750866528,170580750889629,170580750902593,170580750905696,170580750913365,170580750913445,265650,93825434198544,4375639744,7,2732,1151,2113
170580759175247,170580759193077,170580759204589,170580759206468,170580759211970,170580759212039,265650,93825434198544,4375639744,7,2732,1151,2114
170580767501725,170580767518149,170580767529130,170580767530946,170580767535564,170580767535638,265650,93825434198544,4375639744,7,2732,1151,2115
170580775835871,170580775851834,170580775863771,170580775866509,170580775873847,170580775873895,265650,93825434198544,4375639744,7,2732,1151,2116
170580784185229,170580784202323,170580784213237,170580784214929,170580784221013,170580784221071,265650,93825434198544,4375639744,7,2732,1151,2117
170580792530735,170580792548872,170580792560881,170580792563735,170580792570862,170580792570929,265650,93825434198544,4375639744,7,2732,1151,2118
170580800864123,170580800885535,170580800896969,170580800898648,170580800904450,170580800904503,265650,93825434198544,4375639744,7,2732,1151,2119
170580809173807,170580809189612,170580809200716,170580809202442,170580809207984,170580809208045,265650,93825434198544,4375639744,7,2732,1151,2120
170580817509563,170580817526938,170580817538213,170580817540061,170580817545627,170580817545691,265650,93825434198544,4375639744,7,2732,1151,2121
170580825835295,170580825851348,170580825861738,170580825863590,170580825868903,170580825868966,265650,93825434198544,4375639744,7,2732,1151,2122
170580834179370,170580834195927,170580834207175,170580834209046,170580834215365,170580834215425,265650,93825434198544,4375639744,7,2732,1151,2123
170580842515761,170580842531790,170580842542297,170580842544363,170580842550068,170580842550133,265650,93825434198544,4375639744,7,2732,1151,2124
170580850848372,170580850862929,170580850873343,170580850875321,170580850881040,170580850881096,265650,93825434198544,4375639744,7,2732,1151,2125
170580859181497,170580859197851,170580859208981,170580859210750,170580859216253,170580859216335,265650,93825434198544,4375639744,7,2732,1151,2126
170580867556113,170580867577756,170580867589394,170580867592607,170580867599138,170580867599210,265650,93825434198544,4375639744,7,2732,1151,2127
170580875851016,170580875868893,170580875879942,170580875881820,170580875889181,170580875889338,265650,93825434198544,4375639744,7,2732,1151,2128
170580884187336,170580884202318,170580884213024,170580884215179,170580884222113,170580884222194,265650,93825434198544,4375639744,7,2732,1151,2129
170580892504842,170580892519261,170580892531258,170580892533830,170580892539374,170580892539461,265650,93825434198544,4375639744,7,2732,1151,2130
170580900861930,170580900876839,170580900888123,170580900890062,170580900899321,170580900899384,265650,93825434198544,4375639744,7,2732,1151,2131
170580909178049,170580909192345,170580909202784,170580909204469,170580909210867,170580909211059,265650,93825434198544,4375639744,7,2732,1151,2132
170580917511420,170580917525581,170580917535786,170580917537455,170580917543836,170580917543898,265650,93825434198544,4375639744,7,2732,1151,2133
170580925838950,170580925852884,170580925863052,170580925864464,170580925870299,170580925870364,265650,93825434198544,4375639744,7,2732,1151,2134
170580934170730,170580934183455,170580934193625,170580934195151,170580934202269,170580934202328,265650,93825434198544,4375639744,7,2732,1151,2135
170580942507073,170580942521471,170580942531360,170580942533133,170580942538435,170580942538493,265650,93825434198544,4375639744,7,2732,1151,2136
170580950869579,170580950888348,170580950899924,170580950902651,170580950908998,170580950909059,265650,93825434198544,4375639744,7,2732,1151,2137
170580959172046,170580959186031,170580959196618,170580959198146,170580959201705,170580959201762,265650,93825434198544,4375639744,7,2732,1151,2138
170580967504896,170580967518838,170580967529096,170580967530450,170580967534437,170580967534487,265650,93825434198544,4375639744,7,2732,1151,2139
170580975843163,170580975858942,170580975869315,170580975870903,170580975874986,170580975875048,265650,93825434198544,4375639744,7,2732,1151,2140
170580984258051,170580984278820,170580984291088,170580984293883,170580984302552,170580984302657,265650,93825434198544,4375639744,7,2732,1151,2141
170580992619840,170580992634786,170580992646375,170580992648140,170580992656024,170580992656104,265650,93825434198544,4375639744,7,2732,1151,2142
170581000947045,170581000959599,170581000970863,170581000972101,170581000978173,170581000978266,265650,93825434198544,4375639744,7,2732,1151,2143
170581009209796,170581009219315,170581009227584,170581009228447,170581009232869,170581009232932,265650,93825434198544,4375639744,7,2732,1151,2144
170581017586669,170581017595616,170581017603059,170581017603642,170581017609440,170581017609485,265650,93825434198544,4375639744,7,2732,1151,2145
170581025936838,170581025948688,170581025959404,170581025960270,170581025964696,170581025964771,265650,93825434198544,4375639744,7,2732,1151,2146
170581034259201,170581034271275,170581034281917,170581034282861,170581034286858,170581034286931,265650,93825434198544,4375639744,7,2732,1151,2147
170581042595896,170581042608135,170581042618709,170581042619478,170581042624651,170581042624725,265650,93825434198544,4375639744,7,2732,1151,2148
170581050968254,170581050980398,170581050990942,170581050991775,170581050996356,170581050996425,265650,93825434198544,4375639744,7,2732,1151,2149
170581059239293,170581059248573,170581059256557,170581059257195,170581059261284,170581059261334,265650,93825434198544,4375639744,7,2732,1151,2150
170581067603427,170581067615544,170581067626241,170581067627101,170581067631705,170581067631780,265650,93825434198544,4375639744,7,2732,1151,2151
170581075935879,170581075947981,170581075958503,170581075959332,170581075964039,170581075964110,265650,93825434198544,4375639744,7,2732,1151,2152
170581084233564,170581084243151,170581084251669,170581084252259,170581084256296,170581084256355,265650,93825434198544,4375639744,7,2732,1151,2153
170581092633619,170581092647157,170581092658175,170581092659270,170581092665354,170581092665423,265650,93825434198544,4375639744,7,2732,1151,2154
170581101021365,170581101037987,170581101048698,170581101049619,170581101055032,170581101055106,265650,93825434198544,4375639744,7,2732,1151,2155
170581109188246,170581109198536,170581109206955,170581109208383,170581109212971,170581109213031,265650,93825434198544,4375639744,7,2732,1151,2156
170581117669631,170581117684315,170581117695387,170581117696601,170581117702256,170581117702325,265650,93825434198544,4375639744,7,2732,1151,2157
170581125988288,170581126036714,170581126047819,170581126048783,170581126053943,170581126054010,265650,93825434198544,4375639744,7,2732,1151,2158
170581134210939,170581134220357,170581134228415,170581134229343,170581134233183,170581134233233,265650,93825434198544,4375639744,7,2732,1151,2159
170581142660778,170581142684099,170581142694903,170581142695867,170581142700391,170581142700466,265650,93825434198544,4375639744,7,2732,1151,2160
170581150951397,170581150963545,170581150974198,170581150975098,170581150980225,170581150980310,265650,93825434198544,4375639744,7,2732,1151,2161
170581159187064,170581159196565,170581159204575,170581159205154,170581159209159,170581159209210,265650,93825434198544,4375639744,7,2732,1151,2162
170581167584067,170581167594336,170581167602360,170581167603020,170581167609150,170581167609204,265650,93825434198544,4375639744,7,2732,1151,2163
170581175947362,170581175960396,170581175971039,170581175972093,170581175976479,170581175976543,265650,93825434198544,4375639744,7,2732,1151,2164
170581184186230,170581184195616,170581184203343,170581184204101,170581184207898,170581184207951,265650,93825434198544,4375639744,7,2732,1151,2165
170581192666521,170581192734394,170581192744922,170581192745768,170581192750554,170581192750622,265650,93825434198544,4375639744,7,2732,1151,2166
170581200978116,170581200991149,170581201005944,170581201006778,170581201010670,170581201010740,265650,93825434198544,4375639744,7,2732,1151,2167
170581209251891,170581209265771,170581209277313,170581209278353,170581209284255,170581209284327,265650,93825434198544,4375639744,7,2732,1151,2168
170581217624199,170581217638809,170581217649839,170581217650917,170581217655377,170581217655445,265650,93825434198544,4375639744,7,2732,1151,2169
170581225926957,170581225941044,170581225952498,170581225953696,170581225958753,170581225958841,265650,93825434198544,4375639744,7,2732,1151,2170
170581234198164,170581234212291,170581234223422,170581234224635,170581234230038,170581234230131,265650,93825434198544,4375639744,7,2732,1151,2171
170581242706431,170581242724504,170581242735735,170581242736781,170581242742716,170581242742810,265650,93825434198544,4375639744,7,2732,1151,2172
170581250961946,170581250975310,170581250986530,170581250987576,170581250991933,170581250992029,265650,93825434198544,4375639744,7,2732,1151,2173
170581259264340,170581259276822,170581259287608,170581259288595,170581259293586,170581259293677,265650,93825434198544,4375639744,7,2732,1151,2174
170581267657577,170581267684392,170581267695064,170581267695927,170581267701579,170581267701672,265650,93825434198544,4375639744,7,2732,1151,2175
170581275964243,170581276037007,170581276047880,170581276048658,170581276052741,170581276052818,265650,93825434198544,4375639744,7,2732,1151,2176
170581284221758,170581284233981,170581284244410,170581284245222,170581284249208,170581284249277,265650,93825434198544,4375639744,7,2732,1151,2177
170581292629886,170581292666819,170581292677800,170581292678951,170581292683423,170581292683492,265650,93825434198544,4375639744,7,2732,1151,2178
170581300981878,170581300994562,170581301008348,170581301009207,170581301013872,170581301013949,265650,93825434198544,4375639744,7,2732,1151,2179
170581309192667,170581309202476,170581309211249,170581309212082,170581309216251,170581309216310,265650,93825434198544,4375639744,7,2732,1151,2180
170581317602976,170581317616393,170581317624493,170581317625926,170581317631460,170581317631510,265650,93825434198544,4375639744,7,2732,1151,2181
170581325910449,170581325925560,170581325936522,170581325938080,170581325943654,170581325943718,265650,93825434198544,4375639744,7,2732,1151,2182
170581334227925,170581334240772,170581334251555,170581334252530,170581334257027,170581334257102,265650,93825434198544,4375639744,7,2732,1151,2183
170581342641300,170581342653472,170581342664285,170581342665101,170581342670303,170581342670372,265650,93825434198544,4375639744,7,2732,1151,2184
170581350922500,170581350932420,170581350940426,170581350941098,170581350945556,170581350945613,265650,93825434198544,4375639744,7,2732,1151,2185
170581359200248,170581359211107,170581359219305,170581359220314,170581359225642,170581359225710,265650,93825434198544,4375639744,7,2732,1151,2186
170581367643055,170581367655436,170581367666287,170581367667459,170581367671726,170581367671811,265650,93825434198544,4375639744,7,2732,1151,2187
170581375943515,170581375956321,170581375966994,170581375967992,170581375972359,170581375972446,265650,93825434198544,4375639744,7,2732,1151,2188
170581384215933,170581384225813,170581384234490,170581384235170,170581384238963,170581384239019,265650,93825434198544,4375639744,7,2732,1151,2189
170581392644604,170581392656887,170581392667627,170581392668461,170581392672186,170581392672257,265650,93825434198544,4375639744,7,2732,1151,2190
170581401028779,170581401041284,170581401052019,170581401052784,170581401056792,170581401056868,265650,93825434198544,4375639744,7,2732,1151,2191
170581409194541,170581409204207,170581409212746,170581409213513,170581409217415,170581409217472,265650,93825434198544,4375639744,7,2732,1151,2192
170581417581750,170581417591547,170581417599391,170581417600144,170581417603342,170581417603397,265650,93825434198544,4375639744,7,2732,1151,2193
170581425901865,170581425914887,170581425925622,170581425926546,170581425930998,170581425931067,265650,93825434198544,4375639744,7,2732,1151,2194
170581434275485,170581434296386,170581434308160,170581434310722,170581434320407,170581434320496,265650,93825434198544,4375639744,7,2732,1151,2195
170581442584634,170581442607512,170581442620251,170581442623422,170581442630419,170581442630511,265650,93825434198544,4375639744,7,2732,1151,2196
170581450900307,170581450923762,170581450936763,170581450939688,170581450951681,170581450951755,265650,93825434198544,4375639744,7,2732,1151,2197
170581459213831,170581459231475,170581459242328,170581459244522,170581459254523,170581459254583,265650,93825434198544,4375639744,7,2732,1151,2198
170581467543537,170581467559465,170581467570873,170581467573922,170581467579515,170581467579577,265650,93825434198544,4375639744,7,2732,1151,2199
170581475918074,170581475939244,170581475951320,170581475954006,170581475964911,170581475964973,265650,93825434198544,4375639744,7,2732,1151,2200
170581484206424,170581484224574,170581484235656,170581484237657,170581484245648,170581484245715,265650,93825434198544,4375639744,7,2732,1151,2201
170581492580192,170581492604644,170581492615953,170581492619215,170581492624750,170581492624813,265650,93825434198544,4375639744,7,2732,1151,2202
170581500876272,170581500892722,170581500903125,170581500904593,170581500910335,170581500910383,265650,93825434198544,4375639744,7,2732,1151,2203
170581509225703,170581509243485,170581509254352,170581509256059,170581509263964,170581509264019,265650,93825434198544,4375639744,7,2732,1151,2204
170581517580852,170581517601370,170581517613900,170581517616559,170581517626585,170581517626642,265650,93825434198544,4375639744,7,2732,1151,2205
170581525921673,170581525944968,170581525957273,170581525960203,170581525968965,170581525969009,265650,93825434198544,4375639744,7,2732,1151,2206
170581534214060,170581534229807,170581534240457,170581534242517,170581534249022,170581534249075,265650,93825434198544,4375639744,7,2732,1151,2207
170581542551450,170581542568336,170581542579001,170581542580831,170581542585946,170581542586011,265650,93825434198544,4375639744,7,2732,1151,2208
170581550902885,170581550923586,170581550935923,170581550938452,170581550945921,170581550945970,265650,93825434198544,4375639744,7,2732,1151,2209
170581559217078,170581559234341,170581559244863,170581559246806,170581559254215,170581559254263,265650,93825434198544,4375639744,7,2732,1151,2210
170581567575844,170581567598188,170581567609695,170581567613181,170581567619000,170581567619063,265650,93825434198544,4375639744,7,2732,1151,2211
170581575920521,170581575943357,170581575955439,170581575958413,170581575970075,170581575970144,265650,93825434198544,4375639744,7,2732,1151,2212
170581584214673,170581584230690,170581584241476,170581584243189,170581584250041,170581584250100,265650,93825434198544,4375639744,7,2732,1151,2213
170581592581890,170581592604992,170581592617091,170581592619459,170581592626687,170581592626748,265650,93825434198544,4375639744,7,2732,1151,2214
170581600908590,170581600930797,170581600942494,170581600945485,170581600955949,170581600955997,265650,93825434198544,4375639744,7,2732,1151,2215
170581609217149,170581609232666,170581609243236,170581609245241,170581609252582,170581609252640,265650,93825434198544,4375639744,7,2732,1151,2216
170581617546207,170581617564053,170581617576822,170581617579363,170581617592885,170581617592999,265650,93825434198544,4375639744,7,2732,1151,2217
170581625898547,170581625915396,170581625926251,170581625928106,170581625939985,170581625940076,265650,93825434198544,4375639744,7,2732,1151,2218
170581634212681,170581634226026,170581634236903,170581634238997,170581634246359,170581634246422,265650,93825434198544,4375639744,7,2732,1151,2219
170581642603043,170581642624716,170581642636287,170581642639298,170581642657102,170581642657156,265650,93825434198544,4375639744,7,2732,1151,2220
170581650922914,170581650937831,170581650948272,170581650950168,170581650960357,170581650960406,265650,93825434198544,4375639744,7,2732,1151,2221
170581659206771,170581659221359,170581659232100,170581659233912,170581659239990,170581659240045,265650,93825434198544,4375639744,7,2732,1151,2222
170581667579783,170581667600254,170581667612157,170581667614870,170581667626918,170581667626998,265650,93825434198544,4375639744,7,2732,1151,2223
170581675912219,170581675931365,170581675943571,170581675945709,170581675958400,170581675958452,265650,93825434198544,4375639744,7,2732,1151,2224
170581684209387,170581684223560,170581684234082,170581684235593,170581684243890,170581684243944,265650,93825434198544,4375639744,7,2732,1151,2225
170581692585820,170581692601974,170581692612772,170581692614842,170581692626663,170581692626712,265650,93825434198544,4375639744,7,2732,1151,2226
170581700878410,170581700892777,170581700903507,170581700905596,170581700915049,170581700915138,265650,93825434198544,4375639744,7,2732,1151,2227
170581709224131,170581709240753,170581709251212,170581709253397,170581709260943,170581709261005,265650,93825434198544,4375639744,7,2732,1151,2228
170581717605685,170581717628600,170581717640732,170581717643857,170581717653319,170581717653382,265650,93825434198544,4375639744,7,2732,1151,2229
170581725910064,170581725930617,170581725941898,170581725944467,170581725955299,170581725955362,265650,93825434198544,4375639744,7,2732,1151,2230
170581734217200,170581734233813,170581734244380,170581734246235,170581734253290,170581734253354,265650,93825434198544,4375639744,7,2732,1151,2231
170581742548048,170581742564815,170581742575557,170581742577354,170581742581176,170581742581232,265650,93825434198544,4375639744,7,2732,1151,2232
170581750905495,170581750928858,170581750940339,170581750942841,170581750949931,170581750949981,265650,93825434198544,4375639744,7,2732,1151,2233
170581759209566,170581759224278,170581759234937,170581759236695,170581759241245,170581759241645,265650,93825434198544,4375639744,7,2732,1151,2234
170581767566715,170581767583559,170581767594598,170581767597312,170581767606038,170581767606100,265650,93825434198544,4375639744,7,2732,1151,2235
170581775930409,170581775951733,170581775963388,170581775966547,170581775978041,170581775978141,265650,93825434198544,4375639744,7,2732,1151,2236
170581784244405,170581784263186,170581784275278,170581784277623,170581784289210,170581784289301,265650,93825434198544,4375639744,7,2732,1151,2237
170581792574151,170581792592486,170581792603384,170581792605977,170581792616750,170581792616800,265650,93825434198544,4375639744,7,2732,1151,2238
170581800885927,170581800903075,170581800915020,170581800918255,170581800929950,170581800929998,265650,93825434198544,4375639744,7,2732,1151,2239
170581809226869,170581809243232,170581809253847,170581809255725,170581809263648,170581809263706,265650,93825434198544,4375639744,7,2732,1151,2240
170581817638107,170581817660828,170581817671996,170581817675202,170581817685049,170581817685227,265650,93825434198544,4375639744,7,2732,1151,2241
170581825890842,170581825906398,170581825916864,170581825918818,170581825926977,170581825927035,265650,93825434198544,4375639744,7,2732,1151,2242
170581834222363,170581834238056,170581834248085,170581834250050,170581834257767,170581834257828,265650,93825434198544,4375639744,7,2732,1151,2243
170581842574335,170581842598390,170581842609938,170581842613086,170581842622945,170581842623002,265650,93825434198544,4375639744,7,2732,1151,2244
170581850889573,170581850906058,170581850916922,170581850918943,170581850925237,170581850925305,265650,93825434198544,4375639744,7,2732,1151,2245
170581859223488,170581859239520,170581859250714,170581859252783,170581859259861,170581859259920,265650,93825434198544,4375639744,7,2732,1151,2246
170581867575889,170581867595965,170581867607954,170581867610621,170581867615880,170581867615933,265650,93825434198544,4375639744,7,2732,1151,2247
170581875884032,170581875900012,170581875911183,170581875913069,170581875918609,170581875918676,265650,93825434198544,4375639744,7,2732,1151,2248
170581884224724,170581884241533,170581884252708,170581884255071,170581884260981,170581884261064,265650,93825434198544,4375639744,7,2732,1151,2249
170581892564869,170581892581886,170581892592380,170581892594506,170581892603208,170581892603271,265650,93825434198544,4375639744,7,2732,1151,2250
170581900953705,170581900971097,170581900982812,170581900985871,170581900994408,170581900994487,265650,93825434198544,4375639744,7,2732,1151,2251
170581909230143,170581909246992,170581909258108,170581909260075,170581909267050,170581909267114,265650,93825434198544,4375639744,7,2732,1151,2252
170581917618097,170581917635297,170581917646622,170581917648562,170581917654519,170581917654595,265650,93825434198544,4375639744,7,2732,1151,2253
170581925889750,170581925905386,170581925916560,170581925918420,170581925923712,170581925923774,265650,93825434198544,4375639744,7,2732,1151,2254
170581934258022,170581934275496,170581934285875,170581934288432,170581934297134,170581934297188,265650,93825434198544,4375639744,7,2732,1151,2255
170581942615162,170581942636989,170581942649956,170581942653153,170581942657557,170581942657625,265650,93825434198544,4375639744,7,2732,1151,2256
170581950897966,170581950914476,170581950925545,170581950927324,170581950933913,170581950933974,265650,93825434198544,4375639744,7,2732,1151,2257
170581959221680,170581959237082,170581959248453,170581959250277,170581959256467,170581959256541,265650,93825434198544,4375639744,7,2732,1151,2258
170581967604127,170581967624944,170581967637030,170581967639569,170581967644301,170581967644362,265650,93825434198544,4375639744,7,2732,1151,2259
170581975899979,170581975916332,170581975927277,170581975929316,170581975934654,170581975934723,265650,93825434198544,4375639744,7,2732,1151,2260
170581984224768,170581984241472,170581984252285,170581984254328,170581984260120,170581984260181,265650,93825434198544,4375639744,7,2732,1151,2261
170581992560047,170581992579584,170581992591546,170581992594470,170581992602689,170581992602738,265650,93825434198544,4375639744,7,2732,1151,2262
170582000923221,170582000945770,170582000958468,170582000961707,170582000968234,170582000968283,265650,93825434198544,4375639744,7,2732,1151,2263
170582009227543,170582009244035,170582009255106,170582009257019,170582009261820,170582009261876,265650,93825434198544,4375639744,7,2732,1151,2264
170582017579740,170582017597661,170582017608461,170582017610565,170582017617786,170582017617875,265650,93825434198544,4375639744,7,2732,1151,2265
170582025957865,170582025973177,170582025984468,170582025987352,170582026008269,170582026008374,265650,93825434198544,4375639744,7,2732,1151,2266
170582034226223,170582034242640,170582034252962,170582034254960,170582034260252,170582034260353,265650,93825434198544,4375639744,7,2732,1151,2267
170582042588560,170582042610818,170582042621854,170582042623840,170582042628584,170582042628653,265650,93825434198544,4375639744,7,2732,1151,2268
170582050916272,170582050933317,170582050944007,170582050946151,170582050952203,170582050952262,265650,93825434198544,4375639744,7,2732,1151,2269
170582059248068,170582059267126,170582059278496,170582059281139,170582059286647,170582059286706,265650,93825434198544,4375639744,7,2732,1151,2270
170582067579851,170582067598365,170582067609440,170582067612034,170582067616493,170582067616576,265650,93825434198544,4375639744,7,2732,1151,2271
170582075946399,170582075967068,170582075979822,170582075982087,170582075991264,170582075991360,265650,93825434198544,4375639744,7,2732,1151,2272
170582084267534,170582084285939,170582084298189,170582084300585,170582084310862,170582084310954,265650,93825434198544,4375639744,7,2732,1151,2273
170582092637558,170582092652604,170582092662324,170582092664248,170582092675072,170582092675155,265650,93825434198544,4375639744,7,2732,1151,2274
170582101031536,170582101053978,170582101065631,170582101068084,170582101078383,170582101078471,265650,93825434198544,4375639744,7,2732,1151,2275
170582109250132,170582109268998,170582109280315,170582109283091,170582109295305,170582109295381,265650,93825434198544,4375639744,7,2732,1151,2276
170582117652529,170582117675314,170582117688570,170582117691642,170582117698127,170582117698381,265650,93825434198544,4375639744,7,2732,1151,2277
170582125927735,170582125951105,170582125963642,170582125966738,170582125977993,170582125978078,265650,93825434198544,4375639744,7,2732,1151,2278
170582134236509,170582134253724,170582134264903,170582134266523,170582134272831,170582134272885,265650,93825434198544,4375639744,7,2732,1151,2279
170582142630324,170582142653484,170582142666165,170582142669016,170582142675445,170582142675544,265650,93825434198544,4375639744,7,2732,1151,2280
170582150947571,170582150963678,170582150974602,170582150976424,170582150983795,170582150983873,265650,93825434198544,4375639744,7,2732,1151,2281
170582159242788,170582159259884,170582159270441,170582159272116,170582159281254,170582159281365,265650,93825434198544,4375639744,7,2732,1151,2282
170582167608412,170582167623569,170582167634806,170582167636651,170582167644266,170582167644355,265650,93825434198544,4375639744,7,2732,1151,2283
170582175905540,170582175922214,170582175933213,170582175935078,170582175942475,170582175942538,265650,93825434198544,4375639744,7,2732,1151,2284
170582184236576,170582184252050,170582184262978,170582184265062,170582184273448,170582184273529,265650,93825434198544,4375639744,7,2732,1151,2285
170582192581975,170582192600830,170582192612761,170582192615835,170582192624844,170582192624926,265650,93825434198544,4375639744,7,2732,1151,2286
170582200977272,170582201009436,170582201021899,170582201024819,170582201038138,170582201038227,265650,93825434198544,4375639744,7,2732,1151,2287
170582209243668,170582209260975,170582209272750,170582209274967,170582209283594,170582209283654,265650,93825434198544,4375639744,7,2732,1151,2288
170582217611538,170582217627444,170582217638189,170582217640234,170582217647526,170582217647592,265650,93825434198544,4375639744,7,2732,1151,2289
170582225904183,170582225919788,170582225931138,170582225933087,170582225941117,170582225941167,265650,93825434198544,4375639744,7,2732,1151,2290
170582234311166,170582234330692,170582234341744,170582234344552,170582234355265,170582234355348,265650,93825434198544,4375639744,7,2732,1151,2291
170582242635242,170582242653708,170582242664438,170582242666979,170582242675571,170582242675647,265650,93825434198544,4375639744,7,2732,1151,2292
170582250966810,170582250989644,170582251005880,170582251008679,170582251022650,170582251022718,265650,93825434198544,4375639744,7,2732,1151,2293
170582259239899,170582259256412,170582259267695,170582259269836,170582259279233,170582259279300,265650,93825434198544,4375639744,7,2732,1151,2294
170582267684380,170582267702098,170582267714456,170582267716197,170582267721684,170582267721801,265650,93825434198544,4375639744,7,2732,1151,2295
170582275949605,170582275959569,170582275967615,170582275968553,170582275974642,170582275974708,265650,93825434198544,4375639744,7,2732,1151,2296
170582284246930,170582284259844,170582284271090,170582284272335,170582284280053,170582284280146,265650,93825434198544,4375639744,7,2732,1151,2297
170582292679082,170582292723489,170582292734540,170582292735668,170582292742057,170582292742144,265650,93825434198544,4375639744,7,2732,1151,2298
170582301074740,170582301089313,170582301102942,170582301104996,170582301113569,170582301113688,265650,93825434198544,4375639744,7,2732,1151,2299
170582309247089,170582309260856,170582309271784,170582309273181,170582309280803,170582309280905,265650,93825434198544,4375639744,7,2732,1151,2300
170582317678327,170582317691663,170582317702477,170582317703799,170582317710553,170582317710651,265650,93825434198544,4375639744,7,2732,1151,2301
170582325945046,170582325959817,170582325971005,170582325972500,170582325981181,170582325981294,265650,93825434198544,4375639744,7,2732,1151,2302
170582334323656,170582334336543,170582334347584,170582334348914,170582334354785,170582334354878,265650,93825434198544,4375639744,7,2732,1151,2303
170582342671633,170582342700816,170582342711641,170582342712756,170582342719970,170582342720061,265650,93825434198544,4375639744,7,2732,1151,2304
170582350983246,170582350997965,170582351012122,170582351013236,170582351019725,170582351019819,265650,93825434198544,4375639744,7,2732,1151,2305
170582359307563,170582359318678,170582359326899,170582359327769,170582359333603,170582359333675,265650,93825434198544,4375639744,7,2732,1151,2306
170582367736973,170582367797860,170582367808755,170582367810220,170582367817938,170582367818035,265650,93825434198544,4375639744,7,2732,1151,2307
170582375989397,170582376005736,170582376017153,170582376018310,170582376025002,170582376025092,265650,93825434198544,4375639744,7,2732,1151,2308
170582384327991,170582384349289,170582384360841,170582384363604,170582384379914,170582384379998,265650,93825434198544,4375639744,7,2732,1151,2309
170582392663234,170582392686673,170582392698235,170582392700397,170582392708756,170582392708844,265650,93825434198544,4375639744,7,2732,1151,2310
170582400925617,170582400943150,170582400954010,170582400956075,170582400965936,170582400965986,265650,93825434198544,4375639744,7,2732,1151,2311
170582409261906,170582409279223,170582409289951,170582409291969,170582409299960,170582409300024,265650,93825434198544,4375639744,7,2732,1151,2312
170582417582534,170582417600476,170582417611137,170582417612977,170582417618955,170582417619024,265650,93825434198544,4375639744,7,2732,1151,2313
170582425906019,170582425920009,170582425930531,170582425932143,170582425936956,170582425937018,265650,93825434198544,4375639744,7,2732,1151,2314
170582434307860,170582434323107,170582434334740,170582434336195,170582434342606,170582434342709,265650,93825434198544,4375639744,7,2732,1151,2315
170582442689498,170582442703379,170582442714882,170582442716132,170582442723703,170582442723795,265650,93825434198544,4375639744,7,2732,1151,2316
170582451065014,170582451087415,170582451098864,170582451100595,170582451108064,170582451108155,265650,93825434198544,4375639744,7,2732,1151,2317
170582459254127,170582459267221,170582459278359,170582459279364,170582459285503,170582459285594,265650,93825434198544,4375639744,7,2732,1151,2318
170582467667082,170582467679520,170582467690333,170582467691178,170582467697330,170582467697421,265650,93825434198544,4375639744,7,2732,1151,2319
170582475986591,170582475999034,170582476011980,170582476012961,170582476018754,170582476018833,265650,93825434198544,4375639744,7,2732,1151,2320
170582484257104,170582484271211,170582484282287,170582484283365,170582484290284,170582484290348,265650,93825434198544,4375639744,7,2732,1151,2321
170582492646412,170582492659157,170582492669830,170582492670902,170582492679023,170582492679095,265650,93825434198544,4375639744,7,2732,1151,2322
170582501004657,170582501017671,170582501028687,170582501029870,170582501036826,170582501036901,265650,93825434198544,4375639744,7,2732,1151,2323
170582509254628,170582509267996,170582509279074,170582509280113,170582509286157,170582509286228,265650,93825434198544,4375639744,7,2732,1151,2324
