start,geometry,clip,blit,flush,end,hwnd,surface,thread,outcome,width,height,commit
170585562777972,170585562795993,170585562807000,170585562809251,170585562816877,170585562816960,265650,93825434198544,4375639744,7,2732,1151,2563
170585571122584,170585571141973,170585571153633,170585571155963,170585571165611,170585571165683,265650,93825434198544,4375639744,7,2732,1151,2564
170585579467088,170585579490153,170585579502435,170585579505637,170585579513587,170585579513671,265650,93825434198544,4375639744,7,2732,1151,2565
170585587804398,170585587824646,170585587836662,170585587839840,170585587855689,170585587855774,265650,93825434198544,4375639744,7,2732,1151,2566
170585596134000,170585596154321,170585596165903,170585596168738,170585596181178,170585596181247,265650,93825434198544,4375639744,7,2732,1151,2567
170585604465372,170585604485235,170585604496317,170585604499072,170585604506343,170585604506420,265650,93825434198544,4375639744,7,2732,1151,2568
170585612858586,170585612881936,170585612894213,170585612897498,170585612913661,170585612913730,265650,93825434198544,4375639744,7,2732,1151,2569
170585621073762,170585621090015,170585621101130,170585621103022,170585621109870,170585621109931,265650,93825434198544,4375639744,7,2732,1151,2570
170585629431785,170585629447746,170585629458711,170585629460589,170585629466856,170585629466934,265650,93825434198544,4375639744,7,2732,1151,2571
170585637851687,170585637873458,170585637886184,170585637889468,170585637903031,170585637903086,265650,93825434198544,4375639744,7,2732,1151,2572
170585646128636,170585646145774,170585646156828,170585646159382,170585646170897,170585646170960,265650,93825434198544,4375639744,7,2732,1151,2573
170585654474880,170585654496717,170585654508344,170585654511878,170585654520584,170585654520679,265650,93825434198544,4375639744,7,2732,1151,2574
170585662820246,170585662842633,170585662854557,170585662857883,170585662867139,170585662867206,265650,93825434198544,4375639744,7,2732,1151,2575
170585671151562,170585671167981,170585671178696,170585671180892,170585671190699,170585671190752,265650,93825434198544,4375639744,7,2732,1151,2576
170585679467873,170585679490042,170585679501751,170585679504945,170585679513705,170585679513754,265650,93825434198544,4375639744,7,2732,1151,2577
170585687824880,170585687842293,170585687853491,170585687855614,170585687863606,170585687863678,265650,93825434198544,4375639744,7,2732,1151,2578
170585696121525,170585696138247,170585696149169,170585696151252,170585696173375,170585696173443,265650,93825434198544,4375639744,7,2732,1151,2579
170585704503429,170585704525505,170585704538568,170585704541593,170585704551940,170585704552019,265650,93825434198544,4375639744,7,2732,1151,2580
170585712831082,170585712853281,170585712865317,170585712868734,170585712880075,170585712880164,265650,93825434198544,4375639744,7,2732,1151,2581
170585721116678,170585721135530,170585721146369,170585721148476,170585721156021,170585721156073,265650,93825434198544,4375639744,7,2732,1151,2582
170585729446275,170585729462655,170585729473244,170585729475039,170585729482993,170585729483052,265650,93825434198544,4375639744,7,2732,1151,2583
170585737883244,170585737902773,170585737914833,170585737917714,170585737927551,170585737927667,265650,93825434198544,4375639744,7,2732,1151,2584
170585746214015,170585746315348,170585746327719,170585746329811,170585746340408,170585746340525,265650,93825434198544,4375639744,7,2732,1151,2585
170585754595230,170585754658068,170585754668761,170585754670086,170585754677525,170585754677620,265650,93825434198544,4375639744,7,2732,1151,2586
170585762904100,170585762974521,170585762985217,170585762986231,170585762991408,170585762991496,265650,93825434198544,4375639744,7,2732,1151,2587
170585771198803,170585771213730,170585771225775,170585771227429,170585771234339,170585771234431,265650,93825434198544,4375639744,7,2732,1151,2588
170585779548121,170585779560642,170585779571596,170585779572666,170585779580057,170585779580154,265650,93825434198544,4375639744,7,2732,1151,2589
170585787934042,170585787953908,170585787965465,170585787967258,170585787974903,170585787974991,265650,93825434198544,4375639744,7,2732,1151,2590
170585796213491,170585796227617,170585796238941,170585796240348,170585796248485,170585796248580,265650,93825434198544,4375639744,7,2732,1151,2591
170585804607597,170585804632583,170585804644049,170585804645242,170585804654463,170585804654558,265650,93825434198544,4375639744,7,2732,1151,2592
170585812928976,170585812948850,170585812959719,170585812960625,170585812967231,170585812967330,265650,93825434198544,4375639744,7,2732,1151,2593
170585821247494,170585821281697,170585821292577,170585821293485,170585821299010,170585821299096,265650,93825434198544,4375639744,7,2732,1151,2594
170585829524696,170585829536667,170585829545766,170585829546811,170585829555716,170585829555780,265650,93825434198544,4375639744,7,2732,1151,2595
170585837950839,170585837964316,170585837975603,170585837976890,170585837983380,170585837983469,265650,93825434198544,4375639744,7,2732,1151,2596
170585846212838,170585846226074,170585846237114,170585846238073,170585846244313,170585846244406,265650,93825434198544,4375639744,7,2732,1151,2597
170585854504336,170585854513948,170585854522227,170585854522884,170585854528164,170585854528231,265650,93825434198544,4375639744,7,2732,1151,2598
170585862957007,170585862971157,170585862982306,170585862983401,170585862990924,170585862991020,265650,93825434198544,4375639744,7,2732,1151,2599
170585871161834,170585871185109,170585871196860,170585871199512,170585871211337,170585871211419,265650,93825434198544,4375639744,7,2732,1151,2600
170585879492324,170585879511776,170585879522853,170585879525460,170585879536598,170585879536684,265650,93825434198544,4375639744,7,2732,1151,2601
170585887838174,170585887861215,170585887873362,170585887876256,170585887891231,170585887891332,265650,93825434198544,4375639744,7,2732,1151,2602
170585896126984,170585896143722,170585896154300,170585896156241,170585896166208,170585896166261,265650,93825434198544,4375639744,7,2732,1151,2603
170585904487105,170585904509701,170585904521451,170585904524758,170585904535003,170585904535058,265650,93825434198544,4375639744,7,2732,1151,2604
170585912818187,170585912840588,170585912852691,170585912856095,170585912867374,170585912867426,265650,93825434198544,4375639744,7,2732,1151,2605
170585921122833,170585921139089,170585921149717,170585921151490,170585921160267,170585921160323,265650,93825434198544,4375639744,7,2732,1151,2606
170585929460347,170585929474629,170585929485121,170585929487057,170585929490687,170585929490749,265650,93825434198544,4375639744,7,2732,1151,2607
170585937825221,170585937842333,170585937853864,170585937857731,170585937868705,170585937868774,265650,93825434198544,4375639744,7,2732,1151,2608
170585946131062,170585946148454,170585946159000,170585946161328,170585946172355,170585946172441,265650,93825434198544,4375639744,7,2732,1151,2609
170585954526443,170585954549070,170585954561800,170585954564810,170585954574798,170585954574865,265650,93825434198544,4375639744,7,2732,1151,2610
170585962843363,170585962859455,170585962870739,170585962872612,170585962882509,170585962882571,265650,93825434198544,4375639744,7,2732,1151,2611
170585971144779,170585971162654,170585971173920,170585971176107,170585971185364,170585971185463,265650,93825434198544,4375639744,7,2732,1151,2612
170585979629738,170585979644668,170585979656383,170585979658045,170585979664215,170585979664304,265650,93825434198544,4375639744,7,2732,1151,2613
170585987795015,170585987806061,170585987814513,170585987815668,170585987822053,170585987822118,265650,93825434198544,4375639744,7,2732,1151,2614
170585996226990,170585996241335,170585996252631,170585996253721,170585996258250,170585996258348,265650,93825434198544,4375639744,7,2732,1151,2615
170586004646756,170586004661429,170586004672562,170586004673848,170586004681007,170586004681107,265650,93825434198544,4375639744,7,2732,1151,2616
170586012902344,170586012917115,170586012928392,170586012930010,170586012938628,170586012938718,265650,93825434198544,4375639744,7,2732,1151,2617
170586021232745,170586021248222,170586021259588,170586021260727,170586021263704,170586021263810,265650,93825434198544,4375639744,7,2732,1151,2618
170586029520759,170586029531796,170586029540713,170586029541596,170586029546609,170586029546681,265650,93825434198544,4375639744,7,2732,1151,2619
170586037912557,170586037930529,170586037941871,170586037944096,170586037953381,170586037953464,265650,93825434198544,4375639744,7,2732,1151,2620
170586046137942,170586046155013,170586046165859,170586046167894,170586046174475,170586046174550,265650,93825434198544,4375639744,7,2732,1151,2621
170586054473752,170586054490278,170586054500795,170586054502658,170586054508684,170586054508748,265650,93825434198544,4375639744,7,2732,1151,2622
170586062855470,170586062878251,170586062890187,170586062893063,170586062901644,170586062901724,265650,93825434198544,4375639744,7,2732,1151,2623
170586071134528,170586071151133,170586071161956,170586071163728,170586071170957,170586071170999,265650,93825434198544,4375639744,7,2732,1151,2624
170586079573278,170586079607434,170586079619341,170586079620591,170586079628206,170586079628324,265650,93825434198544,4375639744,7,2732,1151,2625
170586087934965,170586087948243,170586087959547,170586087960833,170586087965046,170586087965132,265650,93825434198544,4375639744,7,2732,1151,2626
170586096269587,170586096290946,170586096301650,170586096302746,170586096308411,170586096308489,265650,93825434198544,4375639744,7,2732,1151,2627
170586104582550,170586104595787,170586104606707,170586104607736,170586104613732,170586104613822,265650,93825434198544,4375639744,7,2732,1151,2628
170586112841895,170586112855448,170586112866473,170586112867621,170586112883820,170586112883903,265650,93825434198544,4375639744,7,2732,1151,2629
170586121168213,170586121180689,170586121191692,170586121192592,170586121197357,170586121197426,265650,93825434198544,4375639744,7,2732,1151,2630
170586129513841,170586129524227,170586129533044,170586129533815,170586129538352,170586129538407,265650,93825434198544,4375639744,7,2732,1151,2631
170586137966619,170586137990906,170586138005030,170586138006369,170586138011126,170586138011203,265650,93825434198544,4375639744,7,2732,1151,2632
170586146263646,170586146340570,170586146351555,170586146352690,170586146358337,170586146358411,265650,93825434198544,4375639744,7,2732,1151,2633
170586154494779,170586154503879,170586154511555,170586154512170,170586154515989,170586154516037,265650,93825434198544,4375639744,7,2732,1151,2634
170586162966970,170586162987724,170586162998716,170586162999727,170586163010333,170586163010410,265650,93825434198544,4375639744,7,2732,1151,2635
170586171155689,170586171171466,170586171183120,170586171185302,170586171195168,170586171195246,265650,93825434198544,4375639744,7,2732,1151,2636
170586179581433,170586179597147,170586179609030,170586179611009,170586179618613,170586179618684,265650,93825434198544,4375639744,7,2732,1151,2637
170586187976873,170586187992289,170586188008545,170586188010770,170586188020135,170586188020245,265650,93825434198544,4375639744,7,2732,1151,2638
170586196262439,170586196278231,170586196290212,170586196292443,170586196300408,170586196300491,265650,93825434198544,4375639744,7,2732,1151,2639
170586204517049,170586204533075,170586204542899,170586204544804,170586204554693,170586204554777,265650,93825434198544,4375639744,7,2732,1151,2640
170586212943322,170586212961236,170586212973466,170586212975618,170586212982637,170586212982742,265650,93825434198544,4375639744,7,2732,1151,2641
170586221209534,170586221225226,170586221236911,170586221238991,170586221248179,170586221248276,265650,93825434198544,4375639744,7,2732,1151,2642
170586229514126,170586229528885,170586229540109,170586229541502,170586229547402,170586229547505,265650,93825434198544,4375639744,7,2732,1151,2643
170586238034704,170586238056011,170586238068112,170586238069544,170586238077526,170586238077708,265650,93825434198544,4375639744,7,2732,1151,2644
170586246351678,170586246418610,170586246430065,170586246431330,170586246439676,170586246439786,265650,93825434198544,4375639744,7,2732,1151,2645
170586254573954,170586254631616,170586254642504,170586254643922,170586254652760,170586254652859,265650,93825434198544,4375639744,7,2732,1151,2646
170586262831171,170586262845461,170586262855406,170586262856586,170586262861714,170586262861798,265650,93825434198544,4375639744,7,2732,1151,2647
170586271185830,170586271202344,170586271214022,170586271215259,170586271222332,170586271222448,265650,93825434198544,4375639744,7,2732,1151,2648
170586279518820,170586279533955,170586279545745,170586279547006,170586279554874,170586279554975,265650,93825434198544,4375639744,7,2732,1151,2649
170586287930914,170586287950923,170586287961983,170586287964650,170586287970736,170586287970819,265650,93825434198544,4375639744,7,2732,1151,2650
170586296151650,170586296168880,170586296180026,170586296181919,170586296188179,170586296188261,265650,93825434198544,4375639744,7,2732,1151,2651
170586304541925,170586304564533,170586304576898,170586304579866,170586304585371,170586304585431,265650,93825434198544,4375639744,7,2732,1151,2652
170586312872302,170586312889192,170586312899836,170586312902132,170586312907949,170586312908019,265650,93825434198544,4375639744,7,2732,1151,2653
170586321143301,170586321158906,170586321170017,170586321172104,170586321176761,170586321176810,265650,93825434198544,4375639744,7,2732,1151,2654
170586329536839,170586329552379,170586329562948,170586329564917,170586329569928,170586329569982,265650,93825434198544,4375639744,7,2732,1151,2655
170586337878401,170586337902360,170586337914388,170586337917428,170586337924180,170586337924257,265650,93825434198544,4375639744,7,2732,1151,2656
170586346162487,170586346180195,170586346192566,170586346196117,170586346206355,170586346206413,265650,93825434198544,4375639744,7,2732,1151,2657
170586354534003,170586354550470,170586354561030,170586354563283,170586354567507,170586354567565,265650,93825434198544,4375639744,7,2732,1151,2658
170586362875492,170586362897674,170586362909456,170586362912402,170586362921531,170586362921596,265650,93825434198544,4375639744,7,2732,1151,2659
170586371161471,170586371177305,170586371188387,170586371190204,170586371197257,170586371197338,265650,93825434198544,4375639744,7,2732,1151,2660
170586379531642,170586379548739,170586379559319,170586379561380,170586379567155,170586379567228,265650,93825434198544,4375639744,7,2732,1151,2661
170586387817565,170586387834221,170586387844640,170586387846423,170586387851816,170586387851887,265650,93825434198544,4375639744,7,2732,1151,2662
170586396237654,170586396249955,170586396258695,170586396260160,170586396265019,170586396265078,265650,93825434198544,4375639744,7,2732,1151,2663
170586404566946,170586404582877,170586404594266,170586404595671,170586404602435,170586404602530,265650,93825434198544,4375639744,7,2732,1151,2664
170586412819731,170586412830755,170586412839053,170586412840474,170586412844514,170586412844588,265650,93825434198544,4375639744,7,2732,1151,2665
170586421135491,170586421148778,170586421157269,170586421159114,170586421166476,170586421166541,265650,93825434198544,4375639744,7,2732,1151,2666
170586429550059,170586429563053,170586429574189,170586429575532,170586429581323,170586429581421,265650,93825434198544,4375639744,7,2732,1151,2667
170586437943136,170586437974865,170586437985750,170586437986772,170586437991828,170586437991918,265650,93825434198544,4375639744,7,2732,1151,2668
170586446207870,170586446220701,170586446231534,170586446232754,170586446238196,170586446238279,265650,93825434198544,4375639744,7,2732,1151,2669
170586454640089,170586454653012,170586454663834,170586454664922,170586454673014,170586454673106,265650,93825434198544,4375639744,7,2732,1151,2670
170586462969120,170586463025044,170586463035804,170586463036701,170586463042187,170586463042258,265650,93825434198544,4375639744,7,2732,1151,2671
170586471196010,170586471209516,170586471220317,170586471221346,170586471226938,170586471227014,265650,93825434198544,4375639744,7,2732,1151,2672
170586479549123,170586479559320,170586479568014,170586479568709,170586479574545,170586479574612,265650,93825434198544,4375639744,7,2732,1151,2673
170586487921692,170586487936009,170586487946774,170586487947989,170586487955666,170586487955752,265650,93825434198544,4375639744,7,2732,1151,2674
170586496265387,170586496278848,170586496289627,170586496290768,170586496297075,170586496297151,265650,93825434198544,4375639744,7,2732,1151,2675
170586504624953,170586504637960,170586504648729,170586504649745,170586504656588,170586504656677,265650,93825434198544,4375639744,7,2732,1151,2676
170586512943499,170586513006346,170586513017155,170586513018342,170586513024363,170586513024454,265650,93825434198544,4375639744,7,2732,1151,2677
170586521237379,170586521251828,170586521263195,170586521264287,170586521268233,170586521268329,265650,93825434198544,4375639744,7,2732,1151,2678
170586529560987,170586529570959,170586529579745,170586529580536,170586529586153,170586529586222,265650,93825434198544,4375639744,7,2732,1151,2679
170586537910916,170586537923403,170586537934159,170586537935001,170586537940171,170586537940258,265650,93825434198544,4375639744,7,2732,1151,2680
170586546162384,170586546174034,170586546181799,170586546182531,170586546188072,170586546188130,265650,93825434198544,4375639744,7,2732,1151,2681
170586554619164,170586554635224,170586554646479,170586554647902,170586554655969,170586554656050,265650,93825434198544,4375639744,7,2732,1151,2682
170586562989580,170586563035375,170586563046290,170586563047305,170586563053155,170586563053233,265650,93825434198544,4375639744,7,2732,1151,2683
170586571276532,170586571289558,170586571300733,170586571301949,170586571307245,170586571307325,265650,93825434198544,4375639744,7,2732,1151,2684
170586579570650,170586579580206,170586579587983,170586579589085,170586579594130,170586579594195,265650,93825434198544,4375639744,7,2732,1151,2685
170586587823404,170586587832756,170586587840807,170586587841556,170586587847260,170586587847319,265650,93825434198544,4375639744,7,2732,1151,2686
170586596241753,170586596254443,170586596265223,170586596266245,170586596271671,170586596271743,265650,93825434198544,4375639744,7,2732,1151,2687
170586604594344,170586604603633,170586604611370,170586604612465,170586604618116,170586604618169,265650,93825434198544,4375639744,7,2732,1151,2688
170586612919021,170586612931603,170586612942498,170586612943605,170586612948414,170586612948487,265650,93825434198544,4375639744,7,2732,1151,2689
170586621293263,170586621309913,170586621321783,170586621323047,170586621328161,170586621328253,265650,93825434198544,4375639744,7,2732,1151,2690
170586629583906,170586629596398,170586629607211,170586629608092,170586629614491,170586629614583,265650,93825434198544,4375639744,7,2732,1151,2691
170586637933178,170586637950923,170586637962029,170586637964819,170586637970972,170586637971065,265650,93825434198544,4375639744,7,2732,1151,2692
170586646173620,170586646192014,170586646202731,170586646204640,170586646210739,170586646210924,265650,93825434198544,4375639744,7,2732,1151,2693
170586654573448,170586654590887,170586654601459,170586654603772,170586654612716,170586654612787,265650,93825434198544,4375639744,7,2732,1151,2694
170586662905534,170586662924075,170586662934999,170586662937763,170586662949928,170586662950033,265650,93825434198544,4375639744,7,2732,1151,2695
170586671167906,170586671184957,170586671195969,170586671197849,170586671204374,170586671204435,265650,93825434198544,4375639744,7,2732,1151,2696
170586679501530,170586679517942,170586679528333,170586679530469,170586679538857,170586679538962,265650,93825434198544,4375639744,7,2732,1151,2697
170586687889865,170586687905763,170586687916218,170586687918042,170586687926011,170586687926067,265650,93825434198544,4375639744,7,2732,1151,2698
170586696185709,170586696201213,170586696211769,170586696213957,170586696219159,170586696219224,265650,93825434198544,4375639744,7,2732,1151,2699
170586704519593,170586704536951,170586704547368,170586704549808,170586704558219,170586704558293,265650,93825434198544,4375639744,7,2732,1151,2700
170586712881771,170586712902840,170586712914960,170586712918434,170586712932686,170586712932960,265650,93825434198544,4375639744,7,2732,1151,2701
170586721184801,170586721201089,170586721211449,170586721213556,170586721222537,170586721222614,265650,93825434198544,4375639744,7,2732,1151,2702
170586729524787,170586729542675,170586729553646,170586729555789,170586729563615,170586729563721,265650,93825434198544,4375639744,7,2732,1151,2703
170586737936425,170586737959291,170586737970976,170586737974210,170586737984294,170586737984369,265650,93825434198544,4375639744,7,2732,1151,2704
170586746176645,170586746193621,170586746204399,170586746206642,170586746212194,170586746212273,265650,93825434198544,4375639744,7,2732,1151,2705
170586754587132,170586754604078,170586754614447,170586754616416,170586754622976,170586754623044,265650,93825434198544,4375639744,7,2732,1151,2706
170586762889644,170586762906545,170586762918451,170586762921143,170586762931520,170586762931584,265650,93825434198544,4375639744,7,2732,1151,2707
170586771188047,170586771204362,170586771215035,170586771217110,170586771224448,170586771224505,265650,93825434198544,4375639744,7,2732,1151,2708
170586779540631,170586779557230,170586779567683,170586779569634,170586779577516,170586779577581,265650,93825434198544,4375639744,7,2732,1151,2709
170586787927136,170586787948933,170586787961593,170586787964460,170586787972503,170586787972559,265650,93825434198544,4375639744,7,2732,1151,2710
170586796184501,170586796200670,170586796211856,170586796213674,170586796220274,170586796220332,265650,93825434198544,4375639744,7,2732,1151,2711
170586804566549,170586804587832,170586804599515,170586804602549,170586804617716,170586804617807,265650,93825434198544,4375639744,7,2732,1151,2712
170586812902134,170586812918635,170586812929596,170586812931612,170586812937374,170586812937435,265650,93825434198544,4375639744,7,2732,1151,2713
170586821199347,170586821216472,170586821227057,170586821229234,170586821238071,170586821238139,265650,93825434198544,4375639744,7,2732,1151,2714
170586829548333,170586829560428,170586829568999,170586829570379,170586829578168,170586829578233,265650,93825434198544,4375639744,7,2732,1151,2715
170586838020119,170586838033107,170586838043922,170586838045080,170586838052164,170586838052245,265650,93825434198544,4375639744,7,2732,1151,2716
170586846220431,170586846232948,170586846243655,170586846244850,170586846251124,170586846251195,265650,93825434198544,4375639744,7,2732,1151,2717
170586854654236,170586854675850,170586854686334,170586854687309,170586854695638,170586854695716,265650,93825434198544,4375639744,7,2732,1151,2718
170586862966283,170586863055327,170586863066235,170586863067312,170586863072854,170586863072921,265650,93825434198544,4375639744,7,2732,1151,2719
170586871210603,170586871223100,170586871233708,170586871234551,170586871239437,170586871239509,265650,93825434198544,4375639744,7,2732,1151,2720
170586879595855,170586879607734,170586879618082,170586879618978,170586879624740,170586879624812,265650,93825434198544,4375639744,7,2732,1151,2721
170586887951994,170586887964727,170586887975386,170586887976293,170586887982211,170586887982281,265650,93825434198544,4375639744,7,2732,1151,2722
170586896211510,170586896224027,170586896234695,170586896235813,170586896241220,170586896241289,265650,93825434198544,4375639744,7,2732,1151,2723
170586904593016,170586904604812,170586904615308,170586904616234,170586904621801,170586904621869,265650,93825434198544,4375639744,7,2732,1151,2724
170586912889503,170586912901793,170586912912340,170586912913252,170586912918458,170586912918532,265650,93825434198544,4375639744,7,2732,1151,2725
170586921277436,170586921289936,170586921300732,170586921301520,170586921305729,170586921305806,265650,93825434198544,4375639744,7,2732,1151,2726
170586929610164,170586929626302,170586929637858,170586929640123,170586929645413,170586929645501,265650,93825434198544,4375639744,7,2732,1151,2727
170586937982469,170586937995852,170586938010898,170586938012018,170586938019195,170586938019286,265650,93825434198544,4375639744,7,2732,1151,2728
170586946267163,170586946281578,170586946293139,170586946294423,170586946298627,170586946298741,265650,93825434198544,4375639744,7,2732,1151,2729
170586954585589,170586954595138,170586954602977,170586954603720,170586954607792,170586954607853,265650,93825434198544,4375639744,7,2732,1151,2730
170586963041553,170586963055192,170586963066594,170586963067647,170586963072016,170586963072109,265650,93825434198544,4375639744,7,2732,1151,2731
170586971249161,170586971259302,170586971267429,170586971268410,170586971273488,170586971273541,265650,93825434198544,4375639744,7,2732,1151,2732
170586979607643,170586979620299,170586979631478,170586979632661,170586979639553,170586979639633,265650,93825434198544,4375639744,7,2732,1151,2733
170586987926272,170586987939244,170586987950569,170586987951607,170586987957721,170586987957825,265650,93825434198544,4375639744,7,2732,1151,2734
170586996180358,170586996192863,170586996204167,170586996205156,170586996210215,170586996210297,265650,93825434198544,4375639744,7,2732,1151,2735
170587004657437,170587004698674,170587004709587,170587004710623,170587004717384,170587004717544,265650,93825434198544,4375639744,7,2732,1151,2736
170587012955050,170587012967479,170587012978479,170587012979445,170587012984428,170587012984514,265650,93825434198544,4375639744,7,2732,1151,2737
170587021213039,170587021225804,170587021236787,170587021237736,170587021242048,170587021242118,265650,93825434198544,4375639744,7,2732,1151,2738
170587029616928,170587029629276,170587029640196,170587029641118,170587029646566,170587029646643,265650,93825434198544,4375639744,7,2732,1151,2739
170587037920597,170587037935522,170587037946740,170587037948054,170587037955236,170587037955313,265650,93825434198544,4375639744,7,2732,1151,2740
170587046341841,170587046355424,170587046366597,170587046367950,170587046374310,170587046374389,265650,93825434198544,4375639744,7,2732,1151,2741
170587054682635,170587054696037,170587054707450,170587054708675,170587054715947,170587054716026,265650,93825434198544,4375639744,7,2732,1151,2742
170587062860609,170587062875616,170587062886993,170587062888429,170587062894402,170587062894475,265650,93825434198544,4375639744,7,2732,1151,2743
170587071207978,170587071222872,170587071233945,170587071235612,170587071242503,170587071242602,265650,93825434198544,4375639744,7,2732,1151,2744
170587079546587,170587079566881,170587079578547,170587079581049,170587079586277,170587079586379,265650,93825434198544,4375639744,7,2732,1151,2745
170587087902781,170587087918001,170587087928500,170587087930549,170587087935030,170587087935114,265650,93825434198544,4375639744,7,2732,1151,2746
170587096194481,170587096210477,170587096220932,170587096222833,170587096230458,170587096230523,265650,93825434198544,4375639744,7,2732,1151,2747
170587104583347,170587104602323,170587104613931,170587104616500,170587104622207,170587104622271,265650,93825434198544,4375639744,7,2732,1151,2748
170587112906440,170587112922102,170587112932819,170587112934481,170587112940416,170587112940482,265650,93825434198544,4375639744,7,2732,1151,2749
170587121193075,170587121207644,170587121218456,170587121220423,170587121224578,170587121224640,265650,93825434198544,4375639744,7,2732,1151,2750
170587129569569,170587129585234,170587129595709,170587129597411,170587129602316,170587129602404,265650,93825434198544,4375639744,7,2732,1151,2751
170587137928342,170587137942511,170587137954178,170587137956654,170587137961981,170587137962035,265650,93825434198544,4375639744,7,2732,1151,2752
170587146195676,170587146211839,170587146222956,170587146224843,170587146230760,170587146230820,265650,93825434198544,4375639744,7,2732,1151,2753
170587154518436,170587154536326,170587154546899,170587154548904,170587154556217,170587154556289,265650,93825434198544,4375639744,7,2732,1151,2754
170587162905245,170587162921311,170587162931887,170587162933889,170587162943584,170587162943686,265650,93825434198544,4375639744,7,2732,1151,2755
170587171206291,170587171221597,170587171231949,170587171234037,170587171240001,170587171240086,265650,93825434198544,4375639744,7,2732,1151,2756
170587179656290,170587179672288,170587179684066,170587179685972,170587179693092,170587179693189,265650,93825434198544,4375639744,7,2732,1151,2757
170587187998058,170587188015860,170587188027613,170587188029105,170587188036761,170587188036855,265650,93825434198544,4375639744,7,2732,1151,2758
170587196245983,170587196260004,170587196271235,170587196272486,170587196276802,170587196276898,265650,93825434198544,4375639744,7,2732,1151,2759
170587204635334,170587204649456,170587204660739,170587204662108,170587204670132,170587204670227,265650,93825434198544,4375639744,7,2732,1151,2760
170587213030405,170587213043884,170587213054991,170587213056301,170587213063481,170587213063575,265650,93825434198544,4375639744,7,2732,1151,2761
170587221329324,170587221349276,170587221361026,170587221363272,170587221373418,170587221373511,265650,93825434198544,4375639744,7,2732,1151,2762
170587229548372,170587229563950,170587229574583,170587229576760,170587229583914,170587229583999,265650,93825434198544,4375639744,7,2732,1151,2763
170587237932299,170587237952453,170587237964321,170587237966874,170587237974003,170587237974100,265650,93825434198544,4375639744,7,2732,1151,2764
170587246221776,170587246242349,170587246254534,170587246257303,170587246265064,170587246265130,265650,93825434198544,4375639744,7,2732,1151,2765
170587254538152,170587254556475,170587254568592,170587254571386,170587254576161,170587254576225,265650,93825434198544,4375639744,7,2732,1151,2766
170587262937994,170587262954809,170587262965597,170587262967330,170587262974409,170587262974457,265650,93825434198544,4375639744,7,2732,1151,2767
170587271199597,170587271214639,170587271225195,170587271227099,170587271232345,170587271232403,265650,93825434198544,4375639744,7,2732,1151,2768
170587279551225,170587279568173,170587279578640,170587279580827,170587279589957,170587279590020,265650,93825434198544,4375639744,7,2732,1151,2769
170587287946977,170587287969943,170587287982392,170587287985540,170587287997653,170587287997705,265650,93825434198544,4375639744,7,2732,1151,2770
170587296220801,170587296237963,170587296249081,170587296251231,170587296261146,170587296261195,265650,93825434198544,4375639744,7,2732,1151,2771
170587304599665,170587304620697,170587304633686,170587304636755,170587304641426,170587304641492,265650,93825434198544,4375639744,7,2732,1151,2772
170587312886672,170587312907604,170587312919941,170587312922350,170587312929575,170587312929626,265650,93825434198544,4375639744,7,2732,1151,2773
170587321204278,170587321219710,170587321230146,170587321232008,170587321238085,170587321238168,265650,93825434198544,4375639744,7,2732,1151,2774
170587329559335,170587329577350,170587329588558,170587329591025,170587329599389,170587329599452,265650,93825434198544,4375639744,7,2732,1151,2775
170587337903788,170587337923763,170587337934990,170587337938399,170587337947863,170587337947919,265650,93825434198544,4375639744,7,2732,1151,2776
170587346200720,170587346214378,170587346224664,170587346226454,170587346241108,170587346241164,265650,93825434198544,4375639744,7,2732,1151,2777
170587354626655,170587354648289,170587354660330,170587354663406,170587354674048,170587354674111,265650,93825434198544,4375639744,7,2732,1151,2778
170587362904545,170587362924801,170587362936061,170587362938690,170587362948899,170587362948950,265650,93825434198544,4375639744,7,2732,1151,2779
170587371248801,170587371269334,170587371281124,170587371283852,170587371295031,170587371295125,265650,93825434198544,4375639744,7,2732,1151,2780
170587379573546,170587379594295,170587379606445,170587379609458,170587379620369,170587379620471,265650,93825434198544,4375639744,7,2732,1151,2781
170587387940045,170587387962896,170587387975699,170587387979022,170587387989308,170587387989372,265650,93825434198544,4375639744,7,2732,1151,2782
170587396226484,170587396243209,170587396254100,170587396255997,170587396265328,170587396265408,265650,93825434198544,4375639744,7,2732,1151,2783
170587404542514,170587404558058,170587404569078,170587404570870,170587404576114,170587404576179,265650,93825434198544,4375639744,7,2732,1151,2784
170587412878326,170587412894315,170587412905120,170587412906865,170587412912442,170587412912494,265650,93825434198544,4375639744,7,2732,1151,2785
170587421219680,170587421236741,170587421247524,170587421249677,170587421258012,170587421258101,265650,93825434198544,4375639744,7,2732,1151,2786
170587429580794,170587429600996,170587429612786,170587429615466,170587429623239,170587429623313,265650,93825434198544,4375639744,7,2732,1151,2787
170587437896094,170587437913333,170587437924953,170587437927263,170587437935466,170587437935545,265650,93825434198544,4375639744,7,2732,1151,2788
170587446245029,170587446264394,170587446276163,170587446278933,170587446286509,170587446286614,265650,93825434198544,4375639744,7,2732,1151,2789
170587454614687,170587454637723,170587454649344,170587454651698,170587454657659,170587454657754,265650,93825434198544,4375639744,7,2732,1151,2790
170587462918287,170587462941655,170587462954069,170587462957974,170587462967546,170587462967598,265650,93825434198544,4375639744,7,2732,1151,2791
170587471218508,170587471234510,170587471245502,170587471247571,170587471252454,170587471252524,265650,93825434198544,4375639744,7,2732,1151,2792
170587479591696,170587479608292,170587479619442,170587479621631,170587479625565,170587479625643,265650,93825434198544,4375639744,7,2732,1151,2793
170587487923960,170587487944276,170587487955813,170587487958497,170587487964850,170587487964919,265650,93825434198544,4375639744,7,2732,1151,2794
170587496219711,170587496236734,170587496247341,170587496249273,170587496254753,170587496254817,265650,93825434198544,4375639744,7,2732,1151,2795
170587504552954,170587504569487,170587504580260,170587504582114,170587504586332,170587504586396,265650,93825434198544,4375639744,7,2732,1151,2796
170587512903523,170587512920651,170587512932190,170587512934078,170587512941027,170587512941107,265650,93825434198544,4375639744,7,2732,1151,2797
170587521230006,170587521248890,170587521260009,170587521262292,170587521269483,170587521269575,265650,93825434198544,4375639744,7,2732,1151,2798
170587529610620,170587529628071,170587529638999,170587529640968,170587529646393,170587529646476,265650,93825434198544,4375639744,7,2732,1151,2799
170587537922832,170587537940887,170587537952255,170587537955182,170587537963336,170587537963413,265650,93825434198544,4375639744,7,2732,1151,2800
170587546255425,170587546275129,170587546286701,170587546289411,170587546300716,170587546300784,265650,93825434198544,4375639744,7,2732,1151,2801
170587554722243,170587554743841,170587554755280,170587554757902,170587554767196,170587554767272,265650,93825434198544,4375639744,7,2732,1151,2802
170587562938103,170587562958104,170587562969633,170587562972095,170587562980788,170587562980868,265650,93825434198544,4375639744,7,2732,1151,2803
170587571242792,170587571262774,170587571274136,170587571276594,170587571285435,170587571285515,265650,93825434198544,4375639744,7,2732,1151,2804
170587579605757,170587579623745,170587579634704,170587579636956,170587579644064,170587579644137,265650,93825434198544,4375639744,7,2732,1151,2805
170587587902772,170587587921369,170587587932267,170587587934646,170587587942393,170587587942464,265650,93825434198544,4375639744,7,2732,1151,2806
170587596241133,170587596260048,170587596271284,170587596274150,170587596281435,170587596281496,265650,93825434198544,4375639744,7,2732,1151,2807
170587604577665,170587604599295,170587604611094,170587604613525,170587604618925,170587604619043,265650,93825434198544,4375639744,7,2732,1151,2808
170587612950888,170587612967086,170587612978143,170587612980201,170587612987262,170587612987322,265650,93825434198544,4375639744,7,2732,1151,2809
170587621232376,170587621246718,170587621257554,170587621259430,170587621267692,170587621267748,265650,93825434198544,4375639744,7,2732,1151,2810
170587629547525,170587629559761,170587629570182,170587629571630,170587629578619,170587629578683,265650,93825434198544,4375639744,7,2732,1151,2811
170587637907704,170587637924778,170587637936865,170587637939726,170587637951883,170587637951967,265650,93825434198544,4375639744,7,2732,1151,2812
170587646239653,170587646256501,170587646267663,170587646269732,170587646278065,170587646278128,265650,93825434198544,4375639744,7,2732,1151,2813
170587654607774,170587654622693,170587654633488,170587654635410,170587654644246,170587654644304,265650,93825434198544,4375639744,7,2732,1151,2814
170587662954907,170587662976497,170587662989249,170587662992090,170587663007434,170587663007512,265650,93825434198544,4375639744,7,2732,1151,2815
170587671240545,170587671257807,170587671269124,170587671270940,170587671278707,170587671278758,265650,93825434198544,4375639744,7,2732,1151,2816
170587679555317,170587679569520,170587679580019,170587679581813,170587679590954,170587679591034,265650,93825434198544,4375639744,7,2732,1151,2817
170587687921907,170587687941192,170587687953334,170587687956106,170587687967341,170587687967392,265650,93825434198544,4375639744,7,2732,1151,2818
170587696310634,170587696333005,170587696353412,170587696356499,170587696367873,170587696367926,265650,93825434198544,4375639744,7,2732,1151,2819
170587704631077,170587704654760,170587704667464,170587704670610,170587704681601,170587704681659,265650,93825434198544,4375639744,7,2732,1151,2820
170587712951079,170587712967559,170587712977867,170587712980004,170587712988840,170587712988891,265650,93825434198544,4375639744,7,2732,1151,2821
170587721244668,170587721261300,170587721272083,170587721274149,170587721281649,170587721281695,265650,93825434198544,4375639744,7,2732,1151,2822
170587729580968,170587729597555,170587729608321,170587729610738,170587729617174,170587729617277,265650,93825434198544,4375639744,7,2732,1151,2823
170587737928945,170587737941931,170587737951671,170587737952967,170587737958135,170587737958230,265650,93825434198544,4375639744,7,2732,1151,2824
170587746235509,170587746250488,170587746262414,170587746263638,170587746267291,170587746267346,265650,93825434198544,4375639744,7,2732,1151,2825
170587754562431,170587754581201,170587754593506,170587754595990,170587754603844,170587754603967,265650,93825434198544,4375639744,7,2732,1151,2826
170587762924559,170587762940520,170587762951253,170587762953402,170587762959309,170587762959382,265650,93825434198544,4375639744,7,2732,1151,2827
170587771239214,170587771256659,170587771267334,170587771269680,170587771276854,170587771276926,265650,93825434198544,4375639744,7,2732,1151,2828
170587779578789,170587779594886,170587779605542,170587779607906,170587779619175,170587779619255,265650,93825434198544,4375639744,7,2732,1151,2829
170587787928953,170587787947228,170587787958774,170587787961432,170587787969218,170587787969276,265650,93825434198544,4375639744,7,2732,1151,2830
170587796263978,170587796285517,170587796297960,170587796301210,170587796314509,170587796314570,265650,93825434198544,4375639744,7,2732,1151,2831
170587804701854,170587804768810,170587804780889,170587804782597,170587804790097,170587804790188,265650,93825434198544,4375639744,7,2732,1151,2832
170587813010981,170587813024215,170587813035587,170587813036828,170587813042720,170587813042815,265650,93825434198544,4375639744,7,2732,1151,2833
170587821351234,170587821363831,170587821374975,170587821375961,170587821382669,170587821382753,265650,93825434198544,4375639744,7,2732,1151,2834
170587829702684,170587829750372,170587829761355,170587829762329,170587829769269,170587829769363,265650,93825434198544,4375639744,7,2732,1151,2835
170587838003983,170587838017407,170587838028521,170587838029561,170587838034365,170587838034442,265650,93825434198544,4375639744,7,2732,1151,2836
170587846234773,170587846247917,170587846258926,170587846259992,170587846265784,170587846265866,265650,93825434198544,4375639744,7,2732,1151,2837
170587854661711,170587854674094,170587854685038,170587854686015,170587854692423,170587854692517,265650,93825434198544,4375639744,7,2732,1151,2838
170587863081822,170587863095571,170587863106852,170587863108016,170587863114331,170587863114416,265650,93825434198544,4375639744,7,2732,1151,2839
170587871270593,170587871283486,170587871294597,170587871295584,170587871301457,170587871301553,265650,93825434198544,4375639744,7,2732,1151,2840
170587879681490,170587879694342,170587879705411,170587879706335,170587879712152,170587879712231,265650,93825434198544,4375639744,7,2732,1151,2841
170587888015271,170587888030508,170587888042325,170587888044163,170587888049533,170587888049636,265650,93825434198544,4375639744,7,2732,1151,2842
170587896303310,170587896318319,170587896329545,170587896330895,170587896337400,170587896337497,265650,93825434198544,4375639744,7,2732,1151,2843
170587904671703,170587904686104,170587904697593,170587904699101,170587904706455,170587904706544,265650,93825434198544,4375639744,7,2732,1151,2844
170587912997564,170587913013076,170587913021710,170587913022880,170587913027769,170587913027844,265650,93825434198544,4375639744,7,2732,1151,2845
170587921282992,170587921296295,170587921307559,170587921309084,170587921316461,170587921316552,265650,93825434198544,4375639744,7,2732,1151,2846
170587929711565,170587929726404,170587929737930,170587929739068,170587929745586,170587929745681,265650,93825434198544,4375639744,7,2732,1151,2847
170587937999249,170587938016215,170587938027588,170587938028656,170587938035255,170587938035347,265650,93825434198544,4375639744,7,2732,1151,2848
170587946266749,170587946289135,170587946301238,170587946304192,170587946311408,170587946311490,265650,93825434198544,4375639744,7,2732,1151,2849
170587954611378,170587954628508,170587954640565,170587954643881,170587954653522,170587954653572,265650,93825434198544,4375639744,7,2732,1151,2850
170587962954782,170587962970852,170587962981452,170587962983262,170587962992472,170587962992656,265650,93825434198544,4375639744,7,2732,1151,2851
170587971251110,170587971268177,170587971278980,170587971281053,170587971291427,170587971291523,265650,93825434198544,4375639744,7,2732,1151,2852
170587979588534,170587979607380,170587979618727,170587979620967,170587979627661,170587979627776,265650,93825434198544,4375639744,7,2732,1151,2853
170587987935864,170587987953933,170587987964731,170587987967175,170587987975642,170587987975720,265650,93825434198544,4375639744,7,2732,1151,2854
170587996265535,170587996283602,170587996295233,170587996297231,170587996307527,170587996307606,265650,93825434198544,4375639744,7,2732,1151,2855
170588004591859,170588004608222,170588004619179,170588004621279,170588004631315,170588004631393,265650,93825434198544,4375639744,7,2732,1151,2856
170588012965341,170588012985959,170588012997926,170588013006281,170588013021138,170588013021215,265650,93825434198544,4375639744,7,2732,1151,2857
170588021260382,170588021277528,170588021288596,170588021290576,170588021299899,170588021299956,265650,93825434198544,4375639744,7,2732,1151,2858
170588029593941,170588029610168,170588029620775,170588029622685,170588029631907,170588029631970,265650,93825434198544,4375639744,7,2732,1151,2859
170588037948038,170588037964790,170588037977304,170588037980133,170588037989542,170588037989601,265650,93825434198544,4375639744,7,2732,1151,2860
170588046261197,170588046277727,170588046288563,170588046290364,170588046299819,170588046299882,265650,93825434198544,4375639744,7,2732,1151,2861
170588054652854,170588054674224,170588054686454,170588054689501,170588054699258,170588054699316,265650,93825434198544,4375639744,7,2732,1151,2862
170588062940793,170588062962270,170588062974373,170588062977449,170588062988945,170588062989006,265650,93825434198544,4375639744,7,2732,1151,2863
170588071259479,170588071275712,170588071285997,170588071287982,170588071293318,170588071293377,265650,93825434198544,4375639744,7,2732,1151,2864
170588079586982,170588079604224,170588079615075,170588079616970,170588079625052,170588079625104,265650,93825434198544,4375639744,7,2732,1151,2865
170588087949867,170588087965249,170588087976001,170588087977919,170588087996862,170588087996928,265650,93825434198544,4375639744,7,2732,1151,2866
170588096251197,170588096267610,170588096278300,170588096280181,170588096287602,170588096287653,265650,93825434198544,4375639744,7,2732,1151,2867
170588104608765,170588104631240,170588104643907,170588104647093,170588104655638,170588104655714,265650,93825434198544,4375639744,7,2732,1151,2868
170588112981500,170588113009229,170588113022004,170588113025368,170588113039996,170588113040093,265650,93825434198544,4375639744,7,2732,1151,2869
170588121268621,170588121287916,170588121298728,170588121300895,170588121309247,170588121309322,265650,93825434198544,4375639744,7,2732,1151,2870
170588129595486,170588129611414,170588129622115,170588129624389,170588129632272,170588129632347,265650,93825434198544,4375639744,7,2732,1151,2871
170588137950187,170588137972055,170588137982858,170588137984985,170588137993030,170588137993078,265650,93825434198544,4375639744,7,2732,1151,2872
170588146263755,170588146287823,170588146298802,170588146301310,170588146308666,170588146308767,265650,93825434198544,4375639744,7,2732,1151,2873
170588154642829,170588154660151,170588154670916,170588154673153,170588154679756,170588154679837,265650,93825434198544,4375639744,7,2732,1151,2874
170588162968804,170588162986888,170588162997974,170588163003400,170588163009125,170588163009215,265650,93825434198544,4375639744,7,2732,1151,2875
170588171281131,170588171299916,170588171310869,170588171313406,170588171323010,170588171323105,265650,93825434198544,4375639744,7,2732,1151,2876
170588179610755,170588179628529,170588179639511,170588179641900,170588179648923,170588179648987,265650,93825434198544,4375639744,7,2732,1151,2877
170588187988184,170588188009299,170588188020275,170588188022050,170588188030778,170588188030835,265650,93825434198544,4375639744,7,2732,1151,2878
170588196289690,170588196310830,170588196323404,170588196326205,170588196338985,170588196339046,265650,93825434198544,4375639744,7,2732,1151,2879
170588204638102,170588204654432,170588204665017,170588204666952,170588204674342,170588204674408,265650,93825434198544,4375639744,7,2732,1151,2880
170588212983220,170588213003001,170588213013903,170588213015651,170588213021331,170588213021378,265650,93825434198544,4375639744,7,2732,1151,2881
170588221291697,170588221310815,170588221323207,170588221326708,170588221343241,170588221343334,265650,93825434198544,4375639744,7,2732,1151,2882
170588229637100,170588229656930,170588229668227,170588229671050,170588229678501,170588229678578,265650,93825434198544,4375639744,7,2732,1151,2883
170588237968420,170588237988546,170588238006122,170588238008962,170588238019020,170588238019106,265650,93825434198544,4375639744,7,2732,1151,2884
170588246302280,170588246323171,170588246334225,170588246337146,170588246347332,170588246347445,265650,93825434198544,4375639744,7,2732,1151,2885
170588254631166,170588254651702,170588254662642,170588254665498,170588254674426,170588254674521,265650,93825434198544,4375639744,7,2732,1151,2886
170588262963854,170588262985218,170588262996909,170588262999720,170588263017314,170588263017425,265650,93825434198544,4375639744,7,2732,1151,2887
170588271293152,170588271315294,170588271326807,170588271329919,170588271339582,170588271339691,265650,93825434198544,4375639744,7,2732,1151,2888
170588279664627,170588279684107,170588279695037,170588279697808,170588279703720,170588279703827,265650,93825434198544,4375639744,7,2732,1151,2889
170588287984667,170588288008953,170588288019257,170588288021459,170588288027298,170588288027361,265650,93825434198544,4375639744,7,2732,1151,2890
170588296317562,170588296335171,170588296345906,170588296348254,170588296354327,170588296354408,265650,93825434198544,4375639744,7,2732,1151,2891
170588304653834,170588304669317,170588304679999,170588304681968,170588304686550,170588304686609,265650,93825434198544,4375639744,7,2732,1151,2892
170588313009386,170588313030994,170588313042511,170588313045586,170588313054753,170588313054892,265650,93825434198544,4375639744,7,2732,1151,2893
170588321377622,170588321399941,170588321411623,170588321414406,170588321428264,170588321428327,265650,93825434198544,4375639744,7,2732,1151,2894
170588329651084,170588329668302,170588329679834,170588329682030,170588329689258,170588329689339,265650,93825434198544,4375639744,7,2732,1151,2895
170588337977095,170588337993789,170588338007528,170588338009466,170588338015482,170588338015559,265650,93825434198544,4375639744,7,2732,1151,2896
170588346267141,170588346283924,170588346295371,170588346297288,170588346305127,170588346305192,265650,93825434198544,4375639744,7,2732,1151,2897
170588354645219,170588354660448,170588354671715,170588354673636,170588354679232,170588354679395,265650,93825434198544,4375639744,7,2732,1151,2898
170588362993962,170588363016756,170588363027247,170588363029166,170588363037670,170588363037719,265650,93825434198544,4375639744,7,2732,1151,2899
170588371282152,170588371299351,170588371310457,170588371312874,170588371321171,170588371321271,265650,93825434198544,4375639744,7,2732,1151,2900
170588379609117,170588379627266,170588379638672,170588379640746,170588379646948,170588379647128,265650,93825434198544,4375639744,7,2732,1151,2901
170588387991868,170588388013423,170588388024401,170588388026235,170588388033458,170588388033516,265650,93825434198544,4375639744,7,2732,1151,2902
170588396281148,170588396299709,170588396310431,170588396312611,170588396319008,170588396319055,265650,93825434198544,4375639744,7,2732,1151,2903
170588404680249,170588404699772,170588404710774,170588404713268,170588404718798,170588404718893,265650,93825434198544,4375639744,7,2732,1151,2904
170588413015101,170588413037346,170588413047809,170588413049729,170588413056998,170588413057076,265650,93825434198544,4375639744,7,2732,1151,2905
170588421308828,170588421327814,170588421338890,170588421341181,170588421352550,170588421352619,265650,93825434198544,4375639744,7,2732,1151,2906
170588429653959,170588429671516,170588429682024,170588429684323,170588429692076,170588429692148,265650,93825434198544,4375639744,7,2732,1151,2907
170588438010607,170588438026019,170588438037141,170588438040221,170588438053374,170588438053427,265650,93825434198544,4375639744,7,2732,1151,2908
170588446273051,170588446288896,170588446299188,170588446301537,170588446307204,170588446307252,265650,93825434198544,4375639744,7,2732,1151,2909
170588454655677,170588454672694,170588454683157,170588454684700,170588454694630,170588454694694,265650,93825434198544,4375639744,7,2732,1151,2910
170588462996673,170588463017693,170588463027847,170588463029981,170588463036758,170588463036821,265650,93825434198544,4375639744,7,2732,1151,2911
170588471279290,170588471297013,170588471308026,170588471309869,170588471316742,170588471316818,265650,93825434198544,4375639744,7,2732,1151,2912
170588479641594,170588479654682,170588479664653,170588479666042,170588479673031,170588479673094,265650,93825434198544,4375639744,7,2732,1151,2913
170588488030160,170588488049841,170588488060581,170588488062541,170588488069329,170588488069384,265650,93825434198544,4375639744,7,2732,1151,2914
170588496281620,170588496298127,170588496309333,170588496312083,170588496325629,170588496325684,265650,93825434198544,4375639744,7,2732,1151,2915
170588504663927,170588504680377,170588504692720,170588504695775,170588504705021,170588504705071,265650,93825434198544,4375639744,7,2732,1151,2916
170588512967491,170588512985380,170588512996609,170588512999422,170588513014989,170588513015043,265650,93825434198544,4375639744,7,2732,1151,2917
170588521278657,170588521293489,170588521303822,170588521305428,170588521310389,170588521310572,265650,93825434198544,4375639744,7,2732,1151,2918
170588529678481,170588529695778,170588529706254,170588529708346,170588529717079,170588529717144,265650,93825434198544,4375639744,7,2732,1151,2919
170588537994876,170588538013663,170588538023972,170588538025885,170588538032101,170588538032150,265650,93825434198544,4375639744,7,2732,1151,2920
170588546271539,170588546285310,170588546295717,170588546297428,170588546305032,170588546305098,265650,93825434198544,4375639744,7,2732,1151,2921
170588554699846,170588554723926,170588554735886,170588554738954,170588554747491,170588554747551,265650,93825434198544,4375639744,7,2732,1151,2922
170588563052282,170588563070097,170588563080574,170588563082836,170588563092236,170588563092333,265650,93825434198544,4375639744,7,2732,1151,2923
170588571284924,170588571301741,170588571311761,170588571313777,170588571320160,170588571320223,265650,93825434198544,4375639744,7,2732,1151,2924
170588579621233,170588579636986,170588579647475,170588579649313,170588579654976,170588579655065,265650,93825434198544,4375639744,7,2732,1151,2925
170588588035693,170588588052616,170588588063076,170588588064921,170588588072816,170588588072870,265650,93825434198544,4375639744,7,2732,1151,2926
170588596301042,170588596318348,170588596328805,170588596330887,170588596339294,170588596339366,265650,93825434198544,4375639744,7,2732,1151,2927
170588604642274,170588604661616,170588604673351,170588604676120,170588604682461,170588604682514,265650,93825434198544,4375639744,7,2732,1151,2928
170588612964719,170588612981891,170588612992761,170588612994547,170588613005910,170588613005965,265650,93825434198544,4375639744,7,2732,1151,2929
170588621284974,170588621301324,170588621312107,170588621313904,170588621320157,170588621320227,265650,93825434198544,4375639744,7,2732,1151,2930
170588629664952,170588629682162,170588629692543,170588629694389,170588629699864,170588629699922,265650,93825434198544,4375639744,7,2732,1151,2931
170588637999646,170588638017699,170588638028535,170588638030418,170588638035694,170588638035753,265650,93825434198544,4375639744,7,2732,1151,2932
170588646299457,170588646323671,170588646335129,170588646338486,170588646355313,170588646355366,265650,93825434198544,4375639744,7,2732,1151,2933
170588654671925,170588654693855,170588654705995,170588654708950,170588654721050,170588654721113,265650,93825434198544,4375639744,7,2732,1151,2934
170588663031636,170588663050042,170588663060930,170588663063404,170588663072923,170588663072995,265650,93825434198544,4375639744,7,2732,1151,2935
170588671284744,170588671300406,170588671311681,170588671313534,170588671319415,170588671319498,265650,93825434198544,4375639744,7,2732,1151,2936
170588679619957,170588679636100,170588679646437,170588679648420,170588679653091,170588679653158,265650,93825434198544,4375639744,7,2732,1151,2937
170588687960225,170588687978303,170588687989019,170588687990535,170588687997299,170588687997379,265650,93825434198544,4375639744,7,2732,1151,2938
170588696325071,170588696344256,170588696355304,170588696357111,170588696366930,170588696367023,265650,93825434198544,4375639744,7,2732,1151,2939
170588704684943,170588704708659,170588704720954,170588704723755,170588704731625,170588704731708,265650,93825434198544,4375639744,7,2732,1151,2940
170588713026301,170588713048232,170588713059411,170588713061378,170588713069433,170588713069517,265650,93825434198544,4375639744,7,2732,1151,2941
170588721305921,170588721322441,170588721333713,170588721335945,170588721345552,170588721345633,265650,93825434198544,4375639744,7,2732,1151,2942
170588729632921,170588729651571,170588729662606,170588729664834,170588729670908,170588729670986,265650,93825434198544,4375639744,7,2732,1151,2943
170588738008066,170588738032483,170588738043622,170588738046083,170588738052520,170588738052592,265650,93825434198544,4375639744,7,2732,1151,2944
170588746347578,170588746365291,170588746376357,170588746378254,170588746386131,170588746386191,265650,93825434198544,4375639744,7,2732,1151,2945
170588754656306,170588754679545,170588754692546,170588754695496,170588754701683,170588754701750,265650,93825434198544,4375639744,7,2732,1151,2946
170588763016583,170588763039100,170588763050076,170588763052333,170588763060271,170588763060335,265650,93825434198544,4375639744,7,2732,1151,2947
170588771309446,170588771332197,170588771343959,170588771346774,170588771357881,170588771357945,265650,93825434198544,4375639744,7,2732,1151,2948
170588779650203,170588779668126,170588779678966,170588779681039,170588779689757,170588779689815,265650,93825434198544,4375639744,7,2732,1151,2949
170588787972851,170588787989915,170588788005461,170588788008508,170588788018452,170588788018517,265650,93825434198544,4375639744,7,2732,1151,2950
170588796302769,170588796320506,170588796331321,170588796333280,170588796339081,170588796339138,265650,93825434198544,4375639744,7,2732,1151,2951
170588804671983,170588804688879,170588804700179,170588804701829,170588804706503,170588804706568,265650,93825434198544,4375639744,7,2732,1151,2952
170588812984967,170588813012627,170588813023962,170588813027112,170588813034441,170588813034603,265650,93825434198544,4375639744,7,2732,1151,2953
170588821296727,170588821313475,170588821324263,170588821326171,170588821334424,170588821334485,265650,93825434198544,4375639744,7,2732,1151,2954
170588829648056,170588829663961,170588829674777,170588829676651,170588829681893,170588829681961,265650,93825434198544,4375639744,7,2732,1151,2955
170588838016913,170588838033113,170588838044300,170588838046094,170588838053004,170588838053080,265650,93825434198544,4375639744,7,2732,1151,2956
170588846298033,170588846315984,170588846327400,170588846329706,170588846337704,170588846337765,265650,93825434198544,4375639744,7,2732,1151,2957
170588854657993,170588854680346,170588854691823,170588854694895,170588854700281,170588854700334,265650,93825434198544,4375639744,7,2732,1151,2958
170588863052720,170588863071346,170588863082709,170588863085057,170588863092222,170588863092296,265650,93825434198544,4375639744,7,2732,1151,2959
170588871374372,170588871385729,170588871395169,170588871396376,170588871403432,170588871403500,265650,93825434198544,4375639744,7,2732,1151,2960
170588879743169,170588879756698,170588879768263,170588879769293,170588879775922,170588879776007,265650,93825434198544,4375639744,7,2732,1151,2961
170588888147949,170588888163025,170588888174369,170588888175421,170588888180889,170588888180970,265650,93825434198544,4375639744,7,2732,1151,2962
170588896303075,170588896316892,170588896327873,170588896329203,170588896336312,170588896336381,265650,93825434198544,4375639744,7,2732,1151,2963
170588904777698,170588904791139,170588904801916,170588904802835,170588904810154,170588904810224,265650,93825434198544,4375639744,7,2732,1151,2964
170588913079498,170588913092024,170588913102780,170588913103630,170588913109224,170588913109295,265650,93825434198544,4375639744,7,2732,1151,2965
170588921408791,170588921423238,170588921434655,170588921435876,170588921442313,170588921442388,265650,93825434198544,4375639744,7,2732,1151,2966
170588929723664,170588929736713,170588929748175,170588929749461,170588929757831,170588929757905,265650,93825434198544,4375639744,7,2732,1151,2967
170588938133739,170588938156185,170588938167119,170588938168123,170588938174028,170588938174104,265650,93825434198544,4375639744,7,2732,1151,2968
170588946373692,170588946384244,170588946392572,170588946393364,170588946399020,170588946399081,265650,93825434198544,4375639744,7,2732,1151,2969
170588954820916,170588954873793,170588954885578,170588954887240,170588954894241,170588954894346,265650,93825434198544,4375639744,7,2732,1151,2970
170588963141301,170588963154844,170588963165930,170588963167049,170588963171998,170588963172091,265650,93825434198544,4375639744,7,2732,1151,2971
170588971306180,170588971318356,170588971327131,170588971327965,170588971331919,170588971331991,265650,93825434198544,4375639744,7,2732,1151,2972
170588979641763,170588979653279,170588979662041,170588979663075,170588979668614,170588979668698,265650,93825434198544,4375639744,7,2732,1151,2973
170588988102455,170588988117203,170588988128244,170588988129619,170588988135190,170588988135281,265650,93825434198544,4375639744,7,2732,1151,2974
170588996367650,170588996381733,170588996392770,170588996393935,170588996399676,170588996399774,265650,93825434198544,4375639744,7,2732,1151,2975
170589004770366,170589004803342,170589004814160,170589004815109,170589004821532,170589004821620,265650,93825434198544,4375639744,7,2732,1151,2976
170589013012614,170589013022869,170589013031220,170589013032008,170589013036835,170589013036899,265650,93825434198544,4375639744,7,2732,1151,2977
170589021306294,170589021319094,170589021330010,170589021330915,170589021337103,170589021337194,265650,93825434198544,4375639744,7,2732,1151,2978
170589029673930,170589029683725,170589029691621,170589029692306,170589029697068,170589029697133,265650,93825434198544,4375639744,7,2732,1151,2979
170589038060188,170589038072631,170589038083539,170589038084421,170589038089031,170589038089109,265650,93825434198544,4375639744,7,2732,1151,2980
170589046358011,170589046372653,170589046382897,170589046383940,170589046388664,170589046388728,265650,93825434198544,4375639744,7,2732,1151,2981
170589054717492,170589054727547,170589054735990,170589054736672,170589054742578,170589054742641,265650,93825434198544,4375639744,7,2732,1151,2982
170589063153961,170589063169710,170589063181332,170589063182769,170589063190791,170589063190888,265650,93825434198544,4375639744,7,2732,1151,2983
170589071349821,170589071361817,170589071370388,170589071371832,170589071379071,170589071379136,265650,93825434198544,4375639744,7,2732,1151,2984
170589079713020,170589079732439,170589079744032,170589079746107,170589079757704,170589079757786,265650,93825434198544,4375639744,7,2732,1151,2985
170589088020346,170589088043919,170589088055390,170589088057417,170589088064644,170589088064724,265650,93825434198544,4375639744,7,2732,1151,2986
170589096320608,170589096336993,170589096348338,170589096350205,170589096361061,170589096361143,265650,93825434198544,4375639744,7,2732,1151,2987
170589104715783,170589104738491,170589104751602,170589104754614,170589104766880,170589104766938,265650,93825434198544,4375639744,7,2732,1151,2988
170589112985178,170589113004534,170589113015087,170589113016941,170589113026347,170589113026404,265650,93825434198544,4375639744,7,2732,1151,2989
170589121313550,170589121328073,170589121338340,170589121340367,170589121346322,170589121346401,265650,93825434198544,4375639744,7,2732,1151,2990
170589129641379,170589129657009,170589129667580,170589129669560,170589129677916,170589129678112,265650,93825434198544,4375639744,7,2732,1151,2991
170589138031582,170589138048608,170589138059318,170589138061061,170589138067478,170589138067522,265650,93825434198544,4375639744,7,2732,1151,2992
170589146312685,170589146328307,170589146338800,170589146340586,170589146349113,170589146349180,265650,93825434198544,4375639744,7,2732,1151,2993
170589154676760,170589154692921,170589154703323,170589154705244,170589154713444,170589154713536,265650,93825434198544,4375639744,7,2732,1151,2994
170589163033383,170589163050683,170589163060990,170589163062973,170589163069405,170589163069467,265650,93825434198544,4375639744,7,2732,1151,2995
170589171325829,170589171341536,170589171352644,170589171354737,170589171363229,170589171363294,265650,93825434198544,4375639744,7,2732,1151,2996
170589179859726,170589179973071,170589179984929,170589179986312,170589179992785,170589179992988,265650,93825434198544,4375639744,7,2732,1151,2997
170589188106802,170589188120273,170589188131880,170589188132998,170589188138562,170589188138654,265650,93825434198544,4375639744,7,2732,1151,2998
170589196333720,170589196343882,170589196351683,170589196352367,170589196357585,170589196357646,265650,93825434198544,4375639744,7,2732,1151,2999
170589204748320,170589204761152,170589204772176,170589204773459,170589204780638,170589204780727,265650,93825434198544,4375639744,7,2732,1151,3000
170589213034253,170589213047629,170589213058789,170589213059843,170589213066582,170589213066672,265650,93825434198544,4375639744,7,2732,1151,3001
170589221333565,170589221343486,170589221351737,170589221352631,170589221356803,170589221356862,265650,93825434198544,4375639744,7,2732,1151,3002
170589229756223,170589229769549,170589229780493,170589229781449,170589229789426,170589229789520,265650,93825434198544,4375639744,7,2732,1151,3003
170589238107750,170589238122473,170589238133683,170589238134810,170589238141677,170589238141770,265650,93825434198544,4375639744,7,2732,1151,3004
170589246321011,170589246333942,170589246345004,170589246346223,170589246352738,170589246352818,265650,93825434198544,4375639744,7,2732,1151,3005
170589254758437,170589254771760,170589254782851,170589254784187,170589254791805,170589254791887,265650,93825434198544,4375639744,7,2732,1151,3006
170589263088504,170589263101875,170589263113023,170589263114217,170589263120766,170589263120837,265650,93825434198544,4375639744,7,2732,1151,3007
170589271357980,170589271371434,170589271382317,170589271383528,170589271388610,170589271388683,265650,93825434198544,4375639744,7,2732,1151,3008
170589279742092,170589279753163,170589279761374,170589279762408,170589279770307,170589279770362,265650,93825434198544,4375639744,7,2732,1151,3009
170589288081699,170589288106257,170589288117845,170589288120533,170589288125852,170589288125928,265650,93825434198544,4375639744,7,2732,1151,3010
170589296346140,170589296370264,170589296381741,170589296384498,170589296393086,170589296393158,265650,93825434198544,4375639744,7,2732,1151,3011
170589304663084,170589304680714,170589304691133,170589304693326,170589304699518,170589304699566,265650,93825434198544,4375639744,7,2732,1151,3012
170589313077995,170589313099337,170589313110870,170589313113478,170589313125399,170589313125480,265650,93825434198544,4375639744,7,2732,1151,3013
170589321409920,170589321428404,170589321440723,170589321442553,170589321447326,170589321447403,265650,93825434198544,4375639744,7,2732,1151,3014
170589329852077,170589329867437,170589329879248,170589329880724,170589329887711,170589329887812,265650,93825434198544,4375639744,7,2732,1151,3015
170589338094434,170589338108740,170589338119781,170589338121060,170589338127867,170589338127973,265650,93825434198544,4375639744,7,2732,1151,3016
170589346484005,170589346503978,170589346516799,170589346518310,170589346524078,170589346524172,265650,93825434198544,4375639744,7,2732,1151,3017
170589354713776,170589354725303,170589354734251,170589354735255,170589354742720,170589354742795,265650,93825434198544,4375639744,7,2732,1151,3018
170589363046568,170589363060678,170589363071623,170589363072755,170589363079022,170589363079111,265650,93825434198544,4375639744,7,2732,1151,3019
170589371385454,170589371405003,170589371417110,170589371420215,170589371427815,170589371427916,265650,93825434198544,4375639744,7,2732,1151,3020
170589379672166,170589379690023,170589379701142,170589379703302,170589379708986,170589379709105,265650,93825434198544,4375639744,7,2732,1151,3021
170589388010146,170589388032270,170589388043504,170589388045316,170589388050526,170589388050607,265650,93825434198544,4375639744,7,2732,1151,3022
170589396370215,170589396388004,170589396399054,170589396401183,170589396406895,170589396406968,265650,93825434198544,4375639744,7,2732,1151,3023
170589404742162,170589404761587,170589404774151,170589404777411,170589404789648,170589404789692,265650,93825434198544,4375639744,7,2732,1151,3024
170589413049541,170589413065818,170589413076405,170589413078628,170589413082637,170589413082699,265650,93825434198544,4375639744,7,2732,1151,3025
170589421341337,170589421358316,170589421368714,170589421370652,170589421378991,170589421379054,265650,93825434198544,4375639744,7,2732,1151,3026
170589429696398,170589429717206,170589429729695,170589429732494,170589429739198,170589429739264,265650,93825434198544,4375639744,7,2732,1151,3027
170589438067637,170589438082552,170589438092878,170589438094848,170589438101463,170589438101529,265650,93825434198544,4375639744,7,2732,1151,3028
170589446367844,170589446388728,170589446401939,170589446404974,170589446416211,170589446416269,265650,93825434198544,4375639744,7,2732,1151,3029
170589454692359,170589454710786,170589454721704,170589454723899,170589454728769,170589454728829,265650,93825434198544,4375639744,7,2732,1151,3030
170589463055154,170589463070398,170589463080864,170589463082725,170589463087483,170589463087545,265650,93825434198544,4375639744,7,2732,1151,3031
170589471372283,170589471388019,170589471398575,170589471400346,170589471405243,170589471405298,265650,93825434198544,4375639744,7,2732,1151,3032
170589479711776,170589479733579,170589479745484,170589479748911,170589479756401,170589479756576,265650,93825434198544,4375639744,7,2732,1151,3033
170589488048573,170589488065329,170589488076312,170589488078326,170589488084455,170589488084518,265650,93825434198544,4375639744,7,2732,1151,3034
170589496381514,170589496397859,170589496409046,170589496411228,170589496417820,170589496417884,265650,93825434198544,4375639744,7,2732,1151,3035
170589504717087,170589504731112,170589504741719,170589504743403,170589504747855,170589504747921,265650,93825434198544,4375639744,7,2732,1151,3036
170589513036033,170589513052973,170589513063580,170589513065404,170589513072421,170589513072486,265650,93825434198544,4375639744,7,2732,1151,3037
170589521336441,170589521353170,170589521363887,170589521365763,170589521373496,170589521373559,265650,93825434198544,4375639744,7,2732,1151,3038
170589529705713,170589529721594,170589529732476,170589529734295,170589529737983,170589529738084,265650,93825434198544,4375639744,7,2732,1151,3039
170589538025606,170589538041184,170589538051353,170589538053030,170589538057698,170589538057786,265650,93825434198544,4375639744,7,2732,1151,3040
170589546343803,170589546361680,170589546372359,170589546374540,170589546383484,170589546383568,265650,93825434198544,4375639744,7,2732,1151,3041
170589554715067,170589554736444,170589554748376,170589554751613,170589554757974,170589554758055,265650,93825434198544,4375639744,7,2732,1151,3042
170589563066127,170589563081234,170589563091711,170589563093653,170589563098003,170589563098068,265650,93825434198544,4375639744,7,2732,1151,3043
170589571349852,170589571366588,170589571377022,170589571378970,170589571384720,170589571384784,265650,93825434198544,4375639744,7,2732,1151,3044
170589579708621,170589579722738,170589579732942,170589579734795,170589579740239,170589579740302,265650,93825434198544,4375639744,7,2732,1151,3045
170589588061476,170589588078441,170589588089689,170589588091731,170589588099294,170589588099471,265650,93825434198544,4375639744,7,2732,1151,3046
170589596401210,170589596421257,170589596433575,170589596436492,170589596444069,170589596444125,265650,93825434198544,4375639744,7,2732,1151,3047
170589604730836,170589604751990,170589604763596,170589604766738,170589604770865,170589604770927,265650,93825434198544,4375639744,7,2732,1151,3048
170589613065581,170589613082250,170589613093341,170589613095313,170589613103251,170589613103325,265650,93825434198544,4375639744,7,2732,1151,3049
170589621352866,170589621370877,170589621381414,170589621383442,170589621390511,170589621390571,265650,93825434198544,4375639744,7,2732,1151,3050
170589629714618,170589629729706,170589629740120,170589629741958,170589629745116,170589629745178,265650,93825434198544,4375639744,7,2732,1151,3051
170589638065458,170589638081637,170589638092934,170589638094681,170589638102250,170589638102322,265650,93825434198544,4375639744,7,2732,1151,3052
170589646348613,170589646364629,170589646375494,170589646377573,170589646386146,170589646386207,265650,93825434198544,4375639744,7,2732,1151,3053
170589654719957,170589654738484,170589654749471,170589654751638,170589654757542,170589654757609,265650,93825434198544,4375639744,7,2732,1151,3054
170589663072529,170589663088867,170589663099737,170589663101613,170589663108958,170589663109025,265650,93825434198544,4375639744,7,2732,1151,3055
170589671343652,170589671355938,170589671366063,170589671367972,170589671374511,170589671374578,265650,93825434198544,4375639744,7,2732,1151,3056
170589679669316,170589679683749,170589679693659,170589679695292,170589679701142,170589679701197,265650,93825434198544,4375639744,7,2732,1151,3057
170589688046178,170589688065617,170589688076109,170589688078323,170589688085902,170589688085948,265650,93825434198544,4375639744,7,2732,1151,3058
170589696356496,170589696377174,170589696388865,170589696391930,170589696402377,170589696402441,265650,93825434198544,4375639744,7,2732,1151,3059
170589704751740,170589704773398,170589704786145,170589704789249,170589704798093,170589704798147,265650,93825434198544,4375639744,7,2732,1151,3060
170589713061258,170589713077811,170589713089268,170589713091058,170589713098995,170589713099057,265650,93825434198544,4375639744,7,2732,1151,3061
170589721368352,170589721384940,170589721395779,170589721398049,170589721406046,170589721406109,265650,93825434198544,4375639744,7,2732,1151,3062
170589729738385,170589729752842,170589729763513,170589729765469,170589729773020,170589729773079,265650,93825434198544,4375639744,7,2732,1151,3063
170589738099664,170589738117668,170589738128659,170589738131369,170589738139710,170589738139758,265650,93825434198544,4375639744,7,2732,1151,3064
170589746376282,170589746399213,170589746410937,170589746414286,170589746422032,170589746422092,265650,93825434198544,4375639744,7,2732,1151,3065
170589754750967,170589754772219,170589754783392,170589754786256,170589754796256,170589754796325,265650,93825434198544,4375639744,7,2732,1151,3066
170589763086563,170589763103167,170589763114069,170589763116055,170589763122100,170589763122162,265650,93825434198544,4375639744,7,2732,1151,3067
170589771354025,170589771370733,170589771380983,170589771383001,170589771389829,170589771389892,265650,93825434198544,4375639744,7,2732,1151,3068
170589779681475,170589779697231,170589779707741,170589779709593,170589779716328,170589779716388,265650,93825434198544,4375639744,7,2732,1151,3069
170589788069717,170589788086439,170589788097195,170589788099420,170589788105588,170589788105632,265650,93825434198544,4375639744,7,2732,1151,3070
170589796401994,170589796425142,170589796438391,170589796441676,170589796448474,170589796448528,265650,93825434198544,4375639744,7,2732,1151,3071
170589804757664,170589804780582,170589804793085,170589804796290,170589804805835,170589804805926,265650,93825434198544,4375639744,7,2732,1151,3072
170589813053065,170589813070397,170589813080928,170589813083131,170589813089097,170589813089199,265650,93825434198544,4375639744,7,2732,1151,3073
170589821368545,170589821386284,170589821398524,170589821401616,170589821413135,170589821413195,265650,93825434198544,4375639744,7,2732,1151,3074
170589829714283,170589829732110,170589829744264,170589829746034,170589829752637,170589829752740,265650,93825434198544,4375639744,7,2732,1151,3075
170589838160772,170589838174336,170589838185346,170589838186491,170589838191988,170589838192078,265650,93825434198544,4375639744,7,2732,1151,3076
170589846395879,170589846408996,170589846419720,170589846420884,170589846427336,170589846427424,265650,93825434198544,4375639744,7,2732,1151,3077
170589854799971,170589854818552,170589854829329,170589854831390,170589854841663,170589854841833,265650,93825434198544,4375639744,7,2732,1151,3078
170589863092800,170589863110609,170589863121670,170589863123812,170589863133532,170589863133705,265650,93825434198544,4375639744,7,2732,1151,3079
170589871357072,170589871370702,170589871381017,170589871382575,170589871389669,170589871389738,265650,93825434198544,4375639744,7,2732,1151,3080
170589879730540,170589879744027,170589879754418,170589879755816,170589879765768,170589879765830,265650,93825434198544,4375639744,7,2732,1151,3081
170589888100854,170589888117023,170589888127676,170589888129639,170589888136770,170589888136941,265650,93825434198544,4375639744,7,2732,1151,3082
170589896402631,170589896418643,170589896429244,170589896430913,170589896437551,170589896437622,265650,93825434198544,4375639744,7,2732,1151,3083
170589904751286,170589904766292,170589904776232,170589904777689,170589904784228,170589904784279,265650,93825434198544,4375639744,7,2732,1151,3084
170589913050439,170589913067739,170589913077716,170589913079319,170589913085744,170589913085804,265650,93825434198544,4375639744,7,2732,1151,3085
170589921427317,170589921443965,170589921453978,170589921455899,170589921463948,170589921464008,265650,93825434198544,4375639744,7,2732,1151,3086
170589929694628,170589929709764,170589929720068,170589929721518,170589929729696,170589929729761,265650,93825434198544,4375639744,7,2732,1151,3087
170589938056849,170589938072633,170589938082705,170589938084579,170589938093708,170589938093771,265650,93825434198544,4375639744,7,2732,1151,3088
170589946362945,170589946379054,170589946389893,170589946392018,170589946400674,170589946400860,265650,93825434198544,4375639744,7,2732,1151,3089
170589954748031,170589954765171,170589954775373,170589954777451,170589954788305,170589954788374,265650,93825434198544,4375639744,7,2732,1151,3090
170589963071369,170589963087112,170589963098199,170589963100184,170589963108303,170589963108366,265650,93825434198544,4375639744,7,2732,1151,3091
170589971362805,170589971378245,170589971388668,170589971390341,170589971398880,170589971398945,265650,93825434198544,4375639744,7,2732,1151,3092
170589979764835,170589979782367,170589979792423,170589979794588,170589979800427,170589979800486,265650,93825434198544,4375639744,7,2732,1151,3093
170589988099779,170589988117436,170589988128098,170589988130189,170589988141074,170589988141134,265650,93825434198544,4375639744,7,2732,1151,3094
170589996418792,170589996435646,170589996446482,170589996448773,170589996453088,170589996453166,265650,93825434198544,4375639744,7,2732,1151,3095
170590004677430,170590004693275,170590004702836,170590004705214,170590004713239,170590004713305,265650,93825434198544,4375639744,7,2732,1151,3096
170590013146486,170590013163700,170590013173879,170590013176374,170590013186813,170590013186884,265650,93825434198544,4375639744,7,2732,1151,3097
170590021393728,170590021416415,170590021428702,170590021431245,170590021442962,170590021443061,265650,93825434198544,4375639744,7,2732,1151,3098
170590029737894,170590029759484,170590029770949,170590029773883,170590029792004,170590029792087,265650,93825434198544,4375639744,7,2732,1151,3099
170590038135801,170590038156817,170590038167956,170590038170610,170590038179434,170590038179531,265650,93825434198544,4375639744,7,2732,1151,3100
170590046421989,170590046438378,170590046449198,170590046452146,170590046462256,170590046462337,265650,93825434198544,4375639744,7,2732,1151,3101
170590054782605,170590054803193,170590054814288,170590054816663,170590054828790,170590054828870,265650,93825434198544,4375639744,7,2732,1151,3102
170590063107392,170590063126783,170590063137754,170590063140209,170590063148016,170590063148082,265650,93825434198544,4375639744,7,2732,1151,3103
170590071437918,170590071454403,170590071465812,170590071467776,170590071479049,170590071479133,265650,93825434198544,4375639744,7,2732,1151,3104
170590079716885,170590079733722,170590079744668,170590079746286,170590079758162,170590079758220,265650,93825434198544,4375639744,7,2732,1151,3105
170590088108822,170590088127558,170590088138135,170590088140082,170590088150505,170590088150586,265650,93825434198544,4375639744,7,2732,1151,3106
170590096432423,170590096450702,170590096461539,170590096463604,170590096474412,170590096474483,265650,93825434198544,4375639744,7,2732,1151,3107
170590104747018,170590104769663,170590104782189,170590104784748,170590104796063,170590104796142,265650,93825434198544,4375639744,7,2732,1151,3108
170590113068395,170590113086481,170590113097233,170590113099411,170590113111540,170590113111612,265650,93825434198544,4375639744,7,2732,1151,3109
170590121394582,170590121417967,170590121429701,170590121432826,170590121452091,170590121452181,265650,93825434198544,4375639744,7,2732,1151,3110
170590129721587,170590129739539,170590129750525,170590129752890,170590129764399,170590129764657,265650,93825434198544,4375639744,7,2732,1151,3111
170590138115934,170590138133631,170590138144554,170590138147276,170590138156628,170590138156684,265650,93825434198544,4375639744,7,2732,1151,3112
170590146395062,170590146416340,170590146428136,170590146430787,170590146439261,170590146439317,265650,93825434198544,4375639744,7,2732,1151,3113
170590154836510,170590154878793,170590154890707,170590154892446,170590154901972,170590154902096,265650,93825434198544,4375639744,7,2732,1151,3114
170590163210792,170590163238489,170590163249914,170590163251254,170590163257034,170590163257137,265650,93825434198544,4375639744,7,2732,1151,3115
170590171420486,170590171433423,170590171444375,170590171445276,170590171450299,170590171450404,265650,93825434198544,4375639744,7,2732,1151,3116
170590179821511,170590179894754,170590179905959,170590179907148,170590179911401,170590179911507,265650,93825434198544,4375639744,7,2732,1151,3117
170590188156855,170590188170457,170590188181699,170590188183112,170590188187963,170590188188070,265650,93825434198544,4375639744,7,2732,1151,3118
170590196447555,170590196457971,170590196466657,170590196467506,170590196472307,170590196472391,265650,93825434198544,4375639744,7,2732,1151,3119
170590204808801,170590204824428,170590204835734,170590204837495,170590204844090,170590204844197,265650,93825434198544,4375639744,7,2732,1151,3120
170590213204764,170590213218241,170590213229427,170590213230476,170590213235916,170590213236005,265650,93825434198544,4375639744,7,2732,1151,3121
170590221432227,170590221443179,170590221452107,170590221453139,170590221457569,170590221457639,265650,93825434198544,4375639744,7,2732,1151,3122
170590229763296,170590229775825,170590229786743,170590229787817,170590229793307,170590229793383,265650,93825434198544,4375639744,7,2732,1151,3123
170590238172079,170590238184793,170590238195635,170590238196623,170590238201125,170590238201200,265650,93825434198544,4375639744,7,2732,1151,3124
170590246459686,170590246472349,170590246483140,170590246484013,170590246489810,170590246489888,265650,93825434198544,4375639744,7,2732,1151,3125
170590254857351,170590254869906,170590254880834,170590254881779,170590254887297,170590254887369,265650,93825434198544,4375639744,7,2732,1151,3126
170590263141640,170590263154840,170590263165797,170590263166685,170590263171481,170590263171547,265650,93825434198544,4375639744,7,2732,1151,3127
170590271463683,170590271476301,170590271487754,170590271488760,170590271494018,170590271494094,265650,93825434198544,4375639744,7,2732,1151,3128
170590279791053,170590279807561,170590279816914,170590279818967,170590279825426,170590279825478,265650,93825434198544,4375639744,7,2732,1151,3129
170590288204072,170590288220938,170590288233206,170590288235426,170590288242948,170590288243028,265650,93825434198544,4375639744,7,2732,1151,3130
170590296511665,170590296527126,170590296536516,170590296538573,170590296546933,170590296546986,265650,93825434198544,4375639744,7,2732,1151,3131
170590304903670,170590304918293,170590304929929,170590304932001,170590304937932,170590304938014,265650,93825434198544,4375639744,7,2732,1151,3132
170590313183923,170590313200830,170590313213634,170590313215857,170590313224757,170590313224851,265650,93825434198544,4375639744,7,2732,1151,3133
170590321581368,170590321602472,170590321615381,170590321617922,170590321626091,170590321626196,265650,93825434198544,4375639744,7,2732,1151,3134
170590329833928,170590329846641,170590329855132,170590329856546,170590329861520,170590329861584,265650,93825434198544,4375639744,7,2732,1151,3135
170590338161350,170590338176406,170590338188123,170590338189329,170590338194587,170590338194677,265650,93825434198544,4375639744,7,2732,1151,3136
170590346475967,170590346488257,170590346497350,170590346498830,170590346506023,170590346506088,265650,93825434198544,4375639744,7,2732,1151,3137
170590354846907,170590354861209,170590354872475,170590354873573,170590354879672,170590354879769,265650,93825434198544,4375639744,7,2732,1151,3138
170590363148855,170590363162795,170590363173927,170590363175060,170590363180652,170590363180730,265650,93825434198544,4375639744,7,2732,1151,3139
170590371418679,170590371429043,170590371437322,170590371438241,170590371443183,170590371443245,265650,93825434198544,4375639744,7,2732,1151,3140
170590379811710,170590379825608,170590379836743,170590379837780,170590379844583,170590379844665,265650,93825434198544,4375639744,7,2732,1151,3141
170590388198698,170590388212846,170590388223918,170590388225271,170590388232444,170590388232516,265650,93825434198544,4375639744,7,2732,1151,3142
170590396456833,170590396467976,170590396475840,170590396477243,170590396483543,170590396483597,265650,93825434198544,4375639744,7,2732,1151,3143
170590404851933,170590404865928,170590404877182,170590404878274,170590404885915,170590404885994,265650,93825434198544,4375639744,7,2732,1151,3144
170590413242249,170590413258670,170590413270228,170590413271513,170590413277589,170590413277695,265650,93825434198544,4375639744,7,2732,1151,3145
170590421436579,170590421449650,170590421461017,170590421462027,170590421468133,170590421468215,265650,93825434198544,4375639744,7,2732,1151,3146
170590429872343,170590429886003,170590429896727,170590429897883,170590429904382,170590429904471,265650,93825434198544,4375639744,7,2732,1151,3147
170590438113036,170590438134856,170590438145737,170590438148263,170590438154019,170590438154117,265650,93825434198544,4375639744,7,2732,1151,3148
170590446458105,170590446478802,170590446489668,170590446491755,170590446498097,170590446498161,265650,93825434198544,4375639744,7,2732,1151,3149
170590454735021,170590454754276,170590454766219,170590454769620,170590454776773,170590454776816,265650,93825434198544,4375639744,7,2732,1151,3150
170590463112792,170590463130389,170590463141394,170590463143337,170590463149433,170590463149499,265650,93825434198544,4375639744,7,2732,1151,3151
170590471400361,170590471417547,170590471428588,170590471430633,170590471436199,170590471436357,265650,93825434198544,4375639744,7,2732,1151,3152
170590479732690,170590479747756,170590479758560,170590479760190,170590479766859,170590479766931,265650,93825434198544,4375639744,7,2732,1151,3153
170590488145516,170590488160949,170590488172775,170590488174091,170590488180523,170590488180606,265650,93825434198544,4375639744,7,2732,1151,3154
170590496563331,170590496597782,170590496609118,170590496610663,170590496617953,170590496618043,265650,93825434198544,4375639744,7,2732,1151,3155
170590504859947,170590504873741,170590504885039,170590504886146,170590504895114,170590504895208,265650,93825434198544,4375639744,7,2732,1151,3156
170590513252013,170590513289924,170590513301235,170590513302634,170590513308363,170590513308453,265650,93825434198544,4375639744,7,2732,1151,3157
170590521482447,170590521494162,170590521503320,170590521504458,170590521510093,170590521510163,265650,93825434198544,4375639744,7,2732,1151,3158
170590529807457,170590529820506,170590529831494,170590529832376,170590529838590,170590529838681,265650,93825434198544,4375639744,7,2732,1151,3159
170590538168131,170590538181342,170590538192282,170590538193598,170590538200269,170590538200356,265650,93825434198544,4375639744,7,2732,1151,3160
170590546458540,170590546469586,170590546478403,170590546479367,170590546484217,170590546484290,265650,93825434198544,4375639744,7,2732,1151,3161
170590554876960,170590554890598,170590554901646,170590554902691,170590554908782,170590554908889,265650,93825434198544,4375639744,7,2732,1151,3162
170590563214645,170590563228077,170590563238908,170590563240006,170590563244710,170590563244801,265650,93825434198544,4375639744,7,2732,1151,3163
170590571501073,170590571511306,170590571519230,170590571520241,170590571526010,170590571526071,265650,93825434198544,4375639744,7,2732,1151,3164
170590579872641,170590579888754,170590579899845,170590579901050,170590579907787,170590579907873,265650,93825434198544,4375639744,7,2732,1151,3165
170590588158811,170590588171426,170590588182311,170590588183330,170590588189165,170590588189257,265650,93825434198544,4375639744,7,2732,1151,3166
170590596452005,170590596470246,170590596481594,170590596484201,170590596493247,170590596493340,265650,93825434198544,4375639744,7,2732,1151,3167
170590604791975,170590604808432,170590604819386,170590604821215,170590604828934,170590604829022,265650,93825434198544,4375639744,7,2732,1151,3168
170590613072930,170590613089987,170590613100371,170590613102222,170590613112111,170590613112175,265650,93825434198544,4375639744,7,2732,1151,3169
170590621414166,170590621431476,170590621442070,170590621443851,170590621450596,170590621450684,265650,93825434198544,4375639744,7,2732,1151,3170
170590629772024,170590629789519,170590629801289,170590629803841,170590629818696,170590629818763,265650,93825434198544,4375639744,7,2732,1151,3171
170590638096897,170590638112910,170590638123357,170590638125010,170590638130701,170590638130766,265650,93825434198544,4375639744,7,2732,1151,3172
170590646457862,170590646473060,170590646484188,170590646486993,170590646496502,170590646496574,265650,93825434198544,4375639744,7,2732,1151,3173
170590654771777,170590654793481,170590654805505,170590654808961,170590654825245,170590654825315,265650,93825434198544,4375639744,7,2732,1151,3174
170590663096187,170590663111685,170590663122137,170590663123744,170590663129848,170590663129914,265650,93825434198544,4375639744,7,2732,1151,3175
170590671408531,170590671424825,170590671435711,170590671437863,170590671443403,170590671443491,265650,93825434198544,4375639744,7,2732,1151,3176
170590679869410,170590679885100,170590679897244,170590679898642,170590679904427,170590679904523,265650,93825434198544,4375639744,7,2732,1151,3177
170590688107172,170590688117155,170590688125147,170590688126252,170590688132448,170590688132519,265650,93825434198544,4375639744,7,2732,1151,3178
170590696490100,170590696501123,170590696509774,170590696510609,170590696515655,170590696515732,265650,93825434198544,4375639744,7,2732,1151,3179
170590704804105,170590704814720,170590704823111,170590704823929,170590704828879,170590704828928,265650,93825434198544,4375639744,7,2732,1151,3180
170590713106576,170590713120544,170590713131534,170590713132662,170590713139407,170590713139490,265650,93825434198544,4375639744,7,2732,1151,3181
170590721494030,170590721505090,170590721513782,170590721514774,170590721520541,170590721520602,265650,93825434198544,4375639744,7,2732,1151,3182
170590729779825,170590729788936,170590729796486,170590729797175,170590729801630,170590729801677,265650,93825434198544,4375639744,7,2732,1151,3183
170590738148913,170590738168484,170590738179366,170590738181859,170590738190678,170590738190763,265650,93825434198544,4375639744,7,2732,1151,3184
170590746454636,170590746478456,170590746490091,170590746493790,170590746503745,170590746503807,265650,93825434198544,4375639744,7,2732,1151,3185
170590754794449,170590754817121,170590754828585,170590754831991,170590754842799,170590754842885,265650,93825434198544,4375639744,7,2732,1151,3186
170590763064660,170590763080913,170590763091301,170590763093278,170590763102110,170590763102158,265650,93825434198544,4375639744,7,2732,1151,3187
170590771414564,170590771430657,170590771441095,170590771443111,170590771449584,170590771449638,265650,93825434198544,4375639744,7,2732,1151,3188
170590779752878,170590779770111,170590779780442,170590779782535,170590779789903,170590779789958,265650,93825434198544,4375639744,7,2732,1151,3189
170590788068019,170590788084098,170590788094588,170590788096689,170590788105820,170590788105871,265650,93825434198544,4375639744,7,2732,1151,3190
170590796441963,170590796464817,170590796477171,170590796480273,170590796492173,170590796492227,265650,93825434198544,4375639744,7,2732,1151,3191
170590804799241,170590804815471,170590804826119,170590804828292,170590804836136,170590804836188,265650,93825434198544,4375639744,7,2732,1151,3192
170590813110902,170590813127287,170590813137881,170590813139644,170590813148279,170590813148329,265650,93825434198544,4375639744,7,2732,1151,3193
170590821419361,170590821437342,170590821447447,170590821449061,170590821455887,170590821455946,265650,93825434198544,4375639744,7,2732,1151,3194
170590829780416,170590829799312,170590829810993,170590829814087,170590829826362,170590829826410,265650,93825434198544,4375639744,7,2732,1151,3195
170590838109353,170590838125903,170590838136094,170590838138001,170590838146258,170590838146317,265650,93825434198544,4375639744,7,2732,1151,3196
170590846485121,170590846502582,170590846512823,170590846514666,170590846520802,170590846520862,265650,93825434198544,4375639744,7,2732,1151,3197
170590854772336,170590854790388,170590854800945,170590854802987,170590854810322,170590854810397,265650,93825434198544,4375639744,7,2732,1151,3198
170590863122342,170590863137841,170590863149579,170590863151031,170590863157044,170590863157152,265650,93825434198544,4375639744,7,2732,1151,3199
170590871459120,170590871469981,170590871478518,170590871479507,170590871486155,170590871486241,265650,93825434198544,4375639744,7,2732,1151,3200
170590879852095,170590879864828,170590879875642,170590879876658,170590879882480,170590879882576,265650,93825434198544,4375639744,7,2732,1151,3201
170590888200988,170590888214979,170590888225931,170590888227034,170590888232913,170590888233003,265650,93825434198544,4375639744,7,2732,1151,3202
170590896568537,170590896581902,170590896593064,170590896594675,170590896603619,170590896603711,265650,93825434198544,4375639744,7,2732,1151,3203
170590904850826,170590904863994,170590904874975,170590904876095,170590904881798,170590904881885,265650,93825434198544,4375639744,7,2732,1151,3204
170590913129326,170590913152930,170590913164245,170590913167249,170590913173286,170590913173383,265650,93825434198544,4375639744,7,2732,1151,3205
170590921434065,170590921452903,170590921463899,170590921466392,170590921473901,170590921473977,265650,93825434198544,4375639744,7,2732,1151,3206
170590929819589,170590929836297,170590929846445,170590929848381,170590929854489,170590929854671,265650,93825434198544,4375639744,7,2732,1151,3207
170590938106682,170590938129724,170590938141567,170590938144415,170590938151930,170590938152001,265650,93825434198544,4375639744,7,2732,1151,3208
170590946461345,170590946486080,170590946498695,170590946501733,170590946511926,170590946511986,265650,93825434198544,4375639744,7,2732,1151,3209
170590954807278,170590954823782,170590954834170,170590954836375,170590954842731,170590954842793,265650,93825434198544,4375639744,7,2732,1151,3210
170590963105792,170590963125603,170590963135909,170590963137616,170590963143951,170590963144031,265650,93825434198544,4375639744,7,2732,1151,3211
170590971423240,170590971439274,170590971449740,170590971451422,170590971456361,170590971456433,265650,93825434198544,4375639744,7,2732,1151,3212
170590979806415,170590979822721,170590979833567,170590979835574,170590979842092,170590979842156,265650,93825434198544,4375639744,7,2732,1151,3213
170590988062168,170590988079304,170590988089611,170590988091837,170590988097608,170590988097667,265650,93825434198544,4375639744,7,2732,1151,3214
170590996485884,170590996502357,170590996513008,170590996516217,170590996524826,170590996524919,265650,93825434198544,4375639744,7,2732,1151,3215
170591004820090,170591004836146,170591004846583,170591004848665,170591004855456,170591004855532,265650,93825434198544,4375639744,7,2732,1151,3216
170591013061531,170591013077946,170591013088568,170591013090355,170591013098403,170591013098451,265650,93825434198544,4375639744,7,2732,1151,3217
170591021516153,170591021527126,170591021536237,170591021537590,170591021543871,170591021543949,265650,93825434198544,4375639744,7,2732,1151,3218
170591029772279,170591029785731,170591029797236,170591029798258,170591029806186,170591029806309,265650,93825434198544,4375639744,7,2732,1151,3219
170591038176112,170591038189226,170591038200377,170591038201348,170591038207357,170591038207445,265650,93825434198544,4375639744,7,2732,1151,3220
170591046591786,170591046605408,170591046616461,170591046617423,170591046624524,170591046624619,265650,93825434198544,4375639744,7,2732,1151,3221
170591054871408,170591054884666,170591054895897,170591054897213,170591054905164,170591054905259,265650,93825434198544,4375639744,7,2732,1151,3222
170591063117940,170591063128295,170591063136376,170591063137249,170591063142247,170591063142319,265650,93825434198544,4375639744,7,2732,1151,3223
170591071439603,170591071449280,170591071457491,170591071458226,170591071462887,170591071462959,265650,93825434198544,4375639744,7,2732,1151,3224
170591079770339,170591079784476,170591079794552,170591079795394,170591079799532,170591079799592,265650,93825434198544,4375639744,7,2732,1151,3225
170591088103479,170591088113435,170591088121069,170591088121882,170591088124986,170591088125051,265650,93825434198544,4375639744,7,2732,1151,3226
170591096500068,170591096510636,170591096518715,170591096519558,170591096523182,170591096523252,265650,93825434198544,4375639744,7,2732,1151,3227
170591104872658,170591104939225,170591104950217,170591104951481,170591104957511,170591104957602,265650,93825434198544,4375639744,7,2732,1151,3228
170591113055778,170591113068458,170591113079289,170591113080478,170591113086087,170591113086169,265650,93825434198544,4375639744,7,2732,1151,3229
170591121464948,170591121477155,170591121485530,170591121486450,170591121492115,170591121492179,265650,93825434198544,4375639744,7,2732,1151,3230
170591129879759,170591129892519,170591129903385,170591129904291,170591129911254,170591129911346,265650,93825434198544,4375639744,7,2732,1151,3231
170591138076817,170591138087053,170591138095150,170591138095962,170591138100391,170591138100451,265650,93825434198544,4375639744,7,2732,1151,3232
170591146568227,170591146637741,170591146648506,170591146649501,170591146653655,170591146653746,265650,93825434198544,4375639744,7,2732,1151,3233
170591154900279,170591154913281,170591154923890,170591154924922,170591154932298,170591154932390,265650,93825434198544,4375639744,7,2732,1151,3234
170591163052400,170591163062141,170591163070133,170591163070894,170591163074627,170591163074696,265650,93825434198544,4375639744,7,2732,1151,3235
170591171432152,170591171442835,170591171450979,170591171451779,170591171456433,170591171456502,265650,93825434198544,4375639744,7,2732,1151,3236
170591179775506,170591179785848,170591179793664,170591179794388,170591179799536,170591179799605,265650,93825434198544,4375639744,7,2732,1151,3237
170591188258982,170591188274996,170591188286429,170591188287937,170591188294507,170591188294600,265650,93825434198544,4375639744,7,2732,1151,3238
170591196545338,170591196559286,170591196568457,170591196569457,170591196574046,170591196574116,265650,93825434198544,4375639744,7,2732,1151,3239
170591204871297,170591204883920,170591204894794,170591204895835,170591204900807,170591204900892,265650,93825434198544,4375639744,7,2732,1151,3240
170591213130485,170591213150455,170591213161524,170591213164107,170591213173955,170591213174038,265650,93825434198544,4375639744,7,2732,1151,3241
170591221450112,170591221467648,170591221478573,170591221480813,170591221491618,170591221491713,265650,93825434198544,4375639744,7,2732,1151,3242
170591229789019,170591229809643,170591229821137,170591229823594,170591229831628,170591229831685,265650,93825434198544,4375639744,7,2732,1151,3243
170591238109865,170591238126001,170591238136603,170591238138782,170591238150196,170591238150248,265650,93825434198544,4375639744,7,2732,1151,3244
170591246499907,170591246517121,170591246527837,170591246529912,170591246540224,170591246540302,265650,93825434198544,4375639744,7,2732,1151,3245
170591254832936,170591254849876,170591254861409,170591254863703,170591254875068,170591254875134,265650,93825434198544,4375639744,7,2732,1151,3246
170591263110197,170591263126585,170591263137828,170591263139718,170591263149322,170591263149383,265650,93825434198544,4375639744,7,2732,1151,3247
170591271451272,170591271468362,170591271479144,170591271481218,170591271491637,170591271491693,265650,93825434198544,4375639744,7,2732,1151,3248
170591279780723,170591279796783,170591279808179,170591279810314,170591279822706,170591279822769,265650,93825434198544,4375639744,7,2732,1151,3249
170591288116017,170591288133496,170591288144054,170591288146431,170591288156500,170591288156545,265650,93825434198544,4375639744,7,2732,1151,3250
170591296445599,170591296462195,170591296473180,170591296475364,170591296483353,170591296483437,265650,93825434198544,4375639744,7,2732,1151,3251
170591304835409,170591304852610,170591304863539,170591304865771,170591304876369,170591304876432,265650,93825434198544,4375639744,7,2732,1151,3252
170591313123140,170591313142035,170591313152892,170591313155148,170591313163247,170591313163330,265650,93825434198544,4375639744,7,2732,1151,3253
170591321455062,170591321473643,170591321484436,170591321486733,170591321495036,170591321495096,265650,93825434198544,4375639744,7,2732,1151,3254
170591329815183,170591329834281,170591329845642,170591329848000,170591329854962,170591329855030,265650,93825434198544,4375639744,7,2732,1151,3255
170591338118367,170591338134613,170591338145150,170591338147137,170591338154189,170591338154249,265650,93825434198544,4375639744,7,2732,1151,3256
170591346477143,170591346499875,170591346513381,170591346516977,170591346538766,170591346538833,265650,93825434198544,4375639744,7,2732,1151,3257
170591354788294,170591354804800,170591354815402,170591354817346,170591354825542,170591354825609,265650,93825434198544,4375639744,7,2732,1151,3258
170591363131380,170591363153429,170591363165326,170591363168637,170591363184158,170591363184208,265650,93825434198544,4375639744,7,2732,1151,3259
170591371515899,170591371533720,170591371544946,170591371546946,170591371557937,170591371557997,265650,93825434198544,4375639744,7,2732,1151,3260
170591379823933,170591379846467,170591379858748,170591379862027,170591379873793,170591379873860,265650,93825434198544,4375639744,7,2732,1151,3261
170591388132353,170591388150299,170591388160918,170591388162652,170591388169501,170591388169581,265650,93825434198544,4375639744,7,2732,1151,3262
170591396453782,170591396470267,170591396481366,170591396483510,170591396489146,170591396489210,265650,93825434198544,4375639744,7,2732,1151,3263
170591404812347,170591404834063,170591404846310,170591404849246,170591404860548,170591404860591,265650,93825434198544,4375639744,7,2732,1151,3264
170591413119945,170591413135838,170591413146749,170591413149059,170591413156201,170591413156255,265650,93825434198544,4375639744,7,2732,1151,3265
170591421459774,170591421477489,170591421487947,170591421489881,170591421498430,170591421498482,265650,93825434198544,4375639744,7,2732,1151,3266
170591429788067,170591429803600,170591429814485,170591429816587,170591429823074,170591429823135,265650,93825434198544,4375639744,7,2732,1151,3267
170591438174965,170591438196936,170591438208804,170591438211492,170591438222212,170591438222287,265650,93825434198544,4375639744,7,2732,1151,3268
170591446521927,170591446543343,170591446555374,170591446557979,170591446571940,170591446572017,265650,93825434198544,4375639744,7,2732,1151,3269
170591454822896,170591454843562,170591454855255,170591454857741,170591454867423,170591454867503,265650,93825434198544,4375639744,7,2732,1151,3270
170591463151039,170591463170021,170591463181158,170591463184344,170591463193534,170591463193597,265650,93825434198544,4375639744,7,2732,1151,3271
170591471483688,170591471503233,170591471514637,170591471517456,170591471531691,170591471531760,265650,93825434198544,4375639744,7,2732,1151,3272
170591479838898,170591479864635,170591479876975,170591479880720,170591479897687,170591479897758,265650,93825434198544,4375639744,7,2732,1151,3273
170591488158880,170591488179822,170591488191555,170591488194351,170591488206502,170591488206591,265650,93825434198544,4375639744,7,2732,1151,3274
170591496535541,170591496558716,170591496572556,170591496575745,170591496585281,170591496585347,265650,93825434198544,4375639744,7,2732,1151,3275
170591504942309,170591505004360,170591505016276,170591505017884,170591505024090,170591505024185,265650,93825434198544,4375639744,7,2732,1151,3276
170591513239036,170591513252322,170591513263342,170591513264430,170591513270224,170591513270315,265650,93825434198544,4375639744,7,2732,1151,3277
170591521526932,170591521543750,170591521555814,170591521557333,170591521561637,170591521561742,265650,93825434198544,4375639744,7,2732,1151,3278
170591529888426,170591529901934,170591529912930,170591529914077,170591529920325,170591529920408,265650,93825434198544,4375639744,7,2732,1151,3279
170591538181367,170591538195435,170591538206374,170591538207387,170591538212587,170591538212677,265650,93825434198544,4375639744,7,2732,1151,3280
170591546543830,170591546557046,170591546568084,170591546569117,170591546574163,170591546574239,265650,93825434198544,4375639744,7,2732,1151,3281
170591554909162,170591554924019,170591554935389,170591554936595,170591554942491,170591554942583,265650,93825434198544,4375639744,7,2732,1151,3282
170591563189667,170591563202631,170591563213426,170591563214415,170591563220537,170591563220631,265650,93825434198544,4375639744,7,2732,1151,3283
170591571533543,170591571544261,170591571552401,170591571553338,170591571559817,170591571559888,265650,93825434198544,4375639744,7,2732,1151,3284
170591579849794,170591579864366,170591579875611,170591579876650,170591579882274,170591579882364,265650,93825434198544,4375639744,7,2732,1151,3285
170591588211700,170591588223120,170591588232065,170591588233343,170591588240450,170591588240531,265650,93825434198544,4375639744,7,2732,1151,3286
170591596593872,170591596609409,170591596620684,170591596622033,170591596627641,170591596627733,265650,93825434198544,4375639744,7,2732,1151,3287
170591604932034,170591604945638,170591604956687,170591604957929,170591604967283,170591604967373,265650,93825434198544,4375639744,7,2732,1151,3288
170591613195690,170591613209500,170591613220506,170591613222141,170591613229116,170591613229204,265650,93825434198544,4375639744,7,2732,1151,3289
170591621502071,170591621513410,170591621521765,170591621523210,170591621529966,170591621530034,265650,93825434198544,4375639744,7,2732,1151,3290
170591629938332,170591629950918,170591629961983,170591629963206,170591629970032,170591629970126,265650,93825434198544,4375639744,7,2732,1151,3291
170591638211299,170591638225644,170591638236704,170591638237925,170591638244848,170591638244939,265650,93825434198544,4375639744,7,2732,1151,3292
170591646558776,170591646571193,170591646580323,170591646581609,170591646586866,170591646586931,265650,93825434198544,4375639744,7,2732,1151,3293
170591654878395,170591654891829,170591654902867,170591654904206,170591654912880,170591654912974,265650,93825434198544,4375639744,7,2732,1151,3294
170591663286398,170591663299410,170591663310416,170591663311729,170591663318359,170591663318448,265650,93825434198544,4375639744,7,2732,1151,3295
170591671564706,170591671577575,170591671588575,170591671589599,170591671595544,170591671595638,265650,93825434198544,4375639744,7,2732,1151,3296
170591679794315,170591679804283,170591679812166,170591679812947,170591679818390,170591679818457,265650,93825434198544,4375639744,7,2732,1151,3297
170591688172207,170591688185375,170591688196487,170591688197520,170591688203484,170591688203574,265650,93825434198544,4375639744,7,2732,1151,3298
170591696526521,170591696536283,170591696544719,170591696545735,170591696550602,170591696550798,265650,93825434198544,4375639744,7,2732,1151,3299
170591704912191,170591704924734,170591704935417,170591704936433,170591704942026,170591704942119,265650,93825434198544,4375639744,7,2732,1151,3300
170591713179434,170591713192690,170591713203457,170591713204513,170591713209659,170591713209754,265650,93825434198544,4375639744,7,2732,1151,3301
170591721529743,170591721541031,170591721549187,170591721550319,170591721557349,170591721557416,265650,93825434198544,4375639744,7,2732,1151,3302
170591729791484,170591729802731,170591729811466,170591729812324,170591729818014,170591729818086,265650,93825434198544,4375639744,7,2732,1151,3303
170591738204745,170591738217350,170591738226457,170591738227919,170591738234831,170591738234933,265650,93825434198544,4375639744,7,2732,1151,3304
170591746624602,170591746677764,170591746688563,170591746689611,170591746696730,170591746696816,265650,93825434198544,4375639744,7,2732,1151,3305
170591754974273,170591754990963,170591755004721,170591755007044,170591755015107,170591755015228,265650,93825434198544,4375639744,7,2732,1151,3306
170591763190242,170591763212273,170591763224259,170591763227320,170591763238669,170591763238730,265650,93825434198544,4375639744,7,2732,1151,3307
170591771466294,170591771483246,170591771495103,170591771497337,170591771502714,170591771502779,265650,93825434198544,4375639744,7,2732,1151,3308
170591779816060,170591779833829,170591779844273,170591779846324,170591779852903,170591779852983,265650,93825434198544,4375639744,7,2732,1151,3309
170591788146492,170591788163839,170591788174524,170591788176761,170591788182526,170591788182593,265650,93825434198544,4375639744,7,2732,1151,3310
170591796523982,170591796542015,170591796552735,170591796555209,170591796562196,170591796562315,265650,93825434198544,4375639744,7,2732,1151,3311
170591804867721,170591804884240,170591804895079,170591804896895,170591804902054,170591804902142,265650,93825434198544,4375639744,7,2732,1151,3312
170591813139457,170591813156987,170591813167319,170591813169105,170591813172743,170591813172807,265650,93825434198544,4375639744,7,2732,1151,3313
170591821469679,170591821487707,170591821499938,170591821503243,170591821509469,170591821509523,265650,93825434198544,4375639744,7,2732,1151,3314
170591829842196,170591829857500,170591829867939,170591829869997,170591829873149,170591829873234,265650,93825434198544,4375639744,7,2732,1151,3315
170591838140030,170591838157646,170591838168629,170591838170892,170591838175821,170591838175868,265650,93825434198544,4375639744,7,2732,1151,3316
170591846505475,170591846528356,170591846540918,170591846543823,170591846549904,170591846549963,265650,93825434198544,4375639744,7,2732,1151,3317
170591854836258,170591854858764,170591854871798,170591854874922,170591854879154,170591854879198,265650,93825434198544,4375639744,7,2732,1151,3318
170591863145472,170591863162610,170591863173343,170591863175738,170591863181056,170591863181142,265650,93825434198544,4375639744,7,2732,1151,3319
170591871462034,170591871485417,170591871497515,170591871500992,170591871508132,170591871508232,265650,93825434198544,4375639744,7,2732,1151,3320
170591879854482,170591879871798,170591879882573,170591879884586,170591879892159,170591879892259,265650,93825434198544,4375639744,7,2732,1151,3321
170591888344032,170591888363043,170591888375477,170591888377089,170591888384561,170591888384665,265650,93825434198544,4375639744,7,2732,1151,3322
170591896569721,170591896580131,170591896588806,170591896590045,170591896596787,170591896596852,265650,93825434198544,4375639744,7,2732,1151,3323
170591904910064,170591904923772,170591904935351,170591904936662,170591904945391,170591904945479,265650,93825434198544,4375639744,7,2732,1151,3324
170591913241870,170591913256830,170591913268716,170591913269822,170591913275649,170591913275741,265650,93825434198544,4375639744,7,2732,1151,3325
170591921544700,170591921555309,170591921564190,170591921565011,170591921570425,170591921570488,265650,93825434198544,4375639744,7,2732,1151,3326
170591929909838,170591929922081,170591929932968,170591929933908,170591929940244,170591929940318,265650,93825434198544,4375639744,7,2732,1151,3327
170591938203497,170591938216193,170591938227011,170591938227763,170591938233109,170591938233188,265650,93825434198544,4375639744,7,2732,1151,3328
170591946603903,170591946616732,170591946627322,170591946628129,170591946633397,170591946633467,265650,93825434198544,4375639744,7,2732,1151,3329
170591954950612,170591954968108,170591954979608,170591954981920,170591954989930,170591954990011,265650,93825434198544,4375639744,7,2732,1151,3330
170591963175807,170591963190693,170591963201779,170591963203647,170591963212174,170591963212235,265650,93825434198544,4375639744,7,2732,1151,3331
170591971479566,170591971495591,170591971505958,170591971507743,170591971513719,170591971513772,265650,93825434198544,4375639744,7,2732,1151,3332
170591979824976,170591979840773,170591979852091,170591979854132,170591979858883,170591979858949,265650,93825434198544,4375639744,7,2732,1151,3333
170591988146381,170591988163455,170591988173854,170591988175652,170591988183674,170591988183732,265650,93825434198544,4375639744,7,2732,1151,3334
170591996530469,170591996546152,170591996556926,170591996558824,170591996567278,170591996567336,265650,93825434198544,4375639744,7,2732,1151,3335
170592004872764,170592004889567,170592004900073,170592004901728,170592004906538,170592004906583,265650,93825434198544,4375639744,7,2732,1151,3336
170592013150595,170592013166395,170592013176695,170592013178502,170592013183184,170592013183246,265650,93825434198544,4375639744,7,2732,1151,3337
170592021525241,170592021544876,170592021556862,170592021559509,170592021566649,170592021566723,265650,93825434198544,4375639744,7,2732,1151,3338
170592029862339,170592029876602,170592029886941,170592029888378,170592029892460,170592029892522,265650,93825434198544,4375639744,7,2732,1151,3339
170592038143276,170592038159324,170592038170296,170592038171949,170592038178315,170592038178381,265650,93825434198544,4375639744,7,2732,1151,3340
170592046556442,170592046577822,170592046590034,170592046593238,170592046607275,170592046607348,265650,93825434198544,4375639744,7,2732,1151,3341
170592054882696,170592054905093,170592054917713,170592054920618,170592054926114,170592054926172,265650,93825434198544,4375639744,7,2732,1151,3342
170592063156777,170592063173763,170592063184634,170592063186678,170592063192237,170592063192315,265650,93825434198544,4375639744,7,2732,1151,3343
170592071492031,170592071509255,170592071519750,170592071521773,170592071528564,170592071528631,265650,93825434198544,4375639744,7,2732,1151,3344
170592079819705,170592079836376,170592079846919,170592079848484,170592079853413,170592079853491,265650,93825434198544,4375639744,7,2732,1151,3345
170592088157096,170592088172771,170592088183477,170592088185578,170592088191595,170592088191657,265650,93825434198544,4375639744,7,2732,1151,3346
170592096538921,170592096559833,170592096571742,170592096574754,170592096583059,170592096583133,265650,93825434198544,4375639744,7,2732,1151,3347
170592104874018,170592104890518,170592104901779,170592104903813,170592104908838,170592104908913,265650,93825434198544,4375639744,7,2732,1151,3348
170592113158046,170592113174656,170592113185596,170592113187615,170592113194225,170592113194291,265650,93825434198544,4375639744,7,2732,1151,3349
170592121491996,170592121508882,170592121520728,170592121522624,170592121528093,170592121528203,265650,93825434198544,4375639744,7,2732,1151,3350
170592129870353,170592129883590,170592129894634,170592129896917,170592129904410,170592129904466,265650,93825434198544,4375639744,7,2732,1151,3351
170592138167586,170592138189913,170592138201493,170592138204227,170592138214687,170592138214750,265650,93825434198544,4375639744,7,2732,1151,3352
170592146500463,170592146517724,170592146528285,170592146530033,170592146536689,170592146536757,265650,93825434198544,4375639744,7,2732,1151,3353
170592154856635,170592154876967,170592154889369,170592154892044,170592154902723,170592154902787,265650,93825434198544,4375639744,7,2732,1151,3354
170592163159907,170592163176775,170592163187989,170592163189957,170592163195775,170592163195833,265650,93825434198544,4375639744,7,2732,1151,3355
170592171541738,170592171559833,170592171571524,170592171574224,170592171584705,170592171584778,265650,93825434198544,4375639744,7,2732,1151,3356
170592179837496,170592179855343,170592179865763,170592179867771,170592179873385,170592179873455,265650,93825434198544,4375639744,7,2732,1151,3357
170592188162785,170592188179968,170592188190461,170592188192233,170592188199270,170592188199329,265650,93825434198544,4375639744,7,2732,1151,3358
170592196580840,170592196604578,170592196616371,170592196618976,170592196630556,170592196630620,265650,93825434198544,4375639744,7,2732,1151,3359
170592204874380,170592204891696,170592204902516,170592204904454,170592204910598,170592204910658,265650,93825434198544,4375639744,7,2732,1151,3360
170592213160701,170592213179907,170592213191235,170592213193524,170592213201530,170592213201624,265650,93825434198544,4375639744,7,2732,1151,3361
170592221512106,170592221535545,170592221547481,170592221550997,170592221561407,170592221561505,265650,93825434198544,4375639744,7,2732,1151,3362
170592229868462,170592229892080,170592229904909,170592229908185,170592229918563,170592229918636,265650,93825434198544,4375639744,7,2732,1151,3363
170592238124314,170592238142601,170592238153607,170592238156219,170592238163928,170592238164034,265650,93825434198544,4375639744,7,2732,1151,3364
170592246551440,170592246574470,170592246587144,170592246590428,170592246608743,170592246608830,265650,93825434198544,4375639744,7,2732,1151,3365
170592254878118,170592254895546,170592254906829,170592254908926,170592254914573,170592254914634,265650,93825434198544,4375639744,7,2732,1151,3366
170592263176681,170592263191937,170592263202928,170592263204637,170592263212072,170592263212143,265650,93825434198544,4375639744,7,2732,1151,3367
170592271512173,170592271530175,170592271540806,170592271542921,170592271550822,170592271550940,265650,93825434198544,4375639744,7,2732,1151,3368
170592279842364,170592279859710,170592279870331,170592279872200,170592279878193,170592279878246,265650,93825434198544,4375639744,7,2732,1151,3369
170592288174235,170592288190081,170592288201344,170592288202945,170592288210304,170592288210371,265650,93825434198544,4375639744,7,2732,1151,3370
170592296587136,170592296604121,170592296614982,170592296616976,170592296626857,170592296626920,265650,93825434198544,4375639744,7,2732,1151,3371
170592304887358,170592304904351,170592304915107,170592304917160,170592304925142,170592304925245,265650,93825434198544,4375639744,7,2732,1151,3372
170592313206343,170592313226593,170592313237682,170592313239949,170592313252635,170592313252704,265650,93825434198544,4375639744,7,2732,1151,3373
170592321547930,170592321559600,170592321568536,170592321570261,170592321574698,170592321574763,265650,93825434198544,4375639744,7,2732,1151,3374
170592329869513,170592329883682,170592329892981,170592329895156,170592329902131,170592329902212,265650,93825434198544,4375639744,7,2732,1151,3375
170592338285204,170592338309324,170592338320367,170592338323022,170592338333634,170592338333724,265650,93825434198544,4375639744,7,2732,1151,3376
170592346538662,170592346560600,170592346572526,170592346574987,170592346587503,170592346587569,265650,93825434198544,4375639744,7,2732,1151,3377
170592354876962,170592354898891,170592354910363,170592354913088,170592354922563,170592354922655,265650,93825434198544,4375639744,7,2732,1151,3378
170592363218517,170592363240723,170592363252887,170592363255691,170592363266828,170592363266911,265650,93825434198544,4375639744,7,2732,1151,3379
170592371602848,170592371618208,170592371628175,170592371630143,170592371637321,170592371637402,265650,93825434198544,4375639744,7,2732,1151,3380
170592379855425,170592379870090,170592379879325,170592379881368,170592379891613,170592379891685,265650,93825434198544,4375639744,7,2732,1151,3381
170592388206795,170592388229276,170592388240974,170592388243699,170592388249601,170592388249693,265650,93825434198544,4375639744,7,2732,1151,3382
170592396518667,170592396535980,170592396547051,170592396549254,170592396555816,170592396555889,265650,93825434198544,4375639744,7,2732,1151,3383
170592404886496,170592404903615,170592404914753,170592404916864,170592404921320,170592404921425,265650,93825434198544,4375639744,7,2732,1151,3384
170592413242097,170592413264277,170592413275992,170592413279277,170592413291143,170592413291205,265650,93825434198544,4375639744,7,2732,1151,3385
170592421554150,170592421570046,170592421580572,170592421582577,170592421588083,170592421588149,265650,93825434198544,4375639744,7,2732,1151,3386
170592429853652,170592429868334,170592429878322,170592429880283,170592429886409,170592429886457,265650,93825434198544,4375639744,7,2732,1151,3387
170592438163209,170592438176872,170592438187008,170592438188752,170592438193794,170592438193845,265650,93825434198544,4375639744,7,2732,1151,3388
170592446556912,170592446574183,170592446584812,170592446586985,170592446592020,170592446592088,265650,93825434198544,4375639744,7,2732,1151,3389
170592454876091,170592454892264,170592454902879,170592454905016,170592454914865,170592454914923,265650,93825434198544,4375639744,7,2732,1151,3390
170592463179686,170592463196555,170592463207314,170592463209327,170592463214905,170592463214954,265650,93825434198544,4375639744,7,2732,1151,3391
170592471506421,170592471523215,170592471534260,170592471536359,170592471543105,170592471543160,265650,93825434198544,4375639744,7,2732,1151,3392
170592479831711,170592479845522,170592479855758,170592479857313,170592479863175,170592479863234,265650,93825434198544,4375639744,7,2732,1151,3393
170592488176444,170592488193262,170592488203753,170592488205828,170592488211736,170592488211800,265650,93825434198544,4375639744,7,2732,1151,3394
170592496505255,170592496521546,170592496531645,170592496533427,170592496538717,170592496538771,265650,93825434198544,4375639744,7,2732,1151,3395
170592504867955,170592504884908,170592504895087,170592504897099,170592504903997,170592504904047,265650,93825434198544,4375639744,7,2732,1151,3396
170592513187397,170592513205145,170592513215501,170592513217592,170592513223677,170592513223734,265650,93825434198544,4375639744,7,2732,1151,3397
170592521525780,170592521540194,170592521550439,170592521552417,170592521556913,170592521556966,265650,93825434198544,4375639744,7,2732,1151,3398
170592529835055,170592529849026,170592529860157,170592529862713,170592529872101,170592529872181,265650,93825434198544,4375639744,7,2732,1151,3399
170592538135153,170592538149670,170592538159896,170592538161230,170592538167631,170592538167682,265650,93825434198544,4375639744,7,2732,1151,3400
170592546573322,170592546602777,170592546614247,170592546616823,170592546631636,170592546631688,265650,93825434198544,4375639744,7,2732,1151,3401
170592554852430,170592554868148,170592554878567,170592554880418,170592554888428,170592554888483,265650,93825434198544,4375639744,7,2732,1151,3402
170592563189071,170592563204859,170592563215741,170592563217616,170592563225159,170592563225216,265650,93825434198544,4375639744,7,2732,1151,3403
170592571541600,170592571559559,170592571570362,170592571572208,170592571580206,170592571580271,265650,93825434198544,4375639744,7,2732,1151,3404
170592579874511,170592579897971,170592579908796,170592579911340,170592579917262,170592579917309,265650,93825434198544,4375639744,7,2732,1151,3405
170592588177846,170592588191893,170592588202453,170592588204160,170592588210939,170592588211016,265650,93825434198544,4375639744,7,2732,1151,3406
170592596567882,170592596583216,170592596594238,170592596596554,170592596602099,170592596602172,265650,93825434198544,4375639744,7,2732,1151,3407
170592604900043,170592604915521,170592604926315,170592604928248,170592604935374,170592604935441,265650,93825434198544,4375639744,7,2732,1151,3408
170592613189758,170592613207350,170592613217983,170592613220113,170592613228880,170592613228938,265650,93825434198544,4375639744,7,2732,1151,3409
170592621579777,170592621601871,170592621614723,170592621617809,170592621627776,170592621627838,265650,93825434198544,4375639744,7,2732,1151,3410
170592629854714,170592629869828,170592629880209,170592629882164,170592629886939,170592629887001,265650,93825434198544,4375639744,7,2732,1151,3411
170592638202424,170592638222796,170592638234366,170592638237484,170592638251582,170592638251648,265650,93825434198544,4375639744,7,2732,1151,3412
170592646522092,170592646538080,170592646548835,170592646550963,170592646559830,170592646559881,265650,93825434198544,4375639744,7,2732,1151,3413
170592654900336,170592654916691,170592654927755,170592654930071,170592654938560,170592654938622,265650,93825434198544,4375639744,7,2732,1151,3414
170592663196457,170592663214082,170592663225649,170592663227628,170592663234650,170592663234717,265650,93825434198544,4375639744,7,2732,1151,3415
170592671541411,170592671562610,170592671575671,170592671578329,170592671587233,170592671587466,265650,93825434198544,4375639744,7,2732,1151,3416
170592679869980,170592679888485,170592679900083,170592679903004,170592679913126,170592679913198,265650,93825434198544,4375639744,7,2732,1151,3417
170592688201642,170592688219382,170592688229809,170592688231856,170592688238744,170592688238802,265650,93825434198544,4375639744,7,2732,1151,3418
170592696591182,170592696612661,170592696624748,170592696627230,170592696635822,170592696635895,265650,93825434198544,4375639744,7,2732,1151,3419
170592704920769,170592704945556,170592704957269,170592704960028,170592704967010,170592704967069,265650,93825434198544,4375639744,7,2732,1151,3420
170592713165492,170592713183385,170592713194894,170592713197018,170592713204588,170592713204683,265650,93825434198544,4375639744,7,2732,1151,3421
170592721562062,170592721580299,170592721590802,170592721592692,170592721604649,170592721604746,265650,93825434198544,4375639744,7,2732,1151,3422
170592729855149,170592729869256,170592729879762,170592729881330,170592729899267,170592729899376,265650,93825434198544,4375639744,7,2732,1151,3423
170592738216012,170592738234328,170592738245299,170592738247973,170592738260435,170592738260524,265650,93825434198544,4375639744,7,2732,1151,3424
170592746558370,170592746580481,170592746592160,170592746595068,170592746605223,170592746605306,265650,93825434198544,4375639744,7,2732,1151,3425
170592754899074,170592754921726,170592754933580,170592754936591,170592754944653,170592754944708,265650,93825434198544,4375639744,7,2732,1151,3426
170592763194419,170592763211588,170592763222155,170592763224138,170592763233687,170592763233741,265650,93825434198544,4375639744,7,2732,1151,3427
170592771540104,170592771556934,170592771568394,170592771570547,170592771578395,170592771578460,265650,93825434198544,4375639744,7,2732,1151,3428
170592779886186,170592779904589,170592779915449,170592779917849,170592779928238,170592779928311,265650,93825434198544,4375639744,7,2732,1151,3429
170592788237923,170592788255451,170592788265863,170592788267909,170592788280415,170592788280476,265650,93825434198544,4375639744,7,2732,1151,3430
170592796548867,170592796567781,170592796578812,170592796581287,170592796589708,170592796589788,265650,93825434198544,4375639744,7,2732,1151,3431
170592804940249,170592804960634,170592804972112,170592804973941,170592804983072,170592804983147,265650,93825434198544,4375639744,7,2732,1151,3432
170592813257730,170592813273983,170592813286459,170592813288362,170592813293651,170592813293743,265650,93825434198544,4375639744,7,2732,1151,3433
170592821633863,170592821646990,170592821658321,170592821659631,170592821665287,170592821665381,265650,93825434198544,4375639744,7,2732,1151,3434
170592829998866,170592830026867,170592830039120,170592830040833,170592830046710,170592830046801,265650,93825434198544,4375639744,7,2732,1151,3435
170592838221623,170592838235348,170592838246372,170592838247602,170592838253479,170592838253568,265650,93825434198544,4375639744,7,2732,1151,3436
170592846600692,170592846614297,170592846625503,170592846626627,170592846632036,170592846632123,265650,93825434198544,4375639744,7,2732,1151,3437
170592854980042,170592854999811,170592855013874,170592855016574,170592855027187,170592855027262,265650,93825434198544,4375639744,7,2732,1151,3438
170592863405720,170592863424611,170592863437014,170592863439290,170592863450890,170592863450983,265650,93825434198544,4375639744,7,2732,1151,3439
170592871549687,170592871562956,170592871571900,170592871573718,170592871582027,170592871582093,265650,93825434198544,4375639744,7,2732,1151,3440
170592879869158,170592879879602,170592879888722,170592879889808,170592879895893,170592879895973,265650,93825434198544,4375639744,7,2732,1151,3441
170592888360137,170592888373823,170592888385122,170592888386235,170592888391423,170592888391496,265650,93825434198544,4375639744,7,2732,1151,3442
170592896629894,170592896660049,170592896671237,170592896672406,170592896678148,170592896678238,265650,93825434198544,4375639744,7,2732,1151,3443
170592905037327,170592905050430,170592905061374,170592905062646,170592905068691,170592905068762,265650,93825434198544,4375639744,7,2732,1151,3444
170592913202238,170592913216440,170592913227917,170592913228966,170592913234227,170592913234304,265650,93825434198544,4375639744,7,2732,1151,3445
170592921672075,170592921685706,170592921696820,170592921697824,170592921702450,170592921702519,265650,93825434198544,4375639744,7,2732,1151,3446
170592929908487,170592929921436,170592929932357,170592929933341,170592929937610,170592929937680,265650,93825434198544,4375639744,7,2732,1151,3447
170592938291464,170592938305628,170592938316732,170592938318058,170592938323058,170592938323136,265650,93825434198544,4375639744,7,2732,1151,3448
170592946558137,170592946578653,170592946590483,170592946593340,170592946600595,170592946600688,265650,93825434198544,4375639744,7,2732,1151,3449
170592955081034,170592955099729,170592955111463,170592955112755,170592955120318,170592955120413,265650,93825434198544,4375639744,7,2732,1151,3450
170592963290926,170592963304116,170592963315123,170592963316251,170592963320984,170592963321062,265650,93825434198544,4375639744,7,2732,1151,3451
170592971648957,170592971713944,170592971724996,170592971726529,170592971731593,170592971731685,265650,93825434198544,4375639744,7,2732,1151,3452
170592979966509,170592979982357,170592979994167,170592979995473,170592979999072,170592979999146,265650,93825434198544,4375639744,7,2732,1151,3453
170592988272650,170592988284638,170592988293852,170592988295096,170592988299892,170592988299956,265650,93825434198544,4375639744,7,2732,1151,3454
170592996641105,170592996654727,170592996665796,170592996666993,170592996671500,170592996671581,265650,93825434198544,4375639744,7,2732,1151,3455
170593004982005,170593004995686,170593005011144,170593005012347,170593005018110,170593005018188,265650,93825434198544,4375639744,7,2732,1151,3456
170593013248151,170593013262430,170593013273901,170593013274995,170593013280516,170593013280594,265650,93825434198544,4375639744,7,2732,1151,3457
170593021597383,170593021607250,170593021615139,170593021616240,170593021620566,170593021620620,265650,93825434198544,4375639744,7,2732,1151,3458
170593029939026,170593029952202,170593029963444,170593029964570,170593029969076,170593029969182,265650,93825434198544,4375639744,7,2732,1151,3459
170593038238168,170593038252153,170593038263550,170593038264810,170593038269256,170593038269376,265650,93825434198544,4375639744,7,2732,1151,3460
170593046638357,170593046652112,170593046663331,170593046664399,170593046668652,170593046668727,265650,93825434198544,4375639744,7,2732,1151,3461
170593054984454,170593054998298,170593055012113,170593055013132,170593055018639,170593055018718,265650,93825434198544,4375639744,7,2732,1151,3462
170593063254890,170593063269650,170593063280933,170593063282368,170593063288090,170593063288181,265650,93825434198544,4375639744,7,2732,1151,3463
170593071546667,170593071558054,170593071566832,170593071567918,170593071571921,170593071571985,265650,93825434198544,4375639744,7,2732,1151,3464
170593079923565,170593079933371,170593079941804,170593079942583,170593079945485,170593079945548,265650,93825434198544,4375639744,7,2732,1151,3465
170593088274871,170593088285475,170593088293560,170593088294368,170593088308995,170593088309047,265650,93825434198544,4375639744,7,2732,1151,3466
170593096623331,170593096636850,170593096648059,170593096649379,170593096654977,170593096655048,265650,93825434198544,4375639744,7,2732,1151,3467
170593104978578,170593104991609,170593105006145,170593105007176,170593105012630,170593105012702,265650,93825434198544,4375639744,7,2732,1151,3468
170593113210488,170593113221601,170593113229786,170593113230629,170593113234712,170593113234765,265650,93825434198544,4375639744,7,2732,1151,3469
170593121565178,170593121574943,170593121583105,170593121583798,170593121587074,170593121587121,265650,93825434198544,4375639744,7,2732,1151,3470
170593129922613,170593129932243,170593129940441,170593129941148,170593129945715,170593129945774,265650,93825434198544,4375639744,7,2732,1151,3471
170593138243073,170593138255771,170593138266676,170593138267565,170593138272000,170593138272075,265650,93825434198544,4375639744,7,2732,1151,3472
170593146621449,170593146638008,170593146649784,170593146651777,170593146656728,170593146656844,265650,93825434198544,4375639744,7,2732,1151,3473
170593154998595,170593155014147,170593155025502,170593155026821,170593155033611,170593155033714,265650,93825434198544,4375639744,7,2732,1151,3474
170593163215997,170593163229362,170593163240305,170593163241274,170593163247651,170593163247753,265650,93825434198544,4375639744,7,2732,1151,3475
170593171638665,170593171725348,170593171736269,170593171737374,170593171743060,170593171743156,265650,93825434198544,4375639744,7,2732,1151,3476
170593179969697,170593179983448,170593179994466,170593179995505,170593180002618,170593180002700,265650,93825434198544,4375639744,7,2732,1151,3477
170593188247457,170593188262699,170593188273780,170593188275347,170593188282409,170593188282511,265650,93825434198544,4375639744,7,2732,1151,3478
170593196593149,170593196606672,170593196617669,170593196618783,170593196624593,170593196624683,265650,93825434198544,4375639744,7,2732,1151,3479
170593205012047,170593205025501,170593205036603,170593205037810,170593205044623,170593205044713,265650,93825434198544,4375639744,7,2732,1151,3480
170593213254701,170593213268903,170593213279917,170593213281260,170593213288204,170593213288300,265650,93825434198544,4375639744,7,2732,1151,3481
170593221602660,170593221613501,170593221622537,170593221623575,170593221629207,170593221629278,265650,93825434198544,4375639744,7,2732,1151,3482
170593229981077,170593229993886,170593230009149,170593230010159,170593230017726,170593230017828,265650,93825434198544,4375639744,7,2732,1151,3483
170593238217902,170593238231436,170593238242397,170593238243485,170593238249238,170593238249326,265650,93825434198544,4375639744,7,2732,1151,3484
170593246674240,170593246723210,170593246734376,170593246735763,170593246742493,170593246742582,265650,93825434198544,4375639744,7,2732,1151,3485
170593254931804,170593254944535,170593254955304,170593254956391,170593254962275,170593254962367,265650,93825434198544,4375639744,7,2732,1151,3486
170593263391315,170593263407134,170593263418231,170593263419281,170593263425728,170593263425897,265650,93825434198544,4375639744,7,2732,1151,3487
170593271629122,170593271642198,170593271652960,170593271654013,170593271659936,170593271660024,265650,93825434198544,4375639744,7,2732,1151,3488
170593279888350,170593279924546,170593279933568,170593279934708,170593279941635,170593279941714,265650,93825434198544,4375639744,7,2732,1151,3489
170593288231603,170593288249184,170593288260914,170593288263579,170593288272298,170593288272383,265650,93825434198544,4375639744,7,2732,1151,3490
170593296687331,170593296702350,170593296713902,170593296715217,170593296724403,170593296724502,265650,93825434198544,4375639744,7,2732,1151,3491
170593304967411,170593304978615,170593304987617,170593304988728,170593304995670,170593304995859,265650,93825434198544,4375639744,7,2732,1151,3492
170593313270057,170593313285608,170593313297094,170593313298431,170593313305619,170593313305696,265650,93825434198544,4375639744,7,2732,1151,3493
170593321635828,170593321650828,170593321659750,170593321661727,170593321674637,170593321674714,265650,93825434198544,4375639744,7,2732,1151,3494
170593329930517,170593329940692,170593329949165,170593329950139,170593329955695,170593329955754,265650,93825434198544,4375639744,7,2732,1151,3495
170593338385584,170593338410163,170593338421378,170593338422659,170593338429789,170593338429871,265650,93825434198544,4375639744,7,2732,1151,3496
170593346652318,170593346666339,170593346677545,170593346678968,170593346686236,170593346686344,265650,93825434198544,4375639744,7,2732,1151,3497
170593354977827,170593354991452,170593355006591,170593355008018,170593355013971,170593355014049,265650,93825434198544,4375639744,7,2732,1151,3498
170593363274399,170593363289663,170593363301017,170593363302489,170593363310796,170593363310865,265650,93825434198544,4375639744,7,2732,1151,3499
170593371614739,170593371627852,170593371636511,170593371638306,170593371646355,170593371646414,265650,93825434198544,4375639744,7,2732,1151,3500
170593380043245,170593380059074,170593380070783,170593380072245,170593380080629,170593380080704,265650,93825434198544,4375639744,7,2732,1151,3501
170593388291408,170593388309413,170593388321902,170593388324610,170593388334413,170593388334492,265650,93825434198544,4375639744,7,2732,1151,3502
170593396586345,170593396601502,170593396610526,170593396612427,170593396619429,170593396619513,265650,93825434198544,4375639744,7,2732,1151,3503
170593405068865,170593405086159,170593405098353,170593405100332,170593405110223,170593405110332,265650,93825434198544,4375639744,7,2732,1151,3504
170593413290618,170593413306843,170593413318625,170593413320607,170593413328158,170593413328257,265650,93825434198544,4375639744,7,2732,1151,3505
170593421614791,170593421626351,170593421635109,170593421636494,170593421642932,170593421643007,265650,93825434198544,4375639744,7,2732,1151,3506
170593429953071,170593429964709,170593429973467,170593429974752,170593429980618,170593429980683,265650,93825434198544,4375639744,7,2732,1151,3507
170593438277390,170593438292236,170593438301391,170593438303575,170593438314008,170593438314070,265650,93825434198544,4375639744,7,2732,1151,3508
170593446709397,170593446726664,170593446738600,170593446740686,170593446747806,170593446747891,265650,93825434198544,4375639744,7,2732,1151,3509
170593454996957,170593455015027,170593455026811,170593455028940,170593455037485,170593455037567,265650,93825434198544,4375639744,7,2732,1151,3510
170593463247429,170593463265134,170593463276598,170593463278525,170593463283623,170593463283716,265650,93825434198544,4375639744,7,2732,1151,3511
170593471662433,170593471677240,170593471688648,170593471689952,170593471696163,170593471696257,265650,93825434198544,4375639744,7,2732,1151,3512
170593480007696,170593480020523,170593480031637,170593480032730,170593480037993,170593480038083,265650,93825434198544,4375639744,7,2732,1151,3513
170593488430689,170593488445402,170593488456724,170593488458038,170593488463480,170593488463571,265650,93825434198544,4375639744,7,2732,1151,3514
170593496731247,170593496750627,170593496763377,170593496765660,170593496777194,170593496777282,265650,93825434198544,4375639744,7,2732,1151,3515
170593505016675,170593505033565,170593505046114,170593505047986,170593505054668,170593505054763,265650,93825434198544,4375639744,7,2732,1151,3516
170593513326448,170593513339791,170593513348970,170593513350639,170593513358288,170593513358349,265650,93825434198544,4375639744,7,2732,1151,3517
170593521717802,170593521765186,170593521777222,170593521779204,170593521788570,170593521788664,265650,93825434198544,4375639744,7,2732,1151,3518
170593530037676,170593530052042,170593530063726,170593530065006,170593530070702,170593530070782,265650,93825434198544,4375639744,7,2732,1151,3519
170593538242956,170593538256589,170593538267827,170593538268861,170593538274092,170593538274168,265650,93825434198544,4375639744,7,2732,1151,3520
170593546623543,170593546637556,170593546646765,170593546648425,170593546657693,170593546657758,265650,93825434198544,4375639744,7,2732,1151,3521
170593554990518,170593555014574,170593555026500,170593555029420,170593555040653,170593555040763,265650,93825434198544,4375639744,7,2732,1151,3522
170593563284479,170593563303766,170593563315336,170593563318168,170593563333294,170593563333372,265650,93825434198544,4375639744,7,2732,1151,3523
170593571603718,170593571623389,170593571634588,170593571636927,170593571647224,170593571647276,265650,93825434198544,4375639744,7,2732,1151,3524
170593579935391,170593579951548,170593579962314,170593579964620,170593579974840,170593579974909,265650,93825434198544,4375639744,7,2732,1151,3525
170593588289105,170593588305520,170593588316588,170593588318649,170593588324476,170593588324545,265650,93825434198544,4375639744,7,2732,1151,3526
170593596585141,170593596603300,170593596613676,170593596615601,170593596622332,170593596622415,265650,93825434198544,4375639744,7,2732,1151,3527
170593604916788,170593604942629,170593604953511,170593604955881,170593604964478,170593604964551,265650,93825434198544,4375639744,7,2732,1151,3528
170593613287957,170593613307318,170593613318674,170593613321675,170593613333880,170593613333959,265650,93825434198544,4375639744,7,2732,1151,3529
170593621603776,170593621623021,170593621633917,170593621636471,170593621647002,170593621647070,265650,93825434198544,4375639744,7,2732,1151,3530
170593629936305,170593629958760,170593629970781,170593629973895,170593629982206,170593629982262,265650,93825434198544,4375639744,7,2732,1151,3531
170593638287945,170593638305256,170593638315629,170593638317559,170593638327348,170593638327409,265650,93825434198544,4375639744,7,2732,1151,3532
170593646593329,170593646611992,170593646623191,170593646625521,170593646633567,170593646633646,265650,93825434198544,4375639744,7,2732,1151,3533
170593654955490,170593654978154,170593654990369,170593654993520,170593655008268,170593655008349,265650,93825434198544,4375639744,7,2732,1151,3534
170593663262255,170593663278661,170593663289423,170593663291646,170593663302296,170593663302344,265650,93825434198544,4375639744,7,2732,1151,3535
170593671618352,170593671635822,170593671647206,170593671649407,170593671660649,170593671660708,265650,93825434198544,4375639744,7,2732,1151,3536
170593679906822,170593679923716,170593679934599,170593679936389,170593679942595,170593679942660,265650,93825434198544,4375639744,7,2732,1151,3537
