start,geometry,clip,blit,flush,end,hwnd,surface,thread,outcome,width,height,commit
170300270965564,170300270979707,170300270991062,170300270992358,170300270998595,170300270998690,265650,93825840194560,4375639744,7,2732,1151,3828
170300279241172,170300279254940,170300279266073,170300279267530,170300279273668,170300279273765,265650,93825840194560,4375639744,7,2732,1151,3829
170300287728903,170300287749930,170300287762307,170300287764714,170300287775021,170300287775118,265650,93825840194560,4375639744,7,2732,1151,3830
170300296022118,170300296038491,170300296050916,170300296053023,170300296063183,170300296063281,265650,93825840194560,4375639744,7,2732,1151,3831
170300304236356,170300304250586,170300304259458,170300304261325,170300304269136,170300304269237,265650,93825840194560,4375639744,7,2732,1151,3832
170300312568543,170300312582279,170300312591398,170300312593408,170300312599793,170300312599863,265650,93825840194560,4375639744,7,2732,1151,3833
170300321022111,170300321043285,170300321056556,170300321058719,170300321067625,170300321067746,265650,93825840194560,4375639744,7,2732,1151,3834
170300329231703,170300329249369,170300329262216,170300329264371,170300329275849,170300329275982,265650,93825840194560,4375639744,7,2732,1151,3835
170300337647138,170300337663329,170300337675427,170300337677367,170300337685045,170300337685126,265650,93825840194560,4375639744,7,2732,1151,3836
170300345966145,170300345979281,170300345990256,170300345991869,170300345998166,170300345998246,265650,93825840194560,4375639744,7,2732,1151,3837
170300354249776,170300354262283,170300354273371,170300354274452,170300354279776,170300354279868,265650,93825840194560,4375639744,7,2732,1151,3838
170300362655378,170300362668549,170300362679498,170300362680658,170300362686103,170300362686197,265650,93825840194560,4375639744,7,2732,1151,3839
170300371003871,170300371018920,170300371030247,170300371031749,170300371039182,170300371039259,265650,93825840194560,4375639744,7,2732,1151,3840
170300379219300,170300379233047,170300379244006,170300379245750,170300379251630,170300379251711,265650,93825840194560,4375639744,7,2732,1151,3841
170300387636152,170300387648806,170300387659622,170300387660520,170300387665467,170300387665545,265650,93825840194560,4375639744,7,2732,1151,3842
170300395948154,170300395962079,170300395973224,170300395974496,170300395980637,170300395980715,265650,93825840194560,4375639744,7,2732,1151,3843
170300404244372,170300404257155,170300404268174,170300404269111,170300404274152,170300404274232,265650,93825840194560,4375639744,7,2732,1151,3844
170300412611640,170300412624304,170300412635278,170300412636113,170300412640923,170300412640993,265650,93825840194560,4375639744,7,2732,1151,3845
170300420978160,170300421010821,170300421022160,170300421023432,170300421030050,170300421030115,265650,93825840194560,4375639744,7,2732,1151,3846
170300429263958,170300429277778,170300429288793,170300429289875,170300429296659,170300429296747,265650,93825840194560,4375639744,7,2732,1151,3847
170300437627392,170300437640349,170300437651219,170300437652499,170300437658671,170300437658757,265650,93825840194560,4375639744,7,2732,1151,3848
170300445969213,170300445982196,170300445993139,170300445994031,170300445999162,170300445999233,265650,93825840194560,4375639744,7,2732,1151,3849
170300454211396,170300454223811,170300454234523,170300454235482,170300454241044,170300454241139,265650,93825840194560,4375639744,7,2732,1151,3850
170300462626971,170300462639818,170300462650747,170300462651979,170300462659750,170300462659874,265650,93825840194560,4375639744,7,2732,1151,3851
170300471022689,170300471035840,170300471046769,170300471048017,170300471055598,170300471055676,265650,93825840194560,4375639744,7,2732,1151,3852
170300479270360,170300479282999,170300479293899,170300479294829,170300479300322,170300479300396,265650,93825840194560,4375639744,7,2732,1151,3853
170300487653788,170300487666483,170300487677265,170300487678173,170300487684531,170300487684599,265650,93825840194560,4375639744,7,2732,1151,3854
170300496022358,170300496038949,170300496050457,170300496052241,170300496056543,170300496056651,265650,93825840194560,4375639744,7,2732,1151,3855
170300504382469,170300504424528,170300504435316,170300504436265,170300504441165,170300504441256,265650,93825840194560,4375639744,7,2732,1151,3856
170300512558530,170300512571442,170300512582202,170300512583190,170300512587965,170300512588055,265650,93825840194560,4375639744,7,2732,1151,3857
170300520965406,170300520982531,170300520994170,170300520995339,170300521002458,170300521002535,265650,93825840194560,4375639744,7,2732,1151,3858
170300529218962,170300529231741,170300529242739,170300529243816,170300529249994,170300529250070,265650,93825840194560,4375639744,7,2732,1151,3859
170300537695588,170300537726716,170300537737643,170300537738723,170300537745222,170300537745314,265650,93825840194560,4375639744,7,2732,1151,3860
170300545946948,170300545959625,170300545970898,170300545971782,170300545977906,170300545977976,265650,93825840194560,4375639744,7,2732,1151,3861
170300554318132,170300554330653,170300554341707,170300554342486,170300554348112,170300554348189,265650,93825840194560,4375639744,7,2732,1151,3862
170300562597369,170300562610664,170300562621276,170300562622459,170300562627680,170300562627752,265650,93825840194560,4375639744,7,2732,1151,3863
170300571027028,170300571069577,170300571080392,170300571081337,170300571085306,170300571085380,265650,93825840194560,4375639744,7,2732,1151,3864
170300579246862,170300579259480,170300579270283,170300579271190,170300579277151,170300579277228,265650,93825840194560,4375639744,7,2732,1151,3865
170300587630917,170300587643295,170300587653969,170300587654791,170300587659912,170300587659977,265650,93825840194560,4375639744,7,2732,1151,3866
170300595947022,170300595957067,170300595965488,170300595966470,170300595970459,170300595970519,265650,93825840194560,4375639744,7,2732,1151,3867
170300604220133,170300604234344,170300604245764,170300604246996,170300604253016,170300604253094,265650,93825840194560,4375639744,7,2732,1151,3868
170300612688774,170300612727975,170300612739237,170300612740195,170300612746171,170300612746245,265650,93825840194560,4375639744,7,2732,1151,3869
170300620953038,170300620965245,170300620976091,170300620977004,170300620982165,170300620982238,265650,93825840194560,4375639744,7,2732,1151,3870
170300629216232,170300629229037,170300629239911,170300629240804,170300629245695,170300629245762,265650,93825840194560,4375639744,7,2732,1151,3871
170300637628738,170300637641314,170300637652161,170300637653006,170300637659945,170300637660018,265650,93825840194560,4375639744,7,2732,1151,3872
170300646003288,170300646016404,170300646027370,170300646028333,170300646033620,170300646033696,265650,93825840194560,4375639744,7,2732,1151,3873
170300654288875,170300654301358,170300654312203,170300654313065,170300654318143,170300654318223,265650,93825840194560,4375639744,7,2732,1151,3874
170300662651741,170300662667428,170300662678061,170300662678901,170300662684227,170300662684291,265650,93825840194560,4375639744,7,2732,1151,3875
170300671120848,170300671188537,170300671200482,170300671202505,170300671207773,170300671207874,265650,93825840194560,4375639744,7,2732,1151,3876
170300679234468,170300679247544,170300679258407,170300679259445,170300679263761,170300679263848,265650,93825840194560,4375639744,7,2732,1151,3877
170300687690656,170300687703621,170300687714458,170300687715507,170300687721154,170300687721243,265650,93825840194560,4375639744,7,2732,1151,3878
170300696050645,170300696065620,170300696076442,170300696077925,170300696084531,170300696084623,265650,93825840194560,4375639744,7,2732,1151,3879
170300704271184,170300704285011,170300704296198,170300704297347,170300704301369,170300704301479,265650,93825840194560,4375639744,7,2732,1151,3880
170300712637591,170300712648355,170300712656890,170300712657941,170300712663175,170300712663244,265650,93825840194560,4375639744,7,2732,1151,3881
170300720976090,170300720989190,170300720999729,170300721003163,170300721008313,170300721008391,265650,93825840194560,4375639744,7,2732,1151,3882
170300729258413,170300729271333,170300729281930,170300729282878,170300729288707,170300729288796,265650,93825840194560,4375639744,7,2732,1151,3883
170300737597930,170300737610178,170300737619153,170300737620708,170300737626108,170300737626180,265650,93825840194560,4375639744,7,2732,1151,3884
170300745962147,170300745975266,170300745986490,170300745987539,170300745993980,170300745994064,265650,93825840194560,4375639744,7,2732,1151,3885
170300754261014,170300754274142,170300754285314,170300754286651,170300754291377,170300754291461,265650,93825840194560,4375639744,7,2732,1151,3886
170300762612862,170300762628082,170300762639354,170300762641083,170300762648912,170300762648997,265650,93825840194560,4375639744,7,2732,1151,3887
170300770988455,170300771016181,170300771028115,170300771031008,170300771037477,170300771037564,265650,93825840194560,4375639744,7,2732,1151,3888
170300779251641,170300779265294,170300779276924,170300779278289,170300779282981,170300779283076,265650,93825840194560,4375639744,7,2732,1151,3889
170300787693203,170300787705966,170300787717164,170300787718033,170300787722330,170300787722406,265650,93825840194560,4375639744,7,2732,1151,3890
170300796038167,170300796052987,170300796064392,170300796065788,170300796074356,170300796074442,265650,93825840194560,4375639744,7,2732,1151,3891
170300804241366,170300804255596,170300804267387,170300804268850,170300804276473,170300804276562,265650,93825840194560,4375639744,7,2732,1151,3892
170300812585006,170300812604215,170300812616131,170300812618632,170300812628310,170300812628408,265650,93825840194560,4375639744,7,2732,1151,3893
170300820897632,170300820911358,170300820923881,170300820926529,170300820931497,170300820931698,265650,93825840194560,4375639744,7,2732,1151,3894
170300829235853,170300829252812,170300829264117,170300829265951,170300829271709,170300829271776,265650,93825840194560,4375639744,7,2732,1151,3895
170300837614391,170300837631190,170300837642020,170300837644169,170300837653054,170300837653122,265650,93825840194560,4375639744,7,2732,1151,3896
170300845966223,170300845981394,170300845993757,170300845995197,170300846008104,170300846008192,265650,93825840194560,4375639744,7,2732,1151,3897
170300854258862,170300854272866,170300854284855,170300854285999,170300854292489,170300854292584,265650,93825840194560,4375639744,7,2732,1151,3898
170300862634230,170300862645342,170300862653820,170300862655142,170300862660899,170300862660961,265650,93825840194560,4375639744,7,2732,1151,3899
170300871048105,170300871060757,170300871071702,170300871072672,170300871080142,170300871080217,265650,93825840194560,4375639744,7,2732,1151,3900
170300879262444,170300879273272,170300879281647,170300879282425,170300879288733,170300879288790,265650,93825840194560,4375639744,7,2732,1151,3901
170300887609548,170300887622963,170300887634643,170300887635878,170300887643795,170300887643869,265650,93825840194560,4375639744,7,2732,1151,3902
170300895921748,170300895936158,170300895947677,170300895949116,170300895956691,170300895956766,265650,93825840194560,4375639744,7,2732,1151,3903
170300904294819,170300904308345,170300904319471,170300904320735,170300904327096,170300904327172,265650,93825840194560,4375639744,7,2732,1151,3904
170300912632531,170300912651678,170300912663507,170300912665999,170300912674908,170300912674989,265650,93825840194560,4375639744,7,2732,1151,3905
170300921121889,170300921135802,170300921147200,170300921148326,170300921153842,170300921153918,265650,93825840194560,4375639744,7,2732,1151,3906
170300929286365,170300929296990,170300929306084,170300929307270,170300929313773,170300929313834,265650,93825840194560,4375639744,7,2732,1151,3907
170300937660599,170300937674404,170300937685574,170300937686667,170300937692887,170300937692962,265650,93825840194560,4375639744,7,2732,1151,3908
170300945947344,170300945956939,170300945964798,170300945965476,170300945970224,170300945970278,265650,93825840194560,4375639744,7,2732,1151,3909
170300954239463,170300954252901,170300954263989,170300954265080,170300954270906,170300954270982,265650,93825840194560,4375639744,7,2732,1151,3910
170300962614581,170300962624417,170300962632258,170300962632955,170300962638505,170300962638558,265650,93825840194560,4375639744,7,2732,1151,3911
170300971021406,170300971034853,170300971045842,170300971047243,170300971054764,170300971054838,265650,93825840194560,4375639744,7,2732,1151,3912
170300979241132,170300979254151,170300979265030,170300979266029,170300979272070,170300979272140,265650,93825840194560,4375639744,7,2732,1151,3913
170300987643581,170300987653398,170300987661174,170300987661802,170300987666439,170300987666493,265650,93825840194560,4375639744,7,2732,1151,3914
170300995950986,170300995965542,170300995976965,170300995978090,170300995983523,170300995983581,265650,93825840194560,4375639744,7,2732,1151,3915
170301004342609,170301004357240,170301004368544,170301004369632,170301004375694,170301004375775,265650,93825840194560,4375639744,7,2732,1151,3916
170301012624551,170301012635202,170301012643642,170301012644489,170301012650389,170301012650450,265650,93825840194560,4375639744,7,2732,1151,3917
170301021054520,170301021067419,170301021078430,170301021079430,170301021084361,170301021084431,265650,93825840194560,4375639744,7,2732,1151,3918
170301029243869,170301029254332,170301029262597,170301029263679,170301029270112,170301029270173,265650,93825840194560,4375639744,7,2732,1151,3919
170301037648900,170301037662371,170301037673510,170301037674666,170301037680675,170301037680749,265650,93825840194560,4375639744,7,2732,1151,3920
170301046012966,170301046025779,170301046036925,170301046037941,170301046043621,170301046043694,265650,93825840194560,4375639744,7,2732,1151,3921
170301054297414,170301054309799,170301054320749,170301054321688,170301054326506,170301054326586,265650,93825840194560,4375639744,7,2732,1151,3922
170301062678931,170301062693456,170301062704497,170301062705727,170301062713499,170301062713571,265650,93825840194560,4375639744,7,2732,1151,3923
170301071066427,170301071079440,170301071090452,170301071091386,170301071095843,170301071095915,265650,93825840194560,4375639744,7,2732,1151,3924
170301079239928,170301079253134,170301079264150,170301079264902,170301079268724,170301079268798,265650,93825840194560,4375639744,7,2732,1151,3925
170301087631812,170301087644450,170301087655166,170301087655947,170301087661431,170301087661508,265650,93825840194560,4375639744,7,2732,1151,3926
170301095986169,170301095999216,170301096013940,170301096014874,170301096019876,170301096019941,265650,93825840194560,4375639744,7,2732,1151,3927
170301104244006,170301104257232,170301104267938,170301104268947,170301104273866,170301104273943,265650,93825840194560,4375639744,7,2732,1151,3928
170301112617331,170301112627887,170301112635863,170301112636975,170301112644232,170301112644284,265650,93825840194560,4375639744,7,2732,1151,3929
170301120965096,170301120983653,170301120995648,170301120998034,170301121008472,170301121008675,265650,93825840194560,4375639744,7,2732,1151,3930
170301129260307,170301129270791,170301129279622,170301129280699,170301129285468,170301129285525,265650,93825840194560,4375639744,7,2732,1151,3931
170301137663032,170301137677513,170301137689267,170301137690346,170301137696422,170301137696498,265650,93825840194560,4375639744,7,2732,1151,3932
170301145945260,170301145955295,170301145963067,170301145963812,170301145968254,170301145968308,265650,93825840194560,4375639744,7,2732,1151,3933
170301154294860,170301154307997,170301154319298,170301154320363,170301154326345,170301154326425,265650,93825840194560,4375639744,7,2732,1151,3934
170301162578809,170301162588763,170301162596528,170301162597434,170301162602891,170301162602941,265650,93825840194560,4375639744,7,2732,1151,3935
170301171057693,170301171070730,170301171081875,170301171082830,170301171087575,170301171087651,265650,93825840194560,4375639744,7,2732,1151,3936
170301179265688,170301179276070,170301179284370,170301179285354,170301179291189,170301179291245,265650,93825840194560,4375639744,7,2732,1151,3937
170301187711114,170301187723979,170301187734936,170301187736231,170301187743172,170301187743249,265650,93825840194560,4375639744,7,2732,1151,3938
170301196036460,170301196049579,170301196060495,170301196061874,170301196068666,170301196068738,265650,93825840194560,4375639744,7,2732,1151,3939
170301204249569,170301204262897,170301204274140,170301204275540,170301204281179,170301204281259,265650,93825840194560,4375639744,7,2732,1151,3940
170301212629036,170301212639064,170301212647316,170301212648174,170301212653796,170301212653852,265650,93825840194560,4375639744,7,2732,1151,3941
170301221029137,170301221043702,170301221055056,170301221056121,170301221060738,170301221060811,265650,93825840194560,4375639744,7,2732,1151,3942
170301229253186,170301229267251,170301229278463,170301229279727,170301229286997,170301229287076,265650,93825840194560,4375639744,7,2732,1151,3943
170301237755879,170301237768528,170301237779492,170301237780334,170301237785906,170301237785981,265650,93825840194560,4375639744,7,2732,1151,3944
170301245991929,170301246007959,170301246018964,170301246019930,170301246026897,170301246026970,265650,93825840194560,4375639744,7,2732,1151,3945
170301254291281,170301254305182,170301254316657,170301254317675,170301254325287,170301254325367,265650,93825840194560,4375639744,7,2732,1151,3946
170301262635849,170301262645977,170301262654211,170301262655325,170301262660515,170301262660570,265650,93825840194560,4375639744,7,2732,1151,3947
170301271076526,170301271089800,170301271101032,170301271102007,170301271109817,170301271109896,265650,93825840194560,4375639744,7,2732,1151,3948
170301279298084,170301279316619,170301279328392,170301279330827,170301279343152,170301279343228,265650,93825840194560,4375639744,7,2732,1151,3949
170301287713449,170301287732900,170301287745091,170301287747564,170301287755521,170301287755614,265650,93825840194560,4375639744,7,2732,1151,3950
170301295994623,170301296023706,170301296035606,170301296039254,170301296047969,170301296048033,265650,93825840194560,4375639744,7,2732,1151,3951
170301304265805,170301304282738,170301304293823,170301304295857,170301304305995,170301304306064,265650,93825840194560,4375639744,7,2732,1151,3952
170301312601504,170301312619600,170301312630953,170301312633384,170301312640966,170301312641020,265650,93825840194560,4375639744,7,2732,1151,3953
170301320977078,170301320992255,170301321005404,170301321007667,170301321014978,170301321015055,265650,93825840194560,4375639744,7,2732,1151,3954
170301329264190,170301329280825,170301329292005,170301329294087,170301329301830,170301329301884,265650,93825840194560,4375639744,7,2732,1151,3955
170301337640432,170301337662115,170301337673520,170301337676374,170301337683885,170301337683946,265650,93825840194560,4375639744,7,2732,1151,3956
170301345921536,170301345938926,170301345949589,170301345951404,170301345956404,170301345956454,265650,93825840194560,4375639744,7,2732,1151,3957
170301354258548,170301354275440,170301354286190,170301354288054,170301354293248,170301354293295,265650,93825840194560,4375639744,7,2732,1151,3958
170301362597858,170301362614663,170301362625568,170301362627246,170301362633796,170301362633854,265650,93825840194560,4375639744,7,2732,1151,3959
170301370977701,170301370994793,170301371008677,170301371010907,170301371016289,170301371016349,265650,93825840194560,4375639744,7,2732,1151,3960
170301379293804,170301379313143,170301379325305,170301379327791,170301379339630,170301379339723,265650,93825840194560,4375639744,7,2732,1151,3961
170301387654538,170301387671088,170301387682780,170301387684583,170301387691733,170301387691818,265650,93825840194560,4375639744,7,2732,1151,3962
170301395995561,170301396019997,170301396031284,170301396033848,170301396041465,170301396041545,265650,93825840194560,4375639744,7,2732,1151,3963
170301404272595,170301404290861,170301404302102,170301404304157,170301404312351,170301404312432,265650,93825840194560,4375639744,7,2732,1151,3964
170301412632517,170301412653925,170301412665707,170301412668804,170301412679592,170301412679658,265650,93825840194560,4375639744,7,2732,1151,3965
170301420951198,170301420972775,170301420985115,170301420987919,170301421007259,170301421007332,265650,93825840194560,4375639744,7,2732,1151,3966
170301429281757,170301429299958,170301429311124,170301429313173,170301429324410,170301429324487,265650,93825840194560,4375639744,7,2732,1151,3967
170301437674757,170301437692512,170301437704211,170301437707045,170301437716660,170301437716736,265650,93825840194560,4375639744,7,2732,1151,3968
170301446031107,170301446051416,170301446062203,170301446064787,170301446075715,170301446075784,265650,93825840194560,4375639744,7,2732,1151,3969
170301454270803,170301454288403,170301454300299,170301454302271,170301454309341,170301454309405,265650,93825840194560,4375639744,7,2732,1151,3970
170301462590302,170301462607437,170301462618780,170301462620947,170301462631136,170301462631228,265650,93825840194560,4375639744,7,2732,1151,3971
170301470977672,170301470995529,170301471009640,170301471011673,170301471018654,170301471018729,265650,93825840194560,4375639744,7,2732,1151,3972
170301479273005,170301479290948,170301479302942,170301479305004,170301479313318,170301479313399,265650,93825840194560,4375639744,7,2732,1151,3973
170301487643260,170301487660329,170301487671760,170301487673520,170301487680214,170301487680278,265650,93825840194560,4375639744,7,2732,1151,3974
170301496013850,170301496035026,170301496046956,170301496049692,170301496056435,170301496056510,265650,93825840194560,4375639744,7,2732,1151,3975
170301504275462,170301504293810,170301504304665,170301504306690,170301504313831,170301504313887,265650,93825840194560,4375639744,7,2732,1151,3976
170301512606820,170301512624838,170301512636392,170301512638577,170301512646758,170301512646810,265650,93825840194560,4375639744,7,2732,1151,3977
170301520934327,170301520948741,170301520959906,170301520961798,170301520971385,170301520971435,265650,93825840194560,4375639744,7,2732,1151,3978
170301529274343,170301529291790,170301529302531,170301529305652,170301529316120,170301529316170,265650,93825840194560,4375639744,7,2732,1151,3979
170301537657680,170301537673310,170301537684469,170301537686493,170301537691875,170301537691934,265650,93825840194560,4375639744,7,2732,1151,3980
170301545974447,170301545998681,170301546015619,170301546019343,170301546026849,170301546026940,265650,93825840194560,4375639744,7,2732,1151,3981
170301554274075,170301554290982,170301554301899,170301554304080,170301554310340,170301554310413,265650,93825840194560,4375639744,7,2732,1151,3982
170301562607761,170301562625645,170301562637103,170301562638918,170301562645639,170301562645684,265650,93825840194560,4375639744,7,2732,1151,3983
170301570963076,170301570985850,170301570998673,170301571005105,170301571015928,170301571016008,265650,93825840194560,4375639744,7,2732,1151,3984
170301579285149,170301579302565,170301579313863,170301579316041,170301579326712,170301579326762,265650,93825840194560,4375639744,7,2732,1151,3985
170301587822547,170301587840641,170301587852694,170301587854277,170301587860927,170301587861025,265650,93825840194560,4375639744,7,2732,1151,3986
170301596059590,170301596072388,170301596083536,170301596084622,170301596090720,170301596090809,265650,93825840194560,4375639744,7,2732,1151,3987
170301604409359,170301604482591,170301604493451,170301604494379,170301604500025,170301604500123,265650,93825840194560,4375639744,7,2732,1151,3988
170301612653002,170301612662805,170301612671108,170301612671893,170301612678685,170301612678758,265650,93825840194560,4375639744,7,2732,1151,3989
170301621030090,170301621043352,170301621054538,170301621055583,170301621062414,170301621062512,265650,93825840194560,4375639744,7,2732,1151,3990
170301629275109,170301629285087,170301629293241,170301629293955,170301629298988,170301629299056,265650,93825840194560,4375639744,7,2732,1151,3991
170301637685217,170301637698773,170301637710304,170301637711360,170301637719621,170301637719809,265650,93825840194560,4375639744,7,2732,1151,3992
170301646071297,170301646130864,170301646141802,170301646142717,170301646149164,170301646149240,265650,93825840194560,4375639744,7,2732,1151,3993
170301654292187,170301654312032,170301654326060,170301654329776,170301654341820,170301654341870,265650,93825840194560,4375639744,7,2732,1151,3994
170301662613485,170301662630381,170301662641428,170301662643213,170301662648480,170301662648533,265650,93825840194560,4375639744,7,2732,1151,3995
170301671046203,170301671059813,170301671071622,170301671072609,170301671077857,170301671077929,265650,93825840194560,4375639744,7,2732,1151,3996
170301679409665,170301679471961,170301679482694,170301679483574,170301679488259,170301679488333,265650,93825840194560,4375639744,7,2732,1151,3997
170301687713989,170301687727231,170301687738180,170301687739077,170301687746029,170301687746103,265650,93825840194560,4375639744,7,2732,1151,3998
170301696082780,170301696097115,170301696108551,170301696110039,170301696117458,170301696117529,265650,93825840194560,4375639744,7,2732,1151,3999
170301704278415,170301704288499,170301704297037,170301704297989,170301704303155,170301704303209,265650,93825840194560,4375639744,7,2732,1151,4000
170301712646317,170301712656399,170301712664731,170301712665711,170301712673500,170301712673564,265650,93825840194560,4375639744,7,2732,1151,4001
170301721159723,170301721183125,170301721194533,170301721195742,170301721201009,170301721201114,265650,93825840194560,4375639744,7,2732,1151,4002
170301729284992,170301729296935,170301729305726,170301729306924,170301729313579,170301729313658,265650,93825840194560,4375639744,7,2732,1151,4003
170301737758360,170301737772562,170301737784135,170301737785514,170301737791503,170301737791593,265650,93825840194560,4375639744,7,2732,1151,4004
170301746113179,170301746131791,170301746142512,170301746143488,170301746149268,170301746149355,265650,93825840194560,4375639744,7,2732,1151,4005
170301754404764,170301754428347,170301754439500,170301754440737,170301754446982,170301754447075,265650,93825840194560,4375639744,7,2732,1151,4006
170301762654169,170301762667168,170301762678366,170301762679501,170301762684478,170301762684558,265650,93825840194560,4375639744,7,2732,1151,4007
170301771064169,170301771077838,170301771088979,170301771090001,170301771094555,170301771094650,265650,93825840194560,4375639744,7,2732,1151,4008
170301779282723,170301779296211,170301779307452,170301779308602,170301779312387,170301779312479,265650,93825840194560,4375639744,7,2732,1151,4009
170301787699981,170301787714203,170301787725405,170301787726644,170301787732086,170301787732182,265650,93825840194560,4375639744,7,2732,1151,4010
170301795947688,170301795961536,170301795972525,170301795974001,170301795979008,170301795979100,265650,93825840194560,4375639744,7,2732,1151,4011
170301804317709,170301804330727,170301804341654,170301804342675,170301804347886,170301804347974,265650,93825840194560,4375639744,7,2732,1151,4012
170301812687001,170301812700033,170301812710844,170301812711754,170301812716588,170301812716673,265650,93825840194560,4375639744,7,2732,1151,4013
170301820981367,170301820991987,170301821004851,170301821005662,170301821010793,170301821010864,265650,93825840194560,4375639744,7,2732,1151,4014
170301829280919,170301829290691,170301829298553,170301829299228,170301829304010,170301829304070,265650,93825840194560,4375639744,7,2732,1151,4015
170301837743101,170301837755595,170301837766379,170301837767188,170301837773176,170301837773251,265650,93825840194560,4375639744,7,2732,1151,4016
170301846064191,170301846077206,170301846088041,170301846089302,170301846095270,170301846095341,265650,93825840194560,4375639744,7,2732,1151,4017
170301854279617,170301854292670,170301854303604,170301854304624,170301854308983,170301854309058,265650,93825840194560,4375639744,7,2732,1151,4018
170301862693059,170301862706011,170301862716641,170301862717604,170301862721589,170301862721672,265650,93825840194560,4375639744,7,2732,1151,4019
170301871041323,170301871053733,170301871064372,170301871065430,170301871070244,170301871070318,265650,93825840194560,4375639744,7,2732,1151,4020
170301879279234,170301879291943,170301879302582,170301879303332,170301879307654,170301879307730,265650,93825840194560,4375639744,7,2732,1151,4021
170301887722172,170301887735488,170301887746240,170301887747122,170301887753122,170301887753193,265650,93825840194560,4375639744,7,2732,1151,4022
170301896043922,170301896057654,170301896068890,170301896069926,170301896076472,170301896076548,265650,93825840194560,4375639744,7,2732,1151,4023
170301904282318,170301904295219,170301904306105,170301904306946,170301904312175,170301904312252,265650,93825840194560,4375639744,7,2732,1151,4024
170301912772369,170301912806098,170301912816946,170301912818153,170301912823155,170301912823227,265650,93825840194560,4375639744,7,2732,1151,4025
170301921105401,170301921151141,170301921161920,170301921162736,170301921167699,170301921167790,265650,93825840194560,4375639744,7,2732,1151,4026
170301929282311,170301929296046,170301929305748,170301929306487,170301929310641,170301929310703,265650,93825840194560,4375639744,7,2732,1151,4027
170301937685659,170301937698863,170301937709718,170301937710514,170301937715664,170301937715741,265650,93825840194560,4375639744,7,2732,1151,4028
170301946019613,170301946031812,170301946042455,170301946043258,170301946047669,170301946047763,265650,93825840194560,4375639744,7,2732,1151,4029
170301954382557,170301954392103,170301954399940,170301954400525,170301954405125,170301954405181,265650,93825840194560,4375639744,7,2732,1151,4030
170301962692455,170301962705063,170301962715866,170301962716696,170301962721842,170301962721914,265650,93825840194560,4375639744,7,2732,1151,4031
170301971069728,170301971082118,170301971092904,170301971093631,170301971098023,170301971098116,265650,93825840194560,4375639744,7,2732,1151,4032
170301979291980,170301979301338,170301979309380,170301979309955,170301979314366,170301979314413,265650,93825840194560,4375639744,7,2732,1151,4033
170301987626025,170301987635655,170301987667841,170301987668498,170301987672906,170301987672951,265650,93825840194560,4375639744,7,2732,1151,4034
170301995988935,170301996004542,170301996015413,170301996016584,170301996021873,170301996021954,265650,93825840194560,4375639744,7,2732,1151,4035
170302004350678,170302004364402,170302004375581,170302004377151,170302004384277,170302004384358,265650,93825840194560,4375639744,7,2732,1151,4036
170302012747947,170302012802094,170302012812978,170302012813959,170302012819321,170302012819398,265650,93825840194560,4375639744,7,2732,1151,4037
170302021087968,170302021108487,170302021121036,170302021123516,170302021132346,170302021132438,265650,93825840194560,4375639744,7,2732,1151,4038
170302029344326,170302029367010,170302029379097,170302029382375,170302029393884,170302029393943,265650,93825840194560,4375639744,7,2732,1151,4039
170302037690418,170302037706109,170302037717143,170302037719166,170302037727691,170302037727752,265650,93825840194560,4375639744,7,2732,1151,4040
170302046025208,170302046046608,170302046057356,170302046059450,170302046069897,170302046069975,265650,93825840194560,4375639744,7,2732,1151,4041
170302054312078,170302054334174,170302054345978,170302054349053,170302054359101,170302054359303,265650,93825840194560,4375639744,7,2732,1151,4042
170302062631296,170302062649019,170302062659866,170302062661691,170302062670755,170302062670799,265650,93825840194560,4375639744,7,2732,1151,4043
170302071040097,170302071055857,170302071066617,170302071068671,170302071086613,170302071086808,265650,93825840194560,4375639744,7,2732,1151,4044
170302079297524,170302079313774,170302079324610,170302079326205,170302079334421,170302079334485,265650,93825840194560,4375639744,7,2732,1151,4045
170302087695122,170302087717472,170302087729546,170302087732421,170302087742832,170302087742880,265650,93825840194560,4375639744,7,2732,1151,4046
170302096021279,170302096035409,170302096046663,170302096048716,170302096055442,170302096055506,265650,93825840194560,4375639744,7,2732,1151,4047
170302104300780,170302104321464,170302104334257,170302104336957,170302104349514,170302104349559,265650,93825840194560,4375639744,7,2732,1151,4048
170302112642640,170302112659257,170302112670372,170302112672196,170302112679938,170302112679998,265650,93825840194560,4375639744,7,2732,1151,4049
170302120981263,170302120997419,170302121011359,170302121012994,170302121019241,170302121019309,265650,93825840194560,4375639744,7,2732,1151,4050
170302129351789,170302129368583,170302129379184,170302129380761,170302129386151,170302129386203,265650,93825840194560,4375639744,7,2732,1151,4051
170302137707297,170302137726892,170302137739490,170302137742518,170302137752783,170302137752838,265650,93825840194560,4375639744,7,2732,1151,4052
170302146040495,170302146056684,170302146067501,170302146069342,170302146076524,170302146076572,265650,93825840194560,4375639744,7,2732,1151,4053
170302154302541,170302154320203,170302154331587,170302154333333,170302154339175,170302154339224,265650,93825840194560,4375639744,7,2732,1151,4054
170302162664465,170302162681253,170302162692204,170302162694395,170302162703181,170302162703245,265650,93825840194560,4375639744,7,2732,1151,4055
170302171033751,170302171050083,170302171061201,170302171063068,170302171068557,170302171068616,265650,93825840194560,4375639744,7,2732,1151,4056
170302179302809,170302179320666,170302179332243,170302179333999,170302179342061,170302179342108,265650,93825840194560,4375639744,7,2732,1151,4057
170302187689181,170302187705683,170302187716618,170302187718522,170302187725695,170302187725766,265650,93825840194560,4375639744,7,2732,1151,4058
170302196029031,170302196046579,170302196057918,170302196059994,170302196069979,170302196070058,265650,93825840194560,4375639744,7,2732,1151,4059
170302204317442,170302204334750,170302204347662,170302204350907,170302204366423,170302204366500,265650,93825840194560,4375639744,7,2732,1151,4060
170302212702512,170302212719297,170302212730329,170302212732394,170302212740590,170302212740649,265650,93825840194560,4375639744,7,2732,1151,4061
170302221032696,170302221049505,170302221060748,170302221062566,170302221070903,170302221070964,265650,93825840194560,4375639744,7,2732,1151,4062
170302229312270,170302229330183,170302229342082,170302229345041,170302229356028,170302229356072,265650,93825840194560,4375639744,7,2732,1151,4063
170302237706675,170302237729147,170302237740896,170302237745712,170302237758378,170302237758435,265650,93825840194560,4375639744,7,2732,1151,4064
170302246029209,170302246046602,170302246058267,170302246060428,170302246067700,170302246067769,265650,93825840194560,4375639744,7,2732,1151,4065
170302254319346,170302254340429,170302254352472,170302254355677,170302254365669,170302254365738,265650,93825840194560,4375639744,7,2732,1151,4066
170302262691025,170302262712089,170302262723704,170302262726479,170302262738202,170302262738264,265650,93825840194560,4375639744,7,2732,1151,4067
170302270971932,170302270989088,170302271004597,170302271007696,170302271015039,170302271015082,265650,93825840194560,4375639744,7,2732,1151,4068
170302279328887,170302279347466,170302279358725,170302279361012,170302279369150,170302279369222,265650,93825840194560,4375639744,7,2732,1151,4069
170302287652386,170302287670949,170302287682130,170302287684133,170302287694019,170302287694087,265650,93825840194560,4375639744,7,2732,1151,4070
170302296057245,170302296079000,170302296090925,170302296093792,170302296107268,170302296107335,265650,93825840194560,4375639744,7,2732,1151,4071
170302304373795,170302304396246,170302304408393,170302304411021,170302304426717,170302304426810,265650,93825840194560,4375639744,7,2732,1151,4072
170302312713027,170302312738898,170302312751248,170302312753990,170302312762607,170302312762681,265650,93825840194560,4375639744,7,2732,1151,4073
170302321018193,170302321041843,170302321053597,170302321055610,170302321063307,170302321063404,265650,93825840194560,4375639744,7,2732,1151,4074
170302329328710,170302329352212,170302329364935,170302329368295,170302329376480,170302329376555,265650,93825840194560,4375639744,7,2732,1151,4075
170302337660320,170302337678334,170302337689644,170302337692056,170302337700368,170302337700424,265650,93825840194560,4375639744,7,2732,1151,4076
170302346076898,170302346092313,170302346102589,170302346104644,170302346113071,170302346113154,265650,93825840194560,4375639744,7,2732,1151,4077
170302354339731,170302354353905,170302354362984,170302354364730,170302354371592,170302354371661,265650,93825840194560,4375639744,7,2732,1151,4078
170302362672816,170302362684262,170302362692972,170302362694864,170302362702004,170302362702086,265650,93825840194560,4375639744,7,2732,1151,4079
170302371165915,170302371185698,170302371198589,170302371201050,170302371212267,170302371212384,265650,93825840194560,4375639744,7,2732,1151,4080
170302379360360,170302379375229,170302379384703,170302379386489,170302379393737,170302379393826,265650,93825840194560,4375639744,7,2732,1151,4081
170302387758666,170302387773385,170302387785482,170302387787544,170302387796246,170302387796368,265650,93825840194560,4375639744,7,2732,1151,4082
170302396015168,170302396027608,170302396036911,170302396038437,170302396044646,170302396044721,265650,93825840194560,4375639744,7,2732,1151,4083
170302404351175,170302404361312,170302404369321,170302404370701,170302404377413,170302404377486,265650,93825840194560,4375639744,7,2732,1151,4084
170302412787055,170302412889873,170302412900688,170302412901751,170302412908650,170302412908728,265650,93825840194560,4375639744,7,2732,1151,4085
170302421111415,170302421124091,170302421134993,170302421136111,170302421141579,170302421141654,265650,93825840194560,4375639744,7,2732,1151,4086
170302429313043,170302429323464,170302429331915,170302429332750,170302429338716,170302429338770,265650,93825840194560,4375639744,7,2732,1151,4087
170302437818546,170302437868621,170302437879782,170302437880831,170302437888481,170302437888561,265650,93825840194560,4375639744,7,2732,1151,4088
170302446085078,170302446097383,170302446108070,170302446109031,170302446114485,170302446114556,265650,93825840194560,4375639744,7,2732,1151,4089
170302454360245,170302454373111,170302454383824,170302454384858,170302454392047,170302454392120,265650,93825840194560,4375639744,7,2732,1151,4090
170302462677979,170302462688242,170302462696661,170302462697404,170302462701708,170302462701764,265650,93825840194560,4375639744,7,2732,1151,4091
170302471019580,170302471029850,170302471038007,170302471038833,170302471044095,170302471044147,265650,93825840194560,4375639744,7,2732,1151,4092
170302479444071,170302479459191,170302479470809,170302479472383,170302479478841,170302479478948,265650,93825840194560,4375639744,7,2732,1151,4093
170302487758440,170302487772266,170302487783677,170302487784825,170302487791075,170302487791170,265650,93825840194560,4375639744,7,2732,1151,4094
170302496073723,170302496083744,170302496091768,170302496092522,170302496097332,170302496097395,265650,93825840194560,4375639744,7,2732,1151,4095
170302504322486,170302504335829,170302504346920,170302504347891,170302504354225,170302504354312,265650,93825840194560,4375639744,7,2732,1151,4096
170302512764150,170302512777255,170302512788350,170302512789826,170302512796891,170302512796979,265650,93825840194560,4375639744,7,2732,1151,4097
170302521155323,170302521174024,170302521185017,170302521186319,170302521190430,170302521190517,265650,93825840194560,4375639744,7,2732,1151,4098
170302529331424,170302529342396,170302529350723,170302529351431,170302529356073,170302529356141,265650,93825840194560,4375639744,7,2732,1151,4099
170302537808684,170302537822646,170302537833739,170302537834858,170302537840548,170302537840631,265650,93825840194560,4375639744,7,2732,1151,4100
170302546071725,170302546082035,170302546090268,170302546091012,170302546095361,170302546095426,265650,93825840194560,4375639744,7,2732,1151,4101
170302554424052,170302554440015,170302554451657,170302554452942,170302554461028,170302554461106,265650,93825840194560,4375639744,7,2732,1151,4102
170302562759089,170302562772324,170302562783236,170302562784367,170302562792598,170302562792667,265650,93825840194560,4375639744,7,2732,1151,4103
170302571033386,170302571046553,170302571057505,170302571058536,170302571064420,170302571064499,265650,93825840194560,4375639744,7,2732,1151,4104
170302579329323,170302579339842,170302579348008,170302579348882,170302579355133,170302579355189,265650,93825840194560,4375639744,7,2732,1151,4105
170302587872650,170302587889316,170302587900866,170302587902093,170302587907105,170302587907195,265650,93825840194560,4375639744,7,2732,1151,4106
170302596124466,170302596137264,170302596148469,170302596149516,170302596153733,170302596153825,265650,93825840194560,4375639744,7,2732,1151,4107
170302604320427,170302604333763,170302604344881,170302604345804,170302604350447,170302604350528,265650,93825840194560,4375639744,7,2732,1151,4108
170302612730832,170302612741345,170302612749664,170302612750476,170302612754387,170302612754446,265650,93825840194560,4375639744,7,2732,1151,4109
170302621038790,170302621048514,170302621056495,170302621057168,170302621061160,170302621061219,265650,93825840194560,4375639744,7,2732,1151,4110
170302629370307,170302629383085,170302629394004,170302629394976,170302629398569,170302629398653,265650,93825840194560,4375639744,7,2732,1151,4111
170302637758466,170302637773835,170302637784884,170302637786128,170302637792752,170302637792819,265650,93825840194560,4375639744,7,2732,1151,4112
170302646109470,170302646122880,170302646133765,170302646134832,170302646141877,170302646141951,265650,93825840194560,4375639744,7,2732,1151,4113
170302654417795,170302654430629,170302654441379,170302654442337,170302654447698,170302654447874,265650,93825840194560,4375639744,7,2732,1151,4114
170302662764335,170302662806191,170302662816948,170302662817976,170302662822979,170302662823055,265650,93825840194560,4375639744,7,2732,1151,4115
170302671130921,170302671144208,170302671154782,170302671155924,170302671161608,170302671161677,265650,93825840194560,4375639744,7,2732,1151,4116
170302679328783,170302679338551,170302679346427,170302679347175,170302679351918,170302679351974,265650,93825840194560,4375639744,7,2732,1151,4117
170302687808567,170302687821089,170302687831909,170302687833177,170302687840046,170302687840123,265650,93825840194560,4375639744,7,2732,1151,4118
170302696157558,170302696179303,170302696190204,170302696191004,170302696207232,170302696207299,265650,93825840194560,4375639744,7,2732,1151,4119
170302704388491,170302704401016,170302704411856,170302704412772,170302704418590,170302704418665,265650,93825840194560,4375639744,7,2732,1151,4120
170302712671903,170302712686071,170302712697448,170302712699136,170302712707261,170302712707338,265650,93825840194560,4375639744,7,2732,1151,4121
170302721160090,170302721194548,170302721205525,170302721206427,170302721211272,170302721211339,265650,93825840194560,4375639744,7,2732,1151,4122
170302729380707,170302729392128,170302729400000,170302729400781,170302729405070,170302729405126,265650,93825840194560,4375639744,7,2732,1151,4123
170302737790611,170302737803699,170302737814677,170302737815946,170302737822147,170302737822219,265650,93825840194560,4375639744,7,2732,1151,4124
170302746092139,170302746106207,170302746117105,170302746118381,170302746124976,170302746125052,265650,93825840194560,4375639744,7,2732,1151,4125
170302754356554,170302754366725,170302754375118,170302754376113,170302754380193,170302754380250,265650,93825840194560,4375639744,7,2732,1151,4126
170302762816981,170302762851415,170302762862065,170302762863192,170302762868686,170302762868757,265650,93825840194560,4375639744,7,2732,1151,4127
170302771146434,170302771161591,170302771173785,170302771175596,170302771182678,170302771182786,265650,93825840194560,4375639744,7,2732,1151,4128
170302779363031,170302779373669,170302779382061,170302779383156,170302779391068,170302779391140,265650,93825840194560,4375639744,7,2732,1151,4129
170302787715671,170302787728984,170302787739765,170302787740841,170302787746505,170302787746602,265650,93825840194560,4375639744,7,2732,1151,4130
170302796110181,170302796123428,170302796134481,170302796135583,170302796140505,170302796140663,265650,93825840194560,4375639744,7,2732,1151,4131
170302804373849,170302804383464,170302804391677,170302804392304,170302804397386,170302804397440,265650,93825840194560,4375639744,7,2732,1151,4132
170302812787922,170302812803360,170302812815062,170302812816368,170302812822406,170302812822497,265650,93825840194560,4375639744,7,2732,1151,4133
170302821089257,170302821102517,170302821113585,170302821114889,170302821119696,170302821119792,265650,93825840194560,4375639744,7,2732,1151,4134
170302829382534,170302829392778,170302829401108,170302829401782,170302829405998,170302829406065,265650,93825840194560,4375639744,7,2732,1151,4135
170302837790420,170302837802970,170302837813770,170302837814678,170302837820165,170302837820257,265650,93825840194560,4375639744,7,2732,1151,4136
170302846014281,170302846026282,170302846035556,170302846036591,170302846040945,170302846041007,265650,93825840194560,4375639744,7,2732,1151,4137
170302854349617,170302854359347,170302854367587,170302854368391,170302854373256,170302854373316,265650,93825840194560,4375639744,7,2732,1151,4138
170302862814049,170302862866029,170302862876938,170302862878218,170302862883579,170302862883654,265650,93825840194560,4375639744,7,2732,1151,4139
170302871091099,170302871103472,170302871114595,170302871115376,170302871121281,170302871121359,265650,93825840194560,4375639744,7,2732,1151,4140
170302879389236,170302879480747,170302879543379,170302879544208,170302879548510,170302879548580,265650,93825840194560,4375639744,7,2732,1151,4141
170302887776807,170302887789864,170302887800704,170302887801686,170302887807926,170302887807999,265650,93825840194560,4375639744,7,2732,1151,4142
170302896106414,170302896119440,170302896130441,170302896131194,170302896136933,170302896137006,265650,93825840194560,4375639744,7,2732,1151,4143
170302904392820,170302904403450,170302904412077,170302904412756,170302904427446,170302904427506,265650,93825840194560,4375639744,7,2732,1151,4144
170302912768403,170302912781638,170302912792763,170302912793848,170302912799279,170302912799353,265650,93825840194560,4375639744,7,2732,1151,4145
170302921137216,170302921150233,170302921161223,170302921162220,170302921168387,170302921168459,265650,93825840194560,4375639744,7,2732,1151,4146
170302929372005,170302929385063,170302929396289,170302929397111,170302929402142,170302929402219,265650,93825840194560,4375639744,7,2732,1151,4147
170302937753907,170302937766194,170302937777116,170302937777869,170302937783285,170302937783367,265650,93825840194560,4375639744,7,2732,1151,4148
170302946133817,170302946146915,170302946157948,170302946158654,170302946164909,170302946164983,265650,93825840194560,4375639744,7,2732,1151,4149
170302954381193,170302954391762,170302954400636,170302954401295,170302954406382,170302954406446,265650,93825840194560,4375639744,7,2732,1151,4150
170302962721350,170302962731127,170302962738947,170302962739562,170302962743518,170302962743574,265650,93825840194560,4375639744,7,2732,1151,4151
170302971114149,170302971127250,170302971138248,170302971139095,170302971144947,170302971145022,265650,93825840194560,4375639744,7,2732,1151,4152
170302979374532,170302979384683,170302979392440,170302979393384,170302979400085,170302979400138,265650,93825840194560,4375639744,7,2732,1151,4153
170302987782179,170302987795093,170302987806130,170302987807201,170302987813829,170302987813905,265650,93825840194560,4375639744,7,2732,1151,4154
170302996102944,170302996115279,170302996126197,170302996127002,170302996132327,170302996132401,265650,93825840194560,4375639744,7,2732,1151,4155
170303004467260,170303004513374,170303004524489,170303004525609,170303004531301,170303004531384,265650,93825840194560,4375639744,7,2732,1151,4156
170303012716609,170303012729457,170303012740461,170303012741483,170303012746589,170303012746669,265650,93825840194560,4375639744,7,2732,1151,4157
170303021112577,170303021125178,170303021136342,170303021137224,170303021142609,170303021142680,265650,93825840194560,4375639744,7,2732,1151,4158
170303029455865,170303029469027,170303029480343,170303029481267,170303029485687,170303029485764,265650,93825840194560,4375639744,7,2732,1151,4159
170303037772504,170303037787678,170303037798705,170303037801638,170303037807904,170303037807979,265650,93825840194560,4375639744,7,2732,1151,4160
170303046135299,170303046145255,170303046153098,170303046153786,170303046158360,170303046158413,265650,93825840194560,4375639744,7,2732,1151,4161
170303054387085,170303054397049,170303054405508,170303054406246,170303054411082,170303054411136,265650,93825840194560,4375639744,7,2732,1151,4162
170303062750343,170303062765668,170303062774609,170303062776150,170303062782183,170303062782259,265650,93825840194560,4375639744,7,2732,1151,4163
170303071180158,170303071193230,170303071204285,170303071205249,170303071211221,170303071211311,265650,93825840194560,4375639744,7,2732,1151,4164
170303079352480,170303079363330,170303079372090,170303079373192,170303079379208,170303079379282,265650,93825840194560,4375639744,7,2732,1151,4165
170303087848096,170303087862005,170303087873022,170303087874559,170303087881002,170303087881095,265650,93825840194560,4375639744,7,2732,1151,4166
170303096139726,170303096152907,170303096163999,170303096165373,170303096171343,170303096171436,265650,93825840194560,4375639744,7,2732,1151,4167
170303104450434,170303104463225,170303104474259,170303104475322,170303104481095,170303104481188,265650,93825840194560,4375639744,7,2732,1151,4168
170303112770648,170303112784240,170303112795170,170303112796637,170303112802826,170303112802916,265650,93825840194560,4375639744,7,2732,1151,4169
170303121185197,170303121204206,170303121215231,170303121216363,170303121220693,170303121220772,265650,93825840194560,4375639744,7,2732,1151,4170
170303129429082,170303129441646,170303129449777,170303129451001,170303129461172,170303129461226,265650,93825840194560,4375639744,7,2732,1151,4171
170303137840065,170303137890080,170303137901102,170303137902341,170303137908212,170303137908289,265650,93825840194560,4375639744,7,2732,1151,4172
170303146143747,170303146153560,170303146161792,170303146162861,170303146167214,170303146167373,265650,93825840194560,4375639744,7,2732,1151,4173
170303154464456,170303154529463,170303154540324,170303154541694,170303154547342,170303154547424,265650,93825840194560,4375639744,7,2732,1151,4174
170303162820734,170303162884344,170303162895081,170303162896194,170303162900717,170303162900794,265650,93825840194560,4375639744,7,2732,1151,4175
170303171136086,170303171148123,170303171158793,170303171159649,170303171163573,170303171163649,265650,93825840194560,4375639744,7,2732,1151,4176
170303179390445,170303179400209,170303179407987,170303179408574,170303179412957,170303179412998,265650,93825840194560,4375639744,7,2732,1151,4177
170303187790773,170303187855560,170303187866204,170303187867074,170303187873549,170303187873623,265650,93825840194560,4375639744,7,2732,1151,4178
170303196175206,170303196216490,170303196227280,170303196228039,170303196233335,170303196233413,265650,93825840194560,4375639744,7,2732,1151,4179
170303204477975,170303204528025,170303204538854,170303204539648,170303204544536,170303204544612,265650,93825840194560,4375639744,7,2732,1151,4180
170303212768405,170303212780804,170303212791050,170303212791861,170303212797790,170303212797881,265650,93825840194560,4375639744,7,2732,1151,4181
170303221129017,170303221142483,170303221152899,170303221153742,170303221159205,170303221159368,265650,93825840194560,4375639744,7,2732,1151,4182
170303229425169,170303229435190,170303229443042,170303229443639,170303229447570,170303229447621,265650,93825840194560,4375639744,7,2732,1151,4183
170303237821218,170303237914930,170303237926003,170303237927144,170303237935144,170303237935220,265650,93825840194560,4375639744,7,2732,1151,4184
170303246128885,170303246140783,170303246151327,170303246152040,170303246157445,170303246157514,265650,93825840194560,4375639744,7,2732,1151,4185
170303254556046,170303254577446,170303254589289,170303254591196,170303254601073,170303254601160,265650,93825840194560,4375639744,7,2732,1151,4186
170303262819841,170303262832819,170303262843660,170303262844775,170303262850008,170303262850081,265650,93825840194560,4375639744,7,2732,1151,4187
170303271168399,170303271191638,170303271202564,170303271203510,170303271208757,170303271208828,265650,93825840194560,4375639744,7,2732,1151,4188
170303279426822,170303279437844,170303279446197,170303279447476,170303279455154,170303279455209,265650,93825840194560,4375639744,7,2732,1151,4189
170303287723488,170303287738029,170303287749482,170303287750573,170303287756290,170303287756366,265650,93825840194560,4375639744,7,2732,1151,4190
170303296114260,170303296125158,170303296132820,170303296133737,170303296139209,170303296139258,265650,93825840194560,4375639744,7,2732,1151,4191
170303304459231,170303304550409,170303304562721,170303304563714,170303304571435,170303304571514,265650,93825840194560,4375639744,7,2732,1151,4192
170303312788775,170303312801049,170303312811539,170303312812592,170303312818998,170303312819073,265650,93825840194560,4375639744,7,2732,1151,4193
170303321185358,170303321200414,170303321212972,170303321214425,170303321222781,170303321222877,265650,93825840194560,4375639744,7,2732,1151,4194
170303329389241,170303329404086,170303329415636,170303329419186,170303329424228,170303329424305,265650,93825840194560,4375639744,7,2732,1151,4195
170303337837955,170303337856969,170303337868829,170303337871221,170303337881231,170303337881313,265650,93825840194560,4375639744,7,2732,1151,4196
170303346046518,170303346064205,170303346075535,170303346077752,170303346086140,170303346086225,265650,93825840194560,4375639744,7,2732,1151,4197
170303354416606,170303354432819,170303354444256,170303354446110,170303354451388,170303354451468,265650,93825840194560,4375639744,7,2732,1151,4198
170303362712392,170303362730009,170303362740824,170303362742850,170303362751135,170303362751197,265650,93825840194560,4375639744,7,2732,1151,4199
170303371067849,170303371086469,170303371097714,170303371100191,170303371112459,170303371112535,265650,93825840194560,4375639744,7,2732,1151,4200
170303379395733,170303379414745,170303379425386,170303379427602,170303379436333,170303379436389,265650,93825840194560,4375639744,7,2732,1151,4201
170303387716736,170303387739925,170303387752318,170303387755424,170303387765748,170303387765806,265650,93825840194560,4375639744,7,2732,1151,4202
170303396097987,170303396115544,170303396126387,170303396128440,170303396137267,170303396137325,265650,93825840194560,4375639744,7,2732,1151,4203
170303404418148,170303404438026,170303404450502,170303404453090,170303404463542,170303404463604,265650,93825840194560,4375639744,7,2732,1151,4204
170303412735212,170303412756565,170303412767773,170303412769869,170303412779507,170303412779573,265650,93825840194560,4375639744,7,2732,1151,4205
170303421046761,170303421062626,170303421074247,170303421076324,170303421081995,170303421082057,265650,93825840194560,4375639744,7,2732,1151,4206
170303429423469,170303429446986,170303429458795,170303429461771,170303429474471,170303429474520,265650,93825840194560,4375639744,7,2732,1151,4207
170303437770717,170303437793482,170303437805604,170303437809066,170303437820780,170303437820840,265650,93825840194560,4375639744,7,2732,1151,4208
170303446075330,170303446092994,170303446104035,170303446106183,170303446114526,170303446114589,265650,93825840194560,4375639744,7,2732,1151,4209
170303454378071,170303454395766,170303454406765,170303454408769,170303454414911,170303454414979,265650,93825840194560,4375639744,7,2732,1151,4210
170303462756554,170303462781708,170303462793302,170303462796372,170303462806082,170303462806141,265650,93825840194560,4375639744,7,2732,1151,4211
170303471100755,170303471119837,170303471131204,170303471133831,170303471142744,170303471142815,265650,93825840194560,4375639744,7,2732,1151,4212
170303479441589,170303479464976,170303479477042,170303479480213,170303479489726,170303479489781,265650,93825840194560,4375639744,7,2732,1151,4213
170303487753711,170303487770624,170303487782093,170303487784016,170303487788307,170303487788493,265650,93825840194560,4375639744,7,2732,1151,4214
170303496099760,170303496117789,170303496128945,170303496131050,170303496137532,170303496137597,265650,93825840194560,4375639744,7,2732,1151,4215
170303504459092,170303504479842,170303504490842,170303504493196,170303504497477,170303504497522,265650,93825840194560,4375639744,7,2732,1151,4216
170303512748776,170303512772780,170303512785405,170303512788606,170303512796140,170303512796198,265650,93825840194560,4375639744,7,2732,1151,4217
170303521101196,170303521118652,170303521129946,170303521132190,170303521139850,170303521139895,265650,93825840194560,4375639744,7,2732,1151,4218
170303529433344,170303529456672,170303529468924,170303529471944,170303529484254,170303529484301,265650,93825840194560,4375639744,7,2732,1151,4219
170303537782246,170303537803824,170303537816309,170303537819197,170303537833901,170303537833949,265650,93825840194560,4375639744,7,2732,1151,4220
170303546114182,170303546132108,170303546143360,170303546145373,170303546153818,170303546153876,265650,93825840194560,4375639744,7,2732,1151,4221
170303554440377,170303554459242,170303554470537,170303554472134,170303554479835,170303554480037,265650,93825840194560,4375639744,7,2732,1151,4222
170303562771368,170303562790798,170303562801734,170303562803618,170303562812788,170303562812847,265650,93825840194560,4375639744,7,2732,1151,4223
170303571067285,170303571084154,170303571095518,170303571097651,170303571102817,170303571102872,265650,93825840194560,4375639744,7,2732,1151,4224
170303579418472,170303579437831,170303579449788,170303579451989,170303579458705,170303579458806,265650,93825840194560,4375639744,7,2732,1151,4225
170303587789866,170303587812565,170303587824406,170303587827563,170303587836018,170303587836225,265650,93825840194560,4375639744,7,2732,1151,4226
170303596074454,170303596092100,170303596103183,170303596105269,170303596114749,170303596114809,265650,93825840194560,4375639744,7,2732,1151,4227
170303604389796,170303604407726,170303604419163,170303604421023,170303604427596,170303604427665,265650,93825840194560,4375639744,7,2732,1151,4228
170303612725912,170303612743216,170303612754271,170303612756429,170303612764827,170303612764884,265650,93825840194560,4375639744,7,2732,1151,4229
170303621108131,170303621124444,170303621135300,170303621138062,170303621144501,170303621144575,265650,93825840194560,4375639744,7,2732,1151,4230
170303629386076,170303629403263,170303629414071,170303629416084,170303629420915,170303629420982,265650,93825840194560,4375639744,7,2732,1151,4231
170303637791293,170303637807923,170303637818826,170303637820983,170303637824999,170303637825045,265650,93825840194560,4375639744,7,2732,1151,4232
170303646076796,170303646094120,170303646105227,170303646107110,170303646114658,170303646114716,265650,93825840194560,4375639744,7,2732,1151,4233
170303654431827,170303654448968,170303654460187,170303654462173,170303654465934,170303654465995,265650,93825840194560,4375639744,7,2732,1151,4234
170303662728850,170303662746847,170303662757992,170303662759869,170303662765363,170303662765419,265650,93825840194560,4375639744,7,2732,1151,4235
170303671111944,170303671129361,170303671140822,170303671143093,170303671148085,170303671148139,265650,93825840194560,4375639744,7,2732,1151,4236
170303679449050,170303679465495,170303679476942,170303679479259,170303679483190,170303679483244,265650,93825840194560,4375639744,7,2732,1151,4237
170303687789423,170303687812544,170303687824796,170303687827784,170303687835026,170303687835087,265650,93825840194560,4375639744,7,2732,1151,4238
170303696140798,170303696159066,170303696170153,170303696172286,170303696181578,170303696181646,265650,93825840194560,4375639744,7,2732,1151,4239
170303704449592,170303704467331,170303704478787,170303704480817,170303704486125,170303704486186,265650,93825840194560,4375639744,7,2732,1151,4240
170303712738339,170303712755690,170303712767213,170303712769345,170303712775962,170303712776016,265650,93825840194560,4375639744,7,2732,1151,4241
170303721123065,170303721145769,170303721157707,170303721161218,170303721169181,170303721169226,265650,93825840194560,4375639744,7,2732,1151,4242
170303729481287,170303729504239,170303729515839,170303729517825,170303729525920,170303729525977,265650,93825840194560,4375639744,7,2732,1151,4243
170303737794775,170303737812013,170303737823341,170303737825425,170303737830467,170303737830510,265650,93825840194560,4375639744,7,2732,1151,4244
170303746139349,170303746155192,170303746166250,170303746168189,170303746175567,170303746175635,265650,93825840194560,4375639744,7,2732,1151,4245
170303754413282,170303754432323,170303754443623,170303754445681,170303754458645,170303754458743,265650,93825840194560,4375639744,7,2732,1151,4246
170303762806546,170303762824626,170303762836327,170303762838406,170303762844574,170303762844661,265650,93825840194560,4375639744,7,2732,1151,4247
170303771065351,170303771081595,170303771092519,170303771094958,170303771102446,170303771102524,265650,93825840194560,4375639744,7,2732,1151,4248
170303779472651,170303779490684,170303779501842,170303779504079,170303779511571,170303779511637,265650,93825840194560,4375639744,7,2732,1151,4249
170303787781834,170303787798987,170303787810624,170303787813970,170303787820547,170303787820611,265650,93825840194560,4375639744,7,2732,1151,4250
170303796101492,170303796118614,170303796129980,170303796132104,170303796136709,170303796136764,265650,93825840194560,4375639744,7,2732,1151,4251
170303804410411,170303804427936,170303804439060,170303804440932,170303804445819,170303804445882,265650,93825840194560,4375639744,7,2732,1151,4252
170303812788422,170303812805235,170303812816125,170303812818107,170303812823189,170303812823245,265650,93825840194560,4375639744,7,2732,1151,4253
170303821096291,170303821113478,170303821124747,170303821126590,170303821130615,170303821130658,265650,93825840194560,4375639744,7,2732,1151,4254
170303829407779,170303829425493,170303829436555,170303829438817,170303829444840,170303829444882,265650,93825840194560,4375639744,7,2732,1151,4255
170303837764553,170303837788450,170303837801246,170303837804077,170303837812388,170303837812445,265650,93825840194560,4375639744,7,2732,1151,4256
170303846119118,170303846136803,170303846148336,170303846150444,170303846155394,170303846155437,265650,93825840194560,4375639744,7,2732,1151,4257
170303854431571,170303854448609,170303854460003,170303854462108,170303854466230,170303854466293,265650,93825840194560,4375639744,7,2732,1151,4258
170303862745462,170303862763041,170303862775274,170303862778399,170303862785827,170303862785890,265650,93825840194560,4375639744,7,2732,1151,4259
170303871118061,170303871140509,170303871153053,170303871155906,170303871166441,170303871166708,265650,93825840194560,4375639744,7,2732,1151,4260
170303879427723,170303879445397,170303879456842,170303879458807,170303879464145,170303879464207,265650,93825840194560,4375639744,7,2732,1151,4261
170303887796705,170303887814317,170303887825909,170303887828366,170303887836509,170303887836600,265650,93825840194560,4375639744,7,2732,1151,4262
170303896095590,170303896112676,170303896123947,170303896125912,170303896129868,170303896129951,265650,93825840194560,4375639744,7,2732,1151,4263
170303904453879,170303904471226,170303904482298,170303904484069,170303904488552,170303904488626,265650,93825840194560,4375639744,7,2732,1151,4264
170303912754404,170303912776606,170303912788615,170303912791132,170303912800021,170303912800100,265650,93825840194560,4375639744,7,2732,1151,4265
170303921072919,170303921089796,170303921100804,170303921102615,170303921110412,170303921110483,265650,93825840194560,4375639744,7,2732,1151,4266
170303929468157,170303929486294,170303929497190,170303929499268,170303929506232,170303929506285,265650,93825840194560,4375639744,7,2732,1151,4267
170303937830179,170303937854081,170303937866232,170303937868947,170303937882178,170303937882239,265650,93825840194560,4375639744,7,2732,1151,4268
170303946133724,170303946150309,170303946161407,170303946163252,170303946170548,170303946170613,265650,93825840194560,4375639744,7,2732,1151,4269
170303954410636,170303954427967,170303954439187,170303954441253,170303954446091,170303954446144,265650,93825840194560,4375639744,7,2732,1151,4270
170303962766918,170303962784621,170303962796016,170303962798185,170303962803812,170303962803854,265650,93825840194560,4375639744,7,2732,1151,4271
170303971081278,170303971100403,170303971111750,170303971114237,170303971121243,170303971121339,265650,93825840194560,4375639744,7,2732,1151,4272
170303979474999,170303979493022,170303979504592,170303979506890,170303979512599,170303979512688,265650,93825840194560,4375639744,7,2732,1151,4273
170303987804731,170303987821403,170303987832564,170303987834384,170303987844905,170303987844977,265650,93825840194560,4375639744,7,2732,1151,4274
170303996126302,170303996143939,170303996155796,170303996157955,170303996165766,170303996165854,265650,93825840194560,4375639744,7,2732,1151,4275
170304004429267,170304004446505,170304004457907,170304004460274,170304004471309,170304004471357,265650,93825840194560,4375639744,7,2732,1151,4276
170304012763133,170304012781032,170304012792221,170304012794295,170304012804946,170304012805014,265650,93825840194560,4375639744,7,2732,1151,4277
170304021103821,170304021120415,170304021131287,170304021133475,170304021139147,170304021139224,265650,93825840194560,4375639744,7,2732,1151,4278
170304029458203,170304029473719,170304029485071,170304029487249,170304029494450,170304029494504,265650,93825840194560,4375639744,7,2732,1151,4279
170304037763953,170304037781900,170304037793156,170304037795315,170304037806132,170304037806197,265650,93825840194560,4375639744,7,2732,1151,4280
170304046060724,170304046078628,170304046089917,170304046091960,170304046101616,170304046101685,265650,93825840194560,4375639744,7,2732,1151,4281
170304054423832,170304054441772,170304054452545,170304054454702,170304054462457,170304054462528,265650,93825840194560,4375639744,7,2732,1151,4282
170304062839684,170304062857309,170304062868181,170304062870414,170304062876364,170304062876417,265650,93825840194560,4375639744,7,2732,1151,4283
170304071117485,170304071132559,170304071143442,170304071145376,170304071149107,170304071149274,265650,93825840194560,4375639744,7,2732,1151,4284
170304079472713,170304079489502,170304079500949,170304079503999,170304079517064,170304079517121,265650,93825840194560,4375639744,7,2732,1151,4285
170304087758534,170304087775550,170304087786714,170304087788722,170304087796325,170304087796379,265650,93825840194560,4375639744,7,2732,1151,4286
170304096114119,170304096137543,170304096149407,170304096152208,170304096169829,170304096169875,265650,93825840194560,4375639744,7,2732,1151,4287
170304104469439,170304104487103,170304104498551,170304104500479,170304104509366,170304104509412,265650,93825840194560,4375639744,7,2732,1151,4288
170304112773135,170304112789576,170304112800515,170304112802680,170304112812279,170304112812334,265650,93825840194560,4375639744,7,2732,1151,4289
170304121072325,170304121088703,170304121099927,170304121101799,170304121110316,170304121110384,265650,93825840194560,4375639744,7,2732,1151,4290
170304129494065,170304129517391,170304129529211,170304129532197,170304129540820,170304129540863,265650,93825840194560,4375639744,7,2732,1151,4291
170304137812568,170304137829515,170304137840444,170304137842057,170304137848920,170304137848975,265650,93825840194560,4375639744,7,2732,1151,4292
170304146122413,170304146147263,170304146159102,170304146161936,170304146169947,170304146170018,265650,93825840194560,4375639744,7,2732,1151,4293
170304154431192,170304154448203,170304154459110,170304154461220,170304154467920,170304154467964,265650,93825840194560,4375639744,7,2732,1151,4294
170304162775817,170304162793290,170304162804842,170304162807798,170304162823574,170304162823638,265650,93825840194560,4375639744,7,2732,1151,4295
170304171121423,170304171140419,170304171151889,170304171153913,170304171160472,170304171160523,265650,93825840194560,4375639744,7,2732,1151,4296
170304179489489,170304179507806,170304179519130,170304179521943,170304179535579,170304179535632,265650,93825840194560,4375639744,7,2732,1151,4297
170304187834126,170304187858523,170304187869937,170304187871932,170304187879254,170304187879321,265650,93825840194560,4375639744,7,2732,1151,4298
170304196130954,170304196149164,170304196160704,170304196162494,170304196173184,170304196173263,265650,93825840194560,4375639744,7,2732,1151,4299
170304204492393,170304204511051,170304204522122,170304204523876,170304204532354,170304204532400,265650,93825840194560,4375639744,7,2732,1151,4300
170304212828363,170304212845951,170304212856657,170304212858531,170304212864447,170304212864489,265650,93825840194560,4375639744,7,2732,1151,4301
170304221128725,170304221151922,170304221163797,170304221166934,170304221177841,170304221177902,265650,93825840194560,4375639744,7,2732,1151,4302
170304229501242,170304229523960,170304229535862,170304229538781,170304229545655,170304229545718,265650,93825840194560,4375639744,7,2732,1151,4303
170304237821167,170304237836721,170304237848292,170304237850335,170304237861307,170304237861373,265650,93825840194560,4375639744,7,2732,1151,4304
170304246061925,170304246077757,170304246088918,170304246090990,170304246102349,170304246102395,265650,93825840194560,4375639744,7,2732,1151,4305
170304254447493,170304254464346,170304254475228,170304254476890,170304254485957,170304254486016,265650,93825840194560,4375639744,7,2732,1151,4306
170304262838027,170304262855446,170304262866559,170304262868261,170304262874223,170304262874276,265650,93825840194560,4375639744,7,2732,1151,4307
170304271115064,170304271131774,170304271143537,170304271145249,170304271151298,170304271151367,265650,93825840194560,4375639744,7,2732,1151,4308
170304279510956,170304279532085,170304279543901,170304279546816,170304279562814,170304279562937,265650,93825840194560,4375639744,7,2732,1151,4309
170304287788070,170304287805577,170304287816949,170304287819397,170304287829387,170304287829439,265650,93825840194560,4375639744,7,2732,1151,4310
170304296152567,170304296176822,170304296189071,170304296191301,170304296201316,170304296201381,265650,93825840194560,4375639744,7,2732,1151,4311
170304304659020,170304304679634,170304304691102,170304304693836,170304304706218,170304304706365,265650,93825840194560,4375639744,7,2732,1151,4312
170304312791387,170304312810984,170304312822204,170304312824298,170304312834084,170304312834184,265650,93825840194560,4375639744,7,2732,1151,4313
170304321126882,170304321144170,170304321155555,170304321157497,170304321163549,170304321163643,265650,93825840194560,4375639744,7,2732,1151,4314
170304329517252,170304329536815,170304329548298,170304329549900,170304329557642,170304329557708,265650,93825840194560,4375639744,7,2732,1151,4315
170304337843535,170304337861380,170304337872970,170304337875315,170304337888898,170304337889116,265650,93825840194560,4375639744,7,2732,1151,4316
170304346125956,170304346144241,170304346155537,170304346157352,170304346168095,170304346168175,265650,93825840194560,4375639744,7,2732,1151,4317
170304354450675,170304354469378,170304354480770,170304354482771,170304354491241,170304354491303,265650,93825840194560,4375639744,7,2732,1151,4318
170304362790118,170304362813987,170304362826054,170304362828739,170304362838308,170304362838361,265650,93825840194560,4375639744,7,2732,1151,4319
170304371143560,170304371162372,170304371174089,170304371176884,170304371187578,170304371187643,265650,93825840194560,4375639744,7,2732,1151,4320
170304379507479,170304379524683,170304379535868,170304379538080,170304379549147,170304379549207,265650,93825840194560,4375639744,7,2732,1151,4321
170304387803086,170304387819972,170304387831341,170304387833472,170304387841866,170304387841910,265650,93825840194560,4375639744,7,2732,1151,4322
170304396150112,170304396169402,170304396181356,170304396183928,170304396193751,170304396193828,265650,93825840194560,4375639744,7,2732,1151,4323
170304404500352,170304404522727,170304404534750,170304404537142,170304404551806,170304404551909,265650,93825840194560,4375639744,7,2732,1151,4324
170304412814107,170304412834289,170304412846285,170304412848626,170304412859209,170304412859305,265650,93825840194560,4375639744,7,2732,1151,4325
170304421157035,170304421178029,170304421190318,170304421193069,170304421208322,170304421208420,265650,93825840194560,4375639744,7,2732,1151,4326
170304429491112,170304429511364,170304429523457,170304429526299,170304429536523,170304429536619,265650,93825840194560,4375639744,7,2732,1151,4327
170304437855790,170304437883611,170304437897240,170304437900700,170304437915544,170304437915639,265650,93825840194560,4375639744,7,2732,1151,4328
170304446152818,170304446172115,170304446183644,170304446186284,170304446196487,170304446196570,265650,93825840194560,4375639744,7,2732,1151,4329
170304454519305,170304454538983,170304454550832,170304454553062,170304454565531,170304454565596,265650,93825840194560,4375639744,7,2732,1151,4330
170304462818171,170304462843326,170304462856085,170304462859392,170304462870774,170304462870866,265650,93825840194560,4375639744,7,2732,1151,4331
170304471129190,170304471145871,170304471157104,170304471159184,170304471168908,170304471168984,265650,93825840194560,4375639744,7,2732,1151,4332
170304479463880,170304479481514,170304479492946,170304479494830,170304479504736,170304479504802,265650,93825840194560,4375639744,7,2732,1151,4333
170304487845610,170304487861785,170304487873079,170304487875349,170304487885605,170304487885671,265650,93825840194560,4375639744,7,2732,1151,4334
170304496142531,170304496159868,170304496170941,170304496173201,170304496184046,170304496184106,265650,93825840194560,4375639744,7,2732,1151,4335
170304504498749,170304504515242,170304504526076,170304504528188,170304504535438,170304504535510,265650,93825840194560,4375639744,7,2732,1151,4336
170304512792056,170304512809292,170304512820424,170304512822318,170304512828189,170304512828255,265650,93825840194560,4375639744,7,2732,1151,4337
170304521140086,170304521158830,170304521170329,170304521172606,170304521177727,170304521177789,265650,93825840194560,4375639744,7,2732,1151,4338
170304529471138,170304529486475,170304529498064,170304529499959,170304529503986,170304529504041,265650,93825840194560,4375639744,7,2732,1151,4339
170304537932576,170304537947850,170304537959661,170304537960996,170304537970204,170304537970295,265650,93825840194560,4375639744,7,2732,1151,4340
170304546261753,170304546275576,170304546286928,170304546288176,170304546295534,170304546295628,265650,93825840194560,4375639744,7,2732,1151,4341
170304554591981,170304554615022,170304554626279,170304554627205,170304554633120,170304554633213,265650,93825840194560,4375639744,7,2732,1151,4342
170304562913422,170304562932660,170304562944471,170304562946808,170304562953706,170304562953829,265650,93825840194560,4375639744,7,2732,1151,4343
170304571269738,170304571287300,170304571298979,170304571300192,170304571304572,170304571304669,265650,93825840194560,4375639744,7,2732,1151,4344
170304579587898,170304579602296,170304579613237,170304579614582,170304579619069,170304579619171,265650,93825840194560,4375639744,7,2732,1151,4345
170304587876334,170304587889549,170304587900547,170304587901588,170304587907639,170304587907727,265650,93825840194560,4375639744,7,2732,1151,4346
170304596242639,170304596255607,170304596266376,170304596267389,170304596272602,170304596272682,265650,93825840194560,4375639744,7,2732,1151,4347
170304604579579,170304604592397,170304604603087,170304604603938,170304604608811,170304604608881,265650,93825840194560,4375639744,7,2732,1151,4348
170304612833377,170304612843210,170304612851383,170304612852307,170304612856554,170304612856604,265650,93825840194560,4375639744,7,2732,1151,4349
170304621121882,170304621133059,170304621141957,170304621142728,170304621146133,170304621146193,265650,93825840194560,4375639744,7,2732,1151,4350
170304629548059,170304629558728,170304629566821,170304629567788,170304629572621,170304629572677,265650,93825840194560,4375639744,7,2732,1151,4351
170304637833700,170304637847042,170304637857718,170304637858745,170304637863429,170304637863502,265650,93825840194560,4375639744,7,2732,1151,4352
170304646146868,170304646165137,170304646177098,170304646178758,170304646183611,170304646183698,265650,93825840194560,4375639744,7,2732,1151,4353
170304654579617,170304654635121,170304654646530,170304654647901,170304654655818,170304654655915,265650,93825840194560,4375639744,7,2732,1151,4354
170304662952973,170304662966379,170304662977649,170304662978702,170304662984672,170304662984768,265650,93825840194560,4375639744,7,2732,1151,4355
170304671197934,170304671210478,170304671221535,170304671222380,170304671227266,170304671227357,265650,93825840194560,4375639744,7,2732,1151,4356
170304679554454,170304679564042,170304679572043,170304679572849,170304679579640,170304679579699,265650,93825840194560,4375639744,7,2732,1151,4357
170304687953422,170304687985511,170304687996715,170304687997873,170304688007304,170304688007403,265650,93825840194560,4375639744,7,2732,1151,4358
170304696198918,170304696208396,170304696216731,170304696217546,170304696222353,170304696222407,265650,93825840194560,4375639744,7,2732,1151,4359
170304704700716,170304704714024,170304704725313,170304704726240,170304704732415,170304704732490,265650,93825840194560,4375639744,7,2732,1151,4360
170304712854533,170304712864946,170304712873865,170304712874770,170304712880080,170304712880140,265650,93825840194560,4375639744,7,2732,1151,4361
170304721221649,170304721233924,170304721244825,170304721245921,170304721251005,170304721251079,265650,93825840194560,4375639744,7,2732,1151,4362
170304729626835,170304729660051,170304729671156,170304729672225,170304729678729,170304729678802,265650,93825840194560,4375639744,7,2732,1151,4363
170304737907140,170304737920117,170304737931020,170304737931966,170304737938073,170304737938144,265650,93825840194560,4375639744,7,2732,1151,4364
170304746222046,170304746234136,170304746244910,170304746245861,170304746251186,170304746251261,265650,93825840194560,4375639744,7,2732,1151,4365
170304754596767,170304754629773,170304754640543,170304754641850,170304754648159,170304754648241,265650,93825840194560,4375639744,7,2732,1151,4366
170304762936730,170304762949210,170304762960045,170304762960896,170304762966628,170304762966703,265650,93825840194560,4375639744,7,2732,1151,4367
170304771158512,170304771173577,170304771182501,170304771183572,170304771188262,170304771188337,265650,93825840194560,4375639744,7,2732,1151,4368
170304779558288,170304779569940,170304779578486,170304779579667,170304779584630,170304779584699,265650,93825840194560,4375639744,7,2732,1151,4369
170304787901192,170304787915059,170304787926424,170304787927757,170304787931747,170304787931832,265650,93825840194560,4375639744,7,2732,1151,4370
170304796254868,170304796269234,170304796280677,170304796282238,170304796287219,170304796287309,265650,93825840194560,4375639744,7,2732,1151,4371
170304804651146,170304804677419,170304804688674,170304804689670,170304804695884,170304804695966,265650,93825840194560,4375639744,7,2732,1151,4372
170304812902070,170304812992544,170304813006761,170304813007670,170304813013120,170304813013200,265650,93825840194560,4375639744,7,2732,1151,4373
170304821200829,170304821213689,170304821224825,170304821225676,170304821230020,170304821230097,265650,93825840194560,4375639744,7,2732,1151,4374
170304829582271,170304829595312,170304829606169,170304829607259,170304829613612,170304829613689,265650,93825840194560,4375639744,7,2732,1151,4375
170304837884552,170304837898396,170304837909601,170304837910908,170304837917963,170304837918036,265650,93825840194560,4375639744,7,2732,1151,4376
170304846328048,170304846358752,170304846369735,170304846371010,170304846376183,170304846376275,265650,93825840194560,4375639744,7,2732,1151,4377
170304854497312,170304854507478,170304854515678,170304854517025,170304854522970,170304854523048,265650,93825840194560,4375639744,7,2732,1151,4378
170304862908089,170304862922144,170304862933469,170304862934557,170304862940614,170304862940704,265650,93825840194560,4375639744,7,2732,1151,4379
170304871188909,170304871201344,170304871212189,170304871213195,170304871218361,170304871218446,265650,93825840194560,4375639744,7,2732,1151,4380
170304879617768,170304879630701,170304879641710,170304879642632,170304879648425,170304879648499,265650,93825840194560,4375639744,7,2732,1151,4381
170304887898666,170304887911532,170304887922466,170304887923467,170304887929335,170304887929410,265650,93825840194560,4375639744,7,2732,1151,4382
170304896254400,170304896267678,170304896278446,170304896279439,170304896285615,170304896285688,265650,93825840194560,4375639744,7,2732,1151,4383
170304904568456,170304904579175,170304904588010,170304904588817,170304904593999,170304904594060,265650,93825840194560,4375639744,7,2732,1151,4384
170304912973018,170304913002774,170304913013664,170304913014561,170304913019721,170304913019794,265650,93825840194560,4375639744,7,2732,1151,4385
170304921218551,170304921231368,170304921242128,170304921243120,170304921248462,170304921248538,265650,93825840194560,4375639744,7,2732,1151,4386
170304929627424,170304929640583,170304929651502,170304929652476,170304929658445,170304929658515,265650,93825840194560,4375639744,7,2732,1151,4387
170304937873380,170304937886264,170304937897192,170304937898271,170304937904653,170304937904725,265650,93825840194560,4375639744,7,2732,1151,4388
170304946315327,170304946329202,170304946340575,170304946342257,170304946351228,170304946351306,265650,93825840194560,4375639744,7,2732,1151,4389
170304954555098,170304954564551,170304954572157,170304954573002,170304954577528,170304954577581,265650,93825840194560,4375639744,7,2732,1151,4390
170304962899839,170304962912598,170304962923183,170304962924519,170304962929311,170304962929386,265650,93825840194560,4375639744,7,2732,1151,4391
170304971147148,170304971160264,170304971170954,170304971171928,170304971177413,170304971177486,265650,93825840194560,4375639744,7,2732,1151,4392
170304979477834,170304979488241,170304979496523,170304979497362,170304979502213,170304979502265,265650,93825840194560,4375639744,7,2732,1151,4393
170304987898054,170304987911708,170304987922475,170304987923436,170304987928738,170304987928815,265650,93825840194560,4375639744,7,2732,1151,4394
170304996185154,170304996198416,170304996209234,170304996210154,170304996214465,170304996214542,265650,93825840194560,4375639744,7,2732,1151,4395
170305004570909,170305004584394,170305004593682,170305004595315,170305004602437,170305004602506,265650,93825840194560,4375639744,7,2732,1151,4396
170305012877827,170305012895548,170305012906956,170305012909214,170305012921055,170305012921152,265650,93825840194560,4375639744,7,2732,1151,4397
170305021171521,170305021189290,170305021200621,170305021203066,170305021209732,170305021209802,265650,93825840194560,4375639744,7,2732,1151,4398
170305029510248,170305029534554,170305029546296,170305029549547,170305029559541,170305029559635,265650,93825840194560,4375639744,7,2732,1151,4399
170305037848128,170305037869959,170305037882335,170305037885597,170305037894502,170305037894768,265650,93825840194560,4375639744,7,2732,1151,4400
170305046156861,170305046174425,170305046186650,170305046189861,170305046199361,170305046199456,265650,93825840194560,4375639744,7,2732,1151,4401
170305054543718,170305054564454,170305054575756,170305054578087,170305054584492,170305054584556,265650,93825840194560,4375639744,7,2732,1151,4402
170305062828162,170305062845956,170305062857304,170305062858966,170305062866851,170305062866933,265650,93825840194560,4375639744,7,2732,1151,4403
170305071156707,170305071174213,170305071185801,170305071187764,170305071193305,170305071193378,265650,93825840194560,4375639744,7,2732,1151,4404
170305079556478,170305079576638,170305079588946,170305079592119,170305079600124,170305079600197,265650,93825840194560,4375639744,7,2732,1151,4405
170305087825891,170305087842774,170305087853441,170305087855537,170305087875146,170305087875201,265650,93825840194560,4375639744,7,2732,1151,4406
170305096275987,170305096290898,170305096302757,170305096304494,170305096309405,170305096309491,265650,93825840194560,4375639744,7,2732,1151,4407
170305104649903,170305104700400,170305104711434,170305104712463,170305104717824,170305104717927,265650,93825840194560,4375639744,7,2732,1151,4408
170305112883858,170305112896955,170305112907848,170305112909177,170305112913577,170305112913667,265650,93825840194560,4375639744,7,2732,1151,4409
170305121281005,170305121294888,170305121305955,170305121307294,170305121312913,170305121313018,265650,93825840194560,4375639744,7,2732,1151,4410
170305129563286,170305129574063,170305129582404,170305129583133,170305129587832,170305129587905,265650,93825840194560,4375639744,7,2732,1151,4411
170305137952015,170305137983902,170305137994901,170305137996102,170305138004429,170305138004515,265650,93825840194560,4375639744,7,2732,1151,4412
170305146224111,170305146244616,170305146256656,170305146259037,170305146269188,170305146269270,265650,93825840194560,4375639744,7,2732,1151,4413
170305154625606,170305154639601,170305154651258,170305154652348,170305154657792,170305154657875,265650,93825840194560,4375639744,7,2732,1151,4414
170305162890611,170305162909586,170305162921668,170305162924123,170305162931424,170305162931504,265650,93825840194560,4375639744,7,2732,1151,4415
170305171225509,170305171242172,170305171253541,170305171255394,170305171265907,170305171265987,265650,93825840194560,4375639744,7,2732,1151,4416
170305179522645,170305179533986,170305179542748,170305179543828,170305179548071,170305179548125,265650,93825840194560,4375639744,7,2732,1151,4417
170305187910809,170305187930812,170305187942228,170305187944590,170305187955215,170305187955312,265650,93825840194560,4375639744,7,2732,1151,4418
170305196181316,170305196199197,170305196210692,170305196213255,170305196221065,170305196221170,265650,93825840194560,4375639744,7,2732,1151,4419
170305204565503,170305204588570,170305204601087,170305204604394,170305204613315,170305204613387,265650,93825840194560,4375639744,7,2732,1151,4420
170305212837585,170305212854761,170305212865646,170305212867587,170305212877597,170305212877645,265650,93825840194560,4375639744,7,2732,1151,4421
170305221165921,170305221184811,170305221196291,170305221198289,170305221205140,170305221205190,265650,93825840194560,4375639744,7,2732,1151,4422
170305229510198,170305229528705,170305229540024,170305229542095,170305229550350,170305229550411,265650,93825840194560,4375639744,7,2732,1151,4423
170305237864984,170305237882710,170305237893925,170305237895844,170305237902967,170305237903013,265650,93825840194560,4375639744,7,2732,1151,4424
170305246170443,170305246186800,170305246197890,170305246199647,170305246206519,170305246206720,265650,93825840194560,4375639744,7,2732,1151,4425
170305254507830,170305254530858,170305254544074,170305254546935,170305254553650,170305254553708,265650,93825840194560,4375639744,7,2732,1151,4426
170305262847437,170305262866520,170305262878732,170305262880851,170305262889557,170305262889643,265650,93825840194560,4375639744,7,2732,1151,4427
170305271172806,170305271191022,170305271202360,170305271204554,170305271208817,170305271208887,265650,93825840194560,4375639744,7,2732,1151,4428
170305279539999,170305279564380,170305279577375,170305279580836,170305279590292,170305279590349,265650,93825840194560,4375639744,7,2732,1151,4429
170305287851449,170305287869680,170305287881331,170305287883576,170305287889199,170305287889309,265650,93825840194560,4375639744,7,2732,1151,4430
170305296204370,170305296222962,170305296234612,170305296237243,170305296243081,170305296243180,265650,93825840194560,4375639744,7,2732,1151,4431
170305304550143,170305304571747,170305304583514,170305304585621,170305304595818,170305304595933,265650,93825840194560,4375639744,7,2732,1151,4432
170305312886218,170305312902982,170305312914160,170305312916263,170305312926862,170305312926946,265650,93825840194560,4375639744,7,2732,1151,4433
170305321173540,170305321190924,170305321202126,170305321204345,170305321212880,170305321212941,265650,93825840194560,4375639744,7,2732,1151,4434
170305329528991,170305329546019,170305329557784,170305329559716,170305329570859,170305329570913,265650,93825840194560,4375639744,7,2732,1151,4435
170305337909777,170305337927632,170305337939018,170305337941542,170305337951417,170305337951483,265650,93825840194560,4375639744,7,2732,1151,4436
170305346181848,170305346197584,170305346209000,170305346210743,170305346219445,170305346219505,265650,93825840194560,4375639744,7,2732,1151,4437
170305354554182,170305354567971,170305354578800,170305354580554,170305354588305,170305354588368,265650,93825840194560,4375639744,7,2732,1151,4438
170305362858620,170305362874274,170305362887033,170305362890256,170305362902613,170305362902672,265650,93825840194560,4375639744,7,2732,1151,4439
170305371205048,170305371224867,170305371236368,170305371238830,170305371253018,170305371253099,265650,93825840194560,4375639744,7,2732,1151,4440
170305379543354,170305379561911,170305379575638,170305379577913,170305379588440,170305379588531,265650,93825840194560,4375639744,7,2732,1151,4441
170305387848992,170305387862076,170305387873332,170305387875580,170305387881563,170305387881662,265650,93825840194560,4375639744,7,2732,1151,4442
170305396177550,170305396192821,170305396203801,170305396205695,170305396213322,170305396213400,265650,93825840194560,4375639744,7,2732,1151,4443
170305406598859,170305406610598,170305406621994,170305406624487,170305406627919,170305406628009,265650,93825840194560,4375639744,7,2732,1151,4444
170305414935967,170305414957423,170305414970136,170305414974930,170305414988524,170305414988608,265650,93825840194560,4375639744,7,2732,1151,4445
170305423239804,170305423257461,170305423268872,170305423271175,170305423276415,170305423276495,265650,93825840194560,4375639744,7,2732,1151,4446
170305433843767,170305433855718,170305433872991,170305433875448,170305433880106,170305433880191,265650,93825840194560,4375639744,7,2732,1151,4447
170305442251142,170305442268204,170305442282849,170305442286085,170305442291660,170305442291755,265650,93825840194560,4375639744,7,2732,1151,4448
170305450562089,170305450579105,170305450590602,170305450592491,170305450599006,170305450599075,265650,93825840194560,4375639744,7,2732,1151,4449
170305462309162,170305462322465,170305462331226,170305462333197,170305462337945,170305462338009,265650,93825840194560,4375639744,7,2732,1151,4450
170305470649314,170305470669302,170305470680998,170305470683681,170305470689283,170305470689371,265650,93825840194560,4375639744,7,2732,1151,4451
170305485295456,170305485307666,170305485316975,170305485319336,170305485323416,170305485323482,265650,93825840194560,4375639744,7,2732,1151,4452
170305493700308,170305493713454,170305493725027,170305493726377,170305493732183,170305493732271,265650,93825840194560,4375639744,7,2732,1151,4453
170305501936621,170305501947535,170305501955694,170305501956617,170305501963335,170305501963408,265650,93825840194560,4375639744,7,2732,1151,4454
170305510353851,170305510368471,170305510379936,170305510381742,170305510387884,170305510387982,265650,93825840194560,4375639744,7,2732,1151,4455
170305518621615,170305518631786,170305518640115,170305518640996,170305518645594,170305518645654,265650,93825840194560,4375639744,7,2732,1151,4456
170305526999201,170305527014596,170305527025744,170305527027133,170305527033327,170305527033411,265650,93825840194560,4375639744,7,2732,1151,4457
170305535227845,170305535241160,170305535252451,170305535253506,170305535258907,170305535258981,265650,93825840194560,4375639744,7,2732,1151,4458
170305543647931,170305543660973,170305543671809,170305543673088,170305543680231,170305543680307,265650,93825840194560,4375639744,7,2732,1151,4459
170305552012276,170305552024717,170305552035687,170305552037010,170305552042267,170305552042345,265650,93825840194560,4375639744,7,2732,1151,4460
170305560287367,170305560302305,170305560313832,170305560315219,170305560322500,170305560322585,265650,93825840194560,4375639744,7,2732,1151,4461
170305568620281,170305568641218,170305568653399,170305568655799,170305568663581,170305568663775,265650,93825840194560,4375639744,7,2732,1151,4462
170305576981668,170305577008133,170305577021102,170305577024354,170305577036261,170305577036348,265650,93825840194560,4375639744,7,2732,1151,4463
170305585243887,170305585262199,170305585273644,170305585275848,170305585285398,170305585285581,265650,93825840194560,4375639744,7,2732,1151,4464
170305593637729,170305593658372,170305593670873,170305593674020,170305593688812,170305593688885,265650,93825840194560,4375639744,7,2732,1151,4465
170305601963268,170305601981827,170305601992911,170305601995518,170305602010334,170305602010398,265650,93825840194560,4375639744,7,2732,1151,4466
170305610263556,170305610284023,170305610296453,170305610299340,170305610309927,170305610310031,265650,93825840194560,4375639744,7,2732,1151,4467
170305618608178,170305618630155,170305618642397,170305618645832,170305618656176,170305618656225,265650,93825840194560,4375639744,7,2732,1151,4468
170305626971070,170305626994783,170305627013027,170305627016169,170305627023278,170305627023332,265650,93825840194560,4375639744,7,2732,1151,4469
170305635256630,170305635274371,170305635285661,170305635287821,170305635294563,170305635294635,265650,93825840194560,4375639744,7,2732,1151,4470
170305643640314,170305643658134,170305643669831,170305643672018,170305643679481,170305643679600,265650,93825840194560,4375639744,7,2732,1151,4471
170305651949366,170305651967515,170305651978770,170305651980774,170305651987481,170305651987538,265650,93825840194560,4375639744,7,2732,1151,4472
170305660250661,170305660267622,170305660278490,170305660280675,170305660289021,170305660289098,265650,93825840194560,4375639744,7,2732,1151,4473
170305668630718,170305668647963,170305668659499,170305668661501,170305668666731,170305668666781,265650,93825840194560,4375639744,7,2732,1151,4474
170305676965609,170305676987403,170305676999076,170305677005550,170305677013085,170305677013135,265650,93825840194560,4375639744,7,2732,1151,4475
170305685248465,170305685265041,170305685276265,170305685278042,170305685285549,170305685285595,265650,93825840194560,4375639744,7,2732,1151,4476
170305693636679,170305693654526,170305693665111,170305693666968,170305693673084,170305693673138,265650,93825840194560,4375639744,7,2732,1151,4477
170305701973142,170305701988429,170305702005284,170305702007606,170305702017728,170305702017800,265650,93825840194560,4375639744,7,2732,1151,4478
170305710239790,170305710255828,170305710266614,170305710268583,170305710272663,170305710272709,265650,93825840194560,4375639744,7,2732,1151,4479
170305718604448,170305718628231,170305718640933,170305718644287,170305718649760,170305718649816,265650,93825840194560,4375639744,7,2732,1151,4480
170305726915466,170305726932893,170305726943925,170305726945953,170305726953109,170305726953189,265650,93825840194560,4375639744,7,2732,1151,4481
170305735249479,170305735267947,170305735279290,170305735281921,170305735286148,170305735286240,265650,93825840194560,4375639744,7,2732,1151,4482
170305743617617,170305743641168,170305743652563,170305743654674,170305743660889,170305743660947,265650,93825840194560,4375639744,7,2732,1151,4483
170305751987161,170305752016427,170305752028491,170305752031353,170305752039488,170305752039555,265650,93825840194560,4375639744,7,2732,1151,4484
170305760251164,170305760268703,170305760280058,170305760281890,170305760286524,170305760286584,265650,93825840194560,4375639744,7,2732,1151,4485
170305768627558,170305768644479,170305768656323,170305768658796,170305768668355,170305768668415,265650,93825840194560,4375639744,7,2732,1151,4486
170305776978103,170305776999963,170305777014827,170305777017055,170305777028031,170305777028102,265650,93825840194560,4375639744,7,2732,1151,4487
170305785285590,170305785309655,170305785322040,170305785325333,170305785331584,170305785331649,265650,93825840194560,4375639744,7,2732,1151,4488
170305793644982,170305793661852,170305793672786,170305793674807,170305793681177,170305793681247,265650,93825840194560,4375639744,7,2732,1151,4489
170305801978878,170305801995410,170305802009265,170305802011336,170305802018770,170305802018819,265650,93825840194560,4375639744,7,2732,1151,4490
170305810259005,170305810276474,170305810287374,170305810289492,170305810295373,170305810295443,265650,93825840194560,4375639744,7,2732,1151,4491
170305818627417,170305818648393,170305818661002,170305818663691,170305818673583,170305818673768,265650,93825840194560,4375639744,7,2732,1151,4492
170305826975445,170305826998770,170305827016099,170305827019009,170305827032745,170305827032811,265650,93825840194560,4375639744,7,2732,1151,4493
170305835255237,170305835271083,170305835282097,170305835283871,170305835288807,170305835288894,265650,93825840194560,4375639744,7,2732,1151,4494
170305843654110,170305843672467,170305843683247,170305843685192,170305843692991,170305843693064,265650,93825840194560,4375639744,7,2732,1151,4495
170305851988587,170305852009600,170305852020609,170305852022651,170305852029945,170305852029988,265650,93825840194560,4375639744,7,2732,1151,4496
170305860252900,170305860270115,170305860281374,170305860283064,170305860293623,170305860293684,265650,93825840194560,4375639744,7,2732,1151,4497
170305868643937,170305868663385,170305868674286,170305868676108,170305868682571,170305868682629,265650,93825840194560,4375639744,7,2732,1151,4498
170305876988325,170305877012871,170305877024758,170305877028109,170305877038145,170305877038217,265650,93825840194560,4375639744,7,2732,1151,4499
170305885280915,170305885300575,170305885311835,170305885314264,170305885321168,170305885321263,265650,93825840194560,4375639744,7,2732,1151,4500
170305893613099,170305893632293,170305893643765,170305893646076,170305893656527,170305893656604,265650,93825840194560,4375639744,7,2732,1151,4501
170305901993577,170305902017294,170305902029257,170305902031616,170305902042473,170305902042565,265650,93825840194560,4375639744,7,2732,1151,4502
170305910282695,170305910300114,170305910311299,170305910313844,170305910324933,170305910325017,265650,93825840194560,4375639744,7,2732,1151,4503
170305918650288,170305918666598,170305918677601,170305918679730,170305918687519,170305918687590,265650,93825840194560,4375639744,7,2732,1151,4504
170305926973660,170305926988143,170305926999331,170305927004848,170305927014666,170305927014716,265650,93825840194560,4375639744,7,2732,1151,4505
170305935312435,170305935336395,170305935348582,170305935351560,170305935370586,170305935370654,265650,93825840194560,4375639744,7,2732,1151,4506
170305943669308,170305943686453,170305943697829,170305943699836,170305943710514,170305943710589,265650,93825840194560,4375639744,7,2732,1151,4507
170305951937822,170305951954572,170305951966019,170305951968033,170305951976629,170305951976700,265650,93825840194560,4375639744,7,2732,1151,4508
170305960260605,170305960276676,170305960288176,170305960290319,170305960298051,170305960298117,265650,93825840194560,4375639744,7,2732,1151,4509
170305968664314,170305968681732,170305968692973,170305968694951,170305968703568,170305968703664,265650,93825840194560,4375639744,7,2732,1151,4510
170305976997618,170305977026616,170305977038008,170305977040453,170305977050299,170305977050384,265650,93825840194560,4375639744,7,2732,1151,4511
170305985280006,170305985297896,170305985308790,170305985310892,170305985322829,170305985322899,265650,93825840194560,4375639744,7,2732,1151,4512
170305993663476,170305993680634,170305993691520,170305993693890,170305993703002,170305993703067,265650,93825840194560,4375639744,7,2732,1151,4513
170306002015344,170306002032390,170306002043664,170306002045791,170306002056677,170306002056749,265650,93825840194560,4375639744,7,2732,1151,4514
170306010299081,170306010320732,170306010332945,170306010335971,170306010343999,170306010344089,265650,93825840194560,4375639744,7,2732,1151,4515
170306018615884,170306018633674,170306018644889,170306018646897,170306018657468,170306018657533,265650,93825840194560,4375639744,7,2732,1151,4516
170306026987272,170306027007782,170306027018536,170306027020356,170306027027022,170306027027099,265650,93825840194560,4375639744,7,2732,1151,4517
170306035282307,170306035300893,170306035312410,170306035314577,170306035321485,170306035321587,265650,93825840194560,4375639744,7,2732,1151,4518
170306043665863,170306043682680,170306043694245,170306043696392,170306043703522,170306043703591,265650,93825840194560,4375639744,7,2732,1151,4519
170306052114098,170306052130151,170306052142142,170306052143754,170306052151160,170306052151267,265650,93825840194560,4375639744,7,2732,1151,4520
170306060270544,170306060284632,170306060295817,170306060296905,170306060303989,170306060304084,265650,93825840194560,4375639744,7,2732,1151,4521
170306068736731,170306068749722,170306068760685,170306068761754,170306068767111,170306068767208,265650,93825840194560,4375639744,7,2732,1151,4522
170306076987090,170306077003602,170306077014867,170306077015946,170306077021226,170306077021325,265650,93825840194560,4375639744,7,2732,1151,4523
170306085273852,170306085286373,170306085297242,170306085298196,170306085302919,170306085302991,265650,93825840194560,4375639744,7,2732,1151,4524
170306093682250,170306093695113,170306093706283,170306093707256,170306093712466,170306093712538,265650,93825840194560,4375639744,7,2732,1151,4525
170306102055211,170306102068522,170306102079419,170306102080458,170306102086180,170306102086255,265650,93825840194560,4375639744,7,2732,1151,4526
170306110276551,170306110290277,170306110301418,170306110302730,170306110307363,170306110307444,265650,93825840194560,4375639744,7,2732,1151,4527
170306118697874,170306118717565,170306118729601,170306118731661,170306118741810,170306118741910,265650,93825840194560,4375639744,7,2732,1151,4528
170306127019801,170306127043386,170306127054590,170306127057023,170306127062081,170306127062160,265650,93825840194560,4375639744,7,2732,1151,4529
170306135291037,170306135309210,170306135320221,170306135322586,170306135330869,170306135330947,265650,93825840194560,4375639744,7,2732,1151,4530
170306143664234,170306143690045,170306143702118,170306143705149,170306143715939,170306143716011,265650,93825840194560,4375639744,7,2732,1151,4531
170306151971945,170306151991697,170306152007527,170306152011117,170306152021959,170306152022015,265650,93825840194560,4375639744,7,2732,1151,4532
170306160284635,170306160300874,170306160311713,170306160314169,170306160324521,170306160324732,265650,93825840194560,4375639744,7,2732,1151,4533
170306168671906,170306168694936,170306168707085,170306168710227,170306168716984,170306168717032,265650,93825840194560,4375639744,7,2732,1151,4534
170306176967293,170306176988580,170306177007305,170306177010299,170306177016259,170306177016313,265650,93825840194560,4375639744,7,2732,1151,4535
170306185285457,170306185302264,170306185313327,170306185315227,170306185322049,170306185322108,265650,93825840194560,4375639744,7,2732,1151,4536
170306193679345,170306193703113,170306193715306,170306193718318,170306193722772,170306193722825,265650,93825840194560,4375639744,7,2732,1151,4537
170306201958732,170306201976288,170306201987796,170306201989790,170306201995590,170306201995649,265650,93825840194560,4375639744,7,2732,1151,4538
170306210279736,170306210296517,170306210307777,170306210309703,170306210313546,170306210313602,265650,93825840194560,4375639744,7,2732,1151,4539
170306218686907,170306218710023,170306218722506,170306218725310,170306218735059,170306218735116,265650,93825840194560,4375639744,7,2732,1151,4540
170306226946827,170306226964024,170306226975525,170306226977578,170306226982192,170306226982256,265650,93825840194560,4375639744,7,2732,1151,4541
170306235285438,170306235303631,170306235314802,170306235316793,170306235324936,170306235324998,265650,93825840194560,4375639744,7,2732,1151,4542
170306243632103,170306243651465,170306243662720,170306243664810,170306243673002,170306243673089,265650,93825840194560,4375639744,7,2732,1151,4543
170306252016246,170306252038496,170306252049274,170306252051400,170306252056389,170306252056482,265650,93825840194560,4375639744,7,2732,1151,4544
170306260295706,170306260310624,170306260322640,170306260324177,170306260329228,170306260329318,265650,93825840194560,4375639744,7,2732,1151,4545
170306268712407,170306268730453,170306268742340,170306268744974,170306268753453,170306268753531,265650,93825840194560,4375639744,7,2732,1151,4546
170306276979030,170306276998241,170306277013517,170306277015723,170306277029427,170306277029562,265650,93825840194560,4375639744,7,2732,1151,4547
170306285310936,170306285329762,170306285342032,170306285345157,170306285357118,170306285357196,265650,93825840194560,4375639744,7,2732,1151,4548
170306293630219,170306293644699,170306293655795,170306293658313,170306293666573,170306293666625,265650,93825840194560,4375639744,7,2732,1151,4549
170306301983159,170306302014009,170306302025943,170306302029120,170306302037145,170306302037220,265650,93825840194560,4375639744,7,2732,1151,4550
170306310303948,170306310328034,170306310340681,170306310345078,170306310352861,170306310352922,265650,93825840194560,4375639744,7,2732,1151,4551
170306318661910,170306318678181,170306318689942,170306318692080,170306318697618,170306318697698,265650,93825840194560,4375639744,7,2732,1151,4552
170306326999577,170306327021950,170306327032822,170306327034766,170306327039253,170306327039325,265650,93825840194560,4375639744,7,2732,1151,4553
170306335293936,170306335314204,170306335326814,170306335330481,170306335339137,170306335339207,265650,93825840194560,4375639744,7,2732,1151,4554
170306343675488,170306343697706,170306343710606,170306343713846,170306343724243,170306343724431,265650,93825840194560,4375639744,7,2732,1151,4555
170306351967934,170306351984438,170306351995563,170306351997280,170306352006073,170306352006153,265650,93825840194560,4375639744,7,2732,1151,4556
170306360301487,170306360320044,170306360331535,170306360333650,170306360339072,170306360339164,265650,93825840194560,4375639744,7,2732,1151,4557
170306368638140,170306368656016,170306368667520,170306368669367,170306368676062,170306368676144,265650,93825840194560,4375639744,7,2732,1151,4558
170306376986236,170306377015606,170306377027950,170306377031155,170306377037335,170306377037405,265650,93825840194560,4375639744,7,2732,1151,4559
170306385291936,170306385309804,170306385321746,170306385323817,170306385333011,170306385333057,265650,93825840194560,4375639744,7,2732,1151,4560
170306393846091,170306393862896,170306393875010,170306393876765,170306393883820,170306393883916,265650,93825840194560,4375639744,7,2732,1151,4561
170306402023783,170306402036768,170306402048326,170306402049843,170306402057435,170306402057522,265650,93825840194560,4375639744,7,2732,1151,4562
170306410432255,170306410487515,170306410498978,170306410500091,170306410506210,170306410506299,265650,93825840194560,4375639744,7,2732,1151,4563
170306418695443,170306418707668,170306418717098,170306418718789,170306418726957,170306418727031,265650,93825840194560,4375639744,7,2732,1151,4564
170306427079125,170306427091947,170306427103050,170306427104081,170306427110305,170306427110389,265650,93825840194560,4375639744,7,2732,1151,4565
170306435333943,170306435348144,170306435356946,170306435358971,170306435367357,170306435367413,265650,93825840194560,4375639744,7,2732,1151,4566
170306443683934,170306443694122,170306443702554,170306443703605,170306443710921,170306443710979,265650,93825840194560,4375639744,7,2732,1151,4567
170306452110334,170306452126467,170306452137925,170306452139811,170306452147201,170306452147280,265650,93825840194560,4375639744,7,2732,1151,4568
170306460318228,170306460332393,170306460341202,170306460343331,170306460350652,170306460350719,265650,93825840194560,4375639744,7,2732,1151,4569
170306468784530,170306468804362,170306468817452,170306468819868,170306468828999,170306468829093,265650,93825840194560,4375639744,7,2732,1151,4570
170306477141946,170306477159567,170306477171874,170306477174412,170306477182261,170306477182354,265650,93825840194560,4375639744,7,2732,1151,4571
170306485335801,170306485353911,170306485366454,170306485368614,170306485375971,170306485376061,265650,93825840194560,4375639744,7,2732,1151,4572
170306493786193,170306493803355,170306493815056,170306493817394,170306493824400,170306493824496,265650,93825840194560,4375639744,7,2732,1151,4573
170306502073546,170306502088132,170306502099738,170306502101251,170306502107614,170306502107703,265650,93825840194560,4375639744,7,2732,1151,4574
170306510334608,170306510348824,170306510359876,170306510361207,170306510368738,170306510368827,265650,93825840194560,4375639744,7,2732,1151,4575
170306518822506,170306518844999,170306518856733,170306518859429,170306518874353,170306518874460,265650,93825840194560,4375639744,7,2732,1151,4576
170306527021373,170306527035322,170306527045767,170306527047211,170306527055197,170306527055305,265650,93825840194560,4375639744,7,2732,1151,4577
170306535302017,170306535325339,170306535338011,170306535340995,170306535351352,170306535351425,265650,93825840194560,4375639744,7,2732,1151,4578
170306543766961,170306543781743,170306543793863,170306543795187,170306543802551,170306543802641,265650,93825840194560,4375639744,7,2732,1151,4579
170306552184068,170306552197612,170306552209052,170306552210143,170306552216142,170306552216232,265650,93825840194560,4375639744,7,2732,1151,4580
170306560301615,170306560315128,170306560326086,170306560327500,170306560334071,170306560334153,265650,93825840194560,4375639744,7,2732,1151,4581
170306568751522,170306568766070,170306568777108,170306568778335,170306568787137,170306568787216,265650,93825840194560,4375639744,7,2732,1151,4582
170306577056838,170306577070138,170306577081119,170306577082217,170306577088688,170306577088770,265650,93825840194560,4375639744,7,2732,1151,4583
170306585301927,170306585312688,170306585321078,170306585321885,170306585326963,170306585327025,265650,93825840194560,4375639744,7,2732,1151,4584
170306593701235,170306593714251,170306593725011,170306593726242,170306593733292,170306593733376,265650,93825840194560,4375639744,7,2732,1151,4585
170306602147822,170306602167186,170306602178384,170306602180092,170306602186884,170306602186968,265650,93825840194560,4375639744,7,2732,1151,4586
170306610408573,170306610503881,170306610543545,170306610544599,170306610550159,170306610550234,265650,93825840194560,4375639744,7,2732,1151,4587
170306618787929,170306618801068,170306618812037,170306618813071,170306618817408,170306618817483,265650,93825840194560,4375639744,7,2732,1151,4588
170306627126121,170306627138489,170306627149137,170306627150193,170306627155487,170306627155562,265650,93825840194560,4375639744,7,2732,1151,4589
170306635307191,170306635321241,170306635332186,170306635333336,170306635340241,170306635340314,265650,93825840194560,4375639744,7,2732,1151,4590
170306643759343,170306643794274,170306643805503,170306643807105,170306643813292,170306643813372,265650,93825840194560,4375639744,7,2732,1151,4591
170306652106888,170306652119541,170306652130099,170306652131099,170306652136200,170306652136271,265650,93825840194560,4375639744,7,2732,1151,4592
170306660305087,170306660314986,170306660323133,170306660323988,170306660329071,170306660329122,265650,93825840194560,4375639744,7,2732,1151,4593
170306668739178,170306668753384,170306668764194,170306668765210,170306668771733,170306668771799,265650,93825840194560,4375639744,7,2732,1151,4594
170306677121021,170306677133540,170306677144462,170306677145664,170306677151919,170306677151996,265650,93825840194560,4375639744,7,2732,1151,4595
170306685307410,170306685318019,170306685326408,170306685327419,170306685334168,170306685334227,265650,93825840194560,4375639744,7,2732,1151,4596
170306693738816,170306693751803,170306693762700,170306693763647,170306693769462,170306693769533,265650,93825840194560,4375639744,7,2732,1151,4597
170306702057802,170306702072240,170306702083354,170306702084700,170306702090648,170306702090729,265650,93825840194560,4375639744,7,2732,1151,4598
170306710309275,170306710322678,170306710334061,170306710335024,170306710340369,170306710340442,265650,93825840194560,4375639744,7,2732,1151,4599
170306718676560,170306718689014,170306718699766,170306718700810,170306718705844,170306718705915,265650,93825840194560,4375639744,7,2732,1151,4600
170306727094243,170306727106264,170306727117033,170306727117822,170306727123071,170306727123140,265650,93825840194560,4375639744,7,2732,1151,4601
170306735320444,170306735333357,170306735344116,170306735345060,170306735352646,170306735352721,265650,93825840194560,4375639744,7,2732,1151,4602
170306743797282,170306743864022,170306743874809,170306743875785,170306743881432,170306743881502,265650,93825840194560,4375639744,7,2732,1151,4603
170306752083814,170306752095953,170306752106703,170306752107527,170306752112227,170306752112300,265650,93825840194560,4375639744,7,2732,1151,4604
170306760307070,170306760319741,170306760330324,170306760331192,170306760337722,170306760337794,265650,93825840194560,4375639744,7,2732,1151,4605
170306768725740,170306768739488,170306768750270,170306768751537,170306768758408,170306768758494,265650,93825840194560,4375639744,7,2732,1151,4606
170306777105416,170306777118182,170306777129287,170306777130346,170306777136353,170306777136429,265650,93825840194560,4375639744,7,2732,1151,4607
170306785459220,170306785472402,170306785483211,170306785484100,170306785488128,170306785488196,265650,93825840194560,4375639744,7,2732,1151,4608
170306793791752,170306793842614,170306793853217,170306793854517,170306793860139,170306793860213,265650,93825840194560,4375639744,7,2732,1151,4609
170306802045391,170306802058667,170306802069676,170306802070805,170306802077618,170306802077696,265650,93825840194560,4375639744,7,2732,1151,4610
170306810388288,170306810401839,170306810412659,170306810413678,170306810419457,170306810419539,265650,93825840194560,4375639744,7,2732,1151,4611
170306818745869,170306818757625,170306818766618,170306818767544,170306818772022,170306818772081,265650,93825840194560,4375639744,7,2732,1151,4612
170306827124256,170306827138679,170306827149294,170306827150345,170306827155203,170306827155281,265650,93825840194560,4375639744,7,2732,1151,4613
170306835469107,170306835491636,170306835502793,170306835503921,170306835512960,170306835513037,265650,93825840194560,4375639744,7,2732,1151,4614
170306843738287,170306843751823,170306843762822,170306843764240,170306843772267,170306843772343,265650,93825840194560,4375639744,7,2732,1151,4615
170306852102710,170306852115228,170306852126240,170306852127531,170306852133559,170306852133638,265650,93825840194560,4375639744,7,2732,1151,4616
170306860315630,170306860329685,170306860340365,170306860341323,170306860349576,170306860349651,265650,93825840194560,4375639744,7,2732,1151,4617
170306868777617,170306868793191,170306868804358,170306868805570,170306868810617,170306868810711,265650,93825840194560,4375639744,7,2732,1151,4618
170306877116028,170306877129974,170306877141128,170306877142585,170306877150237,170306877150333,265650,93825840194560,4375639744,7,2732,1151,4619
170306885459798,170306885481280,170306885493780,170306885497032,170306885503020,170306885503112,265650,93825840194560,4375639744,7,2732,1151,4620
170306893776098,170306893791546,170306893803635,170306893805117,170306893811787,170306893811901,265650,93825840194560,4375639744,7,2732,1151,4621
170306902108627,170306902121712,170306902132995,170306902133942,170306902139856,170306902139949,265650,93825840194560,4375639744,7,2732,1151,4622
170306910350375,170306910361168,170306910370134,170306910371021,170306910377818,170306910377900,265650,93825840194560,4375639744,7,2732,1151,4623
170306918768692,170306918782501,170306918793773,170306918795262,170306918802345,170306918802529,265650,93825840194560,4375639744,7,2732,1151,4624
170306927138675,170306927152192,170306927163122,170306927164100,170306927170266,170306927170342,265650,93825840194560,4375639744,7,2732,1151,4625
170306935461233,170306935480296,170306935491286,170306935492113,170306935498667,170306935498745,265650,93825840194560,4375639744,7,2732,1151,4626
170306943778205,170306943796697,170306943809191,170306943811396,170306943818349,170306943818423,265650,93825840194560,4375639744,7,2732,1151,4627
170306951998743,170306952020715,170306952032013,170306952033819,170306952040186,170306952040285,265650,93825840194560,4375639744,7,2732,1151,4628
170306960318959,170306960335662,170306960346739,170306960348578,170306960354500,170306960354587,265650,93825840194560,4375639744,7,2732,1151,4629
170306968703900,170306968720138,170306968730954,170306968732867,170306968737035,170306968737113,265650,93825840194560,4375639744,7,2732,1151,4630
170306977055572,170306977071629,170306977082627,170306977084409,170306977091324,170306977091395,265650,93825840194560,4375639744,7,2732,1151,4631
170306985329292,170306985346927,170306985358548,170306985360437,170306985366289,170306985366370,265650,93825840194560,4375639744,7,2732,1151,4632
170306993699068,170306993714387,170306993725191,170306993727009,170306993734509,170306993734566,265650,93825840194560,4375639744,7,2732,1151,4633
170307002062394,170307002080356,170307002092173,170307002094338,170307002098747,170307002098837,265650,93825840194560,4375639744,7,2732,1151,4634
170307010328069,170307010346087,170307010357455,170307010359741,170307010365101,170307010365182,265650,93825840194560,4375639744,7,2732,1151,4635
170307018672088,170307018688842,170307018700087,170307018702004,170307018707577,170307018707633,265650,93825840194560,4375639744,7,2732,1151,4636
170307027059625,170307027072936,170307027083194,170307027084815,170307027089752,170307027089814,265650,93825840194560,4375639744,7,2732,1151,4637
170307035334856,170307035353688,170307035364731,170307035366949,170307035374818,170307035374894,265650,93825840194560,4375639744,7,2732,1151,4638
170307043708897,170307043724381,170307043735253,170307043737188,170307043746703,170307043746765,265650,93825840194560,4375639744,7,2732,1151,4639
170307052044670,170307052060154,170307052071191,170307052073415,170307052082521,170307052082588,265650,93825840194560,4375639744,7,2732,1151,4640
170307060336505,170307060354961,170307060365941,170307060367989,170307060378623,170307060378706,265650,93825840194560,4375639744,7,2732,1151,4641
170307068679895,170307068698323,170307068709908,170307068712075,170307068723940,170307068724154,265650,93825840194560,4375639744,7,2732,1151,4642
170307077049370,170307077065080,170307077076366,170307077078220,170307077087614,170307077087686,265650,93825840194560,4375639744,7,2732,1151,4643
170307085349663,170307085366131,170307085378028,170307085381070,170307085385899,170307085385966,265650,93825840194560,4375639744,7,2732,1151,4644
170307093724103,170307093741216,170307093752281,170307093754098,170307093764051,170307093764118,265650,93825840194560,4375639744,7,2732,1151,4645
170307102116195,170307102134715,170307102145483,170307102147398,170307102154264,170307102154327,265650,93825840194560,4375639744,7,2732,1151,4646
170307110506309,170307110561624,170307110573504,170307110575004,170307110583341,170307110583443,265650,93825840194560,4375639744,7,2732,1151,4647
170307118795547,170307118815264,170307118827098,170307118829572,170307118839078,170307118839160,265650,93825840194560,4375639744,7,2732,1151,4648
170307127065869,170307127084054,170307127095289,170307127097721,170307127105257,170307127105355,265650,93825840194560,4375639744,7,2732,1151,4649
170307135351954,170307135370063,170307135381492,170307135384083,170307135391332,170307135391407,265650,93825840194560,4375639744,7,2732,1151,4650
170307143725918,170307143740263,170307143751522,170307143754403,170307143762883,170307143762943,265650,93825840194560,4375639744,7,2732,1151,4651
170307152082137,170307152100118,170307152111300,170307152113757,170307152120944,170307152120998,265650,93825840194560,4375639744,7,2732,1151,4652
170307160340649,170307160359928,170307160371709,170307160374581,170307160389346,170307160389400,265650,93825840194560,4375639744,7,2732,1151,4653
170307168743451,170307168759475,170307168770595,170307168773087,170307168783657,170307168783728,265650,93825840194560,4375639744,7,2732,1151,4654
170307177063037,170307177079975,170307177091170,170307177093437,170307177112494,170307177112552,265650,93825840194560,4375639744,7,2732,1151,4655
170307185337723,170307185353206,170307185364017,170307185366188,170307185371107,170307185371167,265650,93825840194560,4375639744,7,2732,1151,4656
170307193730721,170307193745755,170307193756663,170307193758387,170307193766659,170307193766707,265650,93825840194560,4375639744,7,2732,1151,4657
170307202071902,170307202089166,170307202100213,170307202102137,170307202109187,170307202109231,265650,93825840194560,4375639744,7,2732,1151,4658
170307210345956,170307210362935,170307210374286,170307210376409,170307210381121,170307210381181,265650,93825840194560,4375639744,7,2732,1151,4659
170307218734182,170307218750876,170307218761975,170307218764086,170307218771151,170307218771206,265650,93825840194560,4375639744,7,2732,1151,4660
170307227065789,170307227081967,170307227093161,170307227094976,170307227101076,170307227101136,265650,93825840194560,4375639744,7,2732,1151,4661
170307235398279,170307235420213,170307235431999,170307235434878,170307235445722,170307235445786,265650,93825840194560,4375639744,7,2732,1151,4662
170307243700322,170307243717773,170307243728741,170307243731050,170307243745102,170307243745159,265650,93825840194560,4375639744,7,2732,1151,4663
170307252065420,170307252082264,170307252093066,170307252094856,170307252100923,170307252100982,265650,93825840194560,4375639744,7,2732,1151,4664
170307260402437,170307260419797,170307260432134,170307260434546,170307260439524,170307260439570,265650,93825840194560,4375639744,7,2732,1151,4665
170307268746164,170307268761914,170307268773029,170307268775282,170307268785186,170307268785246,265650,93825840194560,4375639744,7,2732,1151,4666
170307277097439,170307277117933,170307277130053,170307277132749,170307277146662,170307277146758,265650,93825840194560,4375639744,7,2732,1151,4667
170307285408931,170307285430341,170307285442321,170307285445561,170307285460944,170307285461105,265650,93825840194560,4375639744,7,2732,1151,4668
170307293781628,170307293804077,170307293815833,170307293818416,170307293833546,170307293833641,265650,93825840194560,4375639744,7,2732,1151,4669
170307302107011,170307302127420,170307302139535,170307302142084,170307302150259,170307302150351,265650,93825840194560,4375639744,7,2732,1151,4670
170307310367279,170307310384975,170307310396020,170307310398024,170307310403567,170307310403634,265650,93825840194560,4375639744,7,2732,1151,4671
170307318747721,170307318765426,170307318776741,170307318778716,170307318786763,170307318786821,265650,93825840194560,4375639744,7,2732,1151,4672
170307327078635,170307327095086,170307327106074,170307327107700,170307327114176,170307327114238,265650,93825840194560,4375639744,7,2732,1151,4673
170307335354880,170307335371657,170307335382414,170307335384222,170307335392452,170307335392513,265650,93825840194560,4375639744,7,2732,1151,4674
170307343706887,170307343722842,170307343734208,170307343736205,170307343747066,170307343747131,265650,93825840194560,4375639744,7,2732,1151,4675
170307352098138,170307352115051,170307352125759,170307352127814,170307352136497,170307352136559,265650,93825840194560,4375639744,7,2732,1151,4676
170307360368557,170307360386272,170307360398922,170307360401821,170307360409135,170307360409210,265650,93825840194560,4375639744,7,2732,1151,4677
170307368700373,170307368718303,170307368729592,170307368731690,170307368852729,170307368852978,265650,93825840194560,4375639744,7,2732,1151,4678
170307377063192,170307377081122,170307377092434,170307377094624,170307377102053,170307377102163,265650,93825840194560,4375639744,7,2732,1151,4679
170307385412870,170307385429603,170307385440814,170307385443313,170307385454023,170307385454111,265650,93825840194560,4375639744,7,2732,1151,4680
170307393698187,170307393712083,170307393723087,170307393724952,170307393731774,170307393731840,265650,93825840194560,4375639744,7,2732,1151,4681
170307402071454,170307402089512,170307402100694,170307402103413,170307402111413,170307402111462,265650,93825840194560,4375639744,7,2732,1151,4682
170307410404882,170307410428435,170307410440717,170307410443812,170307410453291,170307410453363,265650,93825840194560,4375639744,7,2732,1151,4683
170307418798859,170307418814302,170307418826455,170307418828211,170307418834333,170307418834448,265650,93825840194560,4375639744,7,2732,1151,4684
170307427168066,170307427181892,170307427193523,170307427194913,170307427199430,170307427199545,265650,93825840194560,4375639744,7,2732,1151,4685
170307435537927,170307435554647,170307435565707,170307435566781,170307435573746,170307435573840,265650,93825840194560,4375639744,7,2732,1151,4686
170307443768611,170307443781756,170307443792962,170307443794073,170307443800800,170307443800894,265650,93825840194560,4375639744,7,2732,1151,4687
170307452139797,170307452153802,170307452165291,170307452166512,170307452173918,170307452174007,265650,93825840194560,4375639744,7,2732,1151,4688
170307460532304,170307460558763,170307460569778,170307460571037,170307460576224,170307460576309,265650,93825840194560,4375639744,7,2732,1151,4689
170307468791663,170307468805349,170307468816452,170307468817660,170307468821907,170307468822003,265650,93825840194560,4375639744,7,2732,1151,4690
170307477112502,170307477122291,170307477131143,170307477131963,170307477136332,170307477136401,265650,93825840194560,4375639744,7,2732,1151,4691
170307485463773,170307485560560,170307485605149,170307485607568,170307485613035,170307485613120,265650,93825840194560,4375639744,7,2732,1151,4692
170307493807197,170307493842129,170307493853066,170307493853992,170307493858711,170307493858796,265650,93825840194560,4375639744,7,2732,1151,4693
170307502200507,170307502214847,170307502226305,170307502227858,170307502233904,170307502233997,265650,93825840194560,4375639744,7,2732,1151,4694
170307510452186,170307510466888,170307510478347,170307510479766,170307510485757,170307510485856,265650,93825840194560,4375639744,7,2732,1151,4695
170307518797307,170307518810246,170307518821359,170307518822515,170307518828416,170307518828507,265650,93825840194560,4375639744,7,2732,1151,4696
170307527160649,170307527174238,170307527185343,170307527186327,170307527191019,170307527191105,265650,93825840194560,4375639744,7,2732,1151,4697
170307535404483,170307535416121,170307535424303,170307535425124,170307535429632,170307535429698,265650,93825840194560,4375639744,7,2732,1151,4698
170307543790145,170307543803987,170307543814897,170307543816134,170307543822844,170307543822937,265650,93825840194560,4375639744,7,2732,1151,4699
170307552050929,170307552069644,170307552081636,170307552084014,170307552091015,170307552091114,265650,93825840194560,4375639744,7,2732,1151,4700
170307560375418,170307560393419,170307560404712,170307560406808,170307560412517,170307560412604,265650,93825840194560,4375639744,7,2732,1151,4701
170307568755137,170307568773173,170307568784676,170307568786847,170307568795322,170307568795412,265650,93825840194560,4375639744,7,2732,1151,4702
170307577094182,170307577110007,170307577120980,170307577122962,170307577130647,170307577130746,265650,93825840194560,4375639744,7,2732,1151,4703
170307585392068,170307585408084,170307585419534,170307585421574,170307585429739,170307585429814,265650,93825840194560,4375639744,7,2732,1151,4704
170307593750556,170307593768545,170307593779721,170307593781532,170307593788207,170307593788269,265650,93825840194560,4375639744,7,2732,1151,4705
170307602040889,170307602057903,170307602069208,170307602071225,170307602078371,170307602078438,265650,93825840194560,4375639744,7,2732,1151,4706
170307610367990,170307610386344,170307610398455,170307610400338,170307610406390,170307610406455,265650,93825840194560,4375639744,7,2732,1151,4707
170307618701210,170307618719911,170307618731314,170307618733062,170307618739422,170307618739480,265650,93825840194560,4375639744,7,2732,1151,4708
170307627044170,170307627062824,170307627074019,170307627075659,170307627080735,170307627080779,265650,93825840194560,4375639744,7,2732,1151,4709
170307635373275,170307635391071,170307635402190,170307635403824,170307635410234,170307635410286,265650,93825840194560,4375639744,7,2732,1151,4710
170307643755401,170307643771787,170307643782450,170307643784462,170307643791524,170307643791590,265650,93825840194560,4375639744,7,2732,1151,4711
170307652096360,170307652111057,170307652122055,170307652123860,170307652129927,170307652129987,265650,93825840194560,4375639744,7,2732,1151,4712
170307660373305,170307660391129,170307660402374,170307660403948,170307660412542,170307660412613,265650,93825840194560,4375639744,7,2732,1151,4713
170307668743461,170307668759509,170307668770639,170307668772548,170307668779701,170307668779758,265650,93825840194560,4375639744,7,2732,1151,4714
170307677085789,170307677098382,170307677109188,170307677110715,170307677116466,170307677116520,265650,93825840194560,4375639744,7,2732,1151,4715
170307685382998,170307685403795,170307685416003,170307685418940,170307685432952,170307685433024,265650,93825840194560,4375639744,7,2732,1151,4716
170307693767203,170307693782430,170307693794197,170307693796025,170307693804672,170307693804728,265650,93825840194560,4375639744,7,2732,1151,4717
170307702071853,170307702089894,170307702100998,170307702102877,170307702113304,170307702113375,265650,93825840194560,4375639744,7,2732,1151,4718
170307710445418,170307710467571,170307710479463,170307710482169,170307710499281,170307710499345,265650,93825840194560,4375639744,7,2732,1151,4719
170307718758559,170307718775570,170307718786401,170307718788319,170307718798259,170307718798335,265650,93825840194560,4375639744,7,2732,1151,4720
170307727048206,170307727063580,170307727075380,170307727077282,170307727085335,170307727085393,265650,93825840194560,4375639744,7,2732,1151,4721
170307735429006,170307735447372,170307735458526,170307735460278,170307735469966,170307735470034,265650,93825840194560,4375639744,7,2732,1151,4722
170307743721819,170307743738553,170307743749207,170307743751099,170307743760238,170307743760304,265650,93825840194560,4375639744,7,2732,1151,4723
170307752096627,170307752112858,170307752123702,170307752125399,170307752133495,170307752133542,265650,93825840194560,4375639744,7,2732,1151,4724
170307760515132,170307760568814,170307760580650,170307760582390,170307760588499,170307760588592,265650,93825840194560,4375639744,7,2732,1151,4725
170307768812705,170307768826388,170307768838330,170307768839927,170307768846108,170307768846205,265650,93825840194560,4375639744,7,2732,1151,4726
170307777122907,170307777136853,170307777148488,170307777149910,170307777155927,170307777156010,265650,93825840194560,4375639744,7,2732,1151,4727
170307785512492,170307785555406,170307785566526,170307785567702,170307785573400,170307785573485,265650,93825840194560,4375639744,7,2732,1151,4728
170307793755610,170307793771089,170307793782120,170307793784435,170307793795161,170307793795251,265650,93825840194560,4375639744,7,2732,1151,4729
170307802070723,170307802087252,170307802098335,170307802100534,170307802121595,170307802121803,265650,93825840194560,4375639744,7,2732,1151,4730
170307810429318,170307810445544,170307810456925,170307810459230,170307810467072,170307810467151,265650,93825840194560,4375639744,7,2732,1151,4731
170307818774210,170307818791207,170307818802530,170307818804536,170307818811650,170307818811706,265650,93825840194560,4375639744,7,2732,1151,4732
170307827107692,170307827123898,170307827134640,170307827136742,170307827143190,170307827143235,265650,93825840194560,4375639744,7,2732,1151,4733
170307835424523,170307835446789,170307835459188,170307835461815,170307835473373,170307835473440,265650,93825840194560,4375639744,7,2732,1151,4734
170307843777883,170307843795910,170307843807215,170307843809550,170307843820794,170307843820870,265650,93825840194560,4375639744,7,2732,1151,4735
170307852109147,170307852127681,170307852138894,170307852141168,170307852147295,170307852147343,265650,93825840194560,4375639744,7,2732,1151,4736
170307860389744,170307860406033,170307860416389,170307860418194,170307860425809,170307860425888,265650,93825840194560,4375639744,7,2732,1151,4737
170307868768435,170307868785950,170307868796287,170307868798204,170307868804879,170307868804924,265650,93825840194560,4375639744,7,2732,1151,4738
170307877099262,170307877116225,170307877127137,170307877129302,170307877138397,170307877138456,265650,93825840194560,4375639744,7,2732,1151,4739
170307885433548,170307885450803,170307885461346,170307885463160,170307885469134,170307885469177,265650,93825840194560,4375639744,7,2732,1151,4740
170307893783336,170307893801249,170307893812001,170307893813906,170307893821339,170307893821383,265650,93825840194560,4375639744,7,2732,1151,4741
170307902104434,170307902121002,170307902131913,170307902133928,170307902140800,170307902140860,265650,93825840194560,4375639744,7,2732,1151,4742
170307910458692,170307910476206,170307910487260,170307910489281,170307910496377,170307910496443,265650,93825840194560,4375639744,7,2732,1151,4743
170307918776179,170307918793355,170307918804338,170307918806441,170307918813150,170307918813195,265650,93825840194560,4375639744,7,2732,1151,4744
170307927083921,170307927101889,170307927113208,170307927115557,170307927120691,170307927120751,265650,93825840194560,4375639744,7,2732,1151,4745
170307935454390,170307935473185,170307935484628,170307935486853,170307935494975,170307935495021,265650,93825840194560,4375639744,7,2732,1151,4746
170307943799905,170307943818287,170307943829742,170307943831895,170307943840636,170307943840743,265650,93825840194560,4375639744,7,2732,1151,4747
170307952123939,170307952140328,170307952151998,170307952153691,170307952159460,170307952159567,265650,93825840194560,4375639744,7,2732,1151,4748
170307960553529,170307960587310,170307960598483,170307960599784,170307960605915,170307960606021,265650,93825840194560,4375639744,7,2732,1151,4749
170307968874518,170307968894657,170307968906900,170307968909395,170307968917708,170307968917807,265650,93825840194560,4375639744,7,2732,1151,4750
170307977117790,170307977136458,170307977147317,170307977149175,170307977155892,170307977155972,265650,93825840194560,4375639744,7,2732,1151,4751
170307985464582,170307985482811,170307985494530,170307985497471,170307985514271,170307985514353,265650,93825840194560,4375639744,7,2732,1151,4752
170307993769114,170307993786977,170307993798209,170307993800208,170307993808867,170307993808973,265650,93825840194560,4375639744,7,2732,1151,4753
170308002105098,170308002123245,170308002134875,170308002136932,170308002143183,170308002143259,265650,93825840194560,4375639744,7,2732,1151,4754
170308010402691,170308010419426,170308010430930,170308010433369,170308010439275,170308010439361,265650,93825840194560,4375639744,7,2732,1151,4755
170308018793086,170308018810024,170308018821079,170308018823080,170308018830980,170308018831024,265650,93825840194560,4375639744,7,2732,1151,4756
170308027063402,170308027080548,170308027091857,170308027094035,170308027101987,170308027102038,265650,93825840194560,4375639744,7,2732,1151,4757
170308035465974,170308035483856,170308035495214,170308035497486,170308035508453,170308035508521,265650,93825840194560,4375639744,7,2732,1151,4758
170308043788822,170308043806054,170308043816871,170308043819108,170308043825679,170308043825736,265650,93825840194560,4375639744,7,2732,1151,4759
170308052061861,170308052080094,170308052091230,170308052094687,170308052100987,170308052101058,265650,93825840194560,4375639744,7,2732,1151,4760
170308060410013,170308060426731,170308060437435,170308060439576,170308060444546,170308060444629,265650,93825840194560,4375639744,7,2732,1151,4761
170308068797718,170308068814915,170308068825956,170308068828173,170308068834112,170308068834177,265650,93825840194560,4375639744,7,2732,1151,4762
170308077103649,170308077119931,170308077131323,170308077133375,170308077138378,170308077138438,265650,93825840194560,4375639744,7,2732,1151,4763
170308085470533,170308085488271,170308085499382,170308085501582,170308085507415,170308085507478,265650,93825840194560,4375639744,7,2732,1151,4764
170308093783849,170308093799247,170308093810564,170308093812352,170308093817791,170308093817846,265650,93825840194560,4375639744,7,2732,1151,4765
170308102051035,170308102067603,170308102079056,170308102081152,170308102086696,170308102086746,265650,93825840194560,4375639744,7,2732,1151,4766
170308110418651,170308110436276,170308110447566,170308110449871,170308110460473,170308110460533,265650,93825840194560,4375639744,7,2732,1151,4767
170308118795957,170308118815557,170308118827267,170308118829242,170308118835943,170308118836036,265650,93825840194560,4375639744,7,2732,1151,4768
170308127118851,170308127137390,170308127148430,170308127150225,170308127159845,170308127159913,265650,93825840194560,4375639744,7,2732,1151,4769
170308135447720,170308135465449,170308135476109,170308135478116,170308135485584,170308135485646,265650,93825840194560,4375639744,7,2732,1151,4770
170308143787793,170308143804731,170308143816259,170308143818352,170308143826251,170308143826327,265650,93825840194560,4375639744,7,2732,1151,4771
170308152115002,170308152135898,170308152147963,170308152151065,170308152160214,170308152160277,265650,93825840194560,4375639744,7,2732,1151,4772
170308160518819,170308160534932,170308160546743,170308160548338,170308160553998,170308160554111,265650,93825840194560,4375639744,7,2732,1151,4773
170308168818277,170308168838629,170308168850746,170308168853241,170308168860875,170308168860953,265650,93825840194560,4375639744,7,2732,1151,4774
170308177057830,170308177075250,170308177086241,170308177088361,170308177096539,170308177096625,265650,93825840194560,4375639744,7,2732,1151,4775
170308185488649,170308185511970,170308185524755,170308185527869,170308185534586,170308185534666,265650,93825840194560,4375639744,7,2732,1151,4776
170308193803739,170308193821104,170308193832241,170308193834279,170308193864473,170308193864554,265650,93825840194560,4375639744,7,2732,1151,4777
170308202093299,170308202109460,170308202120484,170308202122398,170308202128243,170308202128301,265650,93825840194560,4375639744,7,2732,1151,4778
170308210462822,170308210480207,170308210491243,170308210492844,170308210499999,170308210500055,265650,93825840194560,4375639744,7,2732,1151,4779
170308218801699,170308218819378,170308218830497,170308218832304,170308218841683,170308218841737,265650,93825840194560,4375639744,7,2732,1151,4780
170308227072639,170308227091716,170308227102771,170308227104841,170308227111549,170308227111650,265650,93825840194560,4375639744,7,2732,1151,4781
170308235464389,170308235481743,170308235492797,170308235494841,170308235499926,170308235500007,265650,93825840194560,4375639744,7,2732,1151,4782
170308243814037,170308243832036,170308243843273,170308243845184,170308243852741,170308243852821,265650,93825840194560,4375639744,7,2732,1151,4783
170308252090425,170308252108813,170308252120178,170308252122408,170308252128423,170308252128481,265650,93825840194560,4375639744,7,2732,1151,4784
170308260425203,170308260442719,170308260453711,170308260455709,170308260462573,170308260462631,265650,93825840194560,4375639744,7,2732,1151,4785
170308268762477,170308268779637,170308268790260,170308268792681,170308268798671,170308268798723,265650,93825840194560,4375639744,7,2732,1151,4786
170308277063484,170308277079682,170308277090428,170308277092704,170308277099465,170308277099531,265650,93825840194560,4375639744,7,2732,1151,4787
170308285454113,170308285473425,170308285484641,170308285486864,170308285493896,170308285493957,265650,93825840194560,4375639744,7,2732,1151,4788
170308293859948,170308293875422,170308293887289,170308293889111,170308293894959,170308293895070,265650,93825840194560,4375639744,7,2732,1151,4789
170308302181509,170308302194073,170308302205741,170308302207010,170308302213981,170308302214075,265650,93825840194560,4375639744,7,2732,1151,4790
170308310510759,170308310524061,170308310535051,170308310536462,170308310544121,170308310544209,265650,93825840194560,4375639744,7,2732,1151,4791
170308318877881,170308318891077,170308318902208,170308318903338,170308318908819,170308318908925,265650,93825840194560,4375639744,7,2732,1151,4792
170308327208972,170308327239871,170308327250830,170308327251782,170308327257094,170308327257185,265650,93825840194560,4375639744,7,2732,1151,4793
170308335559027,170308335611898,170308335622601,170308335623562,170308335629513,170308335629593,265650,93825840194560,4375639744,7,2732,1151,4794
170308343800378,170308343814966,170308343826063,170308343827061,170308343831620,170308343831707,265650,93825840194560,4375639744,7,2732,1151,4795
170308352178845,170308352192011,170308352202887,170308352203764,170308352210666,170308352210751,265650,93825840194560,4375639744,7,2732,1151,4796
170308360550011,170308360562724,170308360571504,170308360572779,170308360579067,170308360579133,265650,93825840194560,4375639744,7,2732,1151,4797
170308368811275,170308368825193,170308368836436,170308368837849,170308368844998,170308368845098,265650,93825840194560,4375639744,7,2732,1151,4798
170308377189382,170308377203851,170308377215229,170308377216832,170308377224961,170308377225054,265650,93825840194560,4375639744,7,2732,1151,4799
170308385530781,170308385544043,170308385554837,170308385555905,170308385563458,170308385563545,265650,93825840194560,4375639744,7,2732,1151,4800
170308393831756,170308393840734,170308393849917,170308393850669,170308393856369,170308393856440,265650,93825840194560,4375639744,7,2732,1151,4801
