start,geometry,clip,blit,flush,end,hwnd,surface,thread,outcome,width,height,commit
170289094065562,170289094082578,170289094094218,170289094096255,170289094101128,170289094101173,265650,93825840194560,4375639744,7,2732,1151,2610
170289102351950,170289102369299,170289102380510,170289102382507,170289102389964,170289102390019,265650,93825840194560,4375639744,7,2732,1151,2611
170289110732510,170289110749711,170289110760708,170289110762573,170289110768905,170289110768977,265650,93825840194560,4375639744,7,2732,1151,2612
170289119082339,170289119100181,170289119111659,170289119113650,170289119118993,170289119119047,265650,93825840194560,4375639744,7,2732,1151,2613
170289127363875,170289127376893,170289127386181,170289127387833,170289127393314,170289127393389,265650,93825840194560,4375639744,7,2732,1151,2614
170289135732900,170289135745019,170289135755733,170289135756689,170289135762141,170289135762217,265650,93825840194560,4375639744,7,2732,1151,2615
170289144110635,170289144130558,170289144142608,170289144145110,170289144156601,170289144156721,265650,93825840194560,4375639744,7,2732,1151,2616
170289152355193,170289152372912,170289152383943,170289152386081,170289152392172,170289152392228,265650,93825840194560,4375639744,7,2732,1151,2617
170289160720877,170289160735251,170289160746470,170289160748457,170289160753898,170289160753952,265650,93825840194560,4375639744,7,2732,1151,2618
170289169056404,170289169073946,170289169085427,170289169087385,170289169094211,170289169094254,265650,93825840194560,4375639744,7,2732,1151,2619
170289177344262,170289177362332,170289177373546,170289177375304,170289177381804,170289177381861,265650,93825840194560,4375639744,7,2732,1151,2620
170289185742792,170289185765375,170289185777612,170289185780300,170289185789072,170289185789137,265650,93825840194560,4375639744,7,2732,1151,2621
170289194057893,170289194074475,170289194085602,170289194087268,170289194091905,170289194091970,265650,93825840194560,4375639744,7,2732,1151,2622
170289202349817,170289202367340,170289202379233,170289202381256,170289202387815,170289202387860,265650,93825840194560,4375639744,7,2732,1151,2623
170289210715614,170289210733455,170289210746684,170289210749575,170289210757835,170289210757902,265650,93825840194560,4375639744,7,2732,1151,2624
170289219064911,170289219081956,170289219093514,170289219095433,170289219101069,170289219101120,265650,93825840194560,4375639744,7,2732,1151,2625
170289227347213,170289227364721,170289227376083,170289227377869,170289227383771,170289227383825,265650,93825840194560,4375639744,7,2732,1151,2626
170289235727624,170289235746366,170289235757745,170289235760223,170289235768179,170289235768259,265650,93825840194560,4375639744,7,2732,1151,2627
170289244142490,170289244174902,170289244186228,170289244188396,170289244196893,170289244196973,265650,93825840194560,4375639744,7,2732,1151,2628
170289252370920,170289252389360,170289252400535,170289252403071,170289252410237,170289252410314,265650,93825840194560,4375639744,7,2732,1151,2629
170289260701085,170289260720265,170289260731205,170289260733548,170289260739540,170289260739609,265650,93825840194560,4375639744,7,2732,1151,2630
170289269071856,170289269088466,170289269099475,170289269101897,170289269106671,170289269106742,265650,93825840194560,4375639744,7,2732,1151,2631
170289277355185,170289277373401,170289277385274,170289277388322,170289277395110,170289277395159,265650,93825840194560,4375639744,7,2732,1151,2632
170289285681732,170289285699374,170289285710434,170289285712372,170289285719189,170289285719257,265650,93825840194560,4375639744,7,2732,1151,2633
170289294046522,170289294067450,170289294079087,170289294081948,170289294090938,170289294091161,265650,93825840194560,4375639744,7,2732,1151,2634
170289302369177,170289302388921,170289302400736,170289302403702,170289302410344,170289302410425,265650,93825840194560,4375639744,7,2732,1151,2635
170289310721735,170289310743079,170289310755391,170289310758493,170289310766865,170289310766956,265650,93825840194560,4375639744,7,2732,1151,2636
170289319064057,170289319081359,170289319092498,170289319094762,170289319100450,170289319100514,265650,93825840194560,4375639744,7,2732,1151,2637
170289327367929,170289327389653,170289327401373,170289327404399,170289327417835,170289327417899,265650,93825840194560,4375639744,7,2732,1151,2638
170289335746042,170289335769641,170289335781548,170289335784497,170289335792771,170289335792837,265650,93825840194560,4375639744,7,2732,1151,2639
170289344011722,170289344026002,170289344036637,170289344038790,170289344044126,170289344044192,265650,93825840194560,4375639744,7,2732,1151,2640
170289352352803,170289352368806,170289352379930,170289352381949,170289352388686,170289352388740,265650,93825840194560,4375639744,7,2732,1151,2641
170289360676512,170289360691510,170289360702214,170289360704047,170289360709175,170289360709245,265650,93825840194560,4375639744,7,2732,1151,2642
170289369106187,170289369124508,170289369135784,170289369138087,170289369148976,170289369149061,265650,93825840194560,4375639744,7,2732,1151,2643
170289377364565,170289377384539,170289377395889,170289377398415,170289377406585,170289377406645,265650,93825840194560,4375639744,7,2732,1151,2644
170289385696923,170289385715796,170289385727264,170289385729714,170289385738026,170289385738072,265650,93825840194560,4375639744,7,2732,1151,2645
170289394090309,170289394109650,170289394122720,170289394124730,170289394129498,170289394129544,265650,93825840194560,4375639744,7,2732,1151,2646
170289403109993,170289403132031,170289403143446,170289403146330,170289403160114,170289403160163,265650,93825840194560,4375639744,7,2732,1151,2647
170289410745301,170289410764824,170289410776180,170289410778729,170289410791111,170289410791195,265650,93825840194560,4375639744,7,2732,1151,2648
170289419074354,170289419094225,170289419105526,170289419108345,170289419127689,170289419127821,265650,93825840194560,4375639744,7,2732,1151,2649
170289427369562,170289427387310,170289427398285,170289427400207,170289427409816,170289427409861,265650,93825840194560,4375639744,7,2732,1151,2650
170289435694525,170289435711656,170289435723313,170289435725881,170289435735902,170289435735958,265650,93825840194560,4375639744,7,2732,1151,2651
170289444065661,170289444083987,170289444094678,170289444096823,170289444105244,170289444105295,265650,93825840194560,4375639744,7,2732,1151,2652
170289452362232,170289452377222,170289452388512,170289452390510,170289452397614,170289452397676,265650,93825840194560,4375639744,7,2732,1151,2653
170289460704605,170289460721988,170289460733361,170289460735341,170289460745046,170289460745108,265650,93825840194560,4375639744,7,2732,1151,2654
170289469073821,170289469090863,170289469102217,170289469104321,170289469110106,170289469110172,265650,93825840194560,4375639744,7,2732,1151,2655
170289477381162,170289477399861,170289477411728,170289477414468,170289477424548,170289477424611,265650,93825840194560,4375639744,7,2732,1151,2656
170289485778036,170289485799223,170289485810689,170289485813588,170289485821933,170289485821989,265650,93825840194560,4375639744,7,2732,1151,2657
170289494080380,170289494095462,170289494106123,170289494108273,170289494116353,170289494116418,265650,93825840194560,4375639744,7,2732,1151,2658
170289502452560,170289502467368,170289502476272,170289502477585,170289502482713,170289502482781,265650,93825840194560,4375639744,7,2732,1151,2659
170289510831758,170289510844589,170289510856008,170289510857694,170289510863365,170289510863446,265650,93825840194560,4375639744,7,2732,1151,2660
170289519118586,170289519131047,170289519141825,170289519142682,170289519149304,170289519149377,265650,93825840194560,4375639744,7,2732,1151,2661
170289527438269,170289527448896,170289527457768,170289527458581,170289527463431,170289527463494,265650,93825840194560,4375639744,7,2732,1151,2662
170289535772151,170289535784670,170289535795368,170289535796409,170289535802323,170289535802394,265650,93825840194560,4375639744,7,2732,1151,2663
170289544127445,170289544140402,170289544151091,170289544152040,170289544157763,170289544157836,265650,93825840194560,4375639744,7,2732,1151,2664
170289552420236,170289552433074,170289552443757,170289552444813,170289552450014,170289552450090,265650,93825840194560,4375639744,7,2732,1151,2665
170289560828120,170289560840804,170289560851380,170289560852132,170289560857430,170289560857503,265650,93825840194560,4375639744,7,2732,1151,2666
170289569185032,170289569215404,170289569226220,170289569227209,170289569234159,170289569234234,265650,93825840194560,4375639744,7,2732,1151,2667
170289577452350,170289577461818,170289577470120,170289577470767,170289577485139,170289577485196,265650,93825840194560,4375639744,7,2732,1151,2668
170289585843930,170289585859876,170289585871805,170289585873832,170289585879982,170289585880081,265650,93825840194560,4375639744,7,2732,1151,2669
170289594182139,170289594195041,170289594206262,170289594207350,170289594214827,170289594214922,265650,93825840194560,4375639744,7,2732,1151,2670
170289602393782,170289602414788,170289602427006,170289602429679,170289602438784,170289602438878,265650,93825840194560,4375639744,7,2732,1151,2671
170289610770231,170289610786190,170289610797661,170289610799652,170289610805315,170289610805384,265650,93825840194560,4375639744,7,2732,1151,2672
170289619076522,170289619094061,170289619105563,170289619107826,170289619114969,170289619115046,265650,93825840194560,4375639744,7,2732,1151,2673
170289627394492,170289627411312,170289627422632,170289627424361,170289627432403,170289627432480,265650,93825840194560,4375639744,7,2732,1151,2674
170289635725276,170289635742163,170289635752704,170289635754593,170289635762210,170289635762282,265650,93825840194560,4375639744,7,2732,1151,2675
170289644103852,170289644121394,170289644132360,170289644134556,170289644140015,170289644140081,265650,93825840194560,4375639744,7,2732,1151,2676
170289652378087,170289652393731,170289652404874,170289652406833,170289652411558,170289652411633,265650,93825840194560,4375639744,7,2732,1151,2677
170289660705408,170289660719264,170289660730352,170289660731876,170289660737142,170289660737209,265650,93825840194560,4375639744,7,2732,1151,2678
170289669105672,170289669122579,170289669133467,170289669135292,170289669140220,170289669140290,265650,93825840194560,4375639744,7,2732,1151,2679
170289677426918,170289677450728,170289677462612,170289677465630,170289677476277,170289677476339,265650,93825840194560,4375639744,7,2732,1151,2680
170289685785104,170289685807498,170289685820633,170289685823876,170289685829787,170289685829838,265650,93825840194560,4375639744,7,2732,1151,2681
170289694091214,170289694108389,170289694119508,170289694121553,170289694127481,170289694127552,265650,93825840194560,4375639744,7,2732,1151,2682
170289702399350,170289702417560,170289702428892,170289702430801,170289702439486,170289702439546,265650,93825840194560,4375639744,7,2732,1151,2683
170289710776656,170289710795128,170289710806338,170289710808759,170289710816530,170289710816601,265650,93825840194560,4375639744,7,2732,1151,2684
170289719062849,170289719080641,170289719092100,170289719094064,170289719099611,170289719099665,265650,93825840194560,4375639744,7,2732,1151,2685
170289727448597,170289727469466,170289727482247,170289727485403,170289727493103,170289727493168,265650,93825840194560,4375639744,7,2732,1151,2686
170289735798968,170289735823199,170289735835025,170289735837866,170289735846672,170289735846728,265650,93825840194560,4375639744,7,2732,1151,2687
170289744110242,170289744127483,170289744138631,170289744140732,170289744146088,170289744146159,265650,93825840194560,4375639744,7,2732,1151,2688
170289752415673,170289752432139,170289752443457,170289752445638,170289752452037,170289752452106,265650,93825840194560,4375639744,7,2732,1151,2689
170289760713073,170289760728422,170289760739088,170289760740871,170289760744968,170289760745027,265650,93825840194560,4375639744,7,2732,1151,2690
170289769113440,170289769129791,170289769140459,170289769142469,170289769155493,170289769155554,265650,93825840194560,4375639744,7,2732,1151,2691
170289777445992,170289777463822,170289777474950,170289777477320,170289777484578,170289777484634,265650,93825840194560,4375639744,7,2732,1151,2692
170289785782275,170289785798020,170289785809762,170289785811904,170289785832313,170289785832381,265650,93825840194560,4375639744,7,2732,1151,2693
170289794119829,170289794137426,170289794148567,170289794150626,170289794165110,170289794165163,265650,93825840194560,4375639744,7,2732,1151,2694
170289802408447,170289802426402,170289802437609,170289802439492,170289802451010,170289802451067,265650,93825840194560,4375639744,7,2732,1151,2695
170289810747928,170289810769050,170289810780642,170289810782877,170289810790857,170289810790925,265650,93825840194560,4375639744,7,2732,1151,2696
170289819067089,170289819083567,170289819094718,170289819096580,170289819105653,170289819105730,265650,93825840194560,4375639744,7,2732,1151,2697
170289827408669,170289827429522,170289827441869,170289827444823,170289827455704,170289827455780,265650,93825840194560,4375639744,7,2732,1151,2698
170289835790895,170289835812686,170289835824644,170289835827802,170289835838005,170289835838067,265650,93825840194560,4375639744,7,2732,1151,2699
170289844119046,170289844137304,170289844148843,170289844150980,170289844157864,170289844157936,265650,93825840194560,4375639744,7,2732,1151,2700
170289852409081,170289852432909,170289852445417,170289852448592,170289852459204,170289852459273,265650,93825840194560,4375639744,7,2732,1151,2701
170289860786142,170289860806175,170289860818915,170289860822037,170289860830403,170289860830445,265650,93825840194560,4375639744,7,2732,1151,2702
170289869101640,170289869118960,170289869130140,170289869132158,170289869143250,170289869143313,265650,93825840194560,4375639744,7,2732,1151,2703
170289877465791,170289877484695,170289877496521,170289877498816,170289877509102,170289877509161,265650,93825840194560,4375639744,7,2732,1151,2704
170289885757262,170289885775285,170289885787220,170289885790139,170289885801829,170289885801892,265650,93825840194560,4375639744,7,2732,1151,2705
170289894110767,170289894127296,170289894138710,170289894140875,170289894148857,170289894148928,265650,93825840194560,4375639744,7,2732,1151,2706
170289902431388,170289902448579,170289902460248,170289902462603,170289902474412,170289902474497,265650,93825840194560,4375639744,7,2732,1151,2707
170289910829242,170289910853972,170289910866862,170289910870355,170289910881648,170289910881704,265650,93825840194560,4375639744,7,2732,1151,2708
170289919134735,170289919152554,170289919163560,170289919165986,170289919175342,170289919175428,265650,93825840194560,4375639744,7,2732,1151,2709
170289927499335,170289927521914,170289927534150,170289927537376,170289927553769,170289927553831,265650,93825840194560,4375639744,7,2732,1151,2710
170289935808691,170289935826634,170289935838131,170289935840251,170289935848509,170289935848554,265650,93825840194560,4375639744,7,2732,1151,2711
170289944148339,170289944172608,170289944184770,170289944187780,170289944200708,170289944200770,265650,93825840194560,4375639744,7,2732,1151,2712
170289952447680,170289952472564,170289952485134,170289952488475,170289952503319,170289952503383,265650,93825840194560,4375639744,7,2732,1151,2713
170289960785467,170289960800442,170289960812242,170289960814040,170289960818948,170289960819061,265650,93825840194560,4375639744,7,2732,1151,2714
170289969107901,170289969124500,170289969135680,170289969137582,170289969144187,170289969144247,265650,93825840194560,4375639744,7,2732,1151,2715
170289977460194,170289977477625,170289977489866,170289977492714,170289977500831,170289977500894,265650,93825840194560,4375639744,7,2732,1151,2716
170289985809906,170289985832273,170289985844956,170289985848234,170289985857043,170289985857103,265650,93825840194560,4375639744,7,2732,1151,2717
170289994114539,170289994131678,170289994143798,170289994145652,170289994150231,170289994150288,265650,93825840194560,4375639744,7,2732,1151,2718
170290002475912,170290002492174,170290002502228,170290002504311,170290002512281,170290002512360,265650,93825840194560,4375639744,7,2732,1151,2719
170290010818242,170290010835738,170290010845828,170290010848702,170290010862983,170290010863063,265650,93825840194560,4375639744,7,2732,1151,2720
170290019095162,170290019110616,170290019120715,170290019123085,170290019129707,170290019129783,265650,93825840194560,4375639744,7,2732,1151,2721
170290027498436,170290027513396,170290027522727,170290027525244,170290027536109,170290027536176,265650,93825840194560,4375639744,7,2732,1151,2722
170290035842704,170290035865203,170290035877276,170290035879856,170290035886785,170290035886867,265650,93825840194560,4375639744,7,2732,1151,2723
170290044173266,170290044195829,170290044207890,170290044210318,170290044217522,170290044217624,265650,93825840194560,4375639744,7,2732,1151,2724
170290052474719,170290052496741,170290052509095,170290052511809,170290052520805,170290052520908,265650,93825840194560,4375639744,7,2732,1151,2725
170290060859329,170290060882345,170290060894663,170290060897381,170290060911416,170290060911519,265650,93825840194560,4375639744,7,2732,1151,2726
170290069086982,170290069107096,170290069118776,170290069121100,170290069127178,170290069127265,265650,93825840194560,4375639744,7,2732,1151,2727
170290077431821,170290077450253,170290077461479,170290077463416,170290077471371,170290077471440,265650,93825840194560,4375639744,7,2732,1151,2728
170290085839589,170290085863441,170290085875318,170290085878593,170290085889848,170290085889933,265650,93825840194560,4375639744,7,2732,1151,2729
170290094096928,170290094115261,170290094126683,170290094128838,170290094138064,170290094138144,265650,93825840194560,4375639744,7,2732,1151,2730
170290102521511,170290102537759,170290102549499,170290102551250,170290102554954,170290102555039,265650,93825840194560,4375639744,7,2732,1151,2731
170290110847518,170290110860698,170290110871816,170290110872963,170290110878581,170290110878665,265650,93825840194560,4375639744,7,2732,1151,2732
170290119120004,170290119140005,170290119152624,170290119155344,170290119161633,170290119161750,265650,93825840194560,4375639744,7,2732,1151,2733
170290127446427,170290127463946,170290127475437,170290127477777,170290127485705,170290127485768,265650,93825840194560,4375639744,7,2732,1151,2734
170290135815849,170290135839646,170290135851674,170290135854937,170290135864882,170290135864932,265650,93825840194560,4375639744,7,2732,1151,2735
170290144114978,170290144132932,170290144144061,170290144146055,170290144152973,170290144153048,265650,93825840194560,4375639744,7,2732,1151,2736
170290152453371,170290152469777,170290152481481,170290152482856,170290152493258,170290152493350,265650,93825840194560,4375639744,7,2732,1151,2737
170290160768248,170290160786169,170290160797868,170290160800140,170290160806693,170290160806735,265650,93825840194560,4375639744,7,2732,1151,2738
170290169112252,170290169128874,170290169139808,170290169141641,170290169147557,170290169147628,265650,93825840194560,4375639744,7,2732,1151,2739
170290177483927,170290177507830,170290177519862,170290177523273,170290177533153,170290177533280,265650,93825840194560,4375639744,7,2732,1151,2740
170290185818170,170290185835987,170290185847117,170290185849187,170290185855803,170290185855863,265650,93825840194560,4375639744,7,2732,1151,2741
170290194105093,170290194123159,170290194134229,170290194136154,170290194145508,170290194145572,265650,93825840194560,4375639744,7,2732,1151,2742
170290202431491,170290202448431,170290202459322,170290202461302,170290202470658,170290202470720,265650,93825840194560,4375639744,7,2732,1151,2743
170290210819650,170290210843002,170290210855118,170290210857686,170290210871938,170290210871992,265650,93825840194560,4375639744,7,2732,1151,2744
170290219110381,170290219127707,170290219139262,170290219141456,170290219151276,170290219151348,265650,93825840194560,4375639744,7,2732,1151,2745
170290227506222,170290227527964,170290227540828,170290227543876,170290227557028,170290227557087,265650,93825840194560,4375639744,7,2732,1151,2746
170290235820142,170290235836731,170290235847052,170290235848949,170290235858915,170290235859000,265650,93825840194560,4375639744,7,2732,1151,2747
170290244113533,170290244130904,170290244141973,170290244143819,170290244155005,170290244155063,265650,93825840194560,4375639744,7,2732,1151,2748
170290252441792,170290252459508,170290252470391,170290252472327,170290252481333,170290252481386,265650,93825840194560,4375639744,7,2732,1151,2749
170290260764355,170290260780336,170290260791754,170290260793736,170290260802295,170290260802353,265650,93825840194560,4375639744,7,2732,1151,2750
170290269135396,170290269153783,170290269164572,170290269166273,170290269174361,170290269174413,265650,93825840194560,4375639744,7,2732,1151,2751
170290277477726,170290277494978,170290277505992,170290277507857,170290277516247,170290277516290,265650,93825840194560,4375639744,7,2732,1151,2752
170290285847048,170290285871738,170290285883775,170290285886769,170290285901552,170290285901615,265650,93825840194560,4375639744,7,2732,1151,2753
170290294141286,170290294157517,170290294169393,170290294171531,170290294177220,170290294177320,265650,93825840194560,4375639744,7,2732,1151,2754
170290302515814,170290302529919,170290302539594,170290302541584,170290302550688,170290302550766,265650,93825840194560,4375639744,7,2732,1151,2755
170290310956115,170290310970383,170290310981758,170290310983661,170290310989512,170290310989600,265650,93825840194560,4375639744,7,2732,1151,2756
170290319174387,170290319187619,170290319198624,170290319199998,170290319209409,170290319209502,265650,93825840194560,4375639744,7,2732,1151,2757
170290327582022,170290327620181,170290327630810,170290327631865,170290327638102,170290327638229,265650,93825840194560,4375639744,7,2732,1151,2758
170290335837997,170290335847852,170290335856040,170290335856744,170290335861364,170290335861442,265650,93825840194560,4375639744,7,2732,1151,2759
170290344183530,170290344199593,170290344210079,170290344210924,170290344217042,170290344217131,265650,93825840194560,4375639744,7,2732,1151,2760
170290352590526,170290352604086,170290352614931,170290352616573,170290352624351,170290352624428,265650,93825840194560,4375639744,7,2732,1151,2761
170290360855866,170290360872764,170290360884889,170290360885961,170290360893374,170290360893462,265650,93825840194560,4375639744,7,2732,1151,2762
170290369146663,170290369168536,170290369180644,170290369183495,170290369194862,170290369194957,265650,93825840194560,4375639744,7,2732,1151,2763
170290377537670,170290377564854,170290377576835,170290377580194,170290377591793,170290377591870,265650,93825840194560,4375639744,7,2732,1151,2764
170290385825380,170290385842998,170290385854238,170290385856476,170290385865722,170290385865767,265650,93825840194560,4375639744,7,2732,1151,2765
170290394119342,170290394134353,170290394144995,170290394146676,170290394152165,170290394152223,265650,93825840194560,4375639744,7,2732,1151,2766
170290402451428,170290402469230,170290402480037,170290402481988,170290402487562,170290402487632,265650,93825840194560,4375639744,7,2732,1151,2767
170290410836342,170290410853029,170290410863941,170290410865840,170290410871359,170290410871414,265650,93825840194560,4375639744,7,2732,1151,2768
170290419117709,170290419135283,170290419146481,170290419148535,170290419157381,170290419157446,265650,93825840194560,4375639744,7,2732,1151,2769
170290427495900,170290427512751,170290427523501,170290427525434,170290427532579,170290427532653,265650,93825840194560,4375639744,7,2732,1151,2770
170290435779958,170290435796719,170290435807617,170290435809409,170290435815734,170290435815797,265650,93825840194560,4375639744,7,2732,1151,2771
170290444119523,170290444138784,170290444150105,170290444152272,170290444157321,170290444157413,265650,93825840194560,4375639744,7,2732,1151,2772
170290452452881,170290452469896,170290452480958,170290452483369,170290452489179,170290452489237,265650,93825840194560,4375639744,7,2732,1151,2773
170290460818599,170290460833936,170290460845568,170290460847435,170290460852095,170290460852153,265650,93825840194560,4375639744,7,2732,1151,2774
170290469116910,170290469134688,170290469146621,170290469148784,170290469154355,170290469154423,265650,93825840194560,4375639744,7,2732,1151,2775
170290477497433,170290477521286,170290477533273,170290477536494,170290477545785,170290477545850,265650,93825840194560,4375639744,7,2732,1151,2776
170290485828171,170290485846276,170290485857164,170290485858964,170290485867966,170290485868030,265650,93825840194560,4375639744,7,2732,1151,2777
170290494129515,170290494148542,170290494160976,170290494163528,170290494173668,170290494173749,265650,93825840194560,4375639744,7,2732,1151,2778
170290502458915,170290502477415,170290502489162,170290502491021,170290502499000,170290502499051,265650,93825840194560,4375639744,7,2732,1151,2779
170290510816895,170290510839166,170290510850972,170290510853377,170290510861115,170290510861200,265650,93825840194560,4375639744,7,2732,1151,2780
170290519125439,170290519141770,170290519153080,170290519155062,170290519162129,170290519162210,265650,93825840194560,4375639744,7,2732,1151,2781
170290527515913,170290527538983,170290527550938,170290527553732,170290527564909,170290527564955,265650,93825840194560,4375639744,7,2732,1151,2782
170290535858022,170290535881163,170290535893233,170290535896829,170290535907416,170290535907474,265650,93825840194560,4375639744,7,2732,1151,2783
170290544126353,170290544144229,170290544155624,170290544157758,170290544165042,170290544165110,265650,93825840194560,4375639744,7,2732,1151,2784
170290552463585,170290552480576,170290552491855,170290552493588,170290552502102,170290552502166,265650,93825840194560,4375639744,7,2732,1151,2785
170290560855953,170290560878353,170290560889613,170290560892618,170290560902207,170290560902261,265650,93825840194560,4375639744,7,2732,1151,2786
170290569166674,170290569190520,170290569202722,170290569205636,170290569216165,170290569216212,265650,93825840194560,4375639744,7,2732,1151,2787
170290577460626,170290577478848,170290577490071,170290577492179,170290577500612,170290577500677,265650,93825840194560,4375639744,7,2732,1151,2788
170290585854986,170290585877187,170290585888944,170290585891879,170290585900691,170290585900883,265650,93825840194560,4375639744,7,2732,1151,2789
170290594161164,170290594184108,170290594196178,170290594199372,170290594216854,170290594216915,265650,93825840194560,4375639744,7,2732,1151,2790
170290602468383,170290602486185,170290602497922,170290602500143,170290602509539,170290602509596,265650,93825840194560,4375639744,7,2732,1151,2791
170290610814901,170290610837499,170290610850630,170290610853931,170290610863440,170290610863507,265650,93825840194560,4375639744,7,2732,1151,2792
170290619130818,170290619147683,170290619158945,170290619160909,170290619172339,170290619172408,265650,93825840194560,4375639744,7,2732,1151,2793
170290627534727,170290627557492,170290627569450,170290627572330,170290627583118,170290627583178,265650,93825840194560,4375639744,7,2732,1151,2794
170290635790646,170290635807730,170290635818521,170290635820406,170290635827999,170290635828057,265650,93825840194560,4375639744,7,2732,1151,2795
170290644145876,170290644162283,170290644172957,170290644174771,170290644183381,170290644183450,265650,93825840194560,4375639744,7,2732,1151,2796
170290652460449,170290652477400,170290652488395,170290652490196,170290652496947,170290652497017,265650,93825840194560,4375639744,7,2732,1151,2797
170290660857508,170290660874837,170290660885975,170290660888314,170290660908169,170290660908245,265650,93825840194560,4375639744,7,2732,1151,2798
170290669149404,170290669164771,170290669177111,170290669178886,170290669183903,170290669183991,265650,93825840194560,4375639744,7,2732,1151,2799
170290677574755,170290677607573,170290677618059,170290677619042,170290677624731,170290677624822,265650,93825840194560,4375639744,7,2732,1151,2800
170290685918949,170290685968338,170290685981509,170290685982881,170290685987594,170290685987672,265650,93825840194560,4375639744,7,2732,1151,2801
170290694197633,170290694210479,170290694221228,170290694222134,170290694227317,170290694227393,265650,93825840194560,4375639744,7,2732,1151,2802
170290702549463,170290702560142,170290702568434,170290702569127,170290702575345,170290702575401,265650,93825840194560,4375639744,7,2732,1151,2803
170290710848440,170290710867599,170290710878960,170290710881638,170290710892514,170290710892612,265650,93825840194560,4375639744,7,2732,1151,2804
170290719152209,170290719170136,170290719181260,170290719183366,170290719194645,170290719194713,265650,93825840194560,4375639744,7,2732,1151,2805
170290727461739,170290727475271,170290727486368,170290727488062,170290727496350,170290727496414,265650,93825840194560,4375639744,7,2732,1151,2806
170290735856330,170290735873785,170290735884737,170290735886838,170290735895326,170290735895380,265650,93825840194560,4375639744,7,2732,1151,2807
170290744137578,170290744155285,170290744166480,170290744168461,170290744177064,170290744177133,265650,93825840194560,4375639744,7,2732,1151,2808
170290752486398,170290752503251,170290752515004,170290752517210,170290752522823,170290752522867,265650,93825840194560,4375639744,7,2732,1151,2809
170290760805333,170290760822423,170290760833584,170290760835438,170290760843094,170290760843145,265650,93825840194560,4375639744,7,2732,1151,2810
170290769143927,170290769161641,170290769172556,170290769174666,170290769181403,170290769181485,265650,93825840194560,4375639744,7,2732,1151,2811
170290777505924,170290777529743,170290777541329,170290777543843,170290777550881,170290777550925,265650,93825840194560,4375639744,7,2732,1151,2812
170290785881886,170290785903970,170290785916571,170290785919461,170290785928824,170290785928877,265650,93825840194560,4375639744,7,2732,1151,2813
170290794291782,170290794313477,170290794325242,170290794327076,170290794336885,170290794336959,265650,93825840194560,4375639744,7,2732,1151,2814
170290802558785,170290802584135,170290802596758,170290802599376,170290802614097,170290802614182,265650,93825840194560,4375639744,7,2732,1151,2815
170290810991765,170290811018477,170290811030550,170290811033334,170290811050303,170290811050390,265650,93825840194560,4375639744,7,2732,1151,2816
170290819140218,170290819158013,170290819168969,170290819171224,170290819181373,170290819181449,265650,93825840194560,4375639744,7,2732,1151,2817
170290827533206,170290827553606,170290827566127,170290827569213,170290827576508,170290827576569,265650,93825840194560,4375639744,7,2732,1151,2818
170290835873396,170290835892508,170290835904072,170290835906240,170290835915928,170290835916000,265650,93825840194560,4375639744,7,2732,1151,2819
170290844178259,170290844197848,170290844209463,170290844212050,170290844221843,170290844221920,265650,93825840194560,4375639744,7,2732,1151,2820
170290852486939,170290852501976,170290852513107,170290852514843,170290852523148,170290852523218,265650,93825840194560,4375639744,7,2732,1151,2821
170290860867117,170290860886452,170290860898450,170290860901583,170290860912787,170290860912841,265650,93825840194560,4375639744,7,2732,1151,2822
170290869153965,170290869171872,170290869183495,170290869185944,170290869197040,170290869197094,265650,93825840194560,4375639744,7,2732,1151,2823
170290877478820,170290877495910,170290877506982,170290877508914,170290877520730,170290877520795,265650,93825840194560,4375639744,7,2732,1151,2824
170290885874200,170290885893046,170290885904686,170290885906676,170290885918450,170290885918505,265650,93825840194560,4375639744,7,2732,1151,2825
170290894190731,170290894209216,170290894220963,170290894222922,170290894231094,170290894231170,265650,93825840194560,4375639744,7,2732,1151,2826
170290902504355,170290902523158,170290902534179,170290902536395,170290902547470,170290902547537,265650,93825840194560,4375639744,7,2732,1151,2827
170290910847358,170290910860236,170290910871167,170290910872756,170290910880385,170290910880450,265650,93825840194560,4375639744,7,2732,1151,2828
170290919149257,170290919169730,170290919182884,170290919186050,170290919193079,170290919193144,265650,93825840194560,4375639744,7,2732,1151,2829
170290927522266,170290927537756,170290927549171,170290927550912,170290927556463,170290927556517,265650,93825840194560,4375639744,7,2732,1151,2830
170290935827282,170290935844999,170290935856217,170290935858161,170290935866309,170290935866364,265650,93825840194560,4375639744,7,2732,1151,2831
170290944144892,170290944159714,170290944170916,170290944172614,170290944178142,170290944178199,265650,93825840194560,4375639744,7,2732,1151,2832
170290952476606,170290952493325,170290952504046,170290952505680,170290952511363,170290952511416,265650,93825840194560,4375639744,7,2732,1151,2833
170290960855544,170290960869384,170290960879597,170290960881070,170290960885090,170290960885159,265650,93825840194560,4375639744,7,2732,1151,2834
170290969148259,170290969165535,170290969176339,170290969178291,170290969184108,170290969184188,265650,93825840194560,4375639744,7,2732,1151,2835
170290977515382,170290977535493,170290977547314,170290977549863,170290977558308,170290977558371,265650,93825840194560,4375639744,7,2732,1151,2836
170290985856930,170290985873468,170290985884860,170290985886632,170290985894711,170290985894754,265650,93825840194560,4375639744,7,2732,1151,2837
170290994135106,170290994148308,170290994158986,170290994160801,170290994167629,170290994167702,265650,93825840194560,4375639744,7,2732,1151,2838
170291002499714,170291002518017,170291002529112,170291002530894,170291002538837,170291002538983,265650,93825840194560,4375639744,7,2732,1151,2839
170291010838120,170291010858334,170291010871039,170291010874119,170291010884628,170291010884684,265650,93825840194560,4375639744,7,2732,1151,2840
170291019127435,170291019146247,170291019157540,170291019159243,170291019168223,170291019168311,265650,93825840194560,4375639744,7,2732,1151,2841
170291027507480,170291027530909,170291027542658,170291027545447,170291027558662,170291027558733,265650,93825840194560,4375639744,7,2732,1151,2842
170291035820804,170291035839486,170291035851021,170291035853035,170291035861404,170291035861616,265650,93825840194560,4375639744,7,2732,1151,2843
170291044160975,170291044181302,170291044191988,170291044193839,170291044203766,170291044203816,265650,93825840194560,4375639744,7,2732,1151,2844
170291052586957,170291052601524,170291052610514,170291052611928,170291052616890,170291052616953,265650,93825840194560,4375639744,7,2732,1151,2845
170291060894457,170291060907726,170291060918850,170291060920237,170291060928319,170291060928412,265650,93825840194560,4375639744,7,2732,1151,2846
170291069259152,170291069272797,170291069283897,170291069285089,170291069290570,170291069290663,265650,93825840194560,4375639744,7,2732,1151,2847
170291077557819,170291077567716,170291077575713,170291077576449,170291077579783,170291077579846,265650,93825840194560,4375639744,7,2732,1151,2848
170291085970832,170291086021320,170291086032301,170291086033421,170291086038794,170291086038883,265650,93825840194560,4375639744,7,2732,1151,2849
170291094181808,170291094192152,170291094200408,170291094201229,170291094206315,170291094206460,265650,93825840194560,4375639744,7,2732,1151,2850
170291102495052,170291102506815,170291102515655,170291102516962,170291102520407,170291102520483,265650,93825840194560,4375639744,7,2732,1151,2851
170291110894927,170291110908985,170291110920110,170291110921543,170291110927591,170291110927686,265650,93825840194560,4375639744,7,2732,1151,2852
170291119180276,170291119199633,170291119211439,170291119213915,170291119223073,170291119223165,265650,93825840194560,4375639744,7,2732,1151,2853
170291127593675,170291127616252,170291127628358,170291127631883,170291127643723,170291127643807,265650,93825840194560,4375639744,7,2732,1151,2854
170291135824213,170291135841595,170291135852947,170291135855089,170291135861292,170291135861383,265650,93825840194560,4375639744,7,2732,1151,2855
170291144247949,170291144263119,170291144274630,170291144276190,170291144280285,170291144280383,265650,93825840194560,4375639744,7,2732,1151,2856
170291152602367,170291152673834,170291152684518,170291152685827,170291152690554,170291152690634,265650,93825840194560,4375639744,7,2732,1151,2857
170291160896746,170291160908986,170291160919508,170291160920403,170291160925462,170291160925534,265650,93825840194560,4375639744,7,2732,1151,2858
170291169217734,170291169230411,170291169241311,170291169242186,170291169246361,170291169246444,265650,93825840194560,4375639744,7,2732,1151,2859
170291177559413,170291177568856,170291177576613,170291177577444,170291177581799,170291177581868,265650,93825840194560,4375639744,7,2732,1151,2860
170291185958150,170291185970801,170291185981340,170291185982433,170291185987146,170291185987231,265650,93825840194560,4375639744,7,2732,1151,2861
170291194250796,170291194263111,170291194273778,170291194274649,170291194279286,170291194279368,265650,93825840194560,4375639744,7,2732,1151,2862
170291202553171,170291202567979,170291202577866,170291202579134,170291202585141,170291202585226,265650,93825840194560,4375639744,7,2732,1151,2863
170291210914069,170291210927728,170291210938802,170291210940078,170291210947658,170291210947753,265650,93825840194560,4375639744,7,2732,1151,2864
170291219267915,170291219346040,170291219357174,170291219358606,170291219364216,170291219364311,265650,93825840194560,4375639744,7,2732,1151,2865
170291227591938,170291227606583,170291227618012,170291227619351,170291227626135,170291227626232,265650,93825840194560,4375639744,7,2732,1151,2866
170291235921145,170291235935092,170291235946136,170291235947188,170291235952508,170291235952600,265650,93825840194560,4375639744,7,2732,1151,2867
170291244301371,170291244352582,170291244363167,170291244364256,170291244371005,170291244371080,265650,93825840194560,4375639744,7,2732,1151,2868
170291252576867,170291252590772,170291252601797,170291252603362,170291252609000,170291252609114,265650,93825840194560,4375639744,7,2732,1151,2869
170291260873181,170291260888428,170291260899710,170291260901576,170291260906824,170291260906914,265650,93825840194560,4375639744,7,2732,1151,2870
170291269245600,170291269258699,170291269269698,170291269271326,170291269275726,170291269275801,265650,93825840194560,4375639744,7,2732,1151,2871
170291277576855,170291277586049,170291277593889,170291277594677,170291277598062,170291277598116,265650,93825840194560,4375639744,7,2732,1151,2872
170291286013420,170291286028342,170291286039369,170291286041068,170291286054232,170291286054321,265650,93825840194560,4375639744,7,2732,1151,2873
170291294235382,170291294245855,170291294254286,170291294255663,170291294261614,170291294261676,265650,93825840194560,4375639744,7,2732,1151,2874
170291302531347,170291302541073,170291302548821,170291302549937,170291302555619,170291302555675,265650,93825840194560,4375639744,7,2732,1151,2875
170291310942265,170291310979553,170291310990386,170291310991623,170291310998473,170291310998557,265650,93825840194560,4375639744,7,2732,1151,2876
170291319163333,170291319173256,170291319181644,170291319182515,170291319186596,170291319186651,265650,93825840194560,4375639744,7,2732,1151,2877
170291327619337,170291327652198,170291327662797,170291327663803,170291327668690,170291327668763,265650,93825840194560,4375639744,7,2732,1151,2878
170291335950823,170291336044485,170291336055345,170291336056349,170291336063376,170291336063452,265650,93825840194560,4375639744,7,2732,1151,2879
170291344161799,170291344171459,170291344179664,170291344180364,170291344184530,170291344184585,265650,93825840194560,4375639744,7,2732,1151,2880
170291352502357,170291352512742,170291352521036,170291352521856,170291352527357,170291352527411,265650,93825840194560,4375639744,7,2732,1151,2881
170291360924859,170291360937439,170291360949795,170291360950902,170291360956630,170291360956708,265650,93825840194560,4375639744,7,2732,1151,2882
170291369210734,170291369223027,170291369231731,170291369233124,170291369240444,170291369240500,265650,93825840194560,4375639744,7,2732,1151,2883
170291377585470,170291377595977,170291377604609,170291377605660,170291377611487,170291377611543,265650,93825840194560,4375639744,7,2732,1151,2884
170291385906911,170291385919681,170291385930296,170291385931402,170291385936622,170291385936698,265650,93825840194560,4375639744,7,2732,1151,2885
170291394320181,170291394332351,170291394342843,170291394343751,170291394348622,170291394348709,265650,93825840194560,4375639744,7,2732,1151,2886
170291402549022,170291402558335,170291402566426,170291402567129,170291402571422,170291402571574,265650,93825840194560,4375639744,7,2732,1151,2887
170291410925866,170291411006635,170291411017475,170291411018380,170291411025350,170291411025426,265650,93825840194560,4375639744,7,2732,1151,2888
170291419237005,170291419249559,170291419260199,170291419261211,170291419267078,170291419267145,265650,93825840194560,4375639744,7,2732,1151,2889
170291427636125,170291427658830,170291427669356,170291427670375,170291427676015,170291427676089,265650,93825840194560,4375639744,7,2732,1151,2890
170291435894377,170291435912244,170291435921814,170291435924055,170291435932478,170291435932554,265650,93825840194560,4375639744,7,2732,1151,2891
170291444300395,170291444323956,170291444336203,170291444338798,170291444356015,170291444356105,265650,93825840194560,4375639744,7,2732,1151,2892
170291452548197,170291452569371,170291452581005,170291452583578,170291452598371,170291452598465,265650,93825840194560,4375639744,7,2732,1151,2893
170291460907977,170291460929061,170291460940787,170291460943379,170291460956303,170291460956397,265650,93825840194560,4375639744,7,2732,1151,2894
170291469192086,170291469209829,170291469221340,170291469224074,170291469235090,170291469235162,265650,93825840194560,4375639744,7,2732,1151,2895
170291477532752,170291477551964,170291477563571,170291477566246,170291477574199,170291477574412,265650,93825840194560,4375639744,7,2732,1151,2896
170291485939755,170291485962828,170291485975139,170291485979173,170291485989378,170291485989450,265650,93825840194560,4375639744,7,2732,1151,2897
170291494206478,170291494228416,170291494240443,170291494243642,170291494250824,170291494250884,265650,93825840194560,4375639744,7,2732,1151,2898
170291502529800,170291502547560,170291502558869,170291502560994,170291502569008,170291502569091,265650,93825840194560,4375639744,7,2732,1151,2899
170291510902449,170291510919015,170291510929924,170291510931959,170291510938358,170291510938420,265650,93825840194560,4375639744,7,2732,1151,2900
170291519192900,170291519210303,170291519221594,170291519223358,170291519233528,170291519233587,265650,93825840194560,4375639744,7,2732,1151,2901
170291527515082,170291527533445,170291527544781,170291527547076,170291527552845,170291527552909,265650,93825840194560,4375639744,7,2732,1151,2902
170291535857549,170291535874981,170291535885887,170291535887743,170291535897576,170291535897640,265650,93825840194560,4375639744,7,2732,1151,2903
170291544188134,170291544204999,170291544216086,170291544218066,170291544228808,170291544228874,265650,93825840194560,4375639744,7,2732,1151,2904
170291552533431,170291552551900,170291552563686,170291552565747,170291552573854,170291552573901,265650,93825840194560,4375639744,7,2732,1151,2905
170291560839266,170291560854934,170291560866088,170291560868348,170291560872581,170291560872647,265650,93825840194560,4375639744,7,2732,1151,2906
170291569191748,170291569209728,170291569220775,170291569222887,170291569233152,170291569233227,265650,93825840194560,4375639744,7,2732,1151,2907
170291577586959,170291577606077,170291577618812,170291577622350,170291577631101,170291577631172,265650,93825840194560,4375639744,7,2732,1151,2908
170291585900274,170291585917184,170291585928899,170291585930763,170291585938969,170291585939032,265650,93825840194560,4375639744,7,2732,1151,2909
170291594176444,170291594192120,170291594203175,170291594204933,170291594208362,170291594208422,265650,93825840194560,4375639744,7,2732,1151,2910
170291602548791,170291602568677,170291602580257,170291602582959,170291602588622,170291602588681,265650,93825840194560,4375639744,7,2732,1151,2911
170291610897964,170291610917063,170291610929709,170291610932646,170291610937508,170291610937562,265650,93825840194560,4375639744,7,2732,1151,2912
170291619175805,170291619191459,170291619202028,170291619203684,170291619207748,170291619207790,265650,93825840194560,4375639744,7,2732,1151,2913
170291627539939,170291627554076,170291627564767,170291627566355,170291627570302,170291627570367,265650,93825840194560,4375639744,7,2732,1151,2914
170291635890161,170291635906777,170291635917955,170291635920113,170291635924341,170291635924392,265650,93825840194560,4375639744,7,2732,1151,2915
170291644207690,170291644230800,170291644243222,170291644246293,170291644252758,170291644252842,265650,93825840194560,4375639744,7,2732,1151,2916
170291652512194,170291652528567,170291652539419,170291652541188,170291652546172,170291652546230,265650,93825840194560,4375639744,7,2732,1151,2917
170291660932039,170291660954595,170291660966567,170291660969405,170291660982165,170291660982223,265650,93825840194560,4375639744,7,2732,1151,2918
170291669197113,170291669213355,170291669224559,170291669226735,170291669233860,170291669233935,265650,93825840194560,4375639744,7,2732,1151,2919
170291677555125,170291677573732,170291677586300,170291677589008,170291677596208,170291677596259,265650,93825840194560,4375639744,7,2732,1151,2920
170291685854952,170291685873028,170291685883855,170291685885850,170291685891379,170291685891442,265650,93825840194560,4375639744,7,2732,1151,2921
170291694197099,170291694216843,170291694228400,170291694231315,170291694238961,170291694239027,265650,93825840194560,4375639744,7,2732,1151,2922
170291702535287,170291702553220,170291702565283,170291702567603,170291702575945,170291702576011,265650,93825840194560,4375639744,7,2732,1151,2923
170291710899273,170291710916007,170291710927378,170291710929285,170291710935028,170291710935109,265650,93825840194560,4375639744,7,2732,1151,2924
170291719200035,170291719217722,170291719229090,170291719231118,170291719240831,170291719240885,265650,93825840194560,4375639744,7,2732,1151,2925
170291727540540,170291727559535,170291727571135,170291727573813,170291727583555,170291727583623,265650,93825840194560,4375639744,7,2732,1151,2926
170291736096558,170291736117551,170291736129048,170291736131508,170291736140943,170291736141026,265650,93825840194560,4375639744,7,2732,1151,2927
170291744200519,170291744219136,170291744230471,170291744232275,170291744238998,170291744239069,265650,93825840194560,4375639744,7,2732,1151,2928
170291752611045,170291752631159,170291752642111,170291752644514,170291752651549,170291752651612,265650,93825840194560,4375639744,7,2732,1151,2929
170291760866525,170291760884042,170291760895328,170291760897232,170291760903569,170291760903628,265650,93825840194560,4375639744,7,2732,1151,2930
170291769199663,170291769217101,170291769228156,170291769230512,170291769236444,170291769236495,265650,93825840194560,4375639744,7,2732,1151,2931
170291777567670,170291777584845,170291777595876,170291777598060,170291777602771,170291777602839,265650,93825840194560,4375639744,7,2732,1151,2932
170291785905756,170291785923869,170291785935239,170291785937265,170291785943031,170291785943075,265650,93825840194560,4375639744,7,2732,1151,2933
170291794214778,170291794232094,170291794243349,170291794245582,170291794257316,170291794257367,265650,93825840194560,4375639744,7,2732,1151,2934
170291802538704,170291802555140,170291802566565,170291802568591,170291802575167,170291802575247,265650,93825840194560,4375639744,7,2732,1151,2935
170291810885656,170291810903410,170291810914716,170291810916931,170291810921183,170291810921240,265650,93825840194560,4375639744,7,2732,1151,2936
170291819192178,170291819209022,170291819219995,170291819222219,170291819225738,170291819225801,265650,93825840194560,4375639744,7,2732,1151,2937
170291827539357,170291827557857,170291827569056,170291827570894,170291827577871,170291827577950,265650,93825840194560,4375639744,7,2732,1151,2938
170291835909836,170291835927097,170291835938582,170291835940956,170291835947141,170291835947195,265650,93825840194560,4375639744,7,2732,1151,2939
170291844224840,170291844247294,170291844259391,170291844262210,170291844273420,170291844273466,265650,93825840194560,4375639744,7,2732,1151,2940
170291852540152,170291852558162,170291852569677,170291852571690,170291852578881,170291852578939,265650,93825840194560,4375639744,7,2732,1151,2941
170291860914431,170291860931350,170291860942477,170291860944758,170291860951607,170291860951661,265650,93825840194560,4375639744,7,2732,1151,2942
170291869210659,170291869228192,170291869239586,170291869241448,170291869246307,170291869246371,265650,93825840194560,4375639744,7,2732,1151,2943
170291877597517,170291877620554,170291877632918,170291877635972,170291877641353,170291877641412,265650,93825840194560,4375639744,7,2732,1151,2944
170291885928037,170291885952962,170291885965816,170291885968947,170291885974832,170291885974990,265650,93825840194560,4375639744,7,2732,1151,2945
170291894200972,170291894218176,170291894229172,170291894230873,170291894234136,170291894234189,265650,93825840194560,4375639744,7,2732,1151,2946
170291902535121,170291902552638,170291902564070,170291902566375,170291902571249,170291902571311,265650,93825840194560,4375639744,7,2732,1151,2947
170291910930258,170291910953560,170291910966020,170291910968823,170291910975699,170291910975749,265650,93825840194560,4375639744,7,2732,1151,2948
170291919251131,170291919268156,170291919279305,170291919281348,170291919288540,170291919288704,265650,93825840194560,4375639744,7,2732,1151,2949
170291927540250,170291927557376,170291927568846,170291927570705,170291927577425,170291927577488,265650,93825840194560,4375639744,7,2732,1151,2950
170291935921239,170291935937184,170291935948927,170291935951175,170291935957400,170291935957443,265650,93825840194560,4375639744,7,2732,1151,2951
170291944250116,170291944265316,170291944276796,170291944278728,170291944285052,170291944285118,265650,93825840194560,4375639744,7,2732,1151,2952
170291952538931,170291952555727,170291952567081,170291952568810,170291952573195,170291952573255,265650,93825840194560,4375639744,7,2732,1151,2953
170291960873655,170291960890654,170291960901899,170291960903838,170291960908649,170291960908712,265650,93825840194560,4375639744,7,2732,1151,2954
170291969206599,170291969223254,170291969234576,170291969236534,170291969244585,170291969244653,265650,93825840194560,4375639744,7,2732,1151,2955
170291977551348,170291977567309,170291977578893,170291977580638,170291977586295,170291977586370,265650,93825840194560,4375639744,7,2732,1151,2956
170291985865487,170291985881674,170291985893563,170291985895959,170291985900822,170291985900887,265650,93825840194560,4375639744,7,2732,1151,2957
170291994230206,170291994247999,170291994259465,170291994261515,170291994269367,170291994269442,265650,93825840194560,4375639744,7,2732,1151,2958
170292002592246,170292002615275,170292002627179,170292002630181,170292002644977,170292002645033,265650,93825840194560,4375639744,7,2732,1151,2959
170292010951236,170292010970571,170292010982250,170292010984921,170292010992766,170292010992815,265650,93825840194560,4375639744,7,2732,1151,2960
170292019215116,170292019231405,170292019243159,170292019244885,170292019254640,170292019254698,265650,93825840194560,4375639744,7,2732,1151,2961
170292027546964,170292027564522,170292027575752,170292027577966,170292027588097,170292027588218,265650,93825840194560,4375639744,7,2732,1151,2962
170292035932125,170292035949494,170292035960629,170292035962847,170292035970574,170292035970634,265650,93825840194560,4375639744,7,2732,1151,2963
170292044216245,170292044233310,170292044244981,170292044247148,170292044255071,170292044255133,265650,93825840194560,4375639744,7,2732,1151,2964
170292052547572,170292052564884,170292052576180,170292052578148,170292052587962,170292052588017,265650,93825840194560,4375639744,7,2732,1151,2965
170292060921039,170292060939227,170292060951289,170292060954236,170292060969142,170292060969203,265650,93825840194560,4375639744,7,2732,1151,2966
170292069230442,170292069248647,170292069260398,170292069263217,170292069273638,170292069273695,265650,93825840194560,4375639744,7,2732,1151,2967
170292077573331,170292077592835,170292077604354,170292077607283,170292077619968,170292077620036,265650,93825840194560,4375639744,7,2732,1151,2968
170292085907778,170292085928613,170292085940569,170292085943144,170292085957183,170292085957265,265650,93825840194560,4375639744,7,2732,1151,2969
170292094264597,170292094281721,170292094291776,170292094294067,170292094301801,170292094301862,265650,93825840194560,4375639744,7,2732,1151,2970
170292102598509,170292102611909,170292102621952,170292102623730,170292102633153,170292102633216,265650,93825840194560,4375639744,7,2732,1151,2971
170292110939444,170292110962890,170292110974571,170292110977425,170292110989551,170292110989648,265650,93825840194560,4375639744,7,2732,1151,2972
170292119242071,170292119262727,170292119274599,170292119277365,170292119291609,170292119291719,265650,93825840194560,4375639744,7,2732,1151,2973
170292127625094,170292127653046,170292127666144,170292127669255,170292127681407,170292127681515,265650,93825840194560,4375639744,7,2732,1151,2974
170292135904941,170292135925083,170292135937191,170292135939416,170292135947202,170292135947290,265650,93825840194560,4375639744,7,2732,1151,2975
170292144218966,170292144236559,170292144248037,170292144249870,170292144257488,170292144257561,265650,93825840194560,4375639744,7,2732,1151,2976
170292152593256,170292152611522,170292152622372,170292152624261,170292152631907,170292152631982,265650,93825840194560,4375639744,7,2732,1151,2977
170292160907507,170292160928005,170292160939438,170292160941628,170292160948701,170292160948757,265650,93825840194560,4375639744,7,2732,1151,2978
170292169227197,170292169244552,170292169255994,170292169258296,170292169265550,170292169265612,265650,93825840194560,4375639744,7,2732,1151,2979
170292177639706,170292177657284,170292177668045,170292177670251,170292177677446,170292177677507,265650,93825840194560,4375639744,7,2732,1151,2980
170292185947666,170292185965793,170292185977058,170292185979076,170292185985335,170292185985386,265650,93825840194560,4375639744,7,2732,1151,2981
170292194236300,170292194255284,170292194266597,170292194268919,170292194280874,170292194280959,265650,93825840194560,4375639744,7,2732,1151,2982
170292202564365,170292202582325,170292202593941,170292202595971,170292202605132,170292202605195,265650,93825840194560,4375639744,7,2732,1151,2983
170292210933078,170292210951331,170292210962598,170292210964520,170292210971792,170292210971855,265650,93825840194560,4375639744,7,2732,1151,2984
170292219258697,170292219282940,170292219295167,170292219298158,170292219312192,170292219312280,265650,93825840194560,4375639744,7,2732,1151,2985
170292227600280,170292227618822,170292227629998,170292227632064,170292227641170,170292227641229,265650,93825840194560,4375639744,7,2732,1151,2986
170292235945001,170292235961796,170292235972832,170292235974772,170292235982192,170292235982251,265650,93825840194560,4375639744,7,2732,1151,2987
170292244232268,170292244251097,170292244262314,170292244264584,170292244271865,170292244271941,265650,93825840194560,4375639744,7,2732,1151,2988
170292252605651,170292252629328,170292252641399,170292252644749,170292252660258,170292252660332,265650,93825840194560,4375639744,7,2732,1151,2989
170292260893675,170292260912690,170292260923949,170292260926026,170292260934552,170292260934607,265650,93825840194560,4375639744,7,2732,1151,2990
170292269231748,170292269250555,170292269262207,170292269264287,170292269271059,170292269271124,265650,93825840194560,4375639744,7,2732,1151,2991
170292277608611,170292277633618,170292277646128,170292277648168,170292277656080,170292277656141,265650,93825840194560,4375639744,7,2732,1151,2992
170292285964291,170292285987443,170292286003870,170292286006358,170292286014414,170292286014519,265650,93825840194560,4375639744,7,2732,1151,2993
170292294246858,170292294263010,170292294274405,170292294276122,170292294282643,170292294282735,265650,93825840194560,4375639744,7,2732,1151,2994
170292302615175,170292302629682,170292302638284,170292302639650,170292302646183,170292302646252,265650,93825840194560,4375639744,7,2732,1151,2995
170292311063841,170292311080482,170292311092133,170292311093505,170292311099024,170292311099126,265650,93825840194560,4375639744,7,2732,1151,2996
170292319271522,170292319281335,170292319289088,170292319289889,170292319293957,170292319294027,265650,93825840194560,4375639744,7,2732,1151,2997
170292327702579,170292327715804,170292327726520,170292327727591,170292327732466,170292327732547,265650,93825840194560,4375639744,7,2732,1151,2998
170292336022598,170292336037213,170292336048529,170292336049648,170292336054883,170292336054968,265650,93825840194560,4375639744,7,2732,1151,2999
170292344224781,170292344237936,170292344248865,170292344249905,170292344255337,170292344255409,265650,93825840194560,4375639744,7,2732,1151,3000
170292352682248,170292352695629,170292352706334,170292352707787,170292352716436,170292352716515,265650,93825840194560,4375639744,7,2732,1151,3001
170292361068358,170292361082888,170292361093943,170292361095438,170292361102394,170292361102495,265650,93825840194560,4375639744,7,2732,1151,3002
170292369251223,170292369265587,170292369277068,170292369279158,170292369287350,170292369287492,265650,93825840194560,4375639744,7,2732,1151,3003
170292377618140,170292377631568,170292377642604,170292377643689,170292377649063,170292377649161,265650,93825840194560,4375639744,7,2732,1151,3004
170292386018995,170292386068820,170292386080147,170292386081253,170292386086972,170292386087061,265650,93825840194560,4375639744,7,2732,1151,3005
170292394231808,170292394242015,170292394250386,170292394251556,170292394256881,170292394256938,265650,93825840194560,4375639744,7,2732,1151,3006
170292402635624,170292402646481,170292402654927,170292402655758,170292402659725,170292402659781,265650,93825840194560,4375639744,7,2732,1151,3007
170292411048086,170292411063082,170292411072615,170292411073913,170292411078701,170292411078767,265650,93825840194560,4375639744,7,2732,1151,3008
170292419240057,170292419253374,170292419264597,170292419265704,170292419273095,170292419273181,265650,93825840194560,4375639744,7,2732,1151,3009
170292427611324,170292427621022,170292427628878,170292427629595,170292427635360,170292427635431,265650,93825840194560,4375639744,7,2732,1151,3010
170292436053519,170292436067524,170292436078921,170292436080001,170292436086867,170292436086956,265650,93825840194560,4375639744,7,2732,1151,3011
170292444236568,170292444246651,170292444255509,170292444256330,170292444261989,170292444262064,265650,93825840194560,4375639744,7,2732,1151,3012
170292452712041,170292452725843,170292452736748,170292452737710,170292452743368,170292452743450,265650,93825840194560,4375639744,7,2732,1151,3013
170292460994053,170292461011633,170292461022796,170292461023910,170292461029738,170292461029815,265650,93825840194560,4375639744,7,2732,1151,3014
170292469243065,170292469253943,170292469262998,170292469264096,170292469269394,170292469269451,265650,93825840194560,4375639744,7,2732,1151,3015
170292477632930,170292477642097,170292477649556,170292477650378,170292477654332,170292477654385,265650,93825840194560,4375639744,7,2732,1151,3016
170292485956834,170292485971150,170292485982274,170292485983377,170292485988312,170292485988384,265650,93825840194560,4375639744,7,2732,1151,3017
170292494382471,170292494396454,170292494407507,170292494409162,170292494416560,170292494416637,265650,93825840194560,4375639744,7,2732,1151,3018
170292502655508,170292502668878,170292502679981,170292502681097,170292502685981,170292502686053,265650,93825840194560,4375639744,7,2732,1151,3019
170292511047818,170292511082754,170292511093516,170292511094630,170292511099190,170292511099263,265650,93825840194560,4375639744,7,2732,1151,3020
170292519317224,170292519329758,170292519340631,170292519341494,170292519346132,170292519346197,265650,93825840194560,4375639744,7,2732,1151,3021
170292527723080,170292527736614,170292527747728,170292527748796,170292527754068,170292527754134,265650,93825840194560,4375639744,7,2732,1151,3022
170292536015422,170292536029158,170292536040558,170292536042179,170292536048487,170292536048554,265650,93825840194560,4375639744,7,2732,1151,3023
170292544234618,170292544247853,170292544258791,170292544259751,170292544265307,170292544265377,265650,93825840194560,4375639744,7,2732,1151,3024
170292552640963,170292552651471,170292552659817,170292552660505,170292552665680,170292552665735,265650,93825840194560,4375639744,7,2732,1151,3025
170292560949041,170292560959196,170292560967512,170292560968265,170292560973167,170292560973222,265650,93825840194560,4375639744,7,2732,1151,3026
170292569369220,170292569382766,170292569393786,170292569394748,170292569401124,170292569401198,265650,93825840194560,4375639744,7,2732,1151,3027
170292577725696,170292577739084,170292577750175,170292577751143,170292577756400,170292577756470,265650,93825840194560,4375639744,7,2732,1151,3028
170292585996386,170292586012635,170292586024053,170292586025065,170292586030453,170292586030523,265650,93825840194560,4375639744,7,2732,1151,3029
170292594248973,170292594262615,170292594271405,170292594272292,170292594276776,170292594276851,265650,93825840194560,4375639744,7,2732,1151,3030
170292602674135,170292602686761,170292602697658,170292602698762,170292602704159,170292602704260,265650,93825840194560,4375639744,7,2732,1151,3031
170292611008679,170292611021224,170292611032027,170292611032929,170292611039049,170292611039144,265650,93825840194560,4375639744,7,2732,1151,3032
170292619274130,170292619284002,170292619292061,170292619292848,170292619298132,170292619298208,265650,93825840194560,4375639744,7,2732,1151,3033
170292627684553,170292627698352,170292627709202,170292627710236,170292627716735,170292627716816,265650,93825840194560,4375639744,7,2732,1151,3034
170292635951333,170292635962075,170292635971032,170292635971692,170292635977272,170292635977333,265650,93825840194560,4375639744,7,2732,1151,3035
170292644278612,170292644291514,170292644302221,170292644303209,170292644309654,170292644309727,265650,93825840194560,4375639744,7,2732,1151,3036
170292652630329,170292652643335,170292652654045,170292652655443,170292652661994,170292652662061,265650,93825840194560,4375639744,7,2732,1151,3037
170292661009622,170292661023286,170292661034357,170292661035235,170292661041717,170292661041791,265650,93825840194560,4375639744,7,2732,1151,3038
170292669264293,170292669277852,170292669289009,170292669290013,170292669297652,170292669297732,265650,93825840194560,4375639744,7,2732,1151,3039
170292677673996,170292677688351,170292677699317,170292677700577,170292677709650,170292677709720,265650,93825840194560,4375639744,7,2732,1151,3040
170292686054445,170292686067875,170292686079064,170292686080370,170292686085627,170292686085731,265650,93825840194560,4375639744,7,2732,1151,3041
170292694289145,170292694303172,170292694314428,170292694315990,170292694325228,170292694325304,265650,93825840194560,4375639744,7,2732,1151,3042
170292702687474,170292702700309,170292702710996,170292702712285,170292702718181,170292702718253,265650,93825840194560,4375639744,7,2732,1151,3043
170292710985389,170292710998278,170292711012229,170292711013412,170292711020124,170292711020198,265650,93825840194560,4375639744,7,2732,1151,3044
170292719257229,170292719270877,170292719281729,170292719282823,170292719287219,170292719287288,265650,93825840194560,4375639744,7,2732,1151,3045
170292727662969,170292727676111,170292727687218,170292727688373,170292727694845,170292727694926,265650,93825840194560,4375639744,7,2732,1151,3046
170292735946609,170292735956296,170292735964112,170292735965045,170292735970662,170292735970713,265650,93825840194560,4375639744,7,2732,1151,3047
170292744342591,170292744355679,170292744366675,170292744367888,170292744373632,170292744373706,265650,93825840194560,4375639744,7,2732,1151,3048
170292752677746,170292752690390,170292752701094,170292752702048,170292752706990,170292752707058,265650,93825840194560,4375639744,7,2732,1151,3049
170292761072129,170292761086027,170292761096899,170292761097879,170292761104462,170292761104534,265650,93825840194560,4375639744,7,2732,1151,3050
170292769339529,170292769427086,170292769437852,170292769438721,170292769444301,170292769444372,265650,93825840194560,4375639744,7,2732,1151,3051
170292777731448,170292777780372,170292777791226,170292777792235,170292777797249,170292777797321,265650,93825840194560,4375639744,7,2732,1151,3052
170292786064219,170292786082723,170292786094580,170292786097214,170292786104658,170292786104765,265650,93825840194560,4375639744,7,2732,1151,3053
170292794255444,170292794268796,170292794279728,170292794281020,170292794288914,170292794289021,265650,93825840194560,4375639744,7,2732,1151,3054
170292802686805,170292802700461,170292802711423,170292802712556,170292802718754,170292802718854,265650,93825840194560,4375639744,7,2732,1151,3055
170292811078634,170292811092123,170292811103091,170292811104407,170292811111958,170292811112045,265650,93825840194560,4375639744,7,2732,1151,3056
170292819288533,170292819302164,170292819313079,170292819314238,170292819319596,170292819319669,265650,93825840194560,4375639744,7,2732,1151,3057
170292827694687,170292827707681,170292827718584,170292827719901,170292827725874,170292827725941,265650,93825840194560,4375639744,7,2732,1151,3058
170292835999182,170292836015464,170292836026417,170292836027550,170292836031823,170292836031901,265650,93825840194560,4375639744,7,2732,1151,3059
170292844257797,170292844272305,170292844283299,170292844284526,170292844290510,170292844290588,265650,93825840194560,4375639744,7,2732,1151,3060
170292852623797,170292852633622,170292852641464,170292852642211,170292852647105,170292852647162,265650,93825840194560,4375639744,7,2732,1151,3061
170292860979887,170292860993495,170292861009302,170292861010411,170292861016322,170292861016394,265650,93825840194560,4375639744,7,2732,1151,3062
170292869285747,170292869295773,170292869304151,170292869304967,170292869309358,170292869309423,265650,93825840194560,4375639744,7,2732,1151,3063
170292877722419,170292877736009,170292877747031,170292877748112,170292877754631,170292877754698,265650,93825840194560,4375639744,7,2732,1151,3064
170292886013162,170292886027244,170292886038286,170292886039390,170292886045893,170292886045962,265650,93825840194560,4375639744,7,2732,1151,3065
170292894352984,170292894365303,170292894376009,170292894376887,170292894381083,170292894381160,265650,93825840194560,4375639744,7,2732,1151,3066
170292902676556,170292902751865,170292902762484,170292902763337,170292902768255,170292902768329,265650,93825840194560,4375639744,7,2732,1151,3067
170292911033866,170292911046652,170292911057400,170292911058377,170292911073874,170292911073948,265650,93825840194560,4375639744,7,2732,1151,3068
170292919254501,170292919267285,170292919278242,170292919279134,170292919284318,170292919284394,265650,93825840194560,4375639744,7,2732,1151,3069
170292927663589,170292927675887,170292927686530,170292927687308,170292927691653,170292927691725,265650,93825840194560,4375639744,7,2732,1151,3070
170292936038454,170292936050925,170292936061758,170292936062498,170292936067608,170292936067679,265650,93825840194560,4375639744,7,2732,1151,3071
170292944255310,170292944265346,170292944273585,170292944274408,170292944280046,170292944280105,265650,93825840194560,4375639744,7,2732,1151,3072
170292952685475,170292952705242,170292952715884,170292952716714,170292952722390,170292952722468,265650,93825840194560,4375639744,7,2732,1151,3073
170292961046187,170292961058513,170292961069259,170292961070670,170292961075891,170292961075955,265650,93825840194560,4375639744,7,2732,1151,3074
170292969254726,170292969264117,170292969271944,170292969272467,170292969276904,170292969276959,265650,93825840194560,4375639744,7,2732,1151,3075
170292977736088,170292977764486,170292977775242,170292977776075,170292977781619,170292977781695,265650,93825840194560,4375639744,7,2732,1151,3076
170292986011991,170292986024528,170292986035390,170292986036292,170292986042970,170292986043045,265650,93825840194560,4375639744,7,2732,1151,3077
170292994257219,170292994269761,170292994280519,170292994281231,170292994285689,170292994285760,265650,93825840194560,4375639744,7,2732,1151,3078
170293002698069,170293002732699,170293002743284,170293002744295,170293002749365,170293002749441,265650,93825840194560,4375639744,7,2732,1151,3079
170293011048252,170293011059219,170293011067768,170293011069343,170293011075300,170293011075375,265650,93825840194560,4375639744,7,2732,1151,3080
170293019397504,170293019411329,170293019422392,170293019423378,170293019428718,170293019428824,265650,93825840194560,4375639744,7,2732,1151,3081
170293027793185,170293027876533,170293027887901,170293027889035,170293027894158,170293027894235,265650,93825840194560,4375639744,7,2732,1151,3082
170293036065526,170293036079912,170293036091086,170293036092471,170293036098864,170293036098942,265650,93825840194560,4375639744,7,2732,1151,3083
170293044278001,170293044292435,170293044303351,170293044304459,170293044310615,170293044310692,265650,93825840194560,4375639744,7,2732,1151,3084
170293052712942,170293052726198,170293052737095,170293052738036,170293052743337,170293052743412,265650,93825840194560,4375639744,7,2732,1151,3085
170293061044325,170293061057532,170293061068361,170293061069248,170293061073819,170293061073890,265650,93825840194560,4375639744,7,2732,1151,3086
170293069357353,170293069446943,170293069457886,170293069458783,170293069462618,170293069462695,265650,93825840194560,4375639744,7,2732,1151,3087
170293077688319,170293077700469,170293077711184,170293077711976,170293077715754,170293077715829,265650,93825840194560,4375639744,7,2732,1151,3088
170293086014108,170293086027352,170293086038235,170293086039177,170293086043781,170293086043851,265650,93825840194560,4375639744,7,2732,1151,3089
170293094266387,170293094279405,170293094290373,170293094291209,170293094295266,170293094295338,265650,93825840194560,4375639744,7,2732,1151,3090
170293102691200,170293102722589,170293102733279,170293102734151,170293102738580,170293102738646,265650,93825840194560,4375639744,7,2732,1151,3091
170293111013379,170293111026911,170293111037868,170293111039474,170293111045601,170293111045669,265650,93825840194560,4375639744,7,2732,1151,3092
170293119268206,170293119279069,170293119287546,170293119288902,170293119293245,170293119293303,265650,93825840194560,4375639744,7,2732,1151,3093
170293127733787,170293127746955,170293127757887,170293127759060,170293127763712,170293127763790,265650,93825840194560,4375639744,7,2732,1151,3094
170293136006659,170293136017180,170293136025424,170293136026124,170293136030272,170293136030324,265650,93825840194560,4375639744,7,2732,1151,3095
170293144268633,170293144279243,170293144287436,170293144288457,170293144292476,170293144292534,265650,93825840194560,4375639744,7,2732,1151,3096
170293152657755,170293152669496,170293152677967,170293152679448,170293152685109,170293152685171,265650,93825840194560,4375639744,7,2732,1151,3097
170293160977558,170293160991277,170293161005819,170293161007373,170293161011892,170293161011967,265650,93825840194560,4375639744,7,2732,1151,3098
170293169280430,170293169291474,170293169299710,170293169301013,170293169305116,170293169305172,265650,93825840194560,4375639744,7,2732,1151,3099
170293177690071,170293177704174,170293177715443,170293177716448,170293177720991,170293177721063,265650,93825840194560,4375639744,7,2732,1151,3100
170293185967876,170293185978660,170293185986470,170293185987981,170293185992328,170293185992408,265650,93825840194560,4375639744,7,2732,1151,3101
170293194265404,170293194275614,170293194284064,170293194285326,170293194288261,170293194288322,265650,93825840194560,4375639744,7,2732,1151,3102
170293202728310,170293202742985,170293202754247,170293202755693,170293202762187,170293202762292,265650,93825840194560,4375639744,7,2732,1151,3103
170293211092581,170293211105246,170293211116281,170293211117320,170293211122143,170293211122237,265650,93825840194560,4375639744,7,2732,1151,3104
170293219269225,170293219281781,170293219292595,170293219293461,170293219297121,170293219297209,265650,93825840194560,4375639744,7,2732,1151,3105
170293227705091,170293227718460,170293227729192,170293227730180,170293227736517,170293227736602,265650,93825840194560,4375639744,7,2732,1151,3106
170293236075692,170293236089843,170293236100687,170293236101837,170293236108481,170293236108561,265650,93825840194560,4375639744,7,2732,1151,3107
170293244310990,170293244324417,170293244335253,170293244336159,170293244341240,170293244341316,265650,93825840194560,4375639744,7,2732,1151,3108
170293252725550,170293252738678,170293252749420,170293252750496,170293252757386,170293252757460,265650,93825840194560,4375639744,7,2732,1151,3109
170293260946150,170293260961607,170293260972914,170293260974648,170293260985491,170293260985586,265650,93825840194560,4375639744,7,2732,1151,3110
170293269287209,170293269301274,170293269313065,170293269314446,170293269321563,170293269321659,265650,93825840194560,4375639744,7,2732,1151,3111
170293277771582,170293277795600,170293277807470,170293277808714,170293277815515,170293277815606,265650,93825840194560,4375639744,7,2732,1151,3112
170293286061903,170293286076510,170293286087779,170293286089195,170293286097339,170293286097421,265650,93825840194560,4375639744,7,2732,1151,3113
170293294393918,170293294410760,170293294422301,170293294424565,170293294436300,170293294436375,265650,93825840194560,4375639744,7,2732,1151,3114
170293302648208,170293302662541,170293302673510,170293302675058,170293302681772,170293302681845,265650,93825840194560,4375639744,7,2732,1151,3115
170293311055252,170293311068177,170293311078863,170293311079879,170293311084576,170293311084657,265650,93825840194560,4375639744,7,2732,1151,3116
170293319281091,170293319295341,170293319306362,170293319307730,170293319312812,170293319312887,265650,93825840194560,4375639744,7,2732,1151,3117
170293327703685,170293327716901,170293327727814,170293327729061,170293327734965,170293327735041,265650,93825840194560,4375639744,7,2732,1151,3118
170293336066130,170293336079043,170293336089959,170293336091110,170293336096364,170293336096441,265650,93825840194560,4375639744,7,2732,1151,3119
170293344281928,170293344295277,170293344306710,170293344308039,170293344313969,170293344314044,265650,93825840194560,4375639744,7,2732,1151,3120
170293352638115,170293352648635,170293352656937,170293352657866,170293352664787,170293352664842,265650,93825840194560,4375639744,7,2732,1151,3121
170293361031258,170293361044385,170293361055147,170293361056091,170293361062502,170293361062575,265650,93825840194560,4375639744,7,2732,1151,3122
170293369294045,170293369306761,170293369316062,170293369317679,170293369326213,170293369326277,265650,93825840194560,4375639744,7,2732,1151,3123
170293377715953,170293377729859,170293377740712,170293377741923,170293377749158,170293377749232,265650,93825840194560,4375639744,7,2732,1151,3124
170293386106191,170293386119462,170293386130354,170293386131392,170293386138578,170293386138649,265650,93825840194560,4375639744,7,2732,1151,3125
170293394446649,170293394459691,170293394470735,170293394471815,170293394478029,170293394478103,265650,93825840194560,4375639744,7,2732,1151,3126
170293402662479,170293402675326,170293402686180,170293402687594,170293402694653,170293402694725,265650,93825840194560,4375639744,7,2732,1151,3127
170293411112790,170293411140760,170293411151570,170293411152696,170293411158113,170293411158188,265650,93825840194560,4375639744,7,2732,1151,3128
170293419279800,170293419293865,170293419304796,170293419305837,170293419310475,170293419310552,265650,93825840194560,4375639744,7,2732,1151,3129
170293427757999,170293427781763,170293427792927,170293427794074,170293427800706,170293427800780,265650,93825840194560,4375639744,7,2732,1151,3130
170293436044854,170293436057644,170293436068598,170293436070091,170293436076682,170293436076751,265650,93825840194560,4375639744,7,2732,1151,3131
170293444278329,170293444290978,170293444301909,170293444302947,170293444309175,170293444309243,265650,93825840194560,4375639744,7,2732,1151,3132
170293452712446,170293452805704,170293452834622,170293452835449,170293452839807,170293452839876,265650,93825840194560,4375639744,7,2732,1151,3133
170293461044212,170293461057527,170293461068462,170293461069452,170293461074625,170293461074705,265650,93825840194560,4375639744,7,2732,1151,3134
170293469419712,170293469432539,170293469443309,170293469444235,170293469452110,170293469452185,265650,93825840194560,4375639744,7,2732,1151,3135
170293477692091,170293477704731,170293477715719,170293477716755,170293477722196,170293477722271,265650,93825840194560,4375639744,7,2732,1151,3136
170293486078018,170293486090299,170293486100961,170293486101776,170293486106796,170293486106872,265650,93825840194560,4375639744,7,2732,1151,3137
170293494291267,170293494305474,170293494316468,170293494317586,170293494324876,170293494324953,265650,93825840194560,4375639744,7,2732,1151,3138
170293502623251,170293502634834,170293502644095,170293502645389,170293502652236,170293502652299,265650,93825840194560,4375639744,7,2732,1151,3139
170293511048938,170293511062765,170293511073533,170293511075245,170293511081169,170293511081248,265650,93825840194560,4375639744,7,2732,1151,3140
170293519287085,170293519300192,170293519311187,170293519312230,170293519318373,170293519318451,265650,93825840194560,4375639744,7,2732,1151,3141
170293527687829,170293527701684,170293527712728,170293527713881,170293527720193,170293527720265,265650,93825840194560,4375639744,7,2732,1151,3142
170293536119149,170293536132397,170293536143226,170293536144410,170293536159842,170293536159919,265650,93825840194560,4375639744,7,2732,1151,3143
170293544294776,170293544308939,170293544320464,170293544322064,170293544329059,170293544329140,265650,93825840194560,4375639744,7,2732,1151,3144
170293552771432,170293552784857,170293552795642,170293552797108,170293552803977,170293552804056,265650,93825840194560,4375639744,7,2732,1151,3145
170293561125094,170293561140197,170293561151672,170293561152932,170293561158438,170293561158533,265650,93825840194560,4375639744,7,2732,1151,3146
170293569418852,170293569431676,170293569442780,170293569443934,170293569450306,170293569450392,265650,93825840194560,4375639744,7,2732,1151,3147
170293577765165,170293577779044,170293577789732,170293577790753,170293577796034,170293577796117,265650,93825840194560,4375639744,7,2732,1151,3148
170293586105878,170293586118580,170293586129410,170293586130455,170293586135054,170293586135143,265650,93825840194560,4375639744,7,2732,1151,3149
170293594456082,170293594470522,170293594481732,170293594482954,170293594489915,170293594489996,265650,93825840194560,4375639744,7,2732,1151,3150
170293602665042,170293602674907,170293602683424,170293602684285,170293602689087,170293602689147,265650,93825840194560,4375639744,7,2732,1151,3151
170293611035476,170293611047962,170293611058924,170293611060007,170293611064695,170293611064778,265650,93825840194560,4375639744,7,2732,1151,3152
170293619303446,170293619313479,170293619321732,170293619322519,170293619327746,170293619327805,265650,93825840194560,4375639744,7,2732,1151,3153
170293627732344,170293627745988,170293627757233,170293627758609,170293627763913,170293627763996,265650,93825840194560,4375639744,7,2732,1151,3154
170293636115270,170293636128928,170293636140114,170293636141278,170293636146502,170293636146579,265650,93825840194560,4375639744,7,2732,1151,3155
170293644345435,170293644358038,170293644369060,170293644370012,170293644375139,170293644375215,265650,93825840194560,4375639744,7,2732,1151,3156
170293652706558,170293652717974,170293652726700,170293652727596,170293652733738,170293652733983,265650,93825840194560,4375639744,7,2732,1151,3157
170293661127625,170293661143507,170293661154639,170293661155642,170293661161912,170293661161985,265650,93825840194560,4375639744,7,2732,1151,3158
170293669392838,170293669406755,170293669417731,170293669418722,170293669425103,170293669425177,265650,93825840194560,4375639744,7,2732,1151,3159
170293677759340,170293677773107,170293677784115,170293677785290,170293677791857,170293677791941,265650,93825840194560,4375639744,7,2732,1151,3160
170293686096300,170293686109647,170293686120438,170293686121438,170293686126851,170293686127014,265650,93825840194560,4375639744,7,2732,1151,3161
170293694325810,170293694345998,170293694358210,170293694360717,170293694365656,170293694365749,265650,93825840194560,4375639744,7,2732,1151,3162
170293702651045,170293702672929,170293702685434,170293702688520,170293702694210,170293702694390,265650,93825840194560,4375639744,7,2732,1151,3163
170293710967142,170293710984887,170293710995948,170293710998108,170293711007267,170293711007353,265650,93825840194560,4375639744,7,2732,1151,3164
170293719327061,170293719346119,170293719358092,170293719359859,170293719369004,170293719369098,265650,93825840194560,4375639744,7,2732,1151,3165
170293727714745,170293727727881,170293727739095,170293727740799,170293727747932,170293727748139,265650,93825840194560,4375639744,7,2732,1151,3166
170293736044345,170293736058014,170293736066718,170293736067861,170293736073325,170293736073388,265650,93825840194560,4375639744,7,2732,1151,3167
170293744410425,170293744423130,170293744434239,170293744435139,170293744442059,170293744442149,265650,93825840194560,4375639744,7,2732,1151,3168
170293752754448,170293752813992,170293752824539,170293752825428,170293752831052,170293752831126,265650,93825840194560,4375639744,7,2732,1151,3169
170293761039558,170293761049214,170293761057324,170293761058121,170293761063458,170293761063520,265650,93825840194560,4375639744,7,2732,1151,3170
170293769307990,170293769321025,170293769331904,170293769332845,170293769339752,170293769339826,265650,93825840194560,4375639744,7,2732,1151,3171
170293777714516,170293777726719,170293777737463,170293777738340,170293777743795,170293777743865,265650,93825840194560,4375639744,7,2732,1151,3172
170293786114372,170293786127549,170293786138366,170293786139633,170293786147059,170293786147130,265650,93825840194560,4375639744,7,2732,1151,3173
170293794420189,170293794433961,170293794444768,170293794445874,170293794453844,170293794453922,265650,93825840194560,4375639744,7,2732,1151,3174
170293802739461,170293802760264,170293802771434,170293802772825,170293802780525,170293802780598,265650,93825840194560,4375639744,7,2732,1151,3175
170293811020018,170293811035346,170293811047568,170293811049051,170293811056185,170293811056279,265650,93825840194560,4375639744,7,2732,1151,3176
170293819356684,170293819370573,170293819381493,170293819382586,170293819389680,170293819389766,265650,93825840194560,4375639744,7,2732,1151,3177
170293827816311,170293827831182,170293827842074,170293827843613,170293827852043,170293827852139,265650,93825840194560,4375639744,7,2732,1151,3178
170293836074217,170293836088914,170293836100097,170293836101205,170293836106992,170293836107083,265650,93825840194560,4375639744,7,2732,1151,3179
170293844346823,170293844360516,170293844371427,170293844372516,170293844379954,170293844380049,265650,93825840194560,4375639744,7,2732,1151,3180
170293852834559,170293852848042,170293852858977,170293852860109,170293852865865,170293852865954,265650,93825840194560,4375639744,7,2732,1151,3181
170293861168353,170293861234300,170293861247586,170293861248704,170293861256333,170293861256409,265650,93825840194560,4375639744,7,2732,1151,3182
170293869418241,170293869462337,170293869473127,170293869474233,170293869481952,170293869482022,265650,93825840194560,4375639744,7,2732,1151,3183
170293877705984,170293877719972,170293877730928,170293877731999,170293877737879,170293877737958,265650,93825840194560,4375639744,7,2732,1151,3184
170293886155206,170293886170469,170293886181805,170293886183638,170293886192111,170293886192208,265650,93825840194560,4375639744,7,2732,1151,3185
170293894466868,170293894480637,170293894491566,170293894493045,170293894501806,170293894501898,265650,93825840194560,4375639744,7,2732,1151,3186
170293902804234,170293902857895,170293902868779,170293902870012,170293902877188,170293902877273,265650,93825840194560,4375639744,7,2732,1151,3187
170293911064246,170293911076909,170293911087650,170293911088819,170293911094750,170293911094835,265650,93825840194560,4375639744,7,2732,1151,3188
170293919327503,170293919341671,170293919353220,170293919354619,170293919362957,170293919363035,265650,93825840194560,4375639744,7,2732,1151,3189
170293927691691,170293927701157,170293927709190,170293927710020,170293927715102,170293927715159,265650,93825840194560,4375639744,7,2732,1151,3190
170293936057816,170293936071781,170293936082633,170293936083628,170293936090719,170293936090789,265650,93825840194560,4375639744,7,2732,1151,3191
170293944347700,170293944367963,170293944379455,170293944382048,170293944386831,170293944386927,265650,93825840194560,4375639744,7,2732,1151,3192
170293952719714,170293952743281,170293952755567,170293952758451,170293952766517,170293952766587,265650,93825840194560,4375639744,7,2732,1151,3193
170293961044487,170293961060252,170293961071240,170293961073009,170293961079486,170293961079564,265650,93825840194560,4375639744,7,2732,1151,3194
170293969342029,170293969360443,170293969372668,170293969374871,170293969379926,170293969379997,265650,93825840194560,4375639744,7,2732,1151,3195
170293977664996,170293977679874,170293977691364,170293977693716,170293977698964,170293977699021,265650,93825840194560,4375639744,7,2732,1151,3196
170293986042672,170293986056437,170293986067448,170293986069049,170293986074056,170293986074140,265650,93825840194560,4375639744,7,2732,1151,3197
170293994316556,170293994335214,170293994347203,170293994350300,170293994354640,170293994354816,265650,93825840194560,4375639744,7,2732,1151,3198
170294002666890,170294002683337,170294002695276,170294002698079,170294002704513,170294002704574,265650,93825840194560,4375639744,7,2732,1151,3199
170294010998733,170294011019771,170294011031230,170294011033730,170294011040771,170294011040815,265650,93825840194560,4375639744,7,2732,1151,3200
170294019317764,170294019334895,170294019345818,170294019347260,170294019355925,170294019355994,265650,93825840194560,4375639744,7,2732,1151,3201
170294027715175,170294027737023,170294027749226,170294027751984,170294027761395,170294027761564,265650,93825840194560,4375639744,7,2732,1151,3202
170294035985980,170294036006505,170294036017652,170294036019342,170294036026019,170294036026067,265650,93825840194560,4375639744,7,2732,1151,3203
170294044355758,170294044376901,170294044389540,170294044392342,170294044402646,170294044402715,265650,93825840194560,4375639744,7,2732,1151,3204
170294052691774,170294052716829,170294052728982,170294052731697,170294052741342,170294052741403,265650,93825840194560,4375639744,7,2732,1151,3205
170294061064330,170294061080796,170294061091894,170294061093983,170294061100334,170294061100394,265650,93825840194560,4375639744,7,2732,1151,3206
170294069318274,170294069335592,170294069349311,170294069351332,170294069356505,170294069356564,265650,93825840194560,4375639744,7,2732,1151,3207
170294077695611,170294077711730,170294077722765,170294077724500,170294077732479,170294077732538,265650,93825840194560,4375639744,7,2732,1151,3208
170294086039624,170294086057297,170294086068208,170294086069938,170294086078543,170294086078600,265650,93825840194560,4375639744,7,2732,1151,3209
170294094330700,170294094348112,170294094359413,170294094361293,170294094366864,170294094366918,265650,93825840194560,4375639744,7,2732,1151,3210
170294102703953,170294102722743,170294102734259,170294102736559,170294102745465,170294102745534,265650,93825840194560,4375639744,7,2732,1151,3211
170294111062268,170294111080370,170294111091551,170294111093657,170294111101406,170294111101495,265650,93825840194560,4375639744,7,2732,1151,3212
170294119336874,170294119354785,170294119366040,170294119368201,170294119374013,170294119374090,265650,93825840194560,4375639744,7,2732,1151,3213
170294127766915,170294127783099,170294127792752,170294127795100,170294127802729,170294127802797,265650,93825840194560,4375639744,7,2732,1151,3214
170294136041201,170294136056665,170294136066442,170294136068856,170294136078262,170294136078339,265650,93825840194560,4375639744,7,2732,1151,3215
170294144440226,170294144457780,170294144468355,170294144470791,170294144476887,170294144476965,265650,93825840194560,4375639744,7,2732,1151,3216
170294152803641,170294152819758,170294152831016,170294152833006,170294152841363,170294152841483,265650,93825840194560,4375639744,7,2732,1151,3217
170294161184586,170294161200122,170294161209343,170294161211511,170294161219741,170294161219817,265650,93825840194560,4375639744,7,2732,1151,3218
170294169372137,170294169395010,170294169407065,170294169409684,170294169419790,170294169419881,265650,93825840194560,4375639744,7,2732,1151,3219
170294177685885,170294177708967,170294177721918,170294177725193,170294177738019,170294177738114,265650,93825840194560,4375639744,7,2732,1151,3220
170294186041047,170294186059863,170294186071044,170294186073399,170294186081611,170294186081687,265650,93825840194560,4375639744,7,2732,1151,3221
170294194341517,170294194364955,170294194377526,170294194380946,170294194388345,170294194388412,265650,93825840194560,4375639744,7,2732,1151,3222
170294202696010,170294202718642,170294202731687,170294202734974,170294202745752,170294202745797,265650,93825840194560,4375639744,7,2732,1151,3223
170294210997897,170294211017913,170294211028977,170294211030865,170294211036544,170294211036611,265650,93825840194560,4375639744,7,2732,1151,3224
170294219329313,170294219346240,170294219356841,170294219358757,170294219363855,170294219363921,265650,93825840194560,4375639744,7,2732,1151,3225
170294227739598,170294227760938,170294227773149,170294227776186,170294227789945,170294227790006,265650,93825840194560,4375639744,7,2732,1151,3226
170294236056335,170294236073685,170294236084462,170294236086622,170294236094102,170294236094167,265650,93825840194560,4375639744,7,2732,1151,3227
170294244336198,170294244352545,170294244363589,170294244365730,170294244370689,170294244370769,265650,93825840194560,4375639744,7,2732,1151,3228
170294252675480,170294252692343,170294252703647,170294252705589,170294252712386,170294252712442,265650,93825840194560,4375639744,7,2732,1151,3229
170294261057078,170294261075238,170294261086586,170294261088607,170294261097151,170294261097263,265650,93825840194560,4375639744,7,2732,1151,3230
170294269376817,170294269399691,170294269412026,170294269415308,170294269422841,170294269422895,265650,93825840194560,4375639744,7,2732,1151,3231
170294277709340,170294277725089,170294277737219,170294277740119,170294277748624,170294277748686,265650,93825840194560,4375639744,7,2732,1151,3232
170294286050289,170294286067781,170294286078966,170294286081018,170294286087054,170294286087132,265650,93825840194560,4375639744,7,2732,1151,3233
170294294353934,170294294371896,170294294383265,170294294386379,170294294395315,170294294395379,265650,93825840194560,4375639744,7,2732,1151,3234
170294302720930,170294302744302,170294302756843,170294302760445,170294302769023,170294302769068,265650,93825840194560,4375639744,7,2732,1151,3235
170294311070329,170294311088267,170294311099584,170294311101658,170294311108581,170294311108673,265650,93825840194560,4375639744,7,2732,1151,3236
170294319403169,170294319422899,170294319434802,170294319437404,170294319444828,170294319444876,265650,93825840194560,4375639744,7,2732,1151,3237
170294327677182,170294327705173,170294327727262,170294327729961,170294327734776,170294327734841,265650,93825840194560,4375639744,7,2732,1151,3238
170294336070203,170294336093872,170294336106407,170294336109214,170294336116880,170294336116961,265650,93825840194560,4375639744,7,2732,1151,3239
170294344379132,170294344403723,170294344417017,170294344420151,170294344431694,170294344431807,265650,93825840194560,4375639744,7,2732,1151,3240
170294352736312,170294352754152,170294352765445,170294352767724,170294352774952,170294352775033,265650,93825840194560,4375639744,7,2732,1151,3241
170294361079676,170294361099077,170294361110588,170294361113315,170294361119808,170294361119918,265650,93825840194560,4375639744,7,2732,1151,3242
170294369368724,170294369388129,170294369399810,170294369402088,170294369413080,170294369413144,265650,93825840194560,4375639744,7,2732,1151,3243
170294377758207,170294377781358,170294377793274,170294377795707,170294377801085,170294377801143,265650,93825840194560,4375639744,7,2732,1151,3244
170294386079026,170294386096565,170294386107528,170294386109601,170294386119202,170294386119263,265650,93825840194560,4375639744,7,2732,1151,3245
170294394355291,170294394372698,170294394383856,170294394385910,170294394392253,170294394392328,265650,93825840194560,4375639744,7,2732,1151,3246
170294402703696,170294402720783,170294402731947,170294402734005,170294402743649,170294402743711,265650,93825840194560,4375639744,7,2732,1151,3247
170294411017533,170294411033149,170294411044204,170294411045862,170294411052492,170294411052556,265650,93825840194560,4375639744,7,2732,1151,3248
170294419383226,170294419400503,170294419411481,170294419413475,170294419420011,170294419420052,265650,93825840194560,4375639744,7,2732,1151,3249
170294427728906,170294427746640,170294427758131,170294427760115,170294427770426,170294427770498,265650,93825840194560,4375639744,7,2732,1151,3250
170294436072950,170294436090564,170294436101426,170294436103507,170294436110441,170294436110501,265650,93825840194560,4375639744,7,2732,1151,3251
170294444388528,170294444406057,170294444417764,170294444419813,170294444427004,170294444427063,265650,93825840194560,4375639744,7,2732,1151,3252
170294452753059,170294452775027,170294452787297,170294452789803,170294452804513,170294452804571,265650,93825840194560,4375639744,7,2732,1151,3253
170294461027532,170294461046248,170294461057933,170294461060387,170294461069124,170294461069229,265650,93825840194560,4375639744,7,2732,1151,3254
170294469413990,170294469437436,170294469448674,170294469450542,170294469457356,170294469457435,265650,93825840194560,4375639744,7,2732,1151,3255
170294477733508,170294477749875,170294477761073,170294477762961,170294477770104,170294477770168,265650,93825840194560,4375639744,7,2732,1151,3256
170294486076570,170294486100932,170294486112385,170294486114471,170294486124333,170294486124421,265650,93825840194560,4375639744,7,2732,1151,3257
170294494401931,170294494420366,170294494431906,170294494434153,170294494439262,170294494439368,265650,93825840194560,4375639744,7,2732,1151,3258
170294502736970,170294502753962,170294502765761,170294502767960,170294502773665,170294502773740,265650,93825840194560,4375639744,7,2732,1151,3259
170294511044913,170294511062948,170294511074144,170294511076295,170294511082592,170294511082653,265650,93825840194560,4375639744,7,2732,1151,3260
170294519354375,170294519371290,170294519382174,170294519384105,170294519389292,170294519389355,265650,93825840194560,4375639744,7,2732,1151,3261
170294527754003,170294527775610,170294527788073,170294527791338,170294527801149,170294527801210,265650,93825840194560,4375639744,7,2732,1151,3262
170294536069299,170294536085245,170294536096172,170294536098377,170294536104056,170294536104118,265650,93825840194560,4375639744,7,2732,1151,3263
170294544382521,170294544407116,170294544420276,170294544423182,170294544431995,170294544432084,265650,93825840194560,4375639744,7,2732,1151,3264
170294552697274,170294552716264,170294552727581,170294552729611,170294552735307,170294552735356,265650,93825840194560,4375639744,7,2732,1151,3265
170294561027727,170294561045422,170294561056744,170294561058841,170294561066239,170294561066305,265650,93825840194560,4375639744,7,2732,1151,3266
170294569400262,170294569413243,170294569423134,170294569424875,170294569431376,170294569431449,265650,93825840194560,4375639744,7,2732,1151,3267
170294577840813,170294577855437,170294577866715,170294577868300,170294577875334,170294577875420,265650,93825840194560,4375639744,7,2732,1151,3268
170294586194712,170294586218064,170294586230080,170294586232737,170294586240539,170294586240639,265650,93825840194560,4375639744,7,2732,1151,3269
170294594376342,170294594394473,170294594405949,170294594407990,170294594417606,170294594417687,265650,93825840194560,4375639744,7,2732,1151,3270
170294602699031,170294602716893,170294602727903,170294602729910,170294602735580,170294602735638,265650,93825840194560,4375639744,7,2732,1151,3271
170294611092954,170294611110489,170294611121640,170294611123681,170294611130083,170294611130141,265650,93825840194560,4375639744,7,2732,1151,3272
170294619357438,170294619372360,170294619383160,170294619385066,170294619389574,170294619389617,265650,93825840194560,4375639744,7,2732,1151,3273
170294627748021,170294627766068,170294627779165,170294627782139,170294627790078,170294627790142,265650,93825840194560,4375639744,7,2732,1151,3274
170294636080418,170294636097257,170294636108749,170294636110938,170294636116427,170294636116482,265650,93825840194560,4375639744,7,2732,1151,3275
170294644444774,170294644460008,170294644470480,170294644472258,170294644479772,170294644479852,265650,93825840194560,4375639744,7,2732,1151,3276
170294652730807,170294652744320,170294652755607,170294652756965,170294652763777,170294652763818,265650,93825840194560,4375639744,7,2732,1151,3277
170294661087919,170294661104380,170294661115007,170294661116997,170294661125292,170294661125340,265650,93825840194560,4375639744,7,2732,1151,3278
170294669499101,170294669511090,170294669519883,170294669521142,170294669525160,170294669525226,265650,93825840194560,4375639744,7,2732,1151,3279
170294677824205,170294677837851,170294677848568,170294677849838,170294677856346,170294677856434,265650,93825840194560,4375639744,7,2732,1151,3280
170294686170821,170294686183942,170294686194538,170294686195546,170294686202146,170294686202223,265650,93825840194560,4375639744,7,2732,1151,3281
170294694482719,170294694496046,170294694506875,170294694508212,170294694515657,170294694515737,265650,93825840194560,4375639744,7,2732,1151,3282
170294702767098,170294702779717,170294702790448,170294702791489,170294702796847,170294702796919,265650,93825840194560,4375639744,7,2732,1151,3283
170294711125815,170294711139241,170294711150615,170294711151369,170294711158504,170294711158580,265650,93825840194560,4375639744,7,2732,1151,3284
170294719493519,170294719507150,170294719517768,170294719518650,170294719523936,170294719524007,265650,93825840194560,4375639744,7,2732,1151,3285
170294727858833,170294727874404,170294727885468,170294727886670,170294727892954,170294727893027,265650,93825840194560,4375639744,7,2732,1151,3286
170294736187701,170294736200154,170294736210809,170294736211901,170294736218050,170294736218124,265650,93825840194560,4375639744,7,2732,1151,3287
170294744516213,170294744529119,170294744539679,170294744540441,170294744545341,170294744545414,265650,93825840194560,4375639744,7,2732,1151,3288
170294752853013,170294752865107,170294752875798,170294752876579,170294752880954,170294752881025,265650,93825840194560,4375639744,7,2732,1151,3289
170294761172660,170294761186039,170294761196773,170294761198250,170294761207922,170294761208029,265650,93825840194560,4375639744,7,2732,1151,3290
170294769463230,170294769473919,170294769482816,170294769483763,170294769488426,170294769488480,265650,93825840194560,4375639744,7,2732,1151,3291
170294777825663,170294777878400,170294777889019,170294777889969,170294777895220,170294777895298,265650,93825840194560,4375639744,7,2732,1151,3292
170294786214645,170294786240117,170294786250881,170294786251990,170294786257412,170294786257523,265650,93825840194560,4375639744,7,2732,1151,3293
170294794445562,170294794461120,170294794472595,170294794474297,170294794483554,170294794483650,265650,93825840194560,4375639744,7,2732,1151,3294
170294802844771,170294802857733,170294802866379,170294802867778,170294802872668,170294802872731,265650,93825840194560,4375639744,7,2732,1151,3295
170294811153440,170294811172941,170294811184698,170294811187540,170294811199325,170294811199421,265650,93825840194560,4375639744,7,2732,1151,3296
170294819454066,170294819468490,170294819479568,170294819481672,170294819491199,170294819491262,265650,93825840194560,4375639744,7,2732,1151,3297
170294827792092,170294827814962,170294827826661,170294827829119,170294827837161,170294827837226,265650,93825840194560,4375639744,7,2732,1151,3298
170294836084942,170294836102213,170294836113091,170294836114934,170294836119065,170294836119112,265650,93825840194560,4375639744,7,2732,1151,3299
170294844434853,170294844457549,170294844469708,170294844473107,170294844482426,170294844482514,265650,93825840194560,4375639744,7,2732,1151,3300
170294852751140,170294852769413,170294852780356,170294852782942,170294852793142,170294852793230,265650,93825840194560,4375639744,7,2732,1151,3301
170294861102289,170294861119928,170294861130975,170294861133720,170294861138388,170294861138450,265650,93825840194560,4375639744,7,2732,1151,3302
170294869460868,170294869483344,170294869494978,170294869498452,170294869505544,170294869505601,265650,93825840194560,4375639744,7,2732,1151,3303
170294877770712,170294877786956,170294877798292,170294877800282,170294877805378,170294877805437,265650,93825840194560,4375639744,7,2732,1151,3304
170294886066898,170294886083500,170294886094526,170294886096602,170294886101944,170294886102029,265650,93825840194560,4375639744,7,2732,1151,3305
170294894453986,170294894471430,170294894482821,170294894484779,170294894496124,170294894496167,265650,93825840194560,4375639744,7,2732,1151,3306
170294902796662,170294902815403,170294902827142,170294902829365,170294902841460,170294902841528,265650,93825840194560,4375639744,7,2732,1151,3307
170294911123775,170294911140395,170294911151355,170294911153577,170294911164276,170294911164363,265650,93825840194560,4375639744,7,2732,1151,3308
170294919416567,170294919434263,170294919445544,170294919447707,170294919455246,170294919455289,265650,93825840194560,4375639744,7,2732,1151,3309
170294927809202,170294927831673,170294927843762,170294927846702,170294927857245,170294927857440,265650,93825840194560,4375639744,7,2732,1151,3310
170294936060630,170294936077851,170294936088971,170294936090968,170294936101440,170294936101621,265650,93825840194560,4375639744,7,2732,1151,3311
170294944423168,170294944439943,170294944451738,170294944453654,170294944463743,170294944463802,265650,93825840194560,4375639744,7,2732,1151,3312
170294952806545,170294952825008,170294952836470,170294952838244,170294952847967,170294952848021,265650,93825840194560,4375639744,7,2732,1151,3313
170294961103195,170294961119245,170294961130777,170294961132476,170294961142490,170294961142536,265650,93825840194560,4375639744,7,2732,1151,3314
170294969421513,170294969437638,170294969448904,170294969451003,170294969461474,170294969461688,265650,93825840194560,4375639744,7,2732,1151,3315
170294977747144,170294977763846,170294977775245,170294977777333,170294977784862,170294977784916,265650,93825840194560,4375639744,7,2732,1151,3316
170294986097587,170294986115049,170294986125991,170294986127986,170294986136303,170294986136365,265650,93825840194560,4375639744,7,2732,1151,3317
170294994476402,170294994494712,170294994505851,170294994507712,170294994515589,170294994515650,265650,93825840194560,4375639744,7,2732,1151,3318
170295002799522,170295002816601,170295002827908,170295002829830,170295002838759,170295002838822,265650,93825840194560,4375639744,7,2732,1151,3319
170295011061407,170295011079714,170295011090982,170295011092911,170295011102429,170295011102493,265650,93825840194560,4375639744,7,2732,1151,3320
170295019475778,170295019495417,170295019507213,170295019509179,170295019517304,170295019517398,265650,93825840194560,4375639744,7,2732,1151,3321
170295027758871,170295027775857,170295027786924,170295027788951,170295027797697,170295027797766,265650,93825840194560,4375639744,7,2732,1151,3322
170295036100442,170295036117411,170295036128453,170295036130677,170295036138233,170295036138315,265650,93825840194560,4375639744,7,2732,1151,3323
170295044436739,170295044456211,170295044467315,170295044469648,170295044479269,170295044479344,265650,93825840194560,4375639744,7,2732,1151,3324
170295052766093,170295052783646,170295052794735,170295052796763,170295052807534,170295052807598,265650,93825840194560,4375639744,7,2732,1151,3325
170295061055126,170295061070400,170295061081367,170295061083221,170295061092636,170295061092700,265650,93825840194560,4375639744,7,2732,1151,3326
170295069430010,170295069447042,170295069458210,170295069460227,170295069468252,170295069468313,265650,93825840194560,4375639744,7,2732,1151,3327
170295077805688,170295077821485,170295077832723,170295077834658,170295077846247,170295077846311,265650,93825840194560,4375639744,7,2732,1151,3328
170295086069332,170295086086600,170295086097581,170295086099787,170295086105367,170295086105446,265650,93825840194560,4375639744,7,2732,1151,3329
170295094428118,170295094444868,170295094457758,170295094461327,170295094474059,170295094474252,265650,93825840194560,4375639744,7,2732,1151,3330
170295102736946,170295102755488,170295102767046,170295102769014,170295102776411,170295102776524,265650,93825840194560,4375639744,7,2732,1151,3331
170295111115593,170295111133733,170295111145305,170295111147407,170295111154720,170295111154811,265650,93825840194560,4375639744,7,2732,1151,3332
170295119433027,170295119451108,170295119462550,170295119464578,170295119473446,170295119473540,265650,93825840194560,4375639744,7,2732,1151,3333
170295127804348,170295127821351,170295127832280,170295127834350,170295127841627,170295127841682,265650,93825840194560,4375639744,7,2732,1151,3334
170295136124303,170295136145012,170295136156120,170295136158159,170295136163874,170295136163939,265650,93825840194560,4375639744,7,2732,1151,3335
170295144575799,170295144587169,170295144595745,170295144596964,170295144602868,170295144602948,265650,93825840194560,4375639744,7,2732,1151,3336
170295152821692,170295152835011,170295152846057,170295152847261,170295152853249,170295152853340,265650,93825840194560,4375639744,7,2732,1151,3337
170295161208884,170295161234337,170295161245998,170295161247259,170295161251728,170295161251840,265650,93825840194560,4375639744,7,2732,1151,3338
170295169513947,170295169527283,170295169538456,170295169539665,170295169546662,170295169546749,265650,93825840194560,4375639744,7,2732,1151,3339
170295177840939,170295177943138,170295177973407,170295177974529,170295177980260,170295177980352,265650,93825840194560,4375639744,7,2732,1151,3340
170295186178499,170295186237239,170295186248219,170295186249328,170295186254304,170295186254394,265650,93825840194560,4375639744,7,2732,1151,3341
170295194424382,170295194437150,170295194448516,170295194449489,170295194454238,170295194454319,265650,93825840194560,4375639744,7,2732,1151,3342
170295202869077,170295202882691,170295202893771,170295202894690,170295202899323,170295202899414,265650,93825840194560,4375639744,7,2732,1151,3343
170295211057363,170295211070217,170295211081573,170295211082521,170295211087075,170295211087156,265650,93825840194560,4375639744,7,2732,1151,3344
170295219517282,170295219530329,170295219541696,170295219542796,170295219548099,170295219548182,265650,93825840194560,4375639744,7,2732,1151,3345
170295227880920,170295227896907,170295227909152,170295227910371,170295227915913,170295227916009,265650,93825840194560,4375639744,7,2732,1151,3346
170295236157048,170295236166948,170295236174829,170295236175763,170295236180849,170295236180912,265650,93825840194560,4375639744,7,2732,1151,3347
170295244534844,170295244607204,170295244618370,170295244619608,170295244627826,170295244627920,265650,93825840194560,4375639744,7,2732,1151,3348
170295252822549,170295252833231,170295252841454,170295252842352,170295252849567,170295252849632,265650,93825840194560,4375639744,7,2732,1151,3349
170295261058330,170295261072046,170295261083053,170295261084144,170295261089215,170295261089311,265650,93825840194560,4375639744,7,2732,1151,3350
170295269429927,170295269442616,170295269453523,170295269454456,170295269458977,170295269459059,265650,93825840194560,4375639744,7,2732,1151,3351
170295277795054,170295277808112,170295277819090,170295277820016,170295277825110,170295277825188,265650,93825840194560,4375639744,7,2732,1151,3352
170295286171289,170295286189519,170295286201042,170295286203181,170295286214291,170295286214457,265650,93825840194560,4375639744,7,2732,1151,3353
170295294490511,170295294503117,170295294512467,170295294514095,170295294520591,170295294520660,265650,93825840194560,4375639744,7,2732,1151,3354
170295302841916,170295302858937,170295302868178,170295302869469,170295302874428,170295302874509,265650,93825840194560,4375639744,7,2732,1151,3355
170295311162435,170295311184306,170295311195557,170295311196852,170295311203242,170295311203351,265650,93825840194560,4375639744,7,2732,1151,3356
170295319461002,170295319471063,170295319479296,170295319480096,170295319486006,170295319486091,265650,93825840194560,4375639744,7,2732,1151,3357
170295327870711,170295327883577,170295327894777,170295327895674,170295327901939,170295327902030,265650,93825840194560,4375639744,7,2732,1151,3358
170295336192281,170295336209382,170295336221460,170295336222928,170295336227719,170295336227800,265650,93825840194560,4375639744,7,2732,1151,3359
170295344588593,170295344600817,170295344611636,170295344612623,170295344618624,170295344618701,265650,93825840194560,4375639744,7,2732,1151,3360
170295352859588,170295352872118,170295352882911,170295352883842,170295352890194,170295352890277,265650,93825840194560,4375639744,7,2732,1151,3361
170295361143076,170295361153879,170295361162936,170295361163882,170295361169176,170295361169245,265650,93825840194560,4375639744,7,2732,1151,3362
170295369551576,170295369582954,170295369594366,170295369596057,170295369603232,170295369603307,265650,93825840194560,4375639744,7,2732,1151,3363
170295377800733,170295377812527,170295377821201,170295377822120,170295377828073,170295377828127,265650,93825840194560,4375639744,7,2732,1151,3364
170295386147283,170295386159968,170295386170831,170295386172001,170295386177582,170295386177649,265650,93825840194560,4375639744,7,2732,1151,3365
170295394465848,170295394478232,170295394486917,170295394487941,170295394493523,170295394493598,265650,93825840194560,4375639744,7,2732,1151,3366
170295402879820,170295402937585,170295402948859,170295402949898,170295402953627,170295402953725,265650,93825840194560,4375639744,7,2732,1151,3367
170295411100106,170295411113450,170295411124721,170295411125733,170295411131479,170295411131562,265650,93825840194560,4375639744,7,2732,1151,3368
170295419439978,170295419450293,170295419459239,170295419460033,170295419464086,170295419464161,265650,93825840194560,4375639744,7,2732,1151,3369
170295427904514,170295427948447,170295427959606,170295427960883,170295427966054,170295427966139,265650,93825840194560,4375639744,7,2732,1151,3370
170295436093200,170295436105905,170295436116854,170295436117760,170295436122255,170295436122350,265650,93825840194560,4375639744,7,2732,1151,3371
170295444471594,170295444484332,170295444492921,170295444494082,170295444498113,170295444498180,265650,93825840194560,4375639744,7,2732,1151,3372
170295452829465,170295452842788,170295452854400,170295452855249,170295452860284,170295452860378,265650,93825840194560,4375639744,7,2732,1151,3373
170295461156780,170295461173023,170295461184793,170295461186013,170295461192502,170295461192595,265650,93825840194560,4375639744,7,2732,1151,3374
170295469534951,170295469549123,170295469560106,170295469561198,170295469567413,170295469567511,265650,93825840194560,4375639744,7,2732,1151,3375
170295477887053,170295477903084,170295477914225,170295477916532,170295477926054,170295477926136,265650,93825840194560,4375639744,7,2732,1151,3376
170295486125773,170295486143862,170295486155100,170295486157327,170295486165400,170295486165469,265650,93825840194560,4375639744,7,2732,1151,3377
170295494516318,170295494537594,170295494549931,170295494553061,170295494572402,170295494572471,265650,93825840194560,4375639744,7,2732,1151,3378
170295502791547,170295502807585,170295502818563,170295502820790,170295502833958,170295502834016,265650,93825840194560,4375639744,7,2732,1151,3379
170295511125916,170295511141417,170295511152852,170295511154981,170295511166648,170295511166712,265650,93825840194560,4375639744,7,2732,1151,3380
170295519476026,170295519493995,170295519505350,170295519507622,170295519513445,170295519513495,265650,93825840194560,4375639744,7,2732,1151,3381
170295527809628,170295527826918,170295527838852,170295527841105,170295527847921,170295527847984,265650,93825840194560,4375639744,7,2732,1151,3382
170295536126060,170295536142407,170295536153629,170295536155455,170295536164646,170295536164701,265650,93825840194560,4375639744,7,2732,1151,3383
170295544449249,170295544466545,170295544477304,170295544479343,170295544484136,170295544484202,265650,93825840194560,4375639744,7,2732,1151,3384
170295552854431,170295552870777,170295552881624,170295552883660,170295552890899,170295552890962,265650,93825840194560,4375639744,7,2732,1151,3385
170295561146483,170295561161358,170295561172401,170295561173748,170295561177929,170295561177991,265650,93825840194560,4375639744,7,2732,1151,3386
170295569516581,170295569538668,170295569551118,170295569553933,170295569567851,170295569567923,265650,93825840194560,4375639744,7,2732,1151,3387
170295577825821,170295577842568,170295577854241,170295577856334,170295577862686,170295577862763,265650,93825840194560,4375639744,7,2732,1151,3388
170295586131901,170295586148713,170295586160015,170295586162213,170295586172018,170295586172087,265650,93825840194560,4375639744,7,2732,1151,3389
170295594479541,170295594496121,170295594508042,170295594510133,170295594514263,170295594514324,265650,93825840194560,4375639744,7,2732,1151,3390
170295602792557,170295602810037,170295602821253,170295602823248,170295602832969,170295602833032,265650,93825840194560,4375639744,7,2732,1151,3391
170295611128439,170295611146127,170295611157709,170295611159654,170295611169247,170295611169313,265650,93825840194560,4375639744,7,2732,1151,3392
170295619502379,170295619526305,170295619537822,170295619540052,170295619545776,170295619545847,265650,93825840194560,4375639744,7,2732,1151,3393
170295627803191,170295627817071,170295627827890,170295627829688,170295627834576,170295627834619,265650,93825840194560,4375639744,7,2732,1151,3394
170295636136711,170295636150686,170295636161105,170295636162966,170295636168306,170295636168367,265650,93825840194560,4375639744,7,2732,1151,3395
170295644443512,170295644459570,170295644470508,170295644472411,170295644476548,170295644476624,265650,93825840194560,4375639744,7,2732,1151,3396
170295652833311,170295652850186,170295652861889,170295652863984,170295652871877,170295652871944,265650,93825840194560,4375639744,7,2732,1151,3397
170295661123682,170295661139588,170295661151108,170295661152947,170295661162027,170295661162100,265650,93825840194560,4375639744,7,2732,1151,3398
170295669460585,170295669479262,170295669490606,170295669492799,170295669500221,170295669500315,265650,93825840194560,4375639744,7,2732,1151,3399
170295677795155,170295677809059,170295677820260,170295677821971,170295677826904,170295677826967,265650,93825840194560,4375639744,7,2732,1151,3400
170295686121335,170295686137646,170295686148819,170295686150822,170295686157457,170295686157519,265650,93825840194560,4375639744,7,2732,1151,3401
170295694444314,170295694459069,170295694470076,170295694471730,170295694475981,170295694476022,265650,93825840194560,4375639744,7,2732,1151,3402
170295702803098,170295702825174,170295702837481,170295702840590,170295702847657,170295702847702,265650,93825840194560,4375639744,7,2732,1151,3403
170295711123386,170295711137925,170295711148865,170295711150427,170295711155597,170295711155659,265650,93825840194560,4375639744,7,2732,1151,3404
170295719510924,170295719527573,170295719538180,170295719540084,170295719547862,170295719547931,265650,93825840194560,4375639744,7,2732,1151,3405
170295727789446,170295727802858,170295727813972,170295727815748,170295727820752,170295727820797,265650,93825840194560,4375639744,7,2732,1151,3406
170295736132631,170295736151143,170295736162669,170295736164707,170295736171406,170295736171504,265650,93825840194560,4375639744,7,2732,1151,3407
170295744497185,170295744513984,170295744526031,170295744527872,170295744532734,170295744532800,265650,93825840194560,4375639744,7,2732,1151,3408
170295752828998,170295752847727,170295752859283,170295752861598,170295752871155,170295752871232,265650,93825840194560,4375639744,7,2732,1151,3409
170295761127096,170295761142899,170295761154415,170295761156642,170295761161132,170295761161178,265650,93825840194560,4375639744,7,2732,1151,3410
170295769472876,170295769495468,170295769508102,170295769511135,170295769520422,170295769520478,265650,93825840194560,4375639744,7,2732,1151,3411
170295777836658,170295777851912,170295777862943,170295777865032,170295777872551,170295777872605,265650,93825840194560,4375639744,7,2732,1151,3412
170295786147822,170295786165726,170295786177013,170295786179595,170295786188861,170295786188958,265650,93825840194560,4375639744,7,2732,1151,3413
170295794498150,170295794513834,170295794524896,170295794526867,170295794534552,170295794534607,265650,93825840194560,4375639744,7,2732,1151,3414
170295802789726,170295802806985,170295802818082,170295802819843,170295802827698,170295802827767,265650,93825840194560,4375639744,7,2732,1151,3415
170295811121930,170295811139376,170295811150529,170295811152447,170295811158663,170295811158736,265650,93825840194560,4375639744,7,2732,1151,3416
170295819503941,170295819520803,170295819532031,170295819533702,170295819538523,170295819538590,265650,93825840194560,4375639744,7,2732,1151,3417
170295827849588,170295827866072,170295827876829,170295827880447,170295827887066,170295827887132,265650,93825840194560,4375639744,7,2732,1151,3418
170295836132005,170295836146148,170295836157489,170295836159557,170295836166090,170295836166145,265650,93825840194560,4375639744,7,2732,1151,3419
170295844505634,170295844519969,170295844531007,170295844532640,170295844539503,170295844539571,265650,93825840194560,4375639744,7,2732,1151,3420
170295852854075,170295852872074,170295852883394,170295852885586,170295852894265,170295852894337,265650,93825840194560,4375639744,7,2732,1151,3421
170295861132982,170295861150143,170295861161846,170295861163798,170295861171757,170295861171818,265650,93825840194560,4375639744,7,2732,1151,3422
170295869529720,170295869548590,170295869560356,170295869562410,170295869571450,170295869571518,265650,93825840194560,4375639744,7,2732,1151,3423
170295877818968,170295877836825,170295877847630,170295877849723,170295877857733,170295877857804,265650,93825840194560,4375639744,7,2732,1151,3424
170295886147681,170295886165728,170295886176585,170295886178826,170295886186743,170295886186879,265650,93825840194560,4375639744,7,2732,1151,3425
170295894519680,170295894536166,170295894547452,170295894549173,170295894557117,170295894557181,265650,93825840194560,4375639744,7,2732,1151,3426
170295902845889,170295902861112,170295902872353,170295902874302,170295902881489,170295902881576,265650,93825840194560,4375639744,7,2732,1151,3427
170295911134050,170295911150432,170295911161710,170295911163542,170295911172088,170295911172151,265650,93825840194560,4375639744,7,2732,1151,3428
170295919511728,170295919529430,170295919540644,170295919542704,170295919551359,170295919551426,265650,93825840194560,4375639744,7,2732,1151,3429
170295927807512,170295927824281,170295927835299,170295927837188,170295927845580,170295927845633,265650,93825840194560,4375639744,7,2732,1151,3430
170295936142227,170295936158411,170295936168984,170295936170624,170295936178476,170295936178527,265650,93825840194560,4375639744,7,2732,1151,3431
170295944463339,170295944478482,170295944489158,170295944490702,170295944497385,170295944497446,265650,93825840194560,4375639744,7,2732,1151,3432
170295952861961,170295952877313,170295952888541,170295952890469,170295952898649,170295952898746,265650,93825840194560,4375639744,7,2732,1151,3433
170295961136325,170295961152785,170295961163965,170295961165756,170295961175480,170295961175573,265650,93825840194560,4375639744,7,2732,1151,3434
170295969509672,170295969525431,170295969536685,170295969539270,170295969548945,170295969549011,265650,93825840194560,4375639744,7,2732,1151,3435
170295977813229,170295977829811,170295977840950,170295977843349,170295977851170,170295977851236,265650,93825840194560,4375639744,7,2732,1151,3436
170295986150901,170295986168820,170295986179513,170295986182288,170295986190993,170295986191064,265650,93825840194560,4375639744,7,2732,1151,3437
170295994493320,170295994513820,170295994525810,170295994529153,170295994546897,170295994546954,265650,93825840194560,4375639744,7,2732,1151,3438
170296002838575,170296002861783,170296002873774,170296002876630,170296002890417,170296002890475,265650,93825840194560,4375639744,7,2732,1151,3439
170296011137648,170296011154263,170296011165123,170296011166976,170296011173525,170296011173601,265650,93825840194560,4375639744,7,2732,1151,3440
170296019511046,170296019527442,170296019538124,170296019540175,170296019545682,170296019545749,265650,93825840194560,4375639744,7,2732,1151,3441
170296027811360,170296027827513,170296027838439,170296027840339,170296027845987,170296027846046,265650,93825840194560,4375639744,7,2732,1151,3442
170296036154031,170296036172853,170296036183397,170296036185269,170296036191948,170296036191995,265650,93825840194560,4375639744,7,2732,1151,3443
170296044479656,170296044495953,170296044506947,170296044508697,170296044514628,170296044514700,265650,93825840194560,4375639744,7,2732,1151,3444
170296052832326,170296052848384,170296052859320,170296052861200,170296052868900,170296052868951,265650,93825840194560,4375639744,7,2732,1151,3445
170296061141746,170296061156893,170296061168023,170296061170110,170296061177417,170296061177465,265650,93825840194560,4375639744,7,2732,1151,3446
170296069474855,170296069495589,170296069507502,170296069510772,170296069519033,170296069519105,265650,93825840194560,4375639744,7,2732,1151,3447
170296077834056,170296077857057,170296077869594,170296077872495,170296077883516,170296077883593,265650,93825840194560,4375639744,7,2732,1151,3448
170296086147286,170296086165136,170296086176706,170296086178711,170296086185241,170296086185310,265650,93825840194560,4375639744,7,2732,1151,3449
170296094479439,170296094494400,170296094505307,170296094507228,170296094516416,170296094516492,265650,93825840194560,4375639744,7,2732,1151,3450
170296102812138,170296102830215,170296102841363,170296102843296,170296102854788,170296102854874,265650,93825840194560,4375639744,7,2732,1151,3451
170296111146727,170296111163696,170296111174866,170296111177085,170296111184408,170296111184489,265650,93825840194560,4375639744,7,2732,1151,3452
170296119506886,170296119530476,170296119542754,170296119546084,170296119555537,170296119555599,265650,93825840194560,4375639744,7,2732,1151,3453
170296127813125,170296127830157,170296127841195,170296127843112,170296127851556,170296127851611,265650,93825840194560,4375639744,7,2732,1151,3454
170296136147586,170296136164295,170296136175427,170296136177491,170296136184536,170296136184591,265650,93825840194560,4375639744,7,2732,1151,3455
170296144510335,170296144531135,170296144543282,170296144546556,170296144557921,170296144557988,265650,93825840194560,4375639744,7,2732,1151,3456
170296152833885,170296152856086,170296152868803,170296152871629,170296152882590,170296152882661,265650,93825840194560,4375639744,7,2732,1151,3457
170296161152185,170296161170255,170296161182916,170296161185851,170296161195138,170296161195192,265650,93825840194560,4375639744,7,2732,1151,3458
170296169519760,170296169536149,170296169546641,170296169548349,170296169556118,170296169556184,265650,93825840194560,4375639744,7,2732,1151,3459
170296177840644,170296177861100,170296177872841,170296177875304,170296177885207,170296177885312,265650,93825840194560,4375639744,7,2732,1151,3460
170296186185107,170296186207039,170296186219139,170296186221612,170296186233045,170296186233133,265650,93825840194560,4375639744,7,2732,1151,3461
170296194518444,170296194539514,170296194551355,170296194554087,170296194567955,170296194568043,265650,93825840194560,4375639744,7,2732,1151,3462
170296202852520,170296202873619,170296202885241,170296202888023,170296202899640,170296202899723,265650,93825840194560,4375639744,7,2732,1151,3463
170296211173071,170296211193256,170296211205140,170296211207794,170296211216795,170296211216864,265650,93825840194560,4375639744,7,2732,1151,3464
170296219515631,170296219537165,170296219549117,170296219551824,170296219563273,170296219563362,265650,93825840194560,4375639744,7,2732,1151,3465
170296227887322,170296227907387,170296227918959,170296227921878,170296227931359,170296227931428,265650,93825840194560,4375639744,7,2732,1151,3466
170296236162480,170296236180413,170296236191701,170296236194192,170296236201947,170296236202024,265650,93825840194560,4375639744,7,2732,1151,3467
170296244516559,170296244540347,170296244552057,170296244555089,170296244562168,170296244562247,265650,93825840194560,4375639744,7,2732,1151,3468
170296252825670,170296252843151,170296252854566,170296252856786,170296252864944,170296252864994,265650,93825840194560,4375639744,7,2732,1151,3469
170296261154149,170296261170707,170296261181698,170296261183859,170296261190838,170296261190909,265650,93825840194560,4375639744,7,2732,1151,3470
170296269563985,170296269583899,170296269596615,170296269599843,170296269612907,170296269612978,265650,93825840194560,4375639744,7,2732,1151,3471
170296277839766,170296277861226,170296277873888,170296277876797,170296277887664,170296277887717,265650,93825840194560,4375639744,7,2732,1151,3472
170296286195456,170296286216625,170296286228301,170296286230700,170296286239578,170296286239634,265650,93825840194560,4375639744,7,2732,1151,3473
170296294527549,170296294548802,170296294560860,170296294564168,170296294578416,170296294578477,265650,93825840194560,4375639744,7,2732,1151,3474
170296302839308,170296302860685,170296302871688,170296302873482,170296302881917,170296302881975,265650,93825840194560,4375639744,7,2732,1151,3475
170296311159794,170296311176674,170296311187337,170296311189105,170296311196023,170296311196081,265650,93825840194560,4375639744,7,2732,1151,3476
170296319514517,170296319538796,170296319551197,170296319554563,170296319567974,170296319568056,265650,93825840194560,4375639744,7,2732,1151,3477
170296327833189,170296327855271,170296327867115,170296327870117,170296327879895,170296327879959,265650,93825840194560,4375639744,7,2732,1151,3478
170296336149417,170296336164903,170296336175938,170296336177840,170296336182521,170296336182584,265650,93825840194560,4375639744,7,2732,1151,3479
170296344486453,170296344501247,170296344511689,170296344513272,170296344519905,170296344519966,265650,93825840194560,4375639744,7,2732,1151,3480
170296352837888,170296352858951,170296352870548,170296352872986,170296352881227,170296352881285,265650,93825840194560,4375639744,7,2732,1151,3481
170296361153620,170296361167636,170296361178503,170296361180403,170296361186263,170296361186326,265650,93825840194560,4375639744,7,2732,1151,3482
170296369491549,170296369507457,170296369518313,170296369520176,170296369526203,170296369526264,265650,93825840194560,4375639744,7,2732,1151,3483
170296377857350,170296377873949,170296377885263,170296377887020,170296377893432,170296377893494,265650,93825840194560,4375639744,7,2732,1151,3484
170296386172258,170296386189739,170296386200714,170296386202491,170296386211067,170296386211128,265650,93825840194560,4375639744,7,2732,1151,3485
170296394511004,170296394531390,170296394543794,170296394546820,170296394557402,170296394557472,265650,93825840194560,4375639744,7,2732,1151,3486
170296402837415,170296402856128,170296402867501,170296402869839,170296402879405,170296402879485,265650,93825840194560,4375639744,7,2732,1151,3487
170296411152888,170296411168395,170296411179339,170296411180936,170296411187219,170296411187276,265650,93825840194560,4375639744,7,2732,1151,3488
170296419560873,170296419582552,170296419595574,170296419598701,170296419607308,170296419607370,265650,93825840194560,4375639744,7,2732,1151,3489
170296427825132,170296427840353,170296427851341,170296427853114,170296427858785,170296427858831,265650,93825840194560,4375639744,7,2732,1151,3490
170296436155864,170296436174026,170296436184915,170296436186426,170296436192964,170296436193026,265650,93825840194560,4375639744,7,2732,1151,3491
170296444483651,170296444498842,170296444509422,170296444511014,170296444514922,170296444514963,265650,93825840194560,4375639744,7,2732,1151,3492
170296452834957,170296452858702,170296452871087,170296452873902,170296452884482,170296452884536,265650,93825840194560,4375639744,7,2732,1151,3493
170296461153354,170296461168069,170296461179037,170296461180688,170296461186827,170296461186887,265650,93825840194560,4375639744,7,2732,1151,3494
170296469493346,170296469510647,170296469521800,170296469523568,170296469528202,170296469528277,265650,93825840194560,4375639744,7,2732,1151,3495
170296477823216,170296477840062,170296477851725,170296477853674,170296477859928,170296477859989,265650,93825840194560,4375639744,7,2732,1151,3496
170296486160558,170296486177953,170296486188785,170296486190804,170296486198298,170296486198351,265650,93825840194560,4375639744,7,2732,1151,3497
170296494491421,170296494509127,170296494521520,170296494524314,170296494531020,170296494531063,265650,93825840194560,4375639744,7,2732,1151,3498
170296502848862,170296502868157,170296502879205,170296502881047,170296502887313,170296502887354,265650,93825840194560,4375639744,7,2732,1151,3499
170296511156806,170296511172580,170296511183370,170296511185111,170296511192152,170296511192197,265650,93825840194560,4375639744,7,2732,1151,3500
170296519496449,170296519514734,170296519526422,170296519528488,170296519533365,170296519533424,265650,93825840194560,4375639744,7,2732,1151,3501
170296527827304,170296527844042,170296527855275,170296527857276,170296527863864,170296527863926,265650,93825840194560,4375639744,7,2732,1151,3502
170296536156021,170296536172629,170296536184013,170296536185960,170296536192119,170296536192177,265650,93825840194560,4375639744,7,2732,1151,3503
170296544488663,170296544506209,170296544517555,170296544519318,170296544523853,170296544523961,265650,93825840194560,4375639744,7,2732,1151,3504
170296552833939,170296552851869,170296552863629,170296552865722,170296552872709,170296552872753,265650,93825840194560,4375639744,7,2732,1151,3505
170296561162459,170296561177918,170296561189088,170296561190909,170296561197810,170296561197877,265650,93825840194560,4375639744,7,2732,1151,3506
170296569496232,170296569510284,170296569522101,170296569524443,170296569531598,170296569531775,265650,93825840194560,4375639744,7,2732,1151,3507
170296577855605,170296577874673,170296577886858,170296577889848,170296577898665,170296577898726,265650,93825840194560,4375639744,7,2732,1151,3508
170296586175315,170296586193326,170296586203907,170296586205839,170296586212834,170296586212905,265650,93825840194560,4375639744,7,2732,1151,3509
170296594563638,170296594583615,170296594596528,170296594599738,170296594606527,170296594606617,265650,93825840194560,4375639744,7,2732,1151,3510
170296602896612,170296602915253,170296602926846,170296602929464,170296602939338,170296602939423,265650,93825840194560,4375639744,7,2732,1151,3511
170296611164826,170296611178833,170296611189401,170296611191176,170296611200008,170296611200071,265650,93825840194560,4375639744,7,2732,1151,3512
170296619540001,170296619560653,170296619572555,170296619575632,170296619589647,170296619589716,265650,93825840194560,4375639744,7,2732,1151,3513
170296627849950,170296627865886,170296627877483,170296627879720,170296627888643,170296627888697,265650,93825840194560,4375639744,7,2732,1151,3514
170296636159345,170296636172326,170296636183278,170296636184786,170296636190691,170296636190754,265650,93825840194560,4375639744,7,2732,1151,3515
170296644530268,170296644550263,170296644562489,170296644565066,170296644570641,170296644570705,265650,93825840194560,4375639744,7,2732,1151,3516
170296652866459,170296652888268,170296652901268,170296652904230,170296652914035,170296652914099,265650,93825840194560,4375639744,7,2732,1151,3517
170296661197920,170296661218782,170296661230930,170296661233920,170296661251255,170296661251352,265650,93825840194560,4375639744,7,2732,1151,3518
170296669499166,170296669516520,170296669527735,170296669529610,170296669538997,170296669539057,265650,93825840194560,4375639744,7,2732,1151,3519
170296677859196,170296677878439,170296677889743,170296677891674,170296677900904,170296677900981,265650,93825840194560,4375639744,7,2732,1151,3520
170296686302644,170296686321640,170296686333171,170296686335070,170296686349658,170296686349760,265650,93825840194560,4375639744,7,2732,1151,3521
170296694545077,170296694564470,170296694576011,170296694577850,170296694587510,170296694587607,265650,93825840194560,4375639744,7,2732,1151,3522
170296702896699,170296702920486,170296702933288,170296702936167,170296702946250,170296702946317,265650,93825840194560,4375639744,7,2732,1151,3523
170296711173327,170296711190316,170296711201651,170296711203482,170296711215539,170296711215624,265650,93825840194560,4375639744,7,2732,1151,3524
170296719542580,170296719566267,170296719578795,170296719582142,170296719592104,170296719592286,265650,93825840194560,4375639744,7,2732,1151,3525
170296727857049,170296727877477,170296727889987,170296727893134,170296727901334,170296727901401,265650,93825840194560,4375639744,7,2732,1151,3526
170296736178063,170296736194591,170296736205359,170296736207466,170296736212617,170296736212685,265650,93825840194560,4375639744,7,2732,1151,3527
170296744540119,170296744554682,170296744565859,170296744567496,170296744572635,170296744572686,265650,93825840194560,4375639744,7,2732,1151,3528
170296752884196,170296752906097,170296752918409,170296752921269,170296752929741,170296752929884,265650,93825840194560,4375639744,7,2732,1151,3529
170296761163738,170296761178436,170296761190032,170296761191755,170296761206868,170296761206934,265650,93825840194560,4375639744,7,2732,1151,3530
170296769505174,170296769521986,170296769533081,170296769534731,170296769543174,170296769543235,265650,93825840194560,4375639744,7,2732,1151,3531
170296777866013,170296777888132,170296777899957,170296777903266,170296777913669,170296777913727,265650,93825840194560,4375639744,7,2732,1151,3532
170296786215184,170296786239624,170296786252100,170296786256390,170296786274048,170296786274123,265650,93825840194560,4375639744,7,2732,1151,3533
170296794560138,170296794578638,170296794589957,170296794592294,170296794601054,170296794601124,265650,93825840194560,4375639744,7,2732,1151,3534
170296802873130,170296802898760,170296802912112,170296802914374,170296802921808,170296802921882,265650,93825840194560,4375639744,7,2732,1151,3535
170296811185546,170296811209447,170296811221580,170296811224627,170296811238028,170296811238105,265650,93825840194560,4375639744,7,2732,1151,3536
170296819539764,170296819561272,170296819572920,170296819576111,170296819588388,170296819588438,265650,93825840194560,4375639744,7,2732,1151,3537
170296827837802,170296827854066,170296827864871,170296827866684,170296827872764,170296827872821,265650,93825840194560,4375639744,7,2732,1151,3538
170296836171654,170296836187506,170296836198464,170296836200526,170296836207812,170296836207880,265650,93825840194560,4375639744,7,2732,1151,3539
170296844522392,170296844544756,170296844557092,170296844560066,170296844570817,170296844570892,265650,93825840194560,4375639744,7,2732,1151,3540
170296852867490,170296852889861,170296852901750,170296852904617,170296852914715,170296852914785,265650,93825840194560,4375639744,7,2732,1151,3541
170296861175843,170296861191376,170296861202414,170296861204356,170296861209999,170296861210054,265650,93825840194560,4375639744,7,2732,1151,3542
170296869570582,170296869592512,170296869604107,170296869606760,170296869615581,170296869615647,265650,93825840194560,4375639744,7,2732,1151,3543
170296877853174,170296877871379,170296877882292,170296877884345,170296877892434,170296877892487,265650,93825840194560,4375639744,7,2732,1151,3544
170296886155922,170296886172767,170296886184668,170296886186821,170296886196262,170296886196349,265650,93825840194560,4375639744,7,2732,1151,3545
170296894564827,170296894581093,170296894592274,170296894594373,170296894599621,170296894599705,265650,93825840194560,4375639744,7,2732,1151,3546
170296902844005,170296902861246,170296902872338,170296902874423,170296902881585,170296902881651,265650,93825840194560,4375639744,7,2732,1151,3547
170296911203598,170296911226210,170296911238471,170296911241464,170296911250350,170296911250409,265650,93825840194560,4375639744,7,2732,1151,3548
170296919501724,170296919516873,170296919527826,170296919529452,170296919534654,170296919534696,265650,93825840194560,4375639744,7,2732,1151,3549
170296927843982,170296927860498,170296927872290,170296927874658,170296927881123,170296927881185,265650,93825840194560,4375639744,7,2732,1151,3550
170296936171303,170296936187511,170296936198448,170296936200236,170296936205352,170296936205399,265650,93825840194560,4375639744,7,2732,1151,3551
170296944584627,170296944607541,170296944620054,170296944623247,170296944632107,170296944632171,265650,93825840194560,4375639744,7,2732,1151,3552
170296952848841,170296952866050,170296952877425,170296952879364,170296952885613,170296952885662,265650,93825840194560,4375639744,7,2732,1151,3553
170296961173880,170296961188596,170296961199857,170296961201698,170296961207684,170296961207739,265650,93825840194560,4375639744,7,2732,1151,3554
170296969528813,170296969550080,170296969562335,170296969565428,170296969574524,170296969574584,265650,93825840194560,4375639744,7,2732,1151,3555
170296977844407,170296977867056,170296977879421,170296977882151,170296977891082,170296977891141,265650,93825840194560,4375639744,7,2732,1151,3556
170296986176944,170296986193554,170296986204774,170296986206675,170296986212129,170296986212171,265650,93825840194560,4375639744,7,2732,1151,3557
170296994504533,170296994519528,170296994532259,170296994535375,170296994543044,170296994543086,265650,93825840194560,4375639744,7,2732,1151,3558
170297002871693,170297002895224,170297002907288,170297002910087,170297002919624,170297002919665,265650,93825840194560,4375639744,7,2732,1151,3559
170297011181680,170297011198623,170297011209879,170297011211889,170297011217351,170297011217407,265650,93825840194560,4375639744,7,2732,1151,3560
170297019541718,170297019558487,170297019569911,170297019571723,170297019577831,170297019577896,265650,93825840194560,4375639744,7,2732,1151,3561
170297027832741,170297027846687,170297027857811,170297027859311,170297027863754,170297027863796,265650,93825840194560,4375639744,7,2732,1151,3562
170297036188290,170297036203985,170297036214504,170297036216067,170297036224916,170297036224960,265650,93825840194560,4375639744,7,2732,1151,3563
170297044514869,170297044532423,170297044543139,170297044545027,170297044551021,170297044551064,265650,93825840194560,4375639744,7,2732,1151,3564
170297052888134,170297052908188,170297052919715,170297052922526,170297052934810,170297052934862,265650,93825840194560,4375639744,7,2732,1151,3565
170297061192467,170297061208022,170297061218881,170297061220790,170297061230321,170297061230365,265650,93825840194560,4375639744,7,2732,1151,3566
170297069571190,170297069587725,170297069599009,170297069600973,170297069609199,170297069609241,265650,93825840194560,4375639744,7,2732,1151,3567
170297077899266,170297077915973,170297077926619,170297077928647,170297077937133,170297077937176,265650,93825840194560,4375639744,7,2732,1151,3568
170297086195753,170297086212607,170297086223766,170297086225672,170297086233030,170297086233093,265650,93825840194560,4375639744,7,2732,1151,3569
170297094552020,170297094565594,170297094576622,170297094578026,170297094584329,170297094584394,265650,93825840194560,4375639744,7,2732,1151,3570
170297102903017,170297102919226,170297102930306,170297102932455,170297102940572,170297102940634,265650,93825840194560,4375639744,7,2732,1151,3571
170297111194949,170297111212578,170297111223813,170297111225750,170297111232212,170297111232267,265650,93825840194560,4375639744,7,2732,1151,3572
170297119520857,170297119537783,170297119549071,170297119551168,170297119555841,170297119555882,265650,93825840194560,4375639744,7,2732,1151,3573
170297127859110,170297127876527,170297127888556,170297127891168,170297127896933,170297127896978,265650,93825840194560,4375639744,7,2732,1151,3574
170297136182035,170297136197948,170297136208676,170297136210282,170297136215406,170297136215459,265650,93825840194560,4375639744,7,2732,1151,3575
170297144570280,170297144584334,170297144595003,170297144596718,170297144606434,170297144606493,265650,93825840194560,4375639744,7,2732,1151,3576
170297152882221,170297152904722,170297152916915,170297152919862,170297152928335,170297152928391,265650,93825840194560,4375639744,7,2732,1151,3577
170297161203950,170297161220708,170297161231638,170297161233296,170297161239403,170297161239462,265650,93825840194560,4375639744,7,2732,1151,3578
170297169547945,170297169570434,170297169583286,170297169586535,170297169593700,170297169593746,265650,93825840194560,4375639744,7,2732,1151,3579
170297177854083,170297177869669,170297177880725,170297177882581,170297177888405,170297177888468,265650,93825840194560,4375639744,7,2732,1151,3580
170297186204228,170297186222304,170297186233249,170297186235283,170297186241576,170297186241631,265650,93825840194560,4375639744,7,2732,1151,3581
170297194522712,170297194541204,170297194552651,170297194554759,170297194560749,170297194560864,265650,93825840194560,4375639744,7,2732,1151,3582
170297202869370,170297202886344,170297202897881,170297202899802,170297202906837,170297202906897,265650,93825840194560,4375639744,7,2732,1151,3583
170297211199862,170297211217663,170297211229053,170297211230853,170297211240031,170297211240132,265650,93825840194560,4375639744,7,2732,1151,3584
170297219584197,170297219603893,170297219616216,170297219619682,170297219635120,170297219635187,265650,93825840194560,4375639744,7,2732,1151,3585
