os,cpu,gpu,ram,kernel,driver,cpuscheduler
Steam Runtime 4,Intel Core Ultra 7 355,Intel(R) Graphics (PTL),32351840,7.2.5-3-omarchy,,powersave
fps,frametime,cpu_load,cpu_power,gpu_load,cpu_temp,gpu_temp,gpu_core_clock,gpu_mem_clock,gpu_vram_used,gpu_power,ram_used,swap_used,process_rss,cpu_mhz,elapsed
6.33425e-06,1.57872e+08,28,0,0,49,0,550,0,0,0,21.3036,13.6792,0,3200,166276465
0.54908,1821.23,20.5882,0,0,49,0,550,0,0,0,21.3075,13.681,0,3200,1987509524
0.510505,1958.84,42.0728,0,0,49,0,700,0,0,0,21.5112,13.6807,0,1500,2083556714
10.0734,99.2711,67.0886,0,0,49,0,450,0,0,0,21.5268,13.6807,0,1500,2086773538
0.836276,1195.78,67.0886,0,0,49,0,450,0,0,0,21.5268,13.6807,0,1500,3279335273
0.805533,1241.41,27.0637,0,0,48,0,1250,0,0,0,21.6226,13.6806,0,1500,3328195922
6.33412e-06,1.57875e+08,58.9744,0,0,48,0,1250,0,0,0,21.6307,13.6806,0,1500,3465845561
4.04628,247.141,74.5455,0,0,48,0,1250,0,0,0,21.7483,13.6946,0,3200,3526466559
4.82043,207.45,74.5455,0,0,48,0,1250,0,0,0,21.7483,13.6946,0,3200,3535637157
1.02887,971.939,74.5455,0,0,48,0,1250,0,0,0,21.7483,13.6946,0,3200,4507582312
6.33408e-06,1.57876e+08,48.9234,0,3,62,0,1650,0,0,0,22.3251,13.7901,0,3752,4548094446
0.245531,4072.8,87.5,0,11,62,0,1500,0,0,0,22.4032,13.7993,0,3800,8620896466
0.231431,4320.94,22.5529,0,10,49,0,2500,0,0,0,22.7083,13.894,0,2100,8828518080
1.08744,919.593,64.6707,0,10,49,0,2500,0,0,0,22.8722,13.9394,0,3200,9748112457
0.487821,2049.93,29.6196,0,0,48,0,1800,0,0,0,22.9623,13.9871,0,1902,10670828833
0.0266281,37554.3,61.705,0,7,48,0,450,0,0,0,22.9467,14.1126,0,3674,48225142665
0.0987753,10124,11.4779,0,0,45,0,400,0,0,0,23.8171,14.6116,0,1300,58349119929
12.2792,81.4383,15.395,0,0,44,0,400,0,0,0,23.8286,14.6079,0,1600,58430554199
57.0444,17.5302,15.395,0,0,44,0,400,0,0,0,23.8286,14.6079,0,1600,58448085662
53.2559,18.7772,15.395,0,0,44,0,400,0,0,0,23.8286,14.6079,0,1600,58466863592
50.581,19.7703,15.395,0,0,44,0,400,0,0,0,23.8286,14.6079,0,1600,58486635249
52.4953,19.0493,15.395,0,0,44,0,400,0,0,0,23.8286,14.6079,0,1600,58505684594
58.4408,17.1113,15.395,0,0,44,0,400,0,0,0,23.8286,14.6079,0,1600,58522796138
57.051,17.5282,15.395,0,0,44,0,400,0,0,0,23.8286,14.6079,0,1600,58540324386
54.4758,18.3568,15.395,0,0,44,0,400,0,0,0,23.8286,14.6079,0,1600,58558681859
57.5859,17.3654,15.395,0,0,44,0,400,0,0,0,23.8286,14.6079,0,1600,58576047279
60.0501,16.6528,15.395,0,0,44,0,400,0,0,0,23.8286,14.6079,0,1600,58592700791
54.5994,18.3152,15.395,0,0,44,0,400,0,0,0,23.8286,14.6079,0,1600,58611016139
56.4517,17.7142,15.395,0,0,44,0,400,0,0,0,23.8286,14.6079,0,1600,58628730831
12.816,78.0275,15.395,0,0,44,0,400,0,0,0,23.8286,14.6079,0,1600,58706758591
4.96943,201.23,15.395,0,0,44,0,400,0,0,0,23.8286,14.6079,0,1600,58907992965
2.29167,436.362,25.7271,0,17,44,0,2350,0,0,0,23.7432,14.6513,0,3073,59344352123
0.500866,1996.54,25.7271,0,17,44,0,2350,0,0,0,23.7432,14.6513,0,3073,61340898553
50.4379,19.8264,16.9326,0,0,46,0,1250,0,0,0,23.6955,14.6507,0,3800,61360719562
56.6827,17.6421,16.9326,0,0,46,0,1250,0,0,0,23.6955,14.6507,0,3800,61378362462
470.007,2.12763,16.9326,0,0,46,0,1250,0,0,0,23.6955,14.6507,0,3800,61380489353
762.639,1.31124,16.9326,0,0,46,0,1250,0,0,0,23.6955,14.6507,0,3800,61381801182
63.5246,15.7419,16.9326,0,0,46,0,1250,0,0,0,23.6955,14.6507,0,3800,61397543820
87.862,11.3815,16.9326,0,0,46,0,1250,0,0,0,23.6955,14.6507,0,3800,61408925563
161.061,6.20883,16.9326,0,0,46,0,1250,0,0,0,23.6955,14.6507,0,3800,61415134829
117.882,8.48309,16.9326,0,0,46,0,1250,0,0,0,23.6955,14.6507,0,3800,61423618377
120.474,8.30057,16.9326,0,0,46,0,1250,0,0,0,23.6955,14.6507,0,3800,61431919230
120.844,8.27514,16.9326,0,0,46,0,1250,0,0,0,23.6955,14.6507,0,3800,61440195165
119.076,8.398,16.9326,0,0,46,0,1250,0,0,0,23.6955,14.6507,0,3800,61448593273
119.352,8.37861,16.9326,0,0,46,0,1250,0,0,0,23.6955,14.6507,0,3800,61456972329
116.559,8.57937,16.9326,0,0,46,0,1250,0,0,0,23.6955,14.6507,0,3800,61465552508
136.902,7.30449,16.9326,0,0,46,0,1250,0,0,0,23.6955,14.6507,0,3800,61472857177
103.967,9.61843,16.9326,0,0,46,0,1250,0,0,0,23.6955,14.6507,0,3800,61482475783
102.581,9.74839,16.9326,0,0,46,0,1250,0,0,0,23.6955,14.6507,0,3800,61492226101
112.332,8.90221,16.9326,0,0,46,0,1250,0,0,0,23.6955,14.6507,0,3800,61501127638
142.869,6.9994,16.9326,0,0,46,0,1250,0,0,0,23.6955,14.6507,0,3800,61508127090
121.042,8.26161,16.9326,0,0,46,0,1250,0,0,0,23.6955,14.6507,0,3800,61516389496
99.6911,10.031,16.9326,0,0,46,0,1250,0,0,0,23.6955,14.6507,0,3800,61526420422
128.408,7.78769,16.9326,0,0,46,0,1250,0,0,0,23.6955,14.6507,0,3800,61534209386
119.18,8.39065,16.9326,0,0,46,0,1250,0,0,0,23.6955,14.6507,0,3800,61542599669
114.81,8.71008,16.9326,0,0,46,0,1250,0,0,0,23.6955,14.6507,0,3800,61551309885
123.784,8.07856,16.9326,0,0,46,0,1250,0,0,0,23.6955,14.6507,0,3800,61559388377
128.27,7.79604,16.9326,0,0,46,0,1250,0,0,0,23.6955,14.6507,0,3800,61567185188
190.894,5.23851,16.9326,0,0,46,0,1250,0,0,0,23.6955,14.6507,0,3800,61572423578
83.1892,12.0208,16.9326,0,0,46,0,1250,0,0,0,23.6955,14.6507,0,3800,61584444997
130.967,7.63554,16.9326,0,0,46,0,1250,0,0,0,23.6955,14.6507,0,3800,61592080826
125.438,7.97207,16.9326,0,0,46,0,1250,0,0,0,23.6955,14.6507,0,3800,61600053255
102.917,9.7166,16.9326,0,0,46,0,1250,0,0,0,23.6955,14.6507,0,3800,61609770159
146.156,6.84201,16.9326,0,0,46,0,1250,0,0,0,23.6955,14.6507,0,3800,61616612848
121.398,8.23736,16.9326,0,0,46,0,1250,0,0,0,23.6955,14.6507,0,3800,61624850266
121.94,8.20075,16.9326,0,0,46,0,1250,0,0,0,23.6955,14.6507,0,3800,61633051205
118.181,8.4616,16.9326,0,0,46,0,1250,0,0,0,23.6955,14.6507,0,3800,61641513086
98.6794,10.1338,16.9326,0,0,46,0,1250,0,0,0,23.6955,14.6507,0,3800,61651648260
125.818,7.94801,16.9326,0,0,46,0,1250,0,0,0,23.6955,14.6507,0,3800,61659597642
118.067,8.46974,16.9326,0,0,46,0,1250,0,0,0,23.6955,14.6507,0,3800,61668067736
115.705,8.64267,16.9326,0,0,46,0,1250,0,0,0,23.6955,14.6507,0,3800,61676711119
120.127,8.32452,16.9326,0,0,46,0,1250,0,0,0,23.6955,14.6507,0,3800,61685036438
144.535,6.91876,16.9326,0,0,46,0,1250,0,0,0,23.6955,14.6507,0,3800,61691955903
100.732,9.92733,16.9326,0,0,46,0,1250,0,0,0,23.6955,14.6507,0,3800,61701883075
117.787,8.48992,16.9326,0,0,46,0,1250,0,0,0,23.6955,14.6507,0,3800,61710373989
128.445,7.78545,16.9326,0,0,46,0,1250,0,0,0,23.6955,14.6507,0,3800,61718160179
118.615,8.43065,16.9326,0,0,46,0,1250,0,0,0,23.6955,14.6507,0,3800,61726591381
139.863,7.14987,16.9326,0,0,46,0,1250,0,0,0,23.6955,14.6507,0,3800,61733741774
112.957,8.8529,16.9326,0,0,46,0,1250,0,0,0,23.6955,14.6507,0,3800,61742595723
110.599,9.04169,16.9326,0,0,46,0,1250,0,0,0,23.6955,14.6507,0,3800,61751637906
126.022,7.93514,16.9326,0,0,46,0,1250,0,0,0,23.6955,14.6507,0,3800,61759573997
128.17,7.80215,16.9326,0,0,46,0,1250,0,0,0,23.6955,14.6507,0,3800,61767376231
106.104,9.42475,16.9326,0,0,46,0,1250,0,0,0,23.6955,14.6507,0,3800,61776802047
147.268,6.79036,16.9326,0,0,46,0,1250,0,0,0,23.6955,14.6507,0,3800,61783593277
124.471,8.03403,16.9326,0,0,46,0,1250,0,0,0,23.6955,14.6507,0,3800,61791627715
119.863,8.34285,16.9326,0,0,46,0,1250,0,0,0,23.6955,14.6507,0,3800,61799970549
121.996,8.19698,16.9326,0,0,46,0,1250,0,0,0,23.6955,14.6507,0,3800,61808168309
120.475,8.3005,16.9326,0,0,46,0,1250,0,0,0,23.6955,14.6507,0,3800,61816469230
120.573,8.29373,16.9326,0,0,46,0,1250,0,0,0,23.6955,14.6507,0,3800,61824763330
121.31,8.24333,16.9326,0,0,46,0,1250,0,0,0,23.6955,14.6507,0,3800,61833007095
96.0455,10.4117,16.9326,0,0,46,0,1250,0,0,0,23.6955,14.6507,0,3800,61843425190
131.294,7.61649,21.0396,0,53,46,0,2500,0,0,0,23.5006,14.6937,0,1500,61851036890
114.097,8.76446,21.0396,0,53,46,0,2500,0,0,0,23.5006,14.6937,0,1500,61859802394
138.569,7.21662,21.0396,0,53,46,0,2500,0,0,0,23.5006,14.6937,0,1500,61867019516
102.563,9.75008,21.0396,0,53,46,0,2500,0,0,0,23.5006,14.6937,0,1500,61876770157
123.444,8.10085,21.0396,0,53,46,0,2500,0,0,0,23.5006,14.6937,0,1500,61884871247
140.972,7.09361,21.0396,0,53,46,0,2500,0,0,0,23.5006,14.6937,0,1500,61891965503
101.259,9.87563,21.0396,0,53,46,0,2500,0,0,0,23.5006,14.6937,0,1500,61901842079
134.222,7.45034,21.0396,0,53,46,0,2500,0,0,0,23.5006,14.6937,0,1500,61909293031
131.202,7.62181,21.0396,0,53,46,0,2500,0,0,0,23.5006,14.6937,0,1500,61916915162
123.958,8.06722,21.0396,0,53,46,0,2500,0,0,0,23.5006,14.6937,0,1500,61924982947
105.948,9.4386,21.0396,0,53,46,0,2500,0,0,0,23.5006,14.6937,0,1500,61934421827
140.834,7.10055,21.0396,0,53,46,0,2500,0,0,0,23.5006,14.6937,0,1500,61941523152
99.1464,10.0861,21.0396,0,53,46,0,2500,0,0,0,23.5006,14.6937,0,1500,61951610286
148.94,6.71411,21.0396,0,53,46,0,2500,0,0,0,23.5006,14.6937,0,1500,61958325423
94.9789,10.5287,21.0396,0,53,46,0,2500,0,0,0,23.5006,14.6937,0,1500,61968854459
158.336,6.31567,21.0396,0,53,46,0,2500,0,0,0,23.5006,14.6937,0,1500,61975170547
102.605,9.74614,21.0396,0,53,46,0,2500,0,0,0,23.5006,14.6937,0,1500,61984917470
124.726,8.01758,21.0396,0,53,46,0,2500,0,0,0,23.5006,14.6937,0,1500,61992935932
121.759,8.21298,21.0396,0,53,46,0,2500,0,0,0,23.5006,14.6937,0,1500,62001149537
111.015,9.0078,21.0396,0,53,46,0,2500,0,0,0,23.5006,14.6937,0,1500,62010157624
155.441,6.43329,21.0396,0,53,46,0,2500,0,0,0,23.5006,14.6937,0,1500,62016591572
119.946,8.33708,21.0396,0,53,46,0,2500,0,0,0,23.5006,14.6937,0,1500,62024928979
96.6715,10.3443,21.0396,0,53,46,0,2500,0,0,0,23.5006,14.6937,0,1500,62035274425
138.273,7.23207,21.0396,0,53,46,0,2500,0,0,0,23.5006,14.6937,0,1500,62042505975
107.276,9.32176,21.0396,0,53,46,0,2500,0,0,0,23.5006,14.6937,0,1500,62051828802
126.531,7.90319,21.0396,0,53,46,0,2500,0,0,0,23.5006,14.6937,0,1500,62059732733
129.263,7.73618,21.0396,0,53,46,0,2500,0,0,0,23.5006,14.6937,0,1500,62067469159
132.821,7.52891,21.0396,0,53,46,0,2500,0,0,0,23.5006,14.6937,0,1500,62074998020
119.216,8.38815,21.0396,0,53,46,0,2500,0,0,0,23.5006,14.6937,0,1500,62083386866
103.184,9.69142,21.0396,0,53,46,0,2500,0,0,0,23.5006,14.6937,0,1500,62093080259
125.402,7.97435,21.0396,0,53,46,0,2500,0,0,0,23.5006,14.6937,0,1500,62101054725
120.778,8.27967,21.0396,0,53,46,0,2500,0,0,0,23.5006,14.6937,0,1500,62109334903
119.61,8.3605,21.0396,0,53,46,0,2500,0,0,0,23.5006,14.6937,0,1500,62117696532
115.962,8.6235,21.0396,0,53,46,0,2500,0,0,0,23.5006,14.6937,0,1500,62126320345
196.585,5.08687,21.0396,0,53,46,0,2500,0,0,0,23.5006,14.6937,0,1500,62131406560
88.9742,11.2392,21.0396,0,53,46,0,2500,0,0,0,23.5006,14.6937,0,1500,62142646670
112.847,8.86154,21.0396,0,53,46,0,2500,0,0,0,23.5006,14.6937,0,1500,62151508770
118.397,8.44615,21.0396,0,53,46,0,2500,0,0,0,23.5006,14.6937,0,1500,62159955440
123.966,8.06672,21.0396,0,53,46,0,2500,0,0,0,23.5006,14.6937,0,1500,62168023766
118.817,8.41627,21.0396,0,53,46,0,2500,0,0,0,23.5006,14.6937,0,1500,62176439476
117.176,8.5342,21.0396,0,53,46,0,2500,0,0,0,23.5006,14.6937,0,1500,62184975368
131.741,7.59064,21.0396,0,53,46,0,2500,0,0,0,23.5006,14.6937,0,1500,62192565410
111.41,8.97585,21.0396,0,53,46,0,2500,0,0,0,23.5006,14.6937,0,1500,62201541423
127.993,7.81293,21.0396,0,53,46,0,2500,0,0,0,23.5006,14.6937,0,1500,62209354350
108.027,9.25696,21.0396,0,53,46,0,2500,0,0,0,23.5006,14.6937,0,1500,62218611810
138.251,7.23323,21.0396,0,53,46,0,2500,0,0,0,23.5006,14.6937,0,1500,62225847086
130.679,7.65237,21.0396,0,53,46,0,2500,0,0,0,23.5006,14.6937,0,1500,62233499176
111.577,8.96239,21.0396,0,53,46,0,2500,0,0,0,23.5006,14.6937,0,1500,62242461173
109.839,9.10425,21.0396,0,53,46,0,2500,0,0,0,23.5006,14.6937,0,1500,62251566783
117.566,8.50584,21.0396,0,53,46,0,2500,0,0,0,23.5006,14.6937,0,1500,62260073475
135.115,7.40109,21.0396,0,53,46,0,2500,0,0,0,23.5006,14.6937,0,1500,62267474947
104.526,9.56699,21.0396,0,53,46,0,2500,0,0,0,23.5006,14.6937,0,1500,62277042970
124.883,8.00749,21.0396,0,53,46,0,2500,0,0,0,23.5006,14.6937,0,1500,62285051297
142.281,7.02835,21.0396,0,53,46,0,2500,0,0,0,23.5006,14.6937,0,1500,62292080208
101.764,9.82664,21.0396,0,53,46,0,2500,0,0,0,23.5006,14.6937,0,1500,62301907074
131.815,7.58638,21.0396,0,53,46,0,2500,0,0,0,23.5006,14.6937,0,1500,62309494128
115.737,8.64028,21.0396,0,53,46,0,2500,0,0,0,23.5006,14.6937,0,1500,62318134890
119.549,8.36474,21.0396,0,53,46,0,2500,0,0,0,23.5006,14.6937,0,1500,62326500323
110.213,9.07331,21.0396,0,53,46,0,2500,0,0,0,23.5006,14.6937,0,1500,62335574667
149.163,6.70406,21.0396,0,53,46,0,2500,0,0,0,23.5006,14.6937,0,1500,62342278853
127.394,7.84964,21.0396,0,53,46,0,2500,0,0,0,23.5006,14.6937,0,1500,62350133206
118.163,8.46292,23.2843,0,58,50,0,2500,0,0,0,23.504,14.6934,0,1459,62358592453
93.974,10.6412,23.2843,0,58,50,0,2500,0,0,0,23.504,14.6934,0,1459,62369234378
129.144,7.7433,23.2843,0,58,50,0,2500,0,0,0,23.504,14.6934,0,1459,62376978495
131.484,7.60547,23.2843,0,58,50,0,2500,0,0,0,23.504,14.6934,0,1459,62384584235
136.862,7.30662,23.2843,0,58,50,0,2500,0,0,0,23.504,14.6934,0,1459,62391891393
119.238,8.38658,23.2843,0,58,50,0,2500,0,0,0,23.504,14.6934,0,1459,62400278191
125.184,7.98824,23.2843,0,58,50,0,2500,0,0,0,23.504,14.6934,0,1459,62408267919
119.218,8.38799,23.2843,0,58,50,0,2500,0,0,0,23.504,14.6934,0,1459,62416655686
97.0592,10.303,23.2843,0,58,50,0,2500,0,0,0,23.504,14.6934,0,1459,62426959294
140.835,7.10052,23.2843,0,58,50,0,2500,0,0,0,23.504,14.6934,0,1459,62434060964
130.178,7.68177,23.2843,0,58,50,0,2500,0,0,0,23.504,14.6934,0,1459,62441742598
120.618,8.29064,23.2843,0,58,50,0,2500,0,0,0,23.504,14.6934,0,1459,62450033561
95.2109,10.503,23.2843,0,58,50,0,2500,0,0,0,23.504,14.6934,0,1459,62460536721
130.479,7.66407,23.2843,0,58,50,0,2500,0,0,0,23.504,14.6934,0,1459,62468202917
118.153,8.4636,23.2843,0,58,50,0,2500,0,0,0,23.504,14.6934,0,1459,62476666356
119.403,8.37497,23.2843,0,58,50,0,2500,0,0,0,23.504,14.6934,0,1459,62485042071
134.113,7.4564,23.2843,0,58,50,0,2500,0,0,0,23.504,14.6934,0,1459,62492498646
110.752,9.02914,23.2843,0,58,50,0,2500,0,0,0,23.504,14.6934,0,1459,62501528686
119.305,8.38185,23.2843,0,58,50,0,2500,0,0,0,23.504,14.6934,0,1459,62509911269
123.527,8.09543,23.2843,0,58,50,0,2500,0,0,0,23.504,14.6934,0,1459,62518007539
120.253,8.31581,23.2843,0,58,50,0,2500,0,0,0,23.504,14.6934,0,1459,62526323632
120.274,8.31432,23.2843,0,58,50,0,2500,0,0,0,23.504,14.6934,0,1459,62534638639
127.272,7.85721,23.2843,0,58,50,0,2500,0,0,0,23.504,14.6934,0,1459,62542496149
106.543,9.38585,23.2843,0,58,50,0,2500,0,0,0,23.504,14.6934,0,1459,62551882877
131.816,7.58635,23.2843,0,58,50,0,2500,0,0,0,23.504,14.6934,0,1459,62559469814
106.338,9.40398,23.2843,0,58,50,0,2500,0,0,0,23.504,14.6934,0,1459,62568874431
120.805,8.27781,23.2843,0,58,50,0,2500,0,0,0,23.504,14.6934,0,1459,62577152901
116.028,8.61862,23.2843,0,58,50,0,2500,0,0,0,23.504,14.6934,0,1459,62585771297
128.173,7.80193,23.2843,0,58,50,0,2500,0,0,0,23.504,14.6934,0,1459,62593573252
127.604,7.83677,23.2843,0,58,50,0,2500,0,0,0,23.504,14.6934,0,1459,62601411965
124.604,8.0254,23.2843,0,58,50,0,2500,0,0,0,23.504,14.6934,0,1459,62609437395
117.626,8.50151,23.2843,0,58,50,0,2500,0,0,0,23.504,14.6934,0,1459,62617939317
125.659,7.95801,23.2843,0,58,50,0,2500,0,0,0,23.504,14.6934,0,1459,62625897735
132.833,7.52824,23.2843,0,58,50,0,2500,0,0,0,23.504,14.6934,0,1459,62633426449
117.173,8.5344,23.2843,0,58,50,0,2500,0,0,0,23.504,14.6934,0,1459,62641960568
121.693,8.21742,23.2843,0,58,50,0,2500,0,0,0,23.504,14.6934,0,1459,62650179794
119,8.40336,23.2843,0,58,50,0,2500,0,0,0,23.504,14.6934,0,1459,62658583391
97.8269,10.2221,23.2843,0,58,50,0,2500,0,0,0,23.504,14.6934,0,1459,62668806349
126.714,7.89176,23.2843,0,58,50,0,2500,0,0,0,23.504,14.6934,0,1459,62676698639
124.712,8.01846,23.2843,0,58,50,0,2500,0,0,0,23.504,14.6934,0,1459,62684718029
118.55,8.43529,23.2843,0,58,50,0,2500,0,0,0,23.504,14.6934,0,1459,62693154088
119.929,8.33827,23.2843,0,58,50,0,2500,0,0,0,23.504,14.6934,0,1459,62701491905
120.187,8.32037,23.2843,0,58,50,0,2500,0,0,0,23.504,14.6934,0,1459,62709812403
116.035,8.6181,23.2843,0,58,50,0,2500,0,0,0,23.504,14.6934,0,1459,62718432099
116.945,8.55103,23.2843,0,58,50,0,2500,0,0,0,23.504,14.6934,0,1459,62726983478
251.902,3.9698,23.2843,0,58,50,0,2500,0,0,0,23.504,14.6934,0,1459,62730953358
82.5795,12.1095,23.2843,0,58,50,0,2500,0,0,0,23.504,14.6934,0,1459,62743063962
122.913,8.13585,23.2843,0,58,50,0,2500,0,0,0,23.504,14.6934,0,1459,62751200432
134.949,7.41021,23.2843,0,58,50,0,2500,0,0,0,23.504,14.6934,0,1459,62758611470
102.443,9.7615,23.2843,0,58,50,0,2500,0,0,0,23.504,14.6934,0,1459,62768373353
124.365,8.04085,23.2843,0,58,50,0,2500,0,0,0,23.504,14.6934,0,1459,62776415174
121.525,8.22878,23.2843,0,58,50,0,2500,0,0,0,23.504,14.6934,0,1459,62784644507
118.869,8.41262,23.2843,0,58,50,0,2500,0,0,0,23.504,14.6934,0,1459,62793057389
125.849,7.94604,23.2843,0,58,50,0,2500,0,0,0,23.504,14.6934,0,1459,62801003226
129.302,7.73385,23.2843,0,58,50,0,2500,0,0,0,23.504,14.6934,0,1459,62808736774
119.715,8.35317,23.2843,0,58,50,0,2500,0,0,0,23.504,14.6934,0,1459,62817090143
114.816,8.70961,23.2843,0,58,50,0,2500,0,0,0,23.504,14.6934,0,1459,62825799781
123.131,8.1214,23.2843,0,58,50,0,2500,0,0,0,23.504,14.6934,0,1459,62833921205
124.271,8.04691,23.2843,0,58,50,0,2500,0,0,0,23.504,14.6934,0,1459,62841968408
138.521,7.21914,23.2843,0,58,50,0,2500,0,0,0,23.504,14.6934,0,1459,62849188250
108.027,9.25692,23.2843,0,58,50,0,2500,0,0,0,23.504,14.6934,0,1459,62858451685
123.451,8.10039,19.8529,0,57,50,0,2500,0,0,0,23.5068,14.6934,0,1600,62866547204
115.857,8.63131,19.8529,0,57,50,0,2500,0,0,0,23.5068,14.6934,0,1600,62875178272
120.584,8.29297,19.8529,0,57,50,0,2500,0,0,0,23.5068,14.6934,0,1600,62883471849
122.616,8.15555,19.8529,0,57,50,0,2500,0,0,0,23.5068,14.6934,0,1600,62891627686
100.855,9.91522,19.8529,0,57,50,0,2500,0,0,0,23.5068,14.6934,0,1600,62901543394
124.703,8.01904,19.8529,0,57,50,0,2500,0,0,0,23.5068,14.6934,0,1600,62909562802
130.812,7.64456,19.8529,0,57,50,0,2500,0,0,0,23.5068,14.6934,0,1600,62917208242
124.329,8.04317,19.8529,0,57,50,0,2500,0,0,0,23.5068,14.6934,0,1600,62925251383
126.218,7.92282,19.8529,0,57,50,0,2500,0,0,0,23.5068,14.6934,0,1600,62933174230
120.845,8.2751,19.8529,0,57,50,0,2500,0,0,0,23.5068,14.6934,0,1600,62941449270
118.132,8.46509,19.8529,0,57,50,0,2500,0,0,0,23.5068,14.6934,0,1600,62949915149
117.082,8.54105,19.8529,0,57,50,0,2500,0,0,0,23.5068,14.6934,0,1600,62958456343
123.134,8.12125,19.8529,0,57,50,0,2500,0,0,0,23.5068,14.6934,0,1600,62966578114
124.037,8.06212,19.8529,0,57,50,0,2500,0,0,0,23.5068,14.6934,0,1600,62974640558
117.065,8.54226,19.8529,0,57,50,0,2500,0,0,0,23.5068,14.6934,0,1600,62983183301
95.1165,10.5134,19.8529,0,57,50,0,2500,0,0,0,23.5068,14.6934,0,1600,62993697094
142.44,7.02052,19.8529,0,57,50,0,2500,0,0,0,23.5068,14.6934,0,1600,63000717800
134.692,7.42434,19.8529,0,57,50,0,2500,0,0,0,23.5068,14.6934,0,1600,63008142488
126.303,7.91749,19.8529,0,57,50,0,2500,0,0,0,23.5068,14.6934,0,1600,63016060466
112.84,8.86209,19.8529,0,57,50,0,2500,0,0,0,23.5068,14.6934,0,1600,63024922912
97.088,10.2999,19.8529,0,57,50,0,2500,0,0,0,23.5068,14.6934,0,1600,63035223016
152.364,6.56322,19.8529,0,57,50,0,2500,0,0,0,23.5068,14.6934,0,1600,63041786567
121.87,8.20548,19.8529,0,57,50,0,2500,0,0,0,23.5068,14.6934,0,1600,63049992215
127.128,7.86606,19.8529,0,57,50,0,2500,0,0,0,23.5068,14.6934,0,1600,63057858775
93.7605,10.6655,19.8529,0,57,50,0,2500,0,0,0,23.5068,14.6934,0,1600,63068526153
140.408,7.12212,19.8529,0,57,50,0,2500,0,0,0,23.5068,14.6934,0,1600,63075647494
131.23,7.62019,19.8529,0,57,50,0,2500,0,0,0,23.5068,14.6934,0,1600,63083267844
102.594,9.74717,19.8529,0,57,50,0,2500,0,0,0,23.5068,14.6934,0,1600,63093016671
141.39,7.07263,19.8529,0,57,50,0,2500,0,0,0,23.5068,14.6934,0,1600,63100088928
124.381,8.03979,19.8529,0,57,50,0,2500,0,0,0,23.5068,14.6934,0,1600,63108128976
104.733,9.54811,19.8529,0,57,50,0,2500,0,0,0,23.5068,14.6934,0,1600,63117677539
125.549,7.965,19.8529,0,57,50,0,2500,0,0,0,23.5068,14.6934,0,1600,63125643302
105.834,9.44873,19.8529,0,57,50,0,2500,0,0,0,23.5068,14.6934,0,1600,63135093697
124.971,8.00189,19.8529,0,57,50,0,2500,0,0,0,23.5068,14.6934,0,1600,63143095724
137.297,7.28346,19.8529,0,57,50,0,2500,0,0,0,23.5068,14.6934,0,1600,63150379209
129.033,7.74994,19.8529,0,57,50,0,2500,0,0,0,23.5068,14.6934,0,1600,63158128955
108.068,9.25342,19.8529,0,57,50,0,2500,0,0,0,23.5068,14.6934,0,1600,63167383559
135.221,7.39531,19.8529,0,57,50,0,2500,0,0,0,23.5068,14.6934,0,1600,63174778736
93.094,10.7418,19.8529,0,57,50,0,2500,0,0,0,23.5068,14.6934,0,1600,63185520664
119.841,8.34437,19.8529,0,57,50,0,2500,0,0,0,23.5068,14.6934,0,1600,63193866112
137.415,7.27721,19.8529,0,57,50,0,2500,0,0,0,23.5068,14.6934,0,1600,63201143094
133.839,7.47165,19.8529,0,57,50,0,2500,0,0,0,23.5068,14.6934,0,1600,63208614900
125.517,7.96707,19.8529,0,57,50,0,2500,0,0,0,23.5068,14.6934,0,1600,63216583019
119.92,8.33889,19.8529,0,57,50,0,2500,0,0,0,23.5068,14.6934,0,1600,63224921729
99.1763,10.0831,19.8529,0,57,50,0,2500,0,0,0,23.5068,14.6934,0,1600,63235004874
147.879,6.7623,19.8529,0,57,50,0,2500,0,0,0,23.5068,14.6934,0,1600,63241767900
119.802,8.34712,19.8529,0,57,50,0,2500,0,0,0,23.5068,14.6934,0,1600,63250117343
104.622,9.55821,19.8529,0,57,50,0,2500,0,0,0,23.5068,14.6934,0,1600,63259675442
125.722,7.95407,19.8529,0,57,50,0,2500,0,0,0,23.5068,14.6934,0,1600,63267630378
134.326,7.44458,19.8529,0,57,50,0,2500,0,0,0,23.5068,14.6934,0,1600,63275074992
100.933,9.90761,19.8529,0,57,50,0,2500,0,0,0,23.5068,14.6934,0,1600,63284983172
130.757,7.64775,19.8529,0,57,50,0,2500,0,0,0,23.5068,14.6934,0,1600,63292632259
111.708,8.95189,19.8529,0,57,50,0,2500,0,0,0,23.5068,14.6934,0,1600,63301584622
122.519,8.162,19.8529,0,57,50,0,2500,0,0,0,23.5068,14.6934,0,1600,63309747496
185.64,5.38678,19.8529,0,57,50,0,2500,0,0,0,23.5068,14.6934,0,1600,63315135129
85.6666,11.6732,19.8529,0,57,50,0,2500,0,0,0,23.5068,14.6934,0,1600,63326808965
115.772,8.63764,19.8529,0,57,50,0,2500,0,0,0,23.5068,14.6934,0,1600,63335447567
228.368,4.3789,19.8529,0,57,50,0,2500,0,0,0,23.5068,14.6934,0,1600,63339825839
87.125,11.4778,19.8529,0,57,50,0,2500,0,0,0,23.5068,14.6934,0,1600,63351305033
114.48,8.73516,19.8529,0,57,50,0,2500,0,0,0,23.5068,14.6934,0,1600,63360045066
119.396,8.37552,19.8511,0,60,50,0,2500,0,0,0,23.511,14.6933,0,1502,63368416889
123.175,8.11855,19.8511,0,60,50,0,2500,0,0,0,23.511,14.6933,0,1502,63376535061
92.4368,10.8182,19.8511,0,60,50,0,2500,0,0,0,23.511,14.6933,0,1502,63387353499
174.235,5.73937,19.8511,0,60,50,0,2500,0,0,0,23.511,14.6933,0,1502,63393093072
138.106,7.24079,19.8511,0,60,50,0,2500,0,0,0,23.511,14.6933,0,1502,63400335660
109.973,9.09313,19.8511,0,60,50,0,2500,0,0,0,23.511,14.6933,0,1502,63409428974
116.451,8.5873,19.8511,0,60,50,0,2500,0,0,0,23.511,14.6933,0,1502,63418017054
118.579,8.43319,19.8511,0,60,50,0,2500,0,0,0,23.511,14.6933,0,1502,63426450654
117.109,8.53908,19.8511,0,60,50,0,2500,0,0,0,23.511,14.6933,0,1502,63434990060
116.269,8.60071,19.8511,0,60,50,0,2500,0,0,0,23.511,14.6933,0,1502,63443591873
125.915,7.94188,19.8511,0,60,50,0,2500,0,0,0,23.511,14.6933,0,1502,63451533457
118.718,8.42336,19.8511,0,60,50,0,2500,0,0,0,23.511,14.6933,0,1502,63459956731
137.77,7.25848,19.8511,0,60,50,0,2500,0,0,0,23.511,14.6933,0,1502,63467215794
122.998,8.13019,19.8511,0,60,50,0,2500,0,0,0,23.511,14.6933,0,1502,63475345930
125.785,7.95007,19.8511,0,60,50,0,2500,0,0,0,23.511,14.6933,0,1502,63483297794
111.772,8.94676,19.8511,0,60,50,0,2500,0,0,0,23.511,14.6933,0,1502,63492244657
125.337,7.97851,19.8511,0,60,50,0,2500,0,0,0,23.511,14.6933,0,1502,63500223905
125.462,7.97057,19.8511,0,60,50,0,2500,0,0,0,23.511,14.6933,0,1502,63508194300
116.932,8.55198,19.8511,0,60,50,0,2500,0,0,0,23.511,14.6933,0,1502,63516746547
118.582,8.43301,19.8511,0,60,50,0,2500,0,0,0,23.511,14.6933,0,1502,63525179687
124.529,8.03028,19.8511,0,60,50,0,2500,0,0,0,23.511,14.6933,0,1502,63533210233
111.45,8.97263,19.8511,0,60,50,0,2500,0,0,0,23.511,14.6933,0,1502,63542183164
120.728,8.28311,19.8511,0,60,50,0,2500,0,0,0,23.511,14.6933,0,1502,63550467346
127.884,7.81961,19.8511,0,60,50,0,2500,0,0,0,23.511,14.6933,0,1502,63558287402
122.355,8.17294,19.8511,0,60,50,0,2500,0,0,0,23.511,14.6933,0,1502,63566459987
117.518,8.50931,19.8511,0,60,50,0,2500,0,0,0,23.511,14.6933,0,1502,63574972316
94.5858,10.5724,19.8511,0,60,50,0,2500,0,0,0,23.511,14.6933,0,1502,63585542282
122.494,8.16363,19.8511,0,60,50,0,2500,0,0,0,23.511,14.6933,0,1502,63593706395
127.326,7.85383,19.8511,0,60,50,0,2500,0,0,0,23.511,14.6933,0,1502,63601561627
118.089,8.46821,19.8511,0,60,50,0,2500,0,0,0,23.511,14.6933,0,1502,63610029454
118.782,8.4188,19.8511,0,60,50,0,2500,0,0,0,23.511,14.6933,0,1502,63618448499
136.413,7.33069,19.8511,0,60,50,0,2500,0,0,0,23.511,14.6933,0,1502,63625780885
136.476,7.32732,19.8511,0,60,50,0,2500,0,0,0,23.511,14.6933,0,1502,63633107767
112.906,8.85691,19.8511,0,60,50,0,2500,0,0,0,23.511,14.6933,0,1502,63641965994
124.823,8.01135,19.8511,0,60,50,0,2500,0,0,0,23.511,14.6933,0,1502,63649977252
114.725,8.71649,19.8511,0,60,50,0,2500,0,0,0,23.511,14.6933,0,1502,63658695049
116.158,8.60894,19.8511,0,60,50,0,2500,0,0,0,23.511,14.6933,0,1502,63667304272
126.716,7.89169,19.8511,0,60,50,0,2500,0,0,0,23.511,14.6933,0,1502,63675196433
123.019,8.12884,19.8511,0,60,50,0,2500,0,0,0,23.511,14.6933,0,1502,63683325343
121.117,8.25648,19.8511,0,60,50,0,2500,0,0,0,23.511,14.6933,0,1502,63691582265
121.109,8.25704,19.8511,0,60,50,0,2500,0,0,0,23.511,14.6933,0,1502,63699840104
118.356,8.44908,19.8511,0,60,50,0,2500,0,0,0,23.511,14.6933,0,1502,63708289830
120.39,8.30637,19.8511,0,60,50,0,2500,0,0,0,23.511,14.6933,0,1502,63716596552
99.6586,10.0343,19.8511,0,60,50,0,2500,0,0,0,23.511,14.6933,0,1502,63726631497
123.907,8.07058,19.8511,0,60,50,0,2500,0,0,0,23.511,14.6933,0,1502,63734703467
141.643,7.06003,19.8511,0,60,50,0,2500,0,0,0,23.511,14.6933,0,1502,63741763846
123.597,8.09081,19.8511,0,60,50,0,2500,0,0,0,23.511,14.6933,0,1502,63749854833
118.231,8.45804,19.8511,0,60,50,0,2500,0,0,0,23.511,14.6933,0,1502,63758313593
121.482,8.23164,19.8511,0,60,50,0,2500,0,0,0,23.511,14.6933,0,1502,63766545442
101.471,9.85503,19.8511,0,60,50,0,2500,0,0,0,23.511,14.6933,0,1502,63776401078
119.426,8.37341,19.8511,0,60,50,0,2500,0,0,0,23.511,14.6933,0,1502,63784775468
110.543,9.04627,19.8511,0,60,50,0,2500,0,0,0,23.511,14.6933,0,1502,63793822072
127.646,7.83418,19.8511,0,60,50,0,2500,0,0,0,23.511,14.6933,0,1502,63801657052
115.204,8.68024,19.8511,0,60,50,0,2500,0,0,0,23.511,14.6933,0,1502,63810336269
138.419,7.22443,19.8511,0,60,50,0,2500,0,0,0,23.511,14.6933,0,1502,63817562145
135.093,7.40228,19.8511,0,60,50,0,2500,0,0,0,23.511,14.6933,0,1502,63824965324
116.221,8.60432,19.8511,0,60,50,0,2500,0,0,0,23.511,14.6933,0,1502,63833569570
125.462,7.97053,19.8511,0,60,50,0,2500,0,0,0,23.511,14.6933,0,1502,63841540245
122.085,8.191,19.8511,0,60,50,0,2500,0,0,0,23.511,14.6933,0,1502,63849731863
114.921,8.70164,19.8511,0,60,50,0,2500,0,0,0,23.511,14.6933,0,1502,63858434217
123.906,8.07065,19.8511,0,60,50,0,2500,0,0,0,23.511,14.6933,0,1502,63866511863
96.0132,10.4152,19.9507,0,60,50,0,2500,0,0,0,23.5139,14.6933,0,1382,63876921999
150.804,6.6311,19.9507,0,60,50,0,2500,0,0,0,23.5139,14.6933,0,1382,63883553396
104.513,9.5682,19.9507,0,60,50,0,2500,0,0,0,23.5139,14.6933,0,1382,63893122036
139.143,7.18685,19.9507,0,60,50,0,2500,0,0,0,23.5139,14.6933,0,1382,63900308987
192.344,5.19902,19.9507,0,60,50,0,2500,0,0,0,23.5139,14.6933,0,1382,63905509007
92.6833,10.7894,19.9507,0,60,50,0,2500,0,0,0,23.5139,14.6933,0,1382,63916298462
115.401,8.66542,19.9507,0,60,50,0,2500,0,0,0,23.5139,14.6933,0,1382,63924964797
93.5434,10.6902,19.9507,0,60,50,0,2500,0,0,0,23.5139,14.6933,0,1382,63935655812
231.289,4.3236,19.9507,0,60,50,0,2500,0,0,0,23.5139,14.6933,0,1382,63939980256
91.9627,10.874,19.9507,0,60,50,0,2500,0,0,0,23.5139,14.6933,0,1382,63950854896
105.11,9.51381,19.9507,0,60,50,0,2500,0,0,0,23.5139,14.6933,0,1382,63960369319
139.463,7.17034,19.9507,0,60,50,0,2500,0,0,0,23.5139,14.6933,0,1382,63967539479
138.008,7.24598,19.9507,0,60,50,0,2500,0,0,0,23.5139,14.6933,0,1382,63974785851
121.729,8.21498,19.9507,0,60,50,0,2500,0,0,0,23.5139,14.6933,0,1382,63983000915
117.793,8.48945,19.9507,0,60,50,0,2500,0,0,0,23.5139,14.6933,0,1382,63991490701
121.69,8.2176,19.9507,0,60,50,0,2500,0,0,0,23.5139,14.6933,0,1382,63999708623
95.1257,10.5124,19.9507,0,60,50,0,2500,0,0,0,23.5139,14.6933,0,1382,64010221368
146.136,6.84293,19.9507,0,60,50,0,2500,0,0,0,23.5139,14.6933,0,1382,64017064839
133.196,7.50772,19.9507,0,60,50,0,2500,0,0,0,23.5139,14.6933,0,1382,64024572816
117.107,8.53921,19.9507,0,60,50,0,2500,0,0,0,23.5139,14.6933,0,1382,64033112541
118.31,8.45238,19.9507,0,60,50,0,2500,0,0,0,23.5139,14.6933,0,1382,64041564864
97.1556,10.2928,19.9507,0,60,50,0,2500,0,0,0,23.5139,14.6933,0,1382,64051860146
125.861,7.94527,19.9507,0,60,50,0,2500,0,0,0,23.5139,14.6933,0,1382,64059805440
115.517,8.65671,19.9507,0,60,50,0,2500,0,0,0,23.5139,14.6933,0,1382,64068462526
121.69,8.21761,19.9507,0,60,50,0,2500,0,0,0,23.5139,14.6933,0,1382,64076680911
128.816,7.76299,19.9507,0,60,50,0,2500,0,0,0,23.5139,14.6933,0,1382,64084444873
139.645,7.16102,19.9507,0,60,50,0,2500,0,0,0,23.5139,14.6933,0,1382,64091606003
121.301,8.24398,19.9507,0,60,50,0,2500,0,0,0,23.5139,14.6933,0,1382,64099849828
124.901,8.00634,19.9507,0,60,50,0,2500,0,0,0,23.5139,14.6933,0,1382,64107856464
116.703,8.56873,19.9507,0,60,50,0,2500,0,0,0,23.5139,14.6933,0,1382,64116425901
118.474,8.4407,19.9507,0,60,50,0,2500,0,0,0,23.5139,14.6933,0,1382,64124867555
119.017,8.40216,19.9507,0,60,50,0,2500,0,0,0,23.5139,14.6933,0,1382,64133269833
116.514,8.58266,19.9507,0,60,50,0,2500,0,0,0,23.5139,14.6933,0,1382,64141852909
126.995,7.87435,19.9507,0,60,50,0,2500,0,0,0,23.5139,14.6933,0,1382,64149727385
120.009,8.33273,19.9507,0,60,50,0,2500,0,0,0,23.5139,14.6933,0,1382,64158061339
119.326,8.3804,19.9507,0,60,50,0,2500,0,0,0,23.5139,14.6933,0,1382,64166441684
93.8294,10.6576,19.9507,0,60,50,0,2500,0,0,0,23.5139,14.6933,0,1382,64177100752
129.259,7.7364,19.9507,0,60,50,0,2500,0,0,0,23.5139,14.6933,0,1382,64184837723
121.022,8.26295,19.9507,0,60,50,0,2500,0,0,0,23.5139,14.6933,0,1382,64193101705
122.098,8.19017,19.9507,0,60,50,0,2500,0,0,0,23.5139,14.6933,0,1382,64201292029
133.02,7.51767,19.9507,0,60,50,0,2500,0,0,0,23.5139,14.6933,0,1382,64208810002
103.838,9.63036,19.9507,0,60,50,0,2500,0,0,0,23.5139,14.6933,0,1382,64218441014
125.971,7.93837,19.9507,0,60,50,0,2500,0,0,0,23.5139,14.6933,0,1382,64226380239
112.842,8.86197,19.9507,0,60,50,0,2500,0,0,0,23.5139,14.6933,0,1382,64235242339
135.479,7.38121,19.9507,0,60,50,0,2500,0,0,0,23.5139,14.6933,0,1382,64242624528
111.469,8.97114,19.9507,0,60,50,0,2500,0,0,0,23.5139,14.6933,0,1382,64251596006
120.616,8.29076,19.9507,0,60,50,0,2500,0,0,0,23.5139,14.6933,0,1382,64259888165
115.848,8.63199,19.9507,0,60,50,0,2500,0,0,0,23.5139,14.6933,0,1382,64268520479
124.476,8.0337,19.9507,0,60,50,0,2500,0,0,0,23.5139,14.6933,0,1382,64276554691
134.49,7.43552,19.9507,0,60,50,0,2500,0,0,0,23.5139,14.6933,0,1382,64283990708
134.74,7.42171,19.9507,0,60,50,0,2500,0,0,0,23.5139,14.6933,0,1382,64291412287
114.209,8.75588,19.9507,0,60,50,0,2500,0,0,0,23.5139,14.6933,0,1382,64300168357
123.609,8.09002,19.9507,0,60,50,0,2500,0,0,0,23.5139,14.6933,0,1382,64308258650
107.055,9.34097,19.9507,0,60,50,0,2500,0,0,0,23.5139,14.6933,0,1382,64317600613
95.7048,10.4488,19.9507,0,60,50,0,2500,0,0,0,23.5139,14.6933,0,1382,64328050329
132.519,7.54609,19.9507,0,60,50,0,2500,0,0,0,23.5139,14.6933,0,1382,64335597144
118.765,8.41996,19.9507,0,60,50,0,2500,0,0,0,23.5139,14.6933,0,1382,64344017916
141.857,7.04937,19.9507,0,60,50,0,2500,0,0,0,23.5139,14.6933,0,1382,64351068702
118.94,8.40759,19.9507,0,60,50,0,2500,0,0,0,23.5139,14.6933,0,1382,64359475960
121.768,8.21233,19.9507,0,60,50,0,2500,0,0,0,23.5139,14.6933,0,1382,64367693609
104.125,9.60382,22.0844,0,58,51,0,2500,0,0,0,23.5176,14.6932,0,1501,64377293297
131.885,7.58235,22.0844,0,58,51,0,2500,0,0,0,23.5176,14.6932,0,1501,64384875153
149.355,6.69544,22.0844,0,58,51,0,2500,0,0,0,23.5176,14.6932,0,1501,64391570376
117.721,8.49464,22.0844,0,58,51,0,2500,0,0,0,23.5176,14.6932,0,1501,64400065743
156.739,6.38005,22.0844,0,58,51,0,2500,0,0,0,23.5176,14.6932,0,1501,64406445885
105.226,9.50338,22.0844,0,58,51,0,2500,0,0,0,23.5176,14.6932,0,1501,64415949389
121.213,8.24993,22.0844,0,58,51,0,2500,0,0,0,23.5176,14.6932,0,1501,64424199876
135.354,7.38801,22.0844,0,58,51,0,2500,0,0,0,23.5176,14.6932,0,1501,64431588142
118.127,8.46544,22.0844,0,58,51,0,2500,0,0,0,23.5176,14.6932,0,1501,64440053652
98.8191,10.1195,22.0844,0,58,51,0,2500,0,0,0,23.5176,14.6932,0,1501,64450174402
115.164,8.68325,22.0844,0,58,51,0,2500,0,0,0,23.5176,14.6932,0,1501,64458857415
103.859,9.62848,22.0844,0,58,51,0,2500,0,0,0,23.5176,14.6932,0,1501,64468486308
124.904,8.00612,22.0844,0,58,51,0,2500,0,0,0,23.5176,14.6932,0,1501,64476492496
129.894,7.69861,22.0844,0,58,51,0,2500,0,0,0,23.5176,14.6932,0,1501,64484191333
111.545,8.96502,22.0844,0,58,51,0,2500,0,0,0,23.5176,14.6932,0,1501,64493157010
122.221,8.18188,22.0844,0,58,51,0,2500,0,0,0,23.5176,14.6932,0,1501,64501339117
121.602,8.22358,22.0844,0,58,51,0,2500,0,0,0,23.5176,14.6932,0,1501,64509564596
116.067,8.6157,22.0844,0,58,51,0,2500,0,0,0,23.5176,14.6932,0,1501,64518180445
100.366,9.96352,22.0844,0,58,51,0,2500,0,0,0,23.5176,14.6932,0,1501,64528145115
290.091,3.4472,22.0844,0,58,51,0,2500,0,0,0,23.5176,14.6932,0,1501,64531593004
87.3112,11.4533,22.0844,0,58,51,0,2500,0,0,0,23.5176,14.6932,0,1501,64543047431
110.227,9.0722,22.0844,0,58,51,0,2500,0,0,0,23.5176,14.6932,0,1501,64552119839
166.793,5.99545,22.0844,0,58,51,0,2500,0,0,0,23.5176,14.6932,0,1501,64558116237
106.175,9.41841,22.0844,0,58,51,0,2500,0,0,0,23.5176,14.6932,0,1501,64567535359
128.359,7.79065,22.0844,0,58,51,0,2500,0,0,0,23.5176,14.6932,0,1501,64575326173
86.0428,11.6221,22.0844,0,58,51,0,2500,0,0,0,23.5176,14.6932,0,1501,64586949068
121.095,8.25799,22.0844,0,58,51,0,2500,0,0,0,23.5176,14.6932,0,1501,64595208168
204.801,4.88279,22.0844,0,58,51,0,2500,0,0,0,23.5176,14.6932,0,1501,64600090541
144.508,6.92004,22.0844,0,58,51,0,2500,0,0,0,23.5176,14.6932,0,1501,64607010224
135.859,7.36057,22.0844,0,58,51,0,2500,0,0,0,23.5176,14.6932,0,1501,64614370695
92.3752,10.8254,22.0844,0,58,51,0,2500,0,0,0,23.5176,14.6932,0,1501,64625196034
138.72,7.20875,22.0844,0,58,51,0,2500,0,0,0,23.5176,14.6932,0,1501,64632406477
137.945,7.24927,22.0844,0,58,51,0,2500,0,0,0,23.5176,14.6932,0,1501,64639656107
96.3595,10.3778,22.0844,0,58,51,0,2500,0,0,0,23.5176,14.6932,0,1501,64650034807
127.25,7.85853,22.0844,0,58,51,0,2500,0,0,0,23.5176,14.6932,0,1501,64657893304
104.178,9.59897,22.0844,0,58,51,0,2500,0,0,0,23.5176,14.6932,0,1501,64667492186
125.62,7.96053,22.0844,0,58,51,0,2500,0,0,0,23.5176,14.6932,0,1501,64675452502
129.023,7.75058,22.0844,0,58,51,0,2500,0,0,0,23.5176,14.6932,0,1501,64683203486
121.724,8.21532,22.0844,0,58,51,0,2500,0,0,0,23.5176,14.6932,0,1501,64691420329
138.98,7.19526,22.0844,0,58,51,0,2500,0,0,0,23.5176,14.6932,0,1501,64698615812
123.312,8.10949,22.0844,0,58,51,0,2500,0,0,0,23.5176,14.6932,0,1501,64706725184
124.84,8.01028,22.0844,0,58,51,0,2500,0,0,0,23.5176,14.6932,0,1501,64714735722
101.44,9.85801,22.0844,0,58,51,0,2500,0,0,0,23.5176,14.6932,0,1501,64724594073
38.7914,25.7789,22.0844,0,58,51,0,2500,0,0,0,23.5176,14.6932,0,1501,64750375535
120.938,8.26869,22.0844,0,58,51,0,2500,0,0,0,23.5176,14.6932,0,1501,64758643805
184.666,5.4152,22.0844,0,58,51,0,2500,0,0,0,23.5176,14.6932,0,1501,64764059282
374.061,2.67336,22.0844,0,58,51,0,2500,0,0,0,23.5176,14.6932,0,1501,64766732982
199.642,5.00897,22.0844,0,58,51,0,2500,0,0,0,23.5176,14.6932,0,1501,64771743352
400.829,2.49483,22.0844,0,58,51,0,2500,0,0,0,23.5176,14.6932,0,1501,64774237541
115.666,8.64557,22.0844,0,58,51,0,2500,0,0,0,23.5176,14.6932,0,1501,64782883720
135.614,7.37385,22.0844,0,58,51,0,2500,0,0,0,23.5176,14.6932,0,1501,64790257534
124.786,8.0137,22.0844,0,58,51,0,2500,0,0,0,23.5176,14.6932,0,1501,64798272277
102.054,9.79875,22.0844,0,58,51,0,2500,0,0,0,23.5176,14.6932,0,1501,64808085014
143.897,6.94942,22.0844,0,58,51,0,2500,0,0,0,23.5176,14.6932,0,1501,64815021060
124.387,8.03942,22.0844,0,58,51,0,2500,0,0,0,23.5176,14.6932,0,1501,64823061250
113.688,8.79603,22.0844,0,58,51,0,2500,0,0,0,23.5176,14.6932,0,1501,64831858170
105.444,9.48367,22.0844,0,58,51,0,2500,0,0,0,23.5176,14.6932,0,1501,64841341839
128.251,7.79721,22.0844,0,58,51,0,2500,0,0,0,23.5176,14.6932,0,1501,64849139805
110.879,9.01883,22.0844,0,58,51,0,2500,0,0,0,23.5176,14.6932,0,1501,64858158487
116.612,8.57548,22.0844,0,58,51,0,2500,0,0,0,23.5176,14.6932,0,1501,64866733692
131.403,7.6102,22.0844,0,58,51,0,2500,0,0,0,23.5176,14.6932,0,1501,64874350533
116.176,8.6076,31.941,0,56,51,0,2500,0,0,0,23.5464,14.6869,0,3476,64882953416
122.609,8.15599,31.941,0,56,51,0,2500,0,0,0,23.5464,14.6869,0,3476,64891108956
124.141,8.05538,31.941,0,56,51,0,2500,0,0,0,23.5464,14.6869,0,3476,64899164400
117.838,8.48622,31.941,0,56,51,0,2500,0,0,0,23.5464,14.6869,0,3476,64907652286
117.53,8.50848,31.941,0,56,51,0,2500,0,0,0,23.5464,14.6869,0,3476,64916160344
117.767,8.49131,31.941,0,56,51,0,2500,0,0,0,23.5464,14.6869,0,3476,64924652305
118.062,8.47015,31.941,0,56,51,0,2500,0,0,0,23.5464,14.6869,0,3476,64933123162
122.595,8.15693,31.941,0,56,51,0,2500,0,0,0,23.5464,14.6869,0,3476,64941280196
136.612,7.32002,31.941,0,56,51,0,2500,0,0,0,23.5464,14.6869,0,3476,64948600242
110.075,9.08474,31.941,0,56,51,0,2500,0,0,0,23.5464,14.6869,0,3476,64957686316
119.71,8.35349,31.941,0,56,51,0,2500,0,0,0,23.5464,14.6869,0,3476,64966039243
128.281,7.79539,31.941,0,56,51,0,2500,0,0,0,23.5464,14.6869,0,3476,64973835656
106.946,9.3505,31.941,0,56,51,0,2500,0,0,0,23.5464,14.6869,0,3476,64983186987
119.662,8.3569,31.941,0,56,51,0,2500,0,0,0,23.5464,14.6869,0,3476,64991544147
97.0323,10.3058,31.941,0,56,51,0,2500,0,0,0,23.5464,14.6869,0,3476,65001851377
176.783,5.65666,31.941,0,56,51,0,2500,0,0,0,23.5464,14.6869,0,3476,65007508077
104.083,9.60769,31.941,0,56,51,0,2500,0,0,0,23.5464,14.6869,0,3476,65017116092
134.717,7.42295,31.941,0,56,51,0,2500,0,0,0,23.5464,14.6869,0,3476,65024539261
137.755,7.25929,31.941,0,56,51,0,2500,0,0,0,23.5464,14.6869,0,3476,65031798577
121.722,8.21545,31.941,0,56,51,0,2500,0,0,0,23.5464,14.6869,0,3476,65040015340
99.9811,10.0019,31.941,0,56,51,0,2500,0,0,0,23.5464,14.6869,0,3476,65050017562
125.636,7.95952,31.941,0,56,51,0,2500,0,0,0,23.5464,14.6869,0,3476,65057977551
118.167,8.46262,31.941,0,56,51,0,2500,0,0,0,23.5464,14.6869,0,3476,65066440517
98.2826,10.1747,31.941,0,56,51,0,2500,0,0,0,23.5464,14.6869,0,3476,65076615226
146.215,6.83926,31.941,0,56,51,0,2500,0,0,0,23.5464,14.6869,0,3476,65083455455
94.9334,10.5337,31.941,0,56,51,0,2500,0,0,0,23.5464,14.6869,0,3476,65093989091
98.3784,10.1648,31.941,0,56,51,0,2500,0,0,0,23.5464,14.6869,0,3476,65104155399
149.851,6.67329,31.941,0,56,51,0,2500,0,0,0,23.5464,14.6869,0,3476,65110828672
345.2,2.89687,31.941,0,56,51,0,2500,0,0,0,23.5464,14.6869,0,3476,65113726194
78.6395,12.7163,31.941,0,56,51,0,2500,0,0,0,23.5464,14.6869,0,3476,65126443083
135.101,7.40189,31.941,0,56,51,0,2500,0,0,0,23.5464,14.6869,0,3476,65133845202
172.799,5.78706,31.941,0,56,51,0,2500,0,0,0,23.5464,14.6869,0,3476,65139631274
112.33,8.9023,31.941,0,56,51,0,2500,0,0,0,23.5464,14.6869,0,3476,65148534279
105.728,9.45819,31.941,0,56,51,0,2500,0,0,0,23.5464,14.6869,0,3476,65157993380
90.8535,11.0067,31.941,0,56,51,0,2500,0,0,0,23.5464,14.6869,0,3476,65168999836
184.319,5.42536,31.941,0,56,51,0,2500,0,0,0,23.5464,14.6869,0,3476,65174426602
106.025,9.43171,31.941,0,56,51,0,2500,0,0,0,23.5464,14.6869,0,3476,65183858310
123.597,8.0908,31.941,0,56,51,0,2500,0,0,0,23.5464,14.6869,0,3476,65191949920
126.392,7.91192,31.941,0,56,51,0,2500,0,0,0,23.5464,14.6869,0,3476,65199862377
129.128,7.74425,31.941,0,56,51,0,2500,0,0,0,23.5464,14.6869,0,3476,65207606340
122.1,8.19002,31.941,0,56,51,0,2500,0,0,0,23.5464,14.6869,0,3476,65215797974
119.164,8.39182,31.941,0,56,51,0,2500,0,0,0,23.5464,14.6869,0,3476,65224189038
111.348,8.98088,31.941,0,56,51,0,2500,0,0,0,23.5464,14.6869,0,3476,65233170935
124.875,8.00798,31.941,0,56,51,0,2500,0,0,0,23.5464,14.6869,0,3476,65241179304
123.475,8.09879,31.941,0,56,51,0,2500,0,0,0,23.5464,14.6869,0,3476,65249278871
114.599,8.7261,31.941,0,56,51,0,2500,0,0,0,23.5464,14.6869,0,3476,65258005736
120.594,8.29226,31.941,0,56,51,0,2500,0,0,0,23.5464,14.6869,0,3476,65266298014
127.628,7.83529,31.941,0,56,51,0,2500,0,0,0,23.5464,14.6869,0,3476,65274134420
122.421,8.16853,31.941,0,56,51,0,2500,0,0,0,23.5464,14.6869,0,3476,65282303103
117.853,8.48517,31.941,0,56,51,0,2500,0,0,0,23.5464,14.6869,0,3476,65290788687
117.816,8.48783,31.941,0,56,51,0,2500,0,0,0,23.5464,14.6869,0,3476,65299277119
121.457,8.23335,31.941,0,56,51,0,2500,0,0,0,23.5464,14.6869,0,3476,65307510957
120.195,8.31978,31.941,0,56,51,0,2500,0,0,0,23.5464,14.6869,0,3476,65315831258
115.408,8.66489,31.941,0,56,51,0,2500,0,0,0,23.5464,14.6869,0,3476,65324496762
121.222,8.2493,31.941,0,56,51,0,2500,0,0,0,23.5464,14.6869,0,3476,65332746454
123.136,8.12109,31.941,0,56,51,0,2500,0,0,0,23.5464,14.6869,0,3476,65340867749
119.596,8.36152,31.941,0,56,51,0,2500,0,0,0,23.5464,14.6869,0,3476,65349229943
117.734,8.49373,31.941,0,56,51,0,2500,0,0,0,23.5464,14.6869,0,3476,65357723810
120.332,8.31034,31.941,0,56,51,0,2500,0,0,0,23.5464,14.6869,0,3476,65366034192
122.659,8.15266,31.941,0,56,51,0,2500,0,0,0,23.5464,14.6869,0,3476,65374186747
124.058,8.06073,31.941,0,56,51,0,2500,0,0,0,23.5464,14.6869,0,3476,65382251122
120.186,8.32045,36.855,0,60,59,0,2500,0,0,0,23.7268,14.6859,0,3566,65390569564
122.074,8.19172,36.855,0,60,59,0,2500,0,0,0,23.7268,14.6859,0,3566,65398762132
112.292,8.90537,36.855,0,60,59,0,2500,0,0,0,23.7268,14.6859,0,3566,65407667447
130.974,7.63511,36.855,0,60,59,0,2500,0,0,0,23.7268,14.6859,0,3566,65415303479
128.121,7.80511,36.855,0,60,59,0,2500,0,0,0,23.7268,14.6859,0,3566,65423108560
101.811,9.82215,36.855,0,60,59,0,2500,0,0,0,23.7268,14.6859,0,3566,65432931351
127.292,7.85597,36.855,0,60,59,0,2500,0,0,0,23.7268,14.6859,0,3566,65440787705
74.2748,13.4635,36.855,0,60,59,0,2500,0,0,0,23.7268,14.6859,0,3566,65454251750
205,4.87805,36.855,0,60,59,0,2500,0,0,0,23.7268,14.6859,0,3566,65459129092
137.706,7.26183,36.855,0,60,59,0,2500,0,0,0,23.7268,14.6859,0,3566,65466391083
145.804,6.85852,36.855,0,60,59,0,2500,0,0,0,23.7268,14.6859,0,3566,65473251178
89.4722,11.1767,36.855,0,60,59,0,2500,0,0,0,23.7268,14.6859,0,3566,65484428284
115.917,8.62689,36.855,0,60,59,0,2500,0,0,0,23.7268,14.6859,0,3566,65493056270
124.021,8.06315,36.855,0,60,59,0,2500,0,0,0,23.7268,14.6859,0,3566,65501119787
127.225,7.86012,36.855,0,60,59,0,2500,0,0,0,23.7268,14.6859,0,3566,65508980288
120.956,8.2675,36.855,0,60,59,0,2500,0,0,0,23.7268,14.6859,0,3566,65517248733
111.315,8.98352,36.855,0,60,59,0,2500,0,0,0,23.7268,14.6859,0,3566,65526232676
113.753,8.79098,36.855,0,60,59,0,2500,0,0,0,23.7268,14.6859,0,3566,65535025080
119.104,8.39605,36.855,0,60,59,0,2500,0,0,0,23.7268,14.6859,0,3566,65543421263
114.439,8.73824,36.855,0,60,59,0,2500,0,0,0,23.7268,14.6859,0,3566,65552159870
116.829,8.55949,36.855,0,60,59,0,2500,0,0,0,23.7268,14.6859,0,3566,65560720827
130.159,7.68293,36.855,0,60,59,0,2500,0,0,0,23.7268,14.6859,0,3566,65568403675
121.23,8.24876,36.855,0,60,59,0,2500,0,0,0,23.7268,14.6859,0,3566,65576653330
109.135,9.16299,36.855,0,60,59,0,2500,0,0,0,23.7268,14.6859,0,3566,65585817312
130.928,7.63776,36.855,0,60,59,0,2500,0,0,0,23.7268,14.6859,0,3566,65593454897
121.017,8.2633,36.855,0,60,59,0,2500,0,0,0,23.7268,14.6859,0,3566,65601717803
140.82,7.10127,36.855,0,60,59,0,2500,0,0,0,23.7268,14.6859,0,3566,65608821095
112.412,8.89588,36.855,0,60,59,0,2500,0,0,0,23.7268,14.6859,0,3566,65617717534
111.215,8.99158,36.855,0,60,59,0,2500,0,0,0,23.7268,14.6859,0,3566,65626708674
133.282,7.50286,36.855,0,60,59,0,2500,0,0,0,23.7268,14.6859,0,3566,65634211856
123.241,8.11421,36.855,0,60,59,0,2500,0,0,0,23.7268,14.6859,0,3566,65642326849
108.104,9.25036,36.855,0,60,59,0,2500,0,0,0,23.7268,14.6859,0,3566,65651577444
120.102,8.32629,36.855,0,60,59,0,2500,0,0,0,23.7268,14.6859,0,3566,65659904892
126.389,7.91208,36.855,0,60,59,0,2500,0,0,0,23.7268,14.6859,0,3566,65667817574
118.387,8.44688,36.855,0,60,59,0,2500,0,0,0,23.7268,14.6859,0,3566,65676263670
116.709,8.56835,36.855,0,60,59,0,2500,0,0,0,23.7268,14.6859,0,3566,65684832526
223.449,4.4753,36.855,0,60,59,0,2500,0,0,0,23.7268,14.6859,0,3566,65689308537
88.1844,11.3399,36.855,0,60,59,0,2500,0,0,0,23.7268,14.6859,0,3566,65700649408
115.231,8.67821,36.855,0,60,59,0,2500,0,0,0,23.7268,14.6859,0,3566,65709327591
118.608,8.43117,36.855,0,60,59,0,2500,0,0,0,23.7268,14.6859,0,3566,65717759761
121.704,8.21666,36.855,0,60,59,0,2500,0,0,0,23.7268,14.6859,0,3566,65725975976
130.63,7.65524,36.855,0,60,59,0,2500,0,0,0,23.7268,14.6859,0,3566,65733632404
121.847,8.207,36.855,0,60,59,0,2500,0,0,0,23.7268,14.6859,0,3566,65741839205
114.659,8.72155,36.855,0,60,59,0,2500,0,0,0,23.7268,14.6859,0,3566,65750562889
105.244,9.50176,36.855,0,60,59,0,2500,0,0,0,23.7268,14.6859,0,3566,65760064239
148.746,6.72287,36.855,0,60,59,0,2500,0,0,0,23.7268,14.6859,0,3566,65766787574
115.306,8.67259,36.855,0,60,59,0,2500,0,0,0,23.7268,14.6859,0,3566,65775460021
113.147,8.83804,36.855,0,60,59,0,2500,0,0,0,23.7268,14.6859,0,3566,65784299489
125.345,7.97799,36.855,0,60,59,0,2500,0,0,0,23.7268,14.6859,0,3566,65792278158
107.537,9.29909,36.855,0,60,59,0,2500,0,0,0,23.7268,14.6859,0,3566,65801577802
113.854,8.78318,36.855,0,60,59,0,2500,0,0,0,23.7268,14.6859,0,3566,65810361569
137.313,7.28262,36.855,0,60,59,0,2500,0,0,0,23.7268,14.6859,0,3566,65817644590
105.279,9.49854,36.855,0,60,59,0,2500,0,0,0,23.7268,14.6859,0,3566,65827143888
121.911,8.20273,36.855,0,60,59,0,2500,0,0,0,23.7268,14.6859,0,3566,65835347550
127.037,7.87169,36.855,0,60,59,0,2500,0,0,0,23.7268,14.6859,0,3566,65843219370
151.05,6.62032,36.855,0,60,59,0,2500,0,0,0,23.7268,14.6859,0,3566,65849840920
117.429,8.5158,36.855,0,60,59,0,2500,0,0,0,23.7268,14.6859,0,3566,65858356850
124.203,8.05133,36.855,0,60,59,0,2500,0,0,0,23.7268,14.6859,0,3566,65866408515
119.556,8.3643,36.855,0,60,59,0,2500,0,0,0,23.7268,14.6859,0,3566,65874773143
123.588,8.09139,36.855,0,60,59,0,2500,0,0,0,23.7268,14.6859,0,3566,65882870259
120.049,8.32996,25.1244,0,60,59,0,2500,0,0,0,23.7934,14.6858,0,1600,65891195129
115.946,8.62474,25.1244,0,60,59,0,2500,0,0,0,23.7934,14.6858,0,1600,65899820071
119.128,8.39433,25.1244,0,60,59,0,2500,0,0,0,23.7934,14.6858,0,1600,65908215136
119.183,8.39046,25.1244,0,60,59,0,2500,0,0,0,23.7934,14.6858,0,1600,65916606333
121.903,8.20324,25.1244,0,60,59,0,2500,0,0,0,23.7934,14.6858,0,1600,65924810323
123.145,8.12049,25.1244,0,60,59,0,2500,0,0,0,23.7934,14.6858,0,1600,65932930912
115.755,8.63892,25.1244,0,60,59,0,2500,0,0,0,23.7934,14.6858,0,1600,65941570803
122.419,8.16867,25.1244,0,60,59,0,2500,0,0,0,23.7934,14.6858,0,1600,65949739956
121.851,8.20674,25.1244,0,60,59,0,2500,0,0,0,23.7934,14.6858,0,1600,65957946801
119.228,8.38732,25.1244,0,60,59,0,2500,0,0,0,23.7934,14.6858,0,1600,65966334346
114.651,8.72211,25.1244,0,60,59,0,2500,0,0,0,23.7934,14.6858,0,1600,65975057187
124.454,8.03511,25.1244,0,60,59,0,2500,0,0,0,23.7934,14.6858,0,1600,65983092601
127.577,7.83841,25.1244,0,60,59,0,2500,0,0,0,23.7934,14.6858,0,1600,65990931323
101.909,9.81265,25.1244,0,60,59,0,2500,0,0,0,23.7934,14.6858,0,1600,66000745167
137.212,7.28797,25.1244,0,60,59,0,2500,0,0,0,23.7934,14.6858,0,1600,66008033841
125.305,7.98053,25.1244,0,60,59,0,2500,0,0,0,23.7934,14.6858,0,1600,66016014438
119.412,8.37436,25.1244,0,60,59,0,2500,0,0,0,23.7934,14.6858,0,1600,66024389657
111.004,9.0087,25.1244,0,60,59,0,2500,0,0,0,23.7934,14.6858,0,1600,66033398313
127.702,7.83074,25.1244,0,60,59,0,2500,0,0,0,23.7934,14.6858,0,1600,66041229360
122.126,8.18825,25.1244,0,60,59,0,2500,0,0,0,23.7934,14.6858,0,1600,66049421405
113.642,8.79955,25.1244,0,60,59,0,2500,0,0,0,23.7934,14.6858,0,1600,66058219046
124.153,8.0546,25.1244,0,60,59,0,2500,0,0,0,23.7934,14.6858,0,1600,66066273297
125.101,7.99355,25.1244,0,60,59,0,2500,0,0,0,23.7934,14.6858,0,1600,66074267676
110.096,9.08302,25.1244,0,60,59,0,2500,0,0,0,23.7934,14.6858,0,1600,66083351267
122.2,8.18327,25.1244,0,60,59,0,2500,0,0,0,23.7934,14.6858,0,1600,66091535006
128.435,7.78602,25.1244,0,60,59,0,2500,0,0,0,23.7934,14.6858,0,1600,66099321327
123.181,8.1181,25.1244,0,60,59,0,2500,0,0,0,23.7934,14.6858,0,1600,66107439976
119.349,8.37875,25.1244,0,60,59,0,2500,0,0,0,23.7934,14.6858,0,1600,66115819511
120.73,8.28292,25.1244,0,60,59,0,2500,0,0,0,23.7934,14.6858,0,1600,66124103088
121.271,8.24599,25.1244,0,60,59,0,2500,0,0,0,23.7934,14.6858,0,1600,66132349113
115.929,8.626,25.1244,0,60,59,0,2500,0,0,0,23.7934,14.6858,0,1600,66140975822
96.5857,10.3535,25.1244,0,60,59,0,2500,0,0,0,23.7934,14.6858,0,1600,66151330667
130.69,7.65171,25.1244,0,60,59,0,2500,0,0,0,23.7934,14.6858,0,1600,66158983117
111.98,8.9302,25.1244,0,60,59,0,2500,0,0,0,23.7934,14.6858,0,1600,66167914403
120.073,8.32826,25.1244,0,60,59,0,2500,0,0,0,23.7934,14.6858,0,1600,66176242588
137.058,7.29621,25.1244,0,60,59,0,2500,0,0,0,23.7934,14.6858,0,1600,66183539043
113.916,8.77839,25.1244,0,60,59,0,2500,0,0,0,23.7934,14.6858,0,1600,66192317730
115.227,8.67849,25.1244,0,60,59,0,2500,0,0,0,23.7934,14.6858,0,1600,66200996821
117.487,8.51159,25.1244,0,60,59,0,2500,0,0,0,23.7934,14.6858,0,1600,66209508188
123.205,8.11658,25.1244,0,60,59,0,2500,0,0,0,23.7934,14.6858,0,1600,66217625396
126.557,7.90155,25.1244,0,60,59,0,2500,0,0,0,23.7934,14.6858,0,1600,66225528116
122.203,8.18312,25.1244,0,60,59,0,2500,0,0,0,23.7934,14.6858,0,1600,66233711000
116.323,8.59674,25.1244,0,60,59,0,2500,0,0,0,23.7934,14.6858,0,1600,66242308581
119.207,8.38877,25.1244,0,60,59,0,2500,0,0,0,23.7934,14.6858,0,1600,66250697978
115.922,8.62652,25.1244,0,60,59,0,2500,0,0,0,23.7934,14.6858,0,1600,66259323998
133.339,7.49968,25.1244,0,60,59,0,2500,0,0,0,23.7934,14.6858,0,1600,66266824837
189.054,5.28949,25.1244,0,60,59,0,2500,0,0,0,23.7934,14.6858,0,1600,66272114455
91.5546,10.9224,25.1244,0,60,59,0,2500,0,0,0,23.7934,14.6858,0,1600,66283037382
120.842,8.27525,25.1244,0,60,59,0,2500,0,0,0,23.7934,14.6858,0,1600,66291312553
121.256,8.24704,25.1244,0,60,59,0,2500,0,0,0,23.7934,14.6858,0,1600,66299561527
122.139,8.18741,25.1244,0,60,59,0,2500,0,0,0,23.7934,14.6858,0,1600,66307748511
115.773,8.63762,25.1244,0,60,59,0,2500,0,0,0,23.7934,14.6858,0,1600,66316387287
122.224,8.1817,25.1244,0,60,59,0,2500,0,0,0,23.7934,14.6858,0,1600,66324569865
121.857,8.20634,25.1244,0,60,59,0,2500,0,0,0,23.7934,14.6858,0,1600,66332776416
106.19,9.41709,25.1244,0,60,59,0,2500,0,0,0,23.7934,14.6858,0,1600,66342199075
111.078,9.0027,25.1244,0,60,59,0,2500,0,0,0,23.7934,14.6858,0,1600,66351198055
121.484,8.23151,25.1244,0,60,59,0,2500,0,0,0,23.7934,14.6858,0,1600,66359430174
112.786,8.86636,25.1244,0,60,59,0,2500,0,0,0,23.7934,14.6858,0,1600,66368296001
122.399,8.17001,25.1244,0,60,59,0,2500,0,0,0,23.7934,14.6858,0,1600,66376466695
130.696,7.65135,25.1244,0,60,59,0,2500,0,0,0,23.7934,14.6858,0,1600,66384124174
124.508,8.03161,21.5881,0,58,52,0,2500,0,0,0,23.7968,14.6857,0,1600,66392151055
107.496,9.30263,21.5881,0,58,52,0,2500,0,0,0,23.7968,14.6857,0,1600,66401454828
142.411,7.02195,21.5881,0,58,52,0,2500,0,0,0,23.7968,14.6857,0,1600,66408476723
126.828,7.88471,21.5881,0,58,52,0,2500,0,0,0,23.7968,14.6857,0,1600,66416361859
108.014,9.25809,21.5881,0,58,52,0,2500,0,0,0,23.7968,14.6857,0,1600,66425620745
120.988,8.26526,21.5881,0,58,52,0,2500,0,0,0,23.7968,14.6857,0,1600,66433885661
130.858,7.64187,21.5881,0,58,52,0,2500,0,0,0,23.7968,14.6857,0,1600,66441528019
120.558,8.29477,21.5881,0,58,52,0,2500,0,0,0,23.7968,14.6857,0,1600,66449823172
120.927,8.26942,21.5881,0,58,52,0,2500,0,0,0,23.7968,14.6857,0,1600,66458093261
117.025,8.54519,21.5881,0,58,52,0,2500,0,0,0,23.7968,14.6857,0,1600,66466638380
126.363,7.91368,21.5881,0,58,52,0,2500,0,0,0,23.7968,14.6857,0,1600,66474552693
101.306,9.87109,21.5881,0,58,52,0,2500,0,0,0,23.7968,14.6857,0,1600,66484423668
121.902,8.20328,21.5881,0,58,52,0,2500,0,0,0,23.7968,14.6857,0,1600,66492627683
124.568,8.02774,21.5881,0,58,52,0,2500,0,0,0,23.7968,14.6857,0,1600,66500657275
126.111,7.9295,21.5881,0,58,52,0,2500,0,0,0,23.7968,14.6857,0,1600,66508586501
104.934,9.52984,21.5881,0,58,52,0,2500,0,0,0,23.7968,14.6857,0,1600,66518117444
123.795,8.07785,21.5881,0,58,52,0,2500,0,0,0,23.7968,14.6857,0,1600,66526195731
121.673,8.21875,21.5881,0,58,52,0,2500,0,0,0,23.7968,14.6857,0,1600,66534414707
125.308,7.98035,21.5881,0,58,52,0,2500,0,0,0,23.7968,14.6857,0,1600,66542395018
116.872,8.5564,21.5881,0,58,52,0,2500,0,0,0,23.7968,14.6857,0,1600,66550951762
117.377,8.51956,21.5881,0,58,52,0,2500,0,0,0,23.7968,14.6857,0,1600,66559472110
115.948,8.62453,21.5881,0,58,52,0,2500,0,0,0,23.7968,14.6857,0,1600,66568096476
127.589,7.83765,21.5881,0,58,52,0,2500,0,0,0,23.7968,14.6857,0,1600,66575936010
125.457,7.97089,21.5881,0,58,52,0,2500,0,0,0,23.7968,14.6857,0,1600,66583907273
124.055,8.06091,21.5881,0,58,52,0,2500,0,0,0,23.7968,14.6857,0,1600,66591968172
118.12,8.46599,21.5881,0,58,52,0,2500,0,0,0,23.7968,14.6857,0,1600,66600434836
122.091,8.19058,21.5881,0,58,52,0,2500,0,0,0,23.7968,14.6857,0,1600,66608626165
112.191,8.91335,21.5881,0,58,52,0,2500,0,0,0,23.7968,14.6857,0,1600,66617540219
126.529,7.90331,21.5881,0,58,52,0,2500,0,0,0,23.7968,14.6857,0,1600,66625444588
114.636,8.72326,21.5881,0,58,52,0,2500,0,0,0,23.7968,14.6857,0,1600,66634168568
118.881,8.41175,21.5881,0,58,52,0,2500,0,0,0,23.7968,14.6857,0,1600,66642581511
124.171,8.05342,21.5881,0,58,52,0,2500,0,0,0,23.7968,14.6857,0,1600,66650634295
112.517,8.88757,21.5881,0,58,52,0,2500,0,0,0,23.7968,14.6857,0,1600,66659522903
118.958,8.40633,21.5881,0,58,52,0,2500,0,0,0,23.7968,14.6857,0,1600,66667929511
125,8,21.5881,0,58,52,0,2500,0,0,0,23.7968,14.6857,0,1600,66675929987
121.191,8.25141,21.5881,0,58,52,0,2500,0,0,0,23.7968,14.6857,0,1600,66684182551
108.24,9.23871,21.5881,0,58,52,0,2500,0,0,0,23.7968,14.6857,0,1600,66693421481
125.964,7.93878,21.5881,0,58,52,0,2500,0,0,0,23.7968,14.6857,0,1600,66701361005
120.629,8.28985,21.5881,0,58,52,0,2500,0,0,0,23.7968,14.6857,0,1600,66709652097
125.772,7.9509,21.5881,0,58,52,0,2500,0,0,0,23.7968,14.6857,0,1600,66717602450
124.644,8.02282,21.5881,0,58,52,0,2500,0,0,0,23.7968,14.6857,0,1600,66725626636
120.183,8.32067,21.5881,0,58,52,0,2500,0,0,0,23.7968,14.6857,0,1600,66733947350
131.692,7.59349,21.5881,0,58,52,0,2500,0,0,0,23.7968,14.6857,0,1600,66741540817
122.962,8.1326,21.5881,0,58,52,0,2500,0,0,0,23.7968,14.6857,0,1600,66749673980
119.603,8.36097,21.5881,0,58,52,0,2500,0,0,0,23.7968,14.6857,0,1600,66758035996
101.484,9.85378,21.5881,0,58,52,0,2500,0,0,0,23.7968,14.6857,0,1600,66767890625
129.481,7.72312,21.5881,0,58,52,0,2500,0,0,0,23.7968,14.6857,0,1600,66775614571
124.257,8.04785,21.5881,0,58,52,0,2500,0,0,0,23.7968,14.6857,0,1600,66783662877
117.056,8.54294,21.5881,0,58,52,0,2500,0,0,0,23.7968,14.6857,0,1600,66792206344
118.377,8.44757,21.5881,0,58,52,0,2500,0,0,0,23.7968,14.6857,0,1600,66800654584
123.723,8.08258,21.5881,0,58,52,0,2500,0,0,0,23.7968,14.6857,0,1600,66808738022
123.027,8.12833,21.5881,0,58,52,0,2500,0,0,0,23.7968,14.6857,0,1600,66816867148
120.316,8.31147,21.5881,0,58,52,0,2500,0,0,0,23.7968,14.6857,0,1600,66825178858
128.422,7.78681,21.5881,0,58,52,0,2500,0,0,0,23.7968,14.6857,0,1600,66832965771
121.824,8.20855,21.5881,0,58,52,0,2500,0,0,0,23.7968,14.6857,0,1600,66841174721
107.427,9.30861,21.5881,0,58,52,0,2500,0,0,0,23.7968,14.6857,0,1600,66850484380
118.401,8.44589,21.5881,0,58,52,0,2500,0,0,0,23.7968,14.6857,0,1600,66858930921
185.943,5.37799,21.5881,0,58,52,0,2500,0,0,0,23.7968,14.6857,0,1600,66864308992
91.6135,10.9154,21.5881,0,58,52,0,2500,0,0,0,23.7968,14.6857,0,1600,66875225454
116.798,8.56183,21.5881,0,58,52,0,2500,0,0,0,23.7968,14.6857,0,1600,66883787577
126.765,7.88859,21.5881,0,58,52,0,2500,0,0,0,23.7968,14.6857,0,1600,66891681755
120.89,8.27199,22.9829,0,57,52,0,2500,0,0,0,23.7987,14.6857,0,1600,66899948827
114.92,8.70168,22.9829,0,57,52,0,2500,0,0,0,23.7987,14.6857,0,1600,66908651337
114.218,8.75521,22.9829,0,57,52,0,2500,0,0,0,23.7987,14.6857,0,1600,66917406843
123.45,8.10043,22.9829,0,57,52,0,2500,0,0,0,23.7987,14.6857,0,1600,66925507860
122.734,8.1477,22.9829,0,57,52,0,2500,0,0,0,23.7987,14.6857,0,1600,66933657105
109.405,9.14036,22.9829,0,57,52,0,2500,0,0,0,23.7987,14.6857,0,1600,66942797564
127.687,7.83165,22.9829,0,57,52,0,2500,0,0,0,23.7987,14.6857,0,1600,66950629014
120.607,8.29139,22.9829,0,57,52,0,2500,0,0,0,23.7987,14.6857,0,1600,66958921178
124.173,8.05329,22.9829,0,57,52,0,2500,0,0,0,23.7987,14.6857,0,1600,66966976058
129.737,7.70793,22.9829,0,57,52,0,2500,0,0,0,23.7987,14.6857,0,1600,66974683501
103.856,9.62875,22.9829,0,57,52,0,2500,0,0,0,23.7987,14.6857,0,1600,66984313462
130.662,7.65333,22.9829,0,57,52,0,2500,0,0,0,23.7987,14.6857,0,1600,66991967009
121.005,8.26414,22.9829,0,57,52,0,2500,0,0,0,23.7987,14.6857,0,1600,67000231860
112.527,8.88676,22.9829,0,57,52,0,2500,0,0,0,23.7987,14.6857,0,1600,67009119402
124.977,8.00147,22.9829,0,57,52,0,2500,0,0,0,23.7987,14.6857,0,1600,67017121449
129.436,7.72582,22.9829,0,57,52,0,2500,0,0,0,23.7987,14.6857,0,1600,67024847813
124.628,8.0239,22.9829,0,57,52,0,2500,0,0,0,23.7987,14.6857,0,1600,67032872292
121.709,8.21635,22.9829,0,57,52,0,2500,0,0,0,23.7987,14.6857,0,1600,67041088982
117.522,8.50905,22.9829,0,57,52,0,2500,0,0,0,23.7987,14.6857,0,1600,67049598021
122.083,8.19118,22.9829,0,57,52,0,2500,0,0,0,23.7987,14.6857,0,1600,67057790192
121.235,8.24842,22.9829,0,57,52,0,2500,0,0,0,23.7987,14.6857,0,1600,67066039155
120.042,8.33041,22.9829,0,57,52,0,2500,0,0,0,23.7987,14.6857,0,1600,67074369926
92.6854,10.7892,22.9829,0,57,52,0,2500,0,0,0,23.7987,14.6857,0,1600,67085160446
128.533,7.78012,22.9829,0,57,52,0,2500,0,0,0,23.7987,14.6857,0,1600,67092940927
118.233,8.45785,22.9829,0,57,52,0,2500,0,0,0,23.7987,14.6857,0,1600,67101399544
144.687,6.91149,22.9829,0,57,52,0,2500,0,0,0,23.7987,14.6857,0,1600,67108311067
114.973,8.69768,22.9829,0,57,52,0,2500,0,0,0,23.7987,14.6857,0,1600,67117009641
109.738,9.11262,22.9829,0,57,52,0,2500,0,0,0,23.7987,14.6857,0,1600,67126123044
128.482,7.78316,22.9829,0,57,52,0,2500,0,0,0,23.7987,14.6857,0,1600,67133907168
106.481,9.39136,22.9829,0,57,52,0,2500,0,0,0,23.7987,14.6857,0,1600,67143299045
141.648,7.05974,22.9829,0,57,52,0,2500,0,0,0,23.7987,14.6857,0,1600,67150358917
111.622,8.95883,22.9829,0,57,52,0,2500,0,0,0,23.7987,14.6857,0,1600,67159318646
136.686,7.31606,22.9829,0,57,52,0,2500,0,0,0,23.7987,14.6857,0,1600,67166634650
105.283,9.4982,22.9829,0,57,52,0,2500,0,0,0,23.7987,14.6857,0,1600,67176133475
140.982,7.09309,22.9829,0,57,52,0,2500,0,0,0,23.7987,14.6857,0,1600,67183227446
112.505,8.88847,22.9829,0,57,52,0,2500,0,0,0,23.7987,14.6857,0,1600,67192116360
133.951,7.4654,22.9829,0,57,52,0,2500,0,0,0,23.7987,14.6857,0,1600,67199582321
96.6329,10.3484,22.9829,0,57,52,0,2500,0,0,0,23.7987,14.6857,0,1600,67209931361
145.744,6.86134,22.9829,0,57,52,0,2500,0,0,0,23.7987,14.6857,0,1600,67216793484
126.651,7.8957,22.9829,0,57,52,0,2500,0,0,0,23.7987,14.6857,0,1600,67224689282
122.041,8.194,22.9829,0,57,52,0,2500,0,0,0,23.7987,14.6857,0,1600,67232883591
98.3953,10.1631,22.9829,0,57,52,0,2500,0,0,0,23.7987,14.6857,0,1600,67243047660
130.312,7.67387,22.9829,0,57,52,0,2500,0,0,0,23.7987,14.6857,0,1600,67250721862
121.135,8.25522,22.9829,0,57,52,0,2500,0,0,0,23.7987,14.6857,0,1600,67258977960
119.834,8.34485,22.9829,0,57,52,0,2500,0,0,0,23.7987,14.6857,0,1600,67267323593
114.471,8.73584,22.9829,0,57,52,0,2500,0,0,0,23.7987,14.6857,0,1600,67276070961
121.113,8.25677,22.9829,0,57,52,0,2500,0,0,0,23.7987,14.6857,0,1600,67284328382
109.203,9.15729,22.9829,0,57,52,0,2500,0,0,0,23.7987,14.6857,0,1600,67293486016
149.058,6.70879,22.9829,0,57,52,0,2500,0,0,0,23.7987,14.6857,0,1600,67300194915
129.019,7.75081,22.9829,0,57,52,0,2500,0,0,0,23.7987,14.6857,0,1600,67307946234
102.441,9.76167,22.9829,0,57,52,0,2500,0,0,0,23.7987,14.6857,0,1600,67317708606
133.914,7.46748,22.9829,0,57,52,0,2500,0,0,0,23.7987,14.6857,0,1600,67325177605
114.367,8.7438,22.9829,0,57,52,0,2500,0,0,0,23.7987,14.6857,0,1600,67333921477
126.835,7.88425,22.9829,0,57,52,0,2500,0,0,0,23.7987,14.6857,0,1600,67341807370
108.432,9.22233,22.9829,0,57,52,0,2500,0,0,0,23.7987,14.6857,0,1600,67351029768
116.895,8.5547,22.9829,0,57,52,0,2500,0,0,0,23.7987,14.6857,0,1600,67359584142
128.934,7.75592,22.9829,0,57,52,0,2500,0,0,0,23.7987,14.6857,0,1600,67367341232
118.744,8.42151,22.9829,0,57,52,0,2500,0,0,0,23.7987,14.6857,0,1600,67375764119
119.32,8.38084,22.9829,0,57,52,0,2500,0,0,0,23.7987,14.6857,0,1600,67384143626
116.634,8.5738,22.9829,0,57,52,0,2500,0,0,0,23.7987,14.6857,0,1600,67392723638
124.685,8.02019,21.8905,0,59,52,0,2500,0,0,0,23.7992,14.6855,0,1600,67400739057
133.066,7.51506,21.8905,0,59,52,0,2500,0,0,0,23.7992,14.6855,0,1600,67408254434
124.729,8.0174,21.8905,0,59,52,0,2500,0,0,0,23.7992,14.6855,0,1600,67416271961
122.786,8.14425,21.8905,0,59,52,0,2500,0,0,0,23.7992,14.6855,0,1600,67424417412
112.022,8.92682,21.8905,0,59,52,0,2500,0,0,0,23.7992,14.6855,0,1600,67433343663
175.673,5.6924,21.8905,0,59,52,0,2500,0,0,0,23.7992,14.6855,0,1600,67439036580
89.4505,11.1794,21.8905,0,59,52,0,2500,0,0,0,23.7992,14.6855,0,1600,67450216575
119.682,8.35544,21.8905,0,59,52,0,2500,0,0,0,23.7992,14.6855,0,1600,67458572612
182.972,5.46533,21.8905,0,59,52,0,2500,0,0,0,23.7992,14.6855,0,1600,67464037899
97.7879,10.2262,21.8905,0,59,52,0,2500,0,0,0,23.7992,14.6855,0,1600,67474265735
116.777,8.5633,21.8905,0,59,52,0,2500,0,0,0,23.7992,14.6855,0,1600,67482828805
121.08,8.25899,21.8905,0,59,52,0,2500,0,0,0,23.7992,14.6855,0,1600,67491088286
104.933,9.52993,21.8905,0,59,52,0,2500,0,0,0,23.7992,14.6855,0,1600,67500619362
125.532,7.96611,21.8905,0,59,52,0,2500,0,0,0,23.7992,14.6855,0,1600,67508585953
113.199,8.83397,21.8905,0,59,52,0,2500,0,0,0,23.7992,14.6855,0,1600,67517420965
113.751,8.79114,21.8905,0,59,52,0,2500,0,0,0,23.7992,14.6855,0,1600,67526212438
123.671,8.08595,21.8905,0,59,52,0,2500,0,0,0,23.7992,14.6855,0,1600,67534297975
117.8,8.48895,21.8905,0,59,52,0,2500,0,0,0,23.7992,14.6855,0,1600,67542788971
117.95,8.47816,21.8905,0,59,52,0,2500,0,0,0,23.7992,14.6855,0,1600,67551266157
118.478,8.44042,21.8905,0,59,52,0,2500,0,0,0,23.7992,14.6855,0,1600,67559707450
140.477,7.11862,21.8905,0,59,52,0,2500,0,0,0,23.7992,14.6855,0,1600,67566826595
130.418,7.66768,21.8905,0,59,52,0,2500,0,0,0,23.7992,14.6855,0,1600,67574494459
120.827,8.27632,21.8905,0,59,52,0,2500,0,0,0,23.7992,14.6855,0,1600,67582770829
109.772,9.10979,21.8905,0,59,52,0,2500,0,0,0,23.7992,14.6855,0,1600,67591882382
110.26,9.06951,21.8905,0,59,52,0,2500,0,0,0,23.7992,14.6855,0,1600,67600952585
116.116,8.61211,21.8905,0,59,52,0,2500,0,0,0,23.7992,14.6855,0,1600,67609565247
119.737,8.35163,21.8905,0,59,52,0,2500,0,0,0,23.7992,14.6855,0,1600,67617917444
126.838,7.88409,21.8905,0,59,52,0,2500,0,0,0,23.7992,14.6855,0,1600,67625801966
117.692,8.49675,21.8905,0,59,52,0,2500,0,0,0,23.7992,14.6855,0,1600,67634299239
116.087,8.6142,21.8905,0,59,52,0,2500,0,0,0,23.7992,14.6855,0,1600,67642913130
135.168,7.39819,21.8905,0,59,52,0,2500,0,0,0,23.7992,14.6855,0,1600,67650311897
126.935,7.87804,21.8905,0,59,52,0,2500,0,0,0,23.7992,14.6855,0,1600,67658190682
122.822,8.1419,21.8905,0,59,52,0,2500,0,0,0,23.7992,14.6855,0,1600,67666332686
122.494,8.16366,21.8905,0,59,52,0,2500,0,0,0,23.7992,14.6855,0,1600,67674496221
123.73,8.08209,21.8905,0,59,52,0,2500,0,0,0,23.7992,14.6855,0,1600,67682579198
94.4146,10.5916,21.8905,0,59,52,0,2500,0,0,0,23.7992,14.6855,0,1600,67693170893
129.344,7.73132,21.8905,0,59,52,0,2500,0,0,0,23.7992,14.6855,0,1600,67700902039
139.377,7.17478,21.8905,0,59,52,0,2500,0,0,0,23.7992,14.6855,0,1600,67708077862
114.43,8.73897,21.8905,0,59,52,0,2500,0,0,0,23.7992,14.6855,0,1600,67716817182
102.975,9.71107,21.8905,0,59,52,0,2500,0,0,0,23.7992,14.6855,0,1600,67726528373
121.99,8.19738,21.8905,0,59,52,0,2500,0,0,0,23.7992,14.6855,0,1600,67734725931
120.123,8.32483,21.8905,0,59,52,0,2500,0,0,0,23.7992,14.6855,0,1600,67743050816
125.989,7.93721,21.8905,0,59,52,0,2500,0,0,0,23.7992,14.6855,0,1600,67750988385
113.69,8.79584,21.8905,0,59,52,0,2500,0,0,0,23.7992,14.6855,0,1600,67759785093
117.152,8.5359,21.8905,0,59,52,0,2500,0,0,0,23.7992,14.6855,0,1600,67768321475
137.203,7.28848,21.8905,0,59,52,0,2500,0,0,0,23.7992,14.6855,0,1600,67775610046
135.426,7.38411,21.8905,0,59,52,0,2500,0,0,0,23.7992,14.6855,0,1600,67782994374
107.539,9.29897,21.8905,0,59,52,0,2500,0,0,0,23.7992,14.6855,0,1600,67792294538
119.02,8.40192,21.8905,0,59,52,0,2500,0,0,0,23.7992,14.6855,0,1600,67800697365
131.558,7.60119,21.8905,0,59,52,0,2500,0,0,0,23.7992,14.6855,0,1600,67808298254
96.8575,10.3244,21.8905,0,59,52,0,2500,0,0,0,23.7992,14.6855,0,1600,67818624065
127.49,7.84373,21.8905,0,59,52,0,2500,0,0,0,23.7992,14.6855,0,1600,67826467884
132.561,7.54371,21.8905,0,59,52,0,2500,0,0,0,23.7992,14.6855,0,1600,67834011474
114.473,8.73565,21.8905,0,59,52,0,2500,0,0,0,23.7992,14.6855,0,1600,67842748210
114.025,8.76997,21.8905,0,59,52,0,2500,0,0,0,23.7992,14.6855,0,1600,67851519180
134.222,7.45036,21.8905,0,59,52,0,2500,0,0,0,23.7992,14.6855,0,1600,67858969922
108.632,9.20543,21.8905,0,59,52,0,2500,0,0,0,23.7992,14.6855,0,1600,67868175324
141.432,7.07053,21.8905,0,59,52,0,2500,0,0,0,23.7992,14.6855,0,1600,67875245893
128.807,7.76355,21.8905,0,59,52,0,2500,0,0,0,23.7992,14.6855,0,1600,67883009769
109.932,9.09652,21.8905,0,59,52,0,2500,0,0,0,23.7992,14.6855,0,1600,67892108210
114.637,8.72319,21.8905,0,59,52,0,2500,0,0,0,23.7992,14.6855,0,1600,67900836892
121.626,8.22193,22.113,0,60,52,0,2500,0,0,0,23.7977,14.6853,0,1601,67909061330
117.093,8.54023,22.113,0,60,52,0,2500,0,0,0,23.7977,14.6853,0,1601,67917594475
123.477,8.09867,22.113,0,60,52,0,2500,0,0,0,23.7977,14.6853,0,1601,67925694190
134.095,7.4574,22.113,0,60,52,0,2500,0,0,0,23.7977,14.6853,0,1601,67933152274
126.003,7.9363,22.113,0,60,52,0,2500,0,0,0,23.7977,14.6853,0,1601,67941088548
101.534,9.84895,22.113,0,60,52,0,2500,0,0,0,23.7977,14.6853,0,1601,67950938565
123.659,8.08674,22.113,0,60,52,0,2500,0,0,0,23.7977,14.6853,0,1601,67959026107
113.561,8.80587,22.113,0,60,52,0,2500,0,0,0,23.7977,14.6853,0,1601,67967832524
117.679,8.49766,22.113,0,60,52,0,2500,0,0,0,23.7977,14.6853,0,1601,67976330720
120.612,8.29106,22.113,0,60,52,0,2500,0,0,0,23.7977,14.6853,0,1601,67984621563
128.136,7.80419,22.113,0,60,52,0,2500,0,0,0,23.7977,14.6853,0,1601,67992425807
124.285,8.04606,22.113,0,60,52,0,2500,0,0,0,23.7977,14.6853,0,1601,68000471986
122.719,8.1487,22.113,0,60,52,0,2500,0,0,0,23.7977,14.6853,0,1601,68008620957
112.837,8.86235,22.113,0,60,52,0,2500,0,0,0,23.7977,14.6853,0,1601,68017484310
126.237,7.92161,22.113,0,60,52,0,2500,0,0,0,23.7977,14.6853,0,1601,68025407615
132.128,7.56845,22.113,0,60,52,0,2500,0,0,0,23.7977,14.6853,0,1601,68032975603
180.479,5.54082,22.113,0,60,52,0,2500,0,0,0,23.7977,14.6853,0,1601,68038516666
78.6253,12.7185,22.113,0,60,52,0,2500,0,0,0,23.7977,14.6853,0,1601,68051236164
118.929,8.40841,22.113,0,60,52,0,2500,0,0,0,23.7977,14.6853,0,1601,68059645786
218.625,4.57403,22.113,0,60,52,0,2500,0,0,0,23.7977,14.6853,0,1601,68064220310
98.8267,10.1187,22.113,0,60,52,0,2500,0,0,0,23.7977,14.6853,0,1601,68074339054
121.229,8.24885,22.113,0,60,52,0,2500,0,0,0,23.7977,14.6853,0,1601,68082588343
95.1441,10.5104,22.113,0,60,52,0,2500,0,0,0,23.7977,14.6853,0,1601,68093099761
129.804,7.70394,22.113,0,60,52,0,2500,0,0,0,23.7977,14.6853,0,1601,68100804223
114.649,8.72225,22.113,0,60,52,0,2500,0,0,0,23.7977,14.6853,0,1601,68109527318
178.446,5.60395,22.113,0,60,52,0,2500,0,0,0,23.7977,14.6853,0,1601,68115131938
94.8186,10.5464,22.113,0,60,52,0,2500,0,0,0,23.7977,14.6853,0,1601,68125678880
109.572,9.12639,22.113,0,60,52,0,2500,0,0,0,23.7977,14.6853,0,1601,68134805912
120.592,8.29245,22.113,0,60,52,0,2500,0,0,0,23.7977,14.6853,0,1601,68143099704
120.853,8.27453,22.113,0,60,52,0,2500,0,0,0,23.7977,14.6853,0,1601,68151374850
131.05,7.63067,22.113,0,60,52,0,2500,0,0,0,23.7977,14.6853,0,1601,68159006134
99.7748,10.0226,22.113,0,60,52,0,2500,0,0,0,23.7977,14.6853,0,1601,68169029602
127.089,7.86853,22.113,0,60,52,0,2500,0,0,0,23.7977,14.6853,0,1601,68176898493
133.405,7.49598,22.113,0,60,52,0,2500,0,0,0,23.7977,14.6853,0,1601,68184395311
119.115,8.39524,22.113,0,60,52,0,2500,0,0,0,23.7977,14.6853,0,1601,68192790795
136.635,7.31877,22.113,0,60,52,0,2500,0,0,0,23.7977,14.6853,0,1601,68200109809
106.344,9.40346,22.113,0,60,52,0,2500,0,0,0,23.7977,14.6853,0,1601,68209514708
109.579,9.12583,22.113,0,60,52,0,2500,0,0,0,23.7977,14.6853,0,1601,68218641102
128.151,7.80332,22.113,0,60,52,0,2500,0,0,0,23.7977,14.6853,0,1601,68226445168
133.212,7.50685,22.113,0,60,52,0,2500,0,0,0,23.7977,14.6853,0,1601,68233952243
103.604,9.65214,22.113,0,60,52,0,2500,0,0,0,23.7977,14.6853,0,1601,68243605176
133.037,7.51669,22.113,0,60,52,0,2500,0,0,0,23.7977,14.6853,0,1601,68251121406
120.659,8.28784,22.113,0,60,52,0,2500,0,0,0,23.7977,14.6853,0,1601,68259410737
111.299,8.98483,22.113,0,60,52,0,2500,0,0,0,23.7977,14.6853,0,1601,68268395972
127.163,7.86391,22.113,0,60,52,0,2500,0,0,0,23.7977,14.6853,0,1601,68276260817
114.904,8.7029,22.113,0,60,52,0,2500,0,0,0,23.7977,14.6853,0,1601,68284963665
146.402,6.83053,22.113,0,60,52,0,2500,0,0,0,23.7977,14.6853,0,1601,68291794621
113.281,8.82761,22.113,0,60,52,0,2500,0,0,0,23.7977,14.6853,0,1601,68300622816
108.918,9.18122,22.113,0,60,52,0,2500,0,0,0,23.7977,14.6853,0,1601,68309803787
117.643,8.50031,22.113,0,60,52,0,2500,0,0,0,23.7977,14.6853,0,1601,68318305201
146.204,6.83977,22.113,0,60,52,0,2500,0,0,0,23.7977,14.6853,0,1601,68325146032
104.717,9.54957,22.113,0,60,52,0,2500,0,0,0,23.7977,14.6853,0,1601,68334696092
136.142,7.34525,22.113,0,60,52,0,2500,0,0,0,23.7977,14.6853,0,1601,68342041814
116.108,8.61269,22.113,0,60,52,0,2500,0,0,0,23.7977,14.6853,0,1601,68350654614
113.49,8.81133,22.113,0,60,52,0,2500,0,0,0,23.7977,14.6853,0,1601,68359466557
109.121,9.16418,22.113,0,60,52,0,2500,0,0,0,23.7977,14.6853,0,1601,68368630905
117.33,8.52297,22.113,0,60,52,0,2500,0,0,0,23.7977,14.6853,0,1601,68377154080
156.918,6.37274,22.113,0,60,52,0,2500,0,0,0,23.7977,14.6853,0,1601,68383528347
107.736,9.28198,22.113,0,60,52,0,2500,0,0,0,23.7977,14.6853,0,1601,68392810866
116.942,8.55123,22.113,0,60,52,0,2500,0,0,0,23.7977,14.6853,0,1601,68401370795
114.489,8.73447,23.3251,0,58,52,0,2500,0,0,0,23.7978,14.685,0,1500,68410096920
117.071,8.54181,23.3251,0,58,52,0,2500,0,0,0,23.7978,14.685,0,1500,68418639595
140.886,7.09793,23.3251,0,58,52,0,2500,0,0,0,23.7978,14.685,0,1500,68425738373
113.222,8.83218,23.3251,0,58,52,0,2500,0,0,0,23.7978,14.685,0,1500,68434571408
130.979,7.63479,23.3251,0,58,52,0,2500,0,0,0,23.7978,14.685,0,1500,68442206728
121.569,8.22579,23.3251,0,58,52,0,2500,0,0,0,23.7978,14.685,0,1500,68450433334
103.197,9.69023,23.3251,0,58,52,0,2500,0,0,0,23.7978,14.685,0,1500,68460123927
117.083,8.54096,23.3251,0,58,52,0,2500,0,0,0,23.7978,14.685,0,1500,68468665816
139.876,7.14921,23.3251,0,58,52,0,2500,0,0,0,23.7978,14.685,0,1500,68475815805
107.838,9.27313,23.3251,0,58,52,0,2500,0,0,0,23.7978,14.685,0,1500,68485089526
130.105,7.68609,23.3251,0,58,52,0,2500,0,0,0,23.7978,14.685,0,1500,68492775165
125.404,7.97421,23.3251,0,58,52,0,2500,0,0,0,23.7978,14.685,0,1500,68500750542
115.131,8.68574,23.3251,0,58,52,0,2500,0,0,0,23.7978,14.685,0,1500,68509436571
114.721,8.71679,23.3251,0,58,52,0,2500,0,0,0,23.7978,14.685,0,1500,68518154541
135.364,7.38746,23.3251,0,58,52,0,2500,0,0,0,23.7978,14.685,0,1500,68525542319
103.649,9.64795,23.3251,0,58,52,0,2500,0,0,0,23.7978,14.685,0,1500,68535191314
142.399,7.02252,23.3251,0,58,52,0,2500,0,0,0,23.7978,14.685,0,1500,68542214114
113.242,8.83068,23.3251,0,58,52,0,2500,0,0,0,23.7978,14.685,0,1500,68551045491
115.81,8.63481,23.3251,0,58,52,0,2500,0,0,0,23.7978,14.685,0,1500,68559680134
132.142,7.56764,23.3251,0,58,52,0,2500,0,0,0,23.7978,14.685,0,1500,68567248406
105.693,9.46133,23.3251,0,58,52,0,2500,0,0,0,23.7978,14.685,0,1500,68576710012
195.251,5.12161,23.3251,0,58,52,0,2500,0,0,0,23.7978,14.685,0,1500,68581831479
91.8641,10.8856,23.3251,0,58,52,0,2500,0,0,0,23.7978,14.685,0,1500,68592718880
93.6581,10.6771,23.3251,0,58,52,0,2500,0,0,0,23.7978,14.685,0,1500,68603396793
396.281,2.52346,23.3251,0,58,52,0,2500,0,0,0,23.7978,14.685,0,1500,68605920173
83.6304,11.9574,23.3251,0,58,52,0,2500,0,0,0,23.7978,14.685,0,1500,68617878459
123.221,8.11547,23.3251,0,58,52,0,2500,0,0,0,23.7978,14.685,0,1500,68625994567
123.207,8.1164,23.3251,0,58,52,0,2500,0,0,0,23.7978,14.685,0,1500,68634111963
131.686,7.59383,23.3251,0,58,52,0,2500,0,0,0,23.7978,14.685,0,1500,68641706023
102.575,9.74898,23.3251,0,58,52,0,2500,0,0,0,23.7978,14.685,0,1500,68651456069
124.462,8.0346,23.3251,0,58,52,0,2500,0,0,0,23.7978,14.685,0,1500,68659491379
128.806,7.76362,23.3251,0,58,52,0,2500,0,0,0,23.7978,14.685,0,1500,68667255160
104.016,9.61392,23.3251,0,58,52,0,2500,0,0,0,23.7978,14.685,0,1500,68676869044
124.582,8.02684,23.3251,0,58,52,0,2500,0,0,0,23.7978,14.685,0,1500,68684896382
118.998,8.40352,23.3251,0,58,52,0,2500,0,0,0,23.7978,14.685,0,1500,68693301160
131.963,7.57788,23.3251,0,58,52,0,2500,0,0,0,23.7978,14.685,0,1500,68700878532
114.392,8.74184,23.3251,0,58,52,0,2500,0,0,0,23.7978,14.685,0,1500,68709620878
117.634,8.50098,23.3251,0,58,52,0,2500,0,0,0,23.7978,14.685,0,1500,68718122797
127.727,7.82918,23.3251,0,58,52,0,2500,0,0,0,23.7978,14.685,0,1500,68725952678
114.683,8.71971,23.3251,0,58,52,0,2500,0,0,0,23.7978,14.685,0,1500,68734672787
125.372,7.97624,23.3251,0,58,52,0,2500,0,0,0,23.7978,14.685,0,1500,68742649792
118.088,8.46828,23.3251,0,58,52,0,2500,0,0,0,23.7978,14.685,0,1500,68751119112
117.393,8.51843,23.3251,0,58,52,0,2500,0,0,0,23.7978,14.685,0,1500,68759638386
114.857,8.70649,23.3251,0,58,52,0,2500,0,0,0,23.7978,14.685,0,1500,68768346091
124.103,8.05781,23.3251,0,58,52,0,2500,0,0,0,23.7978,14.685,0,1500,68776404422
107.637,9.2905,23.3251,0,58,52,0,2500,0,0,0,23.7978,14.685,0,1500,68785694757
126.169,7.92589,23.3251,0,58,52,0,2500,0,0,0,23.7978,14.685,0,1500,68793620960
133.496,7.49085,23.3251,0,58,52,0,2500,0,0,0,23.7978,14.685,0,1500,68801112954
117.778,8.49052,23.3251,0,58,52,0,2500,0,0,0,23.7978,14.685,0,1500,68809603829
99.7183,10.0282,23.3251,0,58,52,0,2500,0,0,0,23.7978,14.685,0,1500,68819632909
164.779,6.06872,23.3251,0,58,52,0,2500,0,0,0,23.7978,14.685,0,1500,68825702327
128.534,7.78005,23.3251,0,58,52,0,2500,0,0,0,23.7978,14.685,0,1500,68833482811
108.776,9.19317,23.3251,0,58,52,0,2500,0,0,0,23.7978,14.685,0,1500,68842676597
106.142,9.42138,23.3251,0,58,52,0,2500,0,0,0,23.7978,14.685,0,1500,68852098948
135.501,7.38001,23.3251,0,58,52,0,2500,0,0,0,23.7978,14.685,0,1500,68859479850
109.196,9.15784,23.3251,0,58,52,0,2500,0,0,0,23.7978,14.685,0,1500,68868638306
120.981,8.26575,23.3251,0,58,52,0,2500,0,0,0,23.7978,14.685,0,1500,68876904771
116.977,8.54868,23.3251,0,58,52,0,2500,0,0,0,23.7978,14.685,0,1500,68885453991
137.478,7.27387,23.3251,0,58,52,0,2500,0,0,0,23.7978,14.685,0,1500,68892728326
115.143,8.68483,23.3251,0,58,52,0,2500,0,0,0,23.7978,14.685,0,1500,68901420454
115.962,8.62348,23.1343,0,56,52,0,2500,0,0,0,23.7982,14.6849,0,1600,68910037752
125.06,7.99616,23.1343,0,56,52,0,2500,0,0,0,23.7982,14.6849,0,1600,68918037098
125.491,7.96872,23.1343,0,56,52,0,2500,0,0,0,23.7982,14.6849,0,1600,68926006736
118.511,8.43805,23.1343,0,56,52,0,2500,0,0,0,23.7982,14.6849,0,1600,68934445219
130.27,7.67636,23.1343,0,56,52,0,2500,0,0,0,23.7982,14.6849,0,1600,68942122476
121.874,8.20517,23.1343,0,56,52,0,2500,0,0,0,23.7982,14.6849,0,1600,68950327609
131.956,7.57829,23.1343,0,56,52,0,2500,0,0,0,23.7982,14.6849,0,1600,68957906269
106.492,9.39038,23.1343,0,56,52,0,2500,0,0,0,23.7982,14.6849,0,1600,68967296677
121.476,8.2321,23.1343,0,56,52,0,2500,0,0,0,23.7982,14.6849,0,1600,68975528953
118.559,8.43463,23.1343,0,56,52,0,2500,0,0,0,23.7982,14.6849,0,1600,68983964117
124.291,8.04566,23.1343,0,56,52,0,2500,0,0,0,23.7982,14.6849,0,1600,68992009795
115.836,8.63286,23.1343,0,56,52,0,2500,0,0,0,23.7982,14.6849,0,1600,69000644322
118.726,8.42278,23.1343,0,56,52,0,2500,0,0,0,23.7982,14.6849,0,1600,69009067070
125.385,7.97542,23.1343,0,56,52,0,2500,0,0,0,23.7982,14.6849,0,1600,69017043682
114.758,8.71396,23.1343,0,56,52,0,2500,0,0,0,23.7982,14.6849,0,1600,69025757815
124.239,8.04901,23.1343,0,56,52,0,2500,0,0,0,23.7982,14.6849,0,1600,69033810136
121.763,8.21268,23.1343,0,56,52,0,2500,0,0,0,23.7982,14.6849,0,1600,69042020123
127.437,7.847,23.1343,0,56,52,0,2500,0,0,0,23.7982,14.6849,0,1600,69049867676
109.789,9.10841,23.1343,0,56,52,0,2500,0,0,0,23.7982,14.6849,0,1600,69058976827
130.838,7.64302,23.1343,0,56,52,0,2500,0,0,0,23.7982,14.6849,0,1600,69066620521
111.438,8.97363,23.1343,0,56,52,0,2500,0,0,0,23.7982,14.6849,0,1600,69075594509
117.048,8.54349,23.1343,0,56,52,0,2500,0,0,0,23.7982,14.6849,0,1600,69084138568
184.412,5.42264,23.1343,0,56,52,0,2500,0,0,0,23.7982,14.6849,0,1600,69089561956
90.9687,10.9928,23.1343,0,56,52,0,2500,0,0,0,23.7982,14.6849,0,1600,69100556167
123.003,8.12987,23.1343,0,56,52,0,2500,0,0,0,23.7982,14.6849,0,1600,69108685300
120.86,8.27401,23.1343,0,56,52,0,2500,0,0,0,23.7982,14.6849,0,1600,69116959746
113.653,8.79868,23.1343,0,56,52,0,2500,0,0,0,23.7982,14.6849,0,1600,69125760044
122.741,8.14721,23.1343,0,56,52,0,2500,0,0,0,23.7982,14.6849,0,1600,69133907326
110.343,9.06261,23.1343,0,56,52,0,2500,0,0,0,23.7982,14.6849,0,1600,69142969389
149.637,6.68286,23.1343,0,56,52,0,2500,0,0,0,23.7982,14.6849,0,1600,69149652612
117.679,8.49769,23.1343,0,56,52,0,2500,0,0,0,23.7982,14.6849,0,1600,69158151657
118.875,8.41219,23.1343,0,56,52,0,2500,0,0,0,23.7982,14.6849,0,1600,69166563346
101.259,9.87562,23.1343,0,56,52,0,2500,0,0,0,23.7982,14.6849,0,1600,69176439088
130.439,7.66644,23.1343,0,56,52,0,2500,0,0,0,23.7982,14.6849,0,1600,69184107664
118.396,8.44623,23.1343,0,56,52,0,2500,0,0,0,23.7982,14.6849,0,1600,69192554005
126.318,7.91654,23.1343,0,56,52,0,2500,0,0,0,23.7982,14.6849,0,1600,69200470809
123.827,8.07579,23.1343,0,56,52,0,2500,0,0,0,23.7982,14.6849,0,1600,69208547151
115.516,8.65678,23.1343,0,56,52,0,2500,0,0,0,23.7982,14.6849,0,1600,69217204486
121.036,8.26203,23.1343,0,56,52,0,2500,0,0,0,23.7982,14.6849,0,1600,69225466931
117.571,8.5055,23.1343,0,56,52,0,2500,0,0,0,23.7982,14.6849,0,1600,69233973000
123.287,8.11113,23.1343,0,56,52,0,2500,0,0,0,23.7982,14.6849,0,1600,69242084226
127.884,7.81961,23.1343,0,56,52,0,2500,0,0,0,23.7982,14.6849,0,1600,69249905045
102.908,9.71743,23.1343,0,56,52,0,2500,0,0,0,23.7982,14.6849,0,1600,69259622456
131.554,7.60144,23.1343,0,56,52,0,2500,0,0,0,23.7982,14.6849,0,1600,69267225710
117.926,8.47987,23.1343,0,56,52,0,2500,0,0,0,23.7982,14.6849,0,1600,69275705398
121.497,8.23063,23.1343,0,56,52,0,2500,0,0,0,23.7982,14.6849,0,1600,69283937093
131.142,7.62535,23.1343,0,56,52,0,2500,0,0,0,23.7982,14.6849,0,1600,69291562866
109.094,9.16643,23.1343,0,56,52,0,2500,0,0,0,23.7982,14.6849,0,1600,69300729786
125.44,7.97194,23.1343,0,56,52,0,2500,0,0,0,23.7982,14.6849,0,1600,69308702331
117.671,8.49824,23.1343,0,56,52,0,2500,0,0,0,23.7982,14.6849,0,1600,69317201874
113.276,8.82798,23.1343,0,56,52,0,2500,0,0,0,23.7982,14.6849,0,1600,69326030721
108.231,9.23949,23.1343,0,56,52,0,2500,0,0,0,23.7982,14.6849,0,1600,69335271056
112.473,8.891,23.1343,0,56,52,0,2500,0,0,0,23.7982,14.6849,0,1600,69344161253
119.057,8.39933,23.1343,0,56,52,0,2500,0,0,0,23.7982,14.6849,0,1600,69352560566
123.364,8.10611,23.1343,0,56,52,0,2500,0,0,0,23.7982,14.6849,0,1600,69360667328
123.674,8.0858,23.1343,0,56,52,0,2500,0,0,0,23.7982,14.6849,0,1600,69368755234
126.016,7.93553,23.1343,0,56,52,0,2500,0,0,0,23.7982,14.6849,0,1600,69376690728
123.453,8.10023,23.1343,0,56,52,0,2500,0,0,0,23.7982,14.6849,0,1600,69384790297
121.71,8.21628,23.1343,0,56,52,0,2500,0,0,0,23.7982,14.6849,0,1600,69393007023
123.982,8.06567,23.1343,0,56,52,0,2500,0,0,0,23.7982,14.6849,0,1600,69401072881
120.325,8.31081,23.1343,0,56,52,0,2500,0,0,0,23.7982,14.6849,0,1600,69409388200
120.633,8.2896,22.1675,0,60,53,0,2500,0,0,0,23.7971,14.6849,0,1601,69417675018
121.291,8.24461,22.1675,0,60,53,0,2500,0,0,0,23.7971,14.6849,0,1601,69425920025
113.923,8.77782,22.1675,0,60,53,0,2500,0,0,0,23.7971,14.6849,0,1601,69434697805
124.156,8.05439,22.1675,0,60,53,0,2500,0,0,0,23.7971,14.6849,0,1601,69442753918
141.011,7.09166,22.1675,0,60,53,0,2500,0,0,0,23.7971,14.6849,0,1601,69449845579
108.895,9.18314,22.1675,0,60,53,0,2500,0,0,0,23.7971,14.6849,0,1601,69459029732
106.871,9.35704,22.1675,0,60,53,0,2500,0,0,0,23.7971,14.6849,0,1601,69468387382
139.856,7.15023,22.1675,0,60,53,0,2500,0,0,0,23.7971,14.6849,0,1601,69475537885
123.292,8.1108,22.1675,0,60,53,0,2500,0,0,0,23.7971,14.6849,0,1601,69483649108
113.355,8.82181,22.1675,0,60,53,0,2500,0,0,0,23.7971,14.6849,0,1601,69492471422
124.291,8.04565,22.1675,0,60,53,0,2500,0,0,0,23.7971,14.6849,0,1601,69500517014
115.314,8.67194,22.1675,0,60,53,0,2500,0,0,0,23.7971,14.6849,0,1601,69509189677
111.062,9.00399,22.1675,0,60,53,0,2500,0,0,0,23.7971,14.6849,0,1601,69518194090
126.722,7.89127,22.1675,0,60,53,0,2500,0,0,0,23.7971,14.6849,0,1601,69526086534
124.896,8.00663,22.1675,0,60,53,0,2500,0,0,0,23.7971,14.6849,0,1601,69534093736
116.473,8.58571,22.1675,0,60,53,0,2500,0,0,0,23.7971,14.6849,0,1601,69542680279
118.735,8.42213,22.1675,0,60,53,0,2500,0,0,0,23.7971,14.6849,0,1601,69551103125
109.79,9.10827,22.1675,0,60,53,0,2500,0,0,0,23.7971,14.6849,0,1601,69560212626
137.624,7.26617,22.1675,0,60,53,0,2500,0,0,0,23.7971,14.6849,0,1601,69567478978
118.833,8.41515,22.1675,0,60,53,0,2500,0,0,0,23.7971,14.6849,0,1601,69575894322
115.737,8.64025,22.1675,0,60,53,0,2500,0,0,0,23.7971,14.6849,0,1601,69584535718
113.898,8.77979,22.1675,0,60,53,0,2500,0,0,0,23.7971,14.6849,0,1601,69593316325
122.046,8.19364,22.1675,0,60,53,0,2500,0,0,0,23.7971,14.6849,0,1601,69601510884
135.075,7.40327,22.1675,0,60,53,0,2500,0,0,0,23.7971,14.6849,0,1601,69608914551
192.714,5.18904,22.1675,0,60,53,0,2500,0,0,0,23.7971,14.6849,0,1601,69614103446
77.1024,12.9698,22.1675,0,60,53,0,2500,0,0,0,23.7971,14.6849,0,1601,69627074502
218.984,4.56655,22.1675,0,60,53,0,2500,0,0,0,23.7971,14.6849,0,1601,69631642030
87.1958,11.4684,22.1675,0,60,53,0,2500,0,0,0,23.7971,14.6849,0,1601,69643110941
118.642,8.4287,22.1675,0,60,53,0,2500,0,0,0,23.7971,14.6849,0,1601,69651540398
105.903,9.44261,22.1675,0,60,53,0,2500,0,0,0,23.7971,14.6849,0,1601,69660983803
276.134,3.62143,22.1675,0,60,53,0,2500,0,0,0,23.7971,14.6849,0,1601,69664605190
82.719,12.0891,22.1675,0,60,53,0,2500,0,0,0,23.7971,14.6849,0,1601,69676694002
122.166,8.18561,22.1675,0,60,53,0,2500,0,0,0,23.7971,14.6849,0,1601,69684880590
123.314,8.10941,22.1675,0,60,53,0,2500,0,0,0,23.7971,14.6849,0,1601,69692990868
115.221,8.67898,22.1675,0,60,53,0,2500,0,0,0,23.7971,14.6849,0,1601,69701670607
123.145,8.12051,22.1675,0,60,53,0,2500,0,0,0,23.7971,14.6849,0,1601,69709791610
121.415,8.23621,22.1675,0,60,53,0,2500,0,0,0,23.7971,14.6849,0,1601,69718028755
120.845,8.27504,22.1675,0,60,53,0,2500,0,0,0,23.7971,14.6849,0,1601,69726304067
123.657,8.08688,22.1675,0,60,53,0,2500,0,0,0,23.7971,14.6849,0,1601,69734391549
118.943,8.40738,22.1675,0,60,53,0,2500,0,0,0,23.7971,14.6849,0,1601,69742799406
119.143,8.39326,22.1675,0,60,53,0,2500,0,0,0,23.7971,14.6849,0,1601,69751193636
126.426,7.90977,22.1675,0,60,53,0,2500,0,0,0,23.7971,14.6849,0,1601,69759104048
111.355,8.98031,22.1675,0,60,53,0,2500,0,0,0,23.7971,14.6849,0,1601,69768085124
140.141,7.13567,22.1675,0,60,53,0,2500,0,0,0,23.7971,14.6849,0,1601,69775220968
123.811,8.0768,22.1675,0,60,53,0,2500,0,0,0,23.7971,14.6849,0,1601,69783298537
102.844,9.7235,22.1675,0,60,53,0,2500,0,0,0,23.7971,14.6849,0,1601,69793022674
123.609,8.09,22.1675,0,60,53,0,2500,0,0,0,23.7971,14.6849,0,1601,69801113780
136.475,7.32735,22.1675,0,60,53,0,2500,0,0,0,23.7971,14.6849,0,1601,69808441313
99.0329,10.0977,22.1675,0,60,53,0,2500,0,0,0,23.7971,14.6849,0,1601,69818539679
134.544,7.43251,22.1675,0,60,53,0,2500,0,0,0,23.7971,14.6849,0,1601,69825972794
118.263,8.45574,22.1675,0,60,53,0,2500,0,0,0,23.7971,14.6849,0,1601,69834429449
120.4,8.30563,22.1675,0,60,53,0,2500,0,0,0,23.7971,14.6849,0,1601,69842735010
114.898,8.70334,22.1675,0,60,53,0,2500,0,0,0,23.7971,14.6849,0,1601,69851438941
120.225,8.31771,22.1675,0,60,53,0,2500,0,0,0,23.7971,14.6849,0,1601,69859757540
120.346,8.30934,22.1675,0,60,53,0,2500,0,0,0,23.7971,14.6849,0,1601,69868067558
123.101,8.12339,22.1675,0,60,53,0,2500,0,0,0,23.7971,14.6849,0,1601,69876191630
125.206,7.98687,22.1675,0,60,53,0,2500,0,0,0,23.7971,14.6849,0,1601,69884179071
123.814,8.07665,22.1675,0,60,53,0,2500,0,0,0,23.7971,14.6849,0,1601,69892256402
114.684,8.71962,22.1675,0,60,53,0,2500,0,0,0,23.7971,14.6849,0,1601,69900976602
108.165,9.24511,22.1675,0,60,53,0,2500,0,0,0,23.7971,14.6849,0,1601,69910227670
135.736,7.36724,21.8362,0,59,53,0,2500,0,0,0,23.795,14.6848,0,1600,69917590502
127.048,7.87103,21.8362,0,59,53,0,2500,0,0,0,23.795,14.6848,0,1600,69925461827
107.321,9.31784,21.8362,0,59,53,0,2500,0,0,0,23.795,14.6848,0,1600,69934780829
114.585,8.72716,21.8362,0,59,53,0,2500,0,0,0,23.795,14.6848,0,1600,69943508763
129.569,7.71792,21.8362,0,59,53,0,2500,0,0,0,23.795,14.6848,0,1600,69951226238
122.353,8.17307,21.8362,0,59,53,0,2500,0,0,0,23.795,14.6848,0,1600,69959400058
115.699,8.64313,21.8362,0,59,53,0,2500,0,0,0,23.795,14.6848,0,1600,69968055890
125.974,7.93813,21.8362,0,59,53,0,2500,0,0,0,23.795,14.6848,0,1600,69975982067
116.912,8.55345,21.8362,0,59,53,0,2500,0,0,0,23.795,14.6848,0,1600,69984535663
118.167,8.4626,21.8362,0,59,53,0,2500,0,0,0,23.795,14.6848,0,1600,69992998866
123.06,8.12609,21.8362,0,59,53,0,2500,0,0,0,23.795,14.6848,0,1600,70001125403
116.41,8.59032,21.8362,0,59,53,0,2500,0,0,0,23.795,14.6848,0,1600,70009716669
122.044,8.19374,21.8362,0,59,53,0,2500,0,0,0,23.795,14.6848,0,1600,70017910656
117.493,8.51112,21.8362,0,59,53,0,2500,0,0,0,23.795,14.6848,0,1600,70026422123
126.623,7.89744,21.8362,0,59,53,0,2500,0,0,0,23.795,14.6848,0,1600,70034320658
113.596,8.80316,21.8362,0,59,53,0,2500,0,0,0,23.795,14.6848,0,1600,70043124373
117.963,8.4772,21.8362,0,59,53,0,2500,0,0,0,23.795,14.6848,0,1600,70051602334
134.169,7.4533,21.8362,0,59,53,0,2500,0,0,0,23.795,14.6848,0,1600,70059056599
118.492,8.43938,21.8362,0,59,53,0,2500,0,0,0,23.795,14.6848,0,1600,70067496421
132.96,7.52107,21.8362,0,59,53,0,2500,0,0,0,23.795,14.6848,0,1600,70075017913
102.109,9.79346,21.8362,0,59,53,0,2500,0,0,0,23.795,14.6848,0,1600,70084812389
119.252,8.38564,21.8362,0,59,53,0,2500,0,0,0,23.795,14.6848,0,1600,70093197800
117.5,8.51066,21.8362,0,59,53,0,2500,0,0,0,23.795,14.6848,0,1600,70101708743
222.404,4.49633,21.8362,0,59,53,0,2500,0,0,0,23.795,14.6848,0,1600,70106205090
89.9838,11.1131,21.8362,0,59,53,0,2500,0,0,0,23.795,14.6848,0,1600,70117318961
110.67,9.03589,21.8362,0,59,53,0,2500,0,0,0,23.795,14.6848,0,1600,70126354881
205.898,4.85678,21.8362,0,59,53,0,2500,0,0,0,23.795,14.6848,0,1600,70131212506
87.928,11.3729,21.8362,0,59,53,0,2500,0,0,0,23.795,14.6848,0,1600,70142585973
122.61,8.15595,21.8362,0,59,53,0,2500,0,0,0,23.795,14.6848,0,1600,70150742022
124.511,8.03141,21.8362,0,59,53,0,2500,0,0,0,23.795,14.6848,0,1600,70158774470
104.722,9.54913,21.8362,0,59,53,0,2500,0,0,0,23.795,14.6848,0,1600,70168323867
120.954,8.26763,21.8362,0,59,53,0,2500,0,0,0,23.795,14.6848,0,1600,70176592672
143.054,6.99039,21.8362,0,59,53,0,2500,0,0,0,23.795,14.6848,0,1600,70183582935
101.214,9.88005,21.8362,0,59,53,0,2500,0,0,0,23.795,14.6848,0,1600,70193463685
122.373,8.17177,21.8362,0,59,53,0,2500,0,0,0,23.795,14.6848,0,1600,70201636141
114.855,8.70664,21.8362,0,59,53,0,2500,0,0,0,23.795,14.6848,0,1600,70210343444
138.23,7.23433,21.8362,0,59,53,0,2500,0,0,0,23.795,14.6848,0,1600,70217578609
106.831,9.36057,21.8362,0,59,53,0,2500,0,0,0,23.795,14.6848,0,1600,70226939498
157.128,6.36426,21.8362,0,59,53,0,2500,0,0,0,23.795,14.6848,0,1600,70233304528
108.249,9.23797,21.8362,0,59,53,0,2500,0,0,0,23.795,14.6848,0,1600,70242542873
111.44,8.97345,21.8362,0,59,53,0,2500,0,0,0,23.795,14.6848,0,1600,70251516901
112.016,8.9273,21.8362,0,59,53,0,2500,0,0,0,23.795,14.6848,0,1600,70260445372
132.039,7.57354,21.8362,0,59,53,0,2500,0,0,0,23.795,14.6848,0,1600,70268019336
124.205,8.05122,21.8362,0,59,53,0,2500,0,0,0,23.795,14.6848,0,1600,70276070594
121.278,8.24549,21.8362,0,59,53,0,2500,0,0,0,23.795,14.6848,0,1600,70284316163
127.261,7.85784,21.8362,0,59,53,0,2500,0,0,0,23.795,14.6848,0,1600,70292174387
110.919,9.01558,21.8362,0,59,53,0,2500,0,0,0,23.795,14.6848,0,1600,70301190782
119.821,8.3458,21.8362,0,59,53,0,2500,0,0,0,23.795,14.6848,0,1600,70309536994
119.551,8.36462,21.8362,0,59,53,0,2500,0,0,0,23.795,14.6848,0,1600,70317902043
116.285,8.5996,21.8362,0,59,53,0,2500,0,0,0,23.795,14.6848,0,1600,70326501984
134.692,7.42434,21.8362,0,59,53,0,2500,0,0,0,23.795,14.6848,0,1600,70333927831
96.9986,10.3094,21.8362,0,59,53,0,2500,0,0,0,23.795,14.6848,0,1600,70344237945
117.389,8.51869,21.8362,0,59,53,0,2500,0,0,0,23.795,14.6848,0,1600,70352758091
130.706,7.65079,21.8362,0,59,53,0,2500,0,0,0,23.795,14.6848,0,1600,70360408912
129.03,7.75014,21.8362,0,59,53,0,2500,0,0,0,23.795,14.6848,0,1600,70368158903
131.934,7.57953,21.8362,0,59,53,0,2500,0,0,0,23.795,14.6848,0,1600,70375739802
102.599,9.74668,21.8362,0,59,53,0,2500,0,0,0,23.795,14.6848,0,1600,70385486722
131.289,7.6168,21.8362,0,59,53,0,2500,0,0,0,23.795,14.6848,0,1600,70393103333
121.872,8.20533,21.8362,0,59,53,0,2500,0,0,0,23.795,14.6848,0,1600,70401308800
118.449,8.44247,21.8362,0,59,53,0,2500,0,0,0,23.795,14.6848,0,1600,70409751608
127.345,7.85268,21.8362,0,59,53,0,2500,0,0,0,23.795,14.6848,0,1600,70417609472
136.882,7.30555,21.0784,0,58,52,0,2500,0,0,0,23.7945,14.6848,0,1502,70424910973
93.8504,10.6553,21.0784,0,58,52,0,2500,0,0,0,23.7945,14.6848,0,1502,70435566676
116.183,8.60712,21.0784,0,58,52,0,2500,0,0,0,23.7945,14.6848,0,1502,70444174321
143.004,6.99281,21.0784,0,58,52,0,2500,0,0,0,23.7945,14.6848,0,1502,70451167401
123.148,8.12031,21.0784,0,58,52,0,2500,0,0,0,23.7945,14.6848,0,1502,70459287992
117.565,8.50591,21.0784,0,58,52,0,2500,0,0,0,23.7945,14.6848,0,1502,70467794059
115.536,8.65532,21.0784,0,58,52,0,2500,0,0,0,23.7945,14.6848,0,1502,70476450187
132.625,7.54005,21.0784,0,58,52,0,2500,0,0,0,23.7945,14.6848,0,1502,70483991333
107.255,9.3236,21.0784,0,58,52,0,2500,0,0,0,23.7945,14.6848,0,1502,70493315735
123.771,8.07942,21.0784,0,58,52,0,2500,0,0,0,23.7945,14.6848,0,1502,70501395326
120.501,8.2987,21.0784,0,58,52,0,2500,0,0,0,23.7945,14.6848,0,1502,70509694661
120.835,8.27573,21.0784,0,58,52,0,2500,0,0,0,23.7945,14.6848,0,1502,70517971211
121.971,8.19869,21.0784,0,58,52,0,2500,0,0,0,23.7945,14.6848,0,1502,70526170572
118.415,8.44487,21.0784,0,58,52,0,2500,0,0,0,23.7945,14.6848,0,1502,70534616011
123.958,8.06726,21.0784,0,58,52,0,2500,0,0,0,23.7945,14.6848,0,1502,70542684188
115.08,8.68964,21.0784,0,58,52,0,2500,0,0,0,23.7945,14.6848,0,1502,70551374601
147.332,6.78737,21.0784,0,58,52,0,2500,0,0,0,23.7945,14.6848,0,1502,70558162764
96.7686,10.3339,21.0784,0,58,52,0,2500,0,0,0,23.7945,14.6848,0,1502,70568497248
122.529,8.16131,21.0784,0,58,52,0,2500,0,0,0,23.7945,14.6848,0,1502,70576658730
222.306,4.49831,21.0784,0,58,52,0,2500,0,0,0,23.7945,14.6848,0,1502,70581158583
83.4635,11.9813,21.0784,0,58,52,0,2500,0,0,0,23.7945,14.6848,0,1502,70593139848
111.355,8.98025,21.0784,0,58,52,0,2500,0,0,0,23.7945,14.6848,0,1502,70602120597
247.122,4.04658,21.0784,0,58,52,0,2500,0,0,0,23.7945,14.6848,0,1502,70606167131
93.4994,10.6953,21.0784,0,58,52,0,2500,0,0,0,23.7945,14.6848,0,1502,70616863085
96.889,10.3211,21.0784,0,58,52,0,2500,0,0,0,23.7945,14.6848,0,1502,70627184733
133.204,7.5073,21.0784,0,58,52,0,2500,0,0,0,23.7945,14.6848,0,1502,70634692946
126.592,7.89938,21.0784,0,58,52,0,2500,0,0,0,23.7945,14.6848,0,1502,70642593075
103.964,9.61875,21.0784,0,58,52,0,2500,0,0,0,23.7945,14.6848,0,1502,70652212928
130.611,7.65633,21.0784,0,58,52,0,2500,0,0,0,23.7945,14.6848,0,1502,70659869626
117.681,8.49756,21.0784,0,58,52,0,2500,0,0,0,23.7945,14.6848,0,1502,70668367840
127.648,7.83407,21.0784,0,58,52,0,2500,0,0,0,23.7945,14.6848,0,1502,70676202774
113.464,8.81335,21.0784,0,58,52,0,2500,0,0,0,23.7945,14.6848,0,1502,70685016388
120.935,8.26892,21.0784,0,58,52,0,2500,0,0,0,23.7945,14.6848,0,1502,70693286697
133.388,7.49691,21.0784,0,58,52,0,2500,0,0,0,23.7945,14.6848,0,1502,70700783598
119.949,8.33687,21.0784,0,58,52,0,2500,0,0,0,23.7945,14.6848,0,1502,70709120955
129.429,7.72624,21.0784,0,58,52,0,2500,0,0,0,23.7945,14.6848,0,1502,70716848244
116.842,8.55855,21.0784,0,58,52,0,2500,0,0,0,23.7945,14.6848,0,1502,70725407185
97.1092,10.2977,21.0784,0,58,52,0,2500,0,0,0,23.7945,14.6848,0,1502,70735705423
160.777,6.21979,21.0784,0,58,52,0,2500,0,0,0,23.7945,14.6848,0,1502,70741925621
121.715,8.21593,21.0784,0,58,52,0,2500,0,0,0,23.7945,14.6848,0,1502,70750142648
99.9807,10.0019,21.0784,0,58,52,0,2500,0,0,0,23.7945,14.6848,0,1502,70760145587
133.702,7.4793,21.0784,0,58,52,0,2500,0,0,0,23.7945,14.6848,0,1502,70767625166
137.944,7.24929,21.0784,0,58,52,0,2500,0,0,0,23.7945,14.6848,0,1502,70774875053
96.7482,10.3361,21.0784,0,58,52,0,2500,0,0,0,23.7945,14.6848,0,1502,70785211919
123.929,8.06915,21.0784,0,58,52,0,2500,0,0,0,23.7945,14.6848,0,1502,70793281652
136.712,7.31466,21.0784,0,58,52,0,2500,0,0,0,23.7945,14.6848,0,1502,70800596528
102.924,9.71589,21.0784,0,58,52,0,2500,0,0,0,23.7945,14.6848,0,1502,70810313609
128.862,7.76022,21.0784,0,58,52,0,2500,0,0,0,23.7945,14.6848,0,1502,70818073848
121.984,8.19777,21.0784,0,58,52,0,2500,0,0,0,23.7945,14.6848,0,1502,70826272719
125.555,7.96462,21.0784,0,58,52,0,2500,0,0,0,23.7945,14.6848,0,1502,70834238153
114.592,8.72659,21.0784,0,58,52,0,2500,0,0,0,23.7945,14.6848,0,1502,70842965689
118.586,8.4327,21.0784,0,58,52,0,2500,0,0,0,23.7945,14.6848,0,1502,70851398380
123.16,8.11952,21.0784,0,58,52,0,2500,0,0,0,23.7945,14.6848,0,1502,70859518869
133.362,7.49838,21.0784,0,58,52,0,2500,0,0,0,23.7945,14.6848,0,1502,70867016647
102.846,9.72332,21.0784,0,58,52,0,2500,0,0,0,23.7945,14.6848,0,1502,70876740470
128.134,7.80431,21.0784,0,58,52,0,2500,0,0,0,23.7945,14.6848,0,1502,70884544988
117.758,8.49202,21.0784,0,58,52,0,2500,0,0,0,23.7945,14.6848,0,1502,70893048294
126.457,7.9078,21.0784,0,58,52,0,2500,0,0,0,23.7945,14.6848,0,1502,70900945675
117.941,8.47879,21.0784,0,58,52,0,2500,0,0,0,23.7945,14.6848,0,1502,70909425398
132.641,7.53917,21.0784,0,58,52,0,2500,0,0,0,23.7945,14.6848,0,1502,70916964581
114.236,8.75377,21.0784,0,58,52,0,2500,0,0,0,23.7945,14.6848,0,1502,70925724816
107.558,9.29728,21.0784,0,56,52,0,2500,0,0,0,23.7946,14.6848,0,1602,70935017495
125.912,7.94208,21.0784,0,56,52,0,2500,0,0,0,23.7946,14.6848,0,1602,70942960206
122.845,8.14034,21.0784,0,56,52,0,2500,0,0,0,23.7946,14.6848,0,1602,70951101340
121.636,8.22128,21.0784,0,56,52,0,2500,0,0,0,23.7946,14.6848,0,1602,70959322934
116.615,8.57523,21.0784,0,56,52,0,2500,0,0,0,23.7946,14.6848,0,1602,70967899128
111.554,8.96423,21.0784,0,56,52,0,2500,0,0,0,23.7946,14.6848,0,1602,70976864015
139.574,7.16467,21.0784,0,56,52,0,2500,0,0,0,23.7946,14.6848,0,1602,70984029147
139.044,7.19198,21.0784,0,56,52,0,2500,0,0,0,23.7946,14.6848,0,1602,70991221452
108.928,9.18034,21.0784,0,56,52,0,2500,0,0,0,23.7946,14.6848,0,1602,71000402840
123.64,8.08799,21.0784,0,56,52,0,2500,0,0,0,23.7946,14.6848,0,1602,71008491611
120.587,8.29275,21.0784,0,56,52,0,2500,0,0,0,23.7946,14.6848,0,1602,71016784513
105.05,9.51925,21.0784,0,56,52,0,2500,0,0,0,23.7946,14.6848,0,1602,71026304897
120.292,8.31308,21.0784,0,56,52,0,2500,0,0,0,23.7946,14.6848,0,1602,71034618524
118.088,8.46824,21.0784,0,56,52,0,2500,0,0,0,23.7946,14.6848,0,1602,71043087518
140.635,7.11062,21.0784,0,56,52,0,2500,0,0,0,23.7946,14.6848,0,1602,71050198755
123.495,8.09752,21.0784,0,56,52,0,2500,0,0,0,23.7946,14.6848,0,1602,71058296648
96.677,10.3437,21.0784,0,56,52,0,2500,0,0,0,23.7946,14.6848,0,1602,71068641458
146.533,6.82442,21.0784,0,56,52,0,2500,0,0,0,23.7946,14.6848,0,1602,71075465556
81.5386,12.2641,21.0784,0,56,52,0,2500,0,0,0,23.7946,14.6848,0,1602,71087730419
129.382,7.72904,21.0784,0,56,52,0,2500,0,0,0,23.7946,14.6848,0,1602,71095459654
346.324,2.88747,21.0784,0,56,52,0,2500,0,0,0,23.7946,14.6848,0,1602,71098347648
72.6744,13.76,21.0784,0,56,52,0,2500,0,0,0,23.7946,14.6848,0,1602,71112108794
334.053,2.99354,21.0784,0,56,52,0,2500,0,0,0,23.7946,14.6848,0,1602,71115102092
86.0168,11.6256,21.0784,0,56,52,0,2500,0,0,0,23.7946,14.6848,0,1602,71126729098
127.092,7.8683,21.0784,0,56,52,0,2500,0,0,0,23.7946,14.6848,0,1602,71134598161
112.191,8.91339,21.0784,0,56,52,0,2500,0,0,0,23.7946,14.6848,0,1602,71143512005
123.606,8.09021,21.0784,0,56,52,0,2500,0,0,0,23.7946,14.6848,0,1602,71151603131
120.912,8.27045,21.0784,0,56,52,0,2500,0,0,0,23.7946,14.6848,0,1602,71159874483
118.533,8.4365,21.0784,0,56,52,0,2500,0,0,0,23.7946,14.6848,0,1602,71168311640
119.356,8.37832,21.0784,0,56,52,0,2500,0,0,0,23.7946,14.6848,0,1602,71176690468
134.236,7.44955,21.0784,0,56,52,0,2500,0,0,0,23.7946,14.6848,0,1602,71184140247
102.282,9.77689,21.0784,0,56,52,0,2500,0,0,0,23.7946,14.6848,0,1602,71193918069
132.665,7.53777,21.0784,0,56,52,0,2500,0,0,0,23.7946,14.6848,0,1602,71201456563
119.221,8.38777,21.0784,0,56,52,0,2500,0,0,0,23.7946,14.6848,0,1602,71209845464
121.252,8.24726,21.0784,0,56,52,0,2500,0,0,0,23.7946,14.6848,0,1602,71218093021
117.215,8.53136,21.0784,0,56,52,0,2500,0,0,0,23.7946,14.6848,0,1602,71226625197
135.256,7.39341,21.0784,0,56,52,0,2500,0,0,0,23.7946,14.6848,0,1602,71234018945
106.074,9.42734,21.0784,0,56,52,0,2500,0,0,0,23.7946,14.6848,0,1602,71243447219
128.899,7.75801,21.0784,0,56,52,0,2500,0,0,0,23.7946,14.6848,0,1602,71251205456
115.075,8.69,21.0784,0,56,52,0,2500,0,0,0,23.7946,14.6848,0,1602,71259896140
134.938,7.41081,21.0784,0,56,52,0,2500,0,0,0,23.7946,14.6848,0,1602,71267307500
128.441,7.7857,21.0784,0,56,52,0,2500,0,0,0,23.7946,14.6848,0,1602,71275094129
111.351,8.98062,21.0784,0,56,52,0,2500,0,0,0,23.7946,14.6848,0,1602,71284075119
102.303,9.77486,21.0784,0,56,52,0,2500,0,0,0,23.7946,14.6848,0,1602,71293850490
129.47,7.72378,21.0784,0,56,52,0,2500,0,0,0,23.7946,14.6848,0,1602,71301575051
147.243,6.79148,21.0784,0,56,52,0,2500,0,0,0,23.7946,14.6848,0,1602,71308367214
95.3944,10.4828,21.0784,0,56,52,0,2500,0,0,0,23.7946,14.6848,0,1602,71318850669
124.036,8.06218,21.0784,0,56,52,0,2500,0,0,0,23.7946,14.6848,0,1602,71326913823
133.681,7.48047,21.0784,0,56,52,0,2500,0,0,0,23.7946,14.6848,0,1602,71334394843
109.153,9.16148,21.0784,0,56,52,0,2500,0,0,0,23.7946,14.6848,0,1602,71343557066
131.954,7.57841,21.0784,0,56,52,0,2500,0,0,0,23.7946,14.6848,0,1602,71351136101
129.965,7.69439,21.0784,0,56,52,0,2500,0,0,0,23.7946,14.6848,0,1602,71358830869
122.138,8.18746,21.0784,0,56,52,0,2500,0,0,0,23.7946,14.6848,0,1602,71367017887
123.411,8.103,21.0784,0,56,52,0,2500,0,0,0,23.7946,14.6848,0,1602,71375122675
108.532,9.21383,21.0784,0,56,52,0,2500,0,0,0,23.7946,14.6848,0,1602,71384337022
113.858,8.7829,21.0784,0,56,52,0,2500,0,0,0,23.7946,14.6848,0,1602,71393120780
124.526,8.03044,21.0784,0,56,52,0,2500,0,0,0,23.7946,14.6848,0,1602,71401151537
118.279,8.45456,21.0784,0,56,52,0,2500,0,0,0,23.7946,14.6848,0,1602,71409606051
121.563,8.22616,21.0784,0,56,52,0,2500,0,0,0,23.7946,14.6848,0,1602,71417833285
122.993,8.13053,21.0784,0,56,52,0,2500,0,0,0,23.7946,14.6848,0,1602,71425966855
117.653,8.49958,22.6368,0,59,53,0,2500,0,0,0,23.7945,14.6847,0,1600,71434464354
122.867,8.13892,22.6368,0,59,53,0,2500,0,0,0,23.7945,14.6847,0,1600,71442603669
120.073,8.32826,22.6368,0,59,53,0,2500,0,0,0,23.7945,14.6847,0,1600,71450932408
122.25,8.17994,22.6368,0,59,53,0,2500,0,0,0,23.7945,14.6847,0,1600,71459111370
125.142,7.99092,22.6368,0,59,53,0,2500,0,0,0,23.7945,14.6847,0,1600,71467102766
146.128,6.8433,22.6368,0,59,53,0,2500,0,0,0,23.7945,14.6847,0,1600,71473945733
10.5781,94.5353,22.6368,0,59,53,0,2500,0,0,0,23.7945,14.6847,0,1600,71568482553
271.439,3.68407,22.6368,0,59,53,0,2500,0,0,0,23.7945,14.6847,0,1600,71572167750
163.482,6.11689,22.6368,0,59,53,0,2500,0,0,0,23.7945,14.6847,0,1600,71578285185
301.599,3.31566,22.6368,0,59,53,0,2500,0,0,0,23.7945,14.6847,0,1600,71581601420
143.45,6.97106,22.6368,0,59,53,0,2500,0,0,0,23.7945,14.6847,0,1600,71588572777
99.2655,10.074,22.6368,0,59,53,0,2500,0,0,0,23.7945,14.6847,0,1600,71598648296
121.327,8.24221,22.6368,0,59,53,0,2500,0,0,0,23.7945,14.6847,0,1600,71606890709
134.022,7.46143,22.6368,0,59,53,0,2500,0,0,0,23.7945,14.6847,0,1600,71614352222
108.603,9.20786,22.6368,0,59,53,0,2500,0,0,0,23.7945,14.6847,0,1600,71623560987
123.038,8.12758,22.6368,0,59,53,0,2500,0,0,0,23.7945,14.6847,0,1600,71631689405
130.376,7.67013,22.6368,0,59,53,0,2500,0,0,0,23.7945,14.6847,0,1600,71639359604
135.314,7.39021,22.6368,0,59,53,0,2500,0,0,0,23.7945,14.6847,0,1600,71646749868
121.593,8.22418,22.6368,0,59,53,0,2500,0,0,0,23.7945,14.6847,0,1600,71654974565
97.4976,10.2567,22.6368,0,59,53,0,2500,0,0,0,23.7945,14.6847,0,1600,71665232234
118.778,8.41905,22.6368,0,59,53,0,2500,0,0,0,23.7945,14.6847,0,1600,71673652151
126.784,7.88745,22.6368,0,59,53,0,2500,0,0,0,23.7945,14.6847,0,1600,71681538912
115.85,8.63184,22.6368,0,59,53,0,2500,0,0,0,23.7945,14.6847,0,1600,71690171375
138.066,7.24289,22.6368,0,59,53,0,2500,0,0,0,23.7945,14.6847,0,1600,71697415559
124.752,8.01591,22.6368,0,59,53,0,2500,0,0,0,23.7945,14.6847,0,1600,71705431319
120.53,8.29667,22.6368,0,59,53,0,2500,0,0,0,23.7945,14.6847,0,1600,71713729447
122.345,8.17364,22.6368,0,59,53,0,2500,0,0,0,23.7945,14.6847,0,1600,71721903489
115.211,8.67975,22.6368,0,59,53,0,2500,0,0,0,23.7945,14.6847,0,1600,71730584236
106.436,9.39532,22.6368,0,59,53,0,2500,0,0,0,23.7945,14.6847,0,1600,71739979951
122.37,8.17192,22.6368,0,59,53,0,2500,0,0,0,23.7945,14.6847,0,1600,71748152511
142.755,7.00499,22.6368,0,59,53,0,2500,0,0,0,23.7945,14.6847,0,1600,71755156656
113.289,8.82696,22.6368,0,59,53,0,2500,0,0,0,23.7945,14.6847,0,1600,71763984907
124.338,8.04261,22.6368,0,59,53,0,2500,0,0,0,23.7945,14.6847,0,1600,71772027403
103.58,9.65438,22.6368,0,59,53,0,2500,0,0,0,23.7945,14.6847,0,1600,71781683325
130.771,7.64696,22.6368,0,59,53,0,2500,0,0,0,23.7945,14.6847,0,1600,71789329899
107.943,9.26419,22.6368,0,59,53,0,2500,0,0,0,23.7945,14.6847,0,1600,71798594691
117.662,8.49893,22.6368,0,59,53,0,2500,0,0,0,23.7945,14.6847,0,1600,71807095063
119.265,8.38472,22.6368,0,59,53,0,2500,0,0,0,23.7945,14.6847,0,1600,71815480064
119.235,8.38679,22.6368,0,59,53,0,2500,0,0,0,23.7945,14.6847,0,1600,71823867704
119.076,8.39797,22.6368,0,59,53,0,2500,0,0,0,23.7945,14.6847,0,1600,71832265479
124.538,8.02971,22.6368,0,59,53,0,2500,0,0,0,23.7945,14.6847,0,1600,71840295125
122.298,8.17674,22.6368,0,59,53,0,2500,0,0,0,23.7945,14.6847,0,1600,71848472506
120.17,8.32154,22.6368,0,59,53,0,2500,0,0,0,23.7945,14.6847,0,1600,71856795654
116.598,8.57644,22.6368,0,59,53,0,2500,0,0,0,23.7945,14.6847,0,1600,71865372419
136.706,7.31498,22.6368,0,59,53,0,2500,0,0,0,23.7945,14.6847,0,1600,71872686838
207.418,4.82117,22.6368,0,59,53,0,2500,0,0,0,23.7945,14.6847,0,1600,71877508085
93.8746,10.6525,22.6368,0,59,53,0,2500,0,0,0,23.7945,14.6847,0,1600,71888162953
110.489,9.05071,22.6368,0,59,53,0,2500,0,0,0,23.7945,14.6847,0,1600,71897212967
195.321,5.11979,22.6368,0,59,53,0,2500,0,0,0,23.7945,14.6847,0,1600,71902332730
93.7913,10.662,22.6368,0,59,53,0,2500,0,0,0,23.7945,14.6847,0,1600,71912995392
95.5438,10.4664,22.6368,0,59,53,0,2500,0,0,0,23.7945,14.6847,0,1600,71923463009
126.679,7.89394,22.6368,0,59,53,0,2500,0,0,0,23.7945,14.6847,0,1600,71931363290
113.683,8.79643,21.3759,0,51,53,0,2500,0,0,0,23.7997,14.6847,0,1601,71940154304
123.09,8.12414,21.3759,0,51,53,0,2500,0,0,0,23.7997,14.6847,0,1601,71948278644
121.437,8.23474,21.3759,0,51,53,0,2500,0,0,0,23.7997,14.6847,0,1601,71956513292
112.696,8.87346,21.3759,0,51,53,0,2500,0,0,0,23.7997,14.6847,0,1601,71965387066
125.581,7.96297,21.3759,0,51,53,0,2500,0,0,0,23.7997,14.6847,0,1601,71973350474
116.652,8.57248,21.3759,0,51,53,0,2500,0,0,0,23.7997,14.6847,0,1601,71981922906
120.484,8.29982,21.3759,0,51,53,0,2500,0,0,0,23.7997,14.6847,0,1601,71990224106
129.235,7.73782,21.3759,0,51,53,0,2500,0,0,0,23.7997,14.6847,0,1601,71997961296
113.545,8.80708,21.3759,0,51,53,0,2500,0,0,0,23.7997,14.6847,0,1601,72006768164
138.006,7.24608,21.3759,0,51,53,0,2500,0,0,0,23.7997,14.6847,0,1601,72014015557
132.447,7.55017,21.3759,0,51,53,0,2500,0,0,0,23.7997,14.6847,0,1601,72021566809
98.4101,10.1616,21.3759,0,51,53,0,2500,0,0,0,23.7997,14.6847,0,1601,72031727738
115.142,8.68493,21.3759,0,51,53,0,2500,0,0,0,23.7997,14.6847,0,1601,72040413201
127.417,7.84826,21.3759,0,51,53,0,2500,0,0,0,23.7997,14.6847,0,1601,72048261892
127.454,7.84595,21.3759,0,51,53,0,2500,0,0,0,23.7997,14.6847,0,1601,72056108284
123.779,8.07889,21.3759,0,51,53,0,2500,0,0,0,23.7997,14.6847,0,1601,72064187777
119.258,8.38517,21.3759,0,51,53,0,2500,0,0,0,23.7997,14.6847,0,1601,72072574098
109.367,9.1435,21.3759,0,51,53,0,2500,0,0,0,23.7997,14.6847,0,1601,72081717918
123.782,8.07872,21.3759,0,51,53,0,2500,0,0,0,23.7997,14.6847,0,1601,72089797373
116.844,8.55845,21.3759,0,51,53,0,2500,0,0,0,23.7997,14.6847,0,1601,72098356287
123.546,8.09417,21.3759,0,51,53,0,2500,0,0,0,23.7997,14.6847,0,1601,72106451511
118.294,8.45355,21.3759,0,51,53,0,2500,0,0,0,23.7997,14.6847,0,1601,72114905143
128.501,7.78206,21.3759,0,51,53,0,2500,0,0,0,23.7997,14.6847,0,1601,72122688410
121.198,8.25096,21.3759,0,51,53,0,2500,0,0,0,23.7997,14.6847,0,1601,72130939867
113.388,8.81931,21.3759,0,51,53,0,2500,0,0,0,23.7997,14.6847,0,1601,72139759676
121.051,8.26095,21.3759,0,51,53,0,2500,0,0,0,23.7997,14.6847,0,1601,72148021900
115.861,8.63105,21.3759,0,51,53,0,2500,0,0,0,23.7997,14.6847,0,1601,72156652649
116.367,8.59347,21.3759,0,51,53,0,2500,0,0,0,23.7997,14.6847,0,1601,72165246598
124.26,8.04767,21.3759,0,51,53,0,2500,0,0,0,23.7997,14.6847,0,1601,72173295285
123.281,8.11156,21.3759,0,51,53,0,2500,0,0,0,23.7997,14.6847,0,1601,72181407019
131.434,7.60839,21.3759,0,51,53,0,2500,0,0,0,23.7997,14.6847,0,1601,72189015942
119.436,8.37266,21.3759,0,51,53,0,2500,0,0,0,23.7997,14.6847,0,1601,72197388734
98.7559,10.126,21.3759,0,51,53,0,2500,0,0,0,23.7997,14.6847,0,1601,72207516330
131.834,7.58531,21.3759,0,51,53,0,2500,0,0,0,23.7997,14.6847,0,1601,72215101775
134.416,7.43961,21.3759,0,51,53,0,2500,0,0,0,23.7997,14.6847,0,1601,72222542417
122.102,8.18986,21.3759,0,51,53,0,2500,0,0,0,23.7997,14.6847,0,1601,72230733008
126.794,7.88683,21.3759,0,51,53,0,2500,0,0,0,23.7997,14.6847,0,1601,72238619576
119.873,8.34216,21.3759,0,51,53,0,2500,0,0,0,23.7997,14.6847,0,1601,72246962362
104.751,9.54646,21.3759,0,51,53,0,2500,0,0,0,23.7997,14.6847,0,1601,72256509398
123.41,8.10308,21.3759,0,51,53,0,2500,0,0,0,23.7997,14.6847,0,1601,72264613507
115.957,8.62389,21.3759,0,51,53,0,2500,0,0,0,23.7997,14.6847,0,1601,72273237804
112.082,8.92204,21.3759,0,51,53,0,2500,0,0,0,23.7997,14.6847,0,1601,72282160458
114.996,8.69593,21.3759,0,51,53,0,2500,0,0,0,23.7997,14.6847,0,1601,72290857228
124.684,8.02027,21.3759,0,51,53,0,2500,0,0,0,23.7997,14.6847,0,1601,72298878648
127.383,7.85033,21.3759,0,51,53,0,2500,0,0,0,23.7997,14.6847,0,1601,72306729410
119.502,8.36806,21.3759,0,51,53,0,2500,0,0,0,23.7997,14.6847,0,1601,72315098121
109.778,9.10931,21.3759,0,51,53,0,2500,0,0,0,23.7997,14.6847,0,1601,72324207929
128.707,7.76956,21.3759,0,51,53,0,2500,0,0,0,23.7997,14.6847,0,1601,72331977763
109.442,9.13727,21.3759,0,51,53,0,2500,0,0,0,23.7997,14.6847,0,1601,72341115915
133.033,7.5169,21.3759,0,51,53,0,2500,0,0,0,23.7997,14.6847,0,1601,72348633934
136.311,7.33617,21.3759,0,51,53,0,2500,0,0,0,23.7997,14.6847,0,1601,72355970065
125.621,7.96044,21.3759,0,51,53,0,2500,0,0,0,23.7997,14.6847,0,1601,72363930545
115.671,8.64518,21.3759,0,51,53,0,2500,0,0,0,23.7997,14.6847,0,1601,72372576702
129.56,7.71846,21.3759,0,51,53,0,2500,0,0,0,23.7997,14.6847,0,1601,72380294836
123.426,8.10201,21.3759,0,51,53,0,2500,0,0,0,23.7997,14.6847,0,1601,72388397125
90.8282,11.0098,21.3759,0,51,53,0,2500,0,0,0,23.7997,14.6847,0,1601,72399408636
134.273,7.44751,21.3759,0,51,53,0,2500,0,0,0,23.7997,14.6847,0,1601,72406856645
122.633,8.15443,21.3759,0,51,53,0,2500,0,0,0,23.7997,14.6847,0,1601,72415011703
113.622,8.80114,21.3759,0,51,53,0,2500,0,0,0,23.7997,14.6847,0,1601,72423813384
246.492,4.05693,21.3759,0,51,53,0,2500,0,0,0,23.7997,14.6847,0,1601,72427870618
90.4067,11.0611,21.3759,0,51,53,0,2500,0,0,0,23.7997,14.6847,0,1601,72438936819
97.8492,10.2198,20.6388,0,58,53,0,2500,0,0,0,23.7998,14.6847,0,1500,72449153386
149.62,6.6836,20.6388,0,58,53,0,2500,0,0,0,23.7998,14.6847,0,1500,72455836702
109.664,9.11872,20.6388,0,58,53,0,2500,0,0,0,23.7998,14.6847,0,1500,72464956826
122.2,8.1833,20.6388,0,58,53,0,2500,0,0,0,23.7998,14.6847,0,1500,72473140685
117.595,8.50376,20.6388,0,58,53,0,2500,0,0,0,23.7998,14.6847,0,1500,72481644951
110.999,9.0091,20.6388,0,58,53,0,2500,0,0,0,23.7998,14.6847,0,1500,72490654638
125.563,7.96414,20.6388,0,58,53,0,2500,0,0,0,23.7998,14.6847,0,1500,72498619385
117.632,8.50111,20.6388,0,58,53,0,2500,0,0,0,23.7998,14.6847,0,1500,72507121202
115.294,8.67346,20.6388,0,58,53,0,2500,0,0,0,23.7998,14.6847,0,1500,72515794877
120.902,8.27115,20.6388,0,58,53,0,2500,0,0,0,23.7998,14.6847,0,1500,72524066019
124.737,8.01686,20.6388,0,58,53,0,2500,0,0,0,23.7998,14.6847,0,1500,72532084530
128.646,7.77329,20.6388,0,58,53,0,2500,0,0,0,23.7998,14.6847,0,1500,72539858212
131.531,7.60278,20.6388,0,58,53,0,2500,0,0,0,23.7998,14.6847,0,1500,72547461524
129.619,7.71489,20.6388,0,58,53,0,2500,0,0,0,23.7998,14.6847,0,1500,72555177431
111.475,8.97063,20.6388,0,58,53,0,2500,0,0,0,23.7998,14.6847,0,1500,72564148775
117.715,8.49507,20.6388,0,58,53,0,2500,0,0,0,23.7998,14.6847,0,1500,72572644199
98.1536,10.1881,20.6388,0,58,53,0,2500,0,0,0,23.7998,14.6847,0,1500,72582832775
129.992,7.69276,20.6388,0,58,53,0,2500,0,0,0,23.7998,14.6847,0,1500,72590525806
115.644,8.64721,20.6388,0,58,53,0,2500,0,0,0,23.7998,14.6847,0,1500,72599174027
122.807,8.14285,20.6388,0,58,53,0,2500,0,0,0,23.7998,14.6847,0,1500,72607317707
132.432,7.55105,20.6388,0,58,53,0,2500,0,0,0,23.7998,14.6847,0,1500,72614869406
136.674,7.31669,20.6388,0,58,53,0,2500,0,0,0,23.7998,14.6847,0,1500,72622187239
120.64,8.28914,20.6388,0,58,53,0,2500,0,0,0,23.7998,14.6847,0,1500,72630476135
115.956,8.62398,20.6388,0,58,53,0,2500,0,0,0,23.7998,14.6847,0,1500,72639100760
96.6038,10.3516,20.6388,0,58,53,0,2500,0,0,0,23.7998,14.6847,0,1500,72649453210
153.479,6.51554,20.6388,0,58,53,0,2500,0,0,0,23.7998,14.6847,0,1500,72655969610
115.576,8.65234,20.6388,0,58,53,0,2500,0,0,0,23.7998,14.6847,0,1500,72664622299
135.204,7.39621,20.6388,0,58,53,0,2500,0,0,0,23.7998,14.6847,0,1500,72672018539
102.456,9.76033,20.6388,0,58,53,0,2500,0,0,0,23.7998,14.6847,0,1500,72681779605
108.194,9.24263,20.6388,0,58,53,0,2500,0,0,0,23.7998,14.6847,0,1500,72691023327
124.113,8.05719,20.6388,0,58,53,0,2500,0,0,0,23.7998,14.6847,0,1500,72699081033
122.189,8.18404,20.6388,0,58,53,0,2500,0,0,0,23.7998,14.6847,0,1500,72707265986
114.59,8.7268,20.6388,0,58,53,0,2500,0,0,0,23.7998,14.6847,0,1500,72715993475
123.967,8.06664,20.6388,0,58,53,0,2500,0,0,0,23.7998,14.6847,0,1500,72724060603
125.512,7.96738,20.6388,0,58,53,0,2500,0,0,0,23.7998,14.6847,0,1500,72732036571
112.839,8.86221,20.6388,0,58,53,0,2500,0,0,0,23.7998,14.6847,0,1500,72740891057
121.935,8.20109,20.6388,0,58,53,0,2500,0,0,0,23.7998,14.6847,0,1500,72749091907
126.711,7.89199,20.6388,0,58,53,0,2500,0,0,0,23.7998,14.6847,0,1500,72756984905
108.907,9.18215,20.6388,0,58,53,0,2500,0,0,0,23.7998,14.6847,0,1500,72766167756
130.853,7.64216,20.6388,0,58,53,0,2500,0,0,0,23.7998,14.6847,0,1500,72773809534
129.706,7.70976,20.6388,0,58,53,0,2500,0,0,0,23.7998,14.6847,0,1500,72781519728
116.046,8.61727,20.6388,0,58,53,0,2500,0,0,0,23.7998,14.6847,0,1500,72790137266
112.659,8.87635,20.6388,0,58,53,0,2500,0,0,0,23.7998,14.6847,0,1500,72799013465
129.877,7.69961,20.6388,0,58,53,0,2500,0,0,0,23.7998,14.6847,0,1500,72806713345
122.81,8.14265,20.6388,0,58,53,0,2500,0,0,0,23.7998,14.6847,0,1500,72814856502
122.988,8.13091,20.6388,0,58,53,0,2500,0,0,0,23.7998,14.6847,0,1500,72822987369
117.245,8.52915,20.6388,0,58,53,0,2500,0,0,0,23.7998,14.6847,0,1500,72831518474
117.192,8.533,20.6388,0,58,53,0,2500,0,0,0,23.7998,14.6847,0,1500,72840051814
123.994,8.06488,20.6388,0,58,53,0,2500,0,0,0,23.7998,14.6847,0,1500,72848116899
136.147,7.345,20.6388,0,58,53,0,2500,0,0,0,23.7998,14.6847,0,1500,72855462430
101.55,9.84734,20.6388,0,58,53,0,2500,0,0,0,23.7998,14.6847,0,1500,72865311221
130.811,7.64461,20.6388,0,58,53,0,2500,0,0,0,23.7998,14.6847,0,1500,72872955930
121.916,8.20234,20.6388,0,58,53,0,2500,0,0,0,23.7998,14.6847,0,1500,72881159042
105.93,9.44018,20.6388,0,58,53,0,2500,0,0,0,23.7998,14.6847,0,1500,72890599917
125.082,7.99474,20.6388,0,58,53,0,2500,0,0,0,23.7998,14.6847,0,1500,72898595594
121.574,8.22544,20.6388,0,58,53,0,2500,0,0,0,23.7998,14.6847,0,1500,72906820817
119.295,8.38255,20.6388,0,58,53,0,2500,0,0,0,23.7998,14.6847,0,1500,72915204405
135.686,7.36997,20.6388,0,58,53,0,2500,0,0,0,23.7998,14.6847,0,1500,72922574841
106.503,9.38943,20.6388,0,58,53,0,2500,0,0,0,23.7998,14.6847,0,1500,72931965201
219.827,4.54902,20.6388,0,58,53,0,2500,0,0,0,23.7998,14.6847,0,1500,72936514361
85.8627,11.6465,20.6388,0,58,53,0,2500,0,0,0,23.7998,14.6847,0,1500,72948167048
115.635,8.64788,22.1951,0,57,53,0,2500,0,0,0,23.7996,14.6846,0,1600,72956810237
114.835,8.70813,22.1951,0,57,53,0,2500,0,0,0,23.7996,14.6846,0,1600,72965519464
143.782,6.95496,22.1951,0,57,53,0,2500,0,0,0,23.7996,14.6846,0,1600,72972474237
111.226,8.9907,22.1951,0,57,53,0,2500,0,0,0,23.7996,14.6846,0,1600,72981465649
113.818,8.78592,22.1951,0,57,53,0,2500,0,0,0,23.7996,14.6846,0,1600,72990250930
138.719,7.20883,22.1951,0,57,53,0,2500,0,0,0,23.7996,14.6846,0,1600,72997460327
125.385,7.97546,22.1951,0,57,53,0,2500,0,0,0,23.7996,14.6846,0,1600,73005436044
123.134,8.12125,22.1951,0,57,53,0,2500,0,0,0,23.7996,14.6846,0,1600,73013558803
117.949,8.47823,22.1951,0,57,53,0,2500,0,0,0,23.7996,14.6846,0,1600,73022037811
123.514,8.09626,22.1951,0,57,53,0,2500,0,0,0,23.7996,14.6846,0,1600,73030134198
120.586,8.29282,22.1951,0,57,53,0,2500,0,0,0,23.7996,14.6846,0,1600,73038426768
122.501,8.1632,22.1951,0,57,53,0,2500,0,0,0,23.7996,14.6846,0,1600,73046590749
116.009,8.62001,22.1951,0,57,53,0,2500,0,0,0,23.7996,14.6846,0,1600,73055210830
96.7068,10.3405,22.1951,0,57,53,0,2500,0,0,0,23.7996,14.6846,0,1600,73065552786
124.827,8.01106,22.1951,0,57,53,0,2500,0,0,0,23.7996,14.6846,0,1600,73073563806
136.358,7.33366,22.1951,0,57,53,0,2500,0,0,0,23.7996,14.6846,0,1600,73080897572
116.902,8.55416,22.1951,0,57,53,0,2500,0,0,0,23.7996,14.6846,0,1600,73089452184
110.111,9.08176,22.1951,0,57,53,0,2500,0,0,0,23.7996,14.6846,0,1600,73098535606
119.184,8.39036,22.1951,0,57,53,0,2500,0,0,0,23.7996,14.6846,0,1600,73106925812
129.623,7.71466,22.1951,0,57,53,0,2500,0,0,0,23.7996,14.6846,0,1600,73114640328
114.881,8.70467,22.1951,0,57,53,0,2500,0,0,0,23.7996,14.6846,0,1600,73123346088
136.233,7.34039,22.1951,0,57,53,0,2500,0,0,0,23.7996,14.6846,0,1600,73130687270
117.569,8.50564,22.1951,0,57,53,0,2500,0,0,0,23.7996,14.6846,0,1600,73139192799
132.062,7.57221,22.1951,0,57,53,0,2500,0,0,0,23.7996,14.6846,0,1600,73146765436
119.914,8.33934,22.1951,0,57,53,0,2500,0,0,0,23.7996,14.6846,0,1600,73155104866
122.224,8.18172,22.1951,0,57,53,0,2500,0,0,0,23.7996,14.6846,0,1600,73163286917
91.1266,10.9737,22.1951,0,57,53,0,2500,0,0,0,23.7996,14.6846,0,1600,73174262667
128.11,7.8058,22.1951,0,57,53,0,2500,0,0,0,23.7996,14.6846,0,1600,73182068047
121.838,8.20762,22.1951,0,57,53,0,2500,0,0,0,23.7996,14.6846,0,1600,73190275679
138.114,7.24038,22.1951,0,57,53,0,2500,0,0,0,23.7996,14.6846,0,1600,73197516384
104.227,9.59442,22.1951,0,57,53,0,2500,0,0,0,23.7996,14.6846,0,1600,73207111373
124.171,8.05343,22.1951,0,57,53,0,2500,0,0,0,23.7996,14.6846,0,1600,73215165033
124.63,8.02374,22.1951,0,57,53,0,2500,0,0,0,23.7996,14.6846,0,1600,73223189293
132.651,7.53859,22.1951,0,57,53,0,2500,0,0,0,23.7996,14.6846,0,1600,73230728407
107.644,9.28985,22.1951,0,57,53,0,2500,0,0,0,23.7996,14.6846,0,1600,73240018726
142.077,7.03845,22.1951,0,57,53,0,2500,0,0,0,23.7996,14.6846,0,1600,73247057751
101.178,9.88354,22.1951,0,57,53,0,2500,0,0,0,23.7996,14.6846,0,1600,73256941622
129.735,7.70804,22.1951,0,57,53,0,2500,0,0,0,23.7996,14.6846,0,1600,73264651361
116.886,8.55536,22.1951,0,57,53,0,2500,0,0,0,23.7996,14.6846,0,1600,73273206144
121.647,8.22049,22.1951,0,57,53,0,2500,0,0,0,23.7996,14.6846,0,1600,73281426777
114.043,8.7686,22.1951,0,57,53,0,2500,0,0,0,23.7996,14.6846,0,1600,73290195406
137.698,7.26228,22.1951,0,57,53,0,2500,0,0,0,23.7996,14.6846,0,1600,73297460431
133.729,7.47783,22.1951,0,57,53,0,2500,0,0,0,23.7996,14.6846,0,1600,73304937392
118.15,8.46384,22.1951,0,57,53,0,2500,0,0,0,23.7996,14.6846,0,1600,73313401389
114.274,8.75088,22.1951,0,57,53,0,2500,0,0,0,23.7996,14.6846,0,1600,73322153955
99.5389,10.0463,22.1951,0,57,53,0,2500,0,0,0,23.7996,14.6846,0,1600,73332200425
125.634,7.95965,22.1951,0,57,53,0,2500,0,0,0,23.7996,14.6846,0,1600,73340160965
134.893,7.41326,22.1951,0,57,53,0,2500,0,0,0,23.7996,14.6846,0,1600,73347574850
115.776,8.63737,22.1951,0,57,53,0,2500,0,0,0,23.7996,14.6846,0,1600,73356212724
123.033,8.1279,22.1951,0,57,53,0,2500,0,0,0,23.7996,14.6846,0,1600,73364341431
104.43,9.57576,22.1951,0,57,53,0,2500,0,0,0,23.7996,14.6846,0,1600,73373917776
124.029,8.06263,22.1951,0,57,53,0,2500,0,0,0,23.7996,14.6846,0,1600,73381981444
122.212,8.18249,22.1951,0,57,53,0,2500,0,0,0,23.7996,14.6846,0,1600,73390164410
133.252,7.50459,22.1951,0,57,53,0,2500,0,0,0,23.7996,14.6846,0,1600,73397669622
127.127,7.86616,22.1951,0,57,53,0,2500,0,0,0,23.7996,14.6846,0,1600,73405535880
94.6551,10.5647,22.1951,0,57,53,0,2500,0,0,0,23.7996,14.6846,0,1600,73416101329
129.613,7.7153,22.1951,0,57,53,0,2500,0,0,0,23.7996,14.6846,0,1600,73423817694
124.672,8.02103,22.1951,0,57,53,0,2500,0,0,0,23.7996,14.6846,0,1600,73431839592
136.538,7.32396,22.1951,0,57,53,0,2500,0,0,0,23.7996,14.6846,0,1600,73439163640
125.999,7.93658,22.1951,0,57,53,0,2500,0,0,0,23.7996,14.6846,0,1600,73447100896
87.547,11.4224,22.1951,0,57,53,0,2500,0,0,0,23.7996,14.6846,0,1600,73458529545
142.132,7.03573,21.0269,0,59,53,0,2500,0,0,0,23.7997,14.6846,0,1500,73465560904
122.844,8.1404,21.0269,0,59,53,0,2500,0,0,0,23.7997,14.6846,0,1500,73473701951
119.226,8.38744,21.0269,0,59,53,0,2500,0,0,0,23.7997,14.6846,0,1500,73482088966
119.075,8.39806,21.0269,0,59,53,0,2500,0,0,0,23.7997,14.6846,0,1500,73490487302
117.872,8.48378,21.0269,0,59,53,0,2500,0,0,0,23.7997,14.6846,0,1500,73498971914
118.967,8.4057,21.0269,0,59,53,0,2500,0,0,0,23.7997,14.6846,0,1500,73507378899
118.35,8.44948,21.0269,0,59,53,0,2500,0,0,0,23.7997,14.6846,0,1500,73515828324
217.159,4.60492,21.0269,0,59,53,0,2500,0,0,0,23.7997,14.6846,0,1500,73520433708
93.5199,10.6929,21.0269,0,59,53,0,2500,0,0,0,23.7997,14.6846,0,1500,73531127545
99.5737,10.0428,21.0269,0,59,53,0,2500,0,0,0,23.7997,14.6846,0,1500,73541170927
260.337,3.84117,21.0269,0,59,53,0,2500,0,0,0,23.7997,14.6846,0,1500,73545012753
88.1348,11.3463,21.0269,0,59,53,0,2500,0,0,0,23.7997,14.6846,0,1500,73556360122
105.11,9.51387,21.0269,0,59,53,0,2500,0,0,0,23.7997,14.6846,0,1500,73565874568
115.52,8.65648,21.0269,0,59,53,0,2500,0,0,0,23.7997,14.6846,0,1500,73574530842
140.829,7.1008,21.0269,0,59,53,0,2500,0,0,0,23.7997,14.6846,0,1500,73581632236
118.462,8.44155,21.0269,0,59,53,0,2500,0,0,0,23.7997,14.6846,0,1500,73590073873
134.472,7.4365,21.0269,0,59,53,0,2500,0,0,0,23.7997,14.6846,0,1500,73597510282
108.062,9.25392,21.0269,0,59,53,0,2500,0,0,0,23.7997,14.6846,0,1500,73606765952
117.15,8.53604,21.0269,0,59,53,0,2500,0,0,0,23.7997,14.6846,0,1500,73615302509
116.656,8.57218,21.0269,0,59,53,0,2500,0,0,0,23.7997,14.6846,0,1500,73623875232
124.954,8.00297,21.0269,0,59,53,0,2500,0,0,0,23.7997,14.6846,0,1500,73631878181
121.877,8.20501,21.0269,0,59,53,0,2500,0,0,0,23.7997,14.6846,0,1500,73640083267
104.382,9.58017,21.0269,0,59,53,0,2500,0,0,0,23.7997,14.6846,0,1500,73649664935
136.05,7.35023,21.0269,0,59,53,0,2500,0,0,0,23.7997,14.6846,0,1500,73657016263
125.168,7.98925,21.0269,0,59,53,0,2500,0,0,0,23.7997,14.6846,0,1500,73665005974
114.892,8.70385,21.0269,0,59,53,0,2500,0,0,0,23.7997,14.6846,0,1500,73673710443
116.694,8.56945,21.0269,0,59,53,0,2500,0,0,0,23.7997,14.6846,0,1500,73682280365
136.277,7.33797,21.0269,0,59,53,0,2500,0,0,0,23.7997,14.6846,0,1500,73689618785
106.601,9.3808,21.0269,0,59,53,0,2500,0,0,0,23.7997,14.6846,0,1500,73699000346
139.473,7.16985,21.0269,0,59,53,0,2500,0,0,0,23.7997,14.6846,0,1500,73706170844
128.648,7.77317,21.0269,0,59,53,0,2500,0,0,0,23.7997,14.6846,0,1500,73713944359
126.057,7.93292,21.0269,0,59,53,0,2500,0,0,0,23.7997,14.6846,0,1500,73721877945
110.776,9.02722,21.0269,0,59,53,0,2500,0,0,0,23.7997,14.6846,0,1500,73730905651
110.959,9.01231,21.0269,0,59,53,0,2500,0,0,0,23.7997,14.6846,0,1500,73739918966
125.671,7.95731,21.0269,0,59,53,0,2500,0,0,0,23.7997,14.6846,0,1500,73747876515
131.573,7.60037,21.0269,0,59,53,0,2500,0,0,0,23.7997,14.6846,0,1500,73755477533
112.544,8.88538,21.0269,0,59,53,0,2500,0,0,0,23.7997,14.6846,0,1500,73764363158
121.996,8.19699,21.0269,0,59,53,0,2500,0,0,0,23.7997,14.6846,0,1500,73772560975
97.9768,10.2065,21.0269,0,59,53,0,2500,0,0,0,23.7997,14.6846,0,1500,73782768033
130.414,7.6679,21.0269,0,59,53,0,2500,0,0,0,23.7997,14.6846,0,1500,73790437540
134.764,7.42037,21.0269,0,59,53,0,2500,0,0,0,23.7997,14.6846,0,1500,73797857177
121.652,8.22016,21.0269,0,59,53,0,2500,0,0,0,23.7997,14.6846,0,1500,73806077694
121.541,8.2277,21.0269,0,59,53,0,2500,0,0,0,23.7997,14.6846,0,1500,73814306178
131.154,7.6246,21.0269,0,59,53,0,2500,0,0,0,23.7997,14.6846,0,1500,73821930206
94.4561,10.5869,21.0269,0,59,53,0,2500,0,0,0,23.7997,14.6846,0,1500,73832518114
125.013,7.99918,21.0269,0,59,53,0,2500,0,0,0,23.7997,14.6846,0,1500,73840518017
124.389,8.03929,21.0269,0,59,53,0,2500,0,0,0,23.7997,14.6846,0,1500,73848557151
133.513,7.48992,21.0269,0,59,53,0,2500,0,0,0,23.7997,14.6846,0,1500,73856048153
107.551,9.29788,21.0269,0,59,53,0,2500,0,0,0,23.7997,14.6846,0,1500,73865346892
116.912,8.55343,21.0269,0,59,53,0,2500,0,0,0,23.7997,14.6846,0,1500,73873900293
124.253,8.04809,21.0269,0,59,53,0,2500,0,0,0,23.7997,14.6846,0,1500,73881948921
129.948,7.69541,21.0269,0,59,53,0,2500,0,0,0,23.7997,14.6846,0,1500,73889644764
103.16,9.69369,21.0269,0,59,53,0,2500,0,0,0,23.7997,14.6846,0,1500,73899339726
130.823,7.64391,21.0269,0,59,53,0,2500,0,0,0,23.7997,14.6846,0,1500,73906983985
122.644,8.1537,21.0269,0,59,53,0,2500,0,0,0,23.7997,14.6846,0,1500,73915138430
125.126,7.99193,21.0269,0,59,53,0,2500,0,0,0,23.7997,14.6846,0,1500,73923130990
115.531,8.65568,21.0269,0,59,53,0,2500,0,0,0,23.7997,14.6846,0,1500,73931787334
112.573,8.88309,21.0269,0,59,53,0,2500,0,0,0,23.7997,14.6846,0,1500,73940671433
117.64,8.50051,21.0269,0,59,53,0,2500,0,0,0,23.7997,14.6846,0,1500,73949172418
136.953,7.30178,21.0269,0,59,53,0,2500,0,0,0,23.7997,14.6846,0,1500,73956474158
113.504,8.8103,21.0269,0,59,53,0,2500,0,0,0,23.7997,14.6846,0,1500,73965291127
114.471,8.73582,20.8845,0,60,53,0,2500,0,0,0,23.7192,14.6844,0,1600,73974029816
128.732,7.76807,20.8845,0,60,53,0,2500,0,0,0,23.7192,14.6844,0,1600,73981790136
107.783,9.27791,20.8845,0,60,53,0,2500,0,0,0,23.7192,14.6844,0,1600,73991069039
135.081,7.40296,20.8845,0,60,53,0,2500,0,0,0,23.7192,14.6844,0,1600,73998472503
125.63,7.95991,20.8845,0,60,53,0,2500,0,0,0,23.7192,14.6844,0,1600,74006433557
118.833,8.41517,20.8845,0,60,53,0,2500,0,0,0,23.7192,14.6844,0,1600,74014848407
186.191,5.37084,20.8845,0,60,53,0,2500,0,0,0,23.7192,14.6844,0,1600,74020218632
85.6004,11.6822,20.8845,0,60,53,0,2500,0,0,0,23.7192,14.6844,0,1600,74031902197
121.768,8.21232,20.8845,0,60,53,0,2500,0,0,0,23.7192,14.6844,0,1600,74040114996
127.124,7.86635,20.8845,0,60,53,0,2500,0,0,0,23.7192,14.6844,0,1600,74047981925
101.533,9.84905,20.8845,0,60,53,0,2500,0,0,0,23.7192,14.6844,0,1600,74057831187
128.492,7.78258,20.8845,0,60,53,0,2500,0,0,0,23.7192,14.6844,0,1600,74065614094
140.179,7.13373,20.8845,0,60,53,0,2500,0,0,0,23.7192,14.6844,0,1600,74072747762
125.589,7.96247,20.8845,0,60,53,0,2500,0,0,0,23.7192,14.6844,0,1600,74080711773
93.9792,10.6407,20.8845,0,60,53,0,2500,0,0,0,23.7192,14.6844,0,1600,74091353929
129.35,7.73098,20.8845,0,60,53,0,2500,0,0,0,23.7192,14.6844,0,1600,74099084792
119.829,8.3452,20.8845,0,60,53,0,2500,0,0,0,23.7192,14.6844,0,1600,74107430775
133.912,7.46761,20.8845,0,60,53,0,2500,0,0,0,23.7192,14.6844,0,1600,74114898670
112.386,8.89793,20.8845,0,60,53,0,2500,0,0,0,23.7192,14.6844,0,1600,74123797591
125.062,7.99606,20.8845,0,60,53,0,2500,0,0,0,23.7192,14.6844,0,1600,74131794938
137.092,7.29438,20.8845,0,60,53,0,2500,0,0,0,23.7192,14.6844,0,1600,74139088829
126.717,7.89159,20.8845,0,60,53,0,2500,0,0,0,23.7192,14.6844,0,1600,74146981366
105.555,9.4737,20.8845,0,60,53,0,2500,0,0,0,23.7192,14.6844,0,1600,74156455868
134.641,7.42718,20.8845,0,60,53,0,2500,0,0,0,23.7192,14.6844,0,1600,74163882872
121.111,8.25691,20.8845,0,60,53,0,2500,0,0,0,23.7192,14.6844,0,1600,74172140651
95.5904,10.4613,20.8845,0,60,53,0,2500,0,0,0,23.7192,14.6844,0,1600,74182602649
131.43,7.60861,20.8845,0,60,53,0,2500,0,0,0,23.7192,14.6844,0,1600,74190211477
112.315,8.9035,20.8845,0,60,53,0,2500,0,0,0,23.7192,14.6844,0,1600,74199116122
134.145,7.45462,20.8845,0,60,53,0,2500,0,0,0,23.7192,14.6844,0,1600,74206571659
116.298,8.5986,20.8845,0,60,53,0,2500,0,0,0,23.7192,14.6844,0,1600,74215170389
114.508,8.73303,20.8845,0,60,53,0,2500,0,0,0,23.7192,14.6844,0,1600,74223904546
124.808,8.01233,20.8845,0,60,53,0,2500,0,0,0,23.7192,14.6844,0,1600,74231917310
115.495,8.65835,20.8845,0,60,53,0,2500,0,0,0,23.7192,14.6844,0,1600,74240576362
139.274,7.18007,20.8845,0,60,53,0,2500,0,0,0,23.7192,14.6844,0,1600,74247757127
132.394,7.55319,20.8845,0,60,53,0,2500,0,0,0,23.7192,14.6844,0,1600,74255310818
97.1866,10.2895,20.8845,0,60,53,0,2500,0,0,0,23.7192,14.6844,0,1600,74265600905
142.831,7.00129,20.8845,0,60,53,0,2500,0,0,0,23.7192,14.6844,0,1600,74272602182
100.192,9.98084,20.8845,0,60,53,0,2500,0,0,0,23.7192,14.6844,0,1600,74282583445
126.797,7.88661,20.8845,0,60,53,0,2500,0,0,0,23.7192,14.6844,0,1600,74290470671
119.144,8.39319,20.8845,0,60,53,0,2500,0,0,0,23.7192,14.6844,0,1600,74298864915
113.666,8.7977,20.8845,0,60,53,0,2500,0,0,0,23.7192,14.6844,0,1600,74307663083
128.593,7.77648,20.8845,0,60,53,0,2500,0,0,0,23.7192,14.6844,0,1600,74315440247
137.413,7.27732,20.8845,0,60,53,0,2500,0,0,0,23.7192,14.6844,0,1600,74322717639
98.6417,10.1377,20.8845,0,60,53,0,2500,0,0,0,23.7192,14.6844,0,1600,74332855733
137.433,7.27629,20.8845,0,60,53,0,2500,0,0,0,23.7192,14.6844,0,1600,74340133617
142.052,7.03969,20.8845,0,60,53,0,2500,0,0,0,23.7192,14.6844,0,1600,74347174044
126.858,7.88281,20.8845,0,60,53,0,2500,0,0,0,23.7192,14.6844,0,1600,74355057423
115.722,8.64138,20.8845,0,60,53,0,2500,0,0,0,23.7192,14.6844,0,1600,74363699650
95.4815,10.4732,20.8845,0,60,53,0,2500,0,0,0,23.7192,14.6844,0,1600,74374173382
122.032,8.19458,20.8845,0,60,53,0,2500,0,0,0,23.7192,14.6844,0,1600,74382368711
127.566,7.83905,20.8845,0,60,53,0,2500,0,0,0,23.7192,14.6844,0,1600,74390208996
121.865,8.20582,20.8845,0,60,53,0,2500,0,0,0,23.7192,14.6844,0,1600,74398415262
107.446,9.307,20.8845,0,60,53,0,2500,0,0,0,23.7192,14.6844,0,1600,74407723149
130.23,7.67872,20.8845,0,60,53,0,2500,0,0,0,23.7192,14.6844,0,1600,74415402393
121.525,8.22876,20.8845,0,60,53,0,2500,0,0,0,23.7192,14.6844,0,1600,74423631705
120.965,8.26688,20.8845,0,60,53,0,2500,0,0,0,23.7192,14.6844,0,1600,74431899275
118.164,8.46279,20.8845,0,60,53,0,2500,0,0,0,23.7192,14.6844,0,1600,74440362475
152.527,6.55621,20.8845,0,60,53,0,2500,0,0,0,23.7192,14.6844,0,1600,74446919232
97.692,10.2363,20.8845,0,60,53,0,2500,0,0,0,23.7192,14.6844,0,1600,74457156899
139.721,7.1571,20.8845,0,60,53,0,2500,0,0,0,23.7192,14.6844,0,1600,74464314253
128.416,7.78721,20.8845,0,60,53,0,2500,0,0,0,23.7192,14.6844,0,1600,74472107470
114.906,8.70276,22.0049,0,59,53,0,2500,0,0,0,23.7194,14.6843,0,1600,74480805164
132.24,7.56202,22.0049,0,59,53,0,2500,0,0,0,23.7194,14.6843,0,1600,74488367907
111.996,8.92892,22.0049,0,59,53,0,2500,0,0,0,23.7194,14.6843,0,1600,74497297796
97.0177,10.3074,22.0049,0,59,53,0,2500,0,0,0,23.7194,14.6843,0,1600,74507605639
217.44,4.59897,22.0049,0,59,53,0,2500,0,0,0,23.7194,14.6843,0,1600,74512205521
90.7268,11.0221,22.0049,0,59,53,0,2500,0,0,0,23.7194,14.6843,0,1600,74523227985
104.82,9.54014,22.0049,0,59,53,0,2500,0,0,0,23.7194,14.6843,0,1600,74532768694
218.428,4.57817,22.0049,0,59,53,0,2500,0,0,0,23.7194,14.6843,0,1600,74537347585
89.6574,11.1536,22.0049,0,59,53,0,2500,0,0,0,23.7194,14.6843,0,1600,74548500905
120.335,8.31015,22.0049,0,59,53,0,2500,0,0,0,23.7194,14.6843,0,1600,74556811564
122.553,8.15972,22.0049,0,59,53,0,2500,0,0,0,23.7194,14.6843,0,1600,74564973264
131.169,7.62378,22.0049,0,59,53,0,2500,0,0,0,23.7194,14.6843,0,1600,74572596586
135.255,7.39344,22.0049,0,59,53,0,2500,0,0,0,23.7194,14.6843,0,1600,74579989895
119.599,8.36128,22.0049,0,59,53,0,2500,0,0,0,23.7194,14.6843,0,1600,74588351140
122.948,8.1335,22.0049,0,59,53,0,2500,0,0,0,23.7194,14.6843,0,1600,74596485098
119.352,8.37856,22.0049,0,59,53,0,2500,0,0,0,23.7194,14.6843,0,1600,74604864338
120.262,8.31517,22.0049,0,59,53,0,2500,0,0,0,23.7194,14.6843,0,1600,74613179380
117.383,8.51913,22.0049,0,59,53,0,2500,0,0,0,23.7194,14.6843,0,1600,74621699107
89.3865,11.1874,22.0049,0,59,53,0,2500,0,0,0,23.7194,14.6843,0,1600,74632888745
137.58,7.26852,22.0049,0,59,53,0,2500,0,0,0,23.7194,14.6843,0,1600,74640157166
139.884,7.14878,22.0049,0,59,53,0,2500,0,0,0,23.7194,14.6843,0,1600,74647306036
127.438,7.84697,22.0049,0,59,53,0,2500,0,0,0,23.7194,14.6843,0,1600,74655153768
114.05,8.76807,22.0049,0,59,53,0,2500,0,0,0,23.7194,14.6843,0,1600,74663921954
96.9684,10.3126,22.0049,0,59,53,0,2500,0,0,0,23.7194,14.6843,0,1600,74674236179
142.733,7.00606,22.0049,0,59,53,0,2500,0,0,0,23.7194,14.6843,0,1600,74681242331
139.482,7.1694,22.0049,0,59,53,0,2500,0,0,0,23.7194,14.6843,0,1600,74688412639
117.675,8.49801,22.0049,0,59,53,0,2500,0,0,0,23.7194,14.6843,0,1600,74696911148
96.3651,10.3772,22.0049,0,59,53,0,2500,0,0,0,23.7194,14.6843,0,1600,74707289330
124.906,8.00599,22.0049,0,59,53,0,2500,0,0,0,23.7194,14.6843,0,1600,74715295763
140.189,7.13324,22.0049,0,59,53,0,2500,0,0,0,23.7194,14.6843,0,1600,74722429333
105.665,9.46387,22.0049,0,59,53,0,2500,0,0,0,23.7194,14.6843,0,1600,74731894289
127.866,7.82071,22.0049,0,59,53,0,2500,0,0,0,23.7194,14.6843,0,1600,74739715030
118.424,8.44423,22.0049,0,59,53,0,2500,0,0,0,23.7194,14.6843,0,1600,74748159632
118.341,8.45015,22.0049,0,59,53,0,2500,0,0,0,23.7194,14.6843,0,1600,74756610356
122.79,8.14398,22.0049,0,59,53,0,2500,0,0,0,23.7194,14.6843,0,1600,74764754932
115.013,8.69466,22.0049,0,59,53,0,2500,0,0,0,23.7194,14.6843,0,1600,74773450884
134.345,7.4435,22.0049,0,59,53,0,2500,0,0,0,23.7194,14.6843,0,1600,74780895060
129.342,7.73145,22.0049,0,59,53,0,2500,0,0,0,23.7194,14.6843,0,1600,74788625808
97.4532,10.2613,22.0049,0,59,53,0,2500,0,0,0,23.7194,14.6843,0,1600,74798887344
133.496,7.49085,22.0049,0,59,53,0,2500,0,0,0,23.7194,14.6843,0,1600,74806380433
118.833,8.41516,22.0049,0,59,53,0,2500,0,0,0,23.7194,14.6843,0,1600,74814795673
115.995,8.62104,22.0049,0,59,53,0,2500,0,0,0,23.7194,14.6843,0,1600,74823417320
139.344,7.17647,22.0049,0,59,53,0,2500,0,0,0,23.7194,14.6843,0,1600,74830593900
120.465,8.30119,22.0049,0,59,53,0,2500,0,0,0,23.7194,14.6843,0,1600,74838895589
127.842,7.82217,22.0049,0,59,53,0,2500,0,0,0,23.7194,14.6843,0,1600,74846717694
94.8915,10.5384,22.0049,0,59,53,0,2500,0,0,0,23.7194,14.6843,0,1600,74857257955
129.881,7.69933,22.0049,0,59,53,0,2500,0,0,0,23.7194,14.6843,0,1600,74864958025
118.79,8.41823,22.0049,0,59,53,0,2500,0,0,0,23.7194,14.6843,0,1600,74873375862
123.761,8.08011,22.0049,0,59,53,0,2500,0,0,0,23.7194,14.6843,0,1600,74881455968
113.63,8.80051,22.0049,0,59,53,0,2500,0,0,0,23.7194,14.6843,0,1600,74890257541
122.839,8.14072,22.0049,0,59,53,0,2500,0,0,0,23.7194,14.6843,0,1600,74898398547
125.406,7.97412,22.0049,0,59,53,0,2500,0,0,0,23.7194,14.6843,0,1600,74906372272
115.187,8.68157,22.0049,0,59,53,0,2500,0,0,0,23.7194,14.6843,0,1600,74915054434
129.077,7.7473,22.0049,0,59,53,0,2500,0,0,0,23.7194,14.6843,0,1600,74922802946
124.75,8.01606,22.0049,0,59,53,0,2500,0,0,0,23.7194,14.6843,0,1600,74930819392
119.004,8.40307,22.0049,0,59,53,0,2500,0,0,0,23.7194,14.6843,0,1600,74939223006
126.061,7.93268,22.0049,0,59,53,0,2500,0,0,0,23.7194,14.6843,0,1600,74947156204
129.458,7.72453,22.0049,0,59,53,0,2500,0,0,0,23.7194,14.6843,0,1600,74954881273
120.56,8.29462,22.0049,0,59,53,0,2500,0,0,0,23.7194,14.6843,0,1600,74963176656
106.088,9.42611,22.0049,0,59,53,0,2500,0,0,0,23.7194,14.6843,0,1600,74972609427
107.745,9.28121,19.4514,0,56,53,0,2500,0,0,0,23.7209,14.6843,0,1501,74981885426
123.706,8.0837,19.4514,0,56,53,0,2500,0,0,0,23.7209,14.6843,0,1501,74989970341
120.986,8.26539,19.4514,0,56,53,0,2500,0,0,0,23.7209,14.6843,0,1501,74998236510
120.729,8.28299,19.4514,0,56,53,0,2500,0,0,0,23.7209,14.6843,0,1501,75006519782
123.207,8.1164,19.4514,0,56,53,0,2500,0,0,0,23.7209,14.6843,0,1501,75014636892
116.226,8.60394,19.4514,0,56,53,0,2500,0,0,0,23.7209,14.6843,0,1501,75023241393
123.504,8.09689,19.4514,0,56,53,0,2500,0,0,0,23.7209,14.6843,0,1501,75031338540
117.057,8.54285,19.4514,0,56,53,0,2500,0,0,0,23.7209,14.6843,0,1501,75039882773
115.092,8.68873,19.4514,0,56,53,0,2500,0,0,0,23.7209,14.6843,0,1501,75048571932
120.021,8.33187,19.4514,0,56,53,0,2500,0,0,0,23.7209,14.6843,0,1501,75056904611
115.686,8.6441,19.4514,0,56,53,0,2500,0,0,0,23.7209,14.6843,0,1501,75065549670
209.27,4.77852,19.4514,0,56,53,0,2500,0,0,0,23.7209,14.6843,0,1501,75070328551
87.7184,11.4001,19.4514,0,56,53,0,2500,0,0,0,23.7209,14.6843,0,1501,75081729331
109.365,9.14366,19.4514,0,56,53,0,2500,0,0,0,23.7209,14.6843,0,1501,75090873295
207.631,4.81624,19.4514,0,56,53,0,2500,0,0,0,23.7209,14.6843,0,1501,75095690096
90.7174,11.0232,19.4514,0,56,53,0,2500,0,0,0,23.7209,14.6843,0,1501,75106714048
115.02,8.69413,19.4514,0,56,53,0,2500,0,0,0,23.7209,14.6843,0,1501,75115408725
127.089,7.86848,19.4514,0,56,53,0,2500,0,0,0,23.7209,14.6843,0,1501,75123277919
114.881,8.70465,19.4514,0,56,53,0,2500,0,0,0,23.7209,14.6843,0,1501,75131982852
115.715,8.6419,19.4514,0,56,53,0,2500,0,0,0,23.7209,14.6843,0,1501,75140625752
123.535,8.09485,19.4514,0,56,53,0,2500,0,0,0,23.7209,14.6843,0,1501,75148721142
118.426,8.44411,19.4514,0,56,53,0,2500,0,0,0,23.7209,14.6843,0,1501,75157165980
117.653,8.49957,19.4514,0,56,53,0,2500,0,0,0,23.7209,14.6843,0,1501,75165666335
130.565,7.65903,19.4514,0,56,53,0,2500,0,0,0,23.7209,14.6843,0,1501,75173325506
117.298,8.52531,19.4514,0,56,53,0,2500,0,0,0,23.7209,14.6843,0,1501,75181852030
119.057,8.39932,19.4514,0,56,53,0,2500,0,0,0,23.7209,14.6843,0,1501,75190251531
129.121,7.74466,19.4514,0,56,53,0,2500,0,0,0,23.7209,14.6843,0,1501,75197996974
112.171,8.91495,19.4514,0,56,53,0,2500,0,0,0,23.7209,14.6843,0,1501,75206912542
122.112,8.18917,19.4514,0,56,53,0,2500,0,0,0,23.7209,14.6843,0,1501,75215102292
157.069,6.36662,19.4514,0,56,53,0,2500,0,0,0,23.7209,14.6843,0,1501,75221469047
94.1194,10.6248,19.4514,0,56,53,0,2500,0,0,0,23.7209,14.6843,0,1501,75232094868
128.239,7.79795,19.4514,0,56,53,0,2500,0,0,0,23.7209,14.6843,0,1501,75239892883
126.234,7.92182,19.4514,0,56,53,0,2500,0,0,0,23.7209,14.6843,0,1501,75247814784
107.233,9.32553,19.4514,0,56,53,0,2500,0,0,0,23.7209,14.6843,0,1501,75257140959
127.293,7.85586,19.4514,0,56,53,0,2500,0,0,0,23.7209,14.6843,0,1501,75264998333
133.392,7.49669,19.4514,0,56,53,0,2500,0,0,0,23.7209,14.6843,0,1501,75272495308
98.5004,10.1522,19.4514,0,56,53,0,2500,0,0,0,23.7209,14.6843,0,1501,75282648260
126.6,7.89892,19.4514,0,56,53,0,2500,0,0,0,23.7209,14.6843,0,1501,75290547932
123.739,8.0815,19.4514,0,56,53,0,2500,0,0,0,23.7209,14.6843,0,1501,75298629999
127.512,7.84242,19.4514,0,56,53,0,2500,0,0,0,23.7209,14.6843,0,1501,75306473056
129.462,7.72428,19.4514,0,56,53,0,2500,0,0,0,23.7209,14.6843,0,1501,75314197868
102.451,9.76072,19.4514,0,56,53,0,2500,0,0,0,23.7209,14.6843,0,1501,75323959361
124.204,8.05125,19.4514,0,56,53,0,2500,0,0,0,23.7209,14.6843,0,1501,75332010367
114.402,8.74109,19.4514,0,56,53,0,2500,0,0,0,23.7209,14.6843,0,1501,75340752579
124.488,8.03293,19.4514,0,56,53,0,2500,0,0,0,23.7209,14.6843,0,1501,75348786479
124.117,8.05693,19.4514,0,56,53,0,2500,0,0,0,23.7209,14.6843,0,1501,75356844144
110.028,9.08862,19.4514,0,56,53,0,2500,0,0,0,23.7209,14.6843,0,1501,75365933923
139.351,7.17611,19.4514,0,56,53,0,2500,0,0,0,23.7209,14.6843,0,1501,75373109775
115.068,8.69055,19.4514,0,56,53,0,2500,0,0,0,23.7209,14.6843,0,1501,75381801299
130.631,7.65517,19.4514,0,56,53,0,2500,0,0,0,23.7209,14.6843,0,1501,75389457028
112.145,8.91701,19.4514,0,56,53,0,2500,0,0,0,23.7209,14.6843,0,1501,75398374421
128.245,7.79756,19.4514,0,56,53,0,2500,0,0,0,23.7209,14.6843,0,1501,75406172719
118.04,8.47171,19.4514,0,56,53,0,2500,0,0,0,23.7209,14.6843,0,1501,75414645182
131.992,7.57624,19.4514,0,56,53,0,2500,0,0,0,23.7209,14.6843,0,1501,75422220723
121.2,8.25085,19.4514,0,56,53,0,2500,0,0,0,23.7209,14.6843,0,1501,75430473133
113.643,8.7995,19.4514,0,56,53,0,2500,0,0,0,23.7209,14.6843,0,1501,75439272396
101.553,9.84711,19.4514,0,56,53,0,2500,0,0,0,23.7209,14.6843,0,1501,75449120116
130.112,7.68566,19.4514,0,56,53,0,2500,0,0,0,23.7209,14.6843,0,1501,75456806998
115.275,8.67488,19.4514,0,56,53,0,2500,0,0,0,23.7209,14.6843,0,1501,75465482090
130.172,7.68213,19.4514,0,56,53,0,2500,0,0,0,23.7209,14.6843,0,1501,75473170788
113.701,8.79502,21.5347,0,58,53,0,2500,0,0,0,23.7208,14.6841,0,1600,75481960646
128.698,7.7701,21.5347,0,58,53,0,2500,0,0,0,23.7208,14.6841,0,1600,75489731517
111.284,8.98605,21.5347,0,58,53,0,2500,0,0,0,23.7208,14.6841,0,1600,75498717507
138.923,7.19822,21.5347,0,58,53,0,2500,0,0,0,23.7208,14.6841,0,1600,75505916814
126.728,7.89095,21.5347,0,58,53,0,2500,0,0,0,23.7208,14.6841,0,1600,75513808331
96.3996,10.3735,21.5347,0,58,53,0,2500,0,0,0,23.7208,14.6841,0,1600,75524181777
130.673,7.6527,21.5347,0,58,53,0,2500,0,0,0,23.7208,14.6841,0,1600,75531835728
134.994,7.40774,21.5347,0,58,53,0,2500,0,0,0,23.7208,14.6841,0,1600,75539243885
117.9,8.48177,21.5347,0,58,53,0,2500,0,0,0,23.7208,14.6841,0,1600,75547726298
104.623,9.55811,21.5347,0,58,53,0,2500,0,0,0,23.7208,14.6841,0,1600,75557285351
126.356,7.91417,21.5347,0,58,53,0,2500,0,0,0,23.7208,14.6841,0,1600,75565200323
117.038,8.5442,21.5347,0,58,53,0,2500,0,0,0,23.7208,14.6841,0,1600,75573744673
124.412,8.03782,21.5347,0,58,53,0,2500,0,0,0,23.7208,14.6841,0,1600,75581783383
127.748,7.82792,21.5347,0,58,53,0,2500,0,0,0,23.7208,14.6841,0,1600,75589612057
116.062,8.61612,21.5347,0,58,53,0,2500,0,0,0,23.7208,14.6841,0,1600,75598228771
105.84,9.44824,21.5347,0,58,53,0,2500,0,0,0,23.7208,14.6841,0,1600,75607677929
130.314,7.67375,21.5347,0,58,53,0,2500,0,0,0,23.7208,14.6841,0,1600,75615352120
233.995,4.27359,21.5347,0,58,53,0,2500,0,0,0,23.7208,14.6841,0,1600,75619625073
88.7978,11.2615,21.5347,0,58,53,0,2500,0,0,0,23.7208,14.6841,0,1600,75630887795
112.498,8.88907,21.5347,0,58,53,0,2500,0,0,0,23.7208,14.6841,0,1600,75639776628
115.936,8.62547,21.5347,0,58,53,0,2500,0,0,0,23.7208,14.6841,0,1600,75648402676
125.463,7.97046,21.5347,0,58,53,0,2500,0,0,0,23.7208,14.6841,0,1600,75656373715
108.209,9.24141,21.5347,0,58,53,0,2500,0,0,0,23.7208,14.6841,0,1600,75665615398
236.568,4.22712,21.5347,0,58,53,0,2500,0,0,0,23.7208,14.6841,0,1600,75669843613
90.082,11.101,21.5347,0,58,53,0,2500,0,0,0,23.7208,14.6841,0,1600,75680945666
117.875,8.48355,21.5347,0,58,53,0,2500,0,0,0,23.7208,14.6841,0,1600,75689429068
113.999,8.77203,21.5347,0,58,53,0,2500,0,0,0,23.7208,14.6841,0,1600,75698201506
118.165,8.46276,21.5347,0,58,53,0,2500,0,0,0,23.7208,14.6841,0,1600,75706664978
128.912,7.75724,21.5347,0,58,53,0,2500,0,0,0,23.7208,14.6841,0,1600,75714422823
115.012,8.69471,21.5347,0,58,53,0,2500,0,0,0,23.7208,14.6841,0,1600,75723118779
126.021,7.93516,21.5347,0,58,53,0,2500,0,0,0,23.7208,14.6841,0,1600,75731053954
127.835,7.82257,21.5347,0,58,53,0,2500,0,0,0,23.7208,14.6841,0,1600,75738877367
99.0768,10.0932,21.5347,0,58,53,0,2500,0,0,0,23.7208,14.6841,0,1600,75748971319
134.225,7.45017,21.5347,0,58,53,0,2500,0,0,0,23.7208,14.6841,0,1600,75756422074
133.615,7.4842,21.5347,0,58,53,0,2500,0,0,0,23.7208,14.6841,0,1600,75763907316
111.353,8.98044,21.5347,0,58,53,0,2500,0,0,0,23.7208,14.6841,0,1600,75772887846
119.663,8.35682,21.5347,0,58,53,0,2500,0,0,0,23.7208,14.6841,0,1600,75781245130
116.262,8.60128,21.5347,0,58,53,0,2500,0,0,0,23.7208,14.6841,0,1600,75789847167
120.964,8.26694,21.5347,0,58,53,0,2500,0,0,0,23.7208,14.6841,0,1600,75798114711
124.496,8.03236,21.5347,0,58,53,0,2500,0,0,0,23.7208,14.6841,0,1600,75806148012
115.112,8.68717,21.5347,0,58,53,0,2500,0,0,0,23.7208,14.6841,0,1600,75814835329
124.437,8.03619,21.5347,0,58,53,0,2500,0,0,0,23.7208,14.6841,0,1600,75822872297
118.14,8.46451,21.5347,0,58,53,0,2500,0,0,0,23.7208,14.6841,0,1600,75831337374
115,8.69568,21.5347,0,58,53,0,2500,0,0,0,23.7208,14.6841,0,1600,75840034043
122.202,8.18314,21.5347,0,58,53,0,2500,0,0,0,23.7208,14.6841,0,1600,75848217482
117.544,8.50746,21.5347,0,58,53,0,2500,0,0,0,23.7208,14.6841,0,1600,75856725510
123.638,8.08815,21.5347,0,58,53,0,2500,0,0,0,23.7208,14.6841,0,1600,75864814476
110.607,9.04103,21.5347,0,58,53,0,2500,0,0,0,23.7208,14.6841,0,1600,75873856190
131.364,7.61245,21.5347,0,58,53,0,2500,0,0,0,23.7208,14.6841,0,1600,75881469241
125.563,7.96413,21.5347,0,58,53,0,2500,0,0,0,23.7208,14.6841,0,1600,75889433940
109.592,9.12473,21.5347,0,58,53,0,2500,0,0,0,23.7208,14.6841,0,1600,75898559602
129.123,7.74454,21.5347,0,58,53,0,2500,0,0,0,23.7208,14.6841,0,1600,75906304527
118.424,8.4442,21.5347,0,58,53,0,2500,0,0,0,23.7208,14.6841,0,1600,75914749625
120.685,8.28603,21.5347,0,58,53,0,2500,0,0,0,23.7208,14.6841,0,1600,75923036333
115.274,8.67499,21.5347,0,58,53,0,2500,0,0,0,23.7208,14.6841,0,1600,75931712364
120.868,8.27352,21.5347,0,58,53,0,2500,0,0,0,23.7208,14.6841,0,1600,75939986328
144.362,6.92703,21.5347,0,58,53,0,2500,0,0,0,23.7208,14.6841,0,1600,75946913136
118.598,8.43184,21.5347,0,58,53,0,2500,0,0,0,23.7208,14.6841,0,1600,75955345707
123.773,8.07931,21.5347,0,58,53,0,2500,0,0,0,23.7208,14.6841,0,1600,75963425620
93.7742,10.6639,21.5347,0,58,53,0,2500,0,0,0,23.7208,14.6841,0,1600,75974094640
134.265,7.44798,20.1995,0,60,53,0,2500,0,0,0,23.7209,14.6841,0,1500,75981538867
123.161,8.11944,20.1995,0,60,53,0,2500,0,0,0,23.7209,14.6841,0,1500,75989658913
114.337,8.7461,20.1995,0,60,53,0,2500,0,0,0,23.7209,14.6841,0,1500,75998405531
146.399,6.83066,20.1995,0,60,53,0,2500,0,0,0,23.7209,14.6841,0,1500,76005236805
124.795,8.01314,20.1995,0,60,53,0,2500,0,0,0,23.7209,14.6841,0,1500,76013250597
94.4787,10.5844,20.1995,0,60,53,0,2500,0,0,0,23.7209,14.6841,0,1500,76023835730
126.058,7.93285,20.1995,0,60,53,0,2500,0,0,0,23.7209,14.6841,0,1500,76031769304
124.115,8.05706,20.1995,0,60,53,0,2500,0,0,0,23.7209,14.6841,0,1500,76039826960
142.177,7.03349,20.1995,0,60,53,0,2500,0,0,0,23.7209,14.6841,0,1500,76046861208
121.639,8.22107,20.1995,0,60,53,0,2500,0,0,0,23.7209,14.6841,0,1500,76055082123
122.566,8.15887,20.1995,0,60,53,0,2500,0,0,0,23.7209,14.6841,0,1500,76063241149
119.535,8.36573,20.1995,0,60,53,0,2500,0,0,0,23.7209,14.6841,0,1500,76071608639
117.844,8.48577,20.1995,0,60,53,0,2500,0,0,0,23.7209,14.6841,0,1500,76080094348
123.654,8.08711,20.1995,0,60,53,0,2500,0,0,0,23.7209,14.6841,0,1500,76088181960
102.862,9.72173,20.1995,0,60,53,0,2500,0,0,0,23.7209,14.6841,0,1500,76097905035
111.229,8.99047,20.1995,0,60,53,0,2500,0,0,0,23.7209,14.6841,0,1500,76106896008
127.744,7.82815,20.1995,0,60,53,0,2500,0,0,0,23.7209,14.6841,0,1500,76114727410
118.246,8.45693,20.1995,0,60,53,0,2500,0,0,0,23.7209,14.6841,0,1500,76123182394
119.917,8.33908,20.1995,0,60,53,0,2500,0,0,0,23.7209,14.6841,0,1500,76131522399
110.272,9.0685,20.1995,0,60,53,0,2500,0,0,0,23.7209,14.6841,0,1500,76140591584
120.161,8.32219,20.1995,0,60,53,0,2500,0,0,0,23.7209,14.6841,0,1500,76148914407
116.998,8.54719,20.1995,0,60,53,0,2500,0,0,0,23.7209,14.6841,0,1500,76157462603
124.694,8.01962,20.1995,0,60,53,0,2500,0,0,0,23.7209,14.6841,0,1500,76165482694
124.596,8.02591,20.1995,0,60,53,0,2500,0,0,0,23.7209,14.6841,0,1500,76173509328
121.742,8.21409,20.1995,0,60,53,0,2500,0,0,0,23.7209,14.6841,0,1500,76181724172
117.939,8.47896,20.1995,0,60,53,0,2500,0,0,0,23.7209,14.6841,0,1500,76190203256
124.893,8.00687,20.1995,0,60,53,0,2500,0,0,0,23.7209,14.6841,0,1500,76198210739
116.317,8.5972,20.1995,0,60,53,0,2500,0,0,0,23.7209,14.6841,0,1500,76206808407
117.185,8.53353,20.1995,0,60,53,0,2500,0,0,0,23.7209,14.6841,0,1500,76215342505
205.357,4.86957,20.1995,0,60,53,0,2500,0,0,0,23.7209,14.6841,0,1500,76220212199
98.0149,10.2025,20.1995,0,60,53,0,2500,0,0,0,23.7209,14.6841,0,1500,76230415625
112.711,8.87226,20.1995,0,60,53,0,2500,0,0,0,23.7209,14.6841,0,1500,76239288454
153.895,6.49795,20.1995,0,60,53,0,2500,0,0,0,23.7209,14.6841,0,1500,76245786846
94.2459,10.6105,20.1995,0,60,53,0,2500,0,0,0,23.7209,14.6841,0,1500,76256397861
115.933,8.62569,20.1995,0,60,53,0,2500,0,0,0,23.7209,14.6841,0,1500,76265024391
113.756,8.79077,20.1995,0,60,53,0,2500,0,0,0,23.7209,14.6841,0,1500,76273815628
118.973,8.40524,20.1995,0,60,53,0,2500,0,0,0,23.7209,14.6841,0,1500,76282221531
120.78,8.2795,20.1995,0,60,53,0,2500,0,0,0,23.7209,14.6841,0,1500,76290501952
130.103,7.68624,20.1995,0,60,53,0,2500,0,0,0,23.7209,14.6841,0,1500,76298188710
136.184,7.343,20.1995,0,60,53,0,2500,0,0,0,23.7209,14.6841,0,1500,76305531985
116.08,8.61475,20.1995,0,60,53,0,2500,0,0,0,23.7209,14.6841,0,1500,76314147603
103.866,9.62775,20.1995,0,60,53,0,2500,0,0,0,23.7209,14.6841,0,1500,76323776082
135.998,7.35307,20.1995,0,60,53,0,2500,0,0,0,23.7209,14.6841,0,1500,76331129138
106.588,9.38192,20.1995,0,60,53,0,2500,0,0,0,23.7209,14.6841,0,1500,76340512756
103.683,9.64478,20.1995,0,60,53,0,2500,0,0,0,23.7209,14.6841,0,1500,76350157559
127.882,7.81969,20.1995,0,60,53,0,2500,0,0,0,23.7209,14.6841,0,1500,76357978234
131.548,7.6018,20.1995,0,60,53,0,2500,0,0,0,23.7209,14.6841,0,1500,76365579622
139.289,7.17932,20.1995,0,60,53,0,2500,0,0,0,23.7209,14.6841,0,1500,76372758971
113.016,8.84832,20.1995,0,60,53,0,2500,0,0,0,23.7209,14.6841,0,1500,76381607857
116.256,8.60174,20.1995,0,60,53,0,2500,0,0,0,23.7209,14.6841,0,1500,76390210405
135.075,7.40329,20.1995,0,60,53,0,2500,0,0,0,23.7209,14.6841,0,1500,76397613982
111.175,8.99481,20.1995,0,60,53,0,2500,0,0,0,23.7209,14.6841,0,1500,76406609235
122.198,8.18346,20.1995,0,60,53,0,2500,0,0,0,23.7209,14.6841,0,1500,76414793496
109.31,9.14829,20.1995,0,60,53,0,2500,0,0,0,23.7209,14.6841,0,1500,76423941994
129.477,7.72336,20.1995,0,60,53,0,2500,0,0,0,23.7209,14.6841,0,1500,76431666023
126.291,7.91824,20.1995,0,60,53,0,2500,0,0,0,23.7209,14.6841,0,1500,76439584435
128.928,7.75628,20.1995,0,60,53,0,2500,0,0,0,23.7209,14.6841,0,1500,76447341081
104.615,9.55883,20.1995,0,60,53,0,2500,0,0,0,23.7209,14.6841,0,1500,76456900136
110.534,9.04701,20.1995,0,60,53,0,2500,0,0,0,23.7209,14.6841,0,1500,76465947731
130.58,7.65816,20.1995,0,60,53,0,2500,0,0,0,23.7209,14.6841,0,1500,76473606562
121.769,8.2123,20.1995,0,60,53,0,2500,0,0,0,23.7209,14.6841,0,1500,76481825486
130.965,7.63564,21.0784,0,59,54,0,2500,0,0,0,23.7209,14.684,0,1600,76489455657
130.679,7.65236,21.0784,0,59,54,0,2500,0,0,0,23.7209,14.684,0,1600,76497109172
118.344,8.44996,21.0784,0,59,54,0,2500,0,0,0,23.7209,14.684,0,1600,76505559377
98.6679,10.135,21.0784,0,59,54,0,2500,0,0,0,23.7209,14.684,0,1600,76515695329
124.275,8.04668,21.0784,0,59,54,0,2500,0,0,0,23.7209,14.684,0,1600,76523742448
121.336,8.24155,21.0784,0,59,54,0,2500,0,0,0,23.7209,14.684,0,1600,76531984432
135.453,7.38262,21.0784,0,59,54,0,2500,0,0,0,23.7209,14.684,0,1600,76539367636
99.6107,10.0391,21.0784,0,59,54,0,2500,0,0,0,23.7209,14.684,0,1600,76549407353
133.335,7.4999,21.0784,0,59,54,0,2500,0,0,0,23.7209,14.684,0,1600,76556908025
125.833,7.94706,21.0784,0,59,54,0,2500,0,0,0,23.7209,14.684,0,1600,76564855530
119.604,8.36092,21.0784,0,59,54,0,2500,0,0,0,23.7209,14.684,0,1600,76573216696
121.945,8.20045,21.0784,0,59,54,0,2500,0,0,0,23.7209,14.684,0,1600,76581417131
112.755,8.86876,21.0784,0,59,54,0,2500,0,0,0,23.7209,14.684,0,1600,76590286899
128.774,7.76556,21.0784,0,59,54,0,2500,0,0,0,23.7209,14.684,0,1600,76598053301
112.564,8.88383,21.0784,0,59,54,0,2500,0,0,0,23.7209,14.684,0,1600,76606937881
124.951,8.00316,21.0784,0,59,54,0,2500,0,0,0,23.7209,14.684,0,1600,76614941639
114.341,8.74573,21.0784,0,59,54,0,2500,0,0,0,23.7209,14.684,0,1600,76623687133
129.549,7.71907,21.0784,0,59,54,0,2500,0,0,0,23.7209,14.684,0,1600,76631406930
102.563,9.75012,21.0784,0,59,54,0,2500,0,0,0,23.7209,14.684,0,1600,76641157498
130.437,7.66653,21.0784,0,59,54,0,2500,0,0,0,23.7209,14.684,0,1600,76648825248
127.911,7.81795,21.0784,0,59,54,0,2500,0,0,0,23.7209,14.684,0,1600,76656643370
112.43,8.89444,21.0784,0,59,54,0,2500,0,0,0,23.7209,14.684,0,1600,76665538367
125.205,7.98692,21.0784,0,59,54,0,2500,0,0,0,23.7209,14.684,0,1600,76673525092
115.988,8.62156,21.0784,0,59,54,0,2500,0,0,0,23.7209,14.684,0,1600,76682147831
132.925,7.52304,21.0784,0,59,54,0,2500,0,0,0,23.7209,14.684,0,1600,76689671249
126.456,7.90789,21.0784,0,59,54,0,2500,0,0,0,23.7209,14.684,0,1600,76697579939
130.236,7.67837,21.0784,0,59,54,0,2500,0,0,0,23.7209,14.684,0,1600,76705259176
115.102,8.68796,21.0784,0,59,54,0,2500,0,0,0,23.7209,14.684,0,1600,76713947211
94.6152,10.5691,21.0784,0,59,54,0,2500,0,0,0,23.7209,14.684,0,1600,76724516787
284.493,3.51502,21.0784,0,59,54,0,2500,0,0,0,23.7209,14.684,0,1600,76728031572
77.3256,12.9323,21.0784,0,59,54,0,2500,0,0,0,23.7209,14.684,0,1600,76740965393
122.964,8.13245,21.0784,0,59,54,0,2500,0,0,0,23.7209,14.684,0,1600,76749098472
136.266,7.3386,21.0784,0,59,54,0,2500,0,0,0,23.7209,14.684,0,1600,76756437977
105.526,9.47632,21.0784,0,59,54,0,2500,0,0,0,23.7209,14.684,0,1600,76765914689
224.018,4.46393,21.0784,0,59,54,0,2500,0,0,0,23.7209,14.684,0,1600,76770378759
86.4376,11.569,21.0784,0,59,54,0,2500,0,0,0,23.7209,14.684,0,1600,76781947795
117.882,8.48307,21.0784,0,59,54,0,2500,0,0,0,23.7209,14.684,0,1600,76790432323
115.305,8.67262,21.0784,0,59,54,0,2500,0,0,0,23.7209,14.684,0,1600,76799105125
121.423,8.23569,21.0784,0,59,54,0,2500,0,0,0,23.7209,14.684,0,1600,76807341653
127.889,7.81931,21.0784,0,59,54,0,2500,0,0,0,23.7209,14.684,0,1600,76815161913
125.064,7.99589,21.0784,0,59,54,0,2500,0,0,0,23.7209,14.684,0,1600,76823157482
120.184,8.32055,21.0784,0,59,54,0,2500,0,0,0,23.7209,14.684,0,1600,76831478559
106.28,9.40913,21.0784,0,59,54,0,2500,0,0,0,23.7209,14.684,0,1600,76840888666
136.186,7.34292,21.0784,0,59,54,0,2500,0,0,0,23.7209,14.684,0,1600,76848232165
106.55,9.38526,21.0784,0,59,54,0,2500,0,0,0,23.7209,14.684,0,1600,76857617409
127.407,7.84885,21.0784,0,59,54,0,2500,0,0,0,23.7209,14.684,0,1600,76865467038
128.728,7.76833,21.0784,0,59,54,0,2500,0,0,0,23.7209,14.684,0,1600,76873235619
131.712,7.5923,21.0784,0,59,54,0,2500,0,0,0,23.7209,14.684,0,1600,76880828099
98.4512,10.1573,21.0784,0,59,54,0,2500,0,0,0,23.7209,14.684,0,1600,76890986356
117.89,8.48251,21.0784,0,59,54,0,2500,0,0,0,23.7209,14.684,0,1600,76899468965
124.413,8.03775,21.0784,0,59,54,0,2500,0,0,0,23.7209,14.684,0,1600,76907507362
127.594,7.83738,21.0784,0,59,54,0,2500,0,0,0,23.7209,14.684,0,1600,76915344486
124.589,8.02639,21.0784,0,59,54,0,2500,0,0,0,23.7209,14.684,0,1600,76923371540
124.867,8.00849,21.0784,0,59,54,0,2500,0,0,0,23.7209,14.684,0,1600,76931380038
102.56,9.75039,21.0784,0,59,54,0,2500,0,0,0,23.7209,14.684,0,1600,76941131885
128.029,7.81073,21.0784,0,59,54,0,2500,0,0,0,23.7209,14.684,0,1600,76948943568
138.027,7.24496,21.0784,0,59,54,0,2500,0,0,0,23.7209,14.684,0,1600,76956188163
104.291,9.58855,21.0784,0,59,54,0,2500,0,0,0,23.7209,14.684,0,1600,76965777921
122.702,8.14981,21.0784,0,59,54,0,2500,0,0,0,23.7209,14.684,0,1600,76973928361
119.65,8.35773,21.0784,0,59,54,0,2500,0,0,0,23.7209,14.684,0,1600,76982290769
124.724,8.01773,21.1443,0,56,54,0,2500,0,0,0,23.7224,14.684,0,1500,76990304235
117.044,8.54382,21.1443,0,56,54,0,2500,0,0,0,23.7224,14.684,0,1500,76998848321
115.468,8.66043,21.1443,0,56,54,0,2500,0,0,0,23.7224,14.684,0,1500,77007509298
129.085,7.74682,21.1443,0,56,54,0,2500,0,0,0,23.7224,14.684,0,1500,77015256590
120.15,8.32291,21.1443,0,56,54,0,2500,0,0,0,23.7224,14.684,0,1500,77023580783
133.297,7.50203,21.1443,0,56,54,0,2500,0,0,0,23.7224,14.684,0,1500,77031082618
118.158,8.46328,21.1443,0,56,54,0,2500,0,0,0,23.7224,14.684,0,1500,77039546948
124.457,8.03491,21.1443,0,56,54,0,2500,0,0,0,23.7224,14.684,0,1500,77047582805
96.2384,10.3909,21.1443,0,56,54,0,2500,0,0,0,23.7224,14.684,0,1500,77057974311
128.736,7.76785,21.1443,0,56,54,0,2500,0,0,0,23.7224,14.684,0,1500,77065743158
127.39,7.84994,21.1443,0,56,54,0,2500,0,0,0,23.7224,14.684,0,1500,77073592465
119.503,8.36799,21.1443,0,56,54,0,2500,0,0,0,23.7224,14.684,0,1500,77081961796
137.402,7.27792,21.1443,0,56,54,0,2500,0,0,0,23.7224,14.684,0,1500,77089240042
126.419,7.91023,21.1443,0,56,54,0,2500,0,0,0,23.7224,14.684,0,1500,77097150966
97.6633,10.2393,21.1443,0,56,54,0,2500,0,0,0,23.7224,14.684,0,1500,77107391072
121.602,8.22354,21.1443,0,56,54,0,2500,0,0,0,23.7224,14.684,0,1500,77115615224
118.453,8.44218,21.1443,0,56,54,0,2500,0,0,0,23.7224,14.684,0,1500,77124057976
131.842,7.58484,21.1443,0,56,54,0,2500,0,0,0,23.7224,14.684,0,1500,77131643488
108.193,9.24277,21.1443,0,56,54,0,2500,0,0,0,23.7224,14.684,0,1500,77140887254
127.491,7.8437,21.1443,0,56,54,0,2500,0,0,0,23.7224,14.684,0,1500,77148731127
118.401,8.4459,21.1443,0,56,54,0,2500,0,0,0,23.7224,14.684,0,1500,77157177897
126.563,7.90123,21.1443,0,56,54,0,2500,0,0,0,23.7224,14.684,0,1500,77165079970
109.838,9.10435,21.1443,0,56,54,0,2500,0,0,0,23.7224,14.684,0,1500,77174185204
126.155,7.92676,21.1443,0,56,54,0,2500,0,0,0,23.7224,14.684,0,1500,77182112325
124.899,8.00646,21.1443,0,56,54,0,2500,0,0,0,23.7224,14.684,0,1500,77190119439
123.932,8.06893,21.1443,0,56,54,0,2500,0,0,0,23.7224,14.684,0,1500,77198188680
129.254,7.73671,21.1443,0,56,54,0,2500,0,0,0,23.7224,14.684,0,1500,77205926049
129.204,7.73971,21.1443,0,56,54,0,2500,0,0,0,23.7224,14.684,0,1500,77213666570
114.713,8.71739,21.1443,0,56,54,0,2500,0,0,0,23.7224,14.684,0,1500,77222384459
106.447,9.39431,21.1443,0,56,54,0,2500,0,0,0,23.7224,14.684,0,1500,77231779246
110.347,9.06228,21.1443,0,56,54,0,2500,0,0,0,23.7224,14.684,0,1500,77240842662
125.83,7.9472,21.1443,0,56,54,0,2500,0,0,0,23.7224,14.684,0,1500,77248790586
117.109,8.53907,21.1443,0,56,54,0,2500,0,0,0,23.7224,14.684,0,1500,77257329968
215.488,4.64063,21.1443,0,56,54,0,2500,0,0,0,23.7224,14.684,0,1500,77261970898
98.5227,10.1499,21.1443,0,56,54,0,2500,0,0,0,23.7224,14.684,0,1500,77272121651
97.4358,10.2632,21.1443,0,56,54,0,2500,0,0,0,23.7224,14.684,0,1500,77282385682
217.12,4.60576,21.1443,0,56,54,0,2500,0,0,0,23.7224,14.684,0,1500,77286992212
86.351,11.5806,21.1443,0,56,54,0,2500,0,0,0,23.7224,14.684,0,1500,77298573678
119.56,8.364,21.1443,0,56,54,0,2500,0,0,0,23.7224,14.684,0,1500,77306937690
111.306,8.98421,21.1443,0,56,54,0,2500,0,0,0,23.7224,14.684,0,1500,77315922958
139.438,7.17166,21.1443,0,56,54,0,2500,0,0,0,23.7224,14.684,0,1500,77323095736
140.117,7.13691,21.1443,0,56,54,0,2500,0,0,0,23.7224,14.684,0,1500,77330232836
114.516,8.7324,21.1443,0,56,54,0,2500,0,0,0,23.7224,14.684,0,1500,77338965655
103.508,9.66107,21.1443,0,56,54,0,2500,0,0,0,23.7224,14.684,0,1500,77348627791
114.722,8.71676,21.1443,0,56,54,0,2500,0,0,0,23.7224,14.684,0,1500,77357345318
118.012,8.47372,21.1443,0,56,54,0,2500,0,0,0,23.7224,14.684,0,1500,77365820018
121.673,8.21873,21.1443,0,56,54,0,2500,0,0,0,23.7224,14.684,0,1500,77374039013
129.932,7.69632,21.1443,0,56,54,0,2500,0,0,0,23.7224,14.684,0,1500,77381734882
127.168,7.86361,21.1443,0,56,54,0,2500,0,0,0,23.7224,14.684,0,1500,77389598957
123.73,8.08212,21.1443,0,56,54,0,2500,0,0,0,23.7224,14.684,0,1500,77397682526
99.5249,10.0477,21.1443,0,56,54,0,2500,0,0,0,23.7224,14.684,0,1500,77407730796
124.36,8.04117,21.1443,0,56,54,0,2500,0,0,0,23.7224,14.684,0,1500,77415772810
128.39,7.78879,21.1443,0,56,54,0,2500,0,0,0,23.7224,14.684,0,1500,77423562324
138.612,7.21441,21.1443,0,56,54,0,2500,0,0,0,23.7224,14.684,0,1500,77430777202
123.455,8.10013,21.1443,0,56,54,0,2500,0,0,0,23.7224,14.684,0,1500,77438878211
117.305,8.52478,21.1443,0,56,54,0,2500,0,0,0,23.7224,14.684,0,1500,77447403805
104.792,9.54273,21.1443,0,56,54,0,2500,0,0,0,23.7224,14.684,0,1500,77456946974
113.245,8.8304,21.1443,0,56,54,0,2500,0,0,0,23.7224,14.684,0,1500,77465778207
122.571,8.15854,21.1443,0,56,54,0,2500,0,0,0,23.7224,14.684,0,1500,77473937419
129.763,7.70634,21.1443,0,56,54,0,2500,0,0,0,23.7224,14.684,0,1500,77481644028
118.189,8.46102,21.1443,0,56,54,0,2500,0,0,0,23.7224,14.684,0,1500,77490110927
114.349,8.74516,21.1302,0,58,54,0,2500,0,0,0,23.7224,14.6839,0,1600,77498851642
131.369,7.61213,21.1302,0,58,54,0,2500,0,0,0,23.7224,14.6839,0,1600,77506463638
121.432,8.23507,21.1302,0,58,54,0,2500,0,0,0,23.7224,14.6839,0,1600,77514699090
98.5813,10.1439,21.1302,0,58,54,0,2500,0,0,0,23.7224,14.6839,0,1600,77524843926
163.055,6.1329,21.1302,0,58,54,0,2500,0,0,0,23.7224,14.6839,0,1600,77530976773
122.219,8.18202,21.1302,0,58,54,0,2500,0,0,0,23.7224,14.6839,0,1600,77539159569
97.9924,10.2049,21.1302,0,58,54,0,2500,0,0,0,23.7224,14.6839,0,1600,77549365495
130.314,7.67377,21.1302,0,58,54,0,2500,0,0,0,23.7224,14.6839,0,1600,77557039737
118.991,8.40402,21.1302,0,58,54,0,2500,0,0,0,23.7224,14.6839,0,1600,77565443821
122.356,8.17289,21.1302,0,58,54,0,2500,0,0,0,23.7224,14.6839,0,1600,77573617253
125.759,7.95173,21.1302,0,58,54,0,2500,0,0,0,23.7224,14.6839,0,1600,77581568955
103.51,9.66094,21.1302,0,58,54,0,2500,0,0,0,23.7224,14.6839,0,1600,77591230655
150.547,6.64243,21.1302,0,58,54,0,2500,0,0,0,23.7224,14.6839,0,1600,77597873069
140.85,7.09978,21.1302,0,58,54,0,2500,0,0,0,23.7224,14.6839,0,1600,77604973786
93.9889,10.6395,21.1302,0,58,54,0,2500,0,0,0,23.7224,14.6839,0,1600,77615620762
138.962,7.19619,21.1302,0,58,54,0,2500,0,0,0,23.7224,14.6839,0,1600,77622809953
127.011,7.87332,21.1302,0,58,54,0,2500,0,0,0,23.7224,14.6839,0,1600,77630684588
101.503,9.85196,21.1302,0,58,54,0,2500,0,0,0,23.7224,14.6839,0,1600,77640537203
143.589,6.96434,21.1302,0,58,54,0,2500,0,0,0,23.7224,14.6839,0,1600,77647502466
108.386,9.22626,21.1302,0,58,54,0,2500,0,0,0,23.7224,14.6839,0,1600,77656729189
120.528,8.29684,21.1302,0,58,54,0,2500,0,0,0,23.7224,14.6839,0,1600,77665027161
123.651,8.08729,21.1302,0,58,54,0,2500,0,0,0,23.7224,14.6839,0,1600,77673115056
125.684,7.95646,21.1302,0,58,54,0,2500,0,0,0,23.7224,14.6839,0,1600,77681071822
127.315,7.85451,21.1302,0,58,54,0,2500,0,0,0,23.7224,14.6839,0,1600,77688927437
118.857,8.41348,21.1302,0,58,54,0,2500,0,0,0,23.7224,14.6839,0,1600,77697341285
116.056,8.61654,21.1302,0,58,54,0,2500,0,0,0,23.7224,14.6839,0,1600,77705958458
103.725,9.64091,21.1302,0,58,54,0,2500,0,0,0,23.7224,14.6839,0,1600,77715600189
118.094,8.46781,21.1302,0,58,54,0,2500,0,0,0,23.7224,14.6839,0,1600,77724068141
123.628,8.08881,21.1302,0,58,54,0,2500,0,0,0,23.7224,14.6839,0,1600,77732157277
138.002,7.24625,21.1302,0,58,54,0,2500,0,0,0,23.7224,14.6839,0,1600,77739404936
184.273,5.42674,21.1302,0,58,54,0,2500,0,0,0,23.7224,14.6839,0,1600,77744831631
79.4806,12.5817,21.1302,0,58,54,0,2500,0,0,0,23.7224,14.6839,0,1600,77757414086
134.677,7.4252,21.1302,0,58,54,0,2500,0,0,0,23.7224,14.6839,0,1600,77764840462
137.329,7.28181,21.1302,0,58,54,0,2500,0,0,0,23.7224,14.6839,0,1600,77772122881
102.772,9.73023,21.1302,0,58,54,0,2500,0,0,0,23.7224,14.6839,0,1600,77781853391
110.761,9.02848,21.1302,0,58,54,0,2500,0,0,0,23.7224,14.6839,0,1600,77790882223
120.323,8.31097,21.1302,0,58,54,0,2500,0,0,0,23.7224,14.6839,0,1600,77799193892
128.646,7.77325,21.1302,0,58,54,0,2500,0,0,0,23.7224,14.6839,0,1600,77806968106
122.618,8.15542,21.1302,0,58,54,0,2500,0,0,0,23.7224,14.6839,0,1600,77815123811
124.455,8.03501,21.1302,0,58,54,0,2500,0,0,0,23.7224,14.6839,0,1600,77823159491
117.515,8.50955,21.1302,0,58,54,0,2500,0,0,0,23.7224,14.6839,0,1600,77831670049
117.311,8.52438,21.1302,0,58,54,0,2500,0,0,0,23.7224,14.6839,0,1600,77840194505
118.561,8.43448,21.1302,0,58,54,0,2500,0,0,0,23.7224,14.6839,0,1600,77848628666
124.07,8.05994,21.1302,0,58,54,0,2500,0,0,0,23.7224,14.6839,0,1600,77856689365
116.543,8.58055,21.1302,0,58,54,0,2500,0,0,0,23.7224,14.6839,0,1600,77865270297
132.574,7.54296,21.1302,0,58,54,0,2500,0,0,0,23.7224,14.6839,0,1600,77872814356
107.974,9.26153,21.1302,0,58,54,0,2500,0,0,0,23.7224,14.6839,0,1600,77882076573
120.124,8.32472,21.1302,0,58,54,0,2500,0,0,0,23.7224,14.6839,0,1600,77890401743
120.065,8.32882,21.1302,0,58,54,0,2500,0,0,0,23.7224,14.6839,0,1600,77898730976
126.964,7.87623,21.1302,0,58,54,0,2500,0,0,0,23.7224,14.6839,0,1600,77906607302
120.029,8.3313,21.1302,0,58,54,0,2500,0,0,0,23.7224,14.6839,0,1600,77914939140
109.144,9.16217,21.1302,0,58,54,0,2500,0,0,0,23.7224,14.6839,0,1600,77924101698
142.905,6.99764,21.1302,0,58,54,0,2500,0,0,0,23.7224,14.6839,0,1600,77931099657
111.813,8.94352,21.1302,0,58,54,0,2500,0,0,0,23.7224,14.6839,0,1600,77940044185
118.732,8.42236,21.1302,0,58,54,0,2500,0,0,0,23.7224,14.6839,0,1600,77948466486
115.723,8.64136,21.1302,0,58,54,0,2500,0,0,0,23.7224,14.6839,0,1600,77957108569
111.531,8.96612,21.1302,0,58,54,0,2500,0,0,0,23.7224,14.6839,0,1600,77966074479
141.804,7.05198,21.1302,0,58,54,0,2500,0,0,0,23.7224,14.6839,0,1600,77973128350
111.059,9.00421,21.1302,0,58,54,0,2500,0,0,0,23.7224,14.6839,0,1600,77982132427
123.796,8.07783,21.1302,0,58,54,0,2500,0,0,0,23.7224,14.6839,0,1600,77990215542
134.151,7.45431,21.4464,0,60,54,0,2500,0,0,0,23.723,14.6839,0,1601,77997665411
128.836,7.76183,21.4464,0,60,54,0,2500,0,0,0,23.723,14.6839,0,1601,78005427773
111.657,8.95604,21.4464,0,60,54,0,2500,0,0,0,23.723,14.6839,0,1601,78014384005
114.843,8.70753,21.4464,0,60,54,0,2500,0,0,0,23.723,14.6839,0,1601,78023091884
101.571,9.84534,21.4464,0,60,54,0,2500,0,0,0,23.723,14.6839,0,1601,78032938075
132.685,7.53665,21.4464,0,60,54,0,2500,0,0,0,23.723,14.6839,0,1601,78040474555
143.461,6.97054,21.4464,0,60,54,0,2500,0,0,0,23.723,14.6839,0,1601,78047445337
96.9742,10.312,21.4464,0,60,54,0,2500,0,0,0,23.723,14.6839,0,1601,78057758907
139.076,7.19033,21.4464,0,60,54,0,2500,0,0,0,23.723,14.6839,0,1601,78064949674
138.203,7.23573,21.4464,0,60,54,0,2500,0,0,0,23.723,14.6839,0,1601,78072185932
100.357,9.96446,21.4464,0,60,54,0,2500,0,0,0,23.723,14.6839,0,1601,78082151276
135.374,7.38696,21.4464,0,60,54,0,2500,0,0,0,23.723,14.6839,0,1601,78089538590
129.961,7.69464,21.4464,0,60,54,0,2500,0,0,0,23.723,14.6839,0,1601,78097233674
96.907,10.3192,21.4464,0,60,54,0,2500,0,0,0,23.723,14.6839,0,1601,78107552637
148.878,6.71691,21.4464,0,60,54,0,2500,0,0,0,23.723,14.6839,0,1601,78114270155
108.564,9.21119,21.4464,0,60,54,0,2500,0,0,0,23.723,14.6839,0,1601,78123482322
140.887,7.09788,21.4464,0,60,54,0,2500,0,0,0,23.723,14.6839,0,1601,78130580565
102.736,9.7337,21.4464,0,60,54,0,2500,0,0,0,23.723,14.6839,0,1601,78140315265
129.538,7.71974,21.4464,0,60,54,0,2500,0,0,0,23.723,14.6839,0,1601,78148035941
125.225,7.98563,21.4464,0,60,54,0,2500,0,0,0,23.723,14.6839,0,1601,78156021961
104.714,9.54987,21.4464,0,60,54,0,2500,0,0,0,23.723,14.6839,0,1601,78165572532
125.276,7.98235,21.4464,0,60,54,0,2500,0,0,0,23.723,14.6839,0,1601,78173555895
134.819,7.41733,21.4464,0,60,54,0,2500,0,0,0,23.723,14.6839,0,1601,78180973326
118.081,8.46877,21.4464,0,60,54,0,2500,0,0,0,23.723,14.6839,0,1601,78189442835
127.819,7.82359,21.4464,0,60,54,0,2500,0,0,0,23.723,14.6839,0,1601,78197266758
106.159,9.41979,21.4464,0,60,54,0,2500,0,0,0,23.723,14.6839,0,1601,78206687132
124.952,8.0031,21.4464,0,60,54,0,2500,0,0,0,23.723,14.6839,0,1601,78214691042
133.452,7.49331,21.4464,0,60,54,0,2500,0,0,0,23.723,14.6839,0,1601,78222184957
178.279,5.60919,21.4464,0,60,54,0,2500,0,0,0,23.723,14.6839,0,1601,78227793595
93.8948,10.6502,21.4464,0,60,54,0,2500,0,0,0,23.723,14.6839,0,1601,78238444116
117.025,8.54521,21.4464,0,60,54,0,2500,0,0,0,23.723,14.6839,0,1601,78246990277
93.9839,10.6401,21.4464,0,60,54,0,2500,0,0,0,23.723,14.6839,0,1601,78257630826
141.746,7.05485,21.4464,0,60,54,0,2500,0,0,0,23.723,14.6839,0,1601,78264686301
130.426,7.66721,21.4464,0,60,54,0,2500,0,0,0,23.723,14.6839,0,1601,78272354211
123.815,8.07654,21.4464,0,60,54,0,2500,0,0,0,23.723,14.6839,0,1601,78280430781
118.694,8.42499,21.4464,0,60,54,0,2500,0,0,0,23.723,14.6839,0,1601,78288856160
93.9235,10.647,21.4464,0,60,54,0,2500,0,0,0,23.723,14.6839,0,1601,78299503284
124.91,8.00575,21.4464,0,60,54,0,2500,0,0,0,23.723,14.6839,0,1601,78307509505
137.869,7.25328,21.4464,0,60,54,0,2500,0,0,0,23.723,14.6839,0,1601,78314764181
112.431,8.89433,21.4464,0,60,54,0,2500,0,0,0,23.723,14.6839,0,1601,78323659189
113.056,8.84516,21.4464,0,60,54,0,2500,0,0,0,23.723,14.6839,0,1601,78332504782
116.675,8.57084,21.4464,0,60,54,0,2500,0,0,0,23.723,14.6839,0,1601,78341075573
143.878,6.95035,21.4464,0,60,54,0,2500,0,0,0,23.723,14.6839,0,1601,78348025734
133.189,7.50812,21.4464,0,60,54,0,2500,0,0,0,23.723,14.6839,0,1601,78355534494
106.808,9.36255,21.4464,0,60,54,0,2500,0,0,0,23.723,14.6839,0,1601,78364897556
113.134,8.8391,21.4464,0,60,54,0,2500,0,0,0,23.723,14.6839,0,1601,78373737010
109.983,9.09228,21.4464,0,60,54,0,2500,0,0,0,23.723,14.6839,0,1601,78382829871
156.02,6.40945,21.4464,0,60,54,0,2500,0,0,0,23.723,14.6839,0,1601,78389239118
110.332,9.06356,21.4464,0,60,54,0,2500,0,0,0,23.723,14.6839,0,1601,78398303301
140.141,7.13567,21.4464,0,60,54,0,2500,0,0,0,23.723,14.6839,0,1601,78405439858
93.8447,10.6559,21.4464,0,60,54,0,2500,0,0,0,23.723,14.6839,0,1601,78416096438
130.303,7.67444,21.4464,0,60,54,0,2500,0,0,0,23.723,14.6839,0,1601,78423770871
130.846,7.64257,21.4464,0,60,54,0,2500,0,0,0,23.723,14.6839,0,1601,78431414173
111.112,8.99989,21.4464,0,60,54,0,2500,0,0,0,23.723,14.6839,0,1601,78440415146
115.399,8.66559,21.4464,0,60,54,0,2500,0,0,0,23.723,14.6839,0,1601,78449081673
136.925,7.30327,21.4464,0,60,54,0,2500,0,0,0,23.723,14.6839,0,1601,78456385056
135.387,7.38624,21.4464,0,60,54,0,2500,0,0,0,23.723,14.6839,0,1601,78463771637
97.9006,10.2144,21.4464,0,60,54,0,2500,0,0,0,23.723,14.6839,0,1601,78473986618
147.123,6.79703,21.4464,0,60,54,0,2500,0,0,0,23.723,14.6839,0,1601,78480784536
97.267,10.281,21.4464,0,60,54,0,2500,0,0,0,23.723,14.6839,0,1601,78491070023
130.674,7.65266,22.0844,0,59,54,0,2500,0,0,0,23.7224,14.6839,0,1500,78498718511
130.846,7.64258,22.0844,0,59,54,0,2500,0,0,0,23.7224,14.6839,0,1500,78506360946
106.733,9.36914,22.0844,0,59,54,0,2500,0,0,0,23.7224,14.6839,0,1500,78515731693
122.745,8.14694,22.0844,0,59,54,0,2500,0,0,0,23.7224,14.6839,0,1500,78523878934
125.713,7.95463,22.0844,0,59,54,0,2500,0,0,0,23.7224,14.6839,0,1500,78531834161
114.669,8.72078,22.0844,0,59,54,0,2500,0,0,0,23.7224,14.6839,0,1500,78540555868
117.696,8.49645,22.0844,0,59,54,0,2500,0,0,0,23.7224,14.6839,0,1500,78549052716
119.093,8.39678,22.0844,0,59,54,0,2500,0,0,0,23.7224,14.6839,0,1500,78557450219
114.525,8.73168,22.0844,0,59,54,0,2500,0,0,0,23.7224,14.6839,0,1500,78566182606
127.502,7.843,22.0844,0,59,54,0,2500,0,0,0,23.7224,14.6839,0,1500,78574026039
131.928,7.57987,22.0844,0,59,54,0,2500,0,0,0,23.7224,14.6839,0,1500,78581606462
117.218,8.53111,22.0844,0,59,54,0,2500,0,0,0,23.7224,14.6839,0,1500,78590138230
109.998,9.09103,22.0844,0,59,54,0,2500,0,0,0,23.7224,14.6839,0,1500,78599230049
127.396,7.84953,22.0844,0,59,54,0,2500,0,0,0,23.7224,14.6839,0,1500,78607080651
119.642,8.35827,22.0844,0,59,54,0,2500,0,0,0,23.7224,14.6839,0,1500,78615439554
115.474,8.65996,22.0844,0,59,54,0,2500,0,0,0,23.7224,14.6839,0,1500,78624100438
125.346,7.97793,22.0844,0,59,54,0,2500,0,0,0,23.7224,14.6839,0,1500,78632079474
127.286,7.85632,22.0844,0,59,54,0,2500,0,0,0,23.7224,14.6839,0,1500,78639935612
108.608,9.20745,22.0844,0,59,54,0,2500,0,0,0,23.7224,14.6839,0,1500,78649144181
210.222,4.75687,22.0844,0,59,54,0,2500,0,0,0,23.7224,14.6839,0,1500,78653901888
19.3682,51.631,22.0844,0,59,54,0,2500,0,0,0,23.7224,14.6839,0,1500,78705532538
163.959,6.09909,22.0844,0,59,54,0,2500,0,0,0,23.7224,14.6839,0,1500,78711632241
180.697,5.53412,22.0844,0,59,54,0,2500,0,0,0,23.7224,14.6839,0,1500,78717166863
437.794,2.28418,22.0844,0,59,54,0,2500,0,0,0,23.7224,14.6839,0,1500,78719451635
200.236,4.99411,22.0844,0,59,54,0,2500,0,0,0,23.7224,14.6839,0,1500,78724445596
120.454,8.30192,22.0844,0,59,54,0,2500,0,0,0,23.7224,14.6839,0,1500,78732747959
94.6483,10.5654,22.0844,0,59,54,0,2500,0,0,0,23.7224,14.6839,0,1500,78743313817
145.076,6.89295,22.0844,0,59,54,0,2500,0,0,0,23.7224,14.6839,0,1500,78750207122
127.072,7.86957,22.0844,0,59,54,0,2500,0,0,0,23.7224,14.6839,0,1500,78758078263
119.279,8.38374,22.0844,0,59,54,0,2500,0,0,0,23.7224,14.6839,0,1500,78766462245
122.069,8.19206,22.0844,0,59,54,0,2500,0,0,0,23.7224,14.6839,0,1500,78774654253
120.805,8.2778,22.0844,0,59,54,0,2500,0,0,0,23.7224,14.6839,0,1500,78782932390
107.918,9.26633,22.0844,0,59,54,0,2500,0,0,0,23.7224,14.6839,0,1500,78792199326
126.529,7.90333,22.0844,0,59,54,0,2500,0,0,0,23.7224,14.6839,0,1500,78800103732
123.092,8.124,22.0844,0,59,54,0,2500,0,0,0,23.7224,14.6839,0,1500,78808228220
95.8329,10.4348,22.0844,0,59,54,0,2500,0,0,0,23.7224,14.6839,0,1500,78818662917
148.156,6.74962,22.0844,0,59,54,0,2500,0,0,0,23.7224,14.6839,0,1500,78825413996
134.134,7.45525,22.0844,0,59,54,0,2500,0,0,0,23.7224,14.6839,0,1500,78832869482
118.795,8.41786,22.0844,0,59,54,0,2500,0,0,0,23.7224,14.6839,0,1500,78841286834
118.303,8.4529,22.0844,0,59,54,0,2500,0,0,0,23.7224,14.6839,0,1500,78849741644
94.2601,10.6089,22.0844,0,59,54,0,2500,0,0,0,23.7224,14.6839,0,1500,78860350772
147.161,6.7953,22.0844,0,59,54,0,2500,0,0,0,23.7224,14.6839,0,1500,78867146536
131.989,7.57641,22.0844,0,59,54,0,2500,0,0,0,23.7224,14.6839,0,1500,78874723241
119.048,8.39996,22.0844,0,59,54,0,2500,0,0,0,23.7224,14.6839,0,1500,78883123717
121.338,8.24142,22.0844,0,59,54,0,2500,0,0,0,23.7224,14.6839,0,1500,78891365861
118.634,8.4293,22.0844,0,59,54,0,2500,0,0,0,23.7224,14.6839,0,1500,78899795504
177.595,5.63077,22.0844,0,59,54,0,2500,0,0,0,23.7224,14.6839,0,1500,78905426207
90.0752,11.1018,22.0844,0,59,54,0,2500,0,0,0,23.7224,14.6839,0,1500,78916529608
120.549,8.2954,22.0844,0,59,54,0,2500,0,0,0,23.7224,14.6839,0,1500,78924825263
120.718,8.28374,22.0844,0,59,54,0,2500,0,0,0,23.7224,14.6839,0,1500,78933109076
124.083,8.05914,22.0844,0,59,54,0,2500,0,0,0,23.7224,14.6839,0,1500,78941168507
112.6,8.88101,22.0844,0,59,54,0,2500,0,0,0,23.7224,14.6839,0,1500,78950050572
122.244,8.18039,22.0844,0,59,54,0,2500,0,0,0,23.7224,14.6839,0,1500,78958230947
122.22,8.18199,22.0844,0,59,54,0,2500,0,0,0,23.7224,14.6839,0,1500,78966412754
100.86,9.91477,22.0844,0,59,54,0,2500,0,0,0,23.7224,14.6839,0,1500,78976327828
147.939,6.75953,22.0844,0,59,54,0,2500,0,0,0,23.7224,14.6839,0,1500,78983087706
119.944,8.33725,22.0844,0,59,54,0,2500,0,0,0,23.7224,14.6839,0,1500,78991432989
115.65,8.64676,19.9501,0,54,54,0,2500,0,0,0,23.7225,14.6839,0,1500,79000073386
96.0525,10.411,19.9501,0,54,54,0,2500,0,0,0,23.7225,14.6839,0,1500,79010484489
151.255,6.61136,19.9501,0,54,54,0,2500,0,0,0,23.7225,14.6839,0,1500,79017096608
137.343,7.28105,19.9501,0,54,54,0,2500,0,0,0,23.7225,14.6839,0,1500,79024377419
110.919,9.0156,19.9501,0,54,54,0,2500,0,0,0,23.7225,14.6839,0,1500,79033393680
125.428,7.9727,19.9501,0,54,54,0,2500,0,0,0,23.7225,14.6839,0,1500,79041367559
112.594,8.88144,19.9501,0,54,54,0,2500,0,0,0,23.7225,14.6839,0,1500,79050249719
108.2,9.24217,19.9501,0,54,54,0,2500,0,0,0,23.7225,14.6839,0,1500,79059491976
101.454,9.8567,19.9501,0,54,54,0,2500,0,0,0,23.7225,14.6839,0,1500,79069349937
128.693,7.7704,19.9501,0,54,54,0,2500,0,0,0,23.7225,14.6839,0,1500,79077120981
147.266,6.79042,19.9501,0,54,54,0,2500,0,0,0,23.7225,14.6839,0,1500,79083911722
96.8128,10.3292,19.9501,0,54,54,0,2500,0,0,0,23.7225,14.6839,0,1500,79094241019
129.449,7.72506,19.9501,0,54,54,0,2500,0,0,0,23.7225,14.6839,0,1500,79101967447
127.048,7.87103,19.9501,0,54,54,0,2500,0,0,0,23.7225,14.6839,0,1500,79109838631
112.729,8.87084,19.9501,0,54,54,0,2500,0,0,0,23.7225,14.6839,0,1500,79118710216
122.487,8.16414,19.9501,0,54,54,0,2500,0,0,0,23.7225,14.6839,0,1500,79126874984
114.244,8.75316,19.9501,0,54,54,0,2500,0,0,0,23.7225,14.6839,0,1500,79135628732
133.844,7.47138,19.9501,0,54,54,0,2500,0,0,0,23.7225,14.6839,0,1500,79143100437
138.962,7.19622,19.9501,0,54,54,0,2500,0,0,0,23.7225,14.6839,0,1500,79150296855
96.9827,10.3111,19.9501,0,54,54,0,2500,0,0,0,23.7225,14.6839,0,1500,79160608771
128.662,7.77228,19.9501,0,54,54,0,2500,0,0,0,23.7225,14.6839,0,1500,79168381623
140.911,7.09669,19.9501,0,54,54,0,2500,0,0,0,23.7225,14.6839,0,1500,79175479083
107.309,9.31885,19.9501,0,54,54,0,2500,0,0,0,23.7225,14.6839,0,1500,79184798410
122.627,8.15483,19.9501,0,54,54,0,2500,0,0,0,23.7225,14.6839,0,1500,79192953964
111.638,8.95752,19.9501,0,54,54,0,2500,0,0,0,23.7225,14.6839,0,1500,79201912205
138.153,7.23833,19.9501,0,54,54,0,2500,0,0,0,23.7225,14.6839,0,1500,79209150816
101.377,9.8642,19.9501,0,54,54,0,2500,0,0,0,23.7225,14.6839,0,1500,79219015427
131.754,7.58992,19.9501,0,54,54,0,2500,0,0,0,23.7225,14.6839,0,1500,79226606538
133.553,7.48768,19.9501,0,54,54,0,2500,0,0,0,23.7225,14.6839,0,1500,79234094515
117.009,8.54634,19.9501,0,54,54,0,2500,0,0,0,23.7225,14.6839,0,1500,79242641807
105.134,9.51164,19.9501,0,54,54,0,2500,0,0,0,23.7225,14.6839,0,1500,79252154596
107.223,9.32637,19.9501,0,54,54,0,2500,0,0,0,23.7225,14.6839,0,1500,79261482201
158.428,6.31202,19.9501,0,54,54,0,2500,0,0,0,23.7225,14.6839,0,1500,79267794178
129.402,7.72788,19.9501,0,54,54,0,2500,0,0,0,23.7225,14.6839,0,1500,79275521377
126.739,7.89021,19.9501,0,54,54,0,2500,0,0,0,23.7225,14.6839,0,1500,79283412695
118.27,8.45524,19.9501,0,54,54,0,2500,0,0,0,23.7225,14.6839,0,1500,79291867822
113.158,8.83722,19.9501,0,54,54,0,2500,0,0,0,23.7225,14.6839,0,1500,79300705365
125.198,7.98734,19.9501,0,54,54,0,2500,0,0,0,23.7225,14.6839,0,1500,79308694072
119.246,8.38606,19.9501,0,54,54,0,2500,0,0,0,23.7225,14.6839,0,1500,79317080667
97.4782,10.2587,19.9501,0,54,54,0,2500,0,0,0,23.7225,14.6839,0,1500,79327340282
125.947,7.93982,19.9501,0,54,54,0,2500,0,0,0,23.7225,14.6839,0,1500,79335281064
107.498,9.3025,19.9501,0,54,54,0,2500,0,0,0,23.7225,14.6839,0,1500,79344584326
118.652,8.42798,19.9501,0,54,54,0,2500,0,0,0,23.7225,14.6839,0,1500,79353013244
114.837,8.70802,19.9501,0,54,54,0,2500,0,0,0,23.7225,14.6839,0,1500,79361722031
162.27,6.16257,19.9501,0,54,54,0,2500,0,0,0,23.7225,14.6839,0,1500,79367885061
130.217,7.6795,19.9501,0,54,54,0,2500,0,0,0,23.7225,14.6839,0,1500,79375565096
129.088,7.74663,19.9501,0,54,54,0,2500,0,0,0,23.7225,14.6839,0,1500,79383311692
122.823,8.14183,19.9501,0,54,54,0,2500,0,0,0,23.7225,14.6839,0,1500,79391454486
93.0008,10.7526,19.9501,0,54,54,0,2500,0,0,0,23.7225,14.6839,0,1500,79402207020
238.595,4.1912,19.9501,0,54,54,0,2500,0,0,0,23.7225,14.6839,0,1500,79406398727
82.5833,12.109,19.9501,0,54,54,0,2500,0,0,0,23.7225,14.6839,0,1500,79418507915
126.376,7.91292,19.9501,0,54,54,0,2500,0,0,0,23.7225,14.6839,0,1500,79426421021
119.626,8.35941,19.9501,0,54,54,0,2500,0,0,0,23.7225,14.6839,0,1500,79434781049
112.465,8.89162,19.9501,0,54,54,0,2500,0,0,0,23.7225,14.6839,0,1500,79443673946
203.636,4.91071,19.9501,0,54,54,0,2500,0,0,0,23.7225,14.6839,0,1500,79448585043
90.1034,11.0984,19.9501,0,54,54,0,2500,0,0,0,23.7225,14.6839,0,1500,79459684138
110.404,9.05766,19.9501,0,54,54,0,2500,0,0,0,23.7225,14.6839,0,1500,79468741675
123.6,8.09059,19.9501,0,54,54,0,2500,0,0,0,23.7225,14.6839,0,1500,79476832647
110.81,9.02445,19.9501,0,54,54,0,2500,0,0,0,23.7225,14.6839,0,1500,79485858171
153.185,6.52804,19.9501,0,54,54,0,2500,0,0,0,23.7225,14.6839,0,1500,79492391258
122.906,8.13631,23.0769,0,58,54,0,2500,0,0,0,23.7238,14.6838,0,1501,79500523723
103.244,9.68582,23.0769,0,58,54,0,2500,0,0,0,23.7238,14.6838,0,1501,79510209789
121.36,8.23996,23.0769,0,58,54,0,2500,0,0,0,23.7238,14.6838,0,1501,79518449950
134.66,7.42608,23.0769,0,58,54,0,2500,0,0,0,23.7238,14.6838,0,1501,79525876226
124.971,8.00183,23.0769,0,58,54,0,2500,0,0,0,23.7238,14.6838,0,1501,79533879217
97.9101,10.2135,23.0769,0,58,54,0,2500,0,0,0,23.7238,14.6838,0,1501,79544093379
125.913,7.94201,23.0769,0,58,54,0,2500,0,0,0,23.7238,14.6838,0,1501,79552035257
142.238,7.03049,23.0769,0,58,54,0,2500,0,0,0,23.7238,14.6838,0,1501,79559066437
116.425,8.58921,23.0769,0,58,54,0,2500,0,0,0,23.7238,14.6838,0,1501,79567655267
109.837,9.1044,23.0769,0,58,54,0,2500,0,0,0,23.7238,14.6838,0,1501,79576761185
139.473,7.16986,23.0769,0,58,54,0,2500,0,0,0,23.7238,14.6838,0,1501,79583931800
98.9435,10.1068,23.0769,0,58,54,0,2500,0,0,0,23.7238,14.6838,0,1501,79594039054
121.256,8.24699,23.0769,0,58,54,0,2500,0,0,0,23.7238,14.6838,0,1501,79602287236
130.835,7.64323,23.0769,0,58,54,0,2500,0,0,0,23.7238,14.6838,0,1501,79609930481
104.283,9.58931,23.0769,0,58,54,0,2500,0,0,0,23.7238,14.6838,0,1501,79619520569
152.212,6.5698,23.0769,0,58,54,0,2500,0,0,0,23.7238,14.6838,0,1501,79626091258
112.22,8.91105,23.0769,0,58,54,0,2500,0,0,0,23.7238,14.6838,0,1501,79635002908
142.141,7.03526,23.0769,0,58,54,0,2500,0,0,0,23.7238,14.6838,0,1501,79642039114
98.6066,10.1413,23.0769,0,58,54,0,2500,0,0,0,23.7238,14.6838,0,1501,79652180737
142.115,7.03657,23.0769,0,58,54,0,2500,0,0,0,23.7238,14.6838,0,1501,79659217166
106.053,9.42925,23.0769,0,58,54,0,2500,0,0,0,23.7238,14.6838,0,1501,79668647341
107.186,9.32961,23.0769,0,58,54,0,2500,0,0,0,23.7238,14.6838,0,1501,79677976996
139.686,7.15894,23.0769,0,58,54,0,2500,0,0,0,23.7238,14.6838,0,1501,79685135951
126.82,7.88517,23.0769,0,58,54,0,2500,0,0,0,23.7238,14.6838,0,1501,79693021962
112.47,8.89128,23.0769,0,58,54,0,2500,0,0,0,23.7238,14.6838,0,1501,79701913781
117.893,8.48225,23.0769,0,58,54,0,2500,0,0,0,23.7238,14.6838,0,1501,79710396563
132.375,7.5543,23.0769,0,58,54,0,2500,0,0,0,23.7238,14.6838,0,1501,79717951673
104.505,9.56892,23.0769,0,58,54,0,2500,0,0,0,23.7238,14.6838,0,1501,79727521203
129.126,7.74438,23.0769,0,58,54,0,2500,0,0,0,23.7238,14.6838,0,1501,79735265890
136.293,7.33714,23.0769,0,58,54,0,2500,0,0,0,23.7238,14.6838,0,1501,79742604166
98.1531,10.1882,23.0769,0,58,54,0,2500,0,0,0,23.7238,14.6838,0,1501,79752792322
132.407,7.55248,23.0769,0,58,54,0,2500,0,0,0,23.7238,14.6838,0,1501,79760345902
128.745,7.76731,23.0769,0,58,54,0,2500,0,0,0,23.7238,14.6838,0,1501,79768113417
125.194,7.98762,23.0769,0,58,54,0,2500,0,0,0,23.7238,14.6838,0,1501,79776101314
104.595,9.56068,23.0769,0,58,54,0,2500,0,0,0,23.7238,14.6838,0,1501,79785663149
137.589,7.26802,23.0769,0,58,54,0,2500,0,0,0,23.7238,14.6838,0,1501,79792931492
121.819,8.20893,23.0769,0,58,54,0,2500,0,0,0,23.7238,14.6838,0,1501,79801140562
112.119,8.91909,23.0769,0,58,54,0,2500,0,0,0,23.7238,14.6838,0,1501,79810059608
121.794,8.21059,23.0769,0,58,54,0,2500,0,0,0,23.7238,14.6838,0,1501,79818271117
107.532,9.29958,23.0769,0,58,54,0,2500,0,0,0,23.7238,14.6838,0,1501,79827571649
131.554,7.60144,23.0769,0,58,54,0,2500,0,0,0,23.7238,14.6838,0,1501,79835172990
126.914,7.87934,23.0769,0,58,54,0,2500,0,0,0,23.7238,14.6838,0,1501,79843053448
120.264,8.31506,23.0769,0,58,54,0,2500,0,0,0,23.7238,14.6838,0,1501,79851369089
118.227,8.45833,23.0769,0,58,54,0,2500,0,0,0,23.7238,14.6838,0,1501,79859827966
114.528,8.73152,23.0769,0,58,54,0,2500,0,0,0,23.7238,14.6838,0,1501,79868560196
115.535,8.65537,23.0769,0,58,54,0,2500,0,0,0,23.7238,14.6838,0,1501,79877216289
119.19,8.38996,23.0769,0,58,54,0,2500,0,0,0,23.7238,14.6838,0,1501,79885607081
108.5,9.21662,23.0769,0,58,54,0,2500,0,0,0,23.7238,14.6838,0,1501,79894824624
144.694,6.91113,23.0769,0,58,54,0,2500,0,0,0,23.7238,14.6838,0,1501,79901735976
115.808,8.63498,23.0769,0,58,54,0,2500,0,0,0,23.7238,14.6838,0,1501,79910371716
229.959,4.3486,23.0769,0,58,54,0,2500,0,0,0,23.7238,14.6838,0,1501,79914720794
90.1932,11.0873,23.0769,0,58,54,0,2500,0,0,0,23.7238,14.6838,0,1501,79925808620
124.249,8.04838,23.0769,0,58,54,0,2500,0,0,0,23.7238,14.6838,0,1501,79933857782
114.687,8.7194,23.0769,0,58,54,0,2500,0,0,0,23.7238,14.6838,0,1501,79942577777
114.608,8.72543,23.0769,0,58,54,0,2500,0,0,0,23.7238,14.6838,0,1501,79951304062
112.511,8.88798,23.0769,0,58,54,0,2500,0,0,0,23.7238,14.6838,0,1501,79960192936
129.869,7.70008,23.0769,0,58,54,0,2500,0,0,0,23.7238,14.6838,0,1501,79967893163
131.679,7.59421,23.0769,0,58,54,0,2500,0,0,0,23.7238,14.6838,0,1501,79975487834
99.091,10.0917,23.0769,0,58,54,0,2500,0,0,0,23.7238,14.6838,0,1501,79985580659
142.811,7.00225,23.0769,0,58,54,0,2500,0,0,0,23.7238,14.6838,0,1501,79992590508
101.074,9.89373,22.3325,0,59,54,0,2500,0,0,0,23.724,14.6838,0,1400,80002477893
131.812,7.58655,22.3325,0,59,54,0,2500,0,0,0,23.724,14.6838,0,1400,80010068224
133.398,7.49637,22.3325,0,59,54,0,2500,0,0,0,23.724,14.6838,0,1400,80017561990
127.708,7.83034,22.3325,0,59,54,0,2500,0,0,0,23.724,14.6838,0,1400,80025392548
122.394,8.17033,22.3325,0,59,54,0,2500,0,0,0,23.724,14.6838,0,1400,80033562774
109.86,9.10248,22.3325,0,59,54,0,2500,0,0,0,23.724,14.6838,0,1400,80042665677
99.2607,10.0745,22.3325,0,59,54,0,2500,0,0,0,23.724,14.6838,0,1400,80052740444
124.648,8.02259,22.3325,0,59,54,0,2500,0,0,0,23.724,14.6838,0,1400,80060763585
125.419,7.97328,22.3325,0,59,54,0,2500,0,0,0,23.724,14.6838,0,1400,80068736811
124.55,8.02888,22.3325,0,59,54,0,2500,0,0,0,23.724,14.6838,0,1400,80076767358
118.996,8.40365,22.3325,0,59,54,0,2500,0,0,0,23.724,14.6838,0,1400,80085171286
119.819,8.34591,22.3325,0,59,54,0,2500,0,0,0,23.724,14.6838,0,1400,80093517904
116.456,8.58696,22.3325,0,59,54,0,2500,0,0,0,23.724,14.6838,0,1400,80102105529
123.976,8.0661,22.3325,0,59,54,0,2500,0,0,0,23.724,14.6838,0,1400,80110172381
107.681,9.2867,22.3325,0,59,54,0,2500,0,0,0,23.724,14.6838,0,1400,80119459313
124.547,8.0291,22.3325,0,59,54,0,2500,0,0,0,23.724,14.6838,0,1400,80127489709
129.815,7.70326,22.3325,0,59,54,0,2500,0,0,0,23.724,14.6838,0,1400,80135192944
137.214,7.28787,22.3325,0,59,54,0,2500,0,0,0,23.724,14.6838,0,1400,80142480822
123.404,8.1035,22.3325,0,59,54,0,2500,0,0,0,23.724,14.6838,0,1400,80150586107
89.5271,11.1698,22.3325,0,59,54,0,2500,0,0,0,23.724,14.6838,0,1400,80161755908
157.79,6.33755,22.3325,0,59,54,0,2500,0,0,0,23.724,14.6838,0,1400,80168094357
130.743,7.64858,22.3325,0,59,54,0,2500,0,0,0,23.724,14.6838,0,1400,80175743623
124.232,8.04944,22.3325,0,59,54,0,2500,0,0,0,23.724,14.6838,0,1400,80183793213
100.936,9.90728,22.3325,0,59,54,0,2500,0,0,0,23.724,14.6838,0,1400,80193700351
126.961,7.87642,22.3325,0,59,54,0,2500,0,0,0,23.724,14.6838,0,1400,80201577359
118.391,8.44661,22.3325,0,59,54,0,2500,0,0,0,23.724,14.6838,0,1400,80210024158
109.36,9.1441,22.3325,0,59,54,0,2500,0,0,0,23.724,14.6838,0,1400,80219168932
150.575,6.64122,22.3325,0,59,54,0,2500,0,0,0,23.724,14.6838,0,1400,80225810834
115.527,8.65598,22.3325,0,59,54,0,2500,0,0,0,23.724,14.6838,0,1400,80234466723
130.588,7.65766,22.3325,0,59,54,0,2500,0,0,0,23.724,14.6838,0,1400,80242125743
98.4505,10.1574,22.3325,0,59,54,0,2500,0,0,0,23.724,14.6838,0,1400,80252284325
139.047,7.19183,22.3325,0,59,54,0,2500,0,0,0,23.724,14.6838,0,1400,80259476590
119.355,8.37834,22.3325,0,59,54,0,2500,0,0,0,23.724,14.6838,0,1400,80267855144
127.004,7.87375,22.3325,0,59,54,0,2500,0,0,0,23.724,14.6838,0,1400,80275729062
100.971,9.90387,22.3325,0,59,54,0,2500,0,0,0,23.724,14.6838,0,1400,80285633456
143.323,6.97727,22.3325,0,59,54,0,2500,0,0,0,23.724,14.6838,0,1400,80292611287
127.718,7.82974,22.3325,0,59,54,0,2500,0,0,0,23.724,14.6838,0,1400,80300441713
124.541,8.02948,22.3325,0,59,54,0,2500,0,0,0,23.724,14.6838,0,1400,80308471443
97.7087,10.2345,22.3325,0,59,54,0,2500,0,0,0,23.724,14.6838,0,1400,80318707097
118.044,8.47145,22.3325,0,59,54,0,2500,0,0,0,23.724,14.6838,0,1400,80327179621
118.806,8.4171,22.3325,0,59,54,0,2500,0,0,0,23.724,14.6838,0,1400,80335597273
124.521,8.03075,22.3325,0,59,54,0,2500,0,0,0,23.724,14.6838,0,1400,80343628931
112.585,8.88214,22.3325,0,59,54,0,2500,0,0,0,23.724,14.6838,0,1400,80352512491
119.433,8.37293,22.3325,0,59,54,0,2500,0,0,0,23.724,14.6838,0,1400,80360885459
112.426,8.89472,22.3325,0,59,54,0,2500,0,0,0,23.724,14.6838,0,1400,80369780891
125.204,7.987,22.3325,0,59,54,0,2500,0,0,0,23.724,14.6838,0,1400,80377768586
134.891,7.41342,22.3325,0,59,54,0,2500,0,0,0,23.724,14.6838,0,1400,80385182591
186.037,5.37528,22.3325,0,59,54,0,2500,0,0,0,23.724,14.6838,0,1400,80390558234
90.8316,11.0094,22.3325,0,59,54,0,2500,0,0,0,23.724,14.6838,0,1400,80401568402
110.122,9.0808,22.3325,0,59,54,0,2500,0,0,0,23.724,14.6838,0,1400,80410649939
224.606,4.45224,22.3325,0,59,54,0,2500,0,0,0,23.724,14.6838,0,1400,80415102900
97.6814,10.2374,22.3325,0,59,54,0,2500,0,0,0,23.724,14.6838,0,1400,80425341147
99.2571,10.0748,22.3325,0,59,54,0,2500,0,0,0,23.724,14.6838,0,1400,80435416460
149.39,6.69389,22.3325,0,59,54,0,2500,0,0,0,23.724,14.6838,0,1400,80442110648
97.2595,10.2818,22.3325,0,59,54,0,2500,0,0,0,23.724,14.6838,0,1400,80452393022
129.075,7.74744,22.3325,0,59,54,0,2500,0,0,0,23.724,14.6838,0,1400,80460140546
111.926,8.93448,22.3325,0,59,54,0,2500,0,0,0,23.724,14.6838,0,1400,80469076919
140.713,7.10669,22.3325,0,59,54,0,2500,0,0,0,23.724,14.6838,0,1400,80476183214
125.623,7.96031,22.3325,0,59,54,0,2500,0,0,0,23.724,14.6838,0,1400,80484144626
100.788,9.92179,22.3325,0,59,54,0,2500,0,0,0,23.724,14.6838,0,1400,80494071094
120.378,8.30714,21.5881,0,59,54,0,2500,0,0,0,23.7222,14.6838,0,1500,80502375227
135.568,7.37639,21.5881,0,59,54,0,2500,0,0,0,23.7222,14.6838,0,1500,80509752203
104.719,9.54936,21.5881,0,59,54,0,2500,0,0,0,23.7222,14.6838,0,1500,80519302150
146.897,6.80748,21.5881,0,59,54,0,2500,0,0,0,23.7222,14.6838,0,1500,80526110233
117.959,8.47755,21.5881,0,59,54,0,2500,0,0,0,23.7222,14.6838,0,1500,80534588664
142.915,6.99716,21.5881,0,59,54,0,2500,0,0,0,23.7222,14.6838,0,1500,80541585913
94.1709,10.619,21.5881,0,59,54,0,2500,0,0,0,23.7222,14.6838,0,1500,80552206408
154.666,6.46556,21.5881,0,59,54,0,2500,0,0,0,23.7222,14.6838,0,1500,80558672881
92.6694,10.791,21.5881,0,59,54,0,2500,0,0,0,23.7222,14.6838,0,1500,80569463685
137.342,7.28109,21.5881,0,59,54,0,2500,0,0,0,23.7222,14.6838,0,1500,80576744726
143.358,6.97555,21.5881,0,59,54,0,2500,0,0,0,23.7222,14.6838,0,1500,80583720732
117.326,8.52326,21.5881,0,59,54,0,2500,0,0,0,23.7222,14.6838,0,1500,80592244386
117.156,8.5356,21.5881,0,59,54,0,2500,0,0,0,23.7222,14.6838,0,1500,80600780760
109.209,9.15672,21.5881,0,59,54,0,2500,0,0,0,23.7222,14.6838,0,1500,80609938136
108.699,9.1997,21.5881,0,59,54,0,2500,0,0,0,23.7222,14.6838,0,1500,80619138440
151.022,6.62154,21.5881,0,59,54,0,2500,0,0,0,23.7222,14.6838,0,1500,80625760093
123.654,8.08707,21.5881,0,59,54,0,2500,0,0,0,23.7222,14.6838,0,1500,80633847751
99.7718,10.0229,21.5881,0,59,54,0,2500,0,0,0,23.7222,14.6838,0,1500,80643870679
141.189,7.0827,21.5881,0,59,54,0,2500,0,0,0,23.7222,14.6838,0,1500,80650955440
130.278,7.6759,21.5881,0,59,54,0,2500,0,0,0,23.7222,14.6838,0,1500,80658631186
115.011,8.69481,21.5881,0,59,54,0,2500,0,0,0,23.7222,14.6838,0,1500,80667326887
125.137,7.99126,21.5881,0,59,54,0,2500,0,0,0,23.7222,14.6838,0,1500,80675318338
114.999,8.69575,21.5881,0,59,54,0,2500,0,0,0,23.7222,14.6838,0,1500,80684015161
103.541,9.65802,21.5881,0,59,54,0,2500,0,0,0,23.7222,14.6838,0,1500,80693673729
120.721,8.28359,21.5881,0,59,54,0,2500,0,0,0,23.7222,14.6838,0,1500,80701958182
129.068,7.74784,21.5881,0,59,54,0,2500,0,0,0,23.7222,14.6838,0,1500,80709706382
112.401,8.89668,21.5881,0,59,54,0,2500,0,0,0,23.7222,14.6838,0,1500,80718603868
119.738,8.35153,21.5881,0,59,54,0,2500,0,0,0,23.7222,14.6838,0,1500,80726956254
112.758,8.86852,21.5881,0,59,54,0,2500,0,0,0,23.7222,14.6838,0,1500,80735824779
136.287,7.33747,21.5881,0,59,54,0,2500,0,0,0,23.7222,14.6838,0,1500,80743162885
113.077,8.84353,21.5881,0,59,54,0,2500,0,0,0,23.7222,14.6838,0,1500,80752007035
119.552,8.36454,21.5881,0,59,54,0,2500,0,0,0,23.7222,14.6838,0,1500,80760371504
117.969,8.47683,21.5881,0,59,54,0,2500,0,0,0,23.7222,14.6838,0,1500,80768848799
145.193,6.8874,21.5881,0,59,54,0,2500,0,0,0,23.7222,14.6838,0,1500,80775736810
111.434,8.97394,21.5881,0,59,54,0,2500,0,0,0,23.7222,14.6838,0,1500,80784711207
109.38,9.14243,21.5881,0,59,54,0,2500,0,0,0,23.7222,14.6838,0,1500,80793853567
127.599,7.83703,21.5881,0,59,54,0,2500,0,0,0,23.7222,14.6838,0,1500,80801691061
113.239,8.83088,21.5881,0,59,54,0,2500,0,0,0,23.7222,14.6838,0,1500,80810522828
134.137,7.45505,21.5881,0,59,54,0,2500,0,0,0,23.7222,14.6838,0,1500,80817977946
111.844,8.941,21.5881,0,59,54,0,2500,0,0,0,23.7222,14.6838,0,1500,80826920200
122.113,8.18915,21.5881,0,59,54,0,2500,0,0,0,23.7222,14.6838,0,1500,80835109292
124.61,8.02501,21.5881,0,59,54,0,2500,0,0,0,23.7222,14.6838,0,1500,80843134874
118.806,8.41706,21.5881,0,59,54,0,2500,0,0,0,23.7222,14.6838,0,1500,80851551926
114.704,8.71808,21.5881,0,59,54,0,2500,0,0,0,23.7222,14.6838,0,1500,80860271270
122.954,8.13312,21.5881,0,59,54,0,2500,0,0,0,23.7222,14.6838,0,1500,80868404965
112.479,8.89058,21.5881,0,59,54,0,2500,0,0,0,23.7222,14.6838,0,1500,80877296003
214.949,4.65227,21.5881,0,59,54,0,2500,0,0,0,23.7222,14.6838,0,1500,80881948881
88.5125,11.2978,21.5881,0,59,54,0,2500,0,0,0,23.7222,14.6838,0,1500,80893247666
120.347,8.30932,21.5881,0,59,54,0,2500,0,0,0,23.7222,14.6838,0,1500,80901556839
115.276,8.67482,21.5881,0,59,54,0,2500,0,0,0,23.7222,14.6838,0,1500,80910232181
122.331,8.17452,21.5881,0,59,54,0,2500,0,0,0,23.7222,14.6838,0,1500,80918407199
180.573,5.53793,21.5881,0,59,54,0,2500,0,0,0,23.7222,14.6838,0,1500,80923945108
89.0838,11.2254,21.5881,0,59,54,0,2500,0,0,0,23.7222,14.6838,0,1500,80935171427
147.78,6.76684,21.5881,0,59,54,0,2500,0,0,0,23.7222,14.6838,0,1500,80941938148
118.145,8.4642,21.5881,0,59,54,0,2500,0,0,0,23.7222,14.6838,0,1500,80950403978
110.308,9.06555,21.5881,0,59,54,0,2500,0,0,0,23.7222,14.6838,0,1500,80959469824
102.755,9.73186,21.5881,0,59,54,0,2500,0,0,0,23.7222,14.6838,0,1500,80969202229
125.035,7.99776,21.5881,0,59,54,0,2500,0,0,0,23.7222,14.6838,0,1500,80977200543
138.338,7.22867,21.5881,0,59,54,0,2500,0,0,0,23.7222,14.6838,0,1500,80984430021
103.551,9.65707,21.5881,0,59,54,0,2500,0,0,0,23.7222,14.6838,0,1500,80994094164
159.24,6.27982,21.6418,0,56,54,0,2500,0,0,0,23.7232,14.6838,0,1500,81000367773
104.163,9.60033,21.6418,0,56,54,0,2500,0,0,0,23.7232,14.6838,0,1500,81009969012
105.048,9.51946,21.6418,0,56,54,0,2500,0,0,0,23.7232,14.6838,0,1500,81019489461
138.245,7.23354,21.6418,0,56,54,0,2500,0,0,0,23.7232,14.6838,0,1500,81026723536
138.478,7.22136,21.6418,0,56,54,0,2500,0,0,0,23.7232,14.6838,0,1500,81033945327
116.329,8.59633,21.6418,0,56,54,0,2500,0,0,0,23.7232,14.6838,0,1500,81042542514
115.942,8.62502,21.6418,0,56,54,0,2500,0,0,0,23.7232,14.6838,0,1500,81051167963
104.384,9.57999,21.6418,0,56,54,0,2500,0,0,0,23.7232,14.6838,0,1500,81060748713
135.071,7.4035,21.6418,0,56,54,0,2500,0,0,0,23.7232,14.6838,0,1500,81068153117
133.901,7.46823,21.6418,0,56,54,0,2500,0,0,0,23.7232,14.6838,0,1500,81075621437
101.63,9.83961,21.6418,0,56,54,0,2500,0,0,0,23.7232,14.6838,0,1500,81085461978
134.379,7.44165,21.6418,0,56,54,0,2500,0,0,0,23.7232,14.6838,0,1500,81092903649
108.39,9.22592,21.6418,0,56,54,0,2500,0,0,0,23.7232,14.6838,0,1500,81102130850
127.067,7.86988,21.6418,0,56,54,0,2500,0,0,0,23.7232,14.6838,0,1500,81110001784
112.172,8.91492,21.6418,0,56,54,0,2500,0,0,0,23.7232,14.6838,0,1500,81118917302
148.381,6.73941,21.6418,0,56,54,0,2500,0,0,0,23.7232,14.6838,0,1500,81125656957
132.257,7.56103,21.6418,0,56,54,0,2500,0,0,0,23.7232,14.6838,0,1500,81133218509
86.7434,11.5283,21.6418,0,56,54,0,2500,0,0,0,23.7232,14.6838,0,1500,81144748180
133.255,7.50443,21.6418,0,56,54,0,2500,0,0,0,23.7232,14.6838,0,1500,81152253313
154.954,6.45353,21.6418,0,56,54,0,2500,0,0,0,23.7232,14.6838,0,1500,81158707186
124.169,8.05356,21.6418,0,56,54,0,2500,0,0,0,23.7232,14.6838,0,1500,81166761343
118.849,8.41406,21.6418,0,56,54,0,2500,0,0,0,23.7232,14.6838,0,1500,81175175885
99.1703,10.0837,21.6418,0,56,54,0,2500,0,0,0,23.7232,14.6838,0,1500,81185260625
134.07,7.45879,21.6418,0,56,54,0,2500,0,0,0,23.7232,14.6838,0,1500,81192719913
138.84,7.20256,21.6418,0,56,54,0,2500,0,0,0,23.7232,14.6838,0,1500,81199922947
90.1242,11.0958,21.6418,0,56,54,0,2500,0,0,0,23.7232,14.6838,0,1500,81211019836
123.36,8.10632,21.6418,0,56,54,0,2500,0,0,0,23.7232,14.6838,0,1500,81219126640
121.307,8.24357,21.6418,0,56,54,0,2500,0,0,0,23.7232,14.6838,0,1500,81227370136
123.772,8.07936,21.6418,0,56,54,0,2500,0,0,0,23.7232,14.6838,0,1500,81235450571
109.768,9.11016,21.6418,0,56,54,0,2500,0,0,0,23.7232,14.6838,0,1500,81244560917
135.101,7.40189,21.6418,0,56,54,0,2500,0,0,0,23.7232,14.6838,0,1500,81251964022
125.056,7.99643,21.6418,0,56,54,0,2500,0,0,0,23.7232,14.6838,0,1500,81259960723
126.401,7.91133,21.6418,0,56,54,0,2500,0,0,0,23.7232,14.6838,0,1500,81267871852
134.448,7.43782,21.6418,0,56,54,0,2500,0,0,0,23.7232,14.6838,0,1500,81275310322
93.539,10.6907,21.6418,0,56,54,0,2500,0,0,0,23.7232,14.6838,0,1500,81286001445
129.308,7.7335,21.6418,0,56,54,0,2500,0,0,0,23.7232,14.6838,0,1500,81293735382
126.778,7.88782,21.6418,0,56,54,0,2500,0,0,0,23.7232,14.6838,0,1500,81301623998
129.365,7.73008,21.6418,0,56,54,0,2500,0,0,0,23.7232,14.6838,0,1500,81309354614
115.401,8.66543,21.6418,0,56,54,0,2500,0,0,0,23.7232,14.6838,0,1500,81318021300
108.77,9.19374,21.6418,0,56,54,0,2500,0,0,0,23.7232,14.6838,0,1500,81327214891
121.001,8.26443,21.6418,0,56,54,0,2500,0,0,0,23.7232,14.6838,0,1500,81335480114
118.488,8.43964,21.6418,0,56,54,0,2500,0,0,0,23.7232,14.6838,0,1500,81343920537
236.479,4.22871,21.6418,0,56,54,0,2500,0,0,0,23.7232,14.6838,0,1500,81348150365
80.0712,12.4889,21.6418,0,56,54,0,2500,0,0,0,23.7232,14.6838,0,1500,81360639225
128.014,7.81163,21.6418,0,56,54,0,2500,0,0,0,23.7232,14.6838,0,1500,81368451632
137.271,7.28485,21.6418,0,56,54,0,2500,0,0,0,23.7232,14.6838,0,1500,81375736877
110.306,9.06567,21.6418,0,56,54,0,2500,0,0,0,23.7232,14.6838,0,1500,81384803240
141.097,7.08733,21.6418,0,56,54,0,2500,0,0,0,23.7232,14.6838,0,1500,81391891090
113.029,8.84725,21.6418,0,56,54,0,2500,0,0,0,23.7232,14.6838,0,1500,81400738811
123.281,8.11152,21.6418,0,56,54,0,2500,0,0,0,23.7232,14.6838,0,1500,81408850813
123.759,8.08022,21.6418,0,56,54,0,2500,0,0,0,23.7232,14.6838,0,1500,81416931620
116.32,8.59694,21.6418,0,56,54,0,2500,0,0,0,23.7232,14.6838,0,1500,81425529124
111.33,8.98227,21.6418,0,56,54,0,2500,0,0,0,23.7232,14.6838,0,1500,81434512118
101.457,9.85636,21.6418,0,56,54,0,2500,0,0,0,23.7232,14.6838,0,1500,81444368697
124.05,8.06123,21.6418,0,56,54,0,2500,0,0,0,23.7232,14.6838,0,1500,81452430157
126.205,7.92364,21.6418,0,56,54,0,2500,0,0,0,23.7232,14.6838,0,1500,81460354177
120.839,8.27548,21.6418,0,56,54,0,2500,0,0,0,23.7232,14.6838,0,1500,81468629790
122.433,8.16771,21.6418,0,56,54,0,2500,0,0,0,23.7232,14.6838,0,1500,81476798199
123.091,8.12406,21.6418,0,56,54,0,2500,0,0,0,23.7232,14.6838,0,1500,81484922260
117.702,8.49603,21.6418,0,56,54,0,2500,0,0,0,23.7232,14.6838,0,1500,81493419116
112.672,8.87531,21.6418,0,56,54,0,2500,0,0,0,23.7232,14.6838,0,1500,81502299550
130.425,7.66724,21.8137,0,58,54,0,2500,0,0,0,23.7232,14.6837,0,1500,81509962336
114.382,8.74261,21.8137,0,58,54,0,2500,0,0,0,23.7232,14.6837,0,1500,81518705822
113.738,8.79213,21.8137,0,58,54,0,2500,0,0,0,23.7232,14.6837,0,1500,81527497919
127.322,7.85409,21.8137,0,58,54,0,2500,0,0,0,23.7232,14.6837,0,1500,81535352818
116.817,8.56042,21.8137,0,58,54,0,2500,0,0,0,23.7232,14.6837,0,1500,81543913643
121.708,8.21637,21.8137,0,58,54,0,2500,0,0,0,23.7232,14.6837,0,1500,81552130106
144.639,6.91378,21.8137,0,58,54,0,2500,0,0,0,23.7232,14.6837,0,1500,81559044367
129.259,7.73641,21.8137,0,58,54,0,2500,0,0,0,23.7232,14.6837,0,1500,81566781043
103.651,9.64773,21.8137,0,58,54,0,2500,0,0,0,23.7232,14.6837,0,1500,81576429619
104.282,9.58936,21.8137,0,58,54,0,2500,0,0,0,23.7232,14.6837,0,1500,81586019262
158.312,6.31664,21.8137,0,58,54,0,2500,0,0,0,23.7232,14.6837,0,1500,81592336215
106.539,9.38625,21.8137,0,58,54,0,2500,0,0,0,23.7232,14.6837,0,1500,81601723126
133.157,7.50993,21.8137,0,58,54,0,2500,0,0,0,23.7232,14.6837,0,1500,81609234016
132.78,7.53124,21.8137,0,58,54,0,2500,0,0,0,23.7232,14.6837,0,1500,81616765827
114.078,8.76596,21.8137,0,58,54,0,2500,0,0,0,23.7232,14.6837,0,1500,81625532765
118.606,8.43124,21.8137,0,58,54,0,2500,0,0,0,23.7232,14.6837,0,1500,81633964652
99.8977,10.0102,21.8137,0,58,54,0,2500,0,0,0,23.7232,14.6837,0,1500,81643975250
142.969,6.99452,21.8137,0,58,54,0,2500,0,0,0,23.7232,14.6837,0,1500,81650970662
105.801,9.45167,21.8137,0,58,54,0,2500,0,0,0,23.7232,14.6837,0,1500,81660423265
114.97,8.69792,21.8137,0,58,54,0,2500,0,0,0,23.7232,14.6837,0,1500,81669121688
114.792,8.71142,21.8137,0,58,54,0,2500,0,0,0,23.7232,14.6837,0,1500,81677833643
138.27,7.23224,21.8137,0,58,54,0,2500,0,0,0,23.7232,14.6837,0,1500,81685066353
135.378,7.38674,21.8137,0,58,54,0,2500,0,0,0,23.7232,14.6837,0,1500,81692454199
113.164,8.83674,21.8137,0,58,54,0,2500,0,0,0,23.7232,14.6837,0,1500,81701291165
108.057,9.2544,21.8137,0,58,54,0,2500,0,0,0,23.7232,14.6837,0,1500,81710546701
7.76094,128.85,21.8137,0,58,54,0,2500,0,0,0,23.7232,14.6837,0,1500,81839398195
144.116,6.93886,21.8137,0,58,54,0,2500,0,0,0,23.7232,14.6837,0,1500,81846336381
162.951,6.1368,21.8137,0,58,54,0,2500,0,0,0,23.7232,14.6837,0,1500,81852473073
173.372,5.76796,21.8137,0,58,54,0,2500,0,0,0,23.7232,14.6837,0,1500,81858241295
192.235,5.20197,21.8137,0,58,54,0,2500,0,0,0,23.7232,14.6837,0,1500,81863443412
441.84,2.26326,21.8137,0,58,54,0,2500,0,0,0,23.7232,14.6837,0,1500,81865706885
103.839,9.63027,21.8137,0,58,54,0,2500,0,0,0,23.7232,14.6837,0,1500,81875337561
115.442,8.66236,21.8137,0,58,54,0,2500,0,0,0,23.7232,14.6837,0,1500,81884002327
113.996,8.77226,21.8137,0,58,54,0,2500,0,0,0,23.7232,14.6837,0,1500,81892773733
123.287,8.11115,21.8137,0,58,54,0,2500,0,0,0,23.7232,14.6837,0,1500,81900885024
98.1615,10.1873,21.8137,0,58,54,0,2500,0,0,0,23.7232,14.6837,0,1500,81911072521
159.556,6.26737,21.8137,0,58,54,0,2500,0,0,0,23.7232,14.6837,0,1500,81917340284
120.802,8.27801,21.8137,0,58,54,0,2500,0,0,0,23.7232,14.6837,0,1500,81925618654
101.891,9.81445,21.8137,0,58,54,0,2500,0,0,0,23.7232,14.6837,0,1500,81935433561
116.123,8.61157,21.8137,0,58,54,0,2500,0,0,0,23.7232,14.6837,0,1500,81944044838
114.451,8.73733,21.8137,0,58,54,0,2500,0,0,0,23.7232,14.6837,0,1500,81952783577
122.877,8.13821,21.8137,0,58,54,0,2500,0,0,0,23.7232,14.6837,0,1500,81960921349
120.179,8.32092,21.8137,0,58,54,0,2500,0,0,0,23.7232,14.6837,0,1500,81969242725
120.478,8.30025,21.8137,0,58,54,0,2500,0,0,0,23.7232,14.6837,0,1500,81977543250
117.267,8.52752,21.8137,0,58,54,0,2500,0,0,0,23.7232,14.6837,0,1500,81986071137
113.139,8.83872,21.8137,0,58,54,0,2500,0,0,0,23.7232,14.6837,0,1500,81994910064
126.185,7.92485,21.8137,0,58,54,0,2500,0,0,0,23.7232,14.6837,0,1500,82002839921
132.815,7.52929,21.6958,0,48,54,0,2500,0,0,0,23.7314,14.6837,0,1600,82010365125
117.136,8.53709,21.6958,0,48,54,0,2500,0,0,0,23.7314,14.6837,0,1600,82018903802
124.314,8.04417,21.6958,0,48,54,0,2500,0,0,0,23.7314,14.6837,0,1600,82026947706
113.61,8.80207,21.6958,0,48,54,0,2500,0,0,0,23.7314,14.6837,0,1600,82035750212
124.288,8.0458,21.6958,0,48,54,0,2500,0,0,0,23.7314,14.6837,0,1600,82043795733
115.028,8.69351,21.6958,0,48,54,0,2500,0,0,0,23.7314,14.6837,0,1600,82052491037
119.208,8.38871,21.6958,0,48,54,0,2500,0,0,0,23.7314,14.6837,0,1600,82060880172
120.941,8.26848,21.6958,0,48,54,0,2500,0,0,0,23.7314,14.6837,0,1600,82069149045
125.435,7.97223,21.6958,0,48,54,0,2500,0,0,0,23.7314,14.6837,0,1600,82077121347
99.8873,10.0113,21.6958,0,48,54,0,2500,0,0,0,23.7314,14.6837,0,1600,82087132982
126.983,7.87504,21.6958,0,48,54,0,2500,0,0,0,23.7314,14.6837,0,1600,82095010329
152.36,6.5634,21.6958,0,48,54,0,2500,0,0,0,23.7314,14.6837,0,1600,82101573485
134.579,7.4306,21.6958,0,48,54,0,2500,0,0,0,23.7314,14.6837,0,1600,82109004206
124.01,8.06384,21.6958,0,48,54,0,2500,0,0,0,23.7314,14.6837,0,1600,82117069156
117.529,8.50851,21.6958,0,48,54,0,2500,0,0,0,23.7314,14.6837,0,1600,82125577381
119.602,8.36109,21.6958,0,48,54,0,2500,0,0,0,23.7314,14.6837,0,1600,82133938850
95.1426,10.5105,21.6958,0,48,54,0,2500,0,0,0,23.7314,14.6837,0,1600,82144450077
139.817,7.1522,21.6958,0,48,54,0,2500,0,0,0,23.7314,14.6837,0,1600,82151602932
181.749,5.50211,21.6958,0,48,54,0,2500,0,0,0,23.7314,14.6837,0,1600,82157105641
86.8749,11.5108,21.6958,0,48,54,0,2500,0,0,0,23.7314,14.6837,0,1600,82168617075
126.477,7.90657,21.6958,0,48,54,0,2500,0,0,0,23.7314,14.6837,0,1600,82176524026
114.171,8.75876,21.6958,0,48,54,0,2500,0,0,0,23.7314,14.6837,0,1600,82185283654
114.125,8.76235,21.6958,0,48,54,0,2500,0,0,0,23.7314,14.6837,0,1600,82194046904
126.155,7.92674,21.6958,0,48,54,0,2500,0,0,0,23.7314,14.6837,0,1600,82201974487
118.686,8.42556,21.6958,0,48,54,0,2500,0,0,0,23.7314,14.6837,0,1600,82210399751
140.188,7.13327,21.6958,0,48,54,0,2500,0,0,0,23.7314,14.6837,0,1600,82217533606
97.8421,10.2205,21.6958,0,48,54,0,2500,0,0,0,23.7314,14.6837,0,1600,82227753962
130.815,7.64436,21.6958,0,48,54,0,2500,0,0,0,23.7314,14.6837,0,1600,82235400247
111.093,9.00144,21.6958,0,48,54,0,2500,0,0,0,23.7314,14.6837,0,1600,82244402003
121.837,8.20771,21.6958,0,48,54,0,2500,0,0,0,23.7314,14.6837,0,1600,82252610609
141.01,7.0917,21.6958,0,48,54,0,2500,0,0,0,23.7314,14.6837,0,1600,82259702362
109.403,9.14051,21.6958,0,48,54,0,2500,0,0,0,23.7314,14.6837,0,1600,82268843475
128.679,7.77127,21.6958,0,48,54,0,2500,0,0,0,23.7314,14.6837,0,1600,82276615263
107.259,9.32322,21.6958,0,48,54,0,2500,0,0,0,23.7314,14.6837,0,1600,82285940103
106.799,9.36338,21.6958,0,48,54,0,2500,0,0,0,23.7314,14.6837,0,1600,82295303943
111.188,8.99375,21.6958,0,48,54,0,2500,0,0,0,23.7314,14.6837,0,1600,82304298464
158.159,6.32273,21.6958,0,48,54,0,2500,0,0,0,23.7314,14.6837,0,1600,82310622602
143.597,6.96392,21.6958,0,48,54,0,2500,0,0,0,23.7314,14.6837,0,1600,82317586119
119.685,8.35529,21.6958,0,48,54,0,2500,0,0,0,23.7314,14.6837,0,1600,82325941317
139.791,7.15352,21.6958,0,48,54,0,2500,0,0,0,23.7314,14.6837,0,1600,82333095160
107.391,9.31178,21.6958,0,48,54,0,2500,0,0,0,23.7314,14.6837,0,1600,82342408765
88.4541,11.3053,21.6958,0,48,54,0,2500,0,0,0,23.7314,14.6837,0,1600,82353714182
152.392,6.56203,21.6958,0,48,54,0,2500,0,0,0,23.7314,14.6837,0,1600,82360276950
109.662,9.11889,21.6958,0,48,54,0,2500,0,0,0,23.7314,14.6837,0,1600,82369396791
118.291,8.45376,21.6958,0,48,54,0,2500,0,0,0,23.7314,14.6837,0,1600,82377851200
144.23,6.93338,21.6958,0,48,54,0,2500,0,0,0,23.7314,14.6837,0,1600,82384784949
102.454,9.76049,21.6958,0,48,54,0,2500,0,0,0,23.7314,14.6837,0,1600,82394546125
134.032,7.46091,21.6958,0,48,54,0,2500,0,0,0,23.7314,14.6837,0,1600,82402007539
111.325,8.98272,21.6958,0,48,54,0,2500,0,0,0,23.7314,14.6837,0,1600,82410991326
126.518,7.90403,21.6958,0,48,54,0,2500,0,0,0,23.7314,14.6837,0,1600,82418894796
117.556,8.50662,21.6958,0,48,54,0,2500,0,0,0,23.7314,14.6837,0,1600,82427401567
123.203,8.11668,21.6958,0,48,54,0,2500,0,0,0,23.7314,14.6837,0,1600,82435518759
123.87,8.07297,21.6958,0,48,54,0,2500,0,0,0,23.7314,14.6837,0,1600,82443591935
118.577,8.43334,21.6958,0,48,54,0,2500,0,0,0,23.7314,14.6837,0,1600,82452027603
116.911,8.55355,21.6958,0,48,54,0,2500,0,0,0,23.7314,14.6837,0,1600,82460580843
128.692,7.77047,21.6958,0,48,54,0,2500,0,0,0,23.7314,14.6837,0,1600,82468351367
135.19,7.39701,21.6958,0,48,54,0,2500,0,0,0,23.7314,14.6837,0,1600,82475749276
121.017,8.26329,21.6958,0,48,54,0,2500,0,0,0,23.7314,14.6837,0,1600,82484012604
112.492,8.88956,21.6958,0,48,54,0,2500,0,0,0,23.7314,14.6837,0,1600,82492903155
99.9313,10.0069,21.6958,0,48,54,0,2500,0,0,0,23.7314,14.6837,0,1600,82502916236
115.923,8.62642,23.5732,0,58,54,0,2500,0,0,0,23.7306,14.6834,0,1500,82511537998
133.788,7.47449,23.5732,0,58,54,0,2500,0,0,0,23.7306,14.6834,0,1500,82519013372
109.041,9.17087,23.5732,0,58,54,0,2500,0,0,0,23.7306,14.6834,0,1500,82528184807
125.825,7.94752,23.5732,0,58,54,0,2500,0,0,0,23.7306,14.6834,0,1500,82536132974
120.883,8.27249,23.5732,0,58,54,0,2500,0,0,0,23.7306,14.6834,0,1500,82544406081
118.165,8.46274,23.5732,0,58,54,0,2500,0,0,0,23.7306,14.6834,0,1500,82552869962
115,8.69562,23.5732,0,58,54,0,2500,0,0,0,23.7306,14.6834,0,1500,82561566297
151.41,6.60457,23.5732,0,58,54,0,2500,0,0,0,23.7306,14.6834,0,1500,82568171127
97.5095,10.2554,23.5732,0,58,54,0,2500,0,0,0,23.7306,14.6834,0,1500,82578427136
155.595,6.42693,23.5732,0,58,54,0,2500,0,0,0,23.7306,14.6834,0,1500,82584854927
132.217,7.56333,23.5732,0,58,54,0,2500,0,0,0,23.7306,14.6834,0,1500,82592418120
107.866,9.27075,23.5732,0,58,54,0,2500,0,0,0,23.7306,14.6834,0,1500,82601689286
127.235,7.85946,23.5732,0,58,54,0,2500,0,0,0,23.7306,14.6834,0,1500,82609549535
110.159,9.07776,23.5732,0,58,54,0,2500,0,0,0,23.7306,14.6834,0,1500,82618628086
135.616,7.37377,23.5732,0,58,54,0,2500,0,0,0,23.7306,14.6834,0,1500,82626002813
116.416,8.58985,23.5732,0,58,54,0,2500,0,0,0,23.7306,14.6834,0,1500,82634593118
126.015,7.93556,23.5732,0,58,54,0,2500,0,0,0,23.7306,14.6834,0,1500,82642529495
117.911,8.481,23.5732,0,58,54,0,2500,0,0,0,23.7306,14.6834,0,1500,82651010805
103.935,9.62136,23.5732,0,58,54,0,2500,0,0,0,23.7306,14.6834,0,1500,82660633529
132.138,7.56787,23.5732,0,58,54,0,2500,0,0,0,23.7306,14.6834,0,1500,82668202047
122.671,8.1519,23.5732,0,58,54,0,2500,0,0,0,23.7306,14.6834,0,1500,82676353817
150.04,6.66489,23.5732,0,58,54,0,2500,0,0,0,23.7306,14.6834,0,1500,82683020084
100.677,9.93279,23.5732,0,58,54,0,2500,0,0,0,23.7306,14.6834,0,1500,82692953096
98.7491,10.1267,23.5732,0,58,54,0,2500,0,0,0,23.7306,14.6834,0,1500,82703080187
121.822,8.20869,23.5732,0,58,54,0,2500,0,0,0,23.7306,14.6834,0,1500,82711289430
145.984,6.85009,23.5732,0,58,54,0,2500,0,0,0,23.7306,14.6834,0,1500,82718139510
104.008,9.61462,23.5732,0,58,54,0,2500,0,0,0,23.7306,14.6834,0,1500,82727754901
130.468,7.66474,23.5732,0,58,54,0,2500,0,0,0,23.7306,14.6834,0,1500,82735420016
160.028,6.2489,23.5732,0,58,54,0,2500,0,0,0,23.7306,14.6834,0,1500,82741669209
90.6621,11.03,23.5732,0,58,54,0,2500,0,0,0,23.7306,14.6834,0,1500,82752700606
132.006,7.5754,23.5732,0,58,54,0,2500,0,0,0,23.7306,14.6834,0,1500,82760276307
127.685,7.83175,23.5732,0,58,54,0,2500,0,0,0,23.7306,14.6834,0,1500,82768109091
96.6223,10.3496,23.5732,0,58,54,0,2500,0,0,0,23.7306,14.6834,0,1500,82778459005
156.735,6.3802,23.5732,0,58,54,0,2500,0,0,0,23.7306,14.6834,0,1500,82784839486
129.155,7.74264,23.5732,0,58,54,0,2500,0,0,0,23.7306,14.6834,0,1500,82792582748
100.091,9.99096,23.5732,0,58,54,0,2500,0,0,0,23.7306,14.6834,0,1500,82802574636
129.385,7.72885,23.5732,0,58,54,0,2500,0,0,0,23.7306,14.6834,0,1500,82810303856
112.575,8.88294,23.5732,0,58,54,0,2500,0,0,0,23.7306,14.6834,0,1500,82819187689
140.545,7.11514,23.5732,0,58,54,0,2500,0,0,0,23.7306,14.6834,0,1500,82826303083
112.798,8.8654,23.5732,0,58,54,0,2500,0,0,0,23.7306,14.6834,0,1500,82835169437
118.594,8.43213,23.5732,0,58,54,0,2500,0,0,0,23.7306,14.6834,0,1500,82843602087
121.016,8.26338,23.5732,0,58,54,0,2500,0,0,0,23.7306,14.6834,0,1500,82851866253
125.481,7.96934,23.5732,0,58,54,0,2500,0,0,0,23.7306,14.6834,0,1500,82859836243
97.8303,10.2218,23.5732,0,58,54,0,2500,0,0,0,23.7306,14.6834,0,1500,82870058731
152.49,6.55783,23.5732,0,58,54,0,2500,0,0,0,23.7306,14.6834,0,1500,82876617024
119.932,8.33804,23.5732,0,58,54,0,2500,0,0,0,23.7306,14.6834,0,1500,82884955809
118.801,8.41746,23.5732,0,58,54,0,2500,0,0,0,23.7306,14.6834,0,1500,82893374224
94.054,10.6322,23.5732,0,58,54,0,2500,0,0,0,23.7306,14.6834,0,1500,82904006721
132.342,7.55616,23.5732,0,58,54,0,2500,0,0,0,23.7306,14.6834,0,1500,82911563801
148.701,6.7249,23.5732,0,58,54,0,2500,0,0,0,23.7306,14.6834,0,1500,82918289146
107.474,9.30457,23.5732,0,58,54,0,2500,0,0,0,23.7306,14.6834,0,1500,82927594337
118.574,8.43353,23.5732,0,58,54,0,2500,0,0,0,23.7306,14.6834,0,1500,82936028974
117.697,8.4964,23.5732,0,58,54,0,2500,0,0,0,23.7306,14.6834,0,1500,82944525842
119.663,8.35679,23.5732,0,58,54,0,2500,0,0,0,23.7306,14.6834,0,1500,82952883616
116.888,8.55517,23.5732,0,58,54,0,2500,0,0,0,23.7306,14.6834,0,1500,82961439329
127.311,7.85478,23.5732,0,58,54,0,2500,0,0,0,23.7306,14.6834,0,1500,82969294409
146.828,6.8107,23.5732,0,58,54,0,2500,0,0,0,23.7306,14.6834,0,1500,82976105946
120.357,8.30859,23.5732,0,58,54,0,2500,0,0,0,23.7306,14.6834,0,1500,82984415086
120.533,8.29649,23.5732,0,58,54,0,2500,0,0,0,23.7306,14.6834,0,1500,82992712196
118.57,8.43382,23.5732,0,58,54,0,2500,0,0,0,23.7306,14.6834,0,1500,83001146814
117.213,8.53145,23.5732,0,58,54,0,2500,0,0,0,23.7306,14.6834,0,1500,83009685476
118.688,8.42542,20.8333,0,57,54,0,2500,0,0,0,23.7311,14.6833,0,1500,83018105064
93.3421,10.7133,20.8333,0,57,54,0,2500,0,0,0,23.7311,14.6833,0,1500,83028819221
156.859,6.37515,20.8333,0,57,54,0,2500,0,0,0,23.7311,14.6833,0,1500,83035194813
128.18,7.80153,20.8333,0,57,54,0,2500,0,0,0,23.7311,14.6833,0,1500,83042996462
122.327,8.17478,20.8333,0,57,54,0,2500,0,0,0,23.7311,14.6833,0,1500,83051172317
94.8022,10.5483,20.8333,0,57,54,0,2500,0,0,0,23.7311,14.6833,0,1500,83061720097
127.221,7.86032,20.8333,0,57,54,0,2500,0,0,0,23.7311,14.6833,0,1500,83069581852
126.545,7.90234,20.8333,0,57,54,0,2500,0,0,0,23.7311,14.6833,0,1500,83077484801
117.099,8.53981,20.8333,0,57,54,0,2500,0,0,0,23.7311,14.6833,0,1500,83086025184
125.218,7.98604,20.8333,0,57,54,0,2500,0,0,0,23.7311,14.6833,0,1500,83094011422
119.019,8.40201,20.8333,0,57,54,0,2500,0,0,0,23.7311,14.6833,0,1500,83102414528
130.732,7.64926,20.8333,0,57,54,0,2500,0,0,0,23.7311,14.6833,0,1500,83110063707
119.902,8.34015,20.8333,0,57,54,0,2500,0,0,0,23.7311,14.6833,0,1500,83118405007
111.19,8.99365,20.8333,0,57,54,0,2500,0,0,0,23.7311,14.6833,0,1500,83127399296
132.498,7.54731,20.8333,0,57,54,0,2500,0,0,0,23.7311,14.6833,0,1500,83134947089
104.921,9.531,20.8333,0,57,54,0,2500,0,0,0,23.7311,14.6833,0,1500,83144479559
114.036,8.76915,20.8333,0,57,54,0,2500,0,0,0,23.7311,14.6833,0,1500,83153249146
119.794,8.34769,20.8333,0,57,54,0,2500,0,0,0,23.7311,14.6833,0,1500,83161597297
117.311,8.52438,20.8333,0,57,54,0,2500,0,0,0,23.7311,14.6833,0,1500,83170122638
132.142,7.56762,20.8333,0,57,54,0,2500,0,0,0,23.7311,14.6833,0,1500,83177690990
122.963,8.13256,20.8333,0,57,54,0,2500,0,0,0,23.7311,14.6833,0,1500,83185824093
118.112,8.46653,20.8333,0,57,54,0,2500,0,0,0,23.7311,14.6833,0,1500,83194291373
118.243,8.45718,20.8333,0,57,54,0,2500,0,0,0,23.7311,14.6833,0,1500,83202749659
110.794,9.02577,20.8333,0,57,54,0,2500,0,0,0,23.7311,14.6833,0,1500,83211775886
209.251,4.77896,20.8333,0,57,54,0,2500,0,0,0,23.7311,14.6833,0,1500,83216555248
101.368,9.865,20.8333,0,57,54,0,2500,0,0,0,23.7311,14.6833,0,1500,83226421041
98.5619,10.1459,20.8333,0,57,54,0,2500,0,0,0,23.7311,14.6833,0,1500,83236567571
112.802,8.8651,20.8333,0,57,54,0,2500,0,0,0,23.7311,14.6833,0,1500,83245432901
149.457,6.69091,20.8333,0,57,54,0,2500,0,0,0,23.7311,14.6833,0,1500,83252124752
121.077,8.25922,20.8333,0,57,54,0,2500,0,0,0,23.7311,14.6833,0,1500,83260383897
119.165,8.39174,20.8333,0,57,54,0,2500,0,0,0,23.7311,14.6833,0,1500,83268776336
105.175,9.50793,20.8333,0,57,54,0,2500,0,0,0,23.7311,14.6833,0,1500,83278285201
136.356,7.33373,20.8333,0,57,54,0,2500,0,0,0,23.7311,14.6833,0,1500,83285619366
111.791,8.94527,20.8333,0,57,54,0,2500,0,0,0,23.7311,14.6833,0,1500,83294565567
137.047,7.29674,20.8333,0,57,54,0,2500,0,0,0,23.7311,14.6833,0,1500,83301863069
103.642,9.6486,20.8333,0,57,54,0,2500,0,0,0,23.7311,14.6833,0,1500,83311511839
124.821,8.01147,20.8333,0,57,54,0,2500,0,0,0,23.7311,14.6833,0,1500,83319524395
116.509,8.583,20.8333,0,57,54,0,2500,0,0,0,23.7311,14.6833,0,1500,83328107576
122.714,8.14902,20.8333,0,57,54,0,2500,0,0,0,23.7311,14.6833,0,1500,83336257355
110.58,9.04324,20.8333,0,57,54,0,2500,0,0,0,23.7311,14.6833,0,1500,83345301604
107.082,9.33865,20.8333,0,57,54,0,2500,0,0,0,23.7311,14.6833,0,1500,83354641232
152.871,6.54146,20.8333,0,57,54,0,2500,0,0,0,23.7311,14.6833,0,1500,83361183996
112.793,8.86578,20.8333,0,57,54,0,2500,0,0,0,23.7311,14.6833,0,1500,83370049557
144.942,6.89929,20.8333,0,57,54,0,2500,0,0,0,23.7311,14.6833,0,1500,83376949214
100.463,9.95392,20.8333,0,57,54,0,2500,0,0,0,23.7311,14.6833,0,1500,83386903079
131.954,7.5784,20.8333,0,57,54,0,2500,0,0,0,23.7311,14.6833,0,1500,83394481844
120.924,8.26968,20.8333,0,57,54,0,2500,0,0,0,23.7311,14.6833,0,1500,83402752017
127.284,7.85644,20.8333,0,57,54,0,2500,0,0,0,23.7311,14.6833,0,1500,83410608589
110.296,9.06649,20.8333,0,57,54,0,2500,0,0,0,23.7311,14.6833,0,1500,83419675757
122.695,8.15031,20.8333,0,57,54,0,2500,0,0,0,23.7311,14.6833,0,1500,83427827185
122.887,8.13757,20.8333,0,57,54,0,2500,0,0,0,23.7311,14.6833,0,1500,83435965215
121.822,8.20871,20.8333,0,57,54,0,2500,0,0,0,23.7311,14.6833,0,1500,83444174793
109.354,9.14464,20.8333,0,57,54,0,2500,0,0,0,23.7311,14.6833,0,1500,83453319347
129.265,7.73603,20.8333,0,57,54,0,2500,0,0,0,23.7311,14.6833,0,1500,83461055948
108.123,9.24872,20.8333,0,57,54,0,2500,0,0,0,23.7311,14.6833,0,1500,83470305477
143.135,6.98639,20.8333,0,57,54,0,2500,0,0,0,23.7311,14.6833,0,1500,83477291618
114.597,8.7262,20.8333,0,57,54,0,2500,0,0,0,23.7311,14.6833,0,1500,83486018582
124.434,8.03638,20.8333,0,57,54,0,2500,0,0,0,23.7311,14.6833,0,1500,83494055154
124.214,8.05064,20.8333,0,57,54,0,2500,0,0,0,23.7311,14.6833,0,1500,83502106160
115.408,8.6649,20.8333,0,57,54,0,2500,0,0,0,23.7311,14.6833,0,1500,83510776560
116.727,8.56699,22.4439,0,57,55,0,2500,0,0,0,23.731,14.6833,0,1600,83519339044
116.381,8.59249,22.4439,0,57,55,0,2500,0,0,0,23.731,14.6833,0,1600,83527931533
128.911,7.75726,22.4439,0,57,55,0,2500,0,0,0,23.731,14.6833,0,1600,83535690218
121.601,8.22365,22.4439,0,57,55,0,2500,0,0,0,23.731,14.6833,0,1600,83543914139
119.051,8.39979,22.4439,0,57,55,0,2500,0,0,0,23.731,14.6833,0,1600,83552315295
111.448,8.97281,22.4439,0,57,55,0,2500,0,0,0,23.731,14.6833,0,1600,83561288714
113.326,8.82412,22.4439,0,57,55,0,2500,0,0,0,23.731,14.6833,0,1600,83570113146
131.857,7.58399,22.4439,0,57,55,0,2500,0,0,0,23.731,14.6833,0,1600,83577698160
128.506,7.78173,22.4439,0,57,55,0,2500,0,0,0,23.731,14.6833,0,1600,83585480487
114.187,8.75758,22.4439,0,57,55,0,2500,0,0,0,23.731,14.6833,0,1600,83594238512
124.133,8.05585,22.4439,0,57,55,0,2500,0,0,0,23.731,14.6833,0,1600,83602295046
115.451,8.6617,22.4439,0,57,55,0,2500,0,0,0,23.731,14.6833,0,1600,83610957269
116.435,8.5885,22.4439,0,57,55,0,2500,0,0,0,23.731,14.6833,0,1600,83619546593
119.54,8.36543,22.4439,0,57,55,0,2500,0,0,0,23.731,14.6833,0,1600,83627912612
116.467,8.58613,22.4439,0,57,55,0,2500,0,0,0,23.731,14.6833,0,1600,83636499214
133.134,7.51121,22.4439,0,57,55,0,2500,0,0,0,23.731,14.6833,0,1600,83644010683
115.055,8.69146,22.4439,0,57,55,0,2500,0,0,0,23.731,14.6833,0,1600,83652703234
204.664,4.88606,22.4439,0,57,55,0,2500,0,0,0,23.731,14.6833,0,1600,83657589640
95.105,10.5147,22.4439,0,57,55,0,2500,0,0,0,23.731,14.6833,0,1600,83668105372
110.542,9.04635,22.4439,0,57,55,0,2500,0,0,0,23.731,14.6833,0,1600,83677152348
155.674,6.42369,22.4439,0,57,55,0,2500,0,0,0,23.731,14.6833,0,1600,83683576778
95.9888,10.4179,22.4439,0,57,55,0,2500,0,0,0,23.731,14.6833,0,1600,83693995088
111.134,8.99816,22.4439,0,57,55,0,2500,0,0,0,23.731,14.6833,0,1600,83702993718
121.004,8.26421,22.4439,0,57,55,0,2500,0,0,0,23.731,14.6833,0,1600,83711258475
136.17,7.34377,22.4439,0,57,55,0,2500,0,0,0,23.731,14.6833,0,1600,83718602682
126.966,7.8761,22.4439,0,57,55,0,2500,0,0,0,23.731,14.6833,0,1600,83726479365
99.1313,10.0876,22.4439,0,57,55,0,2500,0,0,0,23.731,14.6833,0,1600,83736568121
130.381,7.66982,22.4439,0,57,55,0,2500,0,0,0,23.731,14.6833,0,1600,83744238535
133.157,7.50996,22.4439,0,57,55,0,2500,0,0,0,23.731,14.6833,0,1600,83751748995
125.092,7.99414,22.4439,0,57,55,0,2500,0,0,0,23.731,14.6833,0,1600,83759743824
98.2333,10.1798,22.4439,0,57,55,0,2500,0,0,0,23.731,14.6833,0,1600,83769924187
129.8,7.70413,22.4439,0,57,55,0,2500,0,0,0,23.731,14.6833,0,1600,83777628362
142.307,7.02707,22.4439,0,57,55,0,2500,0,0,0,23.731,14.6833,0,1600,83784656369
118.345,8.4499,22.4439,0,57,55,0,2500,0,0,0,23.731,14.6833,0,1600,83793106589
116.3,8.59843,22.4439,0,57,55,0,2500,0,0,0,23.731,14.6833,0,1600,83801705895
113.709,8.79438,22.4439,0,57,55,0,2500,0,0,0,23.731,14.6833,0,1600,83810500431
104.531,9.56657,22.4439,0,57,55,0,2500,0,0,0,23.731,14.6833,0,1600,83820067949
125.949,7.93974,22.4439,0,57,55,0,2500,0,0,0,23.731,14.6833,0,1600,83828008283
132.472,7.54877,22.4439,0,57,55,0,2500,0,0,0,23.731,14.6833,0,1600,83835557849
115.247,8.677,22.4439,0,57,55,0,2500,0,0,0,23.731,14.6833,0,1600,83844235383
118.631,8.42949,22.4439,0,57,55,0,2500,0,0,0,23.731,14.6833,0,1600,83852665641
113.787,8.78833,22.4439,0,57,55,0,2500,0,0,0,23.731,14.6833,0,1600,83861454904
124.557,8.02848,22.4439,0,57,55,0,2500,0,0,0,23.731,14.6833,0,1600,83869483827
116.951,8.5506,22.4439,0,57,55,0,2500,0,0,0,23.731,14.6833,0,1600,83878034960
119.608,8.36063,22.4439,0,57,55,0,2500,0,0,0,23.731,14.6833,0,1600,83886396627
139.077,7.19028,22.4439,0,57,55,0,2500,0,0,0,23.731,14.6833,0,1600,83893586823
124.459,8.03481,22.4439,0,57,55,0,2500,0,0,0,23.731,14.6833,0,1600,83901621680
113.735,8.79238,22.4439,0,57,55,0,2500,0,0,0,23.731,14.6833,0,1600,83910415460
134.065,7.45906,22.4439,0,57,55,0,2500,0,0,0,23.731,14.6833,0,1600,83917875218
124.102,8.05786,22.4439,0,57,55,0,2500,0,0,0,23.731,14.6833,0,1600,83925933897
98.198,10.1835,22.4439,0,57,55,0,2500,0,0,0,23.731,14.6833,0,1600,83936117598
105.603,9.46945,22.4439,0,57,55,0,2500,0,0,0,23.731,14.6833,0,1600,83945588129
140.097,7.13791,22.4439,0,57,55,0,2500,0,0,0,23.731,14.6833,0,1600,83952726439
150.908,6.62655,22.4439,0,57,55,0,2500,0,0,0,23.731,14.6833,0,1600,83959353131
115.898,8.6283,22.4439,0,57,55,0,2500,0,0,0,23.731,14.6833,0,1600,83967982470
131.549,7.60173,22.4439,0,57,55,0,2500,0,0,0,23.731,14.6833,0,1600,83975584520
113.009,8.84887,22.4439,0,57,55,0,2500,0,0,0,23.731,14.6833,0,1600,83984434173
118.517,8.43758,22.4439,0,57,55,0,2500,0,0,0,23.731,14.6833,0,1600,83992872004
93.5725,10.6869,22.4439,0,57,55,0,2500,0,0,0,23.731,14.6833,0,1600,84003558935
153.141,6.52992,22.4439,0,57,55,0,2500,0,0,0,23.731,14.6833,0,1600,84010089119
102.112,9.79312,22.4439,0,57,55,0,2500,0,0,0,23.731,14.6833,0,1600,84019890757
128.627,7.7744,21.5159,0,59,55,0,2500,0,0,0,23.7285,14.6833,0,1500,84027658823
141.947,7.04487,21.5159,0,59,55,0,2500,0,0,0,23.7285,14.6833,0,1500,84034704451
111.5,8.96859,21.5159,0,59,55,0,2500,0,0,0,23.7285,14.6833,0,1500,84043673264
136.253,7.33931,21.5159,0,59,55,0,2500,0,0,0,23.7285,14.6833,0,1500,84051013002
119.639,8.35845,21.5159,0,59,55,0,2500,0,0,0,23.7285,14.6833,0,1500,84059371538
96.3792,10.3757,21.5159,0,59,55,0,2500,0,0,0,23.7285,14.6833,0,1500,84069748640
137.149,7.29134,21.5159,0,59,55,0,2500,0,0,0,23.7285,14.6833,0,1500,84077039844
108.384,9.22644,21.5159,0,59,55,0,2500,0,0,0,23.7285,14.6833,0,1500,84086267283
114.434,8.73867,21.5159,0,59,55,0,2500,0,0,0,23.7285,14.6833,0,1500,84095006766
135.615,7.37381,21.5159,0,59,55,0,2500,0,0,0,23.7285,14.6833,0,1500,84102381418
119.796,8.3475,21.5159,0,59,55,0,2500,0,0,0,23.7285,14.6833,0,1500,84110729160
125.672,7.95724,21.5159,0,59,55,0,2500,0,0,0,23.7285,14.6833,0,1500,84118686964
201.392,4.96545,21.5159,0,59,55,0,2500,0,0,0,23.7285,14.6833,0,1500,84123653377
75.6925,13.2113,21.5159,0,59,55,0,2500,0,0,0,23.7285,14.6833,0,1500,84136865390
124.626,8.02398,21.5159,0,59,55,0,2500,0,0,0,23.7285,14.6833,0,1500,84144890157
129.331,7.7321,21.5159,0,59,55,0,2500,0,0,0,23.7285,14.6833,0,1500,84152623271
123.508,8.09661,21.5159,0,59,55,0,2500,0,0,0,23.7285,14.6833,0,1500,84160720465
114.249,8.75278,21.5159,0,59,55,0,2500,0,0,0,23.7285,14.6833,0,1500,84169473802
132.151,7.56708,21.5159,0,59,55,0,2500,0,0,0,23.7285,14.6833,0,1500,84177041822
102.629,9.74381,21.5159,0,59,55,0,2500,0,0,0,23.7285,14.6833,0,1500,84186785844
130.023,7.69093,21.5159,0,59,55,0,2500,0,0,0,23.7285,14.6833,0,1500,84194477052
120.407,8.30516,21.5159,0,59,55,0,2500,0,0,0,23.7285,14.6833,0,1500,84202781800
120.691,8.28565,21.5159,0,59,55,0,2500,0,0,0,23.7285,14.6833,0,1500,84211069126
128.467,7.78412,21.5159,0,59,55,0,2500,0,0,0,23.7285,14.6833,0,1500,84218853410
127.404,7.84903,21.5159,0,59,55,0,2500,0,0,0,23.7285,14.6833,0,1500,84226703526
97.9846,10.2057,21.5159,0,59,55,0,2500,0,0,0,23.7285,14.6833,0,1500,84236910323
111.374,8.97878,21.5159,0,59,55,0,2500,0,0,0,23.7285,14.6833,0,1500,84245888414
133.085,7.51399,21.5159,0,59,55,0,2500,0,0,0,23.7285,14.6833,0,1500,84253404184
132.366,7.5548,21.5159,0,59,55,0,2500,0,0,0,23.7285,14.6833,0,1500,84260959687
113.279,8.82778,21.5159,0,59,55,0,2500,0,0,0,23.7285,14.6833,0,1500,84269788049
141.165,7.08389,21.5159,0,59,55,0,2500,0,0,0,23.7285,14.6833,0,1500,84276872253
104.537,9.56597,21.5159,0,59,55,0,2500,0,0,0,23.7285,14.6833,0,1500,84286438731
138.302,7.23055,21.5159,0,59,55,0,2500,0,0,0,23.7285,14.6833,0,1500,84293669809
129.596,7.71626,21.5159,0,59,55,0,2500,0,0,0,23.7285,14.6833,0,1500,84301387158
102.147,9.78981,21.5159,0,59,55,0,2500,0,0,0,23.7285,14.6833,0,1500,84311177221
130.436,7.66661,21.5159,0,59,55,0,2500,0,0,0,23.7285,14.6833,0,1500,84318844535
105.992,9.43464,21.5159,0,59,55,0,2500,0,0,0,23.7285,14.6833,0,1500,84328279174
155.435,6.43354,21.5159,0,59,55,0,2500,0,0,0,23.7285,14.6833,0,1500,84334714012
102.789,9.72864,21.5159,0,59,55,0,2500,0,0,0,23.7285,14.6833,0,1500,84344443428
122.683,8.15108,21.5159,0,59,55,0,2500,0,0,0,23.7285,14.6833,0,1500,84352594481
127.542,7.84052,21.5159,0,59,55,0,2500,0,0,0,23.7285,14.6833,0,1500,84360435784
121.287,8.24489,21.5159,0,59,55,0,2500,0,0,0,23.7285,14.6833,0,1500,84368681433
109.043,9.17071,21.5159,0,59,55,0,2500,0,0,0,23.7285,14.6833,0,1500,84377853303
144.57,6.91706,21.5159,0,59,55,0,2500,0,0,0,23.7285,14.6833,0,1500,84384770247
126.76,7.88891,21.5159,0,59,55,0,2500,0,0,0,23.7285,14.6833,0,1500,84392660354
92.7038,10.787,21.5159,0,59,55,0,2500,0,0,0,23.7285,14.6833,0,1500,84403447844
145.431,6.87613,21.5159,0,59,55,0,2500,0,0,0,23.7285,14.6833,0,1500,84410324584
140.681,7.10829,21.5159,0,59,55,0,2500,0,0,0,23.7285,14.6833,0,1500,84417432881
110.338,9.06308,21.5159,0,59,55,0,2500,0,0,0,23.7285,14.6833,0,1500,84426496511
130.148,7.68358,21.5159,0,59,55,0,2500,0,0,0,23.7285,14.6833,0,1500,84434180459
113.254,8.82974,21.5159,0,59,55,0,2500,0,0,0,23.7285,14.6833,0,1500,84443010977
94.1551,10.6208,21.5159,0,59,55,0,2500,0,0,0,23.7285,14.6833,0,1500,84453633061
125.45,7.97133,21.5159,0,59,55,0,2500,0,0,0,23.7285,14.6833,0,1500,84461604183
141.879,7.04827,21.5159,0,59,55,0,2500,0,0,0,23.7285,14.6833,0,1500,84468653888
140.895,7.0975,21.5159,0,59,55,0,2500,0,0,0,23.7285,14.6833,0,1500,84475750979
120.639,8.28918,21.5159,0,59,55,0,2500,0,0,0,23.7285,14.6833,0,1500,84484041010
90.6708,11.0289,21.5159,0,59,55,0,2500,0,0,0,23.7285,14.6833,0,1500,84495071083
154.189,6.48555,21.5159,0,59,55,0,2500,0,0,0,23.7285,14.6833,0,1500,84501556910
127.993,7.81291,21.5159,0,59,55,0,2500,0,0,0,23.7285,14.6833,0,1500,84509369550
120.117,8.32524,21.5159,0,59,55,0,2500,0,0,0,23.7285,14.6833,0,1500,84517696313
124.315,8.04406,21.5159,0,59,55,0,2500,0,0,0,23.7285,14.6833,0,1500,84525744035
92.1494,10.8519,23.5294,0,60,55,0,2500,0,0,0,23.7324,14.6826,0,1500,84536592262
124.01,8.06387,23.5294,0,60,55,0,2500,0,0,0,23.7324,14.6826,0,1500,84544655984
114.887,8.70418,23.5294,0,60,55,0,2500,0,0,0,23.7324,14.6826,0,1500,84553362491
119.867,8.34261,23.5294,0,60,55,0,2500,0,0,0,23.7324,14.6826,0,1500,84561705353
124.501,8.03203,23.5294,0,60,55,0,2500,0,0,0,23.7324,14.6826,0,1500,84569738158
133.78,7.47495,23.5294,0,60,55,0,2500,0,0,0,23.7324,14.6826,0,1500,84577213292
118.212,8.45936,23.5294,0,60,55,0,2500,0,0,0,23.7324,14.6826,0,1500,84585673566
206.44,4.84403,23.5294,0,60,55,0,2500,0,0,0,23.7324,14.6826,0,1500,84590518336
88.6969,11.2744,23.5294,0,60,55,0,2500,0,0,0,23.7324,14.6826,0,1500,84601793092
130.336,7.67246,23.5294,0,60,55,0,2500,0,0,0,23.7324,14.6826,0,1500,84609466029
99.7282,10.0273,23.5294,0,60,55,0,2500,0,0,0,23.7324,14.6826,0,1500,84619493918
117.85,8.48536,23.5294,0,60,55,0,2500,0,0,0,23.7324,14.6826,0,1500,84627980513
230.768,4.33335,23.5294,0,60,55,0,2500,0,0,0,23.7324,14.6826,0,1500,84632314455
88.8119,11.2598,23.5294,0,60,55,0,2500,0,0,0,23.7324,14.6826,0,1500,84643575513
126.582,7.89999,23.5294,0,60,55,0,2500,0,0,0,23.7324,14.6826,0,1500,84651474641
124.592,8.02622,23.5294,0,60,55,0,2500,0,0,0,23.7324,14.6826,0,1500,84659501651
96.3943,10.3741,23.5294,0,60,55,0,2500,0,0,0,23.7324,14.6826,0,1500,84669875299
157.716,6.34052,23.5294,0,60,55,0,2500,0,0,0,23.7324,14.6826,0,1500,84676216155
123.027,8.12832,23.5294,0,60,55,0,2500,0,0,0,23.7324,14.6826,0,1500,84684344919
125.529,7.9663,23.5294,0,60,55,0,2500,0,0,0,23.7324,14.6826,0,1500,84692311812
98.9457,10.1066,23.5294,0,60,55,0,2500,0,0,0,23.7324,14.6826,0,1500,84702419744
124.64,8.0231,23.5294,0,60,55,0,2500,0,0,0,23.7324,14.6826,0,1500,84710443133
118.919,8.40905,23.5294,0,60,55,0,2500,0,0,0,23.7324,14.6826,0,1500,84718852819
110.209,9.0737,23.5294,0,60,55,0,2500,0,0,0,23.7324,14.6826,0,1500,84727927373
127.333,7.85345,23.5294,0,60,55,0,2500,0,0,0,23.7324,14.6826,0,1500,84735781489
125.296,7.98111,23.5294,0,60,55,0,2500,0,0,0,23.7324,14.6826,0,1500,84743763412
117.88,8.48323,23.5294,0,60,55,0,2500,0,0,0,23.7324,14.6826,0,1500,84752246558
134.597,7.4296,23.5294,0,60,55,0,2500,0,0,0,23.7324,14.6826,0,1500,84759676315
125.301,7.98078,23.5294,0,60,55,0,2500,0,0,0,23.7324,14.6826,0,1500,84767657374
121.682,8.21817,23.5294,0,60,55,0,2500,0,0,0,23.7324,14.6826,0,1500,84775876361
118.153,8.46362,23.5294,0,60,55,0,2500,0,0,0,23.7324,14.6826,0,1500,84784340277
118.593,8.43221,23.5294,0,60,55,0,2500,0,0,0,23.7324,14.6826,0,1500,84792773470
123.908,8.0705,23.5294,0,60,55,0,2500,0,0,0,23.7324,14.6826,0,1500,84800844149
123.508,8.09667,23.5294,0,60,55,0,2500,0,0,0,23.7324,14.6826,0,1500,84808941165
119.53,8.36612,23.5294,0,60,55,0,2500,0,0,0,23.7324,14.6826,0,1500,84817307233
121.781,8.21145,23.5294,0,60,55,0,2500,0,0,0,23.7324,14.6826,0,1500,84825519462
116.885,8.55544,23.5294,0,60,55,0,2500,0,0,0,23.7324,14.6826,0,1500,84834074582
123.604,8.09037,23.5294,0,60,55,0,2500,0,0,0,23.7324,14.6826,0,1500,84842165181
118.109,8.46673,23.5294,0,60,55,0,2500,0,0,0,23.7324,14.6826,0,1500,84850632919
113.272,8.82832,23.5294,0,60,55,0,2500,0,0,0,23.7324,14.6826,0,1500,84859462249
128.075,7.80794,23.5294,0,60,55,0,2500,0,0,0,23.7324,14.6826,0,1500,84867269846
91.7937,10.894,23.5294,0,60,55,0,2500,0,0,0,23.7324,14.6826,0,1500,84878165269
163.765,6.10631,23.5294,0,60,55,0,2500,0,0,0,23.7324,14.6826,0,1500,84884271645
100.493,9.95096,23.5294,0,60,55,0,2500,0,0,0,23.7324,14.6826,0,1500,84894222837
139.798,7.15317,23.5294,0,60,55,0,2500,0,0,0,23.7324,14.6826,0,1500,84901376604
101.217,9.87976,23.5294,0,60,55,0,2500,0,0,0,23.7324,14.6826,0,1500,84911256207
123.233,8.1147,23.5294,0,60,55,0,2500,0,0,0,23.7324,14.6826,0,1500,84919371360
114.555,8.72946,23.5294,0,60,55,0,2500,0,0,0,23.7324,14.6826,0,1500,84928101770
116.552,8.57986,23.5294,0,60,55,0,2500,0,0,0,23.7324,14.6826,0,1500,84936681657
121.272,8.24592,23.5294,0,60,55,0,2500,0,0,0,23.7324,14.6826,0,1500,84944928005
141.732,7.05557,23.5294,0,60,55,0,2500,0,0,0,23.7324,14.6826,0,1500,84951985414
135.565,7.37654,23.5294,0,60,55,0,2500,0,0,0,23.7324,14.6826,0,1500,84959361767
109.313,9.14807,23.5294,0,60,55,0,2500,0,0,0,23.7324,14.6826,0,1500,84968510418
107.953,9.26326,23.5294,0,60,55,0,2500,0,0,0,23.7324,14.6826,0,1500,84977774680
117.895,8.4821,23.5294,0,60,55,0,2500,0,0,0,23.7324,14.6826,0,1500,84986257408
118.238,8.45753,23.5294,0,60,55,0,2500,0,0,0,23.7324,14.6826,0,1500,84994715986
127.726,7.82924,23.5294,0,60,55,0,2500,0,0,0,23.7324,14.6826,0,1500,85002545986
110.887,9.01819,23.5294,0,60,55,0,2500,0,0,0,23.7324,14.6826,0,1500,85011563693
152.606,6.55282,23.5294,0,60,55,0,2500,0,0,0,23.7324,14.6826,0,1500,85018116945
129.801,7.70411,23.5294,0,60,55,0,2500,0,0,0,23.7324,14.6826,0,1500,85025828071
109.446,9.1369,20.9476,0,57,55,0,2500,0,0,0,23.7328,14.6825,0,1500,85034973325
118.281,8.45444,20.9476,0,57,55,0,2500,0,0,0,23.7328,14.6825,0,1500,85043414505
117.385,8.51899,20.9476,0,57,55,0,2500,0,0,0,23.7328,14.6825,0,1500,85051934038
122.792,8.14387,20.9476,0,57,55,0,2500,0,0,0,23.7328,14.6825,0,1500,85060078746
98.2285,10.1803,20.9476,0,57,55,0,2500,0,0,0,23.7328,14.6825,0,1500,85070259975
126.92,7.879,20.9476,0,57,55,0,2500,0,0,0,23.7328,14.6825,0,1500,85078139257
146.062,6.84641,20.9476,0,57,55,0,2500,0,0,0,23.7328,14.6825,0,1500,85084986565
91.9526,10.8752,20.9476,0,57,55,0,2500,0,0,0,23.7328,14.6825,0,1500,85095862393
168.147,5.94716,20.9476,0,57,55,0,2500,0,0,0,23.7328,14.6825,0,1500,85101810477
127.586,7.83785,20.9476,0,57,55,0,2500,0,0,0,23.7328,14.6825,0,1500,85109647908
120.756,8.2812,20.9476,0,57,55,0,2500,0,0,0,23.7328,14.6825,0,1500,85117929234
114.283,8.75021,20.9476,0,57,55,0,2500,0,0,0,23.7328,14.6825,0,1500,85126680286
107.093,9.33764,20.9476,0,57,55,0,2500,0,0,0,23.7328,14.6825,0,1500,85136018010
114.122,8.76255,20.9476,0,57,55,0,2500,0,0,0,23.7328,14.6825,0,1500,85144781239
213.81,4.67704,20.9476,0,57,55,0,2500,0,0,0,23.7328,14.6825,0,1500,85149459426
83.8816,11.9216,20.9476,0,57,55,0,2500,0,0,0,23.7328,14.6825,0,1500,85161382230
122.193,8.18379,20.9476,0,57,55,0,2500,0,0,0,23.7328,14.6825,0,1500,85169566146
119.625,8.35942,20.9476,0,57,55,0,2500,0,0,0,23.7328,14.6825,0,1500,85177926441
111.604,8.96026,20.9476,0,57,55,0,2500,0,0,0,23.7328,14.6825,0,1500,85186887281
141.092,7.08756,20.9476,0,57,55,0,2500,0,0,0,23.7328,14.6825,0,1500,85193975306
134.655,7.42638,20.9476,0,57,55,0,2500,0,0,0,23.7328,14.6825,0,1500,85201402083
97.8775,10.2168,20.9476,0,57,55,0,2500,0,0,0,23.7328,14.6825,0,1500,85211619749
124.339,8.0425,20.9476,0,57,55,0,2500,0,0,0,23.7328,14.6825,0,1500,85219663165
121.182,8.25205,20.9476,0,57,55,0,2500,0,0,0,23.7328,14.6825,0,1500,85227916090
120.591,8.2925,20.9476,0,57,55,0,2500,0,0,0,23.7328,14.6825,0,1500,85236208962
135.47,7.38173,20.9476,0,57,55,0,2500,0,0,0,23.7328,14.6825,0,1500,85243590886
110.504,9.04947,20.9476,0,57,55,0,2500,0,0,0,23.7328,14.6825,0,1500,85252642261
117.849,8.48543,20.9476,0,57,55,0,2500,0,0,0,23.7328,14.6825,0,1500,85261127779
133.35,7.49907,20.9476,0,57,55,0,2500,0,0,0,23.7328,14.6825,0,1500,85268627141
105.854,9.44697,20.9476,0,57,55,0,2500,0,0,0,23.7328,14.6825,0,1500,85278074782
135.305,7.39069,20.9476,0,57,55,0,2500,0,0,0,23.7328,14.6825,0,1500,85285466351
117.131,8.53746,20.9476,0,57,55,0,2500,0,0,0,23.7328,14.6825,0,1500,85294004377
116.391,8.5917,20.9476,0,57,55,0,2500,0,0,0,23.7328,14.6825,0,1500,85302596298
108.288,9.2346,20.9476,0,57,55,0,2500,0,0,0,23.7328,14.6825,0,1500,85311831945
127.701,7.83081,20.9476,0,57,55,0,2500,0,0,0,23.7328,14.6825,0,1500,85319663332
139.268,7.18041,20.9476,0,57,55,0,2500,0,0,0,23.7328,14.6825,0,1500,85326844273
121.307,8.24353,20.9476,0,57,55,0,2500,0,0,0,23.7328,14.6825,0,1500,85335089093
92.3246,10.8313,20.9476,0,57,55,0,2500,0,0,0,23.7328,14.6825,0,1500,85345921298
157.8,6.33712,20.9476,0,57,55,0,2500,0,0,0,23.7328,14.6825,0,1500,85352259068
103.774,9.63633,20.9476,0,57,55,0,2500,0,0,0,23.7328,14.6825,0,1500,85361894982
129.207,7.73953,20.9476,0,57,55,0,2500,0,0,0,23.7328,14.6825,0,1500,85369635749
124.46,8.0347,20.9476,0,57,55,0,2500,0,0,0,23.7328,14.6825,0,1500,85377670827
118.648,8.42826,20.9476,0,57,55,0,2500,0,0,0,23.7328,14.6825,0,1500,85386099503
128.591,7.77662,20.9476,0,57,55,0,2500,0,0,0,23.7328,14.6825,0,1500,85393877002
112.983,8.85086,20.9476,0,57,55,0,2500,0,0,0,23.7328,14.6825,0,1500,85402728012
110.778,9.0271,20.9476,0,57,55,0,2500,0,0,0,23.7328,14.6825,0,1500,85411755480
121.003,8.26429,20.9476,0,57,55,0,2500,0,0,0,23.7328,14.6825,0,1500,85420020827
118.109,8.46678,20.9476,0,57,55,0,2500,0,0,0,23.7328,14.6825,0,1500,85428488893
145.171,6.88843,20.9476,0,57,55,0,2500,0,0,0,23.7328,14.6825,0,1500,85435377479
134.605,7.42917,20.9476,0,57,55,0,2500,0,0,0,23.7328,14.6825,0,1500,85442807064
57.1293,17.5041,20.9476,0,57,55,0,2500,0,0,0,23.7328,14.6825,0,1500,85460312767
121.248,8.24757,20.9476,0,57,55,0,2500,0,0,0,23.7328,14.6825,0,1500,85468560349
126.276,7.91915,20.9476,0,57,55,0,2500,0,0,0,23.7328,14.6825,0,1500,85476480069
143.036,6.99124,20.9476,0,57,55,0,2500,0,0,0,23.7328,14.6825,0,1500,85483472452
136.385,7.3322,20.9476,0,57,55,0,2500,0,0,0,23.7328,14.6825,0,1500,85490804870
136.608,7.32022,20.9476,0,57,55,0,2500,0,0,0,23.7328,14.6825,0,1500,85498125751
138.146,7.23872,20.9476,0,57,55,0,2500,0,0,0,23.7328,14.6825,0,1500,85505365448
153.592,6.51077,20.9476,0,57,55,0,2500,0,0,0,23.7328,14.6825,0,1500,85511876404
130.969,7.63537,20.9476,0,57,55,0,2500,0,0,0,23.7328,14.6825,0,1500,85519512840
122.072,8.1919,20.9476,0,57,55,0,2500,0,0,0,23.7328,14.6825,0,1500,85527709754
114.64,8.72293,26.1194,0,57,55,0,2500,0,0,0,23.7333,14.6824,0,1500,85536428811
124.115,8.05706,26.1194,0,57,55,0,2500,0,0,0,23.7333,14.6824,0,1500,85544486460
115.67,8.64532,26.1194,0,57,55,0,2500,0,0,0,23.7333,14.6824,0,1500,85553131547
223.147,4.48135,26.1194,0,57,55,0,2500,0,0,0,23.7333,14.6824,0,1500,85557612818
87.6945,11.4032,26.1194,0,57,55,0,2500,0,0,0,23.7333,14.6824,0,1500,85569017928
112.261,8.90781,26.1194,0,57,55,0,2500,0,0,0,23.7333,14.6824,0,1500,85577926375
115.086,8.68919,26.1194,0,57,55,0,2500,0,0,0,23.7333,14.6824,0,1500,85586616262
109.998,9.0911,26.1194,0,57,55,0,2500,0,0,0,23.7333,14.6824,0,1500,85595707851
295.007,3.38976,26.1194,0,57,55,0,2500,0,0,0,23.7333,14.6824,0,1500,85599098133
83.5648,11.9668,26.1194,0,57,55,0,2500,0,0,0,23.7333,14.6824,0,1500,85611065227
117.149,8.53617,26.1194,0,57,55,0,2500,0,0,0,23.7333,14.6824,0,1500,85619602172
133.931,7.46653,26.1194,0,57,55,0,2500,0,0,0,23.7333,14.6824,0,1500,85627069170
111.092,9.00157,26.1194,0,57,55,0,2500,0,0,0,23.7333,14.6824,0,1500,85636070926
111.795,8.94493,26.1194,0,57,55,0,2500,0,0,0,23.7333,14.6824,0,1500,85645016700
123.738,8.08157,26.1194,0,57,55,0,2500,0,0,0,23.7333,14.6824,0,1500,85653099088
123.515,8.09616,26.1194,0,57,55,0,2500,0,0,0,23.7333,14.6824,0,1500,85661194789
118.234,8.45782,26.1194,0,57,55,0,2500,0,0,0,23.7333,14.6824,0,1500,85669654008
121.002,8.26435,26.1194,0,57,55,0,2500,0,0,0,23.7333,14.6824,0,1500,85677919114
119.706,8.35377,26.1194,0,57,55,0,2500,0,0,0,23.7333,14.6824,0,1500,85686273336
121.283,8.24517,26.1194,0,57,55,0,2500,0,0,0,23.7333,14.6824,0,1500,85694519401
112.072,8.92281,26.1194,0,57,55,0,2500,0,0,0,23.7333,14.6824,0,1500,85703441807
131.329,7.61446,26.1194,0,57,55,0,2500,0,0,0,23.7333,14.6824,0,1500,85711057086
123.077,8.12499,26.1194,0,57,55,0,2500,0,0,0,23.7333,14.6824,0,1500,85719183020
128.854,7.76074,26.1194,0,57,55,0,2500,0,0,0,23.7333,14.6824,0,1500,85726944181
122.015,8.19569,26.1194,0,57,55,0,2500,0,0,0,23.7333,14.6824,0,1500,85735140561
105.652,9.46507,26.1194,0,57,55,0,2500,0,0,0,23.7333,14.6824,0,1500,85744606187
130.245,7.67781,26.1194,0,57,55,0,2500,0,0,0,23.7333,14.6824,0,1500,85752284668
113.643,8.79951,26.1194,0,57,55,0,2500,0,0,0,23.7333,14.6824,0,1500,85761085311
114.962,8.69852,26.1194,0,57,55,0,2500,0,0,0,23.7333,14.6824,0,1500,85769784317
127.482,7.84423,26.1194,0,57,55,0,2500,0,0,0,23.7333,14.6824,0,1500,85777629369
129.387,7.72875,26.1194,0,57,55,0,2500,0,0,0,23.7333,14.6824,0,1500,85785359201
125.554,7.96472,26.1194,0,57,55,0,2500,0,0,0,23.7333,14.6824,0,1500,85793323985
115.522,8.65639,26.1194,0,57,55,0,2500,0,0,0,23.7333,14.6824,0,1500,85801980978
121.769,8.2123,26.1194,0,57,55,0,2500,0,0,0,23.7333,14.6824,0,1500,85810194100
122.462,8.16577,26.1194,0,57,55,0,2500,0,0,0,23.7333,14.6824,0,1500,85818360216
128.852,7.76087,26.1194,0,57,55,0,2500,0,0,0,23.7333,14.6824,0,1500,85826121491
123.417,8.10263,26.1194,0,57,55,0,2500,0,0,0,23.7333,14.6824,0,1500,85834224141
129.481,7.72314,26.1194,0,57,55,0,2500,0,0,0,23.7333,14.6824,0,1500,85841947806
116.583,8.5776,26.1194,0,57,55,0,2500,0,0,0,23.7333,14.6824,0,1500,85850525644
122.019,8.19545,26.1194,0,57,55,0,2500,0,0,0,23.7333,14.6824,0,1500,85858721716
113.352,8.82211,26.1194,0,57,55,0,2500,0,0,0,23.7333,14.6824,0,1500,85867545390
96.3654,10.3772,26.1194,0,57,55,0,2500,0,0,0,23.7333,14.6824,0,1500,85877923236
126.901,7.88014,26.1194,0,57,55,0,2500,0,0,0,23.7333,14.6824,0,1500,85885804248
132.235,7.5623,26.1194,0,57,55,0,2500,0,0,0,23.7333,14.6824,0,1500,85893366369
112.977,8.85133,26.1194,0,57,55,0,2500,0,0,0,23.7333,14.6824,0,1500,85902218756
124.393,8.03902,26.1194,0,57,55,0,2500,0,0,0,23.7333,14.6824,0,1500,85910258243
121.131,8.25554,26.1194,0,57,55,0,2500,0,0,0,23.7333,14.6824,0,1500,85918514589
138.837,7.2027,26.1194,0,57,55,0,2500,0,0,0,23.7333,14.6824,0,1500,85925717373
116.546,8.58031,26.1194,0,57,55,0,2500,0,0,0,23.7333,14.6824,0,1500,85934298021
120.145,8.32329,26.1194,0,57,55,0,2500,0,0,0,23.7333,14.6824,0,1500,85942621575
94.5379,10.5778,26.1194,0,57,55,0,2500,0,0,0,23.7333,14.6824,0,1500,85953200935
132.514,7.54637,26.1194,0,57,55,0,2500,0,0,0,23.7333,14.6824,0,1500,85960748107
115.07,8.69037,26.1194,0,57,55,0,2500,0,0,0,23.7333,14.6824,0,1500,85969438660
121.976,8.19834,26.1194,0,57,55,0,2500,0,0,0,23.7333,14.6824,0,1500,85977637883
130.037,7.69011,26.1194,0,57,55,0,2500,0,0,0,23.7333,14.6824,0,1500,85985328649
123.82,8.07626,26.1194,0,57,55,0,2500,0,0,0,23.7333,14.6824,0,1500,85993404076
114.097,8.76445,26.1194,0,57,55,0,2500,0,0,0,23.7333,14.6824,0,1500,86002169450
141.006,7.09188,26.1194,0,57,55,0,2500,0,0,0,23.7333,14.6824,0,1500,86009261417
115.444,8.66218,26.1194,0,57,55,0,2500,0,0,0,23.7333,14.6824,0,1500,86017924064
99.7759,10.0225,26.1194,0,57,55,0,2500,0,0,0,23.7333,14.6824,0,1500,86027951370
123.331,8.10823,20.4489,0,59,55,0,2500,0,0,0,23.7333,14.6824,0,1600,86036055986
128.399,7.78824,20.4489,0,59,55,0,2500,0,0,0,23.7333,14.6824,0,1600,86043845047
119.602,8.36103,20.4489,0,59,55,0,2500,0,0,0,23.7333,14.6824,0,1600,86052206376
116.469,8.58597,20.4489,0,59,55,0,2500,0,0,0,23.7333,14.6824,0,1600,86060793236
114.289,8.74974,20.4489,0,59,55,0,2500,0,0,0,23.7333,14.6824,0,1600,86069543766
207.316,4.82354,20.4489,0,59,55,0,2500,0,0,0,23.7333,14.6824,0,1600,86074367738
101.61,9.84159,20.4489,0,59,55,0,2500,0,0,0,23.7333,14.6824,0,1600,86084209279
116.586,8.57734,20.4489,0,59,55,0,2500,0,0,0,23.7333,14.6824,0,1600,86092787169
94.3809,10.5954,20.4489,0,59,55,0,2500,0,0,0,23.7333,14.6824,0,1600,86103383929
122.114,8.18904,20.4489,0,59,55,0,2500,0,0,0,23.7333,14.6824,0,1600,86111573310
124.561,8.0282,20.4489,0,59,55,0,2500,0,0,0,23.7333,14.6824,0,1600,86119602051
110.898,9.01725,20.4489,0,59,55,0,2500,0,0,0,23.7333,14.6824,0,1600,86128620512
136.496,7.3262,20.4489,0,59,55,0,2500,0,0,0,23.7333,14.6824,0,1600,86135947988
182.293,5.48569,20.4489,0,59,55,0,2500,0,0,0,23.7333,14.6824,0,1600,86141432283
117.594,8.50381,20.4489,0,59,55,0,2500,0,0,0,23.7333,14.6824,0,1600,86149936364
118.728,8.4226,20.4489,0,59,55,0,2500,0,0,0,23.7333,14.6824,0,1600,86158358732
104.458,9.57325,20.4489,0,59,55,0,2500,0,0,0,23.7333,14.6824,0,1600,86167933377
107.716,9.28364,20.4489,0,59,55,0,2500,0,0,0,23.7333,14.6824,0,1600,86177218218
109.605,9.1237,20.4489,0,59,55,0,2500,0,0,0,23.7333,14.6824,0,1600,86186342604
126.129,7.92842,20.4489,0,59,55,0,2500,0,0,0,23.7333,14.6824,0,1600,86194271971
109.215,9.15621,20.4489,0,59,55,0,2500,0,0,0,23.7333,14.6824,0,1600,86203428856
128.726,7.76843,20.4489,0,59,55,0,2500,0,0,0,23.7333,14.6824,0,1600,86211197335
126.444,7.90864,20.4489,0,59,55,0,2500,0,0,0,23.7333,14.6824,0,1600,86219106978
154.491,6.47286,20.4489,0,59,55,0,2500,0,0,0,23.7333,14.6824,0,1600,86225580207
114.979,8.69723,20.4489,0,59,55,0,2500,0,0,0,23.7333,14.6824,0,1600,86234277970
123.926,8.06934,20.4489,0,59,55,0,2500,0,0,0,23.7333,14.6824,0,1600,86242348118
115.429,8.66332,20.4489,0,59,55,0,2500,0,0,0,23.7333,14.6824,0,1600,86251011809
126.007,7.93609,20.4489,0,59,55,0,2500,0,0,0,23.7333,14.6824,0,1600,86258947916
121.401,8.23716,20.4489,0,59,55,0,2500,0,0,0,23.7333,14.6824,0,1600,86267186954
116.538,8.58087,20.4489,0,59,55,0,2500,0,0,0,23.7333,14.6824,0,1600,86275767327
121.534,8.22813,20.4489,0,59,55,0,2500,0,0,0,23.7333,14.6824,0,1600,86283995481
122.634,8.15435,20.4489,0,59,55,0,2500,0,0,0,23.7333,14.6824,0,1600,86292149826
116.179,8.60744,20.4489,0,59,55,0,2500,0,0,0,23.7333,14.6824,0,1600,86300757595
122.942,8.13391,20.4489,0,59,55,0,2500,0,0,0,23.7333,14.6824,0,1600,86308893525
119.437,8.37258,20.4489,0,59,55,0,2500,0,0,0,23.7333,14.6824,0,1600,86317266366
93.1572,10.7345,20.4489,0,59,55,0,2500,0,0,0,23.7333,14.6824,0,1600,86328002497
115.334,8.67046,20.4489,0,59,55,0,2500,0,0,0,23.7333,14.6824,0,1600,86336673306
143.438,6.97167,20.4489,0,59,55,0,2500,0,0,0,23.7333,14.6824,0,1600,86343644176
132.156,7.56681,20.4489,0,59,55,0,2500,0,0,0,23.7333,14.6824,0,1600,86351211403
125.897,7.94301,20.4489,0,59,55,0,2500,0,0,0,23.7333,14.6824,0,1600,86359156615
98.1339,10.1902,20.4489,0,59,55,0,2500,0,0,0,23.7333,14.6824,0,1600,86369347378
135.941,7.35612,20.4489,0,59,55,0,2500,0,0,0,23.7333,14.6824,0,1600,86376704008
116.63,8.57411,20.4489,0,59,55,0,2500,0,0,0,23.7333,14.6824,0,1600,86385278186
137.711,7.26157,20.4489,0,59,55,0,2500,0,0,0,23.7333,14.6824,0,1600,86392540896
92.4942,10.8115,20.4489,0,59,55,0,2500,0,0,0,23.7333,14.6824,0,1600,86403353290
122.959,8.13276,20.4489,0,59,55,0,2500,0,0,0,23.7333,14.6824,0,1600,86411486702
144.609,6.91519,20.4489,0,59,55,0,2500,0,0,0,23.7333,14.6824,0,1600,86418402685
103.463,9.66527,20.4489,0,59,55,0,2500,0,0,0,23.7333,14.6824,0,1600,86428068312
143.067,6.98972,20.4489,0,59,55,0,2500,0,0,0,23.7333,14.6824,0,1600,86435058669
133.465,7.49258,20.4489,0,59,55,0,2500,0,0,0,23.7333,14.6824,0,1600,86442551623
119.773,8.34911,20.4489,0,59,55,0,2500,0,0,0,23.7333,14.6824,0,1600,86450900864
120.181,8.3208,20.4489,0,59,55,0,2500,0,0,0,23.7333,14.6824,0,1600,86459222687
123.113,8.12264,20.4489,0,59,55,0,2500,0,0,0,23.7333,14.6824,0,1600,86467345386
113.75,8.79118,20.4489,0,59,55,0,2500,0,0,0,23.7333,14.6824,0,1600,86476137607
117.809,8.4883,20.4489,0,59,55,0,2500,0,0,0,23.7333,14.6824,0,1600,86484626048
126.571,7.90073,20.4489,0,59,55,0,2500,0,0,0,23.7333,14.6824,0,1600,86492527268
120.56,8.2946,20.4489,0,59,55,0,2500,0,0,0,23.7333,14.6824,0,1600,86500822159
123.804,8.07729,20.4489,0,59,55,0,2500,0,0,0,23.7333,14.6824,0,1600,86508900296
117.922,8.4802,20.4489,0,59,55,0,2500,0,0,0,23.7333,14.6824,0,1600,86517381408
120.729,8.28299,20.4489,0,59,55,0,2500,0,0,0,23.7333,14.6824,0,1600,86525665975
118.477,8.44044,20.4489,0,59,55,0,2500,0,0,0,23.7333,14.6824,0,1600,86534109227
123.441,8.10102,30.0493,0,60,55,0,2500,0,0,0,23.7391,14.682,0,1499,86542206575
117.158,8.53546,30.0493,0,60,55,0,2500,0,0,0,23.7391,14.682,0,1499,86550743104
116.834,8.55916,30.0493,0,60,55,0,2500,0,0,0,23.7391,14.682,0,1499,86559303140
123.832,8.07546,30.0493,0,60,55,0,2500,0,0,0,23.7391,14.682,0,1499,86567379608
118.095,8.46779,30.0493,0,60,55,0,2500,0,0,0,23.7391,14.682,0,1499,86575846783
97.601,10.2458,30.0493,0,60,55,0,2500,0,0,0,23.7391,14.682,0,1499,86586093244
140.384,7.12332,30.0493,0,60,55,0,2500,0,0,0,23.7391,14.682,0,1499,86593218367
133.991,7.46316,30.0493,0,60,55,0,2500,0,0,0,23.7391,14.682,0,1499,86600680905
93.6594,10.677,30.0493,0,60,55,0,2500,0,0,0,23.7391,14.682,0,1499,86611359060
125.239,7.98473,30.0493,0,60,55,0,2500,0,0,0,23.7391,14.682,0,1499,86619344533
138.753,7.20706,30.0493,0,60,55,0,2500,0,0,0,23.7391,14.682,0,1499,86626551715
99.1421,10.0865,30.0493,0,60,55,0,2500,0,0,0,23.7391,14.682,0,1499,86636638879
134.474,7.43637,30.0493,0,60,55,0,2500,0,0,0,23.7391,14.682,0,1499,86644076845
233.111,4.2898,30.0493,0,60,55,0,2500,0,0,0,23.7391,14.682,0,1499,86648366521
77.5628,12.8928,30.0493,0,60,55,0,2500,0,0,0,23.7391,14.682,0,1499,86661259793
133.998,7.46278,30.0493,0,60,55,0,2500,0,0,0,23.7391,14.682,0,1499,86668722545
116.69,8.56968,30.0493,0,60,55,0,2500,0,0,0,23.7391,14.682,0,1499,86677292687
117.488,8.51152,30.0493,0,60,55,0,2500,0,0,0,23.7391,14.682,0,1499,86685803964
144.979,6.89756,30.0493,0,60,55,0,2500,0,0,0,23.7391,14.682,0,1499,86692702849
114.647,8.72241,30.0493,0,60,55,0,2500,0,0,0,23.7391,14.682,0,1499,86701424965
99.454,10.0549,30.0493,0,60,55,0,2500,0,0,0,23.7391,14.682,0,1499,86711479970
131.795,7.58755,30.0493,0,60,55,0,2500,0,0,0,23.7391,14.682,0,1499,86719068052
133.938,7.46614,30.0493,0,60,55,0,2500,0,0,0,23.7391,14.682,0,1499,86726534398
111.653,8.95633,30.0493,0,60,55,0,2500,0,0,0,23.7391,14.682,0,1499,86735491297
115.991,8.62135,30.0493,0,60,55,0,2500,0,0,0,23.7391,14.682,0,1499,86744113288
145.419,6.87669,30.0493,0,60,55,0,2500,0,0,0,23.7391,14.682,0,1499,86750990952
119.933,8.33796,30.0493,0,60,55,0,2500,0,0,0,23.7391,14.682,0,1499,86759329738
122.018,8.19554,30.0493,0,60,55,0,2500,0,0,0,23.7391,14.682,0,1499,86767525820
119.815,8.34619,30.0493,0,60,55,0,2500,0,0,0,23.7391,14.682,0,1499,86775871807
122.692,8.15052,30.0493,0,60,55,0,2500,0,0,0,23.7391,14.682,0,1499,86784022744
120.833,8.27586,30.0493,0,60,55,0,2500,0,0,0,23.7391,14.682,0,1499,86792300303
86.8956,11.5081,30.0493,0,60,55,0,2500,0,0,0,23.7391,14.682,0,1499,86803807785
168.879,5.92142,30.0493,0,60,55,0,2500,0,0,0,23.7391,14.682,0,1499,86809729708
132.769,7.53187,30.0493,0,60,55,0,2500,0,0,0,23.7391,14.682,0,1499,86817261888
98.5908,10.1429,30.0493,0,60,55,0,2500,0,0,0,23.7391,14.682,0,1499,86827404891
110.262,9.06927,30.0493,0,60,55,0,2500,0,0,0,23.7391,14.682,0,1499,86836476083
121.408,8.2367,30.0493,0,60,55,0,2500,0,0,0,23.7391,14.682,0,1499,86844713226
126.089,7.93091,30.0493,0,60,55,0,2500,0,0,0,23.7391,14.682,0,1499,86852643720
124.943,8.00363,30.0493,0,60,55,0,2500,0,0,0,23.7391,14.682,0,1499,86860647297
121.878,8.2049,30.0493,0,60,55,0,2500,0,0,0,23.7391,14.682,0,1499,86868852687
134.484,7.43581,30.0493,0,60,55,0,2500,0,0,0,23.7391,14.682,0,1499,86876290337
124.721,8.01789,30.0493,0,60,55,0,2500,0,0,0,23.7391,14.682,0,1499,86884308113
111.723,8.95067,30.0493,0,60,55,0,2500,0,0,0,23.7391,14.682,0,1499,86893260053
117.19,8.53314,30.0493,0,60,55,0,2500,0,0,0,23.7391,14.682,0,1499,86901792619
134.061,7.4593,30.0493,0,60,55,0,2500,0,0,0,23.7391,14.682,0,1499,86909253556
124.217,8.05042,30.0493,0,60,55,0,2500,0,0,0,23.7391,14.682,0,1499,86917303604
119.361,8.37794,30.0493,0,60,55,0,2500,0,0,0,23.7391,14.682,0,1499,86925682127
118.829,8.41543,30.0493,0,60,55,0,2500,0,0,0,23.7391,14.682,0,1499,86934098165
120.612,8.29103,30.0493,0,60,55,0,2500,0,0,0,23.7391,14.682,0,1499,86942390571
110.008,9.09026,30.0493,0,60,55,0,2500,0,0,0,23.7391,14.682,0,1499,86951481355
112.515,8.88767,30.0493,0,60,55,0,2500,0,0,0,23.7391,14.682,0,1499,86960369475
115.563,8.65332,30.0493,0,60,55,0,2500,0,0,0,23.7391,14.682,0,1499,86969023506
127.636,7.83475,30.0493,0,60,55,0,2500,0,0,0,23.7391,14.682,0,1499,86976859081
108.366,9.22797,30.0493,0,60,55,0,2500,0,0,0,23.7391,14.682,0,1499,86986086906
146.719,6.81576,30.0493,0,60,55,0,2500,0,0,0,23.7391,14.682,0,1499,86992903216
124.868,8.00846,30.0493,0,60,55,0,2500,0,0,0,23.7391,14.682,0,1499,87000911538
98.2413,10.179,30.0493,0,60,55,0,2500,0,0,0,23.7391,14.682,0,1499,87011091028
125.331,7.9789,30.0493,0,60,55,0,2500,0,0,0,23.7391,14.682,0,1499,87019070338
132.105,7.56976,30.0493,0,60,55,0,2500,0,0,0,23.7391,14.682,0,1499,87026640760
123.795,8.07784,30.0493,0,60,55,0,2500,0,0,0,23.7391,14.682,0,1499,87034725434
120.004,8.33305,21.8905,0,58,55,0,2500,0,0,0,23.745,14.6819,0,1599,87043052579
128.326,7.79265,21.8905,0,58,55,0,2500,0,0,0,23.745,14.6819,0,1599,87050845660
119.552,8.36459,21.8905,0,58,55,0,2500,0,0,0,23.745,14.6819,0,1599,87059210878
98.446,10.1578,21.8905,0,58,55,0,2500,0,0,0,23.745,14.6819,0,1599,87069370322
133.604,7.48479,21.8905,0,58,55,0,2500,0,0,0,23.745,14.6819,0,1599,87076855547
118.202,8.4601,21.8905,0,58,55,0,2500,0,0,0,23.745,14.6819,0,1599,87085316399
109.356,9.14445,21.8905,0,58,55,0,2500,0,0,0,23.745,14.6819,0,1599,87094461226
128.304,7.79401,21.8905,0,58,55,0,2500,0,0,0,23.745,14.6819,0,1599,87102255402
107.641,9.29017,21.8905,0,58,55,0,2500,0,0,0,23.745,14.6819,0,1599,87111545493
127.313,7.85465,21.8905,0,58,55,0,2500,0,0,0,23.745,14.6819,0,1599,87119400400
121.964,8.19913,21.8905,0,58,55,0,2500,0,0,0,23.745,14.6819,0,1599,87127599708
121.298,8.24413,21.8905,0,58,55,0,2500,0,0,0,23.745,14.6819,0,1599,87135846183
107.109,9.33626,21.8905,0,58,55,0,2500,0,0,0,23.745,14.6819,0,1599,87145182880
133.422,7.495,21.8905,0,58,55,0,2500,0,0,0,23.745,14.6819,0,1599,87152678536
120.393,8.30613,21.8905,0,58,55,0,2500,0,0,0,23.745,14.6819,0,1599,87160984854
134.7,7.42388,21.8905,0,58,55,0,2500,0,0,0,23.745,14.6819,0,1599,87168408837
130.307,7.67417,21.8905,0,58,55,0,2500,0,0,0,23.745,14.6819,0,1599,87176083092
124.771,8.01472,21.8905,0,58,55,0,2500,0,0,0,23.745,14.6819,0,1599,87184098626
124.349,8.0419,21.8905,0,58,55,0,2500,0,0,0,23.745,14.6819,0,1599,87192140269
170.105,5.87871,21.8905,0,58,55,0,2500,0,0,0,23.745,14.6819,0,1599,87198019750
19.3258,51.7443,21.8905,0,58,55,0,2500,0,0,0,23.745,14.6819,0,1599,87249765262
169.167,5.91131,21.8905,0,58,55,0,2500,0,0,0,23.745,14.6819,0,1599,87255677625
187.906,5.32182,21.8905,0,58,55,0,2500,0,0,0,23.745,14.6819,0,1599,87260999094
337.717,2.96106,21.8905,0,58,55,0,2500,0,0,0,23.745,14.6819,0,1599,87263961603
176.877,5.65363,21.8905,0,58,55,0,2500,0,0,0,23.745,14.6819,0,1599,87269616349
96.392,10.3743,21.8905,0,58,55,0,2500,0,0,0,23.745,14.6819,0,1599,87279990460
124.006,8.06411,21.8905,0,58,55,0,2500,0,0,0,23.745,14.6819,0,1599,87288055738
114.827,8.70872,21.8905,0,58,55,0,2500,0,0,0,23.745,14.6819,0,1599,87296765009
119.973,8.33523,21.8905,0,58,55,0,2500,0,0,0,23.745,14.6819,0,1599,87305101186
122.525,8.16163,21.8905,0,58,55,0,2500,0,0,0,23.745,14.6819,0,1599,87313263446
118.349,8.44956,21.8905,0,58,55,0,2500,0,0,0,23.745,14.6819,0,1599,87321713987
118.443,8.44291,21.8905,0,58,55,0,2500,0,0,0,23.745,14.6819,0,1599,87330157163
123.237,8.11446,21.8905,0,58,55,0,2500,0,0,0,23.745,14.6819,0,1599,87338272483
112.779,8.86686,21.8905,0,58,55,0,2500,0,0,0,23.745,14.6819,0,1599,87347139130
117.099,8.5398,21.8905,0,58,55,0,2500,0,0,0,23.745,14.6819,0,1599,87355679192
161.464,6.19332,21.8905,0,58,55,0,2500,0,0,0,23.745,14.6819,0,1599,87361872569
197.378,5.06641,21.8905,0,58,55,0,2500,0,0,0,23.745,14.6819,0,1599,87366939612
79.5997,12.5629,21.8905,0,58,55,0,2500,0,0,0,23.745,14.6819,0,1599,87379503711
139.474,7.16982,21.8905,0,58,55,0,2500,0,0,0,23.745,14.6819,0,1599,87386673100
99.5997,10.0402,21.8905,0,58,55,0,2500,0,0,0,23.745,14.6819,0,1599,87396715229
147.479,6.78061,21.8905,0,58,55,0,2500,0,0,0,23.745,14.6819,0,1599,87403495751
131.142,7.62532,21.8905,0,58,55,0,2500,0,0,0,23.745,14.6819,0,1599,87411122286
116.128,8.61121,21.8905,0,58,55,0,2500,0,0,0,23.745,14.6819,0,1599,87419733357
124.417,8.0375,21.8905,0,58,55,0,2500,0,0,0,23.745,14.6819,0,1599,87427771267
91.888,10.8828,21.8905,0,58,55,0,2500,0,0,0,23.745,14.6819,0,1599,87438654781
157.428,6.3521,21.8905,0,58,55,0,2500,0,0,0,23.745,14.6819,0,1599,87445006359
127.801,7.82468,21.8905,0,58,55,0,2500,0,0,0,23.745,14.6819,0,1599,87452831490
95.216,10.5024,21.8905,0,58,55,0,2500,0,0,0,23.745,14.6819,0,1599,87463334355
129.981,7.69346,21.8905,0,58,55,0,2500,0,0,0,23.745,14.6819,0,1599,87471028162
134.19,7.45214,21.8905,0,58,55,0,2500,0,0,0,23.745,14.6819,0,1599,87478481923
123.185,8.11784,21.8905,0,58,55,0,2500,0,0,0,23.745,14.6819,0,1599,87486599340
121.24,8.24812,21.8905,0,58,55,0,2500,0,0,0,23.745,14.6819,0,1599,87494847845
122.024,8.19508,21.8905,0,58,55,0,2500,0,0,0,23.745,14.6819,0,1599,87503043737
126.186,7.9248,21.8905,0,58,55,0,2500,0,0,0,23.745,14.6819,0,1599,87510969203
114.346,8.74539,21.8905,0,58,55,0,2500,0,0,0,23.745,14.6819,0,1599,87519715824
92.3648,10.8266,21.8905,0,58,55,0,2500,0,0,0,23.745,14.6819,0,1599,87530543005
125.249,7.98408,21.8905,0,58,55,0,2500,0,0,0,23.745,14.6819,0,1599,87538532412
117.324,8.52339,22.2222,0,54,55,0,2500,0,0,0,23.7489,14.6818,0,1501,87547051979
110.929,9.01478,22.2222,0,54,55,0,2500,0,0,0,23.7489,14.6818,0,1501,87556067736
160.79,6.21928,22.2222,0,54,55,0,2500,0,0,0,23.7489,14.6818,0,1501,87562287649
122.596,8.15689,22.2222,0,54,55,0,2500,0,0,0,23.7489,14.6818,0,1501,87570444843
120.543,8.29582,22.2222,0,54,55,0,2500,0,0,0,23.7489,14.6818,0,1501,87578741236
100.448,9.95537,22.2222,0,54,55,0,2500,0,0,0,23.7489,14.6818,0,1501,87588697097
136.359,7.33356,22.2222,0,54,55,0,2500,0,0,0,23.7489,14.6818,0,1501,87596031324
108.406,9.22462,22.2222,0,54,55,0,2500,0,0,0,23.7489,14.6818,0,1501,87605256706
131.678,7.59428,22.2222,0,54,55,0,2500,0,0,0,23.7489,14.6818,0,1501,87612851779
45.4804,21.9875,22.2222,0,54,55,0,2500,0,0,0,23.7489,14.6818,0,1501,87634839674
143.055,6.99033,22.2222,0,54,55,0,2500,0,0,0,23.7489,14.6818,0,1501,87641830511
129.733,7.70816,22.2222,0,54,55,0,2500,0,0,0,23.7489,14.6818,0,1501,87649539340
152.48,6.55825,22.2222,0,54,55,0,2500,0,0,0,23.7489,14.6818,0,1501,87656097418
147.635,6.77348,22.2222,0,54,55,0,2500,0,0,0,23.7489,14.6818,0,1501,87662872619
135.867,7.36014,22.2222,0,54,55,0,2500,0,0,0,23.7489,14.6818,0,1501,87670232540
296.95,3.36757,22.2222,0,54,55,0,2500,0,0,0,23.7489,14.6818,0,1501,87673600244
17.4173,57.4141,22.2222,0,54,55,0,2500,0,0,0,23.7489,14.6818,0,1501,87731014183
165.596,6.03878,22.2222,0,54,55,0,2500,0,0,0,23.7489,14.6818,0,1501,87737054523
324.698,3.07978,22.2222,0,54,55,0,2500,0,0,0,23.7489,14.6818,0,1501,87740134196
146.313,6.83468,22.2222,0,54,55,0,2500,0,0,0,23.7489,14.6818,0,1501,87746970233
135.495,7.38035,22.2222,0,54,55,0,2500,0,0,0,23.7489,14.6818,0,1501,87754351284
127.632,7.83504,22.2222,0,54,55,0,2500,0,0,0,23.7489,14.6818,0,1501,87762187117
226.377,4.4174,22.2222,0,54,55,0,2500,0,0,0,23.7489,14.6818,0,1501,87766604225
78.0055,12.8196,22.2222,0,54,55,0,2500,0,0,0,23.7489,14.6818,0,1501,87779425718
109.565,9.12701,22.2222,0,54,55,0,2500,0,0,0,23.7489,14.6818,0,1501,87788552921
117.817,8.48772,22.2222,0,54,55,0,2500,0,0,0,23.7489,14.6818,0,1501,87797041064
132.4,7.55286,22.2222,0,54,55,0,2500,0,0,0,23.7489,14.6818,0,1501,87804594987
288.523,3.46592,22.2222,0,54,55,0,2500,0,0,0,23.7489,14.6818,0,1501,87808061338
94.8127,10.5471,22.2222,0,54,55,0,2500,0,0,0,23.7489,14.6818,0,1501,87818609316
110.175,9.07648,22.2222,0,54,55,0,2500,0,0,0,23.7489,14.6818,0,1501,87827686875
98.7644,10.1251,22.2222,0,54,55,0,2500,0,0,0,23.7489,14.6818,0,1501,87837812665
142.06,7.03926,22.2222,0,54,55,0,2500,0,0,0,23.7489,14.6818,0,1501,87844851837
173.718,5.75645,22.2222,0,54,55,0,2500,0,0,0,23.7489,14.6818,0,1501,87850607529
143.905,6.94904,22.2222,0,54,55,0,2500,0,0,0,23.7489,14.6818,0,1501,87857557209
101.38,9.86388,22.2222,0,54,55,0,2500,0,0,0,23.7489,14.6818,0,1501,87867422187
83.7585,11.9391,22.2222,0,54,55,0,2500,0,0,0,23.7489,14.6818,0,1501,87879362085
140.43,7.12101,22.2222,0,54,55,0,2500,0,0,0,23.7489,14.6818,0,1501,87886483951
134.435,7.43855,22.2222,0,54,55,0,2500,0,0,0,23.7489,14.6818,0,1501,87893922234
137.211,7.28805,22.2222,0,54,55,0,2500,0,0,0,23.7489,14.6818,0,1501,87901211816
104.138,9.60262,22.2222,0,54,55,0,2500,0,0,0,23.7489,14.6818,0,1501,87910814577
109.298,9.14934,22.2222,0,54,55,0,2500,0,0,0,23.7489,14.6818,0,1501,87919965234
110.684,9.03475,22.2222,0,54,55,0,2500,0,0,0,23.7489,14.6818,0,1501,87929000565
141.517,7.06631,22.2222,0,54,55,0,2500,0,0,0,23.7489,14.6818,0,1501,87936067792
103.331,9.67766,22.2222,0,54,55,0,2500,0,0,0,23.7489,14.6818,0,1501,87945746773
126.956,7.87677,22.2222,0,54,55,0,2500,0,0,0,23.7489,14.6818,0,1501,87953623566
159.916,6.25327,22.2222,0,54,55,0,2500,0,0,0,23.7489,14.6818,0,1501,87959877415
102.04,9.80004,22.2222,0,54,55,0,2500,0,0,0,23.7489,14.6818,0,1501,87969678312
124.12,8.05674,22.2222,0,54,55,0,2500,0,0,0,23.7489,14.6818,0,1501,87977734925
168.505,5.93453,22.2222,0,54,55,0,2500,0,0,0,23.7489,14.6818,0,1501,87983670050
96.8137,10.3291,22.2222,0,54,55,0,2500,0,0,0,23.7489,14.6818,0,1501,87994000214
131.097,7.62797,22.2222,0,54,55,0,2500,0,0,0,23.7489,14.6818,0,1501,88001629086
115.589,8.65134,22.2222,0,54,55,0,2500,0,0,0,23.7489,14.6818,0,1501,88010280054
105.926,9.44052,22.2222,0,54,55,0,2500,0,0,0,23.7489,14.6818,0,1501,88019721157
96.1021,10.4056,22.2222,0,54,55,0,2500,0,0,0,23.7489,14.6818,0,1501,88030127694
115.137,8.6853,22.2222,0,54,55,0,2500,0,0,0,23.7489,14.6818,0,1501,88038821934
147.343,6.78686,57.25,0,53,55,0,2500,0,0,0,23.7585,14.6805,0,1559,88045601252
167.515,5.96963,57.25,0,53,55,0,2500,0,0,0,23.7585,14.6805,0,1559,88051571162
110.048,9.08696,57.25,0,53,55,0,2500,0,0,0,23.7585,14.6805,0,1559,88060657262
138.987,7.19493,57.25,0,53,55,0,2500,0,0,0,23.7585,14.6805,0,1559,88067853658
95.3238,10.4906,57.25,0,53,55,0,2500,0,0,0,23.7585,14.6805,0,1559,88078344797
183.428,5.45175,57.25,0,53,55,0,2500,0,0,0,23.7585,14.6805,0,1559,88083795906
99.1556,10.0852,57.25,0,53,55,0,2500,0,0,0,23.7585,14.6805,0,1559,88093882926
112.939,8.8543,57.25,0,53,55,0,2500,0,0,0,23.7585,14.6805,0,1559,88102737592
114.366,8.74386,57.25,0,53,55,0,2500,0,0,0,23.7585,14.6805,0,1559,88111481995
134.701,7.42387,57.25,0,53,55,0,2500,0,0,0,23.7585,14.6805,0,1559,88118906664
116.39,8.59179,57.25,0,53,55,0,2500,0,0,0,23.7585,14.6805,0,1559,88127498035
116.057,8.61646,57.25,0,53,55,0,2500,0,0,0,23.7585,14.6805,0,1559,88136115534
133.235,7.50555,57.25,0,53,55,0,2500,0,0,0,23.7585,14.6805,0,1559,88143622076
80.8803,12.364,57.25,0,53,55,0,2500,0,0,0,23.7585,14.6805,0,1559,88155985560
120.281,8.31384,57.25,0,53,55,0,2500,0,0,0,23.7585,14.6805,0,1559,88164300324
177.61,5.63033,57.25,0,53,55,0,2500,0,0,0,23.7585,14.6805,0,1559,88169931879
149.419,6.69259,57.25,0,53,55,0,2500,0,0,0,23.7585,14.6805,0,1559,88176624953
112.627,8.87887,57.25,0,53,55,0,2500,0,0,0,23.7585,14.6805,0,1559,88185504097
126.237,7.9216,57.25,0,53,55,0,2500,0,0,0,23.7585,14.6805,0,1559,88193426609
101.274,9.87416,57.25,0,53,55,0,2500,0,0,0,23.7585,14.6805,0,1559,88203301030
121.016,8.26336,57.25,0,53,55,0,2500,0,0,0,23.7585,14.6805,0,1559,88211565881
105.326,9.49429,57.25,0,53,55,0,2500,0,0,0,23.7585,14.6805,0,1559,88221060333
122.57,8.15862,57.25,0,53,55,0,2500,0,0,0,23.7585,14.6805,0,1559,88229220066
128.975,7.75342,57.25,0,53,55,0,2500,0,0,0,23.7585,14.6805,0,1559,88236974561
121.893,8.20392,57.25,0,53,55,0,2500,0,0,0,23.7585,14.6805,0,1559,88245178492
110.393,9.05857,57.25,0,53,55,0,2500,0,0,0,23.7585,14.6805,0,1559,88254237708
129,7.75196,57.25,0,53,55,0,2500,0,0,0,23.7585,14.6805,0,1559,88261989942
231.792,4.31421,57.25,0,53,55,0,2500,0,0,0,23.7585,14.6805,0,1559,88266305165
95.0898,10.5164,57.25,0,53,55,0,2500,0,0,0,23.7585,14.6805,0,1559,88276822165
127.631,7.83506,57.25,0,53,55,0,2500,0,0,0,23.7585,14.6805,0,1559,88284657451
104.231,9.59405,57.25,0,53,55,0,2500,0,0,0,23.7585,14.6805,0,1559,88294251613
165.581,6.03933,57.25,0,53,55,0,2500,0,0,0,23.7585,14.6805,0,1559,88300292623
100.802,9.9204,57.25,0,53,55,0,2500,0,0,0,23.7585,14.6805,0,1559,88310213470
101.492,9.85303,57.25,0,53,55,0,2500,0,0,0,23.7585,14.6805,0,1559,88320066735
120.021,8.33189,57.25,0,53,55,0,2500,0,0,0,23.7585,14.6805,0,1559,88328399482
142.526,7.01629,57.25,0,53,55,0,2500,0,0,0,23.7585,14.6805,0,1559,88335416407
122.684,8.151,57.25,0,53,55,0,2500,0,0,0,23.7585,14.6805,0,1559,88343568448
116.547,8.58024,57.25,0,53,55,0,2500,0,0,0,23.7585,14.6805,0,1559,88352148673
115.002,8.69552,57.25,0,53,55,0,2500,0,0,0,23.7585,14.6805,0,1559,88360843760
132.517,7.54619,57.25,0,53,55,0,2500,0,0,0,23.7585,14.6805,0,1559,88368390803
133.841,7.47153,57.25,0,53,55,0,2500,0,0,0,23.7585,14.6805,0,1559,88375862387
120.559,8.29467,57.25,0,53,55,0,2500,0,0,0,23.7585,14.6805,0,1559,88384157811
129.774,7.70571,57.25,0,53,55,0,2500,0,0,0,23.7585,14.6805,0,1559,88391863823
128.419,7.787,57.25,0,53,55,0,2500,0,0,0,23.7585,14.6805,0,1559,88399651404
106.599,9.38091,57.25,0,53,55,0,2500,0,0,0,23.7585,14.6805,0,1559,88409032893
106.732,9.3693,57.25,0,53,55,0,2500,0,0,0,23.7585,14.6805,0,1559,88418402879
109.724,9.11381,57.25,0,53,55,0,2500,0,0,0,23.7585,14.6805,0,1559,88427517528
156.442,6.39213,57.25,0,53,55,0,2500,0,0,0,23.7585,14.6805,0,1559,88433910513
116.693,8.56949,57.25,0,53,55,0,2500,0,0,0,23.7585,14.6805,0,1559,88442481422
104.624,9.55803,57.25,0,53,55,0,2500,0,0,0,23.7585,14.6805,0,1559,88452040009
119.514,8.36724,57.25,0,53,55,0,2500,0,0,0,23.7585,14.6805,0,1559,88460407900
101.671,9.83561,57.25,0,53,55,0,2500,0,0,0,23.7585,14.6805,0,1559,88470244214
132.142,7.56763,57.25,0,53,55,0,2500,0,0,0,23.7585,14.6805,0,1559,88477812966
159.43,6.27233,57.25,0,53,55,0,2500,0,0,0,23.7585,14.6805,0,1559,88484086013
89.9206,11.1209,57.25,0,53,55,0,2500,0,0,0,23.7585,14.6805,0,1559,88495207257
127.728,7.82914,57.25,0,53,55,0,2500,0,0,0,23.7585,14.6805,0,1559,88503036931
128.327,7.79262,57.25,0,53,55,0,2500,0,0,0,23.7585,14.6805,0,1559,88510829137
143.235,6.98154,57.25,0,53,55,0,2500,0,0,0,23.7585,14.6805,0,1559,88517811266
118.91,8.40971,57.25,0,53,55,0,2500,0,0,0,23.7585,14.6805,0,1559,88526220938
111.625,8.95859,57.25,0,53,55,0,2500,0,0,0,23.7585,14.6805,0,1559,88535181081
98.7218,10.1295,57.25,0,53,55,0,2500,0,0,0,23.7585,14.6805,0,1559,88545316772
106.784,9.36472,54.0541,0,60,55,0,2500,0,0,0,23.7461,14.6804,0,1600,88554676660
121.903,8.20326,54.0541,0,60,55,0,2500,0,0,0,23.7461,14.6804,0,1600,88562879859
116.343,8.59525,54.0541,0,60,55,0,2500,0,0,0,23.7461,14.6804,0,1600,88571475653
177.673,5.62832,54.0541,0,60,55,0,2500,0,0,0,23.7461,14.6804,0,1600,88577103726
102.816,9.72607,54.0541,0,60,55,0,2500,0,0,0,23.7461,14.6804,0,1600,88586831526
152.06,6.57635,54.0541,0,60,55,0,2500,0,0,0,23.7461,14.6804,0,1600,88593408136
108.984,9.17568,54.0541,0,60,55,0,2500,0,0,0,23.7461,14.6804,0,1600,88602584555
153.36,6.5206,54.0541,0,60,55,0,2500,0,0,0,23.7461,14.6804,0,1600,88609105549
84.49,11.8357,54.0541,0,60,55,0,2500,0,0,0,23.7461,14.6804,0,1600,88620948530
146.541,6.82403,54.0541,0,60,55,0,2500,0,0,0,23.7461,14.6804,0,1600,88627765402
183.955,5.4361,54.0541,0,60,55,0,2500,0,0,0,23.7461,14.6804,0,1600,88633203432
81.3344,12.2949,54.0541,0,60,55,0,2500,0,0,0,23.7461,14.6804,0,1600,88645498982
132.358,7.55526,54.0541,0,60,55,0,2500,0,0,0,23.7461,14.6804,0,1600,88653054911
128.6,7.77607,54.0541,0,60,55,0,2500,0,0,0,23.7461,14.6804,0,1600,88660830802
113.512,8.80965,54.0541,0,60,55,0,2500,0,0,0,23.7461,14.6804,0,1600,88669641971
151.908,6.58294,54.0541,0,60,55,0,2500,0,0,0,23.7461,14.6804,0,1600,88676224712
152.843,6.54265,54.0541,0,60,55,0,2500,0,0,0,23.7461,14.6804,0,1600,88682767048
98.6777,10.134,54.0541,0,60,55,0,2500,0,0,0,23.7461,14.6804,0,1600,88692902210
106.799,9.36335,54.0541,0,60,55,0,2500,0,0,0,23.7461,14.6804,0,1600,88702265143
151.75,6.58979,54.0541,0,60,55,0,2500,0,0,0,23.7461,14.6804,0,1600,88708855840
126.599,7.89896,54.0541,0,60,55,0,2500,0,0,0,23.7461,14.6804,0,1600,88716755336
128.568,7.77798,54.0541,0,60,55,0,2500,0,0,0,23.7461,14.6804,0,1600,88724533684
102.12,9.79241,54.0541,0,60,55,0,2500,0,0,0,23.7461,14.6804,0,1600,88734326491
108.886,9.18392,54.0541,0,60,55,0,2500,0,0,0,23.7461,14.6804,0,1600,88743510680
124.414,8.03766,54.0541,0,60,55,0,2500,0,0,0,23.7461,14.6804,0,1600,88751548763
111.736,8.94969,54.0541,0,60,55,0,2500,0,0,0,23.7461,14.6804,0,1600,88760498482
153.654,6.50814,54.0541,0,60,55,0,2500,0,0,0,23.7461,14.6804,0,1600,88767008049
142.801,7.00274,54.0541,0,60,55,0,2500,0,0,0,23.7461,14.6804,0,1600,88774010238
99.6627,10.0338,54.0541,0,60,55,0,2500,0,0,0,23.7461,14.6804,0,1600,88784045829
114.465,8.73627,54.0541,0,60,55,0,2500,0,0,0,23.7461,14.6804,0,1600,88792782989
118.22,8.45881,54.0541,0,60,55,0,2500,0,0,0,23.7461,14.6804,0,1600,88801241123
131.393,7.61078,54.0541,0,60,55,0,2500,0,0,0,23.7461,14.6804,0,1600,88808852360
113.778,8.78904,54.0541,0,60,55,0,2500,0,0,0,23.7461,14.6804,0,1600,88817642734
109.14,9.16253,54.0541,0,60,55,0,2500,0,0,0,23.7461,14.6804,0,1600,88826804926
168.727,5.92675,54.0541,0,60,55,0,2500,0,0,0,23.7461,14.6804,0,1600,88832731118
108.385,9.22635,54.0541,0,60,55,0,2500,0,0,0,23.7461,14.6804,0,1600,88841959518
140.921,7.09619,54.0541,0,60,55,0,2500,0,0,0,23.7461,14.6804,0,1600,88849056713
114.312,8.748,54.0541,0,60,55,0,2500,0,0,0,23.7461,14.6804,0,1600,88857805108
122.467,8.16548,54.0541,0,60,55,0,2500,0,0,0,23.7461,14.6804,0,1600,88865971531
100.145,9.98555,54.0541,0,60,55,0,2500,0,0,0,23.7461,14.6804,0,1600,88875956863
105.215,9.50438,54.0541,0,60,55,0,2500,0,0,0,23.7461,14.6804,0,1600,88885461735
112.108,8.91995,54.0541,0,60,55,0,2500,0,0,0,23.7461,14.6804,0,1600,88894382441
147.864,6.76296,54.0541,0,60,55,0,2500,0,0,0,23.7461,14.6804,0,1600,88901146309
109.974,9.09308,54.0541,0,60,55,0,2500,0,0,0,23.7461,14.6804,0,1600,88910240143
122.569,8.15864,54.0541,0,60,55,0,2500,0,0,0,23.7461,14.6804,0,1600,88918399389
121.155,8.2539,54.0541,0,60,55,0,2500,0,0,0,23.7461,14.6804,0,1600,88926653519
122.523,8.16174,54.0541,0,60,55,0,2500,0,0,0,23.7461,14.6804,0,1600,88934816690
109.169,9.16015,54.0541,0,60,55,0,2500,0,0,0,23.7461,14.6804,0,1600,88943976350
97.3621,10.2709,54.0541,0,60,55,0,2500,0,0,0,23.7461,14.6804,0,1600,88954248072
159.129,6.2842,54.0541,0,60,55,0,2500,0,0,0,23.7461,14.6804,0,1600,88960532154
123.634,8.08837,54.0541,0,60,55,0,2500,0,0,0,23.7461,14.6804,0,1600,88968620966
256.645,3.89644,54.0541,0,60,55,0,2500,0,0,0,23.7461,14.6804,0,1600,88972516923
97.7813,10.2269,54.0541,0,60,55,0,2500,0,0,0,23.7461,14.6804,0,1600,88982744814
97.686,10.2369,54.0541,0,60,55,0,2500,0,0,0,23.7461,14.6804,0,1600,88992982209
101.064,9.89474,54.0541,0,60,55,0,2500,0,0,0,23.7461,14.6804,0,1600,89002878323
115.826,8.63361,54.0541,0,60,55,0,2500,0,0,0,23.7461,14.6804,0,1600,89011512478
122.925,8.13507,54.0541,0,60,55,0,2500,0,0,0,23.7461,14.6804,0,1600,89019648395
105.587,9.47085,54.0541,0,60,55,0,2500,0,0,0,23.7461,14.6804,0,1600,89029120001
193.108,5.17845,54.0541,0,60,55,0,2500,0,0,0,23.7461,14.6804,0,1600,89034298825
91.9062,10.8807,54.0541,0,60,55,0,2500,0,0,0,23.7461,14.6804,0,1600,89045180511
134.335,7.44408,54.0541,0,60,55,0,2500,0,0,0,23.7461,14.6804,0,1600,89052631980
112.289,8.90562,53.6946,0,59,55,0,2500,0,0,0,23.7574,14.6804,0,1593,89061530834
118.719,8.42327,53.6946,0,59,55,0,2500,0,0,0,23.7574,14.6804,0,1593,89069954074
137.367,7.27978,53.6946,0,59,55,0,2500,0,0,0,23.7574,14.6804,0,1593,89077234621
118.629,8.42963,53.6946,0,59,55,0,2500,0,0,0,23.7574,14.6804,0,1593,89085665075
115.823,8.63389,53.6946,0,59,55,0,2500,0,0,0,23.7574,14.6804,0,1593,89094300098
180.416,5.54274,53.6946,0,59,55,0,2500,0,0,0,23.7574,14.6804,0,1593,89099843692
113.043,8.84618,53.6946,0,59,55,0,2500,0,0,0,23.7574,14.6804,0,1593,89108688601
97.6269,10.2431,53.6946,0,59,55,0,2500,0,0,0,23.7574,14.6804,0,1593,89118933580
110.892,9.01779,53.6946,0,59,55,0,2500,0,0,0,23.7574,14.6804,0,1593,89127952378
122.649,8.15336,53.6946,0,59,55,0,2500,0,0,0,23.7574,14.6804,0,1593,89136105559
126.404,7.91117,53.6946,0,59,55,0,2500,0,0,0,23.7574,14.6804,0,1593,89144016879
93.6729,10.6754,53.6946,0,59,55,0,2500,0,0,0,23.7574,14.6804,0,1593,89154693669
113.786,8.7884,53.6946,0,59,55,0,2500,0,0,0,23.7574,14.6804,0,1593,89163483106
125.43,7.97257,53.6946,0,59,55,0,2500,0,0,0,23.7574,14.6804,0,1593,89171456155
123.691,8.08465,53.6946,0,59,55,0,2500,0,0,0,23.7574,14.6804,0,1593,89179541904
125.414,7.9736,53.6946,0,59,55,0,2500,0,0,0,23.7574,14.6804,0,1593,89187515913
141.567,7.06377,53.6946,0,59,55,0,2500,0,0,0,23.7574,14.6804,0,1593,89194580703
128.316,7.79328,53.6946,0,59,55,0,2500,0,0,0,23.7574,14.6804,0,1593,89202374220
161.354,6.19756,53.6946,0,59,55,0,2500,0,0,0,23.7574,14.6804,0,1593,89208572624
122.228,8.18143,53.6946,0,59,55,0,2500,0,0,0,23.7574,14.6804,0,1593,89216753795
141.575,7.06339,53.6946,0,59,55,0,2500,0,0,0,23.7574,14.6804,0,1593,89223817443
98.893,10.1119,53.6946,0,59,55,0,2500,0,0,0,23.7574,14.6804,0,1593,89233930002
140.781,7.10323,53.6946,0,59,55,0,2500,0,0,0,23.7574,14.6804,0,1593,89241034232
97.9235,10.2121,53.6946,0,59,55,0,2500,0,0,0,23.7574,14.6804,0,1593,89251246923
139.003,7.1941,53.6946,0,59,55,0,2500,0,0,0,23.7574,14.6804,0,1593,89258441797
92.0098,10.8684,53.6946,0,59,55,0,2500,0,0,0,23.7574,14.6804,0,1593,89269309628
134.619,7.42835,53.6946,0,59,55,0,2500,0,0,0,23.7574,14.6804,0,1593,89276738985
179.646,5.56651,53.6946,0,59,55,0,2500,0,0,0,23.7574,14.6804,0,1593,89282305283
99.7841,10.0216,53.6946,0,59,55,0,2500,0,0,0,23.7574,14.6804,0,1593,89292327575
117.348,8.52168,53.6946,0,59,55,0,2500,0,0,0,23.7574,14.6804,0,1593,89300849486
151.307,6.60909,53.6946,0,59,55,0,2500,0,0,0,23.7574,14.6804,0,1593,89307458847
109.031,9.17168,53.6946,0,59,55,0,2500,0,0,0,23.7574,14.6804,0,1593,89316631702
91.2246,10.962,53.6946,0,59,55,0,2500,0,0,0,23.7574,14.6804,0,1593,89327593823
133.71,7.47887,53.6946,0,59,55,0,2500,0,0,0,23.7574,14.6804,0,1593,89335073355
173.065,5.77817,53.6946,0,59,55,0,2500,0,0,0,23.7574,14.6804,0,1593,89340851447
105.191,9.50655,53.6946,0,59,55,0,2500,0,0,0,23.7574,14.6804,0,1593,89350358523
120.099,8.32647,53.6946,0,59,55,0,2500,0,0,0,23.7574,14.6804,0,1593,89358685471
125.742,7.95282,53.6946,0,59,55,0,2500,0,0,0,23.7574,14.6804,0,1593,89366638831
106.085,9.4264,53.6946,0,59,55,0,2500,0,0,0,23.7574,14.6804,0,1593,89376066349
104.912,9.53184,53.6946,0,59,55,0,2500,0,0,0,23.7574,14.6804,0,1593,89385599214
113.197,8.83419,53.6946,0,59,55,0,2500,0,0,0,23.7574,14.6804,0,1593,89394433894
119.425,8.37344,53.6946,0,59,55,0,2500,0,0,0,23.7574,14.6804,0,1593,89402807343
117.928,8.47978,53.6946,0,59,55,0,2500,0,0,0,23.7574,14.6804,0,1593,89411287763
125.952,7.93954,53.6946,0,59,55,0,2500,0,0,0,23.7574,14.6804,0,1593,89419227615
116.422,8.58943,53.6946,0,59,55,0,2500,0,0,0,23.7574,14.6804,0,1593,89427816643
127.688,7.83158,53.6946,0,59,55,0,2500,0,0,0,23.7574,14.6804,0,1593,89435648447
119.164,8.39179,53.6946,0,59,55,0,2500,0,0,0,23.7574,14.6804,0,1593,89444041598
122.258,8.17939,53.6946,0,59,55,0,2500,0,0,0,23.7574,14.6804,0,1593,89452221661
109.767,9.11017,53.6946,0,59,55,0,2500,0,0,0,23.7574,14.6804,0,1593,89461331618
124.822,8.01142,53.6946,0,59,55,0,2500,0,0,0,23.7574,14.6804,0,1593,89469343352
132.707,7.53542,53.6946,0,59,55,0,2500,0,0,0,23.7574,14.6804,0,1593,89476879070
160.932,6.21381,53.6946,0,59,55,0,2500,0,0,0,23.7574,14.6804,0,1593,89483092636
105.985,9.43528,53.6946,0,59,55,0,2500,0,0,0,23.7574,14.6804,0,1593,89492528100
137.765,7.25876,53.6946,0,59,55,0,2500,0,0,0,23.7574,14.6804,0,1593,89499786918
99.6313,10.037,53.6946,0,59,55,0,2500,0,0,0,23.7574,14.6804,0,1593,89509824846
114.428,8.73912,53.6946,0,59,55,0,2500,0,0,0,23.7574,14.6804,0,1593,89518565729
104.113,9.60491,53.6946,0,59,55,0,2500,0,0,0,23.7574,14.6804,0,1593,89528170782
135.426,7.38413,53.6946,0,59,55,0,2500,0,0,0,23.7574,14.6804,0,1593,89535554965
224.351,4.45731,53.6946,0,59,55,0,2500,0,0,0,23.7574,14.6804,0,1593,89540013513
82.8439,12.0709,53.6946,0,59,55,0,2500,0,0,0,23.7574,14.6804,0,1593,89552084867
120.867,8.27355,53.6946,0,59,55,0,2500,0,0,0,23.7574,14.6804,0,1593,89560362323
211.702,4.72361,42.0147,0,58,55,0,2500,0,0,0,23.7621,14.6803,0,1600,89565083185
90.6927,11.0262,42.0147,0,58,55,0,2500,0,0,0,23.7621,14.6803,0,1600,89576110360
116.325,8.59661,42.0147,0,58,55,0,2500,0,0,0,23.7621,14.6803,0,1600,89584707696
139.635,7.16153,42.0147,0,58,55,0,2500,0,0,0,23.7621,14.6803,0,1600,89591869310
130.878,7.64073,42.0147,0,58,55,0,2500,0,0,0,23.7621,14.6803,0,1600,89599509789
121.905,8.20309,42.0147,0,58,55,0,2500,0,0,0,23.7621,14.6803,0,1600,89607712963
129.709,7.70955,42.0147,0,58,55,0,2500,0,0,0,23.7621,14.6803,0,1600,89615422822
126.399,7.91145,42.0147,0,58,55,0,2500,0,0,0,23.7621,14.6803,0,1600,89623334393
79.2585,12.6169,42.0147,0,58,55,0,2500,0,0,0,23.7621,14.6803,0,1600,89635953676
127.696,7.83109,42.0147,0,58,55,0,2500,0,0,0,23.7621,14.6803,0,1600,89643785398
137.737,7.2602,42.0147,0,58,55,0,2500,0,0,0,23.7621,14.6803,0,1600,89651046025
92.6755,10.7903,42.0147,0,58,55,0,2500,0,0,0,23.7621,14.6803,0,1600,89661837176
141.789,7.05274,42.0147,0,58,55,0,2500,0,0,0,23.7621,14.6803,0,1600,89668890753
108.103,9.2504,42.0147,0,58,55,0,2500,0,0,0,23.7621,14.6803,0,1600,89678141743
131.332,7.61426,42.0147,0,58,55,0,2500,0,0,0,23.7621,14.6803,0,1600,89685756128
141.62,7.06114,42.0147,0,58,55,0,2500,0,0,0,23.7621,14.6803,0,1600,89692817777
132.773,7.53163,42.0147,0,58,55,0,2500,0,0,0,23.7621,14.6803,0,1600,89700350575
114.247,8.75294,42.0147,0,58,55,0,2500,0,0,0,23.7621,14.6803,0,1600,89709103835
103.459,9.66565,42.0147,0,58,55,0,2500,0,0,0,23.7621,14.6803,0,1600,89718770408
116.529,8.58155,42.0147,0,58,55,0,2500,0,0,0,23.7621,14.6803,0,1600,89727352797
147.268,6.79033,42.0147,0,58,55,0,2500,0,0,0,23.7621,14.6803,0,1600,89734143094
114.53,8.73133,42.0147,0,58,55,0,2500,0,0,0,23.7621,14.6803,0,1600,89742875838
126.482,7.90628,42.0147,0,58,55,0,2500,0,0,0,23.7621,14.6803,0,1600,89750782759
119.275,8.38396,42.0147,0,58,55,0,2500,0,0,0,23.7621,14.6803,0,1600,89759167148
91.1073,10.9761,42.0147,0,58,55,0,2500,0,0,0,23.7621,14.6803,0,1600,89770144101
127.05,7.87089,42.0147,0,58,55,0,2500,0,0,0,23.7621,14.6803,0,1600,89778015853
132.409,7.55236,42.0147,0,58,55,0,2500,0,0,0,23.7621,14.6803,0,1600,89785569015
125.331,7.97888,42.0147,0,58,55,0,2500,0,0,0,23.7621,14.6803,0,1600,89793548102
135.835,7.36188,42.0147,0,58,55,0,2500,0,0,0,23.7621,14.6803,0,1600,89800911239
96.1084,10.4049,42.0147,0,58,55,0,2500,0,0,0,23.7621,14.6803,0,1600,89811316391
154.708,6.46378,42.0147,0,58,55,0,2500,0,0,0,23.7621,14.6803,0,1600,89817781068
133.256,7.50436,42.0147,0,58,55,0,2500,0,0,0,23.7621,14.6803,0,1600,89825285709
122.314,8.1757,42.0147,0,58,55,0,2500,0,0,0,23.7621,14.6803,0,1600,89833461501
136.171,7.3437,42.0147,0,58,55,0,2500,0,0,0,23.7621,14.6803,0,1600,89840806190
105.119,9.51302,42.0147,0,58,55,0,2500,0,0,0,23.7621,14.6803,0,1600,89850319568
95.1735,10.5071,42.0147,0,58,55,0,2500,0,0,0,23.7621,14.6803,0,1600,89860827597
136.322,7.33559,42.0147,0,58,55,0,2500,0,0,0,23.7621,14.6803,0,1600,89868163453
115.702,8.64291,42.0147,0,58,55,0,2500,0,0,0,23.7621,14.6803,0,1600,89876805919
118.211,8.45943,42.0147,0,58,55,0,2500,0,0,0,23.7621,14.6803,0,1600,89885265335
129.175,7.74146,42.0147,0,58,55,0,2500,0,0,0,23.7621,14.6803,0,1600,89893007016
112.737,8.87019,42.0147,0,58,55,0,2500,0,0,0,23.7621,14.6803,0,1600,89901878506
132.363,7.55499,42.0147,0,58,55,0,2500,0,0,0,23.7621,14.6803,0,1600,89909433671
129.763,7.70635,42.0147,0,58,55,0,2500,0,0,0,23.7621,14.6803,0,1600,89917140431
83.8974,11.9193,42.0147,0,58,55,0,2500,0,0,0,23.7621,14.6803,0,1600,89929059812
199.627,5.00934,42.0147,0,58,55,0,2500,0,0,0,23.7621,14.6803,0,1600,89934069244
101.563,9.84609,42.0147,0,58,55,0,2500,0,0,0,23.7621,14.6803,0,1600,89943915961
126.029,7.9347,42.0147,0,58,55,0,2500,0,0,0,23.7621,14.6803,0,1600,89951851463
122.454,8.16631,42.0147,0,58,55,0,2500,0,0,0,23.7621,14.6803,0,1600,89960017146
140.947,7.09485,42.0147,0,58,55,0,2500,0,0,0,23.7621,14.6803,0,1600,89967112241
129.871,7.69992,42.0147,0,58,55,0,2500,0,0,0,23.7621,14.6803,0,1600,89974813001
112.326,8.90269,42.0147,0,58,55,0,2500,0,0,0,23.7621,14.6803,0,1600,89983715178
132.147,7.56736,42.0147,0,58,55,0,2500,0,0,0,23.7621,14.6803,0,1600,89991283041
82.5213,12.1181,42.0147,0,58,55,0,2500,0,0,0,23.7621,14.6803,0,1600,90003402138
151.004,6.62235,42.0147,0,58,55,0,2500,0,0,0,23.7621,14.6803,0,1600,90010025510
119.009,8.40273,42.0147,0,58,55,0,2500,0,0,0,23.7621,14.6803,0,1600,90018428307
134.931,7.41122,42.0147,0,58,55,0,2500,0,0,0,23.7621,14.6803,0,1600,90025839410
121.657,8.21981,42.0147,0,58,55,0,2500,0,0,0,23.7621,14.6803,0,1600,90034060396
117.871,8.48386,42.0147,0,58,55,0,2500,0,0,0,23.7621,14.6803,0,1600,90042544845
98.8422,10.1171,42.0147,0,58,55,0,2500,0,0,0,23.7621,14.6803,0,1600,90052661665
119.364,8.37773,42.0147,0,58,55,0,2500,0,0,0,23.7621,14.6803,0,1600,90061047636
119.125,8.39453,33.7469,0,59,55,0,2500,0,0,0,23.766,14.6786,0,1600,90069436008
125.211,7.98649,33.7469,0,59,55,0,2500,0,0,0,23.766,14.6786,0,1600,90077423039
120.371,8.30768,33.7469,0,59,55,0,2500,0,0,0,23.766,14.6786,0,1600,90085731309
183.651,5.44513,33.7469,0,59,55,0,2500,0,0,0,23.766,14.6786,0,1600,90091177392
91.6196,10.9147,33.7469,0,59,55,0,2500,0,0,0,23.766,14.6786,0,1600,90102092553
129.786,7.70502,33.7469,0,59,55,0,2500,0,0,0,23.766,14.6786,0,1600,90109797934
129.612,7.71532,33.7469,0,59,55,0,2500,0,0,0,23.766,14.6786,0,1600,90117513918
103.58,9.65439,33.7469,0,59,55,0,2500,0,0,0,23.766,14.6786,0,1600,90127168975
109.996,9.09126,33.7469,0,59,55,0,2500,0,0,0,23.766,14.6786,0,1600,90136261538
118.024,8.47284,33.7469,0,59,55,0,2500,0,0,0,23.766,14.6786,0,1600,90144734544
128.428,7.78644,33.7469,0,59,55,0,2500,0,0,0,23.766,14.6786,0,1600,90152521932
104.288,9.58882,33.7469,0,59,55,0,2500,0,0,0,23.766,14.6786,0,1600,90162111862
114.117,8.76296,33.7469,0,59,55,0,2500,0,0,0,23.766,14.6786,0,1600,90170875941
103.61,9.65156,33.7469,0,59,55,0,2500,0,0,0,23.766,14.6786,0,1600,90180528064
143.317,6.97756,33.7469,0,59,55,0,2500,0,0,0,23.766,14.6786,0,1600,90187506115
218.018,4.58678,33.7469,0,59,55,0,2500,0,0,0,23.766,14.6786,0,1600,90192092921
144.292,6.93037,33.7469,0,59,55,0,2500,0,0,0,23.766,14.6786,0,1600,90199022734
83.6348,11.9568,33.7469,0,59,55,0,2500,0,0,0,23.766,14.6786,0,1600,90210979986
109.299,9.14921,33.7469,0,59,55,0,2500,0,0,0,23.766,14.6786,0,1600,90220132437
122.301,8.17653,33.7469,0,59,55,0,2500,0,0,0,23.766,14.6786,0,1600,90228307918
122.705,8.14963,33.7469,0,59,55,0,2500,0,0,0,23.766,14.6786,0,1600,90236458250
112.857,8.86074,33.7469,0,59,55,0,2500,0,0,0,23.766,14.6786,0,1600,90245319594
141.998,7.04237,33.7469,0,59,55,0,2500,0,0,0,23.766,14.6786,0,1600,90252363263
125.27,7.98278,33.7469,0,59,55,0,2500,0,0,0,23.766,14.6786,0,1600,90260344840
134.2,7.45157,33.7469,0,59,55,0,2500,0,0,0,23.766,14.6786,0,1600,90267797166
125.705,7.95515,33.7469,0,59,55,0,2500,0,0,0,23.766,14.6786,0,1600,90275753392
117.657,8.49926,33.7469,0,59,55,0,2500,0,0,0,23.766,14.6786,0,1600,90284253068
90.905,11.0005,33.7469,0,59,55,0,2500,0,0,0,23.766,14.6786,0,1600,90295254718
133.69,7.47997,33.7469,0,59,55,0,2500,0,0,0,23.766,14.6786,0,1600,90302735788
122.957,8.13295,33.7469,0,59,55,0,2500,0,0,0,23.766,14.6786,0,1600,90310869378
118.521,8.43734,33.7469,0,59,55,0,2500,0,0,0,23.766,14.6786,0,1600,90319307225
104.5,9.56938,33.7469,0,59,55,0,2500,0,0,0,23.766,14.6786,0,1600,90328877536
161.101,6.2073,33.7469,0,59,55,0,2500,0,0,0,23.766,14.6786,0,1600,90335086221
146.945,6.80526,33.7469,0,59,55,0,2500,0,0,0,23.766,14.6786,0,1600,90341891482
126.856,7.88297,33.7469,0,59,55,0,2500,0,0,0,23.766,14.6786,0,1600,90349775199
139.198,7.18403,33.7469,0,59,55,0,2500,0,0,0,23.766,14.6786,0,1600,90356958521
121.603,8.22349,33.7469,0,59,55,0,2500,0,0,0,23.766,14.6786,0,1600,90365181844
112.803,8.865,33.7469,0,59,55,0,2500,0,0,0,23.766,14.6786,0,1600,90374046876
125.916,7.9418,33.7469,0,59,55,0,2500,0,0,0,23.766,14.6786,0,1600,90381989827
95.9095,10.4265,33.7469,0,59,55,0,2500,0,0,0,23.766,14.6786,0,1600,90392417514
114.491,8.73433,33.7469,0,59,55,0,2500,0,0,0,23.766,14.6786,0,1600,90401151782
109.84,9.10412,33.7469,0,59,55,0,2500,0,0,0,23.766,14.6786,0,1600,90410257220
130.35,7.67165,33.7469,0,59,55,0,2500,0,0,0,23.766,14.6786,0,1600,90417929280
127.59,7.83761,33.7469,0,59,55,0,2500,0,0,0,23.766,14.6786,0,1600,90425767187
129.796,7.70438,33.7469,0,59,55,0,2500,0,0,0,23.766,14.6786,0,1600,90433472211
107.509,9.30157,33.7469,0,59,55,0,2500,0,0,0,23.766,14.6786,0,1600,90442774801
100.966,9.90429,33.7469,0,59,55,0,2500,0,0,0,23.766,14.6786,0,1600,90452679429
120.723,8.28343,33.7469,0,59,55,0,2500,0,0,0,23.766,14.6786,0,1600,90460962584
119.802,8.3471,33.7469,0,59,55,0,2500,0,0,0,23.766,14.6786,0,1600,90469310689
127.422,7.84796,33.7469,0,59,55,0,2500,0,0,0,23.766,14.6786,0,1600,90477159223
147.884,6.76206,33.7469,0,59,55,0,2500,0,0,0,23.766,14.6786,0,1600,90483921790
105.861,9.44639,33.7469,0,59,55,0,2500,0,0,0,23.766,14.6786,0,1600,90493368689
117.505,8.51029,33.7469,0,59,55,0,2500,0,0,0,23.766,14.6786,0,1600,90501880079
126.388,7.91217,33.7469,0,59,55,0,2500,0,0,0,23.766,14.6786,0,1600,90509792746
106.255,9.41128,33.7469,0,59,55,0,2500,0,0,0,23.766,14.6786,0,1600,90519204933
109.649,9.12004,33.7469,0,59,55,0,2500,0,0,0,23.766,14.6786,0,1600,90528325948
129.822,7.70287,33.7469,0,59,55,0,2500,0,0,0,23.766,14.6786,0,1600,90536029185
157.002,6.36933,33.7469,0,59,55,0,2500,0,0,0,23.766,14.6786,0,1600,90542398747
120.738,8.28237,33.7469,0,59,55,0,2500,0,0,0,23.766,14.6786,0,1600,90550681838
96.9652,10.313,33.7469,0,59,55,0,2500,0,0,0,23.766,14.6786,0,1600,90560995276
105.733,9.45781,33.7469,0,59,55,0,2500,0,0,0,23.766,14.6786,0,1600,90570460469
117.342,8.52211,36.6748,0,60,55,0,2500,0,0,0,23.7821,14.6786,0,1500,90578975476
245.703,4.06995,36.6748,0,60,55,0,2500,0,0,0,23.7821,14.6786,0,1500,90583046064
80.26,12.4595,36.6748,0,60,55,0,2500,0,0,0,23.7821,14.6786,0,1500,90595506641
113.116,8.84049,36.6748,0,60,55,0,2500,0,0,0,23.7821,14.6786,0,1500,90604348124
114.668,8.72083,36.6748,0,60,55,0,2500,0,0,0,23.7821,14.6786,0,1500,90613068763
160.3,6.23832,36.6748,0,60,55,0,2500,0,0,0,23.7821,14.6786,0,1500,90619307172
152.528,6.55616,36.6748,0,60,55,0,2500,0,0,0,23.7821,14.6786,0,1500,90625865451
97.9495,10.2093,36.6748,0,60,55,0,2500,0,0,0,23.7821,14.6786,0,1500,90636075438
101.05,9.89614,36.6748,0,60,55,0,2500,0,0,0,23.7821,14.6786,0,1500,90645972796
128.561,7.77844,36.6748,0,60,55,0,2500,0,0,0,23.7821,14.6786,0,1500,90653751498
119.226,8.3874,36.6748,0,60,55,0,2500,0,0,0,23.7821,14.6786,0,1500,90662138615
122.761,8.1459,36.6748,0,60,55,0,2500,0,0,0,23.7821,14.6786,0,1500,90670285917
124.621,8.02432,36.6748,0,60,55,0,2500,0,0,0,23.7821,14.6786,0,1500,90678310415
128.828,7.7623,36.6748,0,60,55,0,2500,0,0,0,23.7821,14.6786,0,1500,90686073868
123.972,8.06634,36.6748,0,60,55,0,2500,0,0,0,23.7821,14.6786,0,1500,90694141031
110.408,9.05734,36.6748,0,60,55,0,2500,0,0,0,23.7821,14.6786,0,1500,90703199157
120.206,8.31908,36.6748,0,60,55,0,2500,0,0,0,23.7821,14.6786,0,1500,90711518828
131.152,7.62477,36.6748,0,60,55,0,2500,0,0,0,23.7821,14.6786,0,1500,90719144497
117.138,8.53694,36.6748,0,60,55,0,2500,0,0,0,23.7821,14.6786,0,1500,90727681093
188.741,5.29825,36.6748,0,60,55,0,2500,0,0,0,23.7821,14.6786,0,1500,90732978882
100.948,9.90612,36.6748,0,60,55,0,2500,0,0,0,23.7821,14.6786,0,1500,90742887000
108.498,9.21679,36.6748,0,60,55,0,2500,0,0,0,23.7821,14.6786,0,1500,90752104874
111.585,8.96177,36.6748,0,60,55,0,2500,0,0,0,23.7821,14.6786,0,1500,90761066411
126.926,7.87861,36.6748,0,60,55,0,2500,0,0,0,23.7821,14.6786,0,1500,90768945819
150.721,6.63477,36.6748,0,60,55,0,2500,0,0,0,23.7821,14.6786,0,1500,90775580904
123.55,8.09389,36.6748,0,60,55,0,2500,0,0,0,23.7821,14.6786,0,1500,90783675921
115.898,8.62827,36.6748,0,60,55,0,2500,0,0,0,23.7821,14.6786,0,1500,90792304650
119.435,8.37279,36.6748,0,60,55,0,2500,0,0,0,23.7821,14.6786,0,1500,90800677335
101.491,9.85311,36.6748,0,60,55,0,2500,0,0,0,23.7821,14.6786,0,1500,90810530700
112.138,8.91755,36.6748,0,60,55,0,2500,0,0,0,23.7821,14.6786,0,1500,90819448771
163.773,6.106,36.6748,0,60,55,0,2500,0,0,0,23.7821,14.6786,0,1500,90825554446
116.176,8.6076,36.6748,0,60,55,0,2500,0,0,0,23.7821,14.6786,0,1500,90834162411
101.761,9.82698,36.6748,0,60,55,0,2500,0,0,0,23.7821,14.6786,0,1500,90843989866
116.957,8.55015,36.6748,0,60,55,0,2500,0,0,0,23.7821,14.6786,0,1500,90852541222
117.494,8.5111,36.6748,0,60,55,0,2500,0,0,0,23.7821,14.6786,0,1500,90861051786
107.32,9.3179,36.6748,0,60,55,0,2500,0,0,0,23.7821,14.6786,0,1500,90870370621
130.765,7.6473,36.6748,0,60,55,0,2500,0,0,0,23.7821,14.6786,0,1500,90878019259
175.188,5.70815,36.6748,0,60,55,0,2500,0,0,0,23.7821,14.6786,0,1500,90883727822
42.3549,23.61,36.6748,0,60,55,0,2500,0,0,0,23.7821,14.6786,0,1500,90907337725
186.084,5.37391,36.6748,0,60,55,0,2500,0,0,0,23.7821,14.6786,0,1500,90912712212
244,4.09836,36.6748,0,60,55,0,2500,0,0,0,23.7821,14.6786,0,1500,90916810203
681.318,1.46774,36.6748,0,60,55,0,2500,0,0,0,23.7821,14.6786,0,1500,90918277686
184.312,5.42559,36.6748,0,60,55,0,2500,0,0,0,23.7821,14.6786,0,1500,90923703521
102.144,9.79012,36.6748,0,60,55,0,2500,0,0,0,23.7821,14.6786,0,1500,90933494634
142.729,7.0063,36.6748,0,60,55,0,2500,0,0,0,23.7821,14.6786,0,1500,90940500013
115.179,8.68217,36.6748,0,60,55,0,2500,0,0,0,23.7821,14.6786,0,1500,90949183176
123.224,8.11527,36.6748,0,60,55,0,2500,0,0,0,23.7821,14.6786,0,1500,90957299122
117.953,8.47798,36.6748,0,60,55,0,2500,0,0,0,23.7821,14.6786,0,1500,90965778012
96.7156,10.3396,36.6748,0,60,55,0,2500,0,0,0,23.7821,14.6786,0,1500,90976118450
125.756,7.95188,36.6748,0,60,55,0,2500,0,0,0,23.7821,14.6786,0,1500,90984070893
125.461,7.97059,36.6748,0,60,55,0,2500,0,0,0,23.7821,14.6786,0,1500,90992041529
116.908,8.5537,36.6748,0,60,55,0,2500,0,0,0,23.7821,14.6786,0,1500,91000595513
123.473,8.09893,36.6748,0,60,55,0,2500,0,0,0,23.7821,14.6786,0,1500,91008695730
119.208,8.38869,36.6748,0,60,55,0,2500,0,0,0,23.7821,14.6786,0,1500,91017084557
138.035,7.24455,36.6748,0,60,55,0,2500,0,0,0,23.7821,14.6786,0,1500,91024330172
104.489,9.5704,36.6748,0,60,55,0,2500,0,0,0,23.7821,14.6786,0,1500,91033901122
124.224,8.05001,36.6748,0,60,55,0,2500,0,0,0,23.7821,14.6786,0,1500,91041952036
119.183,8.39043,36.6748,0,60,55,0,2500,0,0,0,23.7821,14.6786,0,1500,91050342872
119.9,8.34026,36.6748,0,60,55,0,2500,0,0,0,23.7821,14.6786,0,1500,91058683242
144.129,6.93825,36.6748,0,60,55,0,2500,0,0,0,23.7821,14.6786,0,1500,91065622494
117.148,8.53621,36.6748,0,60,55,0,2500,0,0,0,23.7821,14.6786,0,1500,91074164671
121.971,8.19867,33.995,0,59,55,0,2500,0,0,0,23.7744,14.6784,0,3571,91082358092
76.3033,13.1056,33.995,0,59,55,0,2500,0,0,0,23.7744,14.6784,0,3571,91095463822
94.9448,10.5324,33.995,0,59,55,0,2500,0,0,0,23.7744,14.6784,0,3571,91105997928
143.827,6.95278,33.995,0,59,55,0,2500,0,0,0,23.7744,14.6784,0,3571,91112951365
434.866,2.29956,33.995,0,59,55,0,2500,0,0,0,23.7744,14.6784,0,3571,91115251422
74.5063,13.4217,33.995,0,59,55,0,2500,0,0,0,23.7744,14.6784,0,3571,91128674809
105.05,9.51925,33.995,0,59,55,0,2500,0,0,0,23.7744,14.6784,0,3571,91138194481
110.388,9.05894,33.995,0,59,55,0,2500,0,0,0,23.7744,14.6784,0,3571,91147254113
107,9.3458,33.995,0,59,55,0,2500,0,0,0,23.7744,14.6784,0,3571,91156600618
112.827,8.86309,33.995,0,59,55,0,2500,0,0,0,23.7744,14.6784,0,3571,91165464272
105.722,9.45877,33.995,0,59,55,0,2500,0,0,0,23.7744,14.6784,0,3571,91174924021
110.424,9.05601,33.995,0,59,55,0,2500,0,0,0,23.7744,14.6784,0,3571,91183980367
109.479,9.13419,33.995,0,59,55,0,2500,0,0,0,23.7744,14.6784,0,3571,91193114030
149.564,6.6861,33.995,0,59,55,0,2500,0,0,0,23.7744,14.6784,0,3571,91199800811
163.638,6.11106,33.995,0,59,55,0,2500,0,0,0,23.7744,14.6784,0,3571,91205912041
424.792,2.35409,33.995,0,59,55,0,2500,0,0,0,23.7744,14.6784,0,3571,91208265919
98.6432,10.1376,33.995,0,59,55,0,2500,0,0,0,23.7744,14.6784,0,3571,91218405030
86.668,11.5383,33.995,0,59,55,0,2500,0,0,0,23.7744,14.6784,0,3571,91229943973
128.643,7.77348,33.995,0,59,55,0,2500,0,0,0,23.7744,14.6784,0,3571,91237717924
117.123,8.53806,33.995,0,59,55,0,2500,0,0,0,23.7744,14.6784,0,3571,91246256840
112.41,8.89597,33.995,0,59,55,0,2500,0,0,0,23.7744,14.6784,0,3571,91255153637
77.2584,12.9436,33.995,0,59,55,0,2500,0,0,0,23.7744,14.6784,0,3571,91268097900
109.319,9.14756,33.995,0,59,55,0,2500,0,0,0,23.7744,14.6784,0,3571,91277245677
113.252,8.82989,33.995,0,59,55,0,2500,0,0,0,23.7744,14.6784,0,3571,91286076299
140.285,7.12832,33.995,0,59,55,0,2500,0,0,0,23.7744,14.6784,0,3571,91293205162
104.242,9.59303,33.995,0,59,55,0,2500,0,0,0,23.7744,14.6784,0,3571,91302798661
120.172,8.32144,33.995,0,59,55,0,2500,0,0,0,23.7744,14.6784,0,3571,91311121278
97.6218,10.2436,33.995,0,59,55,0,2500,0,0,0,23.7744,14.6784,0,3571,91321366079
103.305,9.68006,33.995,0,59,55,0,2500,0,0,0,23.7744,14.6784,0,3571,91331045867
130.384,7.66967,33.995,0,59,55,0,2500,0,0,0,23.7744,14.6784,0,3571,91338716431
150.621,6.63918,33.995,0,59,55,0,2500,0,0,0,23.7744,14.6784,0,3571,91345356152
109.944,9.09557,33.995,0,59,55,0,2500,0,0,0,23.7744,14.6784,0,3571,91354452780
135.805,7.36351,33.995,0,59,55,0,2500,0,0,0,23.7744,14.6784,0,3571,91361816244
130.335,7.67256,33.995,0,59,55,0,2500,0,0,0,23.7744,14.6784,0,3571,91369488181
149.722,6.67905,33.995,0,59,55,0,2500,0,0,0,23.7744,14.6784,0,3571,91376168914
467.449,2.13927,33.995,0,59,55,0,2500,0,0,0,23.7744,14.6784,0,3571,91378308631
167.684,5.96358,33.995,0,59,55,0,2500,0,0,0,23.7744,14.6784,0,3571,91384273394
88.3578,11.3176,33.995,0,59,55,0,2500,0,0,0,23.7744,14.6784,0,3571,91395591588
135.316,7.39008,33.995,0,59,55,0,2500,0,0,0,23.7744,14.6784,0,3571,91402982412
128.164,7.80252,33.995,0,59,55,0,2500,0,0,0,23.7744,14.6784,0,3571,91410784882
125.342,7.97814,33.995,0,59,55,0,2500,0,0,0,23.7744,14.6784,0,3571,91418763197
139.948,7.14551,33.995,0,59,55,0,2500,0,0,0,23.7744,14.6784,0,3571,91425909592
111.102,9.00077,33.995,0,59,55,0,2500,0,0,0,23.7744,14.6784,0,3571,91434910544
104.554,9.56443,33.995,0,59,55,0,2500,0,0,0,23.7744,14.6784,0,3571,91444476086
164.634,6.07407,33.995,0,59,55,0,2500,0,0,0,23.7744,14.6784,0,3571,91450550505
125.591,7.96234,33.995,0,59,55,0,2500,0,0,0,23.7744,14.6784,0,3571,91458513369
89.5983,11.1609,33.995,0,59,55,0,2500,0,0,0,23.7744,14.6784,0,3571,91469675050
117.89,8.48245,33.995,0,59,55,0,2500,0,0,0,23.7744,14.6784,0,3571,91478158304
112.086,8.9217,33.995,0,59,55,0,2500,0,0,0,23.7744,14.6784,0,3571,91487080830
126.402,7.9113,33.995,0,59,55,0,2500,0,0,0,23.7744,14.6784,0,3571,91494992903
192.572,5.19285,33.995,0,59,55,0,2500,0,0,0,23.7744,14.6784,0,3571,91500186800
88.4832,11.3016,33.995,0,59,55,0,2500,0,0,0,23.7744,14.6784,0,3571,91511488649
145.204,6.88686,33.995,0,59,55,0,2500,0,0,0,23.7744,14.6784,0,3571,91518376090
133.494,7.49098,33.995,0,59,55,0,2500,0,0,0,23.7744,14.6784,0,3571,91525866454
186.125,5.37274,33.995,0,59,55,0,2500,0,0,0,23.7744,14.6784,0,3571,91531239579
82.3389,12.1449,33.995,0,59,55,0,2500,0,0,0,23.7744,14.6784,0,3571,91543386284
80.8349,12.3709,33.995,0,59,55,0,2500,0,0,0,23.7744,14.6784,0,3571,91555757830
77.8667,12.8425,33.995,0,59,55,0,2500,0,0,0,23.7744,14.6784,0,3571,91568600855
119.787,8.34817,33.995,0,59,55,0,2500,0,0,0,23.7744,14.6784,0,3571,91576974262
171.652,5.82575,54.5906,0,55,56,0,2500,0,0,0,23.8626,14.6784,0,1400,91582776134
109.677,9.11766,54.5906,0,55,56,0,2500,0,0,0,23.8626,14.6784,0,1400,91591894019
121.075,8.25933,54.5906,0,55,56,0,2500,0,0,0,23.8626,14.6784,0,1400,91600153520
143.989,6.94497,54.5906,0,55,56,0,2500,0,0,0,23.8626,14.6784,0,1400,91607098627
347.772,2.87544,54.5906,0,55,56,0,2500,0,0,0,23.8626,14.6784,0,1400,91609975258
92.9115,10.7629,54.5906,0,55,56,0,2500,0,0,0,23.8626,14.6784,0,1400,91620739532
172.633,5.79264,54.5906,0,55,56,0,2500,0,0,0,23.8626,14.6784,0,1400,91626532061
97.3453,10.2727,54.5906,0,55,56,0,2500,0,0,0,23.8626,14.6784,0,1400,91636805504
191.742,5.21534,54.5906,0,55,56,0,2500,0,0,0,23.8626,14.6784,0,1400,91642021073
102.089,9.79539,54.5906,0,55,56,0,2500,0,0,0,23.8626,14.6784,0,1400,91651816474
114.514,8.73255,54.5906,0,55,56,0,2500,0,0,0,23.8626,14.6784,0,1400,91660550326
148.516,6.73328,54.5906,0,55,56,0,2500,0,0,0,23.8626,14.6784,0,1400,91667283546
134.572,7.43094,54.5906,0,55,56,0,2500,0,0,0,23.8626,14.6784,0,1400,91674715052
120.538,8.29617,54.5906,0,55,56,0,2500,0,0,0,23.8626,14.6784,0,1400,91683011685
115.614,8.64948,54.5906,0,55,56,0,2500,0,0,0,23.8626,14.6784,0,1400,91691662363
114.088,8.76517,54.5906,0,55,56,0,2500,0,0,0,23.8626,14.6784,0,1400,91700426816
111.323,8.98287,54.5906,0,55,56,0,2500,0,0,0,23.8626,14.6784,0,1400,91709410785
154.473,6.47362,54.5906,0,55,56,0,2500,0,0,0,23.8626,14.6784,0,1400,91715883481
98.0818,10.1956,54.5906,0,55,56,0,2500,0,0,0,23.8626,14.6784,0,1400,91726080630
138.256,7.23297,54.5906,0,55,56,0,2500,0,0,0,23.8626,14.6784,0,1400,91733313939
86.5668,11.5518,54.5906,0,55,56,0,2500,0,0,0,23.8626,14.6784,0,1400,91744865553
155.522,6.42998,54.5906,0,55,56,0,2500,0,0,0,23.8626,14.6784,0,1400,91751297050
95.9866,10.4181,54.5906,0,55,56,0,2500,0,0,0,23.8626,14.6784,0,1400,91761715943
124.879,8.00776,54.5906,0,55,56,0,2500,0,0,0,23.8626,14.6784,0,1400,91769723900
140.182,7.13359,54.5906,0,55,56,0,2500,0,0,0,23.8626,14.6784,0,1400,91776858500
102.594,9.74716,54.5906,0,55,56,0,2500,0,0,0,23.8626,14.6784,0,1400,91786606523
144.786,6.90676,54.5906,0,55,56,0,2500,0,0,0,23.8626,14.6784,0,1400,91793513848
119.982,8.33457,54.5906,0,55,56,0,2500,0,0,0,23.8626,14.6784,0,1400,91801848954
125.219,7.98601,54.5906,0,55,56,0,2500,0,0,0,23.8626,14.6784,0,1400,91809834649
126.822,7.88507,54.5906,0,55,56,0,2500,0,0,0,23.8626,14.6784,0,1400,91817720768
98.8302,10.1184,54.5906,0,55,56,0,2500,0,0,0,23.8626,14.6784,0,1400,91827839802
133.234,7.50561,54.5906,0,55,56,0,2500,0,0,0,23.8626,14.6784,0,1400,91835346175
129.066,7.74798,54.5906,0,55,56,0,2500,0,0,0,23.8626,14.6784,0,1400,91843093841
117.823,8.48734,54.5906,0,55,56,0,2500,0,0,0,23.8626,14.6784,0,1400,91851582118
118.71,8.42388,54.5906,0,55,56,0,2500,0,0,0,23.8626,14.6784,0,1400,91860007219
121.54,8.22772,54.5906,0,55,56,0,2500,0,0,0,23.8626,14.6784,0,1400,91868235064
129.64,7.71366,54.5906,0,55,56,0,2500,0,0,0,23.8626,14.6784,0,1400,91875948726
97.9042,10.2141,54.5906,0,55,56,0,2500,0,0,0,23.8626,14.6784,0,1400,91886164042
227.529,4.39505,54.5906,0,55,56,0,2500,0,0,0,23.8626,14.6784,0,1400,91890559543
98.0289,10.2011,54.5906,0,55,56,0,2500,0,0,0,23.8626,14.6784,0,1400,91900760985
96.8734,10.3227,54.5906,0,55,56,0,2500,0,0,0,23.8626,14.6784,0,1400,91911084602
223.137,4.48155,54.5906,0,55,56,0,2500,0,0,0,23.8626,14.6784,0,1400,91915566613
87.7549,11.3954,54.5906,0,55,56,0,2500,0,0,0,23.8626,14.6784,0,1400,91926962589
131.013,7.63281,54.5906,0,55,56,0,2500,0,0,0,23.8626,14.6784,0,1400,91934595676
125.887,7.94362,54.5906,0,55,56,0,2500,0,0,0,23.8626,14.6784,0,1400,91942540553
120.678,8.28654,54.5906,0,55,56,0,2500,0,0,0,23.8626,14.6784,0,1400,91950826676
102.78,9.72954,54.5906,0,55,56,0,2500,0,0,0,23.8626,14.6784,0,1400,91960556258
114.586,8.72704,54.5906,0,55,56,0,2500,0,0,0,23.8626,14.6784,0,1400,91969284822
145.863,6.85576,54.5906,0,55,56,0,2500,0,0,0,23.8626,14.6784,0,1400,91976141444
5.02864,198.861,54.5906,0,55,56,0,2500,0,0,0,23.8626,14.6784,0,1400,92175005125
1.25019,799.876,38.2046,0,60,56,0,2500,0,0,0,23.8074,14.7331,0,3800,92974881694
