os,cpu,gpu,ram,kernel,driver,cpuscheduler
Steam Runtime 4,Intel Core Ultra 7 355,Intel(R) Graphics (PTL),32351840,7.2.5-3-omarchy,,powersave
fps,frametime,cpu_load,cpu_power,gpu_load,cpu_temp,gpu_temp,gpu_core_clock,gpu_mem_clock,gpu_vram_used,gpu_power,ram_used,swap_used,process_rss,cpu_mhz,elapsed
0.539708,1852.85,25,0,0,50,0,650,0,0,0,23.6692,12.7508,0,1700,1928778205
0.496601,2013.69,40.8081,0,0,49,0,450,0,0,0,23.8899,12.7575,0,1500,2013690611
11.4974,86.9764,64.7059,0,0,49,0,450,0,0,0,23.8912,12.7582,0,1793,2015745939
0.901842,1108.84,64.7059,0,0,49,0,450,0,0,0,23.8912,12.7582,0,1793,3122533227
0.874849,1143.05,27.385,0,0,49,0,750,0,0,0,23.9927,12.7583,0,2300,3158804592
6.3385e-06,1.57766e+08,72.4138,0,0,49,0,750,0,0,0,23.9945,12.7584,0,3177,3281852943
3.98312,251.059,65.6566,0,0,49,0,750,0,0,0,23.9446,12.7614,0,1500,3373588606
4.22593,236.634,65.6566,0,0,49,0,750,0,0,0,23.9446,12.7614,0,1500,3395436984
6.33849e-06,1.57766e+08,65.6566,0,0,49,0,750,0,0,0,23.9446,12.7614,0,1500,3498668819
464.548,2.15263,65.6977,0,2,49,0,550,0,0,0,24.0225,12.7641,0,1493,3500814141
0.952775,1049.57,65.6977,0,2,49,0,550,0,0,0,24.0225,12.7641,0,1493,4550387691
0.858035,1165.45,43.128,0,9,64,0,2500,0,0,0,24.3241,12.7732,0,3800,4560895534
0.25575,3910.06,42.8571,0,9,64,0,2500,0,0,0,24.3614,12.7734,0,2900,8460480560
0.239939,4167.72,20.5628,0,9,49,0,2500,0,0,0,24.519,12.7788,0,1500,8728612822
0.442719,2258.77,51.6432,0,9,49,0,2500,0,0,0,24.5782,12.7829,0,3200,10719217575
0.0271804,36791.3,55.5556,0,12,59,0,950,0,0,0,24.6675,12.809,0,3741,47510479189
0.0988848,10112.8,11.1141,0,0,45,0,400,0,0,0,24.6455,13.2631,0,1300,57623249918
13.2934,75.2251,16.7631,0,0,45,0,400,0,0,0,24.8099,13.2609,0,1699,57698470527
57.2252,17.4748,16.7631,0,0,45,0,400,0,0,0,24.8099,13.2609,0,1699,57715946117
54.468,18.3594,16.7631,0,0,45,0,400,0,0,0,24.8099,13.2609,0,1699,57734305634
54.1763,18.4583,16.7631,0,0,45,0,400,0,0,0,24.8099,13.2609,0,1699,57752763643
55.2342,18.1047,16.7631,0,0,45,0,400,0,0,0,24.8099,13.2609,0,1699,57770868020
63.3813,15.7775,16.7631,0,0,45,0,400,0,0,0,24.8099,13.2609,0,1699,57786646025
54.6385,18.3021,16.7631,0,0,45,0,400,0,0,0,24.8099,13.2609,0,1699,57804948723
57.1368,17.5019,16.7631,0,0,45,0,400,0,0,0,24.8099,13.2609,0,1699,57822450433
56.2837,17.7671,16.7631,0,0,45,0,400,0,0,0,24.8099,13.2609,0,1699,57840218211
56.0286,17.848,16.7631,0,0,45,0,400,0,0,0,24.8099,13.2609,0,1699,57858066925
54.3733,18.3914,16.7631,0,0,45,0,400,0,0,0,24.8099,13.2609,0,1699,57876458685
55.6231,17.9781,16.7631,0,0,45,0,400,0,0,0,24.8099,13.2609,0,1699,57894437260
12.8158,78.0284,16.7631,0,0,45,0,400,0,0,0,24.8099,13.2609,0,1699,57972466520
4.9549,201.82,16.7631,0,0,45,0,400,0,0,0,24.8099,13.2609,0,1699,58174293136
2.24543,445.348,30.474,0,13,45,0,2500,0,0,0,24.6135,13.324,0,3199,58619635415
0.493336,2027.02,30.474,0,13,45,0,2500,0,0,0,24.6135,13.324,0,3199,60646659751
163.656,6.11037,17.433,0,0,45,0,1100,0,0,0,24.591,13.3232,0,1573,60652763762
121.063,8.26016,17.433,0,0,45,0,1100,0,0,0,24.591,13.3232,0,1573,60661023786
85.4422,11.7038,17.433,0,0,45,0,1100,0,0,0,24.591,13.3232,0,1573,60672728774
72.4815,13.7966,17.433,0,0,45,0,1100,0,0,0,24.591,13.3232,0,1573,60686525254
139.425,7.17232,17.433,0,0,45,0,1100,0,0,0,24.591,13.3232,0,1573,60693697733
125.013,7.99917,17.433,0,0,45,0,1100,0,0,0,24.591,13.3232,0,1573,60701697442
123.776,8.07912,17.433,0,0,45,0,1100,0,0,0,24.591,13.3232,0,1573,60709777328
117.783,8.49021,17.433,0,0,45,0,1100,0,0,0,24.591,13.3232,0,1573,60718267206
134.911,7.41231,17.433,0,0,45,0,1100,0,0,0,24.591,13.3232,0,1573,60725679985
169.727,5.89182,17.433,0,0,45,0,1100,0,0,0,24.591,13.3232,0,1573,60731571939
150.433,6.64746,17.433,0,0,45,0,1100,0,0,0,24.591,13.3232,0,1573,60738219472
88.0272,11.3601,17.433,0,0,45,0,1100,0,0,0,24.591,13.3232,0,1573,60749579963
247.183,4.04558,17.433,0,0,45,0,1100,0,0,0,24.591,13.3232,0,1573,60753625546
118.298,8.45322,17.433,0,0,45,0,1100,0,0,0,24.591,13.3232,0,1573,60762078621
122.205,8.183,17.433,0,0,45,0,1100,0,0,0,24.591,13.3232,0,1573,60770261884
117.949,8.47824,17.433,0,0,45,0,1100,0,0,0,24.591,13.3232,0,1573,60778740612
121.8,8.21016,17.433,0,0,45,0,1100,0,0,0,24.591,13.3232,0,1573,60786950597
119.746,8.351,17.433,0,0,45,0,1100,0,0,0,24.591,13.3232,0,1573,60795301713
119.76,8.35,17.433,0,0,45,0,1100,0,0,0,24.591,13.3232,0,1573,60803651961
117.568,8.50573,17.433,0,0,45,0,1100,0,0,0,24.591,13.3232,0,1573,60812159500
119.976,8.33501,17.433,0,0,45,0,1100,0,0,0,24.591,13.3232,0,1573,60820494590
120.314,8.31159,17.433,0,0,45,0,1100,0,0,0,24.591,13.3232,0,1573,60828806363
119.771,8.34926,17.433,0,0,45,0,1100,0,0,0,24.591,13.3232,0,1573,60837156298
117.662,8.49893,17.433,0,0,45,0,1100,0,0,0,24.591,13.3232,0,1573,60845656401
121.128,8.25574,17.433,0,0,45,0,1100,0,0,0,24.591,13.3232,0,1573,60853912265
120.48,8.30014,17.433,0,0,45,0,1100,0,0,0,24.591,13.3232,0,1573,60862213134
121.372,8.23911,17.433,0,0,45,0,1100,0,0,0,24.591,13.3232,0,1573,60870452073
119.316,8.3811,17.433,0,0,45,0,1100,0,0,0,24.591,13.3232,0,1573,60878833664
121.09,8.25832,17.433,0,0,45,0,1100,0,0,0,24.591,13.3232,0,1573,60887092271
120.248,8.31616,17.433,0,0,45,0,1100,0,0,0,24.591,13.3232,0,1573,60895408746
120.023,8.33174,17.433,0,0,45,0,1100,0,0,0,24.591,13.3232,0,1573,60903740745
119.161,8.39199,17.433,0,0,45,0,1100,0,0,0,24.591,13.3232,0,1573,60912133217
120.852,8.27458,17.433,0,0,45,0,1100,0,0,0,24.591,13.3232,0,1573,60920408353
118.837,8.4149,17.433,0,0,45,0,1100,0,0,0,24.591,13.3232,0,1573,60928823662
121.287,8.24488,17.433,0,0,45,0,1100,0,0,0,24.591,13.3232,0,1573,60937068497
119.559,8.3641,17.433,0,0,45,0,1100,0,0,0,24.591,13.3232,0,1573,60945433374
117.788,8.48985,17.433,0,0,45,0,1100,0,0,0,24.591,13.3232,0,1573,60953923490
120.499,8.29884,17.433,0,0,45,0,1100,0,0,0,24.591,13.3232,0,1573,60962223080
120.504,8.2985,17.433,0,0,45,0,1100,0,0,0,24.591,13.3232,0,1573,60970521938
119.496,8.36849,17.433,0,0,45,0,1100,0,0,0,24.591,13.3232,0,1573,60978890782
120.521,8.29729,17.433,0,0,45,0,1100,0,0,0,24.591,13.3232,0,1573,60987188256
120.75,8.28156,17.433,0,0,45,0,1100,0,0,0,24.591,13.3232,0,1573,60995470091
118.135,8.4649,17.433,0,0,45,0,1100,0,0,0,24.591,13.3232,0,1573,61003936105
119.859,8.34317,17.433,0,0,45,0,1100,0,0,0,24.591,13.3232,0,1573,61012280140
120.835,8.27572,17.433,0,0,45,0,1100,0,0,0,24.591,13.3232,0,1573,61020555922
119.358,8.37817,17.433,0,0,45,0,1100,0,0,0,24.591,13.3232,0,1573,61028934817
120.591,8.2925,17.433,0,0,45,0,1100,0,0,0,24.591,13.3232,0,1573,61037227678
120.284,8.31362,17.433,0,0,45,0,1100,0,0,0,24.591,13.3232,0,1573,61045541938
120.256,8.31562,17.433,0,0,45,0,1100,0,0,0,24.591,13.3232,0,1573,61053858328
120.041,8.33052,17.433,0,0,45,0,1100,0,0,0,24.591,13.3232,0,1573,61062188760
119.071,8.39838,17.433,0,0,45,0,1100,0,0,0,24.591,13.3232,0,1573,61070587779
120.644,8.28884,17.433,0,0,45,0,1100,0,0,0,24.591,13.3232,0,1573,61078876991
120.311,8.31177,17.433,0,0,45,0,1100,0,0,0,24.591,13.3232,0,1573,61087189343
120.151,8.32284,17.433,0,0,45,0,1100,0,0,0,24.591,13.3232,0,1573,61095512507
119.67,8.35633,17.433,0,0,45,0,1100,0,0,0,24.591,13.3232,0,1573,61103869200
119.453,8.37152,17.433,0,0,45,0,1100,0,0,0,24.591,13.3232,0,1573,61112241248
119.716,8.35309,17.433,0,0,45,0,1100,0,0,0,24.591,13.3232,0,1573,61120595103
120.319,8.31125,17.433,0,0,45,0,1100,0,0,0,24.591,13.3232,0,1573,61128905617
120.249,8.31608,17.433,0,0,45,0,1100,0,0,0,24.591,13.3232,0,1573,61137222271
118.6,8.4317,17.433,0,0,45,0,1100,0,0,0,24.591,13.3232,0,1573,61145655478
119.85,8.3438,17.433,0,0,45,0,1100,0,0,0,24.591,13.3232,0,1573,61154004315
120.838,8.27555,20.8845,0,42,45,0,2500,0,0,0,24.4214,13.3873,0,1500,61162275225
120.931,8.26919,20.8845,0,42,45,0,2500,0,0,0,24.4214,13.3873,0,1500,61170544990
118.558,8.4347,20.8845,0,42,45,0,2500,0,0,0,24.4214,13.3873,0,1500,61178980329
120.594,8.29226,20.8845,0,42,45,0,2500,0,0,0,24.4214,13.3873,0,1500,61187273180
120.46,8.30154,20.8845,0,42,45,0,2500,0,0,0,24.4214,13.3873,0,1500,61195574916
119.803,8.34701,20.8845,0,42,45,0,2500,0,0,0,24.4214,13.3873,0,1500,61203922213
119.941,8.33745,20.8845,0,42,45,0,2500,0,0,0,24.4214,13.3873,0,1500,61212260353
120.389,8.30638,20.8845,0,42,45,0,2500,0,0,0,24.4214,13.3873,0,1500,61220567228
119.399,8.3753,20.8845,0,42,45,0,2500,0,0,0,24.4214,13.3873,0,1500,61228942201
121.996,8.197,20.8845,0,42,45,0,2500,0,0,0,24.4214,13.3873,0,1500,61237139543
119.442,8.37227,20.8845,0,42,45,0,2500,0,0,0,24.4214,13.3873,0,1500,61245512175
118.583,8.43291,20.8845,0,42,45,0,2500,0,0,0,24.4214,13.3873,0,1500,61253945377
120.392,8.30619,20.8845,0,42,45,0,2500,0,0,0,24.4214,13.3873,0,1500,61262251953
120.705,8.28468,20.8845,0,42,45,0,2500,0,0,0,24.4214,13.3873,0,1500,61270536646
118.915,8.40934,20.8845,0,42,45,0,2500,0,0,0,24.4214,13.3873,0,1500,61278946289
122.317,8.17547,20.8845,0,42,45,0,2500,0,0,0,24.4214,13.3873,0,1500,61287122337
114.882,8.70459,20.8845,0,42,45,0,2500,0,0,0,24.4214,13.3873,0,1500,61295828388
123.385,8.1047,20.8845,0,42,45,0,2500,0,0,0,24.4214,13.3873,0,1500,61303933340
119.483,8.36942,20.8845,0,42,45,0,2500,0,0,0,24.4214,13.3873,0,1500,61312303068
117.096,8.53998,20.8845,0,42,45,0,2500,0,0,0,24.4214,13.3873,0,1500,61320844347
119.92,8.3389,20.8845,0,42,45,0,2500,0,0,0,24.4214,13.3873,0,1500,61329184010
120.892,8.27188,20.8845,0,42,45,0,2500,0,0,0,24.4214,13.3873,0,1500,61337456558
117.546,8.50732,20.8845,0,42,45,0,2500,0,0,0,24.4214,13.3873,0,1500,61345963942
122.589,8.15734,20.8845,0,42,45,0,2500,0,0,0,24.4214,13.3873,0,1500,61354122313
120.481,8.30007,20.8845,0,42,45,0,2500,0,0,0,24.4214,13.3873,0,1500,61362422912
121.321,8.2426,20.8845,0,42,45,0,2500,0,0,0,24.4214,13.3873,0,1500,61370666048
119.493,8.3687,20.8845,0,42,45,0,2500,0,0,0,24.4214,13.3873,0,1500,61379035177
119.537,8.36558,20.8845,0,42,45,0,2500,0,0,0,24.4214,13.3873,0,1500,61387401702
121.711,8.21618,20.8845,0,42,45,0,2500,0,0,0,24.4214,13.3873,0,1500,61395617736
119.627,8.35933,20.8845,0,42,45,0,2500,0,0,0,24.4214,13.3873,0,1500,61403977578
119.552,8.36453,20.8845,0,42,45,0,2500,0,0,0,24.4214,13.3873,0,1500,61412342961
119.063,8.39889,20.8845,0,42,45,0,2500,0,0,0,24.4214,13.3873,0,1500,61420742789
117.62,8.50197,20.8845,0,42,45,0,2500,0,0,0,24.4214,13.3873,0,1500,61429245475
123.62,8.08933,20.8845,0,42,45,0,2500,0,0,0,24.4214,13.3873,0,1500,61437335117
118.3,8.45307,20.8845,0,42,45,0,2500,0,0,0,24.4214,13.3873,0,1500,61445788857
122.743,8.14713,20.8845,0,42,45,0,2500,0,0,0,24.4214,13.3873,0,1500,61453935166
120.747,8.28178,20.8845,0,42,45,0,2500,0,0,0,24.4214,13.3873,0,1500,61462217264
120.456,8.30178,20.8845,0,42,45,0,2500,0,0,0,24.4214,13.3873,0,1500,61470519365
120.887,8.2722,20.8845,0,42,45,0,2500,0,0,0,24.4214,13.3873,0,1500,61478791984
118.238,8.45751,20.8845,0,42,45,0,2500,0,0,0,24.4214,13.3873,0,1500,61487250368
121.067,8.25988,20.8845,0,42,45,0,2500,0,0,0,24.4214,13.3873,0,1500,61495510049
118.823,8.4159,20.8845,0,42,45,0,2500,0,0,0,24.4214,13.3873,0,1500,61503926556
119.776,8.34888,20.8845,0,42,45,0,2500,0,0,0,24.4214,13.3873,0,1500,61512275618
119.876,8.34194,20.8845,0,42,45,0,2500,0,0,0,24.4214,13.3873,0,1500,61520618349
121.01,8.26376,20.8845,0,42,45,0,2500,0,0,0,24.4214,13.3873,0,1500,61528882418
120.452,8.30206,20.8845,0,42,45,0,2500,0,0,0,24.4214,13.3873,0,1500,61537184444
119.398,8.37535,20.8845,0,42,45,0,2500,0,0,0,24.4214,13.3873,0,1500,61545560382
119.228,8.38727,20.8845,0,42,45,0,2500,0,0,0,24.4214,13.3873,0,1500,61553947707
120.265,8.31499,20.8845,0,42,45,0,2500,0,0,0,24.4214,13.3873,0,1500,61562262800
121.763,8.21265,20.8845,0,42,45,0,2500,0,0,0,24.4214,13.3873,0,1500,61570475897
118.972,8.40536,20.8845,0,42,45,0,2500,0,0,0,24.4214,13.3873,0,1500,61578881572
117.766,8.49142,20.8845,0,42,45,0,2500,0,0,0,24.4214,13.3873,0,1500,61587373135
122.005,8.19638,20.8845,0,42,45,0,2500,0,0,0,24.4214,13.3873,0,1500,61595569976
116.858,8.55739,20.8845,0,42,45,0,2500,0,0,0,24.4214,13.3873,0,1500,61604128841
123.017,8.12898,20.8845,0,42,45,0,2500,0,0,0,24.4214,13.3873,0,1500,61612257779
120.759,8.28099,20.8845,0,42,45,0,2500,0,0,0,24.4214,13.3873,0,1500,61620538956
117.729,8.49412,20.8845,0,42,45,0,2500,0,0,0,24.4214,13.3873,0,1500,61629033283
120.065,8.32881,20.8845,0,42,45,0,2500,0,0,0,24.4214,13.3873,0,1500,61637362427
122.177,8.18484,20.8845,0,42,45,0,2500,0,0,0,24.4214,13.3873,0,1500,61645547451
118.416,8.44483,20.8845,0,42,45,0,2500,0,0,0,24.4214,13.3873,0,1500,61653993067
120.374,8.30745,20.8845,0,42,45,0,2500,0,0,0,24.4214,13.3873,0,1500,61662305514
121.025,8.26277,19.9017,0,48,50,0,2500,0,0,0,24.4038,13.3873,0,1404,61670563956
120.642,8.28896,19.9017,0,48,50,0,2500,0,0,0,24.4038,13.3873,0,1404,61678852861
118.664,8.42718,19.9017,0,48,50,0,2500,0,0,0,24.4038,13.3873,0,1404,61687280839
120.282,8.31383,19.9017,0,48,50,0,2500,0,0,0,24.4038,13.3873,0,1404,61695595181
118.502,8.43871,19.9017,0,48,50,0,2500,0,0,0,24.4038,13.3873,0,1404,61704033860
120.051,8.3298,19.9017,0,48,50,0,2500,0,0,0,24.4038,13.3873,0,1404,61712364501
122.838,8.1408,19.9017,0,48,50,0,2500,0,0,0,24.4038,13.3873,0,1404,61720505260
118.456,8.44196,19.9017,0,48,50,0,2500,0,0,0,24.4038,13.3873,0,1404,61728947718
119.915,8.33926,19.9017,0,48,50,0,2500,0,0,0,24.4038,13.3873,0,1404,61737287209
119.29,8.38297,19.9017,0,48,50,0,2500,0,0,0,24.4038,13.3873,0,1404,61745671983
119.989,8.33411,19.9017,0,48,50,0,2500,0,0,0,24.4038,13.3873,0,1404,61754013246
120.519,8.29746,19.9017,0,48,50,0,2500,0,0,0,24.4038,13.3873,0,1404,61762303139
121.318,8.24277,19.9017,0,48,50,0,2500,0,0,0,24.4038,13.3873,0,1404,61770546683
118.568,8.434,19.9017,0,48,50,0,2500,0,0,0,24.4038,13.3873,0,1404,61778980933
121.65,8.22028,19.9017,0,48,50,0,2500,0,0,0,24.4038,13.3873,0,1404,61787201148
117.365,8.52045,19.9017,0,48,50,0,2500,0,0,0,24.4038,13.3873,0,1404,61795723234
121.9,8.20343,19.9017,0,48,50,0,2500,0,0,0,24.4038,13.3873,0,1404,61803926423
119.796,8.34755,19.9017,0,48,50,0,2500,0,0,0,24.4038,13.3873,0,1404,61812274471
119.683,8.35538,19.9017,0,48,50,0,2500,0,0,0,24.4038,13.3873,0,1404,61820630284
119.777,8.34885,19.9017,0,48,50,0,2500,0,0,0,24.4038,13.3873,0,1404,61828979452
120.612,8.29105,19.9017,0,48,50,0,2500,0,0,0,24.4038,13.3873,0,1404,61837270259
118.872,8.41244,19.9017,0,48,50,0,2500,0,0,0,24.4038,13.3873,0,1404,61845683718
121.432,8.23507,19.9017,0,48,50,0,2500,0,0,0,24.4038,13.3873,0,1404,61853918731
119.512,8.36737,19.9017,0,48,50,0,2500,0,0,0,24.4038,13.3873,0,1404,61862286553
121.121,8.25619,19.9017,0,48,50,0,2500,0,0,0,24.4038,13.3873,0,1404,61870543135
117.814,8.48798,19.9017,0,48,50,0,2500,0,0,0,24.4038,13.3873,0,1404,61879031550
120.293,8.31305,19.9017,0,48,50,0,2500,0,0,0,24.4038,13.3873,0,1404,61887345071
121.74,8.21422,19.9017,0,48,50,0,2500,0,0,0,24.4038,13.3873,0,1404,61895559499
119.433,8.37288,19.9017,0,48,50,0,2500,0,0,0,24.4038,13.3873,0,1404,61903932851
119.431,8.37304,19.9017,0,48,50,0,2500,0,0,0,24.4038,13.3873,0,1404,61912305948
121.23,8.24876,19.9017,0,48,50,0,2500,0,0,0,24.4038,13.3873,0,1404,61920554971
119.402,8.3751,19.9017,0,48,50,0,2500,0,0,0,24.4038,13.3873,0,1404,61928930364
119.568,8.36346,19.9017,0,48,50,0,2500,0,0,0,24.4038,13.3873,0,1404,61937294306
120.017,8.33218,19.9017,0,48,50,0,2500,0,0,0,24.4038,13.3873,0,1404,61945626962
118.543,8.43575,19.9017,0,48,50,0,2500,0,0,0,24.4038,13.3873,0,1404,61954062927
121.633,8.22143,19.9017,0,48,50,0,2500,0,0,0,24.4038,13.3873,0,1404,61962284674
120.855,8.27438,19.9017,0,48,50,0,2500,0,0,0,24.4038,13.3873,0,1404,61970559328
118.668,8.42687,19.9017,0,48,50,0,2500,0,0,0,24.4038,13.3873,0,1404,61978986771
119.465,8.37066,19.9017,0,48,50,0,2500,0,0,0,24.4038,13.3873,0,1404,61987357794
121.012,8.26364,19.9017,0,48,50,0,2500,0,0,0,24.4038,13.3873,0,1404,61995621989
120.061,8.32908,19.9017,0,48,50,0,2500,0,0,0,24.4038,13.3873,0,1404,62003950924
118.419,8.44456,19.9017,0,48,50,0,2500,0,0,0,24.4038,13.3873,0,1404,62012395947
122.774,8.14506,19.9017,0,48,50,0,2500,0,0,0,24.4038,13.3873,0,1404,62020541532
119.014,8.40236,19.9017,0,48,50,0,2500,0,0,0,24.4038,13.3873,0,1404,62028944184
117.458,8.5137,19.9017,0,48,50,0,2500,0,0,0,24.4038,13.3873,0,1404,62037458199
124.015,8.06355,19.9017,0,48,50,0,2500,0,0,0,24.4038,13.3873,0,1404,62045521984
118.746,8.42132,19.9017,0,48,50,0,2500,0,0,0,24.4038,13.3873,0,1404,62053943577
120.911,8.27052,19.9017,0,48,50,0,2500,0,0,0,24.4038,13.3873,0,1404,62062214377
120.088,8.32719,19.9017,0,48,50,0,2500,0,0,0,24.4038,13.3873,0,1404,62070542207
119.678,8.35576,19.9017,0,48,50,0,2500,0,0,0,24.4038,13.3873,0,1404,62078898136
120.2,8.31949,19.9017,0,48,50,0,2500,0,0,0,24.4038,13.3873,0,1404,62087217927
120.288,8.31338,19.9017,0,48,50,0,2500,0,0,0,24.4038,13.3873,0,1404,62095531472
118.558,8.43472,19.9017,0,48,50,0,2500,0,0,0,24.4038,13.3873,0,1404,62103967097
121.055,8.26069,19.9017,0,48,50,0,2500,0,0,0,24.4038,13.3873,0,1404,62112227797
120.376,8.30728,19.9017,0,48,50,0,2500,0,0,0,24.4038,13.3873,0,1404,62120535479
120.062,8.32902,19.9017,0,48,50,0,2500,0,0,0,24.4038,13.3873,0,1404,62128864753
119.892,8.34082,19.9017,0,48,50,0,2500,0,0,0,24.4038,13.3873,0,1404,62137205543
120.061,8.32913,19.9017,0,48,50,0,2500,0,0,0,24.4038,13.3873,0,1404,62145535298
119.897,8.34049,19.9017,0,48,50,0,2500,0,0,0,24.4038,13.3873,0,1404,62153876309
119.985,8.3344,19.9017,0,48,50,0,2500,0,0,0,24.4038,13.3873,0,1404,62162210673
120.095,8.32675,19.9017,0,48,50,0,2500,0,0,0,24.4038,13.3873,0,1404,62170543697
119.502,8.36807,16.2162,0,48,50,0,2500,0,0,0,24.4046,13.3872,0,1298,62178906575
118.683,8.42579,16.2162,0,48,50,0,2500,0,0,0,24.4046,13.3872,0,1298,62187332220
121.488,8.23127,16.2162,0,48,50,0,2500,0,0,0,24.4046,13.3872,0,1298,62195564182
119.102,8.39618,16.2162,0,48,50,0,2500,0,0,0,24.4046,13.3872,0,1298,62203960484
120.73,8.28291,16.2162,0,48,50,0,2500,0,0,0,24.4046,13.3872,0,1298,62212243753
120.71,8.2843,16.2162,0,48,50,0,2500,0,0,0,24.4046,13.3872,0,1298,62220528189
119.332,8.37996,16.2162,0,48,50,0,2500,0,0,0,24.4046,13.3872,0,1298,62228908357
119.687,8.35512,16.2162,0,48,50,0,2500,0,0,0,24.4046,13.3872,0,1298,62237263930
121.26,8.24676,16.2162,0,48,50,0,2500,0,0,0,24.4046,13.3872,0,1298,62245510786
118.429,8.44385,16.2162,0,48,50,0,2500,0,0,0,24.4046,13.3872,0,1298,62253955118
119.468,8.37043,16.2162,0,48,50,0,2500,0,0,0,24.4046,13.3872,0,1298,62262326346
122.092,8.19053,16.2162,0,48,50,0,2500,0,0,0,24.4046,13.3872,0,1298,62270517078
119.667,8.35655,16.2162,0,48,50,0,2500,0,0,0,24.4046,13.3872,0,1298,62278873592
119.997,8.33353,16.2162,0,48,50,0,2500,0,0,0,24.4046,13.3872,0,1298,62287207432
115.775,8.63744,16.2162,0,48,50,0,2500,0,0,0,24.4046,13.3872,0,1298,62295847012
121.955,8.19978,16.2162,0,48,50,0,2500,0,0,0,24.4046,13.3872,0,1298,62304046575
118.694,8.42502,16.2162,0,48,50,0,2500,0,0,0,24.4046,13.3872,0,1298,62312472787
121.897,8.20363,16.2162,0,48,50,0,2500,0,0,0,24.4046,13.3872,0,1298,62320677198
120.438,8.30302,16.2162,0,48,50,0,2500,0,0,0,24.4046,13.3872,0,1298,62328979436
120.593,8.29234,16.2162,0,48,50,0,2500,0,0,0,24.4046,13.3872,0,1298,62337271712
121.362,8.23984,16.2162,0,48,50,0,2500,0,0,0,24.4046,13.3872,0,1298,62345511714
118.8,8.41749,16.2162,0,48,50,0,2500,0,0,0,24.4046,13.3872,0,1298,62353929903
118.497,8.43906,16.2162,0,48,50,0,2500,0,0,0,24.4046,13.3872,0,1298,62362369536
121.864,8.20588,16.2162,0,48,50,0,2500,0,0,0,24.4046,13.3872,0,1298,62370575518
119.285,8.38332,16.2162,0,48,50,0,2500,0,0,0,24.4046,13.3872,0,1298,62378959196
120.17,8.32155,16.2162,0,48,50,0,2500,0,0,0,24.4046,13.3872,0,1298,62387281275
119.513,8.36726,16.2162,0,48,50,0,2500,0,0,0,24.4046,13.3872,0,1298,62395649063
120.747,8.28176,16.2162,0,48,50,0,2500,0,0,0,24.4046,13.3872,0,1298,62403931162
119.843,8.34423,16.2162,0,48,50,0,2500,0,0,0,24.4046,13.3872,0,1298,62412275207
120.026,8.33155,16.2162,0,48,50,0,2500,0,0,0,24.4046,13.3872,0,1298,62420607399
118.631,8.42949,16.2162,0,48,50,0,2500,0,0,0,24.4046,13.3872,0,1298,62429037271
120.894,8.27172,16.2162,0,48,50,0,2500,0,0,0,24.4046,13.3872,0,1298,62437309099
120.292,8.3131,16.2162,0,48,50,0,2500,0,0,0,24.4046,13.3872,0,1298,62445622511
119.117,8.3951,16.2162,0,48,50,0,2500,0,0,0,24.4046,13.3872,0,1298,62454018037
121.096,8.25788,16.2162,0,48,50,0,2500,0,0,0,24.4046,13.3872,0,1298,62462275902
122.207,8.18282,16.2162,0,48,50,0,2500,0,0,0,24.4046,13.3872,0,1298,62470458879
118.799,8.41757,16.2162,0,48,50,0,2500,0,0,0,24.4046,13.3872,0,1298,62478876964
120.039,8.3306,16.2162,0,48,50,0,2500,0,0,0,24.4046,13.3872,0,1298,62487208240
118.548,8.43543,16.2162,0,48,50,0,2500,0,0,0,24.4046,13.3872,0,1298,62495644572
119.068,8.39853,16.2162,0,48,50,0,2500,0,0,0,24.4046,13.3872,0,1298,62504044359
120.405,8.30531,16.2162,0,48,50,0,2500,0,0,0,24.4046,13.3872,0,1298,62512350256
120.931,8.26915,16.2162,0,48,50,0,2500,0,0,0,24.4046,13.3872,0,1298,62520619694
118.956,8.40644,16.2162,0,48,50,0,2500,0,0,0,24.4046,13.3872,0,1298,62529027786
120.301,8.3125,16.2162,0,48,50,0,2500,0,0,0,24.4046,13.3872,0,1298,62537339568
118.812,8.41663,16.2162,0,48,50,0,2500,0,0,0,24.4046,13.3872,0,1298,62545756832
121.714,8.21601,16.2162,0,48,50,0,2500,0,0,0,24.4046,13.3872,0,1298,62553972426
115.858,8.63127,16.2162,0,48,50,0,2500,0,0,0,24.4046,13.3872,0,1298,62562605595
123.765,8.0798,16.2162,0,48,50,0,2500,0,0,0,24.4046,13.3872,0,1298,62570684981
120.296,8.31285,16.2162,0,48,50,0,2500,0,0,0,24.4046,13.3872,0,1298,62578997422
120.46,8.30153,16.2162,0,48,50,0,2500,0,0,0,24.4046,13.3872,0,1298,62587299722
120.829,8.27612,16.2162,0,48,50,0,2500,0,0,0,24.4046,13.3872,0,1298,62595575543
117.038,8.54424,16.2162,0,48,50,0,2500,0,0,0,24.4046,13.3872,0,1298,62604121866
120.988,8.26527,16.2162,0,48,50,0,2500,0,0,0,24.4046,13.3872,0,1298,62612385967
122.171,8.18524,16.2162,0,48,50,0,2500,0,0,0,24.4046,13.3872,0,1298,62620571631
118.87,8.41255,16.2162,0,48,50,0,2500,0,0,0,24.4046,13.3872,0,1298,62628984632
119.911,8.33954,16.2162,0,48,50,0,2500,0,0,0,24.4046,13.3872,0,1298,62637324387
120.582,8.29314,16.2162,0,48,50,0,2500,0,0,0,24.4046,13.3872,0,1298,62645617495
118.488,8.43967,16.2162,0,48,50,0,2500,0,0,0,24.4046,13.3872,0,1298,62654058333
120.963,8.26699,16.2162,0,48,50,0,2500,0,0,0,24.4046,13.3872,0,1298,62662325628
121.507,8.22999,16.2162,0,48,50,0,2500,0,0,0,24.4046,13.3872,0,1298,62670559524
119.424,8.3735,18.9526,0,47,51,0,2500,0,0,0,24.4065,13.3872,0,1500,62678929236
118.644,8.42858,18.9526,0,47,51,0,2500,0,0,0,24.4065,13.3872,0,1500,62687358257
120.981,8.26575,18.9526,0,47,51,0,2500,0,0,0,24.4065,13.3872,0,1500,62695625446
118.107,8.46687,18.9526,0,47,51,0,2500,0,0,0,24.4065,13.3872,0,1500,62704091882
121.856,8.20638,18.9526,0,47,51,0,2500,0,0,0,24.4065,13.3872,0,1500,62712298389
120.818,8.27693,18.9526,0,47,51,0,2500,0,0,0,24.4065,13.3872,0,1500,62720575511
118.975,8.40514,18.9526,0,47,51,0,2500,0,0,0,24.4065,13.3872,0,1500,62728981088
119.697,8.35443,18.9526,0,47,51,0,2500,0,0,0,24.4065,13.3872,0,1500,62737335951
120.493,8.29923,18.9526,0,47,51,0,2500,0,0,0,24.4065,13.3872,0,1500,62745635744
118.636,8.42915,18.9526,0,47,51,0,2500,0,0,0,24.4065,13.3872,0,1500,62754065519
121.08,8.25899,18.9526,0,47,51,0,2500,0,0,0,24.4065,13.3872,0,1500,62762324181
121.106,8.2572,18.9526,0,47,51,0,2500,0,0,0,24.4065,13.3872,0,1500,62770581825
119.259,8.38513,18.9526,0,47,51,0,2500,0,0,0,24.4065,13.3872,0,1500,62778967318
120.173,8.32136,18.9526,0,47,51,0,2500,0,0,0,24.4065,13.3872,0,1500,62787289056
118.597,8.43195,18.9526,0,47,51,0,2500,0,0,0,24.4065,13.3872,0,1500,62795722597
119.995,8.33365,18.9526,0,47,51,0,2500,0,0,0,24.4065,13.3872,0,1500,62804056066
121.254,8.24713,18.9526,0,47,51,0,2500,0,0,0,24.4065,13.3872,0,1500,62812303684
120.463,8.30128,18.9526,0,47,51,0,2500,0,0,0,24.4065,13.3872,0,1500,62820605121
119.695,8.35458,18.9526,0,47,51,0,2500,0,0,0,24.4065,13.3872,0,1500,62828960223
118.614,8.4307,18.9526,0,47,51,0,2500,0,0,0,24.4065,13.3872,0,1500,62837391208
121.59,8.22436,18.9526,0,47,51,0,2500,0,0,0,24.4065,13.3872,0,1500,62845615686
119.305,8.3819,18.9526,0,47,51,0,2500,0,0,0,24.4065,13.3872,0,1500,62853998066
119.851,8.34369,18.9526,0,47,51,0,2500,0,0,0,24.4065,13.3872,0,1500,62862341654
121.289,8.24474,18.9526,0,47,51,0,2500,0,0,0,24.4065,13.3872,0,1500,62870586402
118.729,8.42251,18.9526,0,47,51,0,2500,0,0,0,24.4065,13.3872,0,1500,62879009209
122.724,8.14837,18.9526,0,47,51,0,2500,0,0,0,24.4065,13.3872,0,1500,62887157676
119.917,8.33914,18.9526,0,47,51,0,2500,0,0,0,24.4065,13.3872,0,1500,62895497034
115.809,8.63492,18.9526,0,47,51,0,2500,0,0,0,24.4065,13.3872,0,1500,62904134448
121.022,8.26294,18.9526,0,47,51,0,2500,0,0,0,24.4065,13.3872,0,1500,62912397509
119.487,8.36911,18.9526,0,47,51,0,2500,0,0,0,24.4065,13.3872,0,1500,62920767345
120.415,8.3046,18.9526,0,47,51,0,2500,0,0,0,24.4065,13.3872,0,1500,62929072486
120.24,8.3167,18.9526,0,47,51,0,2500,0,0,0,24.4065,13.3872,0,1500,62937389599
119.372,8.37719,18.9526,0,47,51,0,2500,0,0,0,24.4065,13.3872,0,1500,62945767498
119.298,8.38237,18.9526,0,47,51,0,2500,0,0,0,24.4065,13.3872,0,1500,62954149982
122.277,8.17814,18.9526,0,47,51,0,2500,0,0,0,24.4065,13.3872,0,1500,62962327816
121.45,8.23385,18.9526,0,47,51,0,2500,0,0,0,24.4065,13.3872,0,1500,62970561615
118.745,8.42138,18.9526,0,47,51,0,2500,0,0,0,24.4065,13.3872,0,1500,62978983437
120.989,8.26523,18.9526,0,47,51,0,2500,0,0,0,24.4065,13.3872,0,1500,62987248618
118.507,8.43831,18.9526,0,47,51,0,2500,0,0,0,24.4065,13.3872,0,1500,62995687795
120.176,8.32114,18.9526,0,47,51,0,2500,0,0,0,24.4065,13.3872,0,1500,63004008790
121.431,8.23514,18.9526,0,47,51,0,2500,0,0,0,24.4065,13.3872,0,1500,63012244158
121.143,8.25469,18.9526,0,47,51,0,2500,0,0,0,24.4065,13.3872,0,1500,63020499028
116.748,8.56544,18.9526,0,47,51,0,2500,0,0,0,24.4065,13.3872,0,1500,63029065793
121.121,8.25621,18.9526,0,47,51,0,2500,0,0,0,24.4065,13.3872,0,1500,63037322376
120.433,8.3034,18.9526,0,47,51,0,2500,0,0,0,24.4065,13.3872,0,1500,63045625764
118.783,8.41871,18.9526,0,47,51,0,2500,0,0,0,24.4065,13.3872,0,1500,63054044799
120.626,8.29009,18.9526,0,47,51,0,2500,0,0,0,24.4065,13.3872,0,1500,63062335080
121.159,8.25359,18.9526,0,47,51,0,2500,0,0,0,24.4065,13.3872,0,1500,63070589203
116.213,8.60487,18.9526,0,47,51,0,2500,0,0,0,24.4065,13.3872,0,1500,63079195716
123.068,8.12559,18.9526,0,47,51,0,2500,0,0,0,24.4065,13.3872,0,1500,63087320959
119.547,8.36493,18.9526,0,47,51,0,2500,0,0,0,24.4065,13.3872,0,1500,63095687051
119.936,8.33775,18.9526,0,47,51,0,2500,0,0,0,24.4065,13.3872,0,1500,63104024436
121.115,8.25663,18.9526,0,47,51,0,2500,0,0,0,24.4065,13.3872,0,1500,63112281184
119.136,8.39374,18.9526,0,47,51,0,2500,0,0,0,24.4065,13.3872,0,1500,63120675760
118.589,8.4325,18.9526,0,47,51,0,2500,0,0,0,24.4065,13.3872,0,1500,63129108167
122.423,8.16838,18.9526,0,47,51,0,2500,0,0,0,24.4065,13.3872,0,1500,63137276570
118.211,8.45942,18.9526,0,47,51,0,2500,0,0,0,24.4065,13.3872,0,1500,63145737881
119.056,8.39943,18.9526,0,47,51,0,2500,0,0,0,24.4065,13.3872,0,1500,63154137062
118.924,8.40872,18.9526,0,47,51,0,2500,0,0,0,24.4065,13.3872,0,1500,63162546225
123.309,8.10972,18.9526,0,47,51,0,2500,0,0,0,24.4065,13.3872,0,1500,63170661715
119.609,8.36055,18.9055,0,47,51,0,2500,0,0,0,24.4129,13.3871,0,1401,63179016931
119.868,8.3425,18.9055,0,47,51,0,2500,0,0,0,24.4129,13.3871,0,1401,63187360063
118.05,8.47101,18.9055,0,47,51,0,2500,0,0,0,24.4129,13.3871,0,1401,63195832279
121.136,8.25516,18.9055,0,47,51,0,2500,0,0,0,24.4129,13.3871,0,1401,63204087364
120.817,8.27698,18.9055,0,47,51,0,2500,0,0,0,24.4129,13.3871,0,1401,63212364414
120.189,8.32024,18.9055,0,47,51,0,2500,0,0,0,24.4129,13.3871,0,1401,63220685141
119.479,8.36964,18.9055,0,47,51,0,2500,0,0,0,24.4129,13.3871,0,1401,63229055108
120.554,8.29504,18.9055,0,47,51,0,2500,0,0,0,24.4129,13.3871,0,1401,63237350927
118.896,8.41071,18.9055,0,47,51,0,2500,0,0,0,24.4129,13.3871,0,1401,63245762249
119.493,8.3687,18.9055,0,47,51,0,2500,0,0,0,24.4129,13.3871,0,1401,63254131794
121.172,8.2527,18.9055,0,47,51,0,2500,0,0,0,24.4129,13.3871,0,1401,63262385167
119.656,8.35729,18.9055,0,47,51,0,2500,0,0,0,24.4129,13.3871,0,1401,63270742809
118.371,8.44802,18.9055,0,47,51,0,2500,0,0,0,24.4129,13.3871,0,1401,63279191234
121.424,8.23557,18.9055,0,47,51,0,2500,0,0,0,24.4129,13.3871,0,1401,63287426964
119.662,8.35684,18.9055,0,47,51,0,2500,0,0,0,24.4129,13.3871,0,1401,63295784429
118.16,8.46309,18.9055,0,47,51,0,2500,0,0,0,24.4129,13.3871,0,1401,63304248674
121.9,8.20344,18.9055,0,47,51,0,2500,0,0,0,24.4129,13.3871,0,1401,63312452708
119.376,8.37692,18.9055,0,47,51,0,2500,0,0,0,24.4129,13.3871,0,1401,63320829950
119.695,8.35455,18.9055,0,47,51,0,2500,0,0,0,24.4129,13.3871,0,1401,63329184983
120.528,8.29681,18.9055,0,47,51,0,2500,0,0,0,24.4129,13.3871,0,1401,63337482226
120.529,8.29678,18.9055,0,47,51,0,2500,0,0,0,24.4129,13.3871,0,1401,63345779826
119.174,8.39106,18.9055,0,47,51,0,2500,0,0,0,24.4129,13.3871,0,1401,63354171532
120.957,8.26739,18.9055,0,47,51,0,2500,0,0,0,24.4129,13.3871,0,1401,63362438714
121.234,8.24854,18.9055,0,47,51,0,2500,0,0,0,24.4129,13.3871,0,1401,63370687446
118.623,8.43008,18.9055,0,47,51,0,2500,0,0,0,24.4129,13.3871,0,1401,63379117925
120.125,8.32468,18.9055,0,47,51,0,2500,0,0,0,24.4129,13.3871,0,1401,63387443762
120.046,8.33014,18.9055,0,47,51,0,2500,0,0,0,24.4129,13.3871,0,1401,63395774825
120.608,8.2913,18.9055,0,47,51,0,2500,0,0,0,24.4129,13.3871,0,1401,63404065906
120.014,8.33235,18.9055,0,47,51,0,2500,0,0,0,24.4129,13.3871,0,1401,63412398705
120.381,8.30698,18.9055,0,47,51,0,2500,0,0,0,24.4129,13.3871,0,1401,63420706224
119.264,8.38475,18.9055,0,47,51,0,2500,0,0,0,24.4129,13.3871,0,1401,63429091180
119.72,8.35279,18.9055,0,47,51,0,2500,0,0,0,24.4129,13.3871,0,1401,63437444926
118.576,8.43338,18.9055,0,47,51,0,2500,0,0,0,24.4129,13.3871,0,1401,63445879369
121.232,8.24864,18.9055,0,47,51,0,2500,0,0,0,24.4129,13.3871,0,1401,63454128444
120.367,8.30796,18.9055,0,47,51,0,2500,0,0,0,24.4129,13.3871,0,1401,63462436495
120.293,8.31306,18.9055,0,47,51,0,2500,0,0,0,24.4129,13.3871,0,1401,63470749804
120.592,8.29239,18.9055,0,47,51,0,2500,0,0,0,24.4129,13.3871,0,1401,63479042723
120.037,8.33079,18.9055,0,47,51,0,2500,0,0,0,24.4129,13.3871,0,1401,63487373980
120.01,8.33264,18.9055,0,47,51,0,2500,0,0,0,24.4129,13.3871,0,1401,63495707088
119.63,8.35912,18.9055,0,47,51,0,2500,0,0,0,24.4129,13.3871,0,1401,63504066275
117.358,8.52096,18.9055,0,47,51,0,2500,0,0,0,24.4129,13.3871,0,1401,63512588932
122.494,8.16366,18.9055,0,47,51,0,2500,0,0,0,24.4129,13.3871,0,1401,63520752557
118.839,8.41475,18.9055,0,47,51,0,2500,0,0,0,24.4129,13.3871,0,1401,63529168318
120.541,8.29591,18.9055,0,47,51,0,2500,0,0,0,24.4129,13.3871,0,1401,63537464592
118.893,8.41092,18.9055,0,47,51,0,2500,0,0,0,24.4129,13.3871,0,1401,63545876408
120.8,8.27815,18.9055,0,47,51,0,2500,0,0,0,24.4129,13.3871,0,1401,63554154606
120.462,8.30137,18.9055,0,47,51,0,2500,0,0,0,24.4129,13.3871,0,1401,63562456507
118.674,8.42646,18.9055,0,47,51,0,2500,0,0,0,24.4129,13.3871,0,1401,63570883305
122.866,8.13897,18.9055,0,47,51,0,2500,0,0,0,24.4129,13.3871,0,1401,63579021686
119.411,8.37443,18.9055,0,47,51,0,2500,0,0,0,24.4129,13.3871,0,1401,63587396481
121.707,8.21644,18.9055,0,47,51,0,2500,0,0,0,24.4129,13.3871,0,1401,63595613076
117.591,8.50402,18.9055,0,47,51,0,2500,0,0,0,24.4129,13.3871,0,1401,63604117926
121.374,8.23899,18.9055,0,47,51,0,2500,0,0,0,24.4129,13.3871,0,1401,63612357240
121.034,8.26216,18.9055,0,47,51,0,2500,0,0,0,24.4129,13.3871,0,1401,63620619716
116.328,8.59635,18.9055,0,47,51,0,2500,0,0,0,24.4129,13.3871,0,1401,63629218296
120.615,8.29083,18.9055,0,47,51,0,2500,0,0,0,24.4129,13.3871,0,1401,63637508709
120.255,8.31567,18.9055,0,47,51,0,2500,0,0,0,24.4129,13.3871,0,1401,63645824952
120.812,8.27735,18.9055,0,47,51,0,2500,0,0,0,24.4129,13.3871,0,1401,63654102500
117.841,8.48601,18.9055,0,47,51,0,2500,0,0,0,24.4129,13.3871,0,1401,63662589393
122.375,8.17163,18.9055,0,47,51,0,2500,0,0,0,24.4129,13.3871,0,1401,63670768219
118.606,8.43129,20.8955,0,48,51,0,2500,0,0,0,24.419,13.3869,0,1500,63679193852
121.157,8.25375,20.8955,0,48,51,0,2500,0,0,0,24.419,13.3869,0,1500,63687447797
120.243,8.31646,20.8955,0,48,51,0,2500,0,0,0,24.419,13.3869,0,1500,63695764795
120.412,8.30483,20.8955,0,48,51,0,2500,0,0,0,24.419,13.3869,0,1500,63704069797
119.731,8.35204,20.8955,0,48,51,0,2500,0,0,0,24.419,13.3869,0,1500,63712422657
118.19,8.46099,20.8955,0,48,51,0,2500,0,0,0,24.419,13.3869,0,1500,63720884443
59.2359,16.8817,20.8955,0,48,51,0,2500,0,0,0,24.419,13.3869,0,1500,63737766251
173.97,5.74812,20.8955,0,48,51,0,2500,0,0,0,24.419,13.3869,0,1500,63743514580
228.345,4.37933,20.8955,0,48,51,0,2500,0,0,0,24.419,13.3869,0,1500,63747893921
138.327,7.22925,20.8955,0,48,51,0,2500,0,0,0,24.419,13.3869,0,1500,63755124091
120.748,8.28169,20.8955,0,48,51,0,2500,0,0,0,24.419,13.3869,0,1500,63763405323
60.9033,16.4195,20.8955,0,48,51,0,2500,0,0,0,24.419,13.3869,0,1500,63779826317
373.74,2.67566,20.8955,0,48,51,0,2500,0,0,0,24.419,13.3869,0,1500,63782501757
159.08,6.28614,20.8955,0,48,51,0,2500,0,0,0,24.419,13.3869,0,1500,63788788716
118.659,8.4275,20.8955,0,48,51,0,2500,0,0,0,24.419,13.3869,0,1500,63797216879
120.926,8.26952,20.8955,0,48,51,0,2500,0,0,0,24.419,13.3869,0,1500,63805486260
118.187,8.46116,20.8955,0,48,51,0,2500,0,0,0,24.419,13.3869,0,1500,63813948125
120.132,8.32416,20.8955,0,48,51,0,2500,0,0,0,24.419,13.3869,0,1500,63822272371
120.625,8.29016,20.8955,0,48,51,0,2500,0,0,0,24.419,13.3869,0,1500,63830563048
119.943,8.33729,20.8955,0,48,51,0,2500,0,0,0,24.419,13.3869,0,1500,63838900505
117.902,8.48163,20.8955,0,48,51,0,2500,0,0,0,24.419,13.3869,0,1500,63847382711
121.502,8.23033,20.8955,0,48,51,0,2500,0,0,0,24.419,13.3869,0,1500,63855613885
120.114,8.32545,20.8955,0,48,51,0,2500,0,0,0,24.419,13.3869,0,1500,63863939117
120.351,8.30905,20.8955,0,48,51,0,2500,0,0,0,24.419,13.3869,0,1500,63872248576
120.38,8.30705,20.8955,0,48,51,0,2500,0,0,0,24.419,13.3869,0,1500,63880555765
118.677,8.4262,20.8955,0,48,51,0,2500,0,0,0,24.419,13.3869,0,1500,63888982266
121.625,8.222,20.8955,0,48,51,0,2500,0,0,0,24.419,13.3869,0,1500,63897204626
119.096,8.39658,20.8955,0,48,51,0,2500,0,0,0,24.419,13.3869,0,1500,63905601832
120.201,8.31937,20.8955,0,48,51,0,2500,0,0,0,24.419,13.3869,0,1500,63913921500
119.714,8.35325,20.8955,0,48,51,0,2500,0,0,0,24.419,13.3869,0,1500,63922275221
121.602,8.22356,20.8955,0,48,51,0,2500,0,0,0,24.419,13.3869,0,1500,63930498640
118.093,8.46791,20.8955,0,48,51,0,2500,0,0,0,24.419,13.3869,0,1500,63938968334
119.367,8.3775,20.8955,0,48,51,0,2500,0,0,0,24.419,13.3869,0,1500,63947346346
120.643,8.28889,20.8955,0,48,51,0,2500,0,0,0,24.419,13.3869,0,1500,63955636048
120.147,8.32311,20.8955,0,48,51,0,2500,0,0,0,24.419,13.3869,0,1500,63963959551
119.99,8.33405,20.8955,0,48,51,0,2500,0,0,0,24.419,13.3869,0,1500,63972294186
118.453,8.44219,20.8955,0,48,51,0,2500,0,0,0,24.419,13.3869,0,1500,63980737354
119.705,8.35385,20.8955,0,48,51,0,2500,0,0,0,24.419,13.3869,0,1500,63989091925
119.912,8.33942,20.8955,0,48,51,0,2500,0,0,0,24.419,13.3869,0,1500,63997432004
121.298,8.24414,20.8955,0,48,51,0,2500,0,0,0,24.419,13.3869,0,1500,64005676643
119.296,8.38249,20.8955,0,48,51,0,2500,0,0,0,24.419,13.3869,0,1500,64014059528
120.712,8.28418,20.8955,0,48,51,0,2500,0,0,0,24.419,13.3869,0,1500,64022344182
120.52,8.2974,20.8955,0,48,51,0,2500,0,0,0,24.419,13.3869,0,1500,64030641969
120.68,8.2864,20.8955,0,48,51,0,2500,0,0,0,24.419,13.3869,0,1500,64038928942
118.568,8.43399,20.8955,0,48,51,0,2500,0,0,0,24.419,13.3869,0,1500,64047363779
120.491,8.2994,20.8955,0,48,51,0,2500,0,0,0,24.419,13.3869,0,1500,64055664144
120.357,8.30863,20.8955,0,48,51,0,2500,0,0,0,24.419,13.3869,0,1500,64063972799
119.821,8.34575,20.8955,0,48,51,0,2500,0,0,0,24.419,13.3869,0,1500,64072318901
120.486,8.29974,20.8955,0,48,51,0,2500,0,0,0,24.419,13.3869,0,1500,64080618754
120.044,8.33025,20.8955,0,48,51,0,2500,0,0,0,24.419,13.3869,0,1500,64088949499
117.627,8.50147,20.8955,0,48,51,0,2500,0,0,0,24.419,13.3869,0,1500,64097452699
121.004,8.2642,20.8955,0,48,51,0,2500,0,0,0,24.419,13.3869,0,1500,64105716637
118.63,8.42957,20.8955,0,48,51,0,2500,0,0,0,24.419,13.3869,0,1500,64114146885
120.11,8.32568,20.8955,0,48,51,0,2500,0,0,0,24.419,13.3869,0,1500,64122473756
121.439,8.23459,20.8955,0,48,51,0,2500,0,0,0,24.419,13.3869,0,1500,64130708707
120.784,8.27926,20.8955,0,48,51,0,2500,0,0,0,24.419,13.3869,0,1500,64138988095
120.027,8.33144,20.8955,0,48,51,0,2500,0,0,0,24.419,13.3869,0,1500,64147320121
119.835,8.34478,20.8955,0,48,51,0,2500,0,0,0,24.419,13.3869,0,1500,64155665742
122.176,8.18493,20.8955,0,48,51,0,2500,0,0,0,24.419,13.3869,0,1500,64163850683
119.066,8.3987,20.8955,0,48,51,0,2500,0,0,0,24.419,13.3869,0,1500,64172254793
119.486,8.36918,18.8586,0,47,51,0,2500,0,0,0,24.4198,13.3869,0,3199,64180618512
118.709,8.42395,18.8586,0,47,51,0,2500,0,0,0,24.4198,13.3869,0,3199,64189042914
117.447,8.5145,18.8586,0,47,51,0,2500,0,0,0,24.4198,13.3869,0,3199,64197557931
124.705,8.01891,18.8586,0,47,51,0,2500,0,0,0,24.4198,13.3869,0,3199,64205577157
118.408,8.44538,18.8586,0,47,51,0,2500,0,0,0,24.4198,13.3869,0,3199,64214023068
119.115,8.39523,18.8586,0,47,51,0,2500,0,0,0,24.4198,13.3869,0,3199,64222418738
121.386,8.23816,18.8586,0,47,51,0,2500,0,0,0,24.4198,13.3869,0,3199,64230657419
120.386,8.3066,18.8586,0,47,51,0,2500,0,0,0,24.4198,13.3869,0,3199,64238963877
116.85,8.55795,18.8586,0,47,51,0,2500,0,0,0,24.4198,13.3869,0,3199,64247522777
120.738,8.28236,18.8586,0,47,51,0,2500,0,0,0,24.4198,13.3869,0,3199,64255806552
121.33,8.24195,18.8586,0,47,51,0,2500,0,0,0,24.4198,13.3869,0,3199,64264049242
116.435,8.58848,18.8586,0,47,51,0,2500,0,0,0,24.4198,13.3869,0,3199,64272638468
121.786,8.2111,18.8586,0,47,51,0,2500,0,0,0,24.4198,13.3869,0,3199,64280849415
120.193,8.31993,18.8586,0,47,51,0,2500,0,0,0,24.4198,13.3869,0,3199,64289170408
121.354,8.24037,18.8586,0,47,51,0,2500,0,0,0,24.4198,13.3869,0,3199,64297411721
118.769,8.41971,18.8586,0,47,51,0,2500,0,0,0,24.4198,13.3869,0,3199,64305831779
117.732,8.49387,18.8586,0,47,51,0,2500,0,0,0,24.4198,13.3869,0,3199,64314326347
117.384,8.51907,18.8586,0,47,51,0,2500,0,0,0,24.4198,13.3869,0,3199,64322846663
127.761,7.82709,18.8586,0,47,51,0,2500,0,0,0,24.4198,13.3869,0,3199,64330674283
118.206,8.45981,18.8586,0,47,51,0,2500,0,0,0,24.4198,13.3869,0,3199,64339133463
116.206,8.60543,18.8586,0,47,51,0,2500,0,0,0,24.4198,13.3869,0,3199,64347739175
121.877,8.20496,18.8586,0,47,51,0,2500,0,0,0,24.4198,13.3869,0,3199,64355944267
124.406,8.03818,18.8586,0,47,51,0,2500,0,0,0,24.4198,13.3869,0,3199,64363983117
120.003,8.33314,18.8586,0,47,51,0,2500,0,0,0,24.4198,13.3869,0,3199,64372316683
119.46,8.37103,18.8586,0,47,51,0,2500,0,0,0,24.4198,13.3869,0,3199,64380687838
119.336,8.37967,18.8586,0,47,51,0,2500,0,0,0,24.4198,13.3869,0,3199,64389067720
115.548,8.65439,18.8586,0,47,51,0,2500,0,0,0,24.4198,13.3869,0,3199,64397722782
123.677,8.0856,18.8586,0,47,51,0,2500,0,0,0,24.4198,13.3869,0,3199,64405808986
119.731,8.35206,18.8586,0,47,51,0,2500,0,0,0,24.4198,13.3869,0,3199,64414161175
120.156,8.32251,18.8586,0,47,51,0,2500,0,0,0,24.4198,13.3869,0,3199,64422484237
120.549,8.29536,18.8586,0,47,51,0,2500,0,0,0,24.4198,13.3869,0,3199,64430779989
113.754,8.79087,18.8586,0,47,51,0,2500,0,0,0,24.4198,13.3869,0,3199,64439571673
115.849,8.63194,18.8586,0,47,51,0,2500,0,0,0,24.4198,13.3869,0,3199,64448204668
131.061,7.63002,18.8586,0,47,51,0,2500,0,0,0,24.4198,13.3869,0,3199,64455835644
120.428,8.30372,18.8586,0,47,51,0,2500,0,0,0,24.4198,13.3869,0,3199,64464140222
117.037,8.54428,18.8586,0,47,51,0,2500,0,0,0,24.4198,13.3869,0,3199,64472684870
121.652,8.22014,18.8586,0,47,51,0,2500,0,0,0,24.4198,13.3869,0,3199,64480905263
120.607,8.29136,18.8586,0,47,51,0,2500,0,0,0,24.4198,13.3869,0,3199,64489197236
119.414,8.3742,18.8586,0,47,51,0,2500,0,0,0,24.4198,13.3869,0,3199,64497571839
118.776,8.41919,18.8586,0,47,51,0,2500,0,0,0,24.4198,13.3869,0,3199,64506007287
120.788,8.27899,18.8586,0,47,51,0,2500,0,0,0,24.4198,13.3869,0,3199,64514270882
121.813,8.20928,18.8586,0,47,51,0,2500,0,0,0,24.4198,13.3869,0,3199,64522481208
120.07,8.3285,18.8586,0,47,51,0,2500,0,0,0,24.4198,13.3869,0,3199,64530810884
119.419,8.37384,18.8586,0,47,51,0,2500,0,0,0,24.4198,13.3869,0,3199,64539185492
116.527,8.5817,18.8586,0,47,51,0,2500,0,0,0,24.4198,13.3869,0,3199,64547767519
115.988,8.62155,18.8586,0,47,51,0,2500,0,0,0,24.4198,13.3869,0,3199,64556389978
128.977,7.75332,18.8586,0,47,51,0,2500,0,0,0,24.4198,13.3869,0,3199,64564143797
119.766,8.34961,18.8586,0,47,51,0,2500,0,0,0,24.4198,13.3869,0,3199,64572494130
120.62,8.29052,18.8586,0,47,51,0,2500,0,0,0,24.4198,13.3869,0,3199,64580785266
118.854,8.41366,18.8586,0,47,51,0,2500,0,0,0,24.4198,13.3869,0,3199,64589198995
117.88,8.48322,18.8586,0,47,51,0,2500,0,0,0,24.4198,13.3869,0,3199,64597683102
123.981,8.06576,18.8586,0,47,51,0,2500,0,0,0,24.4198,13.3869,0,3199,64605748793
120.173,8.32131,18.8586,0,47,51,0,2500,0,0,0,24.4198,13.3869,0,3199,64614070436
117.65,8.49981,18.8586,0,47,51,0,2500,0,0,0,24.4198,13.3869,0,3199,64622570708
117.345,8.52188,18.8586,0,47,51,0,2500,0,0,0,24.4198,13.3869,0,3199,64631093104
124.456,8.03499,18.8586,0,47,51,0,2500,0,0,0,24.4198,13.3869,0,3199,64639128103
117.605,8.50302,18.8586,0,47,51,0,2500,0,0,0,24.4198,13.3869,0,3199,64647631839
122.673,8.15178,18.8586,0,47,51,0,2500,0,0,0,24.4198,13.3869,0,3199,64655784591
119.046,8.4001,18.8586,0,47,51,0,2500,0,0,0,24.4198,13.3869,0,3199,64664184958
116.76,8.5646,18.8586,0,47,51,0,2500,0,0,0,24.4198,13.3869,0,3199,64672756882
125.316,7.97985,24.1294,0,47,51,0,2500,0,0,0,24.4198,13.3867,0,1500,64680729906
120.546,8.29559,24.1294,0,47,51,0,2500,0,0,0,24.4198,13.3867,0,1500,64689025618
116.761,8.5645,24.1294,0,47,51,0,2500,0,0,0,24.4198,13.3867,0,1500,64697590945
118.193,8.46074,24.1294,0,47,51,0,2500,0,0,0,24.4198,13.3867,0,1500,64706051608
123.439,8.10114,24.1294,0,47,51,0,2500,0,0,0,24.4198,13.3867,0,1500,64714153184
118.802,8.41739,24.1294,0,47,51,0,2500,0,0,0,24.4198,13.3867,0,1500,64722570828
121.226,8.24903,24.1294,0,47,51,0,2500,0,0,0,24.4198,13.3867,0,1500,64730820579
118.815,8.41642,24.1294,0,47,51,0,2500,0,0,0,24.4198,13.3867,0,1500,64739237249
118.365,8.44844,24.1294,0,47,51,0,2500,0,0,0,24.4198,13.3867,0,1500,64747686974
121.666,8.2192,24.1294,0,47,51,0,2500,0,0,0,24.4198,13.3867,0,1500,64755906569
122.143,8.18713,24.1294,0,47,51,0,2500,0,0,0,24.4198,13.3867,0,1500,64764094831
118.949,8.40698,24.1294,0,47,51,0,2500,0,0,0,24.4198,13.3867,0,1500,64772501987
119.562,8.36384,24.1294,0,47,51,0,2500,0,0,0,24.4198,13.3867,0,1500,64780866972
121.09,8.25831,24.1294,0,47,51,0,2500,0,0,0,24.4198,13.3867,0,1500,64789125289
116.632,8.57396,24.1294,0,47,51,0,2500,0,0,0,24.4198,13.3867,0,1500,64797700215
122.015,8.19573,24.1294,0,47,51,0,2500,0,0,0,24.4198,13.3867,0,1500,64805896018
119.255,8.38542,24.1294,0,47,51,0,2500,0,0,0,24.4198,13.3867,0,1500,64814282524
122.395,8.17026,24.1294,0,47,51,0,2500,0,0,0,24.4198,13.3867,0,1500,64822453573
120.005,8.33302,24.1294,0,47,51,0,2500,0,0,0,24.4198,13.3867,0,1500,64830786887
118.068,8.46973,24.1294,0,47,51,0,2500,0,0,0,24.4198,13.3867,0,1500,64839256919
119.707,8.35372,24.1294,0,47,51,0,2500,0,0,0,24.4198,13.3867,0,1500,64847611545
120.921,8.26986,24.1294,0,47,51,0,2500,0,0,0,24.4198,13.3867,0,1500,64855881708
120.116,8.3253,24.1294,0,47,51,0,2500,0,0,0,24.4198,13.3867,0,1500,64864207973
120.626,8.29009,24.1294,0,47,51,0,2500,0,0,0,24.4198,13.3867,0,1500,64872498290
120.219,8.31819,24.1294,0,47,51,0,2500,0,0,0,24.4198,13.3867,0,1500,64880817601
120.54,8.29602,24.1294,0,47,51,0,2500,0,0,0,24.4198,13.3867,0,1500,64889114044
118.639,8.4289,24.1294,0,47,51,0,2500,0,0,0,24.4198,13.3867,0,1500,64897544133
120.157,8.32248,24.1294,0,47,51,0,2500,0,0,0,24.4198,13.3867,0,1500,64905866906
120.776,8.27979,24.1294,0,47,51,0,2500,0,0,0,24.4198,13.3867,0,1500,64914146786
116.569,8.57858,24.1294,0,47,51,0,2500,0,0,0,24.4198,13.3867,0,1500,64922725935
120.07,8.32845,24.1294,0,47,51,0,2500,0,0,0,24.4198,13.3867,0,1500,64931054661
122.228,8.18143,24.1294,0,47,51,0,2500,0,0,0,24.4198,13.3867,0,1500,64939236135
119.332,8.38001,24.1294,0,47,51,0,2500,0,0,0,24.4198,13.3867,0,1500,64947616916
118.88,8.41184,24.1294,0,47,51,0,2500,0,0,0,24.4198,13.3867,0,1500,64956029328
121.631,8.22157,24.1294,0,47,51,0,2500,0,0,0,24.4198,13.3867,0,1500,64964252170
118.686,8.42559,24.1294,0,47,51,0,2500,0,0,0,24.4198,13.3867,0,1500,64972677862
122.336,8.17421,24.1294,0,47,51,0,2500,0,0,0,24.4198,13.3867,0,1500,64980851900
118.929,8.40839,24.1294,0,47,51,0,2500,0,0,0,24.4198,13.3867,0,1500,64989260784
116.514,8.58264,24.1294,0,47,51,0,2500,0,0,0,24.4198,13.3867,0,1500,64997844156
124.859,8.00902,24.1294,0,47,51,0,2500,0,0,0,24.4198,13.3867,0,1500,65005854416
119.362,8.37788,24.1294,0,47,51,0,2500,0,0,0,24.4198,13.3867,0,1500,65014232372
122.417,8.16883,24.1294,0,47,51,0,2500,0,0,0,24.4198,13.3867,0,1500,65022402202
119.246,8.38606,24.1294,0,47,51,0,2500,0,0,0,24.4198,13.3867,0,1500,65030788384
117.634,8.50095,24.1294,0,47,51,0,2500,0,0,0,24.4198,13.3867,0,1500,65039290311
121.571,8.22568,24.1294,0,47,51,0,2500,0,0,0,24.4198,13.3867,0,1500,65047515282
120.283,8.31373,24.1294,0,47,51,0,2500,0,0,0,24.4198,13.3867,0,1500,65055829282
118.748,8.42117,24.1294,0,47,51,0,2500,0,0,0,24.4198,13.3867,0,1500,65064251608
119.546,8.36498,24.1294,0,47,51,0,2500,0,0,0,24.4198,13.3867,0,1500,65072616810
123.053,8.12659,24.1294,0,47,51,0,2500,0,0,0,24.4198,13.3867,0,1500,65080743839
118.958,8.40635,24.1294,0,47,51,0,2500,0,0,0,24.4198,13.3867,0,1500,65089150091
119.514,8.36719,24.1294,0,47,51,0,2500,0,0,0,24.4198,13.3867,0,1500,65097518152
117.026,8.54512,24.1294,0,47,51,0,2500,0,0,0,24.4198,13.3867,0,1500,65106063233
121.517,8.2293,24.1294,0,47,51,0,2500,0,0,0,24.4198,13.3867,0,1500,65114292868
123.492,8.09771,24.1294,0,47,51,0,2500,0,0,0,24.4198,13.3867,0,1500,65122390970
119.661,8.35697,24.1294,0,47,51,0,2500,0,0,0,24.4198,13.3867,0,1500,65130748386
119.555,8.36437,24.1294,0,47,51,0,2500,0,0,0,24.4198,13.3867,0,1500,65139113342
115.073,8.69016,24.1294,0,47,51,0,2500,0,0,0,24.4198,13.3867,0,1500,65147804130
122.433,8.16772,24.1294,0,47,51,0,2500,0,0,0,24.4198,13.3867,0,1500,65155971973
120.994,8.26487,24.1294,0,47,51,0,2500,0,0,0,24.4198,13.3867,0,1500,65164237098
116.703,8.56872,24.1294,0,47,51,0,2500,0,0,0,24.4198,13.3867,0,1500,65172813443
124.538,8.02966,20.5,0,47,51,0,2500,0,0,0,24.42,13.3867,0,1400,65180836881
120.864,8.27373,20.5,0,47,51,0,2500,0,0,0,24.42,13.3867,0,1400,65189111268
114.008,8.7713,20.5,0,47,51,0,2500,0,0,0,24.42,13.3867,0,1400,65197882559
125.069,7.99555,20.5,0,47,51,0,2500,0,0,0,24.42,13.3867,0,1400,65205879676
120.19,8.32014,20.5,0,47,51,0,2500,0,0,0,24.42,13.3867,0,1400,65214199949
118.827,8.41558,20.5,0,47,51,0,2500,0,0,0,24.42,13.3867,0,1400,65222616126
120.944,8.26832,20.5,0,47,51,0,2500,0,0,0,24.42,13.3867,0,1400,65230885018
119.43,8.37314,20.5,0,47,51,0,2500,0,0,0,24.42,13.3867,0,1400,65239258508
119.65,8.3577,20.5,0,47,51,0,2500,0,0,0,24.42,13.3867,0,1400,65247617326
121.099,8.25773,20.5,0,47,51,0,2500,0,0,0,24.42,13.3867,0,1400,65255875546
119.763,8.34984,20.5,0,47,51,0,2500,0,0,0,24.42,13.3867,0,1400,65264225831
117.987,8.4755,20.5,0,47,51,0,2500,0,0,0,24.42,13.3867,0,1400,65272701527
121.46,8.23315,20.5,0,47,51,0,2500,0,0,0,24.42,13.3867,0,1400,65280935519
120,8.33331,20.5,0,47,51,0,2500,0,0,0,24.42,13.3867,0,1400,65289269307
122.537,8.16077,20.5,0,47,51,0,2500,0,0,0,24.42,13.3867,0,1400,65297431097
117.581,8.50478,20.5,0,47,51,0,2500,0,0,0,24.42,13.3867,0,1400,65305935649
119.757,8.35024,20.5,0,47,51,0,2500,0,0,0,24.42,13.3867,0,1400,65314286297
120.557,8.29482,20.5,0,47,51,0,2500,0,0,0,24.42,13.3867,0,1400,65322581383
120.648,8.28855,20.5,0,47,51,0,2500,0,0,0,24.42,13.3867,0,1400,65330870139
118.991,8.40398,20.5,0,47,51,0,2500,0,0,0,24.42,13.3867,0,1400,65339274535
116.333,8.59603,20.5,0,47,51,0,2500,0,0,0,24.42,13.3867,0,1400,65347870990
122.508,8.16276,20.5,0,47,51,0,2500,0,0,0,24.42,13.3867,0,1400,65356034369
120.812,8.27729,20.5,0,47,51,0,2500,0,0,0,24.42,13.3867,0,1400,65364312441
119.541,8.3653,20.5,0,47,51,0,2500,0,0,0,24.42,13.3867,0,1400,65372678180
118.751,8.42097,20.5,0,47,51,0,2500,0,0,0,24.42,13.3867,0,1400,65381100338
123.248,8.11371,20.5,0,47,51,0,2500,0,0,0,24.42,13.3867,0,1400,65389213547
119.72,8.35281,20.5,0,47,51,0,2500,0,0,0,24.42,13.3867,0,1400,65397567177
116.762,8.56446,20.5,0,47,51,0,2500,0,0,0,24.42,13.3867,0,1400,65406132118
123.683,8.0852,20.5,0,47,51,0,2500,0,0,0,24.42,13.3867,0,1400,65414217586
114.743,8.7151,20.5,0,47,51,0,2500,0,0,0,24.42,13.3867,0,1400,65422932950
126.451,7.90818,20.5,0,47,51,0,2500,0,0,0,24.42,13.3867,0,1400,65430842282
119.644,8.35812,20.5,0,47,51,0,2500,0,0,0,24.42,13.3867,0,1400,65439200250
117.833,8.48658,20.5,0,47,51,0,2500,0,0,0,24.42,13.3867,0,1400,65447687660
121.474,8.2322,20.5,0,47,51,0,2500,0,0,0,24.42,13.3867,0,1400,65455920914
121.256,8.24704,20.5,0,47,51,0,2500,0,0,0,24.42,13.3867,0,1400,65464167663
115.416,8.66429,20.5,0,47,51,0,2500,0,0,0,24.42,13.3867,0,1400,65472832264
121.349,8.24067,20.5,0,47,51,0,2500,0,0,0,24.42,13.3867,0,1400,65481073514
120.903,8.27112,20.5,0,47,51,0,2500,0,0,0,24.42,13.3867,0,1400,65489345252
119.484,8.3693,20.5,0,47,51,0,2500,0,0,0,24.42,13.3867,0,1400,65497714691
122.981,8.13132,20.5,0,47,51,0,2500,0,0,0,24.42,13.3867,0,1400,65505846974
117.712,8.49531,20.5,0,47,51,0,2500,0,0,0,24.42,13.3867,0,1400,65514342052
121.135,8.25524,20.5,0,47,51,0,2500,0,0,0,24.42,13.3867,0,1400,65522597416
119.759,8.35009,20.5,0,47,51,0,2500,0,0,0,24.42,13.3867,0,1400,65530948269
118.351,8.44945,20.5,0,47,51,0,2500,0,0,0,24.42,13.3867,0,1400,65539398220
120.027,8.33149,20.5,0,47,51,0,2500,0,0,0,24.42,13.3867,0,1400,65547730769
123.179,8.11827,20.5,0,47,51,0,2500,0,0,0,24.42,13.3867,0,1400,65555848949
120.299,8.31259,20.5,0,47,51,0,2500,0,0,0,24.42,13.3867,0,1400,65564162520
119.064,8.39885,20.5,0,47,51,0,2500,0,0,0,24.42,13.3867,0,1400,65572562115
120.471,8.30074,20.5,0,47,51,0,2500,0,0,0,24.42,13.3867,0,1400,65580863380
120.733,8.28274,20.5,0,47,51,0,2500,0,0,0,24.42,13.3867,0,1400,65589146809
120.615,8.29085,20.5,0,47,51,0,2500,0,0,0,24.42,13.3867,0,1400,65597438171
118.931,8.40825,20.5,0,47,51,0,2500,0,0,0,24.42,13.3867,0,1400,65605847342
120.337,8.31,20.5,0,47,51,0,2500,0,0,0,24.42,13.3867,0,1400,65614157769
117.827,8.48702,20.5,0,47,51,0,2500,0,0,0,24.42,13.3867,0,1400,65622644788
121.458,8.23327,20.5,0,47,51,0,2500,0,0,0,24.42,13.3867,0,1400,65630879159
118.986,8.40436,20.5,0,47,51,0,2500,0,0,0,24.42,13.3867,0,1400,65639283768
118.53,8.43666,20.5,0,47,51,0,2500,0,0,0,24.42,13.3867,0,1400,65647721254
122.89,8.13734,20.5,0,47,51,0,2500,0,0,0,24.42,13.3867,0,1400,65655859052
118.413,8.44503,20.5,0,47,51,0,2500,0,0,0,24.42,13.3867,0,1400,65664304378
121.02,8.26307,20.5,0,47,51,0,2500,0,0,0,24.42,13.3867,0,1400,65672568143
119.357,8.37826,20.5,0,47,51,0,2500,0,0,0,24.42,13.3867,0,1400,65680957717
120.849,8.27478,22.1411,0,47,52,0,2500,0,0,0,24.4208,13.3866,0,1500,65689222700
118.739,8.42184,22.1411,0,47,52,0,2500,0,0,0,24.4208,13.3866,0,1500,65697644940
122.179,8.18468,22.1411,0,47,52,0,2500,0,0,0,24.4208,13.3866,0,1500,65705830264
118.838,8.41482,22.1411,0,47,52,0,2500,0,0,0,24.4208,13.3866,0,1500,65714245916
118.668,8.42691,22.1411,0,47,52,0,2500,0,0,0,24.4208,13.3866,0,1500,65722673246
121.37,8.23926,22.1411,0,47,52,0,2500,0,0,0,24.4208,13.3866,0,1500,65730913378
119.485,8.36927,22.1411,0,47,52,0,2500,0,0,0,24.4208,13.3866,0,1500,65739282801
120.277,8.31417,22.1411,0,47,52,0,2500,0,0,0,24.4208,13.3866,0,1500,65747597935
121.131,8.25552,22.1411,0,47,52,0,2500,0,0,0,24.4208,13.3866,0,1500,65755853988
118.477,8.44048,22.1411,0,47,52,0,2500,0,0,0,24.4208,13.3866,0,1500,65764295300
119.919,8.339,22.1411,0,47,52,0,2500,0,0,0,24.4208,13.3866,0,1500,65772634992
121.146,8.25452,22.1411,0,47,52,0,2500,0,0,0,24.4208,13.3866,0,1500,65780889997
119.38,8.37663,22.1411,0,47,52,0,2500,0,0,0,24.4208,13.3866,0,1500,65789267276
120.217,8.3183,22.1411,0,47,52,0,2500,0,0,0,24.4208,13.3866,0,1500,65797586063
121.411,8.23646,22.1411,0,47,52,0,2500,0,0,0,24.4208,13.3866,0,1500,65805822860
119.643,8.35823,22.1411,0,47,52,0,2500,0,0,0,24.4208,13.3866,0,1500,65814181611
119.568,8.36347,22.1411,0,47,52,0,2500,0,0,0,24.4208,13.3866,0,1500,65822545666
120.836,8.27568,22.1411,0,47,52,0,2500,0,0,0,24.4208,13.3866,0,1500,65830821821
119.845,8.34411,22.1411,0,47,52,0,2500,0,0,0,24.4208,13.3866,0,1500,65839166832
118.655,8.42779,22.1411,0,47,52,0,2500,0,0,0,24.4208,13.3866,0,1500,65847595322
120.846,8.27503,22.1411,0,47,52,0,2500,0,0,0,24.4208,13.3866,0,1500,65855870813
120.161,8.32214,22.1411,0,47,52,0,2500,0,0,0,24.4208,13.3866,0,1500,65864193923
119.308,8.38165,22.1411,0,47,52,0,2500,0,0,0,24.4208,13.3866,0,1500,65872575886
120.877,8.27288,22.1411,0,47,52,0,2500,0,0,0,24.4208,13.3866,0,1500,65880849416
119.516,8.36712,22.1411,0,47,52,0,2500,0,0,0,24.4208,13.3866,0,1500,65889216814
118.619,8.43038,22.1411,0,47,52,0,2500,0,0,0,24.4208,13.3866,0,1500,65897647756
121.441,8.23445,22.1411,0,47,52,0,2500,0,0,0,24.4208,13.3866,0,1500,65905882525
121.219,8.24952,22.1411,0,47,52,0,2500,0,0,0,24.4208,13.3866,0,1500,65914132378
118.794,8.41796,22.1411,0,47,52,0,2500,0,0,0,24.4208,13.3866,0,1500,65922550784
119.798,8.34736,22.1411,0,47,52,0,2500,0,0,0,24.4208,13.3866,0,1500,65930898814
120.325,8.31086,22.1411,0,47,52,0,2500,0,0,0,24.4208,13.3866,0,1500,65939211021
119.96,8.33614,22.1411,0,47,52,0,2500,0,0,0,24.4208,13.3866,0,1500,65947547426
120.246,8.3163,22.1411,0,47,52,0,2500,0,0,0,24.4208,13.3866,0,1500,65955864703
119.141,8.39344,22.1411,0,47,52,0,2500,0,0,0,24.4208,13.3866,0,1500,65964258748
120.077,8.32797,22.1411,0,47,52,0,2500,0,0,0,24.4208,13.3866,0,1500,65972587485
120.335,8.3101,22.1411,0,47,52,0,2500,0,0,0,24.4208,13.3866,0,1500,65980898588
119.611,8.36045,22.1411,0,47,52,0,2500,0,0,0,24.4208,13.3866,0,1500,65989258903
119.64,8.3584,22.1411,0,47,52,0,2500,0,0,0,24.4208,13.3866,0,1500,65997618023
120.035,8.3309,22.1411,0,47,52,0,2500,0,0,0,24.4208,13.3866,0,1500,66005949945
119.163,8.39186,22.1411,0,47,52,0,2500,0,0,0,24.4208,13.3866,0,1500,66014342369
122.02,8.19538,22.1411,0,47,52,0,2500,0,0,0,24.4208,13.3866,0,1500,66022538572
118.46,8.44166,22.1411,0,47,52,0,2500,0,0,0,24.4208,13.3866,0,1500,66030980292
120.96,8.26721,22.1411,0,47,52,0,2500,0,0,0,24.4208,13.3866,0,1500,66039248737
119.156,8.39235,22.1411,0,47,52,0,2500,0,0,0,24.4208,13.3866,0,1500,66047641066
118.749,8.42112,22.1411,0,47,52,0,2500,0,0,0,24.4208,13.3866,0,1500,66056062448
119.138,8.39365,22.1411,0,47,52,0,2500,0,0,0,24.4208,13.3866,0,1500,66064456886
118.753,8.42087,22.1411,0,47,52,0,2500,0,0,0,24.4208,13.3866,0,1500,66072877825
123.84,8.07491,22.1411,0,47,52,0,2500,0,0,0,24.4208,13.3866,0,1500,66080953219
119.045,8.40021,22.1411,0,47,52,0,2500,0,0,0,24.4208,13.3866,0,1500,66089353658
121.195,8.25115,22.1411,0,47,52,0,2500,0,0,0,24.4208,13.3866,0,1500,66097605305
118.096,8.46769,22.1411,0,47,52,0,2500,0,0,0,24.4208,13.3866,0,1500,66106073939
121.75,8.21354,22.1411,0,47,52,0,2500,0,0,0,24.4208,13.3866,0,1500,66114287607
119.301,8.38216,22.1411,0,47,52,0,2500,0,0,0,24.4208,13.3866,0,1500,66122671117
122.193,8.18378,22.1411,0,47,52,0,2500,0,0,0,24.4208,13.3866,0,1500,66130854803
117.559,8.50637,22.1411,0,47,52,0,2500,0,0,0,24.4208,13.3866,0,1500,66139361845
121.048,8.26121,22.1411,0,47,52,0,2500,0,0,0,24.4208,13.3866,0,1500,66147624205
119.294,8.38265,22.1411,0,47,52,0,2500,0,0,0,24.4208,13.3866,0,1500,66156007697
118.084,8.46852,22.1411,0,47,52,0,2500,0,0,0,24.4208,13.3866,0,1500,66164476512
122.227,8.18151,22.1411,0,47,52,0,2500,0,0,0,24.4208,13.3866,0,1500,66172657856
117.941,8.47884,22.1411,0,47,52,0,2500,0,0,0,24.4208,13.3866,0,1500,66181143558
119.886,8.34127,21.8905,0,47,52,0,2500,0,0,0,24.4209,13.3865,0,1400,66189479136
120.85,8.27471,21.8905,0,47,52,0,2500,0,0,0,24.4209,13.3865,0,1400,66197754104
117.226,8.53051,21.8905,0,47,52,0,2500,0,0,0,24.4209,13.3865,0,1400,66206284815
122.238,8.18076,21.8905,0,47,52,0,2500,0,0,0,24.4209,13.3865,0,1400,66214465877
117.585,8.50448,21.8905,0,47,52,0,2500,0,0,0,24.4209,13.3865,0,1400,66222970861
122.47,8.16527,21.8905,0,47,52,0,2500,0,0,0,24.4209,13.3865,0,1400,66231136788
122.205,8.18299,21.8905,0,47,52,0,2500,0,0,0,24.4209,13.3865,0,1400,66239320597
120.069,8.32853,21.8905,0,47,52,0,2500,0,0,0,24.4209,13.3865,0,1400,66247649315
117.4,8.51792,21.8905,0,47,52,0,2500,0,0,0,24.4209,13.3865,0,1400,66256168264
124.045,8.06162,21.8905,0,47,52,0,2500,0,0,0,24.4209,13.3865,0,1400,66264229528
116.508,8.58308,21.8905,0,47,52,0,2500,0,0,0,24.4209,13.3865,0,1400,66272813461
122.723,8.14841,21.8905,0,47,52,0,2500,0,0,0,24.4209,13.3865,0,1400,66280962155
118.072,8.4694,21.8905,0,47,52,0,2500,0,0,0,24.4209,13.3865,0,1400,66289432308
122.403,8.16971,21.8905,0,47,52,0,2500,0,0,0,24.4209,13.3865,0,1400,66297602407
119.213,8.38833,21.8905,0,47,52,0,2500,0,0,0,24.4209,13.3865,0,1400,66305990663
119.498,8.36837,21.8905,0,47,52,0,2500,0,0,0,24.4209,13.3865,0,1400,66314360228
116.688,8.5699,21.8905,0,47,52,0,2500,0,0,0,24.4209,13.3865,0,1400,66322930366
121.928,8.20156,21.8905,0,47,52,0,2500,0,0,0,24.4209,13.3865,0,1400,66331132282
121.495,8.23082,21.8905,0,47,52,0,2500,0,0,0,24.4209,13.3865,0,1400,66339363647
119.83,8.34512,21.8905,0,47,52,0,2500,0,0,0,24.4209,13.3865,0,1400,66347709695
121.594,8.22409,21.8905,0,47,52,0,2500,0,0,0,24.4209,13.3865,0,1400,66355933988
118.781,8.41884,21.8905,0,47,52,0,2500,0,0,0,24.4209,13.3865,0,1400,66364353554
118.841,8.41462,21.8905,0,47,52,0,2500,0,0,0,24.4209,13.3865,0,1400,66372768450
121.238,8.24824,21.8905,0,47,52,0,2500,0,0,0,24.4209,13.3865,0,1400,66381016963
119.922,8.33872,21.8905,0,47,52,0,2500,0,0,0,24.4209,13.3865,0,1400,66389355895
116.172,8.60789,21.8905,0,47,52,0,2500,0,0,0,24.4209,13.3865,0,1400,66397964143
120.309,8.31192,21.8905,0,47,52,0,2500,0,0,0,24.4209,13.3865,0,1400,66406276614
124.002,8.06437,21.8905,0,47,52,0,2500,0,0,0,24.4209,13.3865,0,1400,66414341796
120.093,8.32688,21.8905,0,47,52,0,2500,0,0,0,24.4209,13.3865,0,1400,66422669017
117.837,8.4863,21.8905,0,47,52,0,2500,0,0,0,24.4209,13.3865,0,1400,66431155646
124.342,8.04233,21.8905,0,47,52,0,2500,0,0,0,24.4209,13.3865,0,1400,66439198485
116.435,8.58848,21.8905,0,47,52,0,2500,0,0,0,24.4209,13.3865,0,1400,66447787496
119.987,8.3342,21.8905,0,47,52,0,2500,0,0,0,24.4209,13.3865,0,1400,66456122535
117.916,8.4806,21.8905,0,47,52,0,2500,0,0,0,24.4209,13.3865,0,1400,66464603123
120.132,8.32421,21.8905,0,47,52,0,2500,0,0,0,24.4209,13.3865,0,1400,66472927930
122.717,8.14882,21.8905,0,47,52,0,2500,0,0,0,24.4209,13.3865,0,1400,66481076614
122.435,8.16763,21.8905,0,47,52,0,2500,0,0,0,24.4209,13.3865,0,1400,66489244456
118.935,8.40798,21.8905,0,47,52,0,2500,0,0,0,24.4209,13.3865,0,1400,66497652919
122.054,8.1931,21.8905,0,47,52,0,2500,0,0,0,24.4209,13.3865,0,1400,66505846776
117.311,8.52435,21.8905,0,47,52,0,2500,0,0,0,24.4209,13.3865,0,1400,66514371923
121.435,8.23487,21.8905,0,47,52,0,2500,0,0,0,24.4209,13.3865,0,1400,66522607831
118.501,8.43878,21.8905,0,47,52,0,2500,0,0,0,24.4209,13.3865,0,1400,66531047155
120.732,8.28284,21.8905,0,47,52,0,2500,0,0,0,24.4209,13.3865,0,1400,66539330952
118.131,8.46519,21.8905,0,47,52,0,2500,0,0,0,24.4209,13.3865,0,1400,66547796091
121.188,8.25167,21.8905,0,47,52,0,2500,0,0,0,24.4209,13.3865,0,1400,66556047892
122.478,8.16474,21.8905,0,47,52,0,2500,0,0,0,24.4209,13.3865,0,1400,66564212940
115.526,8.65607,21.8905,0,47,52,0,2500,0,0,0,24.4209,13.3865,0,1400,66572869698
124.466,8.03432,21.8905,0,47,52,0,2500,0,0,0,24.4209,13.3865,0,1400,66580904215
119.184,8.3904,21.8905,0,47,52,0,2500,0,0,0,24.4209,13.3865,0,1400,66589295375
114.691,8.7191,21.8905,0,47,52,0,2500,0,0,0,24.4209,13.3865,0,1400,66598015286
123.946,8.068,21.8905,0,47,52,0,2500,0,0,0,24.4209,13.3865,0,1400,66606083340
120.947,8.26806,21.8905,0,47,52,0,2500,0,0,0,24.4209,13.3865,0,1400,66614352054
118.376,8.44765,21.8905,0,47,52,0,2500,0,0,0,24.4209,13.3865,0,1400,66622799860
120.55,8.29528,21.8905,0,47,52,0,2500,0,0,0,24.4209,13.3865,0,1400,66631095609
120.926,8.26952,21.8905,0,47,52,0,2500,0,0,0,24.4209,13.3865,0,1400,66639365524
116.92,8.55287,21.8905,0,47,52,0,2500,0,0,0,24.4209,13.3865,0,1400,66647918519
122.295,8.17692,21.8905,0,47,52,0,2500,0,0,0,24.4209,13.3865,0,1400,66656095865
121.133,8.2554,21.8905,0,47,52,0,2500,0,0,0,24.4209,13.3865,0,1400,66664351740
116.997,8.54723,21.8905,0,47,52,0,2500,0,0,0,24.4209,13.3865,0,1400,66672899745
121.947,8.20029,21.8905,0,47,52,0,2500,0,0,0,24.4209,13.3865,0,1400,66681100081
121.258,8.24685,21.8905,0,47,52,0,2500,0,0,0,24.4209,13.3865,0,1400,66689353489
119.44,8.37239,21.3759,0,47,52,0,2500,0,0,0,24.4214,13.3865,0,1500,66697720526
122.964,8.13247,21.3759,0,47,52,0,2500,0,0,0,24.4214,13.3865,0,1500,66705853381
120.026,8.33153,21.3759,0,47,52,0,2500,0,0,0,24.4214,13.3865,0,1500,66714184510
116.343,8.5953,21.3759,0,47,52,0,2500,0,0,0,24.4214,13.3865,0,1500,66722780656
120.803,8.27795,21.3759,0,47,52,0,2500,0,0,0,24.4214,13.3865,0,1500,66731059125
120.864,8.27376,21.3759,0,47,52,0,2500,0,0,0,24.4214,13.3865,0,1500,66739333422
116.107,8.61277,21.3759,0,47,52,0,2500,0,0,0,24.4214,13.3865,0,1500,66747946547
122.095,8.19032,21.3759,0,47,52,0,2500,0,0,0,24.4214,13.3865,0,1500,66756136961
121.825,8.2085,21.3759,0,47,52,0,2500,0,0,0,24.4214,13.3865,0,1500,66764345768
115.062,8.69094,21.3759,0,47,52,0,2500,0,0,0,24.4214,13.3865,0,1500,66773037182
125.124,7.99208,21.3759,0,47,52,0,2500,0,0,0,24.4214,13.3865,0,1500,66781029552
119.415,8.37416,21.3759,0,47,52,0,2500,0,0,0,24.4214,13.3865,0,1500,66789404081
116.907,8.55383,21.3759,0,47,52,0,2500,0,0,0,24.4214,13.3865,0,1500,66797958323
121.675,8.21863,21.3759,0,47,52,0,2500,0,0,0,24.4214,13.3865,0,1500,66806177307
123.014,8.12918,21.3759,0,47,52,0,2500,0,0,0,24.4214,13.3865,0,1500,66814306879
117.146,8.53634,21.3759,0,47,52,0,2500,0,0,0,24.4214,13.3865,0,1500,66822843560
120.344,8.30951,21.3759,0,47,52,0,2500,0,0,0,24.4214,13.3865,0,1500,66831153591
120.881,8.27258,21.3759,0,47,52,0,2500,0,0,0,24.4214,13.3865,0,1500,66839426526
121.435,8.23488,21.3759,0,47,52,0,2500,0,0,0,24.4214,13.3865,0,1500,66847661629
123.373,8.10553,21.3759,0,47,52,0,2500,0,0,0,24.4214,13.3865,0,1500,66855767490
118.91,8.40972,21.3759,0,47,52,0,2500,0,0,0,24.4214,13.3865,0,1500,66864177230
119.642,8.35824,21.3759,0,47,52,0,2500,0,0,0,24.4214,13.3865,0,1500,66872535986
120.313,8.31166,21.3759,0,47,52,0,2500,0,0,0,24.4214,13.3865,0,1500,66880848079
117.357,8.521,21.3759,0,47,52,0,2500,0,0,0,24.4214,13.3865,0,1500,66889369596
117.119,8.53834,21.3759,0,47,52,0,2500,0,0,0,24.4214,13.3865,0,1500,66897908285
123.572,8.09245,21.3759,0,47,52,0,2500,0,0,0,24.4214,13.3865,0,1500,66906001039
121.315,8.24299,21.3759,0,47,52,0,2500,0,0,0,24.4214,13.3865,0,1500,66914244687
119.131,8.39413,21.3759,0,47,52,0,2500,0,0,0,24.4214,13.3865,0,1500,66922639046
118.033,8.4722,21.3759,0,47,52,0,2500,0,0,0,24.4214,13.3865,0,1500,66931111667
122.821,8.14194,21.3759,0,47,52,0,2500,0,0,0,24.4214,13.3865,0,1500,66939254071
121.134,8.25532,21.3759,0,47,52,0,2500,0,0,0,24.4214,13.3865,0,1500,66947509338
116.602,8.57621,21.3759,0,47,52,0,2500,0,0,0,24.4214,13.3865,0,1500,66956087082
122.474,8.16498,21.3759,0,47,52,0,2500,0,0,0,24.4214,13.3865,0,1500,66964252101
116.862,8.55707,21.3759,0,47,52,0,2500,0,0,0,24.4214,13.3865,0,1500,66972810323
122.142,8.18722,21.3759,0,47,52,0,2500,0,0,0,24.4214,13.3865,0,1500,66980997882
120.733,8.28277,21.3759,0,47,52,0,2500,0,0,0,24.4214,13.3865,0,1500,66989281776
118.895,8.41078,21.3759,0,47,52,0,2500,0,0,0,24.4214,13.3865,0,1500,66997692488
119.312,8.38139,21.3759,0,47,52,0,2500,0,0,0,24.4214,13.3865,0,1500,67006073909
121.443,8.23432,21.3759,0,47,52,0,2500,0,0,0,24.4214,13.3865,0,1500,67014308278
117.325,8.52331,21.3759,0,47,52,0,2500,0,0,0,24.4214,13.3865,0,1500,67022832253
123.173,8.11864,21.3759,0,47,52,0,2500,0,0,0,24.4214,13.3865,0,1500,67030951074
118.404,8.44563,21.3759,0,47,52,0,2500,0,0,0,24.4214,13.3865,0,1500,67039397190
121.995,8.19704,21.3759,0,47,52,0,2500,0,0,0,24.4214,13.3865,0,1500,67047594528
118.735,8.42214,21.3759,0,47,52,0,2500,0,0,0,24.4214,13.3865,0,1500,67056017146
121.359,8.24004,21.3759,0,47,52,0,2500,0,0,0,24.4214,13.3865,0,1500,67064257831
118.108,8.46684,21.3759,0,47,52,0,2500,0,0,0,24.4214,13.3865,0,1500,67072724700
121.041,8.26165,21.3759,0,47,52,0,2500,0,0,0,24.4214,13.3865,0,1500,67080986569
121.381,8.23853,21.3759,0,47,52,0,2500,0,0,0,24.4214,13.3865,0,1500,67089225887
115.763,8.6383,21.3759,0,47,52,0,2500,0,0,0,24.4214,13.3865,0,1500,67097864241
123.292,8.1108,21.3759,0,47,52,0,2500,0,0,0,24.4214,13.3865,0,1500,67105975293
118.688,8.42543,21.3759,0,47,52,0,2500,0,0,0,24.4214,13.3865,0,1500,67114401106
122.525,8.16157,21.3759,0,47,52,0,2500,0,0,0,24.4214,13.3865,0,1500,67122562935
120.058,8.32933,21.3759,0,47,52,0,2500,0,0,0,24.4214,13.3865,0,1500,67130892650
118.632,8.42942,21.3759,0,47,52,0,2500,0,0,0,24.4214,13.3865,0,1500,67139323165
117.615,8.50233,21.3759,0,47,52,0,2500,0,0,0,24.4214,13.3865,0,1500,67147825583
123.889,8.07173,21.3759,0,47,52,0,2500,0,0,0,24.4214,13.3865,0,1500,67155897228
117.521,8.50914,21.3759,0,47,52,0,2500,0,0,0,24.4214,13.3865,0,1500,67164407608
118.628,8.42974,21.3759,0,47,52,0,2500,0,0,0,24.4214,13.3865,0,1500,67172837309
122.252,8.17983,21.3759,0,47,52,0,2500,0,0,0,24.4214,13.3865,0,1500,67181017633
115.821,8.634,21.3759,0,47,52,0,2500,0,0,0,24.4214,13.3865,0,1500,67189658638
125.307,7.9804,18.6567,0,47,52,0,2500,0,0,0,24.4216,13.3865,0,1400,67197633433
119.005,8.40302,18.6567,0,47,52,0,2500,0,0,0,24.4216,13.3865,0,1400,67206037322
116.254,8.60182,18.6567,0,47,52,0,2500,0,0,0,24.4216,13.3865,0,1400,67214639842
122.992,8.13063,18.6567,0,47,52,0,2500,0,0,0,24.4216,13.3865,0,1400,67222770684
121.689,8.21764,18.6567,0,47,52,0,2500,0,0,0,24.4216,13.3865,0,1400,67230989940
121.198,8.25099,18.6567,0,47,52,0,2500,0,0,0,24.4216,13.3865,0,1400,67239241407
118.72,8.42318,18.6567,0,47,52,0,2500,0,0,0,24.4216,13.3865,0,1400,67247664176
119.608,8.36067,18.6567,0,47,52,0,2500,0,0,0,24.4216,13.3865,0,1400,67256026181
119.031,8.40119,18.6567,0,47,52,0,2500,0,0,0,24.4216,13.3865,0,1400,67264428142
121.027,8.2626,18.6567,0,47,52,0,2500,0,0,0,24.4216,13.3865,0,1400,67272691070
120.232,8.31728,18.6567,0,47,52,0,2500,0,0,0,24.4216,13.3865,0,1400,67281008769
119.047,8.40001,18.6567,0,47,52,0,2500,0,0,0,24.4216,13.3865,0,1400,67289409704
116.971,8.54915,18.6567,0,47,52,0,2500,0,0,0,24.4216,13.3865,0,1400,67297958946
123.61,8.08993,18.6567,0,47,52,0,2500,0,0,0,24.4216,13.3865,0,1400,67306049915
120.564,8.29432,18.6567,0,47,52,0,2500,0,0,0,24.4216,13.3865,0,1400,67314344345
118.09,8.4681,18.6567,0,47,52,0,2500,0,0,0,24.4216,13.3865,0,1400,67322814087
119.611,8.36042,18.6567,0,47,52,0,2500,0,0,0,24.4216,13.3865,0,1400,67331174832
122.974,8.13178,18.6567,0,47,52,0,2500,0,0,0,24.4216,13.3865,0,1400,67339307232
118.7,8.42462,18.6567,0,47,52,0,2500,0,0,0,24.4216,13.3865,0,1400,67347732117
119.947,8.33702,18.6567,0,47,52,0,2500,0,0,0,24.4216,13.3865,0,1400,67356069389
121.165,8.2532,18.6567,0,47,52,0,2500,0,0,0,24.4216,13.3865,0,1400,67364323576
120.243,8.31648,18.6567,0,47,52,0,2500,0,0,0,24.4216,13.3865,0,1400,67372640661
118.552,8.43509,18.6567,0,47,52,0,2500,0,0,0,24.4216,13.3865,0,1400,67381076368
120.232,8.31723,18.6567,0,47,52,0,2500,0,0,0,24.4216,13.3865,0,1400,67389393902
120.738,8.28241,18.6567,0,47,52,0,2500,0,0,0,24.4216,13.3865,0,1400,67397677049
117.143,8.53659,18.6567,0,47,52,0,2500,0,0,0,24.4216,13.3865,0,1400,67406214280
123.916,8.07,18.6567,0,47,52,0,2500,0,0,0,24.4216,13.3865,0,1400,67414287127
118.316,8.45196,18.6567,0,47,52,0,2500,0,0,0,24.4216,13.3865,0,1400,67422736057
117.587,8.50431,18.6567,0,47,52,0,2500,0,0,0,24.4216,13.3865,0,1400,67431241177
123.3,8.11032,18.6567,0,47,52,0,2500,0,0,0,24.4216,13.3865,0,1400,67439352615
121.841,8.20744,18.6567,0,47,52,0,2500,0,0,0,24.4216,13.3865,0,1400,67447559948
118.066,8.46985,18.6567,0,47,52,0,2500,0,0,0,24.4216,13.3865,0,1400,67456030863
120.427,8.30381,18.6567,0,47,52,0,2500,0,0,0,24.4216,13.3865,0,1400,67464335199
121.036,8.26199,18.6567,0,47,52,0,2500,0,0,0,24.4216,13.3865,0,1400,67472597166
117.869,8.48402,18.6567,0,47,52,0,2500,0,0,0,24.4216,13.3865,0,1400,67481081593
120.739,8.28231,18.6567,0,47,52,0,2500,0,0,0,24.4216,13.3865,0,1400,67489364102
118.687,8.42552,18.6567,0,47,52,0,2500,0,0,0,24.4216,13.3865,0,1400,67497789927
122.942,8.13389,18.6567,0,47,52,0,2500,0,0,0,24.4216,13.3865,0,1400,67505925385
118.437,8.4433,18.6567,0,47,52,0,2500,0,0,0,24.4216,13.3865,0,1400,67514369056
118.964,8.40589,18.6567,0,47,52,0,2500,0,0,0,24.4216,13.3865,0,1400,67522775534
119.72,8.35283,18.6567,0,47,52,0,2500,0,0,0,24.4216,13.3865,0,1400,67531129450
120.971,8.26645,18.6567,0,47,52,0,2500,0,0,0,24.4216,13.3865,0,1400,67539395912
121.346,8.2409,18.6567,0,47,52,0,2500,0,0,0,24.4216,13.3865,0,1400,67547637833
118.823,8.41588,18.6567,0,47,52,0,2500,0,0,0,24.4216,13.3865,0,1400,67556053676
120.936,8.26884,18.6567,0,47,52,0,2500,0,0,0,24.4216,13.3865,0,1400,67564323732
119.53,8.36612,18.6567,0,47,52,0,2500,0,0,0,24.4216,13.3865,0,1400,67572690748
118.455,8.442,18.6567,0,47,52,0,2500,0,0,0,24.4216,13.3865,0,1400,67581133129
120.715,8.28395,18.6567,0,47,52,0,2500,0,0,0,24.4216,13.3865,0,1400,67589416677
118.138,8.46469,18.6567,0,47,52,0,2500,0,0,0,24.4216,13.3865,0,1400,67597881897
121.643,8.22075,18.6567,0,47,52,0,2500,0,0,0,24.4216,13.3865,0,1400,67606102971
120.269,8.31468,18.6567,0,47,52,0,2500,0,0,0,24.4216,13.3865,0,1400,67614418173
118.904,8.41017,18.6567,0,47,52,0,2500,0,0,0,24.4216,13.3865,0,1400,67622828355
122.367,8.17213,18.6567,0,47,52,0,2500,0,0,0,24.4216,13.3865,0,1400,67631001228
119.402,8.37505,18.6567,0,47,52,0,2500,0,0,0,24.4216,13.3865,0,1400,67639376486
117.801,8.48886,18.6567,0,47,52,0,2500,0,0,0,24.4216,13.3865,0,1400,67647865427
120.292,8.3131,18.6567,0,47,52,0,2500,0,0,0,24.4216,13.3865,0,1400,67656178886
121.685,8.21791,18.6567,0,47,52,0,2500,0,0,0,24.4216,13.3865,0,1400,67664397287
118.217,8.45901,18.6567,0,47,52,0,2500,0,0,0,24.4216,13.3865,0,1400,67672857012
121.178,8.25231,18.6567,0,47,52,0,2500,0,0,0,24.4216,13.3865,0,1400,67681109935
116.53,8.58149,18.6567,0,47,52,0,2500,0,0,0,24.4216,13.3865,0,1400,67689696638
121.826,8.20843,22.3881,0,47,52,0,2500,0,0,0,24.4358,13.3865,0,1500,67697900174
119.465,8.37063,22.3881,0,47,52,0,2500,0,0,0,24.4358,13.3865,0,1500,67706271182
123.603,8.09043,22.3881,0,47,52,0,2500,0,0,0,24.4358,13.3865,0,1500,67714361966
117.136,8.53706,22.3881,0,47,52,0,2500,0,0,0,24.4358,13.3865,0,1500,67722899291
121.21,8.25018,22.3881,0,47,52,0,2500,0,0,0,24.4358,13.3865,0,1500,67731149795
118.089,8.46816,22.3881,0,47,52,0,2500,0,0,0,24.4358,13.3865,0,1500,67739618121
122.703,8.14976,22.3881,0,47,52,0,2500,0,0,0,24.4358,13.3865,0,1500,67747768243
119.971,8.33532,22.3881,0,47,52,0,2500,0,0,0,24.4358,13.3865,0,1500,67756104166
119.968,8.33556,22.3881,0,47,52,0,2500,0,0,0,24.4358,13.3865,0,1500,67764440079
117.012,8.54615,22.3881,0,47,52,0,2500,0,0,0,24.4358,13.3865,0,1500,67772986356
123.447,8.10067,22.3881,0,47,52,0,2500,0,0,0,24.4358,13.3865,0,1500,67781087329
120.745,8.28194,22.3881,0,47,52,0,2500,0,0,0,24.4358,13.3865,0,1500,67789369440
117.973,8.47651,22.3881,0,47,52,0,2500,0,0,0,24.4358,13.3865,0,1500,67797846561
123.511,8.09642,22.3881,0,47,52,0,2500,0,0,0,24.4358,13.3865,0,1500,67805943277
118.868,8.41271,22.3881,0,47,52,0,2500,0,0,0,24.4358,13.3865,0,1500,67814356657
118.971,8.40543,22.3881,0,47,52,0,2500,0,0,0,24.4358,13.3865,0,1500,67822762312
121.668,8.21908,22.3881,0,47,52,0,2500,0,0,0,24.4358,13.3865,0,1500,67830981801
119.871,8.34232,22.3881,0,47,52,0,2500,0,0,0,24.4358,13.3865,0,1500,67839324720
116.139,8.61034,22.3881,0,47,52,0,2500,0,0,0,24.4358,13.3865,0,1500,67847935121
122.26,8.17929,22.3881,0,47,52,0,2500,0,0,0,24.4358,13.3865,0,1500,67856114903
116.725,8.56715,22.3881,0,47,52,0,2500,0,0,0,24.4358,13.3865,0,1500,67864682287
121.299,8.24409,22.3881,0,47,52,0,2500,0,0,0,24.4358,13.3865,0,1500,67872926798
122.053,8.19318,22.3881,0,47,52,0,2500,0,0,0,24.4358,13.3865,0,1500,67881120141
120.78,8.27948,22.3881,0,47,52,0,2500,0,0,0,24.4358,13.3865,0,1500,67889399972
116.831,8.55938,22.3881,0,47,52,0,2500,0,0,0,24.4358,13.3865,0,1500,67897960174
122.433,8.1677,22.3881,0,47,52,0,2500,0,0,0,24.4358,13.3865,0,1500,67906127964
119.211,8.3885,22.3881,0,47,52,0,2500,0,0,0,24.4358,13.3865,0,1500,67914516862
117.845,8.48574,22.3881,0,47,52,0,2500,0,0,0,24.4358,13.3865,0,1500,67923002911
121.045,8.26137,22.3881,0,47,52,0,2500,0,0,0,24.4358,13.3865,0,1500,67931264484
124.802,8.01268,22.3881,0,47,52,0,2500,0,0,0,24.4358,13.3865,0,1500,67939277718
116.58,8.57783,22.3881,0,47,52,0,2500,0,0,0,24.4358,13.3865,0,1500,67947855750
123.237,8.11445,22.3881,0,47,52,0,2500,0,0,0,24.4358,13.3865,0,1500,67955970526
120.578,8.29342,22.3881,0,47,52,0,2500,0,0,0,24.4358,13.3865,0,1500,67964264130
117.419,8.51648,22.3881,0,47,52,0,2500,0,0,0,24.4358,13.3865,0,1500,67972780950
124.325,8.04343,22.3881,0,47,52,0,2500,0,0,0,24.4358,13.3865,0,1500,67980824394
117.454,8.51397,22.3881,0,47,52,0,2500,0,0,0,24.4358,13.3865,0,1500,67989338475
122.616,8.15552,22.3881,0,47,52,0,2500,0,0,0,24.4358,13.3865,0,1500,67997494085
116.909,8.55365,22.3881,0,47,52,0,2500,0,0,0,24.4358,13.3865,0,1500,68006049012
116.957,8.55012,22.3881,0,47,52,0,2500,0,0,0,24.4358,13.3865,0,1500,68014599204
121.884,8.20453,22.3881,0,47,52,0,2500,0,0,0,24.4358,13.3865,0,1500,68022804058
121.105,8.2573,22.3881,0,47,52,0,2500,0,0,0,24.4358,13.3865,0,1500,68031061680
119.424,8.37351,22.3881,0,47,52,0,2500,0,0,0,24.4358,13.3865,0,1500,68039436213
118.99,8.4041,22.3881,0,47,52,0,2500,0,0,0,24.4358,13.3865,0,1500,68047840122
123.266,8.11252,22.3881,0,47,52,0,2500,0,0,0,24.4358,13.3865,0,1500,68055952892
121.089,8.25836,22.3881,0,47,52,0,2500,0,0,0,24.4358,13.3865,0,1500,68064211569
118.068,8.46969,22.3881,0,47,52,0,2500,0,0,0,24.4358,13.3865,0,1500,68072681835
119.834,8.34486,22.3881,0,47,52,0,2500,0,0,0,24.4358,13.3865,0,1500,68081027433
115.587,8.6515,22.3881,0,47,52,0,2500,0,0,0,24.4358,13.3865,0,1500,68089679063
125.16,7.98981,22.3881,0,47,52,0,2500,0,0,0,24.4358,13.3865,0,1500,68097669775
118.525,8.43705,22.3881,0,47,52,0,2500,0,0,0,24.4358,13.3865,0,1500,68106106908
119.716,8.35309,22.3881,0,47,52,0,2500,0,0,0,24.4358,13.3865,0,1500,68114460774
121.929,8.20152,22.3881,0,47,52,0,2500,0,0,0,24.4358,13.3865,0,1500,68122662678
118.719,8.42328,22.3881,0,47,52,0,2500,0,0,0,24.4358,13.3865,0,1500,68131086491
119.259,8.38511,22.3881,0,47,52,0,2500,0,0,0,24.4358,13.3865,0,1500,68139471731
119.283,8.38344,22.3881,0,47,52,0,2500,0,0,0,24.4358,13.3865,0,1500,68147855492
119.49,8.36889,22.3881,0,47,52,0,2500,0,0,0,24.4358,13.3865,0,1500,68156224578
123.335,8.10802,22.3881,0,47,52,0,2500,0,0,0,24.4358,13.3865,0,1500,68164332988
118.271,8.45518,22.3881,0,47,52,0,2500,0,0,0,24.4358,13.3865,0,1500,68172788577
120.766,8.28045,22.3881,0,47,52,0,2500,0,0,0,24.4358,13.3865,0,1500,68181069500
120.389,8.30641,22.3881,0,47,52,0,2500,0,0,0,24.4358,13.3865,0,1500,68189376310
115.527,8.656,22.3881,0,47,52,0,2500,0,0,0,24.4358,13.3865,0,1500,68198037001
123.564,8.09298,19.2683,0,47,52,0,2500,0,0,0,24.4353,13.3864,0,1400,68206126121
121.886,8.20439,19.2683,0,47,52,0,2500,0,0,0,24.4353,13.3864,0,1400,68214330151
117.17,8.53457,19.2683,0,47,52,0,2500,0,0,0,24.4353,13.3864,0,1400,68222865365
123.589,8.09131,19.2683,0,47,52,0,2500,0,0,0,24.4353,13.3864,0,1400,68230956586
117.723,8.49453,19.2683,0,47,52,0,2500,0,0,0,24.4353,13.3864,0,1400,68239451789
120.655,8.28812,19.2683,0,47,52,0,2500,0,0,0,24.4353,13.3864,0,1400,68247740331
118.916,8.40927,19.2683,0,47,52,0,2500,0,0,0,24.4353,13.3864,0,1400,68256150027
119.601,8.36116,19.2683,0,47,52,0,2500,0,0,0,24.4353,13.3864,0,1400,68264511974
120.543,8.29578,19.2683,0,47,52,0,2500,0,0,0,24.4353,13.3864,0,1400,68272807819
121.092,8.25817,19.2683,0,47,52,0,2500,0,0,0,24.4353,13.3864,0,1400,68281067120
119.305,8.38188,19.2683,0,47,52,0,2500,0,0,0,24.4353,13.3864,0,1400,68289449156
120.842,8.27526,19.2683,0,47,52,0,2500,0,0,0,24.4353,13.3864,0,1400,68297725467
118.816,8.41637,19.2683,0,47,52,0,2500,0,0,0,24.4353,13.3864,0,1400,68306142906
120.146,8.32324,19.2683,0,47,52,0,2500,0,0,0,24.4353,13.3864,0,1400,68314466443
120.793,8.27862,19.2683,0,47,52,0,2500,0,0,0,24.4353,13.3864,0,1400,68322746244
119.848,8.34388,19.2683,0,47,52,0,2500,0,0,0,24.4353,13.3864,0,1400,68331090118
120.231,8.31729,19.2683,0,47,52,0,2500,0,0,0,24.4353,13.3864,0,1400,68339408252
120.141,8.32352,19.2683,0,47,52,0,2500,0,0,0,24.4353,13.3864,0,1400,68347732051
119.234,8.38684,19.2683,0,47,52,0,2500,0,0,0,24.4353,13.3864,0,1400,68356119610
119.399,8.37528,19.2683,0,47,52,0,2500,0,0,0,24.4353,13.3864,0,1400,68364495544
120.058,8.32931,19.2683,0,47,52,0,2500,0,0,0,24.4353,13.3864,0,1400,68372824957
120.587,8.29278,19.2683,0,47,52,0,2500,0,0,0,24.4353,13.3864,0,1400,68381118564
120.438,8.303,19.2683,0,47,52,0,2500,0,0,0,24.4353,13.3864,0,1400,68389422656
119.47,8.37034,19.2683,0,47,52,0,2500,0,0,0,24.4353,13.3864,0,1400,68397793201
120.89,8.27198,19.2683,0,47,52,0,2500,0,0,0,24.4353,13.3864,0,1400,68406065717
120.364,8.30811,19.2683,0,47,52,0,2500,0,0,0,24.4353,13.3864,0,1400,68414374103
118.734,8.42222,19.2683,0,47,52,0,2500,0,0,0,24.4353,13.3864,0,1400,68422797071
120.786,8.27909,19.2683,0,47,52,0,2500,0,0,0,24.4353,13.3864,0,1400,68431076677
120.915,8.27027,19.2683,0,47,52,0,2500,0,0,0,24.4353,13.3864,0,1400,68439347682
117.32,8.52369,19.2683,0,47,52,0,2500,0,0,0,24.4353,13.3864,0,1400,68447872451
120.862,8.27389,19.2683,0,47,52,0,2500,0,0,0,24.4353,13.3864,0,1400,68456145955
121.894,8.20384,19.2683,0,47,52,0,2500,0,0,0,24.4353,13.3864,0,1400,68464350369
117.895,8.48214,19.2683,0,47,52,0,2500,0,0,0,24.4353,13.3864,0,1400,68472832798
118.738,8.4219,19.2683,0,47,52,0,2500,0,0,0,24.4353,13.3864,0,1400,68481255136
121.894,8.20382,19.2683,0,47,52,0,2500,0,0,0,24.4353,13.3864,0,1400,68489459265
118.244,8.45706,19.2683,0,47,52,0,2500,0,0,0,24.4353,13.3864,0,1400,68497916820
119.475,8.36997,19.2683,0,47,52,0,2500,0,0,0,24.4353,13.3864,0,1400,68506287129
122.153,8.18643,19.2683,0,47,52,0,2500,0,0,0,24.4353,13.3864,0,1400,68514473799
122.13,8.18799,19.2683,0,47,52,0,2500,0,0,0,24.4353,13.3864,0,1400,68522661729
119.639,8.35847,19.2683,0,47,52,0,2500,0,0,0,24.4353,13.3864,0,1400,68531021097
115.457,8.66126,19.2683,0,47,52,0,2500,0,0,0,24.4353,13.3864,0,1400,68539683716
122.566,8.15886,19.2683,0,47,52,0,2500,0,0,0,24.4353,13.3864,0,1400,68547843311
119.905,8.33994,19.2683,0,47,52,0,2500,0,0,0,24.4353,13.3864,0,1400,68556184292
119.263,8.38483,19.2683,0,47,52,0,2500,0,0,0,24.4353,13.3864,0,1400,68564569584
120.988,8.26528,19.2683,0,47,52,0,2500,0,0,0,24.4353,13.3864,0,1400,68572835325
120.904,8.27103,19.2683,0,47,52,0,2500,0,0,0,24.4353,13.3864,0,1400,68581106744
117.219,8.53106,19.2683,0,47,52,0,2500,0,0,0,24.4353,13.3864,0,1400,68589638626
122.121,8.18862,19.2683,0,47,52,0,2500,0,0,0,24.4353,13.3864,0,1400,68597827887
119.011,8.40255,19.2683,0,47,52,0,2500,0,0,0,24.4353,13.3864,0,1400,68606230531
120.865,8.27373,19.2683,0,47,52,0,2500,0,0,0,24.4353,13.3864,0,1400,68614505157
120.766,8.28049,19.2683,0,47,52,0,2500,0,0,0,24.4353,13.3864,0,1400,68622786464
118.793,8.41799,19.2683,0,47,52,0,2500,0,0,0,24.4353,13.3864,0,1400,68631204902
120.005,8.33298,19.2683,0,47,52,0,2500,0,0,0,24.4353,13.3864,0,1400,68639538592
119.484,8.36932,19.2683,0,47,52,0,2500,0,0,0,24.4353,13.3864,0,1400,68647908194
119.356,8.37833,19.2683,0,47,52,0,2500,0,0,0,24.4353,13.3864,0,1400,68656287108
118.46,8.44168,19.2683,0,47,52,0,2500,0,0,0,24.4353,13.3864,0,1400,68664728920
120.975,8.2662,19.2683,0,47,52,0,2500,0,0,0,24.4353,13.3864,0,1400,68672995412
120.584,8.29301,19.2683,0,47,52,0,2500,0,0,0,24.4353,13.3864,0,1400,68681288739
122.314,8.17567,19.2683,0,47,52,0,2500,0,0,0,24.4353,13.3864,0,1400,68689464652
117.203,8.53218,19.2683,0,47,52,0,2500,0,0,0,24.4353,13.3864,0,1400,68697997223
121.822,8.2087,19.2683,0,47,52,0,2500,0,0,0,24.4353,13.3864,0,1400,68706210508
120.982,8.26572,19.9017,0,47,52,0,2500,0,0,0,24.437,13.3864,0,1324,68714472894
119.466,8.37055,19.9017,0,47,52,0,2500,0,0,0,24.437,13.3864,0,1324,68722843336
119.496,8.36846,19.9017,0,47,52,0,2500,0,0,0,24.437,13.3864,0,1324,68731212826
121.089,8.25838,19.9017,0,47,52,0,2500,0,0,0,24.437,13.3864,0,1324,68739471039
119.218,8.38797,19.9017,0,47,52,0,2500,0,0,0,24.437,13.3864,0,1324,68747859199
122.012,8.19592,19.9017,0,47,52,0,2500,0,0,0,24.437,13.3864,0,1324,68756055328
117.344,8.52197,19.9017,0,47,52,0,2500,0,0,0,24.437,13.3864,0,1324,68764577956
122.273,8.17839,19.9017,0,47,52,0,2500,0,0,0,24.437,13.3864,0,1324,68772757419
120.099,8.32647,19.9017,0,47,52,0,2500,0,0,0,24.437,13.3864,0,1324,68781083607
116.607,8.5758,19.9017,0,47,52,0,2500,0,0,0,24.437,13.3864,0,1324,68789659735
120.968,8.26665,19.9017,0,47,52,0,2500,0,0,0,24.437,13.3864,0,1324,68797926908
122.104,8.18976,19.9017,0,47,52,0,2500,0,0,0,24.437,13.3864,0,1324,68806117037
121.291,8.24463,19.9017,0,47,52,0,2500,0,0,0,24.437,13.3864,0,1324,68814361587
117.379,8.51938,19.9017,0,47,52,0,2500,0,0,0,24.437,13.3864,0,1324,68822881741
121.285,8.24505,19.9017,0,47,52,0,2500,0,0,0,24.437,13.3864,0,1324,68831126878
119.269,8.38444,19.9017,0,47,52,0,2500,0,0,0,24.437,13.3864,0,1324,68839511698
118.539,8.43606,19.9017,0,47,52,0,2500,0,0,0,24.437,13.3864,0,1324,68847948218
120.979,8.26591,19.9017,0,47,52,0,2500,0,0,0,24.437,13.3864,0,1324,68856214299
119.149,8.39283,19.9017,0,47,52,0,2500,0,0,0,24.437,13.3864,0,1324,68864607540
119.07,8.39843,19.9017,0,47,52,0,2500,0,0,0,24.437,13.3864,0,1324,68873006465
122.502,8.16314,19.9017,0,47,52,0,2500,0,0,0,24.437,13.3864,0,1324,68881170243
118.979,8.40486,19.9017,0,47,52,0,2500,0,0,0,24.437,13.3864,0,1324,68889575120
119.22,8.38785,19.9017,0,47,52,0,2500,0,0,0,24.437,13.3864,0,1324,68897963535
122.421,8.16851,19.9017,0,47,52,0,2500,0,0,0,24.437,13.3864,0,1324,68906132487
116.515,8.58257,19.9017,0,47,52,0,2500,0,0,0,24.437,13.3864,0,1324,68914715118
122.469,8.16531,19.9017,0,47,52,0,2500,0,0,0,24.437,13.3864,0,1324,68922880646
123.173,8.11867,19.9017,0,47,52,0,2500,0,0,0,24.437,13.3864,0,1324,68931000033
118.084,8.46854,19.9017,0,47,52,0,2500,0,0,0,24.437,13.3864,0,1324,68939469058
119.46,8.37098,19.9017,0,47,52,0,2500,0,0,0,24.437,13.3864,0,1324,68947841181
121.482,8.2317,19.9017,0,47,52,0,2500,0,0,0,24.437,13.3864,0,1324,68956072722
118.486,8.43981,19.9017,0,47,52,0,2500,0,0,0,24.437,13.3864,0,1324,68964513572
120.435,8.30327,19.9017,0,47,52,0,2500,0,0,0,24.437,13.3864,0,1324,68972817815
119.775,8.34902,19.9017,0,47,52,0,2500,0,0,0,24.437,13.3864,0,1324,68981167560
117.968,8.47685,19.9017,0,47,52,0,2500,0,0,0,24.437,13.3864,0,1324,68989644655
121.205,8.25052,19.9017,0,47,52,0,2500,0,0,0,24.437,13.3864,0,1324,68997895972
121.153,8.25403,19.9017,0,47,52,0,2500,0,0,0,24.437,13.3864,0,1324,69006150547
118.834,8.41512,19.9017,0,47,52,0,2500,0,0,0,24.437,13.3864,0,1324,69014566177
119.223,8.38768,19.9017,0,47,52,0,2500,0,0,0,24.437,13.3864,0,1324,69022954256
119.143,8.39325,19.9017,0,47,52,0,2500,0,0,0,24.437,13.3864,0,1324,69031348817
120.832,8.27597,19.9017,0,47,52,0,2500,0,0,0,24.437,13.3864,0,1324,69039624677
120.346,8.30936,19.9017,0,47,52,0,2500,0,0,0,24.437,13.3864,0,1324,69047934042
121.041,8.26167,19.9017,0,47,52,0,2500,0,0,0,24.437,13.3864,0,1324,69056195819
121.693,8.21743,19.9017,0,47,52,0,2500,0,0,0,24.437,13.3864,0,1324,69064413673
118.417,8.44471,19.9017,0,47,52,0,2500,0,0,0,24.437,13.3864,0,1324,69072858739
121.893,8.20391,19.9017,0,47,52,0,2500,0,0,0,24.437,13.3864,0,1324,69081062779
117.275,8.527,19.9017,0,47,52,0,2500,0,0,0,24.437,13.3864,0,1324,69089591254
121.019,8.26319,19.9017,0,47,52,0,2500,0,0,0,24.437,13.3864,0,1324,69097855129
121.624,8.22206,19.9017,0,47,52,0,2500,0,0,0,24.437,13.3864,0,1324,69106078002
118.351,8.44947,19.9017,0,47,52,0,2500,0,0,0,24.437,13.3864,0,1324,69114527603
119.535,8.36575,19.9017,0,47,52,0,2500,0,0,0,24.437,13.3864,0,1324,69122894059
121.227,8.249,19.9017,0,47,52,0,2500,0,0,0,24.437,13.3864,0,1324,69131143374
119.36,8.37805,19.9017,0,47,52,0,2500,0,0,0,24.437,13.3864,0,1324,69139523094
118.86,8.41325,19.9017,0,47,52,0,2500,0,0,0,24.437,13.3864,0,1324,69147936304
120.203,8.31929,19.9017,0,47,52,0,2500,0,0,0,24.437,13.3864,0,1324,69156256146
121.241,8.24804,19.9017,0,47,52,0,2500,0,0,0,24.437,13.3864,0,1324,69164504482
120.265,8.31497,19.9017,0,47,52,0,2500,0,0,0,24.437,13.3864,0,1324,69172820804
119.489,8.36895,19.9017,0,47,52,0,2500,0,0,0,24.437,13.3864,0,1324,69181190644
119.991,8.33395,19.9017,0,47,52,0,2500,0,0,0,24.437,13.3864,0,1324,69189524864
119.154,8.39252,19.9017,0,47,52,0,2500,0,0,0,24.437,13.3864,0,1324,69197918466
119.615,8.36013,19.9017,0,47,52,0,2500,0,0,0,24.437,13.3864,0,1324,69206286709
117.294,8.52556,19.1542,0,46,52,0,2500,0,0,0,24.4385,13.3864,0,1500,69214804889
123.904,8.07078,19.1542,0,46,52,0,2500,0,0,0,24.4385,13.3864,0,1500,69222876721
120.335,8.31017,19.1542,0,46,52,0,2500,0,0,0,24.4385,13.3864,0,1500,69231187759
120.196,8.31976,19.1542,0,46,52,0,2500,0,0,0,24.4385,13.3864,0,1500,69239507382
119.954,8.3365,19.1542,0,46,52,0,2500,0,0,0,24.4385,13.3864,0,1500,69247844590
120.307,8.31208,19.1542,0,46,52,0,2500,0,0,0,24.4385,13.3864,0,1500,69256156613
115.928,8.62602,19.1542,0,46,52,0,2500,0,0,0,24.4385,13.3864,0,1500,69264783149
125.345,7.978,19.1542,0,46,52,0,2500,0,0,0,24.4385,13.3864,0,1500,69272762275
118.004,8.47426,19.1542,0,46,52,0,2500,0,0,0,24.4385,13.3864,0,1500,69281236870
119.577,8.36281,19.1542,0,46,52,0,2500,0,0,0,24.4385,13.3864,0,1500,69289600163
116.884,8.55552,19.1542,0,46,52,0,2500,0,0,0,24.4385,13.3864,0,1500,69298156153
123.825,8.07592,19.1542,0,46,52,0,2500,0,0,0,24.4385,13.3864,0,1500,69306233609
117.843,8.48586,19.1542,0,46,52,0,2500,0,0,0,24.4385,13.3864,0,1500,69314720301
120.293,8.31306,19.1542,0,46,52,0,2500,0,0,0,24.4385,13.3864,0,1500,69323034314
122.762,8.14585,19.1542,0,46,52,0,2500,0,0,0,24.4385,13.3864,0,1500,69331180218
120.073,8.3283,19.1542,0,46,52,0,2500,0,0,0,24.4385,13.3864,0,1500,69339508006
117.007,8.54653,19.1542,0,46,52,0,2500,0,0,0,24.4385,13.3864,0,1500,69348056427
122.585,8.15757,19.1542,0,46,52,0,2500,0,0,0,24.4385,13.3864,0,1500,69356213793
121.552,8.22693,19.1542,0,46,52,0,2500,0,0,0,24.4385,13.3864,0,1500,69364441094
117.958,8.47758,19.1542,0,46,52,0,2500,0,0,0,24.4385,13.3864,0,1500,69372919345
120.718,8.28378,19.1542,0,46,52,0,2500,0,0,0,24.4385,13.3864,0,1500,69381203815
120.208,8.31888,19.1542,0,46,52,0,2500,0,0,0,24.4385,13.3864,0,1500,69389523147
121.094,8.25808,19.1542,0,46,52,0,2500,0,0,0,24.4385,13.3864,0,1500,69397782023
120.089,8.32717,19.1542,0,46,52,0,2500,0,0,0,24.4385,13.3864,0,1500,69406110014
120.7,8.28498,19.1542,0,46,52,0,2500,0,0,0,24.4385,13.3864,0,1500,69414394600
119.518,8.36694,19.1542,0,46,52,0,2500,0,0,0,24.4385,13.3864,0,1500,69422762220
120.11,8.32573,19.1542,0,46,52,0,2500,0,0,0,24.4385,13.3864,0,1500,69431089251
118.051,8.47088,19.1542,0,46,52,0,2500,0,0,0,24.4385,13.3864,0,1500,69439560659
121.274,8.2458,19.1542,0,46,52,0,2500,0,0,0,24.4385,13.3864,0,1500,69447807039
119.645,8.35808,19.1542,0,46,52,0,2500,0,0,0,24.4385,13.3864,0,1500,69456166332
119.664,8.35675,19.1542,0,46,52,0,2500,0,0,0,24.4385,13.3864,0,1500,69464523414
120.229,8.31748,19.1542,0,46,52,0,2500,0,0,0,24.4385,13.3864,0,1500,69472841020
118.935,8.40795,19.1542,0,46,52,0,2500,0,0,0,24.4385,13.3864,0,1500,69481249498
118.539,8.43605,19.1542,0,46,52,0,2500,0,0,0,24.4385,13.3864,0,1500,69489686723
122.118,8.18878,19.1542,0,46,52,0,2500,0,0,0,24.4385,13.3864,0,1500,69497876401
119.343,8.37924,19.1542,0,46,52,0,2500,0,0,0,24.4385,13.3864,0,1500,69506256046
118.432,8.44366,19.1542,0,46,52,0,2500,0,0,0,24.4385,13.3864,0,1500,69514699911
121.327,8.24221,19.1542,0,46,52,0,2500,0,0,0,24.4385,13.3864,0,1500,69522942778
121.69,8.21762,19.1542,0,46,52,0,2500,0,0,0,24.4385,13.3864,0,1500,69531161424
118.663,8.42721,19.1542,0,46,52,0,2500,0,0,0,24.4385,13.3864,0,1500,69539589655
119.624,8.35951,19.1542,0,46,52,0,2500,0,0,0,24.4385,13.3864,0,1500,69547949396
119.541,8.36536,19.1542,0,46,52,0,2500,0,0,0,24.4385,13.3864,0,1500,69556315313
120.383,8.30684,19.1542,0,46,52,0,2500,0,0,0,24.4385,13.3864,0,1500,69564622838
120.423,8.30405,19.1542,0,46,52,0,2500,0,0,0,24.4385,13.3864,0,1500,69572927369
118.733,8.42223,19.1542,0,46,52,0,2500,0,0,0,24.4385,13.3864,0,1500,69581350248
119.964,8.33583,19.1542,0,46,52,0,2500,0,0,0,24.4385,13.3864,0,1500,69589687011
121.323,8.24245,19.1542,0,46,52,0,2500,0,0,0,24.4385,13.3864,0,1500,69597929342
119.794,8.3477,19.1542,0,46,52,0,2500,0,0,0,24.4385,13.3864,0,1500,69606278503
120.214,8.31851,19.1542,0,46,52,0,2500,0,0,0,24.4385,13.3864,0,1500,69614597338
120.077,8.32798,19.1542,0,46,52,0,2500,0,0,0,24.4385,13.3864,0,1500,69622925683
118.952,8.40673,19.1542,0,46,52,0,2500,0,0,0,24.4385,13.3864,0,1500,69631333019
121.244,8.2478,19.1542,0,46,52,0,2500,0,0,0,24.4385,13.3864,0,1500,69639581531
120.228,8.31753,19.1542,0,46,52,0,2500,0,0,0,24.4385,13.3864,0,1500,69647899636
119.693,8.35468,19.1542,0,46,52,0,2500,0,0,0,24.4385,13.3864,0,1500,69656255170
120.153,8.32274,19.1542,0,46,52,0,2500,0,0,0,24.4385,13.3864,0,1500,69664578514
118.633,8.42938,19.1542,0,46,52,0,2500,0,0,0,24.4385,13.3864,0,1500,69673008398
121.517,8.22933,19.1542,0,46,52,0,2500,0,0,0,24.4385,13.3864,0,1500,69681238182
120.755,8.28121,19.1542,0,46,52,0,2500,0,0,0,24.4385,13.3864,0,1500,69689520137
119.322,8.38069,19.1542,0,46,52,0,2500,0,0,0,24.4385,13.3864,0,1500,69697901590
120.408,8.30509,19.1542,0,46,52,0,2500,0,0,0,24.4385,13.3864,0,1500,69706206950
117.544,8.50746,19.1542,0,46,52,0,2500,0,0,0,24.4385,13.3864,0,1500,69714721171
121.639,8.22105,20.1474,0,47,53,0,2500,0,0,0,24.4421,13.3864,0,1400,69722937095
121.063,8.26013,20.1474,0,47,53,0,2500,0,0,0,24.4421,13.3864,0,1400,69731197333
118.959,8.40628,20.1474,0,47,53,0,2500,0,0,0,24.4421,13.3864,0,1400,69739604723
119.81,8.34653,20.1474,0,47,53,0,2500,0,0,0,24.4421,13.3864,0,1400,69747951756
120.185,8.32053,20.1474,0,47,53,0,2500,0,0,0,24.4421,13.3864,0,1400,69756272439
118.442,8.44294,20.1474,0,47,53,0,2500,0,0,0,24.4421,13.3864,0,1400,69764715852
122.046,8.19361,20.1474,0,47,53,0,2500,0,0,0,24.4421,13.3864,0,1400,69772910000
119.123,8.39469,20.1474,0,47,53,0,2500,0,0,0,24.4421,13.3864,0,1400,69781305150
119.646,8.35799,20.1474,0,47,53,0,2500,0,0,0,24.4421,13.3864,0,1400,69789663897
121.591,8.22426,20.1474,0,47,53,0,2500,0,0,0,24.4421,13.3864,0,1400,69797888758
121.033,8.26218,20.1474,0,47,53,0,2500,0,0,0,24.4421,13.3864,0,1400,69806151218
119.074,8.39815,20.1474,0,47,53,0,2500,0,0,0,24.4421,13.3864,0,1400,69814550121
120.671,8.28702,20.1474,0,47,53,0,2500,0,0,0,24.4421,13.3864,0,1400,69822837890
119.539,8.3655,20.1474,0,47,53,0,2500,0,0,0,24.4421,13.3864,0,1400,69831204393
120.228,8.31755,20.1474,0,47,53,0,2500,0,0,0,24.4421,13.3864,0,1400,69839522029
118.755,8.42069,20.1474,0,47,53,0,2500,0,0,0,24.4421,13.3864,0,1400,69847943332
120.555,8.295,20.1474,0,47,53,0,2500,0,0,0,24.4421,13.3864,0,1400,69856238408
119.963,8.33588,20.1474,0,47,53,0,2500,0,0,0,24.4421,13.3864,0,1400,69864574975
121.401,8.23718,20.1474,0,47,53,0,2500,0,0,0,24.4421,13.3864,0,1400,69872812800
119.703,8.35403,20.1474,0,47,53,0,2500,0,0,0,24.4421,13.3864,0,1400,69881167228
118.135,8.46492,20.1474,0,47,53,0,2500,0,0,0,24.4421,13.3864,0,1400,69889632776
121.059,8.26043,20.1474,0,47,53,0,2500,0,0,0,24.4421,13.3864,0,1400,69897894035
119.422,8.37365,20.1474,0,47,53,0,2500,0,0,0,24.4421,13.3864,0,1400,69906268247
118.426,8.44406,20.1474,0,47,53,0,2500,0,0,0,24.4421,13.3864,0,1400,69914713120
121.266,8.24632,20.1474,0,47,53,0,2500,0,0,0,24.4421,13.3864,0,1400,69922971277
121.655,8.21994,20.1474,0,47,53,0,2500,0,0,0,24.4421,13.3864,0,1400,69931180441
119.611,8.36047,20.1474,0,47,53,0,2500,0,0,0,24.4421,13.3864,0,1400,69939541776
120.005,8.33296,20.1474,0,47,53,0,2500,0,0,0,24.4421,13.3864,0,1400,69947875598
118.82,8.41612,20.1474,0,47,53,0,2500,0,0,0,24.4421,13.3864,0,1400,69956291762
122.877,8.13824,20.1474,0,47,53,0,2500,0,0,0,24.4421,13.3864,0,1400,69964429910
116.939,8.55146,20.1474,0,47,53,0,2500,0,0,0,24.4421,13.3864,0,1400,69972981794
120.771,8.28014,20.1474,0,47,53,0,2500,0,0,0,24.4421,13.3864,0,1400,69981262684
118.227,8.45833,20.1474,0,47,53,0,2500,0,0,0,24.4421,13.3864,0,1400,69989721811
119.477,8.36983,20.1474,0,47,53,0,2500,0,0,0,24.4421,13.3864,0,1400,69998092094
123.988,8.06529,20.1474,0,47,53,0,2500,0,0,0,24.4421,13.3864,0,1400,70006157822
114.826,8.70885,20.1474,0,47,53,0,2500,0,0,0,24.4421,13.3864,0,1400,70014866720
124.07,8.05998,20.1474,0,47,53,0,2500,0,0,0,24.4421,13.3864,0,1400,70022926985
119.616,8.36005,20.1474,0,47,53,0,2500,0,0,0,24.4421,13.3864,0,1400,70031287708
120.735,8.2826,20.1474,0,47,53,0,2500,0,0,0,24.4421,13.3864,0,1400,70039571222
120.209,8.31886,20.1474,0,47,53,0,2500,0,0,0,24.4421,13.3864,0,1400,70047891013
117.953,8.47798,20.1474,0,47,53,0,2500,0,0,0,24.4421,13.3864,0,1400,70056369263
120.194,8.3199,20.1474,0,47,53,0,2500,0,0,0,24.4421,13.3864,0,1400,70064689498
120.045,8.33019,20.1474,0,47,53,0,2500,0,0,0,24.4421,13.3864,0,1400,70073020689
122.696,8.15023,20.1474,0,47,53,0,2500,0,0,0,24.4421,13.3864,0,1400,70081170967
116.248,8.60229,20.1474,0,47,53,0,2500,0,0,0,24.4421,13.3864,0,1400,70089773452
118.479,8.44033,20.1474,0,47,53,0,2500,0,0,0,24.4421,13.3864,0,1400,70098214137
122.913,8.13584,20.1474,0,47,53,0,2500,0,0,0,24.4421,13.3864,0,1400,70106350944
116.187,8.60678,20.1474,0,47,53,0,2500,0,0,0,24.4421,13.3864,0,1400,70114957650
126.584,7.8999,20.1474,0,47,53,0,2500,0,0,0,24.4421,13.3864,0,1400,70122857919
118.814,8.41653,20.1474,0,47,53,0,2500,0,0,0,24.4421,13.3864,0,1400,70131275077
121.37,8.23925,20.1474,0,47,53,0,2500,0,0,0,24.4421,13.3864,0,1400,70139514692
115.171,8.68274,20.1474,0,47,53,0,2500,0,0,0,24.4421,13.3864,0,1400,70148197706
121.918,8.20221,20.1474,0,47,53,0,2500,0,0,0,24.4421,13.3864,0,1400,70156400161
121.147,8.25445,20.1474,0,47,53,0,2500,0,0,0,24.4421,13.3864,0,1400,70164655706
119.799,8.34735,20.1474,0,47,53,0,2500,0,0,0,24.4421,13.3864,0,1400,70173003558
120.867,8.27357,20.1474,0,47,53,0,2500,0,0,0,24.4421,13.3864,0,1400,70181277617
119.306,8.38183,20.1474,0,47,53,0,2500,0,0,0,24.4421,13.3864,0,1400,70189659952
119.806,8.34681,20.1474,0,47,53,0,2500,0,0,0,24.4421,13.3864,0,1400,70198007621
119.507,8.36775,20.1474,0,47,53,0,2500,0,0,0,24.4421,13.3864,0,1400,70206375918
120.796,8.2784,20.1474,0,47,53,0,2500,0,0,0,24.4421,13.3864,0,1400,70214654830
120.538,8.29613,20.1474,0,47,53,0,2500,0,0,0,24.4421,13.3864,0,1400,70222970781
120.243,8.31652,19.3154,0,47,53,0,2500,0,0,0,24.4439,13.3863,0,1300,70231268600
118.175,8.46206,19.3154,0,47,53,0,2500,0,0,0,24.4439,13.3863,0,1300,70239731098
120.947,8.26812,19.3154,0,47,53,0,2500,0,0,0,24.4439,13.3863,0,1300,70247999993
119.434,8.37283,19.3154,0,47,53,0,2500,0,0,0,24.4439,13.3863,0,1300,70256373157
119.394,8.37565,19.3154,0,47,53,0,2500,0,0,0,24.4439,13.3863,0,1300,70264749549
121.97,8.19872,19.3154,0,47,53,0,2500,0,0,0,24.4439,13.3863,0,1300,70272948915
119.754,8.35043,19.3154,0,47,53,0,2500,0,0,0,24.4439,13.3863,0,1300,70281299459
117.425,8.51609,19.3154,0,47,53,0,2500,0,0,0,24.4439,13.3863,0,1300,70289816265
126.076,7.9317,19.3154,0,47,53,0,2500,0,0,0,24.4439,13.3863,0,1300,70297747951
117.998,8.47473,19.3154,0,47,53,0,2500,0,0,0,24.4439,13.3863,0,1300,70306223427
118.434,8.4435,19.3154,0,47,53,0,2500,0,0,0,24.4439,13.3863,0,1300,70314666734
122.571,8.15856,19.3154,0,47,53,0,2500,0,0,0,24.4439,13.3863,0,1300,70322825740
119.767,8.34951,19.3154,0,47,53,0,2500,0,0,0,24.4439,13.3863,0,1300,70331176349
118.976,8.40508,19.3154,0,47,53,0,2500,0,0,0,24.4439,13.3863,0,1300,70339581245
120.406,8.30525,19.3154,0,47,53,0,2500,0,0,0,24.4439,13.3863,0,1300,70347887134
119.387,8.37612,19.3154,0,47,53,0,2500,0,0,0,24.4439,13.3863,0,1300,70356264785
121.217,8.24967,19.3154,0,47,53,0,2500,0,0,0,24.4439,13.3863,0,1300,70364514761
118.578,8.43328,19.3154,0,47,53,0,2500,0,0,0,24.4439,13.3863,0,1300,70372948590
120.148,8.32309,19.3154,0,47,53,0,2500,0,0,0,24.4439,13.3863,0,1300,70381272221
118.704,8.42434,19.3154,0,47,53,0,2500,0,0,0,24.4439,13.3863,0,1300,70389697431
118.875,8.41219,19.3154,0,47,53,0,2500,0,0,0,24.4439,13.3863,0,1300,70398110105
122.325,8.17494,19.3154,0,47,53,0,2500,0,0,0,24.4439,13.3863,0,1300,70406286132
120.872,8.27322,19.3154,0,47,53,0,2500,0,0,0,24.4439,13.3863,0,1300,70414559998
119.29,8.38295,19.3154,0,47,53,0,2500,0,0,0,24.4439,13.3863,0,1300,70422943781
118.87,8.41254,19.3154,0,47,53,0,2500,0,0,0,24.4439,13.3863,0,1300,70431356895
120.982,8.26573,19.3154,0,47,53,0,2500,0,0,0,24.4439,13.3863,0,1300,70439623413
119.649,8.35779,19.3154,0,47,53,0,2500,0,0,0,24.4439,13.3863,0,1300,70447981762
118.765,8.41998,19.3154,0,47,53,0,2500,0,0,0,24.4439,13.3863,0,1300,70456402384
121.281,8.24531,19.3154,0,47,53,0,2500,0,0,0,24.4439,13.3863,0,1300,70464648239
119.942,8.33734,19.3154,0,47,53,0,2500,0,0,0,24.4439,13.3863,0,1300,70472986202
121.518,8.22924,19.3154,0,47,53,0,2500,0,0,0,24.4439,13.3863,0,1300,70481215513
118.165,8.46272,19.3154,0,47,53,0,2500,0,0,0,24.4439,13.3863,0,1300,70489678352
119.261,8.38499,19.3154,0,47,53,0,2500,0,0,0,24.4439,13.3863,0,1300,70498063171
124.646,8.02273,19.3154,0,47,53,0,2500,0,0,0,24.4439,13.3863,0,1300,70506086038
116.152,8.60941,19.3154,0,47,53,0,2500,0,0,0,24.4439,13.3863,0,1300,70514695862
120.158,8.32238,19.3154,0,47,53,0,2500,0,0,0,24.4439,13.3863,0,1300,70523018293
122.284,8.1777,19.3154,0,47,53,0,2500,0,0,0,24.4439,13.3863,0,1300,70531197385
117.765,8.49148,19.3154,0,47,53,0,2500,0,0,0,24.4439,13.3863,0,1300,70539689073
121.068,8.25979,19.3154,0,47,53,0,2500,0,0,0,24.4439,13.3863,0,1300,70547949046
119.969,8.3355,19.3154,0,47,53,0,2500,0,0,0,24.4439,13.3863,0,1300,70556285382
117.126,8.53779,19.3154,0,47,53,0,2500,0,0,0,24.4439,13.3863,0,1300,70564823303
120.295,8.31291,19.3154,0,47,53,0,2500,0,0,0,24.4439,13.3863,0,1300,70573136428
122.553,8.15976,19.3154,0,47,53,0,2500,0,0,0,24.4439,13.3863,0,1300,70581296647
120.097,8.32658,19.3154,0,47,53,0,2500,0,0,0,24.4439,13.3863,0,1300,70589623680
116.615,8.5752,19.3154,0,47,53,0,2500,0,0,0,24.4439,13.3863,0,1300,70598199058
123.007,8.12962,19.3154,0,47,53,0,2500,0,0,0,24.4439,13.3863,0,1300,70606329352
121.609,8.22305,19.3154,0,47,53,0,2500,0,0,0,24.4439,13.3863,0,1300,70614552326
116.264,8.6011,19.3154,0,47,53,0,2500,0,0,0,24.4439,13.3863,0,1300,70623153833
124.174,8.05325,19.3154,0,47,53,0,2500,0,0,0,24.4439,13.3863,0,1300,70631207803
116.532,8.58135,19.3154,0,47,53,0,2500,0,0,0,24.4439,13.3863,0,1300,70639789394
121.686,8.21784,19.3154,0,47,53,0,2500,0,0,0,24.4439,13.3863,0,1300,70648007410
121.045,8.26141,19.3154,0,47,53,0,2500,0,0,0,24.4439,13.3863,0,1300,70656269265
117.199,8.53251,19.3154,0,47,53,0,2500,0,0,0,24.4439,13.3863,0,1300,70664801813
120.671,8.28702,19.3154,0,47,53,0,2500,0,0,0,24.4439,13.3863,0,1300,70673089000
121.391,8.23782,19.3154,0,47,53,0,2500,0,0,0,24.4439,13.3863,0,1300,70681327230
119.159,8.39214,19.3154,0,47,53,0,2500,0,0,0,24.4439,13.3863,0,1300,70689720010
122.605,8.15626,19.3154,0,47,53,0,2500,0,0,0,24.4439,13.3863,0,1300,70697877790
118.676,8.42632,19.3154,0,47,53,0,2500,0,0,0,24.4439,13.3863,0,1300,70706304427
121.317,8.24286,19.3154,0,47,53,0,2500,0,0,0,24.4439,13.3863,0,1300,70714547995
118.187,8.46113,19.3154,0,47,53,0,2500,0,0,0,24.4439,13.3863,0,1300,70723015644
118.819,8.41614,20.6468,0,47,53,0,2500,0,0,0,24.4441,13.3863,0,1401,70731426045
121.424,8.23563,20.6468,0,47,53,0,2500,0,0,0,24.4441,13.3863,0,1401,70739662303
121.856,8.20638,20.6468,0,47,53,0,2500,0,0,0,24.4441,13.3863,0,1401,70747869550
119.636,8.3587,20.6468,0,47,53,0,2500,0,0,0,24.4441,13.3863,0,1401,70756228463
119.908,8.33971,20.6468,0,47,53,0,2500,0,0,0,24.4441,13.3863,0,1401,70764568963
119.594,8.36162,20.6468,0,47,53,0,2500,0,0,0,24.4441,13.3863,0,1401,70772931356
118.184,8.46137,20.6468,0,47,53,0,2500,0,0,0,24.4441,13.3863,0,1401,70781393675
118.629,8.42963,20.6468,0,47,53,0,2500,0,0,0,24.4441,13.3863,0,1401,70789823859
122.558,8.15941,20.6468,0,47,53,0,2500,0,0,0,24.4441,13.3863,0,1401,70797983898
7.25535,137.829,20.6468,0,47,53,0,2500,0,0,0,24.4441,13.3863,0,1401,70935813801
281.549,3.55178,20.6468,0,47,53,0,2500,0,0,0,24.4441,13.3863,0,1401,70939365439
167.529,5.96911,20.6468,0,47,53,0,2500,0,0,0,24.4441,13.3863,0,1401,70945335273
120.797,8.27833,20.6468,0,47,53,0,2500,0,0,0,24.4441,13.3863,0,1401,70953613720
119.25,8.38576,20.6468,0,47,53,0,2500,0,0,0,24.4441,13.3863,0,1401,70961999665
119.964,8.33582,20.6468,0,47,53,0,2500,0,0,0,24.4441,13.3863,0,1401,70970335672
120.755,8.28124,20.6468,0,47,53,0,2500,0,0,0,24.4441,13.3863,0,1401,70978617346
118.893,8.4109,20.6468,0,47,53,0,2500,0,0,0,24.4441,13.3863,0,1401,70987029065
120.605,8.2915,20.6468,0,47,53,0,2500,0,0,0,24.4441,13.3863,0,1401,70995320475
118.751,8.42101,20.6468,0,47,53,0,2500,0,0,0,24.4441,13.3863,0,1401,71003742185
119.559,8.36409,20.6468,0,47,53,0,2500,0,0,0,24.4441,13.3863,0,1401,71012107918
120.156,8.32251,20.6468,0,47,53,0,2500,0,0,0,24.4441,13.3863,0,1401,71020430584
119.371,8.37726,20.6468,0,47,53,0,2500,0,0,0,24.4441,13.3863,0,1401,71028808829
121.776,8.21177,20.6468,0,47,53,0,2500,0,0,0,24.4441,13.3863,0,1401,71037020921
120.465,8.30117,20.6468,0,47,53,0,2500,0,0,0,24.4441,13.3863,0,1401,71045322493
119.302,8.38205,20.6468,0,47,53,0,2500,0,0,0,24.4441,13.3863,0,1401,71053705118
119.734,8.35184,20.6468,0,47,53,0,2500,0,0,0,24.4441,13.3863,0,1401,71062056488
122.571,8.15857,20.6468,0,47,53,0,2500,0,0,0,24.4441,13.3863,0,1401,71070215264
117.466,8.51313,20.6468,0,47,53,0,2500,0,0,0,24.4441,13.3863,0,1401,71078728832
120.257,8.31554,20.6468,0,47,53,0,2500,0,0,0,24.4441,13.3863,0,1401,71087044762
120.769,8.2803,20.6468,0,47,53,0,2500,0,0,0,24.4441,13.3863,0,1401,71095325243
122.078,8.19149,20.6468,0,47,53,0,2500,0,0,0,24.4441,13.3863,0,1401,71103516967
118.75,8.42107,20.6468,0,47,53,0,2500,0,0,0,24.4441,13.3863,0,1401,71111938347
118.907,8.40995,20.6468,0,47,53,0,2500,0,0,0,24.4441,13.3863,0,1401,71120349082
121.628,8.22179,20.6468,0,47,53,0,2500,0,0,0,24.4441,13.3863,0,1401,71128570912
116.131,8.61098,20.6468,0,47,53,0,2500,0,0,0,24.4441,13.3863,0,1401,71137183826
121.303,8.24381,20.6468,0,47,53,0,2500,0,0,0,24.4441,13.3863,0,1401,71145427099
122.14,8.18735,20.6468,0,47,53,0,2500,0,0,0,24.4441,13.3863,0,1401,71153614544
119.326,8.38039,20.6468,0,47,53,0,2500,0,0,0,24.4441,13.3863,0,1401,71161995274
120.75,8.28154,20.6468,0,47,53,0,2500,0,0,0,24.4441,13.3863,0,1401,71170276930
118.8,8.41753,20.6468,0,47,53,0,2500,0,0,0,24.4441,13.3863,0,1401,71178697425
119.252,8.38559,20.6468,0,47,53,0,2500,0,0,0,24.4441,13.3863,0,1401,71187082075
119.604,8.36091,20.6468,0,47,53,0,2500,0,0,0,24.4441,13.3863,0,1401,71195444153
121.094,8.25803,20.6468,0,47,53,0,2500,0,0,0,24.4441,13.3863,0,1401,71203702698
117.936,8.47917,20.6468,0,47,53,0,2500,0,0,0,24.4441,13.3863,0,1401,71212182616
121.392,8.23779,20.6468,0,47,53,0,2500,0,0,0,24.4441,13.3863,0,1401,71220421544
120.743,8.28205,20.6468,0,47,53,0,2500,0,0,0,24.4441,13.3863,0,1401,71228709152
119.369,8.37737,20.4433,0,35,53,0,2500,0,0,0,24.4505,13.3862,0,1300,71237081085
120.972,8.26639,20.4433,0,35,53,0,2500,0,0,0,24.4505,13.3862,0,1300,71245347862
119.091,8.39696,20.4433,0,35,53,0,2500,0,0,0,24.4505,13.3862,0,1300,71253746072
119.825,8.34553,20.4433,0,35,53,0,2500,0,0,0,24.4505,13.3862,0,1300,71262092097
119.778,8.34881,20.4433,0,35,53,0,2500,0,0,0,24.4505,13.3862,0,1300,71270441618
121.253,8.24721,20.4433,0,35,53,0,2500,0,0,0,24.4505,13.3862,0,1300,71278689201
119.128,8.39436,20.4433,0,35,53,0,2500,0,0,0,24.4505,13.3862,0,1300,71287084120
119.862,8.34292,20.4433,0,35,53,0,2500,0,0,0,24.4505,13.3862,0,1300,71295428402
120.134,8.32402,20.4433,0,35,53,0,2500,0,0,0,24.4505,13.3862,0,1300,71303752750
120.082,8.32767,20.4433,0,35,53,0,2500,0,0,0,24.4505,13.3862,0,1300,71312081331
119.961,8.33605,20.4433,0,35,53,0,2500,0,0,0,24.4505,13.3862,0,1300,71320417643
120.188,8.32028,20.4433,0,35,53,0,2500,0,0,0,24.4505,13.3862,0,1300,71328738659
120.153,8.32269,20.4433,0,35,53,0,2500,0,0,0,24.4505,13.3862,0,1300,71337061370
119.935,8.33786,20.4433,0,35,53,0,2500,0,0,0,24.4505,13.3862,0,1300,71345399961
120.66,8.28778,20.4433,0,35,53,0,2500,0,0,0,24.4505,13.3862,0,1300,71353689169
119.919,8.33899,20.4433,0,35,53,0,2500,0,0,0,24.4505,13.3862,0,1300,71362028022
119.976,8.335,20.4433,0,35,53,0,2500,0,0,0,24.4505,13.3862,0,1300,71370363207
119.906,8.33985,20.4433,0,35,53,0,2500,0,0,0,24.4505,13.3862,0,1300,71378703326
120.583,8.29304,20.4433,0,35,53,0,2500,0,0,0,24.4505,13.3862,0,1300,71386996548
118.635,8.42921,20.4433,0,35,53,0,2500,0,0,0,24.4505,13.3862,0,1300,71395427066
119.824,8.34558,20.4433,0,35,53,0,2500,0,0,0,24.4505,13.3862,0,1300,71403773126
120.981,8.26577,20.4433,0,35,53,0,2500,0,0,0,24.4505,13.3862,0,1300,71412039037
119.511,8.3674,20.4433,0,35,53,0,2500,0,0,0,24.4505,13.3862,0,1300,71420407032
120.586,8.29286,20.4433,0,35,53,0,2500,0,0,0,24.4505,13.3862,0,1300,71428700778
120.133,8.32408,20.4433,0,35,53,0,2500,0,0,0,24.4505,13.3862,0,1300,71437024881
119.24,8.38642,20.4433,0,35,53,0,2500,0,0,0,24.4505,13.3862,0,1300,71445412264
119.641,8.35833,20.4433,0,35,53,0,2500,0,0,0,24.4505,13.3862,0,1300,71453771974
120.175,8.32117,20.4433,0,35,53,0,2500,0,0,0,24.4505,13.3862,0,1300,71462092939
119.323,8.3806,20.4433,0,35,53,0,2500,0,0,0,24.4505,13.3862,0,1300,71470474955
121.227,8.24897,20.4433,0,35,53,0,2500,0,0,0,24.4505,13.3862,0,1300,71478723512
119.673,8.3561,20.4433,0,35,53,0,2500,0,0,0,24.4505,13.3862,0,1300,71487080364
119.085,8.39739,20.4433,0,35,53,0,2500,0,0,0,24.4505,13.3862,0,1300,71495478642
121.328,8.2421,20.4433,0,35,53,0,2500,0,0,0,24.4505,13.3862,0,1300,71503720733
119.872,8.34226,20.4433,0,35,53,0,2500,0,0,0,24.4505,13.3862,0,1300,71512063506
120.581,8.29319,20.4433,0,35,53,0,2500,0,0,0,24.4505,13.3862,0,1300,71520356335
119.38,8.3766,20.4433,0,35,53,0,2500,0,0,0,24.4505,13.3862,0,1300,71528734463
120.156,8.32254,20.4433,0,35,53,0,2500,0,0,0,24.4505,13.3862,0,1300,71537057597
120.788,8.27894,20.4433,0,35,53,0,2500,0,0,0,24.4505,13.3862,0,1300,71545336285
119.332,8.37996,20.4433,0,35,53,0,2500,0,0,0,24.4505,13.3862,0,1300,71553717455
119.194,8.3897,20.4433,0,35,53,0,2500,0,0,0,24.4505,13.3862,0,1300,71562107912
120.409,8.30501,20.4433,0,35,53,0,2500,0,0,0,24.4505,13.3862,0,1300,71570413609
119.466,8.37061,20.4433,0,35,53,0,2500,0,0,0,24.4505,13.3862,0,1300,71578784581
120.609,8.29127,20.4433,0,35,53,0,2500,0,0,0,24.4505,13.3862,0,1300,71587076298
119.925,8.33857,20.4433,0,35,53,0,2500,0,0,0,24.4505,13.3862,0,1300,71595415409
118.693,8.42509,20.4433,0,35,53,0,2500,0,0,0,24.4505,13.3862,0,1300,71603841566
119.863,8.34286,20.4433,0,35,53,0,2500,0,0,0,24.4505,13.3862,0,1300,71612185151
120.856,8.27431,20.4433,0,35,53,0,2500,0,0,0,24.4505,13.3862,0,1300,71620460533
121.26,8.24673,20.4433,0,35,53,0,2500,0,0,0,24.4505,13.3862,0,1300,71628707507
117.958,8.47762,20.4433,0,35,53,0,2500,0,0,0,24.4505,13.3862,0,1300,71637185820
118.832,8.41528,20.4433,0,35,53,0,2500,0,0,0,24.4505,13.3862,0,1300,71645601465
119.927,8.33842,20.4433,0,35,53,0,2500,0,0,0,24.4505,13.3862,0,1300,71653940540
121.011,8.26372,20.4433,0,35,53,0,2500,0,0,0,24.4505,13.3862,0,1300,71662204829
121.321,8.24259,20.4433,0,35,53,0,2500,0,0,0,24.4505,13.3862,0,1300,71670448384
118.506,8.43837,20.4433,0,35,53,0,2500,0,0,0,24.4505,13.3862,0,1300,71678886859
119.776,8.34891,20.4433,0,35,53,0,2500,0,0,0,24.4505,13.3862,0,1300,71687237062
120.839,8.27544,20.4433,0,35,53,0,2500,0,0,0,24.4505,13.3862,0,1300,71695512964
121.045,8.26142,20.4433,0,35,53,0,2500,0,0,0,24.4505,13.3862,0,1300,71703774764
119.131,8.39413,20.4433,0,35,53,0,2500,0,0,0,24.4505,13.3862,0,1300,71712169295
117.547,8.50721,20.4433,0,35,53,0,2500,0,0,0,24.4505,13.3862,0,1300,71720677338
123.034,8.12785,20.4433,0,35,53,0,2500,0,0,0,24.4505,13.3862,0,1300,71728811860
117.916,8.48058,19,0,47,53,0,2500,0,0,0,24.4517,13.3862,0,1400,71737287848
119.06,8.39909,19,0,47,53,0,2500,0,0,0,24.4517,13.3862,0,1400,71745686520
123.153,8.11996,19,0,47,53,0,2500,0,0,0,24.4517,13.3862,0,1400,71753807458
118.97,8.40551,19,0,47,53,0,2500,0,0,0,24.4517,13.3862,0,1400,71762213688
120.222,8.31797,19,0,47,53,0,2500,0,0,0,24.4517,13.3862,0,1400,71770532109
119.019,8.40201,19,0,47,53,0,2500,0,0,0,24.4517,13.3862,0,1400,71778934649
120.093,8.32691,19,0,47,53,0,2500,0,0,0,24.4517,13.3862,0,1400,71787262157
119.703,8.35404,19,0,47,53,0,2500,0,0,0,24.4517,13.3862,0,1400,71795616927
120.483,8.2999,19,0,47,53,0,2500,0,0,0,24.4517,13.3862,0,1400,71803917177
121.198,8.25099,19,0,47,53,0,2500,0,0,0,24.4517,13.3862,0,1400,71812169074
120.732,8.28284,19,0,47,53,0,2500,0,0,0,24.4517,13.3862,0,1400,71820452335
118.441,8.44304,19,0,47,53,0,2500,0,0,0,24.4517,13.3862,0,1400,71828896236
121.061,8.26028,19,0,47,53,0,2500,0,0,0,24.4517,13.3862,0,1400,71837157168
117.743,8.4931,19,0,47,53,0,2500,0,0,0,24.4517,13.3862,0,1400,71845650832
122.157,8.18621,19,0,47,53,0,2500,0,0,0,24.4517,13.3862,0,1400,71853837204
121.476,8.23209,19,0,47,53,0,2500,0,0,0,24.4517,13.3862,0,1400,71862070289
116.701,8.56888,19,0,47,53,0,2500,0,0,0,24.4517,13.3862,0,1400,71870639396
121.298,8.24413,19,0,47,53,0,2500,0,0,0,24.4517,13.3862,0,1400,71878883840
119.073,8.3982,19,0,47,53,0,2500,0,0,0,24.4517,13.3862,0,1400,71887283104
121.523,8.22887,19,0,47,53,0,2500,0,0,0,24.4517,13.3862,0,1400,71895511912
119.426,8.37339,19,0,47,53,0,2500,0,0,0,24.4517,13.3862,0,1400,71903886251
119.949,8.33687,19,0,47,53,0,2500,0,0,0,24.4517,13.3862,0,1400,71912223549
118.489,8.43962,19,0,47,53,0,2500,0,0,0,24.4517,13.3862,0,1400,71920663673
122.274,8.17832,19,0,47,53,0,2500,0,0,0,24.4517,13.3862,0,1400,71928842956
118.276,8.4548,19,0,47,53,0,2500,0,0,0,24.4517,13.3862,0,1400,71937297493
118.932,8.40818,19,0,47,53,0,2500,0,0,0,24.4517,13.3862,0,1400,71945707070
122.582,8.15783,19,0,47,53,0,2500,0,0,0,24.4517,13.3862,0,1400,71953865007
119.437,8.37259,19,0,47,53,0,2500,0,0,0,24.4517,13.3862,0,1400,71962238745
120.631,8.28977,19,0,47,53,0,2500,0,0,0,24.4517,13.3862,0,1400,71970529369
119.305,8.38191,19,0,47,53,0,2500,0,0,0,24.4517,13.3862,0,1400,71978911654
119.452,8.37158,19,0,47,53,0,2500,0,0,0,24.4517,13.3862,0,1400,71987284112
120.776,8.27977,19,0,47,53,0,2500,0,0,0,24.4517,13.3862,0,1400,71995564189
119.724,8.35252,19,0,47,53,0,2500,0,0,0,24.4517,13.3862,0,1400,72003917369
119.689,8.35499,19,0,47,53,0,2500,0,0,0,24.4517,13.3862,0,1400,72012272729
120.708,8.28447,19,0,47,53,0,2500,0,0,0,24.4517,13.3862,0,1400,72020558430
120.998,8.2646,19,0,47,53,0,2500,0,0,0,24.4517,13.3862,0,1400,72028823600
117.447,8.51448,19,0,47,53,0,2500,0,0,0,24.4517,13.3862,0,1400,72037338599
122.027,8.19491,19,0,47,53,0,2500,0,0,0,24.4517,13.3862,0,1400,72045534063
120.005,8.33295,19,0,47,53,0,2500,0,0,0,24.4517,13.3862,0,1400,72053867396
119.812,8.34638,19,0,47,53,0,2500,0,0,0,24.4517,13.3862,0,1400,72062214745
119.902,8.34013,19,0,47,53,0,2500,0,0,0,24.4517,13.3862,0,1400,72070555480
119.417,8.37401,19,0,47,53,0,2500,0,0,0,24.4517,13.3862,0,1400,72078930384
120.173,8.32131,19,0,47,53,0,2500,0,0,0,24.4517,13.3862,0,1400,72087251334
119.265,8.38466,19,0,47,53,0,2500,0,0,0,24.4517,13.3862,0,1400,72095636979
121.703,8.21676,19,0,47,53,0,2500,0,0,0,24.4517,13.3862,0,1400,72103854000
120.675,8.28672,19,0,47,53,0,2500,0,0,0,24.4517,13.3862,0,1400,72112141798
117.055,8.54298,19,0,47,53,0,2500,0,0,0,24.4517,13.3862,0,1400,72120684967
121.874,8.20516,19,0,47,53,0,2500,0,0,0,24.4517,13.3862,0,1400,72128890701
119.905,8.33997,19,0,47,53,0,2500,0,0,0,24.4517,13.3862,0,1400,72137231649
119.698,8.35433,19,0,47,53,0,2500,0,0,0,24.4517,13.3862,0,1400,72145586502
120.035,8.33089,19,0,47,53,0,2500,0,0,0,24.4517,13.3862,0,1400,72153918149
117.846,8.48563,19,0,47,53,0,2500,0,0,0,24.4517,13.3862,0,1400,72162404080
122.487,8.16414,19,0,47,53,0,2500,0,0,0,24.4517,13.3862,0,1400,72170569038
120.455,8.30186,19,0,47,53,0,2500,0,0,0,24.4517,13.3862,0,1400,72178871181
119.63,8.35913,19,0,47,53,0,2500,0,0,0,24.4517,13.3862,0,1400,72187231069
119.94,8.33751,19,0,47,53,0,2500,0,0,0,24.4517,13.3862,0,1400,72195569090
119.732,8.35196,19,0,47,53,0,2500,0,0,0,24.4517,13.3862,0,1400,72203921377
120.403,8.30544,19,0,47,53,0,2500,0,0,0,24.4517,13.3862,0,1400,72212227574
120.161,8.32216,19,0,47,53,0,2500,0,0,0,24.4517,13.3862,0,1400,72220550290
120.354,8.3088,19,0,47,53,0,2500,0,0,0,24.4517,13.3862,0,1400,72228866403
119.53,8.36611,19.403,0,47,53,0,2500,0,0,0,24.4328,13.3862,0,1500,72237226454
119.572,8.36318,19.403,0,47,53,0,2500,0,0,0,24.4328,13.3862,0,1500,72245590368
120.831,8.27605,19.403,0,47,53,0,2500,0,0,0,24.4328,13.3862,0,1500,72253866260
120.413,8.30472,19.403,0,47,53,0,2500,0,0,0,24.4328,13.3862,0,1500,72262172523
119.669,8.35642,19.403,0,47,53,0,2500,0,0,0,24.4328,13.3862,0,1500,72270529091
120.283,8.3137,19.403,0,47,53,0,2500,0,0,0,24.4328,13.3862,0,1500,72278843267
119.921,8.33884,19.403,0,47,53,0,2500,0,0,0,24.4328,13.3862,0,1500,72287182962
119.007,8.40285,19.403,0,47,53,0,2500,0,0,0,24.4328,13.3862,0,1500,72295586705
119.877,8.34185,19.403,0,47,53,0,2500,0,0,0,24.4328,13.3862,0,1500,72303929023
119.217,8.38803,19.403,0,47,53,0,2500,0,0,0,24.4328,13.3862,0,1500,72312317982
122.092,8.19054,19.403,0,47,53,0,2500,0,0,0,24.4328,13.3862,0,1500,72320508881
119.437,8.37263,19.403,0,47,53,0,2500,0,0,0,24.4328,13.3862,0,1500,72328881974
116.935,8.55176,19.403,0,47,53,0,2500,0,0,0,24.4328,13.3862,0,1500,72337433358
122.831,8.14125,19.403,0,47,53,0,2500,0,0,0,24.4328,13.3862,0,1500,72345574841
118.544,8.43571,19.403,0,47,53,0,2500,0,0,0,24.4328,13.3862,0,1500,72354010836
120.288,8.31338,19.403,0,47,53,0,2500,0,0,0,24.4328,13.3862,0,1500,72362324986
117.979,8.47606,19.403,0,47,53,0,2500,0,0,0,24.4328,13.3862,0,1500,72370800863
122.277,8.17813,19.403,0,47,53,0,2500,0,0,0,24.4328,13.3862,0,1500,72378979317
120.643,8.28889,19.403,0,47,53,0,2500,0,0,0,24.4328,13.3862,0,1500,72387268428
120.562,8.2945,19.403,0,47,53,0,2500,0,0,0,24.4328,13.3862,0,1500,72395563362
119.324,8.38052,19.403,0,47,53,0,2500,0,0,0,24.4328,13.3862,0,1500,72403944221
121.001,8.26437,19.403,0,47,53,0,2500,0,0,0,24.4328,13.3862,0,1500,72412209589
120.755,8.28121,19.403,0,47,53,0,2500,0,0,0,24.4328,13.3862,0,1500,72420491357
119.157,8.39231,19.403,0,47,53,0,2500,0,0,0,24.4328,13.3862,0,1500,72428884302
120.907,8.27081,19.403,0,47,53,0,2500,0,0,0,24.4328,13.3862,0,1500,72437155867
119.693,8.35474,19.403,0,47,53,0,2500,0,0,0,24.4328,13.3862,0,1500,72445511143
120.368,8.30786,19.403,0,47,53,0,2500,0,0,0,24.4328,13.3862,0,1500,72453819086
118.984,8.40447,19.403,0,47,53,0,2500,0,0,0,24.4328,13.3862,0,1500,72462224244
119.571,8.36326,19.403,0,47,53,0,2500,0,0,0,24.4328,13.3862,0,1500,72470588222
119.743,8.3512,19.403,0,47,53,0,2500,0,0,0,24.4328,13.3862,0,1500,72478939532
120.362,8.30826,19.403,0,47,53,0,2500,0,0,0,24.4328,13.3862,0,1500,72487248799
119.821,8.34581,19.403,0,47,53,0,2500,0,0,0,24.4328,13.3862,0,1500,72495595369
121.035,8.26208,19.403,0,47,53,0,2500,0,0,0,24.4328,13.3862,0,1500,72503858066
120.404,8.30535,19.403,0,47,53,0,2500,0,0,0,24.4328,13.3862,0,1500,72512164614
118.331,8.45084,19.403,0,47,53,0,2500,0,0,0,24.4328,13.3862,0,1500,72520615812
120.341,8.3097,19.403,0,47,53,0,2500,0,0,0,24.4328,13.3862,0,1500,72528926546
118.523,8.43718,19.403,0,47,53,0,2500,0,0,0,24.4328,13.3862,0,1500,72537364062
120.855,8.2744,19.403,0,47,53,0,2500,0,0,0,24.4328,13.3862,0,1500,72545639350
121.897,8.20366,19.403,0,47,53,0,2500,0,0,0,24.4328,13.3862,0,1500,72553843501
117.449,8.51435,19.403,0,47,53,0,2500,0,0,0,24.4328,13.3862,0,1500,72562358835
119.577,8.36283,19.403,0,47,53,0,2500,0,0,0,24.4328,13.3862,0,1500,72570721082
122.575,8.15828,19.403,0,47,53,0,2500,0,0,0,24.4328,13.3862,0,1500,72578880382
120.954,8.26758,19.403,0,47,53,0,2500,0,0,0,24.4328,13.3862,0,1500,72587148300
119.629,8.35919,19.403,0,47,53,0,2500,0,0,0,24.4328,13.3862,0,1500,72595508953
120.317,8.31138,19.403,0,47,53,0,2500,0,0,0,24.4328,13.3862,0,1500,72603820779
119.961,8.33605,19.403,0,47,53,0,2500,0,0,0,24.4328,13.3862,0,1500,72612157566
119.223,8.38765,19.403,0,47,53,0,2500,0,0,0,24.4328,13.3862,0,1500,72620545570
118.587,8.43265,19.403,0,47,53,0,2500,0,0,0,24.4328,13.3862,0,1500,72628979610
120.696,8.28531,19.403,0,47,53,0,2500,0,0,0,24.4328,13.3862,0,1500,72637265485
118.695,8.42492,19.403,0,47,53,0,2500,0,0,0,24.4328,13.3862,0,1500,72645690833
122.142,8.18719,19.403,0,47,53,0,2500,0,0,0,24.4328,13.3862,0,1500,72653878877
120.531,8.2966,19.403,0,47,53,0,2500,0,0,0,24.4328,13.3862,0,1500,72662175505
119.753,8.35052,19.403,0,47,53,0,2500,0,0,0,24.4328,13.3862,0,1500,72670526798
119.559,8.36406,19.403,0,47,53,0,2500,0,0,0,24.4328,13.3862,0,1500,72678891827
119.902,8.34012,19.403,0,47,53,0,2500,0,0,0,24.4328,13.3862,0,1500,72687237531
118.947,8.40709,19.403,0,47,53,0,2500,0,0,0,24.4328,13.3862,0,1500,72695645243
121.23,8.24877,19.403,0,47,53,0,2500,0,0,0,24.4328,13.3862,0,1500,72703894192
119.263,8.38484,19.403,0,47,53,0,2500,0,0,0,24.4328,13.3862,0,1500,72712279309
120.9,8.2713,19.403,0,47,53,0,2500,0,0,0,24.4328,13.3862,0,1500,72720550889
118.734,8.42217,19.403,0,47,53,0,2500,0,0,0,24.4328,13.3862,0,1500,72728979416
121.067,8.25991,21.0396,0,47,53,0,2500,0,0,0,24.4328,13.3862,0,1472,72737233682
118.592,8.4323,21.0396,0,47,53,0,2500,0,0,0,24.4328,13.3862,0,1472,72745666610
122.684,8.15103,21.0396,0,47,53,0,2500,0,0,0,24.4328,13.3862,0,1472,72753818452
118.225,8.45842,21.0396,0,47,53,0,2500,0,0,0,24.4328,13.3862,0,1472,72762277028
118.94,8.40763,21.0396,0,47,53,0,2500,0,0,0,24.4328,13.3862,0,1472,72770684697
120.051,8.32983,21.0396,0,47,53,0,2500,0,0,0,24.4328,13.3862,0,1472,72779014775
120.661,8.2877,21.0396,0,47,53,0,2500,0,0,0,24.4328,13.3862,0,1472,72787302703
118.582,8.43298,21.0396,0,47,53,0,2500,0,0,0,24.4328,13.3862,0,1472,72795737192
122.29,8.17729,21.0396,0,47,53,0,2500,0,0,0,24.4328,13.3862,0,1472,72803915182
120.15,8.32294,21.0396,0,47,53,0,2500,0,0,0,24.4328,13.3862,0,1472,72812238753
118.487,8.43972,21.0396,0,47,53,0,2500,0,0,0,24.4328,13.3862,0,1472,72820679032
121.934,8.20114,21.0396,0,47,53,0,2500,0,0,0,24.4328,13.3862,0,1472,72828879937
119.087,8.39722,21.0396,0,47,53,0,2500,0,0,0,24.4328,13.3862,0,1472,72837277449
119.361,8.37795,21.0396,0,47,53,0,2500,0,0,0,24.4328,13.3862,0,1472,72845656530
121.691,8.21752,21.0396,0,47,53,0,2500,0,0,0,24.4328,13.3862,0,1472,72853874733
115.018,8.69427,21.0396,0,47,53,0,2500,0,0,0,24.4328,13.3862,0,1472,72862569525
122.613,8.15577,21.0396,0,47,53,0,2500,0,0,0,24.4328,13.3862,0,1472,72870726006
122.075,8.19172,21.0396,0,47,53,0,2500,0,0,0,24.4328,13.3862,0,1472,72878918227
119.851,8.34371,21.0396,0,47,53,0,2500,0,0,0,24.4328,13.3862,0,1472,72887262204
121.896,8.2037,21.0396,0,47,53,0,2500,0,0,0,24.4328,13.3862,0,1472,72895466501
118.66,8.42745,21.0396,0,47,53,0,2500,0,0,0,24.4328,13.3862,0,1472,72903894427
119.443,8.37221,21.0396,0,47,53,0,2500,0,0,0,24.4328,13.3862,0,1472,72912267715
120.325,8.31086,21.0396,0,47,53,0,2500,0,0,0,24.4328,13.3862,0,1472,72920579599
120.167,8.32176,21.0396,0,47,53,0,2500,0,0,0,24.4328,13.3862,0,1472,72928901758
116.12,8.61175,21.0396,0,47,53,0,2500,0,0,0,24.4328,13.3862,0,1472,72937513919
122.17,8.18533,21.0396,0,47,53,0,2500,0,0,0,24.4328,13.3862,0,1472,72945700125
118.585,8.43277,21.0396,0,47,53,0,2500,0,0,0,24.4328,13.3862,0,1472,72954132592
121.655,8.21998,21.0396,0,47,53,0,2500,0,0,0,24.4328,13.3862,0,1472,72962353119
122.409,8.16936,21.0396,0,47,53,0,2500,0,0,0,24.4328,13.3862,0,1472,72970522954
117.508,8.51003,21.0396,0,47,53,0,2500,0,0,0,24.4328,13.3862,0,1472,72979033948
120.947,8.26808,21.0396,0,47,53,0,2500,0,0,0,24.4328,13.3862,0,1472,72987302661
121.085,8.25866,21.0396,0,47,53,0,2500,0,0,0,24.4328,13.3862,0,1472,72995561871
119.361,8.37794,21.0396,0,47,53,0,2500,0,0,0,24.4328,13.3862,0,1472,73003940361
117.661,8.49898,21.0396,0,47,53,0,2500,0,0,0,24.4328,13.3862,0,1472,73012440017
122.473,8.16506,21.0396,0,47,53,0,2500,0,0,0,24.4328,13.3862,0,1472,73020605401
117.478,8.5122,21.0396,0,47,53,0,2500,0,0,0,24.4328,13.3862,0,1472,73029118040
119.667,8.35649,21.0396,0,47,53,0,2500,0,0,0,24.4328,13.3862,0,1472,73037475127
120.339,8.30986,21.0396,0,47,53,0,2500,0,0,0,24.4328,13.3862,0,1472,73045785924
122.591,8.15718,21.0396,0,47,53,0,2500,0,0,0,24.4328,13.3862,0,1472,73053951378
119.093,8.39677,21.0396,0,47,53,0,2500,0,0,0,24.4328,13.3862,0,1472,73062340467
119.809,8.3466,21.0396,0,47,53,0,2500,0,0,0,24.4328,13.3862,0,1472,73070686716
123.271,8.11224,21.0396,0,47,53,0,2500,0,0,0,24.4328,13.3862,0,1472,73078799683
119.107,8.39584,21.0396,0,47,53,0,2500,0,0,0,24.4328,13.3862,0,1472,73087195760
116.705,8.56861,21.0396,0,47,53,0,2500,0,0,0,24.4328,13.3862,0,1472,73095764823
121.2,8.25081,21.0396,0,47,53,0,2500,0,0,0,24.4328,13.3862,0,1472,73104015669
120.173,8.32135,21.0396,0,47,53,0,2500,0,0,0,24.4328,13.3862,0,1472,73112337580
124.108,8.05748,21.0396,0,47,53,0,2500,0,0,0,24.4328,13.3862,0,1472,73120395382
116.075,8.61509,21.0396,0,47,53,0,2500,0,0,0,24.4328,13.3862,0,1472,73129010712
121.384,8.23831,21.0396,0,47,53,0,2500,0,0,0,24.4328,13.3862,0,1472,73137249328
119.857,8.34328,21.0396,0,47,53,0,2500,0,0,0,24.4328,13.3862,0,1472,73145593431
116.835,8.55906,21.0396,0,47,53,0,2500,0,0,0,24.4328,13.3862,0,1472,73154152631
122.215,8.18232,21.0396,0,47,53,0,2500,0,0,0,24.4328,13.3862,0,1472,73162335216
116.883,8.5556,21.0396,0,47,53,0,2500,0,0,0,24.4328,13.3862,0,1472,73170891286
125.18,7.98852,21.0396,0,47,53,0,2500,0,0,0,24.4328,13.3862,0,1472,73178879943
119.082,8.39756,21.0396,0,47,53,0,2500,0,0,0,24.4328,13.3862,0,1472,73187277807
119.596,8.36146,21.0396,0,47,53,0,2500,0,0,0,24.4328,13.3862,0,1472,73195640004
118.581,8.43305,21.0396,0,47,53,0,2500,0,0,0,24.4328,13.3862,0,1472,73204073575
122.552,8.15978,21.0396,0,47,53,0,2500,0,0,0,24.4328,13.3862,0,1472,73212233449
120.56,8.29461,21.0396,0,47,53,0,2500,0,0,0,24.4328,13.3862,0,1472,73220528188
119.228,8.38727,21.0396,0,47,53,0,2500,0,0,0,24.4328,13.3862,0,1472,73228915879
118.882,8.4117,21.0396,0,47,53,0,2500,0,0,0,24.4328,13.3862,0,1472,73237335067
120.71,8.2843,22.113,0,47,53,0,2500,0,0,0,24.4332,13.386,0,1400,73245612885
117.568,8.50569,22.113,0,47,53,0,2500,0,0,0,24.4332,13.386,0,1400,73254118640
123.455,8.10012,22.113,0,47,53,0,2500,0,0,0,24.4332,13.386,0,1400,73262219005
119.386,8.37619,22.113,0,47,53,0,2500,0,0,0,24.4332,13.386,0,1400,73270595803
118.507,8.4383,22.113,0,47,53,0,2500,0,0,0,24.4332,13.386,0,1400,73279035594
120.358,8.30853,22.113,0,47,53,0,2500,0,0,0,24.4332,13.386,0,1400,73287344387
118.606,8.43127,22.113,0,47,53,0,2500,0,0,0,24.4332,13.386,0,1400,73295776109
119.27,8.38435,22.113,0,47,53,0,2500,0,0,0,24.4332,13.386,0,1400,73304161147
122.038,8.19418,22.113,0,47,53,0,2500,0,0,0,24.4332,13.386,0,1400,73312355470
120.836,8.2757,22.113,0,47,53,0,2500,0,0,0,24.4332,13.386,0,1400,73320631322
114.388,8.74216,22.113,0,47,53,0,2500,0,0,0,24.4332,13.386,0,1400,73329374795
122.687,8.15084,22.113,0,47,53,0,2500,0,0,0,24.4332,13.386,0,1400,73337526385
120.461,8.30147,22.113,0,47,53,0,2500,0,0,0,24.4332,13.386,0,1400,73345828766
122.344,8.1737,22.113,0,47,53,0,2500,0,0,0,24.4332,13.386,0,1400,73354001880
119.377,8.37679,22.113,0,47,53,0,2500,0,0,0,24.4332,13.386,0,1400,73362379777
119.199,8.38931,22.113,0,47,53,0,2500,0,0,0,24.4332,13.386,0,1400,73370768729
123.493,8.09765,22.113,0,47,53,0,2500,0,0,0,24.4332,13.386,0,1400,73378866671
116.77,8.56388,22.113,0,47,53,0,2500,0,0,0,24.4332,13.386,0,1400,73387431683
123.114,8.12254,22.113,0,47,53,0,2500,0,0,0,24.4332,13.386,0,1400,73395553704
119.412,8.37434,22.113,0,47,53,0,2500,0,0,0,24.4332,13.386,0,1400,73403928486
120.93,8.26923,22.113,0,47,53,0,2500,0,0,0,24.4332,13.386,0,1400,73412198051
119.035,8.40088,22.113,0,47,53,0,2500,0,0,0,24.4332,13.386,0,1400,73420599848
119.36,8.37799,22.113,0,47,53,0,2500,0,0,0,24.4332,13.386,0,1400,73428977485
119.455,8.37132,22.113,0,47,53,0,2500,0,0,0,24.4332,13.386,0,1400,73437349594
119.877,8.34188,22.113,0,47,53,0,2500,0,0,0,24.4332,13.386,0,1400,73445691476
119.717,8.35307,22.113,0,47,53,0,2500,0,0,0,24.4332,13.386,0,1400,73454045313
120.913,8.27042,22.113,0,47,53,0,2500,0,0,0,24.4332,13.386,0,1400,73462316334
122.911,8.13595,22.113,0,47,53,0,2500,0,0,0,24.4332,13.386,0,1400,73470452165
119.293,8.38272,22.113,0,47,53,0,2500,0,0,0,24.4332,13.386,0,1400,73478835476
117.607,8.50287,22.113,0,47,53,0,2500,0,0,0,24.4332,13.386,0,1400,73487338948
120.191,8.32008,22.113,0,47,53,0,2500,0,0,0,24.4332,13.386,0,1400,73495659615
120.358,8.30855,22.113,0,47,53,0,2500,0,0,0,24.4332,13.386,0,1400,73503967953
120.282,8.31377,22.113,0,47,53,0,2500,0,0,0,24.4332,13.386,0,1400,73512282399
120.583,8.29303,22.113,0,47,53,0,2500,0,0,0,24.4332,13.386,0,1400,73520576445
118.406,8.4455,22.113,0,47,53,0,2500,0,0,0,24.4332,13.386,0,1400,73529023247
119.683,8.35541,22.113,0,47,53,0,2500,0,0,0,24.4332,13.386,0,1400,73537379143
119.418,8.37394,22.113,0,47,53,0,2500,0,0,0,24.4332,13.386,0,1400,73545753111
119.89,8.34101,22.113,0,47,53,0,2500,0,0,0,24.4332,13.386,0,1400,73554094626
117.362,8.52061,22.113,0,47,53,0,2500,0,0,0,24.4332,13.386,0,1400,73562615909
124.598,8.02582,22.113,0,47,53,0,2500,0,0,0,24.4332,13.386,0,1400,73570642930
119.683,8.3554,22.113,0,47,53,0,2500,0,0,0,24.4332,13.386,0,1400,73578998911
120.561,8.29457,22.113,0,47,53,0,2500,0,0,0,24.4332,13.386,0,1400,73587294284
120.181,8.32077,22.113,0,47,53,0,2500,0,0,0,24.4332,13.386,0,1400,73595614935
115.909,8.62748,22.113,0,47,53,0,2500,0,0,0,24.4332,13.386,0,1400,73604243109
122.779,8.14474,22.113,0,47,53,0,2500,0,0,0,24.4332,13.386,0,1400,73612388472
121.328,8.24212,22.113,0,47,53,0,2500,0,0,0,24.4332,13.386,0,1400,73620630591
121.336,8.24158,22.113,0,47,53,0,2500,0,0,0,24.4332,13.386,0,1400,73628872348
119.666,8.35662,22.113,0,47,53,0,2500,0,0,0,24.4332,13.386,0,1400,73637229025
118.614,8.43069,22.113,0,47,53,0,2500,0,0,0,24.4332,13.386,0,1400,73645660545
119.949,8.33686,22.113,0,47,53,0,2500,0,0,0,24.4332,13.386,0,1400,73653997580
120.176,8.32116,22.113,0,47,53,0,2500,0,0,0,24.4332,13.386,0,1400,73662318965
117.843,8.48588,22.113,0,47,53,0,2500,0,0,0,24.4332,13.386,0,1400,73670805313
123.096,8.12375,22.113,0,47,53,0,2500,0,0,0,24.4332,13.386,0,1400,73678929980
118.92,8.40899,22.113,0,47,53,0,2500,0,0,0,24.4332,13.386,0,1400,73687339866
117.316,8.52397,22.113,0,47,53,0,2500,0,0,0,24.4332,13.386,0,1400,73695863346
121.62,8.22232,22.113,0,47,53,0,2500,0,0,0,24.4332,13.386,0,1400,73704085922
121.906,8.20302,22.113,0,47,53,0,2500,0,0,0,24.4332,13.386,0,1400,73712289538
118.333,8.45072,22.113,0,47,53,0,2500,0,0,0,24.4332,13.386,0,1400,73720740591
119.463,8.3708,22.113,0,47,53,0,2500,0,0,0,24.4332,13.386,0,1400,73729113174
121.553,8.22685,22.113,0,47,53,0,2500,0,0,0,24.4332,13.386,0,1400,73737346765
120.997,8.26464,21.1443,0,47,53,0,2500,0,0,0,24.4332,13.3859,0,1500,73745604329
116.527,8.58173,21.1443,0,47,53,0,2500,0,0,0,24.4332,13.3859,0,1500,73754185943
119.782,8.34849,21.1443,0,47,53,0,2500,0,0,0,24.4332,13.3859,0,1500,73762534943
121.656,8.21992,21.1443,0,47,53,0,2500,0,0,0,24.4332,13.3859,0,1500,73770755178
118.284,8.45424,21.1443,0,47,53,0,2500,0,0,0,24.4332,13.3859,0,1500,73779210137
118.503,8.43858,21.1443,0,47,53,0,2500,0,0,0,24.4332,13.3859,0,1500,73787648893
123.305,8.10995,21.1443,0,47,53,0,2500,0,0,0,24.4332,13.3859,0,1500,73795759108
121.384,8.23831,21.1443,0,47,53,0,2500,0,0,0,24.4332,13.3859,0,1500,73803997907
122.143,8.18712,21.1443,0,47,53,0,2500,0,0,0,24.4332,13.3859,0,1500,73812185280
115.697,8.64324,21.1443,0,47,53,0,2500,0,0,0,24.4332,13.3859,0,1500,73820828797
122.645,8.15363,21.1443,0,47,53,0,2500,0,0,0,24.4332,13.3859,0,1500,73828982907
120.541,8.29593,21.1443,0,47,53,0,2500,0,0,0,24.4332,13.3859,0,1500,73837279295
116.96,8.54991,21.1443,0,47,53,0,2500,0,0,0,24.4332,13.3859,0,1500,73845830663
123.999,8.06456,21.1443,0,47,53,0,2500,0,0,0,24.4332,13.3859,0,1500,73853895361
118.933,8.40808,21.1443,0,47,53,0,2500,0,0,0,24.4332,13.3859,0,1500,73862303764
119.986,8.33432,21.1443,0,47,53,0,2500,0,0,0,24.4332,13.3859,0,1500,73870639459
119.58,8.36261,21.1443,0,47,53,0,2500,0,0,0,24.4332,13.3859,0,1500,73879002655
119.52,8.36678,21.1443,0,47,53,0,2500,0,0,0,24.4332,13.3859,0,1500,73887370142
121.062,8.2602,21.1443,0,47,53,0,2500,0,0,0,24.4332,13.3859,0,1500,73895630270
120.623,8.29031,21.1443,0,47,53,0,2500,0,0,0,24.4332,13.3859,0,1500,73903921879
118.874,8.41229,21.1443,0,47,53,0,2500,0,0,0,24.4332,13.3859,0,1500,73912334319
121.035,8.26209,21.1443,0,47,53,0,2500,0,0,0,24.4332,13.3859,0,1500,73920596677
118.175,8.46205,21.1443,0,47,53,0,2500,0,0,0,24.4332,13.3859,0,1500,73929059498
118.981,8.4047,21.1443,0,47,53,0,2500,0,0,0,24.4332,13.3859,0,1500,73937464961
121.13,8.25562,21.1443,0,47,53,0,2500,0,0,0,24.4332,13.3859,0,1500,73945721398
120.392,8.30623,21.1443,0,47,53,0,2500,0,0,0,24.4332,13.3859,0,1500,73954027691
118.643,8.42865,21.1443,0,47,53,0,2500,0,0,0,24.4332,13.3859,0,1500,73962456854
120.661,8.28767,21.1443,0,47,53,0,2500,0,0,0,24.4332,13.3859,0,1500,73970745379
121.558,8.22655,21.1443,0,47,53,0,2500,0,0,0,24.4332,13.3859,0,1500,73978972838
119.246,8.38601,21.1443,0,47,53,0,2500,0,0,0,24.4332,13.3859,0,1500,73987359136
121.116,8.25656,21.1443,0,47,53,0,2500,0,0,0,24.4332,13.3859,0,1500,73995615848
120.292,8.31312,21.1443,0,47,53,0,2500,0,0,0,24.4332,13.3859,0,1500,74003929963
118.287,8.45404,21.1443,0,47,53,0,2500,0,0,0,24.4332,13.3859,0,1500,74012384373
119.204,8.38897,21.1443,0,47,53,0,2500,0,0,0,24.4332,13.3859,0,1500,74020773983
119.053,8.39965,21.1443,0,47,53,0,2500,0,0,0,24.4332,13.3859,0,1500,74029174336
121.781,8.21149,21.1443,0,47,53,0,2500,0,0,0,24.4332,13.3859,0,1500,74037386321
120.177,8.32107,21.1443,0,47,53,0,2500,0,0,0,24.4332,13.3859,0,1500,74045707703
119.594,8.36164,21.1443,0,47,53,0,2500,0,0,0,24.4332,13.3859,0,1500,74054070307
119.335,8.37976,21.1443,0,47,53,0,2500,0,0,0,24.4332,13.3859,0,1500,74062450588
120.532,8.29654,21.1443,0,47,53,0,2500,0,0,0,24.4332,13.3859,0,1500,74070748073
119.07,8.39841,21.1443,0,47,53,0,2500,0,0,0,24.4332,13.3859,0,1500,74079146725
120.596,8.29216,21.1443,0,47,53,0,2500,0,0,0,24.4332,13.3859,0,1500,74087439237
122.513,8.1624,21.1443,0,47,53,0,2500,0,0,0,24.4332,13.3859,0,1500,74095602477
119.438,8.37255,21.1443,0,47,53,0,2500,0,0,0,24.4332,13.3859,0,1500,74103975984
119.645,8.35804,21.1443,0,47,53,0,2500,0,0,0,24.4332,13.3859,0,1500,74112335264
120.261,8.31527,21.1443,0,47,53,0,2500,0,0,0,24.4332,13.3859,0,1500,74120650141
118.905,8.4101,21.1443,0,47,53,0,2500,0,0,0,24.4332,13.3859,0,1500,74129061089
120.235,8.31702,21.1443,0,47,53,0,2500,0,0,0,24.4332,13.3859,0,1500,74137378691
120.84,8.2754,21.1443,0,47,53,0,2500,0,0,0,24.4332,13.3859,0,1500,74145655026
120.841,8.27532,21.1443,0,47,53,0,2500,0,0,0,24.4332,13.3859,0,1500,74153930917
119.133,8.39395,21.1443,0,47,53,0,2500,0,0,0,24.4332,13.3859,0,1500,74162325436
120.237,8.31688,21.1443,0,47,53,0,2500,0,0,0,24.4332,13.3859,0,1500,74170642890
118.565,8.43419,21.1443,0,47,53,0,2500,0,0,0,24.4332,13.3859,0,1500,74179077065
121.893,8.20395,21.1443,0,47,53,0,2500,0,0,0,24.4332,13.3859,0,1500,74187282206
118.766,8.41992,21.1443,0,47,53,0,2500,0,0,0,24.4332,13.3859,0,1500,74195702398
119.835,8.34482,21.1443,0,47,53,0,2500,0,0,0,24.4332,13.3859,0,1500,74204047299
119.888,8.34109,21.1443,0,47,53,0,2500,0,0,0,24.4332,13.3859,0,1500,74212389250
120.83,8.27608,21.1443,0,47,53,0,2500,0,0,0,24.4332,13.3859,0,1500,74220666269
118.291,8.45376,21.1443,0,47,53,0,2500,0,0,0,24.4332,13.3859,0,1500,74229120095
119.199,8.38936,21.1443,0,47,53,0,2500,0,0,0,24.4332,13.3859,0,1500,74237516871
121.67,8.21894,19.25,0,47,53,0,2500,0,0,0,24.4339,13.3859,0,1500,74245729668
119.582,8.36248,19.25,0,47,53,0,2500,0,0,0,24.4339,13.3859,0,1500,74254092910
121.034,8.26214,19.25,0,47,53,0,2500,0,0,0,24.4339,13.3859,0,1500,74262355810
119.589,8.36195,19.25,0,47,53,0,2500,0,0,0,24.4339,13.3859,0,1500,74270718134
122.024,8.19511,19.25,0,47,53,0,2500,0,0,0,24.4339,13.3859,0,1500,74278913270
117.018,8.54568,19.25,0,47,53,0,2500,0,0,0,24.4339,13.3859,0,1500,74287459537
123.763,8.07993,19.25,0,47,53,0,2500,0,0,0,24.4339,13.3859,0,1500,74295539223
118.384,8.44709,19.25,0,47,53,0,2500,0,0,0,24.4339,13.3859,0,1500,74303986806
118.807,8.41698,19.25,0,47,53,0,2500,0,0,0,24.4339,13.3859,0,1500,74312404715
120.538,8.29617,19.25,0,47,53,0,2500,0,0,0,24.4339,13.3859,0,1500,74320702449
120.344,8.30954,19.25,0,47,53,0,2500,0,0,0,24.4339,13.3859,0,1500,74329012054
117.511,8.50985,19.25,0,47,53,0,2500,0,0,0,24.4339,13.3859,0,1500,74337522855
121.833,8.20794,19.25,0,47,53,0,2500,0,0,0,24.4339,13.3859,0,1500,74345730962
121.219,8.24953,19.25,0,47,53,0,2500,0,0,0,24.4339,13.3859,0,1500,74353981474
116.054,8.61666,19.25,0,47,53,0,2500,0,0,0,24.4339,13.3859,0,1500,74362599178
121.623,8.22212,19.25,0,47,53,0,2500,0,0,0,24.4339,13.3859,0,1500,74370821495
119.915,8.33927,19.25,0,47,53,0,2500,0,0,0,24.4339,13.3859,0,1500,74379161274
117.134,8.53722,19.25,0,47,53,0,2500,0,0,0,24.4339,13.3859,0,1500,74387697920
125.66,7.95796,19.25,0,47,53,0,2500,0,0,0,24.4339,13.3859,0,1500,74395657991
118.906,8.41,19.25,0,47,53,0,2500,0,0,0,24.4339,13.3859,0,1500,74404068197
119.298,8.3824,19.25,0,47,53,0,2500,0,0,0,24.4339,13.3859,0,1500,74412450737
119.053,8.3996,19.25,0,47,53,0,2500,0,0,0,24.4339,13.3859,0,1500,74420851621
120.834,8.2758,19.25,0,47,53,0,2500,0,0,0,24.4339,13.3859,0,1500,74429127445
120.331,8.31038,19.25,0,47,53,0,2500,0,0,0,24.4339,13.3859,0,1500,74437438216
121.418,8.236,19.25,0,47,53,0,2500,0,0,0,24.4339,13.3859,0,1500,74445674893
119.48,8.36957,19.25,0,47,53,0,2500,0,0,0,24.4339,13.3859,0,1500,74454044099
118.243,8.45715,19.25,0,47,53,0,2500,0,0,0,24.4339,13.3859,0,1500,74462501642
123.923,8.06951,19.25,0,47,53,0,2500,0,0,0,24.4339,13.3859,0,1500,74470571570
114.194,8.75705,19.25,0,47,53,0,2500,0,0,0,24.4339,13.3859,0,1500,74479329873
123.299,8.11037,19.25,0,47,53,0,2500,0,0,0,24.4339,13.3859,0,1500,74487439945
118.86,8.41323,19.25,0,47,53,0,2500,0,0,0,24.4339,13.3859,0,1500,74495855009
122.893,8.13713,19.25,0,47,53,0,2500,0,0,0,24.4339,13.3859,0,1500,74503992349
117.114,8.5387,19.25,0,47,53,0,2500,0,0,0,24.4339,13.3859,0,1500,74512531620
122.684,8.151,19.25,0,47,53,0,2500,0,0,0,24.4339,13.3859,0,1500,74520683104
121.939,8.20082,19.25,0,47,53,0,2500,0,0,0,24.4339,13.3859,0,1500,74528883648
117.698,8.49631,19.25,0,47,53,0,2500,0,0,0,24.4339,13.3859,0,1500,74537380360
120.197,8.31965,19.25,0,47,53,0,2500,0,0,0,24.4339,13.3859,0,1500,74545701262
119.217,8.38807,19.25,0,47,53,0,2500,0,0,0,24.4339,13.3859,0,1500,74554089293
119.886,8.34126,19.25,0,47,53,0,2500,0,0,0,24.4339,13.3859,0,1500,74562431519
121.291,8.24465,19.25,0,47,53,0,2500,0,0,0,24.4339,13.3859,0,1500,74570677128
119.674,8.35606,19.25,0,47,53,0,2500,0,0,0,24.4339,13.3859,0,1500,74579033777
118.411,8.44513,19.25,0,47,53,0,2500,0,0,0,24.4339,13.3859,0,1500,74587479210
121.87,8.20548,19.25,0,47,53,0,2500,0,0,0,24.4339,13.3859,0,1500,74595685527
119.809,8.3466,19.25,0,47,53,0,2500,0,0,0,24.4339,13.3859,0,1500,74604032506
119.402,8.37509,19.25,0,47,53,0,2500,0,0,0,24.4339,13.3859,0,1500,74612408095
119.918,8.33905,19.25,0,47,53,0,2500,0,0,0,24.4339,13.3859,0,1500,74620748022
118.361,8.44874,19.25,0,47,53,0,2500,0,0,0,24.4339,13.3859,0,1500,74629197196
122.345,8.17363,19.25,0,47,53,0,2500,0,0,0,24.4339,13.3859,0,1500,74637371193
119.567,8.36349,19.25,0,47,53,0,2500,0,0,0,24.4339,13.3859,0,1500,74645734859
120.873,8.27316,19.25,0,47,53,0,2500,0,0,0,24.4339,13.3859,0,1500,74654008593
119.101,8.39624,19.25,0,47,53,0,2500,0,0,0,24.4339,13.3859,0,1500,74662405392
121.192,8.2514,19.25,0,47,53,0,2500,0,0,0,24.4339,13.3859,0,1500,74670658010
118.67,8.42675,19.25,0,47,53,0,2500,0,0,0,24.4339,13.3859,0,1500,74679084763
118.561,8.43445,19.25,0,47,53,0,2500,0,0,0,24.4339,13.3859,0,1500,74687519787
123.491,8.09777,19.25,0,47,53,0,2500,0,0,0,24.4339,13.3859,0,1500,74695617715
118.971,8.40544,19.25,0,47,53,0,2500,0,0,0,24.4339,13.3859,0,1500,74704023514
114.937,8.70043,19.25,0,47,53,0,2500,0,0,0,24.4339,13.3859,0,1500,74712724545
125.749,7.95232,19.25,0,47,53,0,2500,0,0,0,24.4339,13.3859,0,1500,74720677216
119.799,8.34734,19.25,0,47,53,0,2500,0,0,0,24.4339,13.3859,0,1500,74729024733
120.551,8.29528,19.25,0,47,53,0,2500,0,0,0,24.4339,13.3859,0,1500,74737320557
116.99,8.54771,19.25,0,47,53,0,2500,0,0,0,24.4339,13.3859,0,1500,74745873146
119.668,8.35644,20.2439,0,47,54,0,2500,0,0,0,24.4353,13.3858,0,1400,74754225379
116,8.62066,20.2439,0,47,54,0,2500,0,0,0,24.4353,13.3858,0,1400,74762846516
124.092,8.05856,20.2439,0,47,54,0,2500,0,0,0,24.4353,13.3858,0,1400,74770905619
120.85,8.27469,20.2439,0,47,54,0,2500,0,0,0,24.4353,13.3858,0,1400,74779184213
123.133,8.12129,20.2439,0,47,54,0,2500,0,0,0,24.4353,13.3858,0,1400,74787302271
117.78,8.49039,20.2439,0,47,54,0,2500,0,0,0,24.4353,13.3858,0,1400,74795794063
120.193,8.31995,20.2439,0,47,54,0,2500,0,0,0,24.4353,13.3858,0,1400,74804114547
120.715,8.28397,20.2439,0,47,54,0,2500,0,0,0,24.4353,13.3858,0,1400,74812398306
116.054,8.61666,20.2439,0,47,54,0,2500,0,0,0,24.4353,13.3858,0,1400,74821016109
125.022,7.99859,20.2439,0,47,54,0,2500,0,0,0,24.4353,13.3858,0,1400,74829014416
117.273,8.52715,20.2439,0,47,54,0,2500,0,0,0,24.4353,13.3858,0,1400,74837542909
121.146,8.2545,20.2439,0,47,54,0,2500,0,0,0,24.4353,13.3858,0,1400,74845798258
120.098,8.32654,20.2439,0,47,54,0,2500,0,0,0,24.4353,13.3858,0,1400,74854124348
117,8.54702,20.2439,0,47,54,0,2500,0,0,0,24.4353,13.3858,0,1400,74862672165
123.488,8.09795,20.2439,0,47,54,0,2500,0,0,0,24.4353,13.3858,0,1400,74870770623
119.967,8.33562,20.2439,0,47,54,0,2500,0,0,0,24.4353,13.3858,0,1400,74879106662
121.015,8.26341,20.2439,0,47,54,0,2500,0,0,0,24.4353,13.3858,0,1400,74887369764
120.105,8.32604,20.2439,0,47,54,0,2500,0,0,0,24.4353,13.3858,0,1400,74895696071
118.233,8.45787,20.2439,0,47,54,0,2500,0,0,0,24.4353,13.3858,0,1400,74904154551
119.491,8.36881,20.2439,0,47,54,0,2500,0,0,0,24.4353,13.3858,0,1400,74912523559
119.864,8.34276,20.2439,0,47,54,0,2500,0,0,0,24.4353,13.3858,0,1400,74920866462
122.168,8.18545,20.2439,0,47,54,0,2500,0,0,0,24.4353,13.3858,0,1400,74929052559
120.69,8.28571,20.2439,0,47,54,0,2500,0,0,0,24.4353,13.3858,0,1400,74937338449
118.756,8.42064,20.2439,0,47,54,0,2500,0,0,0,24.4353,13.3858,0,1400,74945759596
119.434,8.37286,20.2439,0,47,54,0,2500,0,0,0,24.4353,13.3858,0,1400,74954133240
120.884,8.27242,20.2439,0,47,54,0,2500,0,0,0,24.4353,13.3858,0,1400,74962406784
119.105,8.39594,20.2439,0,47,54,0,2500,0,0,0,24.4353,13.3858,0,1400,74970803131
119.107,8.39582,20.2439,0,47,54,0,2500,0,0,0,24.4353,13.3858,0,1400,74979199548
120.638,8.2893,20.2439,0,47,54,0,2500,0,0,0,24.4353,13.3858,0,1400,74987489114
120.201,8.3194,20.2439,0,47,54,0,2500,0,0,0,24.4353,13.3858,0,1400,74995809029
118.405,8.44557,20.2439,0,47,54,0,2500,0,0,0,24.4353,13.3858,0,1400,75004255426
122.58,8.15795,20.2439,0,47,54,0,2500,0,0,0,24.4353,13.3858,0,1400,75012413244
117.534,8.50816,20.2439,0,47,54,0,2500,0,0,0,24.4353,13.3858,0,1400,75020922731
121.508,8.2299,20.2439,0,47,54,0,2500,0,0,0,24.4353,13.3858,0,1400,75029153649
120.582,8.29309,20.2439,0,47,54,0,2500,0,0,0,24.4353,13.3858,0,1400,75037447213
119.589,8.36197,20.2439,0,47,54,0,2500,0,0,0,24.4353,13.3858,0,1400,75045809633
120.509,8.29812,20.2439,0,47,54,0,2500,0,0,0,24.4353,13.3858,0,1400,75054107668
118.714,8.42358,20.2439,0,47,54,0,2500,0,0,0,24.4353,13.3858,0,1400,75062531788
121.907,8.203,20.2439,0,47,54,0,2500,0,0,0,24.4353,13.3858,0,1400,75070735592
119.88,8.34168,20.2439,0,47,54,0,2500,0,0,0,24.4353,13.3858,0,1400,75079077255
119.463,8.37078,20.2439,0,47,54,0,2500,0,0,0,24.4353,13.3858,0,1400,75087448247
119.481,8.36956,20.2439,0,47,54,0,2500,0,0,0,24.4353,13.3858,0,1400,75095818527
118.546,8.43556,20.2439,0,47,54,0,2500,0,0,0,24.4353,13.3858,0,1400,75104254293
121.142,8.25478,20.2439,0,47,54,0,2500,0,0,0,24.4353,13.3858,0,1400,75112510180
120.087,8.32731,20.2439,0,47,54,0,2500,0,0,0,24.4353,13.3858,0,1400,75120838378
118.062,8.47012,20.2439,0,47,54,0,2500,0,0,0,24.4353,13.3858,0,1400,75129309099
122.213,8.18246,20.2439,0,47,54,0,2500,0,0,0,24.4353,13.3858,0,1400,75137491181
116.246,8.60248,20.2439,0,47,54,0,2500,0,0,0,24.4353,13.3858,0,1400,75146094350
122.013,8.19583,20.2439,0,47,54,0,2500,0,0,0,24.4353,13.3858,0,1400,75154290577
121.778,8.21169,20.2439,0,47,54,0,2500,0,0,0,24.4353,13.3858,0,1400,75162502402
122.071,8.19194,20.2439,0,47,54,0,2500,0,0,0,24.4353,13.3858,0,1400,75170694740
117.965,8.47708,20.2439,0,47,54,0,2500,0,0,0,24.4353,13.3858,0,1400,75179172662
113.976,8.77376,20.2439,0,47,54,0,2500,0,0,0,24.4353,13.3858,0,1400,75187946476
122.937,8.13425,20.2439,0,47,54,0,2500,0,0,0,24.4353,13.3858,0,1400,75196081149
126.104,7.92996,20.2439,0,47,54,0,2500,0,0,0,24.4353,13.3858,0,1400,75204011389
119.062,8.39902,20.2439,0,47,54,0,2500,0,0,0,24.4353,13.3858,0,1400,75212410747
116.344,8.5952,20.2439,0,47,54,0,2500,0,0,0,24.4353,13.3858,0,1400,75221006718
124.761,8.01532,20.2439,0,47,54,0,2500,0,0,0,24.4353,13.3858,0,1400,75229022034
117.373,8.51987,20.2439,0,47,54,0,2500,0,0,0,24.4353,13.3858,0,1400,75237542737
121.17,8.25284,20.2439,0,47,54,0,2500,0,0,0,24.4353,13.3858,0,1400,75245796520
119.571,8.36321,20.2439,0,47,54,0,2500,0,0,0,24.4353,13.3858,0,1400,75254167444
121.637,8.22121,22.113,0,47,54,0,2500,0,0,0,24.4337,13.3856,0,1400,75262381443
115.85,8.63182,22.113,0,47,54,0,2500,0,0,0,24.4337,13.3856,0,1400,75271013439
121.293,8.24453,22.113,0,47,54,0,2500,0,0,0,24.4337,13.3856,0,1400,75279258569
119.806,8.34682,22.113,0,47,54,0,2500,0,0,0,24.4337,13.3856,0,1400,75287606108
123.959,8.06718,22.113,0,47,54,0,2500,0,0,0,24.4337,13.3856,0,1400,75295673129
118.176,8.46194,22.113,0,47,54,0,2500,0,0,0,24.4337,13.3856,0,1400,75304135775
119.217,8.38803,22.113,0,47,54,0,2500,0,0,0,24.4337,13.3856,0,1400,75312524388
119.657,8.35723,22.113,0,47,54,0,2500,0,0,0,24.4337,13.3856,0,1400,75320881760
122.585,8.1576,22.113,0,47,54,0,2500,0,0,0,24.4337,13.3856,0,1400,75329040294
117.923,8.48011,22.113,0,47,54,0,2500,0,0,0,24.4337,13.3856,0,1400,75337520570
120.376,8.30733,22.113,0,47,54,0,2500,0,0,0,24.4337,13.3856,0,1400,75345828036
120.075,8.3281,22.113,0,47,54,0,2500,0,0,0,24.4337,13.3856,0,1400,75354156876
119.221,8.38776,22.113,0,47,54,0,2500,0,0,0,24.4337,13.3856,0,1400,75362544763
122.055,8.19305,22.113,0,47,54,0,2500,0,0,0,24.4337,13.3856,0,1400,75370738125
118.01,8.47387,22.113,0,47,54,0,2500,0,0,0,24.4337,13.3856,0,1400,75379212439
119.535,8.36575,22.113,0,47,54,0,2500,0,0,0,24.4337,13.3856,0,1400,75387578389
121.29,8.24473,22.113,0,47,54,0,2500,0,0,0,24.4337,13.3856,0,1400,75395823732
120.197,8.31965,22.113,0,47,54,0,2500,0,0,0,24.4337,13.3856,0,1400,75404143717
117.466,8.51313,22.113,0,47,54,0,2500,0,0,0,24.4337,13.3856,0,1400,75412657886
123.796,8.07782,22.113,0,47,54,0,2500,0,0,0,24.4337,13.3856,0,1400,75420735980
119.27,8.38437,22.113,0,47,54,0,2500,0,0,0,24.4337,13.3856,0,1400,75429121108
119.122,8.39474,22.113,0,47,54,0,2500,0,0,0,24.4337,13.3856,0,1400,75437517246
120.555,8.29497,22.113,0,47,54,0,2500,0,0,0,24.4337,13.3856,0,1400,75445812308
120.008,8.33277,22.113,0,47,54,0,2500,0,0,0,24.4337,13.3856,0,1400,75454146116
120.805,8.27778,22.113,0,47,54,0,2500,0,0,0,24.4337,13.3856,0,1400,75462424446
118.549,8.43534,22.113,0,47,54,0,2500,0,0,0,24.4337,13.3856,0,1400,75470860401
119.953,8.33663,22.113,0,47,54,0,2500,0,0,0,24.4337,13.3856,0,1400,75479197246
117.831,8.48677,22.113,0,47,54,0,2500,0,0,0,24.4337,13.3856,0,1400,75487683892
121.018,8.26325,22.113,0,47,54,0,2500,0,0,0,24.4337,13.3856,0,1400,75495947721
120.163,8.32201,22.113,0,47,54,0,2500,0,0,0,24.4337,13.3856,0,1400,75504270623
121.942,8.20065,22.113,0,47,54,0,2500,0,0,0,24.4337,13.3856,0,1400,75512471672
119.114,8.39529,22.113,0,47,54,0,2500,0,0,0,24.4337,13.3856,0,1400,75520867467
121.436,8.23481,22.113,0,47,54,0,2500,0,0,0,24.4337,13.3856,0,1400,75529103540
118.27,8.45526,22.113,0,47,54,0,2500,0,0,0,24.4337,13.3856,0,1400,75537559104
120.235,8.31707,22.113,0,47,54,0,2500,0,0,0,24.4337,13.3856,0,1400,75545876774
121.189,8.25156,22.113,0,47,54,0,2500,0,0,0,24.4337,13.3856,0,1400,75554128401
118.938,8.40773,22.113,0,47,54,0,2500,0,0,0,24.4337,13.3856,0,1400,75562537344
120.583,8.29306,22.113,0,47,54,0,2500,0,0,0,24.4337,13.3856,0,1400,75570831124
120.045,8.33024,22.113,0,47,54,0,2500,0,0,0,24.4337,13.3856,0,1400,75579162072
119.624,8.3595,22.113,0,47,54,0,2500,0,0,0,24.4337,13.3856,0,1400,75587521839
120.212,8.31864,22.113,0,47,54,0,2500,0,0,0,24.4337,13.3856,0,1400,75595840938
120.99,8.26512,22.113,0,47,54,0,2500,0,0,0,24.4337,13.3856,0,1400,75604106410
120.94,8.26857,22.113,0,47,54,0,2500,0,0,0,24.4337,13.3856,0,1400,75612376448
117.216,8.53126,22.113,0,47,54,0,2500,0,0,0,24.4337,13.3856,0,1400,75620907595
123.043,8.12727,22.113,0,47,54,0,2500,0,0,0,24.4337,13.3856,0,1400,75629035853
112.85,8.86129,22.113,0,47,54,0,2500,0,0,0,24.4337,13.3856,0,1400,75637897659
124.664,8.02159,22.113,0,47,54,0,2500,0,0,0,24.4337,13.3856,0,1400,75645918944
120.478,8.30025,22.113,0,47,54,0,2500,0,0,0,24.4337,13.3856,0,1400,75654219667
121.671,8.21887,22.113,0,47,54,0,2500,0,0,0,24.4337,13.3856,0,1400,75662439263
118.04,8.47174,22.113,0,47,54,0,2500,0,0,0,24.4337,13.3856,0,1400,75670911118
120.436,8.30318,22.113,0,47,54,0,2500,0,0,0,24.4337,13.3856,0,1400,75679214634
113.043,8.84623,22.113,0,47,54,0,2500,0,0,0,24.4337,13.3856,0,1400,75688062034
128.565,7.77817,22.113,0,47,54,0,2500,0,0,0,24.4337,13.3856,0,1400,75695840868
118.478,8.44037,22.113,0,47,54,0,2500,0,0,0,24.4337,13.3856,0,1400,75704281445
119.924,8.33858,22.113,0,47,54,0,2500,0,0,0,24.4337,13.3856,0,1400,75712620144
119.931,8.33816,22.113,0,47,54,0,2500,0,0,0,24.4337,13.3856,0,1400,75720958578
121.31,8.24336,22.113,0,47,54,0,2500,0,0,0,24.4337,13.3856,0,1400,75729202289
119.174,8.39108,22.113,0,47,54,0,2500,0,0,0,24.4337,13.3856,0,1400,75737593831
121.564,8.2261,22.113,0,47,54,0,2500,0,0,0,24.4337,13.3856,0,1400,75745820556
120.756,8.28115,22.113,0,47,54,0,2500,0,0,0,24.4337,13.3856,0,1400,75754101970
117.278,8.52671,22.113,0,47,54,0,2500,0,0,0,24.4337,13.3856,0,1400,75762633820
123.893,8.07147,22.6829,0,47,54,0,2500,0,0,0,24.4336,13.3856,0,1501,75770701244
117.513,8.50967,22.6829,0,47,54,0,2500,0,0,0,24.4336,13.3856,0,1501,75779211559
114.833,8.70828,22.6829,0,47,54,0,2500,0,0,0,24.4336,13.3856,0,1501,75787920179
126.154,7.9268,22.6829,0,47,54,0,2500,0,0,0,24.4336,13.3856,0,1501,75795847096
120.39,8.30634,22.6829,0,47,54,0,2500,0,0,0,24.4336,13.3856,0,1501,75804154470
118.68,8.42598,22.6829,0,47,54,0,2500,0,0,0,24.4336,13.3856,0,1501,75812581394
122.012,8.19591,22.6829,0,47,54,0,2500,0,0,0,24.4336,13.3856,0,1501,75820777953
118.457,8.4419,22.6829,0,47,54,0,2500,0,0,0,24.4336,13.3856,0,1501,75829220063
119.779,8.34868,22.6829,0,47,54,0,2500,0,0,0,24.4336,13.3856,0,1501,75837569490
118.764,8.42007,22.6829,0,47,54,0,2500,0,0,0,24.4336,13.3856,0,1501,75845990657
121.097,8.25782,22.6829,0,47,54,0,2500,0,0,0,24.4336,13.3856,0,1501,75854248543
118.657,8.42762,22.6829,0,47,54,0,2500,0,0,0,24.4336,13.3856,0,1501,75862676946
123.302,8.1102,22.6829,0,47,54,0,2500,0,0,0,24.4336,13.3856,0,1501,75870788031
119.067,8.39864,22.6829,0,47,54,0,2500,0,0,0,24.4336,13.3856,0,1501,75879187325
120.476,8.30039,22.6829,0,47,54,0,2500,0,0,0,24.4336,13.3856,0,1501,75887488241
120.079,8.32784,22.6829,0,47,54,0,2500,0,0,0,24.4336,13.3856,0,1501,75895816562
119.27,8.38433,22.6829,0,47,54,0,2500,0,0,0,24.4336,13.3856,0,1501,75904201659
120.309,8.31196,22.6829,0,47,54,0,2500,0,0,0,24.4336,13.3856,0,1501,75912514149
120.153,8.32269,22.6829,0,47,54,0,2500,0,0,0,24.4336,13.3856,0,1501,75920837014
120.086,8.32739,22.6829,0,47,54,0,2500,0,0,0,24.4336,13.3856,0,1501,75929164924
118.641,8.42878,22.6829,0,47,54,0,2500,0,0,0,24.4336,13.3856,0,1501,75937594603
121.751,8.2135,22.6829,0,47,54,0,2500,0,0,0,24.4336,13.3856,0,1501,75945809342
119.766,8.34962,22.6829,0,47,54,0,2500,0,0,0,24.4336,13.3856,0,1501,75954158501
118.56,8.43458,22.6829,0,47,54,0,2500,0,0,0,24.4336,13.3856,0,1501,75962594034
119.02,8.40198,22.6829,0,47,54,0,2500,0,0,0,24.4336,13.3856,0,1501,75970996325
122.228,8.18144,22.6829,0,47,54,0,2500,0,0,0,24.4336,13.3856,0,1501,75979177569
115.428,8.66339,22.6829,0,47,54,0,2500,0,0,0,24.4336,13.3856,0,1501,75987841245
124.044,8.06169,22.6829,0,47,54,0,2500,0,0,0,24.4336,13.3856,0,1501,75995903343
120.386,8.30664,22.6829,0,47,54,0,2500,0,0,0,24.4336,13.3856,0,1501,76004211475
119.565,8.36368,22.6829,0,47,54,0,2500,0,0,0,24.4336,13.3856,0,1501,76012575742
120.682,8.28622,22.6829,0,47,54,0,2500,0,0,0,24.4336,13.3856,0,1501,76020862290
119.458,8.37112,22.6829,0,47,54,0,2500,0,0,0,24.4336,13.3856,0,1501,76029234151
119.436,8.37269,22.6829,0,47,54,0,2500,0,0,0,24.4336,13.3856,0,1501,76037607538
122.195,8.18364,22.6829,0,47,54,0,2500,0,0,0,24.4336,13.3856,0,1501,76045790837
120.527,8.29688,22.6829,0,47,54,0,2500,0,0,0,24.4336,13.3856,0,1501,76054087882
117.959,8.47754,22.6829,0,47,54,0,2500,0,0,0,24.4336,13.3856,0,1501,76062566116
118.82,8.41609,22.6829,0,47,54,0,2500,0,0,0,24.4336,13.3856,0,1501,76070982653
121.304,8.24378,22.6829,0,47,54,0,2500,0,0,0,24.4336,13.3856,0,1501,76079226653
120.338,8.30994,22.6829,0,47,54,0,2500,0,0,0,24.4336,13.3856,0,1501,76087537288
118.082,8.4687,22.6829,0,47,54,0,2500,0,0,0,24.4336,13.3856,0,1501,76096006135
123.859,8.07373,22.6829,0,47,54,0,2500,0,0,0,24.4336,13.3856,0,1501,76104080353
115.447,8.66199,22.6829,0,47,54,0,2500,0,0,0,24.4336,13.3856,0,1501,76112742456
120.119,8.32507,22.6829,0,47,54,0,2500,0,0,0,24.4336,13.3856,0,1501,76121068296
118.421,8.44445,22.6829,0,47,54,0,2500,0,0,0,24.4336,13.3856,0,1501,76129512946
125.639,7.9593,22.6829,0,47,54,0,2500,0,0,0,24.4336,13.3856,0,1501,76137472593
116.973,8.54897,22.6829,0,47,54,0,2500,0,0,0,24.4336,13.3856,0,1501,76146022307
122.89,8.13736,22.6829,0,47,54,0,2500,0,0,0,24.4336,13.3856,0,1501,76154160037
118.798,8.41762,22.6829,0,47,54,0,2500,0,0,0,24.4336,13.3856,0,1501,76162577805
120.749,8.28164,22.6829,0,47,54,0,2500,0,0,0,24.4336,13.3856,0,1501,76170860241
120.805,8.27784,22.6829,0,47,54,0,2500,0,0,0,24.4336,13.3856,0,1501,76179138011
116.194,8.60632,22.6829,0,47,54,0,2500,0,0,0,24.4336,13.3856,0,1501,76187745014
120.978,8.26595,22.6829,0,47,54,0,2500,0,0,0,24.4336,13.3856,0,1501,76196010932
120.894,8.27173,22.6829,0,47,54,0,2500,0,0,0,24.4336,13.3856,0,1501,76204282904
120.916,8.27019,22.6829,0,47,54,0,2500,0,0,0,24.4336,13.3856,0,1501,76212553863
120.113,8.3255,22.6829,0,47,54,0,2500,0,0,0,24.4336,13.3856,0,1501,76220880572
120.102,8.32627,22.6829,0,47,54,0,2500,0,0,0,24.4336,13.3856,0,1501,76229206885
120.436,8.30315,22.6829,0,47,54,0,2500,0,0,0,24.4336,13.3856,0,1501,76237511185
120.529,8.29677,22.6829,0,47,54,0,2500,0,0,0,24.4336,13.3856,0,1501,76245808700
118.078,8.46897,22.6829,0,47,54,0,2500,0,0,0,24.4336,13.3856,0,1501,76254277741
120.85,8.27473,22.6829,0,47,54,0,2500,0,0,0,24.4336,13.3856,0,1501,76262553073
120.607,8.29143,22.6829,0,47,54,0,2500,0,0,0,24.4336,13.3856,0,1501,76270851202
118.713,8.42367,18.9655,0,47,54,0,2500,0,0,0,24.4338,13.3856,0,1400,76279269415
119.469,8.37036,18.9655,0,47,54,0,2500,0,0,0,24.4338,13.3856,0,1400,76287640299
121.652,8.22017,18.9655,0,47,54,0,2500,0,0,0,24.4338,13.3856,0,1400,76295860528
118.714,8.42361,18.9655,0,47,54,0,2500,0,0,0,24.4338,13.3856,0,1400,76304285496
120.994,8.26489,18.9655,0,47,54,0,2500,0,0,0,24.4338,13.3856,0,1400,76312551254
119.239,8.38653,18.9655,0,47,54,0,2500,0,0,0,24.4338,13.3856,0,1400,76320937805
120.745,8.28193,18.9655,0,47,54,0,2500,0,0,0,24.4338,13.3856,0,1400,76329220168
119.719,8.35291,18.9655,0,47,54,0,2500,0,0,0,24.4338,13.3856,0,1400,76337574132
120.221,8.31802,18.9655,0,47,54,0,2500,0,0,0,24.4338,13.3856,0,1400,76345892963
119.967,8.3356,18.9655,0,47,54,0,2500,0,0,0,24.4338,13.3856,0,1400,76354228870
119.034,8.40094,18.9655,0,47,54,0,2500,0,0,0,24.4338,13.3856,0,1400,76362630082
121.63,8.22169,18.9655,0,47,54,0,2500,0,0,0,24.4338,13.3856,0,1400,76370853177
118.929,8.40835,18.9655,0,47,54,0,2500,0,0,0,24.4338,13.3856,0,1400,76379261808
120.833,8.27587,18.9655,0,47,54,0,2500,0,0,0,24.4338,13.3856,0,1400,76387537852
119.555,8.36436,18.9655,0,47,54,0,2500,0,0,0,24.4338,13.3856,0,1400,76395903166
120.342,8.30962,18.9655,0,47,54,0,2500,0,0,0,24.4338,13.3856,0,1400,76404212745
119.392,8.3758,18.9655,0,47,54,0,2500,0,0,0,24.4338,13.3856,0,1400,76412589520
121.133,8.25537,18.9655,0,47,54,0,2500,0,0,0,24.4338,13.3856,0,1400,76420845555
118.475,8.4406,18.9655,0,47,54,0,2500,0,0,0,24.4338,13.3856,0,1400,76429286495
120.658,8.28792,18.9655,0,47,54,0,2500,0,0,0,24.4338,13.3856,0,1400,76437575344
119.981,8.33468,18.9655,0,47,54,0,2500,0,0,0,24.4338,13.3856,0,1400,76445911058
119.352,8.37858,18.9655,0,47,54,0,2500,0,0,0,24.4338,13.3856,0,1400,76454289664
118.945,8.40725,18.9655,0,47,54,0,2500,0,0,0,24.4338,13.3856,0,1400,76462697688
122.698,8.15008,18.9655,0,47,54,0,2500,0,0,0,24.4338,13.3856,0,1400,76470848724
119.385,8.37628,18.9655,0,47,54,0,2500,0,0,0,24.4338,13.3856,0,1400,76479225374
119.332,8.37996,18.9655,0,47,54,0,2500,0,0,0,24.4338,13.3856,0,1400,76487605880
121.833,8.20798,18.9655,0,47,54,0,2500,0,0,0,24.4338,13.3856,0,1400,76495814008
119.34,8.37941,18.9655,0,47,54,0,2500,0,0,0,24.4338,13.3856,0,1400,76504194023
120.473,8.30063,18.9655,0,47,54,0,2500,0,0,0,24.4338,13.3856,0,1400,76512496042
118.325,8.4513,18.9655,0,47,54,0,2500,0,0,0,24.4338,13.3856,0,1400,76520946912
121.924,8.20182,18.9655,0,47,54,0,2500,0,0,0,24.4338,13.3856,0,1400,76529150339
117.924,8.48001,18.9655,0,47,54,0,2500,0,0,0,24.4338,13.3856,0,1400,76537630402
119.411,8.37445,18.9655,0,47,54,0,2500,0,0,0,24.4338,13.3856,0,1400,76546006085
121.629,8.22175,18.9655,0,47,54,0,2500,0,0,0,24.4338,13.3856,0,1400,76554228247
120.885,8.27234,18.9655,0,47,54,0,2500,0,0,0,24.4338,13.3856,0,1400,76562501180
120.267,8.31481,18.9655,0,47,54,0,2500,0,0,0,24.4338,13.3856,0,1400,76570816395
118.606,8.43131,18.9655,0,47,54,0,2500,0,0,0,24.4338,13.3856,0,1400,76579248853
120.593,8.29234,18.9655,0,47,54,0,2500,0,0,0,24.4338,13.3856,0,1400,76587541580
113.625,8.80087,18.9655,0,47,54,0,2500,0,0,0,24.4338,13.3856,0,1400,76596342801
126.451,7.90819,18.9655,0,47,54,0,2500,0,0,0,24.4338,13.3856,0,1400,76604251641
121.639,8.22105,18.9655,0,47,54,0,2500,0,0,0,24.4338,13.3856,0,1400,76612472403
118.646,8.42841,18.9655,0,47,54,0,2500,0,0,0,24.4338,13.3856,0,1400,76620902317
121.32,8.24264,18.9655,0,47,54,0,2500,0,0,0,24.4338,13.3856,0,1400,76629145563
117.008,8.54644,18.9655,0,47,54,0,2500,0,0,0,24.4338,13.3856,0,1400,76637692386
121.77,8.21222,18.9655,0,47,54,0,2500,0,0,0,24.4338,13.3856,0,1400,76645905847
119.246,8.386,18.9655,0,47,54,0,2500,0,0,0,24.4338,13.3856,0,1400,76654292685
119.827,8.34534,18.9655,0,47,54,0,2500,0,0,0,24.4338,13.3856,0,1400,76662638086
120.688,8.28582,18.9655,0,47,54,0,2500,0,0,0,24.4338,13.3856,0,1400,76670961226
121.971,8.19867,18.9655,0,47,54,0,2500,0,0,0,24.4338,13.3856,0,1400,76679160766
119.717,8.353,18.9655,0,47,54,0,2500,0,0,0,24.4338,13.3856,0,1400,76687514152
121.1,8.25764,18.9655,0,47,54,0,2500,0,0,0,24.4338,13.3856,0,1400,76695771832
117.968,8.47688,18.9655,0,47,54,0,2500,0,0,0,24.4338,13.3856,0,1400,76704249701
120.342,8.30966,18.9655,0,47,54,0,2500,0,0,0,24.4338,13.3856,0,1400,76712559856
120.56,8.29464,18.9655,0,47,54,0,2500,0,0,0,24.4338,13.3856,0,1400,76720855058
118.725,8.42284,18.9655,0,47,54,0,2500,0,0,0,24.4338,13.3856,0,1400,76729278549
122.232,8.18116,18.9655,0,47,54,0,2500,0,0,0,24.4338,13.3856,0,1400,76737460124
115.607,8.64997,18.9655,0,47,54,0,2500,0,0,0,24.4338,13.3856,0,1400,76746110598
123.114,8.12254,18.9655,0,47,54,0,2500,0,0,0,24.4338,13.3856,0,1400,76754233254
117.642,8.50035,18.9655,0,47,54,0,2500,0,0,0,24.4338,13.3856,0,1400,76762734037
121.837,8.20768,18.9655,0,47,54,0,2500,0,0,0,24.4338,13.3856,0,1400,76770949855
120.419,8.30435,25.6858,0,47,54,0,2500,0,0,0,24.4544,13.3855,0,1400,76779247587
120.015,8.33229,25.6858,0,47,54,0,2500,0,0,0,24.4544,13.3855,0,1400,76787580523
121.218,8.2496,25.6858,0,47,54,0,2500,0,0,0,24.4544,13.3855,0,1400,76795831373
118.709,8.42393,25.6858,0,47,54,0,2500,0,0,0,24.4544,13.3855,0,1400,76804255857
121.845,8.20716,25.6858,0,47,54,0,2500,0,0,0,24.4544,13.3855,0,1400,76812463446
118.605,8.43132,25.6858,0,47,54,0,2500,0,0,0,24.4544,13.3855,0,1400,76820896378
120.24,8.31673,25.6858,0,47,54,0,2500,0,0,0,24.4544,13.3855,0,1400,76829212927
118.731,8.42243,25.6858,0,47,54,0,2500,0,0,0,24.4544,13.3855,0,1400,76837635444
119.286,8.38324,25.6858,0,47,54,0,2500,0,0,0,24.4544,13.3855,0,1400,76846019782
121.446,8.23411,25.6858,0,47,54,0,2500,0,0,0,24.4544,13.3855,0,1400,76854254438
118.882,8.41173,25.6858,0,47,54,0,2500,0,0,0,24.4544,13.3855,0,1400,76862666793
121.833,8.20793,25.6858,0,47,54,0,2500,0,0,0,24.4544,13.3855,0,1400,76870875611
117.438,8.51515,25.6858,0,47,54,0,2500,0,0,0,24.4544,13.3855,0,1400,76879391279
122.904,8.13642,25.6858,0,47,54,0,2500,0,0,0,24.4544,13.3855,0,1400,76887528039
118.955,8.40654,25.6858,0,47,54,0,2500,0,0,0,24.4544,13.3855,0,1400,76895935644
120.605,8.29151,25.6858,0,47,54,0,2500,0,0,0,24.4544,13.3855,0,1400,76904227575
119.73,8.35211,25.6858,0,47,54,0,2500,0,0,0,24.4544,13.3855,0,1400,76912580383
117.855,8.48497,25.6858,0,47,54,0,2500,0,0,0,24.4544,13.3855,0,1400,76921065043
118.312,8.45225,25.6858,0,47,54,0,2500,0,0,0,24.4544,13.3855,0,1400,76929517448
120.498,8.2989,25.6858,0,47,54,0,2500,0,0,0,24.4544,13.3855,0,1400,76937816716
124.027,8.06278,25.6858,0,47,54,0,2500,0,0,0,24.4544,13.3855,0,1400,76945880680
120.028,8.33141,25.6858,0,47,54,0,2500,0,0,0,24.4544,13.3855,0,1400,76954212463
117.894,8.48221,25.6858,0,47,54,0,2500,0,0,0,24.4544,13.3855,0,1400,76962695188
121.288,8.24483,25.6858,0,47,54,0,2500,0,0,0,24.4544,13.3855,0,1400,76970940699
120.659,8.28779,25.6858,0,47,54,0,2500,0,0,0,24.4544,13.3855,0,1400,76979229335
120.763,8.28067,25.6858,0,47,54,0,2500,0,0,0,24.4544,13.3855,0,1400,76987511402
120.285,8.31356,25.6858,0,47,54,0,2500,0,0,0,24.4544,13.3855,0,1400,76995824283
119.257,8.38527,25.6858,0,47,54,0,2500,0,0,0,24.4544,13.3855,0,1400,77004210318
117.657,8.49927,25.6858,0,47,54,0,2500,0,0,0,24.4544,13.3855,0,1400,77012710532
120.403,8.30544,25.6858,0,47,54,0,2500,0,0,0,24.4544,13.3855,0,1400,77021016373
120.039,8.33064,25.6858,0,47,54,0,2500,0,0,0,24.4544,13.3855,0,1400,77029347840
121.58,8.22503,25.6858,0,47,54,0,2500,0,0,0,24.4544,13.3855,0,1400,77037573430
119.355,8.37836,25.6858,0,47,54,0,2500,0,0,0,24.4544,13.3855,0,1400,77045952539
120.761,8.28084,25.6858,0,47,54,0,2500,0,0,0,24.4544,13.3855,0,1400,77054234135
119.18,8.39067,25.6858,0,47,54,0,2500,0,0,0,24.4544,13.3855,0,1400,77062624949
121.812,8.20936,25.6858,0,47,54,0,2500,0,0,0,24.4544,13.3855,0,1400,77070834464
118.768,8.41976,25.6858,0,47,54,0,2500,0,0,0,24.4544,13.3855,0,1400,77079254721
120.148,8.3231,25.6858,0,47,54,0,2500,0,0,0,24.4544,13.3855,0,1400,77087578818
120.751,8.2815,25.6858,0,47,54,0,2500,0,0,0,24.4544,13.3855,0,1400,77095860495
119.15,8.39276,25.6858,0,47,54,0,2500,0,0,0,24.4544,13.3855,0,1400,77104254056
121.915,8.2024,25.6858,0,47,54,0,2500,0,0,0,24.4544,13.3855,0,1400,77112457434
117.074,8.5416,25.6858,0,47,54,0,2500,0,0,0,24.4544,13.3855,0,1400,77120999464
117.436,8.5153,25.6858,0,47,54,0,2500,0,0,0,24.4544,13.3855,0,1400,77129515208
123.337,8.10784,25.6858,0,47,54,0,2500,0,0,0,24.4544,13.3855,0,1400,77137623642
119.418,8.37392,25.6858,0,47,54,0,2500,0,0,0,24.4544,13.3855,0,1400,77145998099
120.047,8.33007,25.6858,0,47,54,0,2500,0,0,0,24.4544,13.3855,0,1400,77154328753
121.355,8.24028,25.6858,0,47,54,0,2500,0,0,0,24.4544,13.3855,0,1400,77162570296
117.616,8.50225,25.6858,0,47,54,0,2500,0,0,0,24.4544,13.3855,0,1400,77171073201
120.116,8.32531,25.6858,0,47,54,0,2500,0,0,0,24.4544,13.3855,0,1400,77179398718
120.368,8.30789,25.6858,0,47,54,0,2500,0,0,0,24.4544,13.3855,0,1400,77187706860
119.956,8.33637,25.6858,0,47,54,0,2500,0,0,0,24.4544,13.3855,0,1400,77196044305
120.032,8.33112,25.6858,0,47,54,0,2500,0,0,0,24.4544,13.3855,0,1400,77204375455
119.714,8.35326,25.6858,0,47,54,0,2500,0,0,0,24.4544,13.3855,0,1400,77212729424
121.415,8.23623,25.6858,0,47,54,0,2500,0,0,0,24.4544,13.3855,0,1400,77220965869
118.562,8.4344,25.6858,0,47,54,0,2500,0,0,0,24.4544,13.3855,0,1400,77229401130
123.921,8.06968,25.6858,0,47,54,0,2500,0,0,0,24.4544,13.3855,0,1400,77237470953
109.24,9.15412,25.6858,0,47,54,0,2500,0,0,0,24.4544,13.3855,0,1400,77246626567
130.904,7.6392,25.6858,0,47,54,0,2500,0,0,0,24.4544,13.3855,0,1400,77254265712
118.615,8.43065,25.6858,0,47,54,0,2500,0,0,0,24.4544,13.3855,0,1400,77262696704
119.672,8.3562,25.6858,0,47,54,0,2500,0,0,0,24.4544,13.3855,0,1400,77271060385
122.471,8.16521,21.393,0,47,54,0,2500,0,0,0,24.4479,13.3852,0,1300,77279218339
115.554,8.65396,21.393,0,47,54,0,2500,0,0,0,24.4479,13.3852,0,1300,77287873203
123.799,8.07761,21.393,0,47,54,0,2500,0,0,0,24.4479,13.3852,0,1300,77295951293
122.281,8.1779,21.393,0,47,54,0,2500,0,0,0,24.4479,13.3852,0,1300,77304129557
115.777,8.6373,21.393,0,47,54,0,2500,0,0,0,24.4479,13.3852,0,1300,77312768148
119.467,8.37051,21.393,0,47,54,0,2500,0,0,0,24.4479,13.3852,0,1300,77321139580
118.664,8.42717,21.393,0,47,54,0,2500,0,0,0,24.4479,13.3852,0,1300,77329567034
124.755,8.01574,21.393,0,47,54,0,2500,0,0,0,24.4479,13.3852,0,1300,77337582566
118.366,8.4484,21.393,0,47,54,0,2500,0,0,0,24.4479,13.3852,0,1300,77346031324
122.713,8.14909,21.393,0,47,54,0,2500,0,0,0,24.4479,13.3852,0,1300,77354181060
115.649,8.64684,21.393,0,47,54,0,2500,0,0,0,24.4479,13.3852,0,1300,77362827846
121.792,8.2107,21.393,0,47,54,0,2500,0,0,0,24.4479,13.3852,0,1300,77371040171
120.351,8.30901,21.393,0,47,54,0,2500,0,0,0,24.4479,13.3852,0,1300,77379349686
119.683,8.3554,21.393,0,47,54,0,2500,0,0,0,24.4479,13.3852,0,1300,77387705408
119.799,8.34734,21.393,0,47,54,0,2500,0,0,0,24.4479,13.3852,0,1300,77396053943
120.311,8.31182,21.393,0,47,54,0,2500,0,0,0,24.4479,13.3852,0,1300,77404365724
120.846,8.27498,21.393,0,47,54,0,2500,0,0,0,24.4479,13.3852,0,1300,77412642091
117.367,8.52026,21.393,0,47,54,0,2500,0,0,0,24.4479,13.3852,0,1300,77421162125
121.493,8.23094,21.393,0,47,54,0,2500,0,0,0,24.4479,13.3852,0,1300,77429393007
118.113,8.46645,21.393,0,47,54,0,2500,0,0,0,24.4479,13.3852,0,1300,77437859831
122.629,8.1547,21.393,0,47,54,0,2500,0,0,0,24.4479,13.3852,0,1300,77446015223
119.725,8.3525,21.393,0,47,54,0,2500,0,0,0,24.4479,13.3852,0,1300,77454368437
121.243,8.24789,21.393,0,47,54,0,2500,0,0,0,24.4479,13.3852,0,1300,77462616381
117.199,8.53251,21.393,0,47,54,0,2500,0,0,0,24.4479,13.3852,0,1300,77471149167
121.247,8.24763,21.393,0,47,54,0,2500,0,0,0,24.4479,13.3852,0,1300,77479397405
120.891,8.27194,21.393,0,47,54,0,2500,0,0,0,24.4479,13.3852,0,1300,77487669511
118.154,8.46351,21.393,0,47,54,0,2500,0,0,0,24.4479,13.3852,0,1300,77496133154
123.513,8.09631,21.393,0,47,54,0,2500,0,0,0,24.4479,13.3852,0,1300,77504230472
118.54,8.43595,21.393,0,47,54,0,2500,0,0,0,24.4479,13.3852,0,1300,77512666987
119.88,8.34165,21.393,0,47,54,0,2500,0,0,0,24.4479,13.3852,0,1300,77521008997
118.878,8.41196,21.393,0,47,54,0,2500,0,0,0,24.4479,13.3852,0,1300,77529421983
122.521,8.16186,21.393,0,47,54,0,2500,0,0,0,24.4479,13.3852,0,1300,77537584318
118.821,8.41599,21.393,0,47,54,0,2500,0,0,0,24.4479,13.3852,0,1300,77546000677
120.815,8.27713,21.393,0,47,54,0,2500,0,0,0,24.4479,13.3852,0,1300,77554278213
120.583,8.29305,21.393,0,47,54,0,2500,0,0,0,24.4479,13.3852,0,1300,77562572070
119.997,8.33355,21.393,0,47,54,0,2500,0,0,0,24.4479,13.3852,0,1300,77570905975
119.512,8.36735,21.393,0,47,54,0,2500,0,0,0,24.4479,13.3852,0,1300,77579274039
119.49,8.36888,21.393,0,47,54,0,2500,0,0,0,24.4479,13.3852,0,1300,77587643781
119.872,8.3422,21.393,0,47,54,0,2500,0,0,0,24.4479,13.3852,0,1300,77595986763
119.29,8.38295,21.393,0,47,54,0,2500,0,0,0,24.4479,13.3852,0,1300,77604369524
120.57,8.29391,21.393,0,47,54,0,2500,0,0,0,24.4479,13.3852,0,1300,77612664217
116.482,8.585,21.393,0,47,54,0,2500,0,0,0,24.4479,13.3852,0,1300,77621249204
122.226,8.18157,21.393,0,47,54,0,2500,0,0,0,24.4479,13.3852,0,1300,77629431948
119.332,8.37995,21.393,0,47,54,0,2500,0,0,0,24.4479,13.3852,0,1300,77637812299
121.096,8.25789,21.393,0,47,54,0,2500,0,0,0,24.4479,13.3852,0,1300,77646070301
120.093,8.32686,21.393,0,47,54,0,2500,0,0,0,24.4479,13.3852,0,1300,77654397234
118.211,8.45948,21.393,0,47,54,0,2500,0,0,0,24.4479,13.3852,0,1300,77662857422
120.934,8.26895,21.393,0,47,54,0,2500,0,0,0,24.4479,13.3852,0,1300,77671126415
121.289,8.24479,21.393,0,47,54,0,2500,0,0,0,24.4479,13.3852,0,1300,77679372133
117.833,8.48658,21.393,0,47,54,0,2500,0,0,0,24.4479,13.3852,0,1300,77687859699
121.202,8.25071,21.393,0,47,54,0,2500,0,0,0,24.4479,13.3852,0,1300,77696110883
119.494,8.36864,21.393,0,47,54,0,2500,0,0,0,24.4479,13.3852,0,1300,77704480310
122.228,8.18141,21.393,0,47,54,0,2500,0,0,0,24.4479,13.3852,0,1300,77712661987
119.876,8.34197,21.393,0,47,54,0,2500,0,0,0,24.4479,13.3852,0,1300,77721004828
117.246,8.52911,21.393,0,47,54,0,2500,0,0,0,24.4479,13.3852,0,1300,77729534639
123.742,8.08134,21.393,0,47,54,0,2500,0,0,0,24.4479,13.3852,0,1300,77737617133
119.404,8.37492,21.393,0,47,54,0,2500,0,0,0,24.4479,13.3852,0,1300,77745992372
120.704,8.28476,21.393,0,47,54,0,2500,0,0,0,24.4479,13.3852,0,1300,77754277796
119.72,8.35284,21.393,0,47,54,0,2500,0,0,0,24.4479,13.3852,0,1300,77762631117
119.304,8.38196,21.393,0,47,54,0,2500,0,0,0,24.4479,13.3852,0,1300,77771014241
118.918,8.40915,21.393,0,47,54,0,2500,0,0,0,24.4479,13.3852,0,1300,77779430532
122.483,8.16443,23.7164,0,47,54,0,2500,0,0,0,24.448,13.3851,0,1465,77787587457
120.228,8.31753,23.7164,0,47,54,0,2500,0,0,0,24.448,13.3851,0,1465,77795905324
120.883,8.27249,23.7164,0,47,54,0,2500,0,0,0,24.448,13.3851,0,1465,77804178397
117.782,8.49027,23.7164,0,47,54,0,2500,0,0,0,24.448,13.3851,0,1465,77812669930
119.534,8.3658,23.7164,0,47,54,0,2500,0,0,0,24.448,13.3851,0,1465,77821036326
119.157,8.39229,23.7164,0,47,54,0,2500,0,0,0,24.448,13.3851,0,1465,77829429312
121.604,8.22345,23.7164,0,47,54,0,2500,0,0,0,24.448,13.3851,0,1465,77837653533
119.188,8.39012,23.7164,0,47,54,0,2500,0,0,0,24.448,13.3851,0,1465,77846043896
119.882,8.34156,23.7164,0,47,54,0,2500,0,0,0,24.448,13.3851,0,1465,77854386558
120.513,8.29786,23.7164,0,47,54,0,2500,0,0,0,24.448,13.3851,0,1465,77862684507
120.609,8.29129,23.7164,0,47,54,0,2500,0,0,0,24.448,13.3851,0,1465,77870976804
121.113,8.25676,23.7164,0,47,54,0,2500,0,0,0,24.448,13.3851,0,1465,77879233672
122.085,8.191,23.7164,0,47,54,0,2500,0,0,0,24.448,13.3851,0,1465,77887424694
119.433,8.37286,23.7164,0,47,54,0,2500,0,0,0,24.448,13.3851,0,1465,77895798113
117.562,8.50612,23.7164,0,47,54,0,2500,0,0,0,24.448,13.3851,0,1465,77904305404
118.691,8.42521,23.7164,0,47,54,0,2500,0,0,0,24.448,13.3851,0,1465,77912730990
119.981,8.33463,23.7164,0,47,54,0,2500,0,0,0,24.448,13.3851,0,1465,77921066665
121.593,8.22418,23.7164,0,47,54,0,2500,0,0,0,24.448,13.3851,0,1465,77929291438
121.317,8.24286,23.7164,0,47,54,0,2500,0,0,0,24.448,13.3851,0,1465,77937534137
114.935,8.70057,23.7164,0,47,54,0,2500,0,0,0,24.448,13.3851,0,1465,77946234560
124.385,8.03953,23.7164,0,47,54,0,2500,0,0,0,24.448,13.3851,0,1465,77954275013
119.354,8.37843,23.7164,0,47,54,0,2500,0,0,0,24.448,13.3851,0,1465,77962654503
121.382,8.23844,23.7164,0,47,54,0,2500,0,0,0,24.448,13.3851,0,1465,77970893110
121.28,8.2454,23.7164,0,47,54,0,2500,0,0,0,24.448,13.3851,0,1465,77979139365
118.8,8.41752,23.7164,0,47,54,0,2500,0,0,0,24.448,13.3851,0,1465,77987556802
118.351,8.44942,23.7164,0,47,54,0,2500,0,0,0,24.448,13.3851,0,1465,77996007242
119.781,8.34857,23.7164,0,47,54,0,2500,0,0,0,24.448,13.3851,0,1465,78004356585
120.518,8.29752,23.7164,0,47,54,0,2500,0,0,0,24.448,13.3851,0,1465,78012653642
119.253,8.38554,23.7164,0,47,54,0,2500,0,0,0,24.448,13.3851,0,1465,78021040950
122.535,8.16097,23.7164,0,47,54,0,2500,0,0,0,24.448,13.3851,0,1465,78029201288
118.615,8.43061,23.7164,0,47,54,0,2500,0,0,0,24.448,13.3851,0,1465,78037632862
119.836,8.34474,23.7164,0,47,54,0,2500,0,0,0,24.448,13.3851,0,1465,78045978623
118.461,8.4416,23.7164,0,47,54,0,2500,0,0,0,24.448,13.3851,0,1465,78054421609
120.067,8.32868,23.7164,0,47,54,0,2500,0,0,0,24.448,13.3851,0,1465,78062748887
120.332,8.31034,23.7164,0,47,54,0,2500,0,0,0,24.448,13.3851,0,1465,78071059975
119.255,8.38541,23.7164,0,47,54,0,2500,0,0,0,24.448,13.3851,0,1465,78079446576
123.361,8.1063,23.7164,0,47,54,0,2500,0,0,0,24.448,13.3851,0,1465,78087552678
120.953,8.26766,23.7164,0,47,54,0,2500,0,0,0,24.448,13.3851,0,1465,78095820782
119.337,8.37964,23.7164,0,47,54,0,2500,0,0,0,24.448,13.3851,0,1465,78104200218
120.09,8.32709,23.7164,0,47,54,0,2500,0,0,0,24.448,13.3851,0,1465,78112527491
118.358,8.44893,23.7164,0,47,54,0,2500,0,0,0,24.448,13.3851,0,1465,78120977262
118.232,8.45797,23.7164,0,47,54,0,2500,0,0,0,24.448,13.3851,0,1465,78129436163
123.09,8.12414,23.7164,0,47,54,0,2500,0,0,0,24.448,13.3851,0,1465,78137559690
119.349,8.37879,23.7164,0,47,54,0,2500,0,0,0,24.448,13.3851,0,1465,78145938419
121.682,8.21815,23.7164,0,47,54,0,2500,0,0,0,24.448,13.3851,0,1465,78154156512
119.955,8.33649,23.7164,0,47,54,0,2500,0,0,0,24.448,13.3851,0,1465,78162493903
121.256,8.24699,23.7164,0,47,54,0,2500,0,0,0,24.448,13.3851,0,1465,78170740406
116.47,8.5859,23.7164,0,47,54,0,2500,0,0,0,24.448,13.3851,0,1465,78179327598
120.906,8.2709,23.7164,0,47,54,0,2500,0,0,0,24.448,13.3851,0,1465,78187598539
120.683,8.2862,23.7164,0,47,54,0,2500,0,0,0,24.448,13.3851,0,1465,78195884843
119.374,8.37701,23.7164,0,47,54,0,2500,0,0,0,24.448,13.3851,0,1465,78204263035
121.524,8.22881,23.7164,0,47,54,0,2500,0,0,0,24.448,13.3851,0,1465,78212492423
120.217,8.31828,23.7164,0,47,54,0,2500,0,0,0,24.448,13.3851,0,1465,78220810906
117.978,8.47618,23.7164,0,47,54,0,2500,0,0,0,24.448,13.3851,0,1465,78229288009
121.864,8.20584,23.7164,0,47,54,0,2500,0,0,0,24.448,13.3851,0,1465,78237493879
120.19,8.32015,23.7164,0,47,54,0,2500,0,0,0,24.448,13.3851,0,1465,78245814726
119.808,8.34669,23.7164,0,47,54,0,2500,0,0,0,24.448,13.3851,0,1465,78254161493
120.736,8.28257,23.7164,0,47,54,0,2500,0,0,0,24.448,13.3851,0,1465,78262444514
119.355,8.37839,23.7164,0,47,54,0,2500,0,0,0,24.448,13.3851,0,1465,78270823407
119.937,8.33771,23.7164,0,47,54,0,2500,0,0,0,24.448,13.3851,0,1465,78279161920
120.359,8.3085,23.7164,0,47,54,0,2500,0,0,0,24.448,13.3851,0,1465,78287476491
119.228,8.38726,28.5714,0,48,54,0,2500,0,0,0,24.6299,13.3849,0,3170,78295858496
120.716,8.28391,28.5714,0,48,54,0,2500,0,0,0,24.6299,13.3849,0,3170,78304143120
119.326,8.38041,28.5714,0,48,54,0,2500,0,0,0,24.6299,13.3849,0,3170,78312523923
120.903,8.27111,28.5714,0,48,54,0,2500,0,0,0,24.6299,13.3849,0,3170,78320795607
119.993,8.33382,28.5714,0,48,54,0,2500,0,0,0,24.6299,13.3849,0,3170,78329129703
119.727,8.35231,28.5714,0,48,54,0,2500,0,0,0,24.6299,13.3849,0,3170,78337482641
118.317,8.45185,28.5714,0,48,54,0,2500,0,0,0,24.6299,13.3849,0,3170,78345935852
119.148,8.39292,28.5714,0,48,54,0,2500,0,0,0,24.6299,13.3849,0,3170,78354328834
122.481,8.16451,28.5714,0,48,54,0,2500,0,0,0,24.6299,13.3849,0,3170,78362493326
120.121,8.32497,28.5714,0,48,54,0,2500,0,0,0,24.6299,13.3849,0,3170,78370819302
117.112,8.53887,28.5714,0,48,54,0,2500,0,0,0,24.6299,13.3849,0,3170,78379358387
122.789,8.14402,28.5714,0,48,54,0,2500,0,0,0,24.6299,13.3849,0,3170,78387502420
119.598,8.36135,28.5714,0,48,54,0,2500,0,0,0,24.6299,13.3849,0,3170,78395864231
118.283,8.45429,28.5714,0,48,54,0,2500,0,0,0,24.6299,13.3849,0,3170,78404319274
120.434,8.30332,28.5714,0,48,54,0,2500,0,0,0,24.6299,13.3849,0,3170,78412623303
118.326,8.45122,28.5714,0,48,54,0,2500,0,0,0,24.6299,13.3849,0,3170,78421075361
121.506,8.23003,28.5714,0,48,54,0,2500,0,0,0,24.6299,13.3849,0,3170,78429305964
118.26,8.45592,28.5714,0,48,54,0,2500,0,0,0,24.6299,13.3849,0,3170,78437762141
120.753,8.28136,28.5714,0,48,54,0,2500,0,0,0,24.6299,13.3849,0,3170,78446044068
119.884,8.34141,28.5714,0,48,54,0,2500,0,0,0,24.6299,13.3849,0,3170,78454386060
120.4,8.30568,28.5714,0,48,54,0,2500,0,0,0,24.6299,13.3849,0,3170,78462692552
119.674,8.35605,28.5714,0,48,54,0,2500,0,0,0,24.6299,13.3849,0,3170,78471049762
120.907,8.27084,28.5714,0,48,54,0,2500,0,0,0,24.6299,13.3849,0,3170,78479321200
120.196,8.31976,28.5714,0,48,54,0,2500,0,0,0,24.6299,13.3849,0,3170,78487640773
117.138,8.53694,28.5714,0,48,54,0,2500,0,0,0,24.6299,13.3849,0,3170,78496178452
116.095,8.61365,28.5714,0,48,54,0,2500,0,0,0,24.6299,13.3849,0,3170,78504792013
122.627,8.15483,28.5714,0,48,54,0,2500,0,0,0,24.6299,13.3849,0,3170,78512946823
123.016,8.12903,28.5714,0,48,54,0,2500,0,0,0,24.6299,13.3849,0,3170,78521077765
120.347,8.30934,28.5714,0,48,54,0,2500,0,0,0,24.6299,13.3849,0,3170,78529386883
119.258,8.38521,28.5714,0,48,54,0,2500,0,0,0,24.6299,13.3849,0,3170,78537772704
118.995,8.40375,28.5714,0,48,54,0,2500,0,0,0,24.6299,13.3849,0,3170,78546177439
123.945,8.06809,28.5714,0,48,54,0,2500,0,0,0,24.6299,13.3849,0,3170,78554245743
119.96,8.3361,28.5714,0,48,54,0,2500,0,0,0,24.6299,13.3849,0,3170,78562581420
119.796,8.34754,28.5714,0,48,54,0,2500,0,0,0,24.6299,13.3849,0,3170,78570929527
115.543,8.65478,28.5714,0,48,54,0,2500,0,0,0,24.6299,13.3849,0,3170,78579585650
122.212,8.1825,28.5714,0,48,54,0,2500,0,0,0,24.6299,13.3849,0,3170,78587768493
120.986,8.26539,28.5714,0,48,54,0,2500,0,0,0,24.6299,13.3849,0,3170,78596034703
120.408,8.30507,28.5714,0,48,54,0,2500,0,0,0,24.6299,13.3849,0,3170,78604339735
119.629,8.35918,28.5714,0,48,54,0,2500,0,0,0,24.6299,13.3849,0,3170,78612699701
120.091,8.32702,28.5714,0,48,54,0,2500,0,0,0,24.6299,13.3849,0,3170,78621026648
120.325,8.31082,28.5714,0,48,54,0,2500,0,0,0,24.6299,13.3849,0,3170,78629337737
120.882,8.27256,28.5714,0,48,54,0,2500,0,0,0,24.6299,13.3849,0,3170,78637610602
118.219,8.45884,28.5714,0,48,54,0,2500,0,0,0,24.6299,13.3849,0,3170,78646070715
118.319,8.45176,28.5714,0,48,54,0,2500,0,0,0,24.6299,13.3849,0,3170,78654522697
120.063,8.32899,28.5714,0,48,54,0,2500,0,0,0,24.6299,13.3849,0,3170,78662851501
121.681,8.21824,28.5714,0,48,54,0,2500,0,0,0,24.6299,13.3849,0,3170,78671070464
115.768,8.63793,28.5714,0,48,54,0,2500,0,0,0,24.6299,13.3849,0,3170,78679709176
126.023,7.93505,28.5714,0,48,54,0,2500,0,0,0,24.6299,13.3849,0,3170,78687644354
118.577,8.43334,28.5714,0,48,54,0,2500,0,0,0,24.6299,13.3849,0,3170,78696078604
121.873,8.20527,28.5714,0,48,54,0,2500,0,0,0,24.6299,13.3849,0,3170,78704283643
115.556,8.6538,28.5714,0,48,54,0,2500,0,0,0,24.6299,13.3849,0,3170,78712937802
122.47,8.16526,28.5714,0,48,54,0,2500,0,0,0,24.6299,13.3849,0,3170,78721103718
120.524,8.2971,28.5714,0,48,54,0,2500,0,0,0,24.6299,13.3849,0,3170,78729400884
119.022,8.40184,28.5714,0,48,54,0,2500,0,0,0,24.6299,13.3849,0,3170,78737802939
122.313,8.17575,28.5714,0,48,54,0,2500,0,0,0,24.6299,13.3849,0,3170,78745979194
120.228,8.31756,28.5714,0,48,54,0,2500,0,0,0,24.6299,13.3849,0,3170,78754297389
114.494,8.73408,28.5714,0,48,54,0,2500,0,0,0,24.6299,13.3849,0,3170,78763032565
125.796,7.94938,28.5714,0,48,54,0,2500,0,0,0,24.6299,13.3849,0,3170,78770982382
117.989,8.47537,28.5714,0,48,54,0,2500,0,0,0,24.6299,13.3849,0,3170,78779458595
121.528,8.22855,28.5714,0,48,54,0,2500,0,0,0,24.6299,13.3849,0,3170,78787693114
116.042,8.61754,20.9476,0,48,54,0,2500,0,0,0,24.6858,13.3848,0,1400,78796305448
119.953,8.33662,20.9476,0,48,54,0,2500,0,0,0,24.6858,13.3848,0,1400,78804642192
123,8.1301,20.9476,0,48,54,0,2500,0,0,0,24.6858,13.3848,0,1400,78812772483
122.302,8.17645,20.9476,0,48,54,0,2500,0,0,0,24.6858,13.3848,0,1400,78820949025
118.938,8.40776,20.9476,0,48,54,0,2500,0,0,0,24.6858,13.3848,0,1400,78829357235
115.855,8.63146,20.9476,0,48,54,0,2500,0,0,0,24.6858,13.3848,0,1400,78837989185
124.882,8.00758,20.9476,0,48,54,0,2500,0,0,0,24.6858,13.3848,0,1400,78845997249
119.472,8.37017,20.9476,0,48,54,0,2500,0,0,0,24.6858,13.3848,0,1400,78854367691
119.754,8.35048,20.9476,0,48,54,0,2500,0,0,0,24.6858,13.3848,0,1400,78862718232
119.688,8.35503,20.9476,0,48,54,0,2500,0,0,0,24.6858,13.3848,0,1400,78871073972
121.828,8.20828,20.9476,0,48,54,0,2500,0,0,0,24.6858,13.3848,0,1400,78879282555
118.73,8.42249,20.9476,0,48,54,0,2500,0,0,0,24.6858,13.3848,0,1400,78887705421
120.663,8.28754,20.9476,0,48,54,0,2500,0,0,0,24.6858,13.3848,0,1400,78895993090
118.643,8.42865,20.9476,0,48,54,0,2500,0,0,0,24.6858,13.3848,0,1400,78904422061
118.319,8.45173,20.9476,0,48,54,0,2500,0,0,0,24.6858,13.3848,0,1400,78912874295
119.045,8.40021,20.9476,0,48,54,0,2500,0,0,0,24.6858,13.3848,0,1400,78921275259
119.704,8.35391,20.9476,0,48,54,0,2500,0,0,0,24.6858,13.3848,0,1400,78929629171
122.065,8.19236,20.9476,0,48,54,0,2500,0,0,0,24.6858,13.3848,0,1400,78937821718
121.452,8.23371,20.9476,0,48,54,0,2500,0,0,0,24.6858,13.3848,0,1400,78946056095
120.851,8.27463,20.9476,0,48,54,0,2500,0,0,0,24.6858,13.3848,0,1400,78954331588
116.711,8.5682,20.9476,0,48,54,0,2500,0,0,0,24.6858,13.3848,0,1400,78962899835
122.641,8.15388,20.9476,0,48,54,0,2500,0,0,0,24.6858,13.3848,0,1400,78971054232
118.909,8.4098,20.9476,0,48,54,0,2500,0,0,0,24.6858,13.3848,0,1400,78979464212
114.354,8.74481,20.9476,0,48,54,0,2500,0,0,0,24.6858,13.3848,0,1400,78988210031
128.978,7.75326,20.9476,0,48,54,0,2500,0,0,0,24.6858,13.3848,0,1400,78995962855
121.186,8.25176,20.9476,0,48,54,0,2500,0,0,0,24.6858,13.3848,0,1400,79004214993
119.645,8.35806,20.9476,0,48,54,0,2500,0,0,0,24.6858,13.3848,0,1400,79012573448
119.979,8.3348,20.9476,0,48,54,0,2500,0,0,0,24.6858,13.3848,0,1400,79020917594
114.551,8.72973,20.9476,0,48,54,0,2500,0,0,0,24.6858,13.3848,0,1400,79029639167
123.381,8.105,20.9476,0,48,54,0,2500,0,0,0,24.6858,13.3848,0,1400,79037744055
121.306,8.24359,20.9476,0,48,54,0,2500,0,0,0,24.6858,13.3848,0,1400,79045988445
118.195,8.4606,20.9476,0,48,54,0,2500,0,0,0,24.6858,13.3848,0,1400,79054449461
122.152,8.18651,20.9476,0,48,54,0,2500,0,0,0,24.6858,13.3848,0,1400,79062636234
117.064,8.54233,20.9476,0,48,54,0,2500,0,0,0,24.6858,13.3848,0,1400,79071178824
116.355,8.59437,20.9476,0,48,54,0,2500,0,0,0,24.6858,13.3848,0,1400,79079774539
127.095,7.86812,20.9476,0,48,54,0,2500,0,0,0,24.6858,13.3848,0,1400,79087642944
118.593,8.43219,20.9476,0,48,54,0,2500,0,0,0,24.6858,13.3848,0,1400,79096075751
121.227,8.24899,20.9476,0,48,54,0,2500,0,0,0,24.6858,13.3848,0,1400,79104325606
119.395,8.37559,20.9476,0,48,54,0,2500,0,0,0,24.6858,13.3848,0,1400,79112701579
120.492,8.29933,20.9476,0,48,54,0,2500,0,0,0,24.6858,13.3848,0,1400,79121001290
117.734,8.49372,20.9476,0,48,54,0,2500,0,0,0,24.6858,13.3848,0,1400,79129495632
120.901,8.27124,20.9476,0,48,54,0,2500,0,0,0,24.6858,13.3848,0,1400,79137768032
120.048,8.32997,20.9476,0,48,54,0,2500,0,0,0,24.6858,13.3848,0,1400,79146098593
120.17,8.32156,20.9476,0,48,54,0,2500,0,0,0,24.6858,13.3848,0,1400,79154420735
119.625,8.35942,20.9476,0,48,54,0,2500,0,0,0,24.6858,13.3848,0,1400,79162780275
120.587,8.29276,20.9476,0,48,54,0,2500,0,0,0,24.6858,13.3848,0,1400,79171074095
118.943,8.40741,20.9476,0,48,54,0,2500,0,0,0,24.6858,13.3848,0,1400,79179481896
121.235,8.24844,20.9476,0,48,54,0,2500,0,0,0,24.6858,13.3848,0,1400,79187730958
120.001,8.33328,20.9476,0,48,54,0,2500,0,0,0,24.6858,13.3848,0,1400,79196065333
120.191,8.32006,20.9476,0,48,54,0,2500,0,0,0,24.6858,13.3848,0,1400,79204385163
119.671,8.35626,20.9476,0,48,54,0,2500,0,0,0,24.6858,13.3848,0,1400,79212742263
120.223,8.31791,20.9476,0,48,54,0,2500,0,0,0,24.6858,13.3848,0,1400,79221060834
120.525,8.29703,20.9476,0,48,54,0,2500,0,0,0,24.6858,13.3848,0,1400,79229358731
119.076,8.398,20.9476,0,48,54,0,2500,0,0,0,24.6858,13.3848,0,1400,79237757315
118.54,8.43595,20.9476,0,48,54,0,2500,0,0,0,24.6858,13.3848,0,1400,79246194004
122.96,8.13271,20.9476,0,48,54,0,2500,0,0,0,24.6858,13.3848,0,1400,79254326622
117.287,8.5261,20.9476,0,48,54,0,2500,0,0,0,24.6858,13.3848,0,1400,79262853388
122.398,8.17008,20.9476,0,48,54,0,2500,0,0,0,24.6858,13.3848,0,1400,79271024342
116.772,8.56373,20.9476,0,48,54,0,2500,0,0,0,24.6858,13.3848,0,1400,79279588144
122.019,8.19546,20.9476,0,48,54,0,2500,0,0,0,24.6858,13.3848,0,1400,79287789952
118.105,8.46706,22.0844,0,47,54,0,2500,0,0,0,24.6869,13.3848,0,1499,79296251674
121.431,8.23511,22.0844,0,47,54,0,2500,0,0,0,24.6869,13.3848,0,1499,79304487843
116.068,8.61566,22.0844,0,47,54,0,2500,0,0,0,24.6869,13.3848,0,1499,79313104062
122.815,8.14236,22.0844,0,47,54,0,2500,0,0,0,24.6869,13.3848,0,1499,79321247417
120.278,8.31411,22.0844,0,47,54,0,2500,0,0,0,24.6869,13.3848,0,1499,79329562028
123.397,8.1039,22.0844,0,47,54,0,2500,0,0,0,24.6869,13.3848,0,1499,79337665765
115.947,8.62467,22.0844,0,47,54,0,2500,0,0,0,24.6869,13.3848,0,1499,79346291312
121.119,8.25635,22.0844,0,47,54,0,2500,0,0,0,24.6869,13.3848,0,1499,79354548623
122.544,8.16033,22.0844,0,47,54,0,2500,0,0,0,24.6869,13.3848,0,1499,79362709174
117.461,8.51344,22.0844,0,47,54,0,2500,0,0,0,24.6869,13.3848,0,1499,79371222894
121.07,8.25971,22.0844,0,47,54,0,2500,0,0,0,24.6869,13.3848,0,1499,79379483899
122.127,8.1882,22.0844,0,47,54,0,2500,0,0,0,24.6869,13.3848,0,1499,79387672785
116.775,8.56344,22.0844,0,47,54,0,2500,0,0,0,24.6869,13.3848,0,1499,79396236881
119.687,8.35512,22.0844,0,47,54,0,2500,0,0,0,24.6869,13.3848,0,1499,79404591559
120.705,8.28468,22.0844,0,47,54,0,2500,0,0,0,24.6869,13.3848,0,1499,79412877301
119.775,8.349,22.0844,0,47,54,0,2500,0,0,0,24.6869,13.3848,0,1499,79421226135
119.05,8.39986,22.0844,0,47,54,0,2500,0,0,0,24.6869,13.3848,0,1499,79429628030
123.266,8.11252,22.0844,0,47,54,0,2500,0,0,0,24.6869,13.3848,0,1499,79437739963
119.816,8.34612,22.0844,0,47,54,0,2500,0,0,0,24.6869,13.3848,0,1499,79446086704
119.7,8.3542,22.0844,0,47,54,0,2500,0,0,0,24.6869,13.3848,0,1499,79454441300
119.246,8.38602,22.0844,0,47,54,0,2500,0,0,0,24.6869,13.3848,0,1499,79462827695
119.967,8.33561,22.0844,0,47,54,0,2500,0,0,0,24.6869,13.3848,0,1499,79471164452
120.764,8.28059,22.0844,0,47,54,0,2500,0,0,0,24.6869,13.3848,0,1499,79479445601
122.03,8.19473,22.0844,0,47,54,0,2500,0,0,0,24.6869,13.3848,0,1499,79487641091
115.309,8.67234,22.0844,0,47,54,0,2500,0,0,0,24.6869,13.3848,0,1499,79496313586
117.249,8.52887,22.0844,0,47,54,0,2500,0,0,0,24.6869,13.3848,0,1499,79504842746
124.411,8.0379,22.0844,0,47,54,0,2500,0,0,0,24.6869,13.3848,0,1499,79512881611
121.819,8.20893,22.0844,0,47,54,0,2500,0,0,0,24.6869,13.3848,0,1499,79521091376
118.033,8.4722,22.0844,0,47,54,0,2500,0,0,0,24.6869,13.3848,0,1499,79529564482
121.167,8.25309,22.0844,0,47,54,0,2500,0,0,0,24.6869,13.3848,0,1499,79537817737
121.188,8.25164,22.0844,0,47,54,0,2500,0,0,0,24.6869,13.3848,0,1499,79546070324
118.296,8.45334,22.0844,0,47,54,0,2500,0,0,0,24.6869,13.3848,0,1499,79554523468
120.212,8.31863,22.0844,0,47,54,0,2500,0,0,0,24.6869,13.3848,0,1499,79562842678
121.665,8.21932,22.0844,0,47,54,0,2500,0,0,0,24.6869,13.3848,0,1499,79571062364
118.731,8.42239,22.0844,0,47,54,0,2500,0,0,0,24.6869,13.3848,0,1499,79579485275
119.335,8.3798,22.0844,0,47,54,0,2500,0,0,0,24.6869,13.3848,0,1499,79587865473
120.993,8.26491,22.0844,0,47,54,0,2500,0,0,0,24.6869,13.3848,0,1499,79596131015
121.859,8.20617,22.0844,0,47,54,0,2500,0,0,0,24.6869,13.3848,0,1499,79604337236
119.309,8.3816,22.0844,0,47,54,0,2500,0,0,0,24.6869,13.3848,0,1499,79612719716
119.28,8.38364,22.0844,0,47,54,0,2500,0,0,0,24.6869,13.3848,0,1499,79621104519
120.163,8.32203,22.0844,0,47,54,0,2500,0,0,0,24.6869,13.3848,0,1499,79629426729
114.348,8.74527,22.0844,0,47,54,0,2500,0,0,0,24.6869,13.3848,0,1499,79638172758
121.626,8.22194,22.0844,0,47,54,0,2500,0,0,0,24.6869,13.3848,0,1499,79646395188
122.798,8.14349,22.0844,0,47,54,0,2500,0,0,0,24.6869,13.3848,0,1499,79654538352
119.771,8.34925,22.0844,0,47,54,0,2500,0,0,0,24.6869,13.3848,0,1499,79662887970
122.89,8.13738,22.0844,0,47,54,0,2500,0,0,0,24.6869,13.3848,0,1499,79671025666
116.994,8.54741,22.0844,0,47,54,0,2500,0,0,0,24.6869,13.3848,0,1499,79679573602
123.333,8.10812,22.0844,0,47,54,0,2500,0,0,0,24.6869,13.3848,0,1499,79687682107
118.704,8.42429,22.0844,0,47,54,0,2500,0,0,0,24.6869,13.3848,0,1499,79696106889
116.563,8.57906,22.0844,0,47,54,0,2500,0,0,0,24.6869,13.3848,0,1499,79704686407
122.975,8.13173,22.0844,0,47,54,0,2500,0,0,0,24.6869,13.3848,0,1499,79712818269
120.053,8.32968,22.0844,0,47,54,0,2500,0,0,0,24.6869,13.3848,0,1499,79721148289
120.244,8.31643,22.0844,0,47,54,0,2500,0,0,0,24.6869,13.3848,0,1499,79729465795
115.013,8.69468,22.0844,0,47,54,0,2500,0,0,0,24.6869,13.3848,0,1499,79738160909
123.719,8.08285,22.0844,0,47,54,0,2500,0,0,0,24.6869,13.3848,0,1499,79746243724
122.687,8.15083,22.0844,0,47,54,0,2500,0,0,0,24.6869,13.3848,0,1499,79754394835
117.109,8.53904,22.0844,0,47,54,0,2500,0,0,0,24.6869,13.3848,0,1499,79762934093
122.506,8.16289,22.0844,0,47,54,0,2500,0,0,0,24.6869,13.3848,0,1499,79771102921
119.752,8.35056,22.0844,0,47,54,0,2500,0,0,0,24.6869,13.3848,0,1499,79779448458
118.268,8.45535,22.0844,0,47,54,0,2500,0,0,0,24.6869,13.3848,0,1499,79787921941
121.006,8.26407,22.9426,0,47,54,0,2500,0,0,0,24.686,13.3848,0,1500,79796168881
117.782,8.49024,22.9426,0,47,54,0,2500,0,0,0,24.686,13.3848,0,1500,79804659374
122.632,8.15451,22.9426,0,47,54,0,2500,0,0,0,24.686,13.3848,0,1500,79812814179
120.137,8.3238,22.9426,0,47,54,0,2500,0,0,0,24.686,13.3848,0,1500,79821138288
120.282,8.31383,22.9426,0,47,54,0,2500,0,0,0,24.686,13.3848,0,1500,79829452406
120.68,8.28635,22.9426,0,47,54,0,2500,0,0,0,24.686,13.3848,0,1500,79837739296
119.542,8.36527,22.9426,0,47,54,0,2500,0,0,0,24.686,13.3848,0,1500,79846105598
117.238,8.52966,22.9426,0,47,54,0,2500,0,0,0,24.686,13.3848,0,1500,79854634778
122.279,8.17803,22.9426,0,47,54,0,2500,0,0,0,24.686,13.3848,0,1500,79862813498
120.432,8.30344,22.9426,0,47,54,0,2500,0,0,0,24.686,13.3848,0,1500,79871117206
117.458,8.51366,22.9426,0,47,54,0,2500,0,0,0,24.686,13.3848,0,1500,79879631233
119.125,8.39457,22.9426,0,47,54,0,2500,0,0,0,24.686,13.3848,0,1500,79888026099
123.617,8.08949,22.9426,0,47,54,0,2500,0,0,0,24.686,13.3848,0,1500,79896115969
116.327,8.59648,22.9426,0,47,54,0,2500,0,0,0,24.686,13.3848,0,1500,79904712786
125.753,7.9521,22.9426,0,47,54,0,2500,0,0,0,24.686,13.3848,0,1500,79912665480
119.398,8.37537,22.9426,0,47,54,0,2500,0,0,0,24.686,13.3848,0,1500,79921040997
111.85,8.94058,22.9426,0,47,54,0,2500,0,0,0,24.686,13.3848,0,1500,79929982680
129.733,7.70814,22.9426,0,47,54,0,2500,0,0,0,24.686,13.3848,0,1500,79937691202
117.921,8.48026,22.9426,0,47,54,0,2500,0,0,0,24.686,13.3848,0,1500,79946172406
121.253,8.24722,22.9426,0,47,54,0,2500,0,0,0,24.686,13.3848,0,1500,79954420191
120.349,8.30916,22.9426,0,47,54,0,2500,0,0,0,24.686,13.3848,0,1500,79962729378
119.066,8.39873,22.9426,0,47,54,0,2500,0,0,0,24.686,13.3848,0,1500,79971128816
118.002,8.47443,22.9426,0,47,54,0,2500,0,0,0,24.686,13.3848,0,1500,79979603787
121.93,8.20142,22.9426,0,47,54,0,2500,0,0,0,24.686,13.3848,0,1500,79987805747
118.853,8.41376,22.9426,0,47,54,0,2500,0,0,0,24.686,13.3848,0,1500,79996219953
117.527,8.5087,22.9426,0,47,54,0,2500,0,0,0,24.686,13.3848,0,1500,80004729327
124.97,8.00193,22.9426,0,47,54,0,2500,0,0,0,24.686,13.3848,0,1500,80012731818
119.25,8.38575,22.9426,0,47,54,0,2500,0,0,0,24.686,13.3848,0,1500,80021117636
119.683,8.35544,22.9426,0,47,54,0,2500,0,0,0,24.686,13.3848,0,1500,80029474373
119.918,8.33904,22.9426,0,47,54,0,2500,0,0,0,24.686,13.3848,0,1500,80037813933
120.818,8.27692,22.9426,0,47,54,0,2500,0,0,0,24.686,13.3848,0,1500,80046091519
117.749,8.49267,22.9426,0,47,54,0,2500,0,0,0,24.686,13.3848,0,1500,80054584592
119.67,8.3563,22.9426,0,47,54,0,2500,0,0,0,24.686,13.3848,0,1500,80062941684
122.989,8.13078,22.9426,0,47,54,0,2500,0,0,0,24.686,13.3848,0,1500,80071072441
118.577,8.43337,22.9426,0,47,54,0,2500,0,0,0,24.686,13.3848,0,1500,80079507074
120.918,8.27009,22.9426,0,47,54,0,2500,0,0,0,24.686,13.3848,0,1500,80087777360
120.308,8.31203,22.9426,0,47,54,0,2500,0,0,0,24.686,13.3848,0,1500,80096090059
119.031,8.40114,22.9426,0,47,54,0,2500,0,0,0,24.686,13.3848,0,1500,80104492313
116.694,8.56945,22.9426,0,47,54,0,2500,0,0,0,24.686,13.3848,0,1500,80113062317
123.24,8.11422,22.9426,0,47,54,0,2500,0,0,0,24.686,13.3848,0,1500,80121177104
120.948,8.26801,22.9426,0,47,54,0,2500,0,0,0,24.686,13.3848,0,1500,80129445648
119.982,8.33461,22.9426,0,47,54,0,2500,0,0,0,24.686,13.3848,0,1500,80137780709
118.852,8.41384,22.9426,0,47,54,0,2500,0,0,0,24.686,13.3848,0,1500,80146195341
119.3,8.38225,22.9426,0,47,54,0,2500,0,0,0,24.686,13.3848,0,1500,80154578050
119.877,8.34191,22.9426,0,47,54,0,2500,0,0,0,24.686,13.3848,0,1500,80162920641
120.722,8.28346,22.9426,0,47,54,0,2500,0,0,0,24.686,13.3848,0,1500,80171204664
120.858,8.27414,22.9426,0,47,54,0,2500,0,0,0,24.686,13.3848,0,1500,80179479341
120.634,8.28952,22.9426,0,47,54,0,2500,0,0,0,24.686,13.3848,0,1500,80187768650
117.882,8.48305,22.9426,0,47,54,0,2500,0,0,0,24.686,13.3848,0,1500,80196252185
121.483,8.23162,22.9426,0,47,54,0,2500,0,0,0,24.686,13.3848,0,1500,80204484500
119.257,8.38524,22.9426,0,47,54,0,2500,0,0,0,24.686,13.3848,0,1500,80212870692
120.935,8.26894,22.9426,0,47,54,0,2500,0,0,0,24.686,13.3848,0,1500,80221140607
119.745,8.35108,22.9426,0,47,54,0,2500,0,0,0,24.686,13.3848,0,1500,80229492417
121.159,8.2536,22.9426,0,47,54,0,2500,0,0,0,24.686,13.3848,0,1500,80237746233
116.868,8.55666,22.9426,0,47,54,0,2500,0,0,0,24.686,13.3848,0,1500,80246303759
122.954,8.13313,22.9426,0,47,54,0,2500,0,0,0,24.686,13.3848,0,1500,80254436477
119.326,8.3804,22.9426,0,47,54,0,2500,0,0,0,24.686,13.3848,0,1500,80262817388
117.648,8.49994,22.9426,0,47,54,0,2500,0,0,0,24.686,13.3848,0,1500,80271317836
121.482,8.2317,22.9426,0,47,54,0,2500,0,0,0,24.686,13.3848,0,1500,80279550353
121.21,8.25012,22.9426,0,47,54,0,2500,0,0,0,24.686,13.3848,0,1500,80287800564
118.185,8.46134,22.9426,0,47,54,0,2500,0,0,0,24.686,13.3848,0,1500,80296270491
123.139,8.12087,22.7384,0,47,54,0,2500,0,0,0,24.6864,13.3848,0,1500,80304383852
116.109,8.61257,22.7384,0,47,54,0,2500,0,0,0,24.6864,13.3848,0,1500,80312997119
122.531,8.16121,22.7384,0,47,54,0,2500,0,0,0,24.6864,13.3848,0,1500,80321158301
121.29,8.24467,22.7384,0,47,54,0,2500,0,0,0,24.6864,13.3848,0,1500,80329403074
118.341,8.45018,22.7384,0,47,54,0,2500,0,0,0,24.6864,13.3848,0,1500,80337853616
120.092,8.32695,22.7384,0,47,54,0,2500,0,0,0,24.6864,13.3848,0,1500,80346181184
116.888,8.55522,22.7384,0,47,54,0,2500,0,0,0,24.6864,13.3848,0,1500,80354736492
120.48,8.30013,22.7384,0,47,54,0,2500,0,0,0,24.6864,13.3848,0,1500,80363037319
118.872,8.41238,22.7384,0,47,54,0,2500,0,0,0,24.6864,13.3848,0,1500,80371450023
124.174,8.05323,22.7384,0,47,54,0,2500,0,0,0,24.6864,13.3848,0,1500,80379503781
121.812,8.20936,22.7384,0,47,54,0,2500,0,0,0,24.6864,13.3848,0,1500,80387713268
118.876,8.41214,22.7384,0,47,54,0,2500,0,0,0,24.6864,13.3848,0,1500,80396125856
116.167,8.60829,22.7384,0,47,54,0,2500,0,0,0,24.6864,13.3848,0,1500,80404734797
121.148,8.25439,22.7384,0,47,54,0,2500,0,0,0,24.6864,13.3848,0,1500,80412989275
123.513,8.09633,22.7384,0,47,54,0,2500,0,0,0,24.6864,13.3848,0,1500,80421086078
121.095,8.25797,22.7384,0,47,54,0,2500,0,0,0,24.6864,13.3848,0,1500,80429344173
119.509,8.36756,22.7384,0,47,54,0,2500,0,0,0,24.6864,13.3848,0,1500,80437711876
120.615,8.29081,22.7384,0,47,54,0,2500,0,0,0,24.6864,13.3848,0,1500,80446003370
119.952,8.33663,22.7384,0,47,54,0,2500,0,0,0,24.6864,13.3848,0,1500,80454340187
115.383,8.66676,22.7384,0,47,54,0,2500,0,0,0,24.6864,13.3848,0,1500,80463007348
122.831,8.14125,22.7384,0,47,54,0,2500,0,0,0,24.6864,13.3848,0,1500,80471148753
118.74,8.42175,22.7384,0,47,54,0,2500,0,0,0,24.6864,13.3848,0,1500,80479571026
117.54,8.50773,22.7384,0,47,54,0,2500,0,0,0,24.6864,13.3848,0,1500,80488079791
123.768,8.07962,22.7384,0,47,54,0,2500,0,0,0,24.6864,13.3848,0,1500,80496159869
120.21,8.31878,22.7384,0,47,54,0,2500,0,0,0,24.6864,13.3848,0,1500,80504479142
120.066,8.32873,22.7384,0,47,54,0,2500,0,0,0,24.6864,13.3848,0,1500,80512808542
119.866,8.34268,22.7384,0,47,54,0,2500,0,0,0,24.6864,13.3848,0,1500,80521152440
118.009,8.47392,22.7384,0,47,54,0,2500,0,0,0,24.6864,13.3848,0,1500,80529627276
121.503,8.23023,22.7384,0,47,54,0,2500,0,0,0,24.6864,13.3848,0,1500,80537857116
118.965,8.4058,22.7384,0,47,54,0,2500,0,0,0,24.6864,13.3848,0,1500,80546263543
122.53,8.1613,22.7384,0,47,54,0,2500,0,0,0,24.6864,13.3848,0,1500,80554425780
118.392,8.44654,22.7384,0,47,54,0,2500,0,0,0,24.6864,13.3848,0,1500,80562873061
119.721,8.35275,22.7384,0,47,54,0,2500,0,0,0,24.6864,13.3848,0,1500,80571225877
119.521,8.36671,22.7384,0,47,54,0,2500,0,0,0,24.6864,13.3848,0,1500,80579593642
121.525,8.22879,22.7384,0,47,54,0,2500,0,0,0,24.6864,13.3848,0,1500,80587822956
119.478,8.36971,22.7384,0,47,54,0,2500,0,0,0,24.6864,13.3848,0,1500,80596192555
116.99,8.54777,22.7384,0,47,54,0,2500,0,0,0,24.6864,13.3848,0,1500,80604740912
123.434,8.10148,22.7384,0,47,54,0,2500,0,0,0,24.6864,13.3848,0,1500,80612843028
118.823,8.41587,22.7384,0,47,54,0,2500,0,0,0,24.6864,13.3848,0,1500,80621259217
122.786,8.14425,22.7384,0,47,54,0,2500,0,0,0,24.6864,13.3848,0,1500,80629404022
118.391,8.44656,22.7384,0,47,54,0,2500,0,0,0,24.6864,13.3848,0,1500,80637851250
120.398,8.30578,22.7384,0,47,54,0,2500,0,0,0,24.6864,13.3848,0,1500,80646157541
119.743,8.35121,22.7384,0,47,54,0,2500,0,0,0,24.6864,13.3848,0,1500,80654509477
119.629,8.3592,22.7384,0,47,54,0,2500,0,0,0,24.6864,13.3848,0,1500,80662869047
120.047,8.33008,22.7384,0,47,54,0,2500,0,0,0,24.6864,13.3848,0,1500,80671200060
120.74,8.28227,22.7384,0,47,54,0,2500,0,0,0,24.6864,13.3848,0,1500,80679483298
119.809,8.3466,22.7384,0,47,54,0,2500,0,0,0,24.6864,13.3848,0,1500,80687829711
117.333,8.52273,22.7384,0,47,54,0,2500,0,0,0,24.6864,13.3848,0,1500,80696353487
124.574,8.02737,22.7384,0,47,54,0,2500,0,0,0,24.6864,13.3848,0,1500,80704380681
118.363,8.44857,22.7384,0,47,54,0,2500,0,0,0,24.6864,13.3848,0,1500,80712829824
122.737,8.14753,22.7384,0,47,54,0,2500,0,0,0,24.6864,13.3848,0,1500,80720977310
113.321,8.82448,22.7384,0,47,54,0,2500,0,0,0,24.6864,13.3848,0,1500,80729803402
122.241,8.18055,22.7384,0,47,54,0,2500,0,0,0,24.6864,13.3848,0,1500,80737984230
119.491,8.3688,22.7384,0,47,54,0,2500,0,0,0,24.6864,13.3848,0,1500,80746354100
121.436,8.23476,22.7384,0,47,54,0,2500,0,0,0,24.6864,13.3848,0,1500,80754589707
121.52,8.22913,22.7384,0,47,54,0,2500,0,0,0,24.6864,13.3848,0,1500,80762819137
118.763,8.42015,22.7384,0,47,54,0,2500,0,0,0,24.6864,13.3848,0,1500,80771240007
119.643,8.35817,22.7384,0,47,54,0,2500,0,0,0,24.6864,13.3848,0,1500,80779598694
119.327,8.38034,22.7384,0,47,54,0,2500,0,0,0,24.6864,13.3848,0,1500,80787979143
116.351,8.59468,22.7384,0,47,54,0,2500,0,0,0,24.6864,13.3848,0,1500,80796583591
124.873,8.00811,22.8288,0,47,54,0,2500,0,0,0,24.6871,13.3847,0,1400,80804582348
122.428,8.16807,22.8288,0,47,54,0,2500,0,0,0,24.6871,13.3847,0,1400,80812750714
118.477,8.44049,22.8288,0,47,54,0,2500,0,0,0,24.6871,13.3847,0,1400,80821192495
117.921,8.48026,22.8288,0,47,54,0,2500,0,0,0,24.6871,13.3847,0,1400,80829673693
122.549,8.15999,22.8288,0,47,54,0,2500,0,0,0,24.6871,13.3847,0,1400,80837832668
115.838,8.63274,22.8288,0,47,54,0,2500,0,0,0,24.6871,13.3847,0,1400,80846465977
122.509,8.16265,22.8288,0,47,54,0,2500,0,0,0,24.6871,13.3847,0,1400,80854629148
120.14,8.3236,22.8288,0,47,54,0,2500,0,0,0,24.6871,13.3847,0,1400,80862952721
120.254,8.31575,22.8288,0,47,54,0,2500,0,0,0,24.6871,13.3847,0,1400,80871270238
121.099,8.25768,22.8288,0,47,54,0,2500,0,0,0,24.6871,13.3847,0,1400,80879527822
120.676,8.28664,22.8288,0,47,54,0,2500,0,0,0,24.6871,13.3847,0,1400,80887815385
119.076,8.398,22.8288,0,47,54,0,2500,0,0,0,24.6871,13.3847,0,1400,80896213942
120.357,8.30862,22.8288,0,47,54,0,2500,0,0,0,24.6871,13.3847,0,1400,80904523472
118.97,8.40551,22.8288,0,47,54,0,2500,0,0,0,24.6871,13.3847,0,1400,80912928883
120.111,8.3256,22.8288,0,47,54,0,2500,0,0,0,24.6871,13.3847,0,1400,80921254699
116.989,8.54779,22.8288,0,47,54,0,2500,0,0,0,24.6871,13.3847,0,1400,80929803825
118.943,8.40737,22.8288,0,47,54,0,2500,0,0,0,24.6871,13.3847,0,1400,80938211593
120.077,8.32802,22.8288,0,47,54,0,2500,0,0,0,24.6871,13.3847,0,1400,80946540254
124.704,8.01896,22.8288,0,47,54,0,2500,0,0,0,24.6871,13.3847,0,1400,80954560071
117.484,8.51179,22.8288,0,47,54,0,2500,0,0,0,24.6871,13.3847,0,1400,80963072627
119.592,8.36179,22.8288,0,47,54,0,2500,0,0,0,24.6871,13.3847,0,1400,80971434947
121.08,8.25897,22.8288,0,47,54,0,2500,0,0,0,24.6871,13.3847,0,1400,80979694690
120.43,8.30361,22.8288,0,47,54,0,2500,0,0,0,24.6871,13.3847,0,1400,80987998586
121.58,8.22504,22.8288,0,47,54,0,2500,0,0,0,24.6871,13.3847,0,1400,80996223968
118.79,8.41824,22.8288,0,47,54,0,2500,0,0,0,24.6871,13.3847,0,1400,81004642874
117.902,8.48165,22.8288,0,47,54,0,2500,0,0,0,24.6871,13.3847,0,1400,81013124966
124.375,8.04019,22.8288,0,47,54,0,2500,0,0,0,24.6871,13.3847,0,1400,81021166053
117.691,8.4968,22.8288,0,47,54,0,2500,0,0,0,24.6871,13.3847,0,1400,81029663853
122.242,8.18052,22.8288,0,47,54,0,2500,0,0,0,24.6871,13.3847,0,1400,81037844582
120.513,8.29783,22.8288,0,47,54,0,2500,0,0,0,24.6871,13.3847,0,1400,81046142855
120.434,8.3033,22.8288,0,47,54,0,2500,0,0,0,24.6871,13.3847,0,1400,81054446807
118.999,8.40341,22.8288,0,47,54,0,2500,0,0,0,24.6871,13.3847,0,1400,81062849809
119.216,8.38813,22.8288,0,47,54,0,2500,0,0,0,24.6871,13.3847,0,1400,81071238779
123.181,8.11813,22.8288,0,47,54,0,2500,0,0,0,24.6871,13.3847,0,1400,81079356740
7.85914,127.24,22.8288,0,47,54,0,2500,0,0,0,24.6871,13.3847,0,1400,81206598595
321.604,3.10941,22.8288,0,47,54,0,2500,0,0,0,24.6871,13.3847,0,1400,81209707720
148.24,6.74584,22.8288,0,47,54,0,2500,0,0,0,24.6871,13.3847,0,1400,81216455145
120.153,8.32273,22.8288,0,47,54,0,2500,0,0,0,24.6871,13.3847,0,1400,81224778257
120.54,8.29602,22.8288,0,47,54,0,2500,0,0,0,24.6871,13.3847,0,1400,81233074344
120.719,8.2837,22.8288,0,47,54,0,2500,0,0,0,24.6871,13.3847,0,1400,81241358808
119.886,8.34127,22.8288,0,47,54,0,2500,0,0,0,24.6871,13.3847,0,1400,81249700666
120.322,8.311,22.8288,0,47,54,0,2500,0,0,0,24.6871,13.3847,0,1400,81258014661
120.962,8.26705,22.8288,0,47,54,0,2500,0,0,0,24.6871,13.3847,0,1400,81266279546
120.45,8.30219,22.8288,0,47,54,0,2500,0,0,0,24.6871,13.3847,0,1400,81274582418
118.535,8.43633,22.8288,0,47,54,0,2500,0,0,0,24.6871,13.3847,0,1400,81283019508
120.417,8.3045,22.8288,0,47,54,0,2500,0,0,0,24.6871,13.3847,0,1400,81291324652
117.893,8.48224,22.8288,0,47,54,0,2500,0,0,0,24.6871,13.3847,0,1400,81299815495
121.726,8.2152,24.3176,0,46,54,0,2500,0,0,0,24.6869,13.3846,0,1500,81308023455
119.777,8.34884,24.3176,0,46,54,0,2500,0,0,0,24.6869,13.3846,0,1500,81316372324
121.348,8.24076,24.3176,0,46,54,0,2500,0,0,0,24.6869,13.3846,0,1500,81324613477
120.87,8.27334,24.3176,0,46,54,0,2500,0,0,0,24.6869,13.3846,0,1500,81332886743
117.324,8.52339,24.3176,0,46,54,0,2500,0,0,0,24.6869,13.3846,0,1500,81341410688
122.635,8.15428,24.3176,0,46,54,0,2500,0,0,0,24.6869,13.3846,0,1500,81349565214
118.821,8.41601,24.3176,0,46,54,0,2500,0,0,0,24.6869,13.3846,0,1500,81357981181
120.37,8.3077,24.3176,0,46,54,0,2500,0,0,0,24.6869,13.3846,0,1500,81366289128
120.817,8.27701,24.3176,0,46,54,0,2500,0,0,0,24.6869,13.3846,0,1500,81374566574
118.907,8.40994,24.3176,0,46,54,0,2500,0,0,0,24.6869,13.3846,0,1500,81382976732
120.846,8.27502,24.3176,0,46,54,0,2500,0,0,0,24.6869,13.3846,0,1500,81391252232
120.448,8.30233,24.3176,0,46,54,0,2500,0,0,0,24.6869,13.3846,0,1500,81399554750
118.481,8.44016,24.3176,0,46,54,0,2500,0,0,0,24.6869,13.3846,0,1500,81407995157
120.492,8.29929,24.3176,0,46,54,0,2500,0,0,0,24.6869,13.3846,0,1500,81416294830
120.265,8.31494,24.3176,0,46,54,0,2500,0,0,0,24.6869,13.3846,0,1500,81424610901
118.62,8.43031,24.3176,0,46,54,0,2500,0,0,0,24.6869,13.3846,0,1500,81433041195
120.671,8.28701,24.3176,0,46,54,0,2500,0,0,0,24.6869,13.3846,0,1500,81441328670
120.522,8.29727,24.3176,0,46,54,0,2500,0,0,0,24.6869,13.3846,0,1500,81449626284
119.679,8.35565,24.3176,0,46,54,0,2500,0,0,0,24.6869,13.3846,0,1500,81457982775
121.281,8.24534,24.3176,0,46,54,0,2500,0,0,0,24.6869,13.3846,0,1500,81466227469
120.105,8.32603,24.3176,0,46,54,0,2500,0,0,0,24.6869,13.3846,0,1500,81474554025
117.642,8.5004,24.3176,0,46,54,0,2500,0,0,0,24.6869,13.3846,0,1500,81483055106
121.86,8.20615,24.3176,0,46,54,0,2500,0,0,0,24.6869,13.3846,0,1500,81491261399
120.306,8.31213,24.3176,0,46,54,0,2500,0,0,0,24.6869,13.3846,0,1500,81499573597
117.301,8.5251,24.3176,0,46,54,0,2500,0,0,0,24.6869,13.3846,0,1500,81508099636
121.394,8.23761,24.3176,0,46,54,0,2500,0,0,0,24.6869,13.3846,0,1500,81516337488
120.939,8.26862,24.3176,0,46,54,0,2500,0,0,0,24.6869,13.3846,0,1500,81524605902
119.111,8.39555,24.3176,0,46,54,0,2500,0,0,0,24.6869,13.3846,0,1500,81533001838
120.498,8.29888,24.3176,0,46,54,0,2500,0,0,0,24.6869,13.3846,0,1500,81541301107
120.172,8.32141,24.3176,0,46,54,0,2500,0,0,0,24.6869,13.3846,0,1500,81549622529
121.174,8.25259,24.3176,0,46,54,0,2500,0,0,0,24.6869,13.3846,0,1500,81557875137
118.945,8.40725,24.3176,0,46,54,0,2500,0,0,0,24.6869,13.3846,0,1500,81566283483
122.414,8.169,24.3176,0,46,54,0,2500,0,0,0,24.6869,13.3846,0,1500,81574452089
119.146,8.39304,24.3176,0,46,54,0,2500,0,0,0,24.6869,13.3846,0,1500,81582845377
119.709,8.35361,24.3176,0,46,54,0,2500,0,0,0,24.6869,13.3846,0,1500,81591199258
117.768,8.49125,24.3176,0,46,54,0,2500,0,0,0,24.6869,13.3846,0,1500,81599692743
121.048,8.26118,24.3176,0,46,54,0,2500,0,0,0,24.6869,13.3846,0,1500,81607952866
120.354,8.30881,24.3176,0,46,54,0,2500,0,0,0,24.6869,13.3846,0,1500,81616262051
121.522,8.22899,24.3176,0,46,54,0,2500,0,0,0,24.6869,13.3846,0,1500,81624491181
116.214,8.60483,24.3176,0,46,54,0,2500,0,0,0,24.6869,13.3846,0,1500,81633095975
123.344,8.10741,24.3176,0,46,54,0,2500,0,0,0,24.6869,13.3846,0,1500,81641203663
121.506,8.23004,24.3176,0,46,54,0,2500,0,0,0,24.6869,13.3846,0,1500,81649433603
117.237,8.52971,24.3176,0,46,54,0,2500,0,0,0,24.6869,13.3846,0,1500,81657964573
120.477,8.30031,24.3176,0,46,54,0,2500,0,0,0,24.6869,13.3846,0,1500,81666264830
120.797,8.27835,24.3176,0,46,54,0,2500,0,0,0,24.6869,13.3846,0,1500,81674543442
118.567,8.43404,24.3176,0,46,54,0,2500,0,0,0,24.6869,13.3846,0,1500,81682977918
119.505,8.36787,24.3176,0,46,54,0,2500,0,0,0,24.6869,13.3846,0,1500,81691346321
121.22,8.24947,24.3176,0,46,54,0,2500,0,0,0,24.6869,13.3846,0,1500,81699595699
120.211,8.31872,24.3176,0,46,54,0,2500,0,0,0,24.6869,13.3846,0,1500,81707914676
119.567,8.36349,24.3176,0,46,54,0,2500,0,0,0,24.6869,13.3846,0,1500,81716278819
120.525,8.29705,24.3176,0,46,54,0,2500,0,0,0,24.6869,13.3846,0,1500,81724576201
117.67,8.49833,24.3176,0,46,54,0,2500,0,0,0,24.6869,13.3846,0,1500,81733075342
121.37,8.2393,24.3176,0,46,54,0,2500,0,0,0,24.6869,13.3846,0,1500,81741314408
120.889,8.27204,24.3176,0,46,54,0,2500,0,0,0,24.6869,13.3846,0,1500,81749587185
119.211,8.38852,24.3176,0,46,54,0,2500,0,0,0,24.6869,13.3846,0,1500,81757976338
119.318,8.38094,24.3176,0,46,54,0,2500,0,0,0,24.6869,13.3846,0,1500,81766359114
120.292,8.31313,24.3176,0,46,54,0,2500,0,0,0,24.6869,13.3846,0,1500,81774671703
117.843,8.48585,24.3176,0,46,54,0,2500,0,0,0,24.6869,13.3846,0,1500,81783158061
121.604,8.22343,24.3176,0,46,54,0,2500,0,0,0,24.6869,13.3846,0,1500,81791381377
121.675,8.21861,24.3176,0,46,54,0,2500,0,0,0,24.6869,13.3846,0,1500,81799599942
118.965,8.40585,24.3176,0,46,54,0,2500,0,0,0,24.6869,13.3846,0,1500,81808011090
119.959,8.3362,22.0049,0,37,54,0,2500,0,0,0,24.6887,13.3844,0,1501,81816342958
120.686,8.28599,22.0049,0,37,54,0,2500,0,0,0,24.6887,13.3844,0,1501,81824630002
118.501,8.43874,22.0049,0,37,54,0,2500,0,0,0,24.6887,13.3844,0,1501,81833069497
120.871,8.27329,22.0049,0,37,54,0,2500,0,0,0,24.6887,13.3844,0,1501,81841342882
119.85,8.34375,22.0049,0,37,54,0,2500,0,0,0,24.6887,13.3844,0,1501,81849687472
120.307,8.31207,22.0049,0,37,54,0,2500,0,0,0,24.6887,13.3844,0,1501,81858000105
119.807,8.34675,22.0049,0,37,54,0,2500,0,0,0,24.6887,13.3844,0,1501,81866347352
118.942,8.40746,22.0049,0,37,54,0,2500,0,0,0,24.6887,13.3844,0,1501,81874755594
121.15,8.25423,22.0049,0,37,54,0,2500,0,0,0,24.6887,13.3844,0,1501,81883010036
118.826,8.41567,22.0049,0,37,54,0,2500,0,0,0,24.6887,13.3844,0,1501,81891426483
121.771,8.21212,22.0049,0,37,54,0,2500,0,0,0,24.6887,13.3844,0,1501,81899638510
119.349,8.37881,22.0049,0,37,54,0,2500,0,0,0,24.6887,13.3844,0,1501,81908017071
120.341,8.30971,22.0049,0,37,54,0,2500,0,0,0,24.6887,13.3844,0,1501,81916327280
118.626,8.42983,22.0049,0,37,54,0,2500,0,0,0,24.6887,13.3844,0,1501,81924757649
121.123,8.25607,22.0049,0,37,54,0,2500,0,0,0,24.6887,13.3844,0,1501,81933014908
118.652,8.42802,22.0049,0,37,54,0,2500,0,0,0,24.6887,13.3844,0,1501,81941443887
118.364,8.44848,22.0049,0,37,54,0,2500,0,0,0,24.6887,13.3844,0,1501,81949899946
120.127,8.3245,22.0049,0,37,54,0,2500,0,0,0,24.6887,13.3844,0,1501,81958218282
119.844,8.34415,22.0049,0,37,54,0,2500,0,0,0,24.6887,13.3844,0,1501,81966563074
120.854,8.27448,22.0049,0,37,54,0,2500,0,0,0,24.6887,13.3844,0,1501,81974837895
120.269,8.31472,22.0049,0,37,54,0,2500,0,0,0,24.6887,13.3844,0,1501,81983153233
119.259,8.38514,22.0049,0,37,54,0,2500,0,0,0,24.6887,13.3844,0,1501,81991539289
119.807,8.34677,22.0049,0,37,54,0,2500,0,0,0,24.6887,13.3844,0,1501,81999886722
120.239,8.31677,22.0049,0,37,54,0,2500,0,0,0,24.6887,13.3844,0,1501,82008204304
120.654,8.28814,22.0049,0,37,54,0,2500,0,0,0,24.6887,13.3844,0,1501,82016492646
119.805,8.34689,22.0049,0,37,54,0,2500,0,0,0,24.6887,13.3844,0,1501,82024840456
120.203,8.31926,22.0049,0,37,54,0,2500,0,0,0,24.6887,13.3844,0,1501,82033159763
119.941,8.33741,22.0049,0,37,54,0,2500,0,0,0,24.6887,13.3844,0,1501,82041498005
120.208,8.31894,22.0049,0,37,54,0,2500,0,0,0,24.6887,13.3844,0,1501,82049817782
117.367,8.52031,22.0049,0,37,54,0,2500,0,0,0,24.6887,13.3844,0,1501,82058338813
119.118,8.39505,22.0049,0,37,54,0,2500,0,0,0,24.6887,13.3844,0,1501,82066733717
122.996,8.13037,22.0049,0,37,54,0,2500,0,0,0,24.6887,13.3844,0,1501,82074864260
119.607,8.36068,22.0049,0,37,54,0,2500,0,0,0,24.6887,13.3844,0,1501,82083225302
121.906,8.20303,22.0049,0,37,54,0,2500,0,0,0,24.6887,13.3844,0,1501,82091428393
115.929,8.62595,22.0049,0,37,54,0,2500,0,0,0,24.6887,13.3844,0,1501,82100055472
120.927,8.26944,22.0049,0,37,54,0,2500,0,0,0,24.6887,13.3844,0,1501,82108325762
118.434,8.44353,22.0049,0,37,54,0,2500,0,0,0,24.6887,13.3844,0,1501,82116769883
122.698,8.15011,22.0049,0,37,54,0,2500,0,0,0,24.6887,13.3844,0,1501,82124921408
118.553,8.43505,22.0049,0,37,54,0,2500,0,0,0,24.6887,13.3844,0,1501,82133356298
119.664,8.35672,22.0049,0,37,54,0,2500,0,0,0,24.6887,13.3844,0,1501,82141714046
122.823,8.14181,22.0049,0,37,54,0,2500,0,0,0,24.6887,13.3844,0,1501,82149856598
120.847,8.27493,22.0049,0,37,54,0,2500,0,0,0,24.6887,13.3844,0,1501,82158132076
119.147,8.39296,22.0049,0,37,54,0,2500,0,0,0,24.6887,13.3844,0,1501,82166525596
116.015,8.61959,22.0049,0,37,54,0,2500,0,0,0,24.6887,13.3844,0,1501,82175145853
123.192,8.11741,22.0049,0,37,54,0,2500,0,0,0,24.6887,13.3844,0,1501,82183266034
118.565,8.4342,22.0049,0,37,54,0,2500,0,0,0,24.6887,13.3844,0,1501,82191697620
120.525,8.29703,22.0049,0,37,54,0,2500,0,0,0,24.6887,13.3844,0,1501,82199995010
117.492,8.51124,22.0049,0,37,54,0,2500,0,0,0,24.6887,13.3844,0,1501,82208507440
124.64,8.02312,22.0049,0,37,54,0,2500,0,0,0,24.6887,13.3844,0,1501,82216530512
120.147,8.32313,22.0049,0,37,54,0,2500,0,0,0,24.6887,13.3844,0,1501,82224853864
120.42,8.30425,22.0049,0,37,54,0,2500,0,0,0,24.6887,13.3844,0,1501,82233158690
119.961,8.33603,22.0049,0,37,54,0,2500,0,0,0,24.6887,13.3844,0,1501,82241495095
120.309,8.3119,22.0049,0,37,54,0,2500,0,0,0,24.6887,13.3844,0,1501,82249807403
119.012,8.40251,22.0049,0,37,54,0,2500,0,0,0,24.6887,13.3844,0,1501,82258210331
117.533,8.50828,22.0049,0,37,54,0,2500,0,0,0,24.6887,13.3844,0,1501,82266719430
120.182,8.32068,22.0049,0,37,54,0,2500,0,0,0,24.6887,13.3844,0,1501,82275040151
121.25,8.2474,22.0049,0,37,54,0,2500,0,0,0,24.6887,13.3844,0,1501,82283288064
119.396,8.3755,22.0049,0,37,54,0,2500,0,0,0,24.6887,13.3844,0,1501,82291664284
118.91,8.40973,22.0049,0,37,54,0,2500,0,0,0,24.6887,13.3844,0,1501,82300074768
123.351,8.10693,22.0049,0,37,54,0,2500,0,0,0,24.6887,13.3844,0,1501,82308189326
115.65,8.6468,23.3831,0,48,55,0,2500,0,0,0,24.6883,13.3844,0,1400,82316829888
120.603,8.29167,23.3831,0,48,55,0,2500,0,0,0,24.6883,13.3844,0,1400,82325122323
120.275,8.31429,23.3831,0,48,55,0,2500,0,0,0,24.6883,13.3844,0,1400,82333437411
122.658,8.15273,23.3831,0,48,55,0,2500,0,0,0,24.6883,13.3844,0,1400,82341590348
117.227,8.53046,23.3831,0,48,55,0,2500,0,0,0,24.6883,13.3844,0,1400,82350121402
124.104,8.05778,23.3831,0,48,55,0,2500,0,0,0,24.6883,13.3844,0,1400,82358180182
118.927,8.40854,23.3831,0,48,55,0,2500,0,0,0,24.6883,13.3844,0,1400,82366589049
120.524,8.29712,23.3831,0,48,55,0,2500,0,0,0,24.6883,13.3844,0,1400,82374886994
117.215,8.53131,23.3831,0,48,55,0,2500,0,0,0,24.6883,13.3844,0,1400,82383419432
117.001,8.54692,23.3831,0,48,55,0,2500,0,0,0,24.6883,13.3844,0,1400,82391965911
126.994,7.87442,23.3831,0,48,55,0,2500,0,0,0,24.6883,13.3844,0,1400,82399840983
116.905,8.55399,23.3831,0,48,55,0,2500,0,0,0,24.6883,13.3844,0,1400,82408395736
122.659,8.15268,23.3831,0,48,55,0,2500,0,0,0,24.6883,13.3844,0,1400,82416548267
120.054,8.32955,23.3831,0,48,55,0,2500,0,0,0,24.6883,13.3844,0,1400,82424878034
119.532,8.36593,23.3831,0,48,55,0,2500,0,0,0,24.6883,13.3844,0,1400,82433244461
119.18,8.3907,23.3831,0,48,55,0,2500,0,0,0,24.6883,13.3844,0,1400,82441635712
120.697,8.28524,23.3831,0,48,55,0,2500,0,0,0,24.6883,13.3844,0,1400,82449921041
119.25,8.38572,23.3831,0,48,55,0,2500,0,0,0,24.6883,13.3844,0,1400,82458307366
118.378,8.44751,23.3831,0,48,55,0,2500,0,0,0,24.6883,13.3844,0,1400,82466755041
121.553,8.22688,23.3831,0,48,55,0,2500,0,0,0,24.6883,13.3844,0,1400,82474982288
119.306,8.38183,23.3831,0,48,55,0,2500,0,0,0,24.6883,13.3844,0,1400,82483364985
121.692,8.21745,23.3831,0,48,55,0,2500,0,0,0,24.6883,13.3844,0,1400,82491582556
121.712,8.21609,23.3831,0,48,55,0,2500,0,0,0,24.6883,13.3844,0,1400,82499799061
120.74,8.28226,23.3831,0,48,55,0,2500,0,0,0,24.6883,13.3844,0,1400,82508081642
118.675,8.42636,23.3831,0,48,55,0,2500,0,0,0,24.6883,13.3844,0,1400,82516508647
119.785,8.34829,23.3831,0,48,55,0,2500,0,0,0,24.6883,13.3844,0,1400,82524857191
117.875,8.48354,23.3831,0,48,55,0,2500,0,0,0,24.6883,13.3844,0,1400,82533341733
120.243,8.31651,23.3831,0,48,55,0,2500,0,0,0,24.6883,13.3844,0,1400,82541658344
122.455,8.16628,23.3831,0,48,55,0,2500,0,0,0,24.6883,13.3844,0,1400,82549824799
120.09,8.32706,23.3831,0,48,55,0,2500,0,0,0,24.6883,13.3844,0,1400,82558152476
119.218,8.38797,23.3831,0,48,55,0,2500,0,0,0,24.6883,13.3844,0,1400,82566540880
119.047,8.40007,23.3831,0,48,55,0,2500,0,0,0,24.6883,13.3844,0,1400,82574941230
119.917,8.33909,23.3831,0,48,55,0,2500,0,0,0,24.6883,13.3844,0,1400,82583280895
119.821,8.34578,23.3831,0,48,55,0,2500,0,0,0,24.6883,13.3844,0,1400,82591626961
120.025,8.33157,23.3831,0,48,55,0,2500,0,0,0,24.6883,13.3844,0,1400,82599958848
118.507,8.43835,23.3831,0,48,55,0,2500,0,0,0,24.6883,13.3844,0,1400,82608398024
119.803,8.34702,23.3831,0,48,55,0,2500,0,0,0,24.6883,13.3844,0,1400,82616745407
123.557,8.09346,23.3831,0,48,55,0,2500,0,0,0,24.6883,13.3844,0,1400,82624839442
119.33,8.38011,23.3831,0,48,55,0,2500,0,0,0,24.6883,13.3844,0,1400,82633220571
120.116,8.32532,23.3831,0,48,55,0,2500,0,0,0,24.6883,13.3844,0,1400,82641546456
118.372,8.44792,23.3831,0,48,55,0,2500,0,0,0,24.6883,13.3844,0,1400,82649995208
120.945,8.26822,23.3831,0,48,55,0,2500,0,0,0,24.6883,13.3844,0,1400,82658263023
116.235,8.60329,23.3831,0,48,55,0,2500,0,0,0,24.6883,13.3844,0,1400,82666866802
123.874,8.07271,23.3831,0,48,55,0,2500,0,0,0,24.6883,13.3844,0,1400,82674940116
118.569,8.43389,23.3831,0,48,55,0,2500,0,0,0,24.6883,13.3844,0,1400,82683373928
122.123,8.18844,23.3831,0,48,55,0,2500,0,0,0,24.6883,13.3844,0,1400,82691563130
117.475,8.51242,23.3831,0,48,55,0,2500,0,0,0,24.6883,13.3844,0,1400,82700075750
122.18,8.18465,23.3831,0,48,55,0,2500,0,0,0,24.6883,13.3844,0,1400,82708260819
115.443,8.66229,23.3831,0,48,55,0,2500,0,0,0,24.6883,13.3844,0,1400,82716923482
127.527,7.84145,23.3831,0,48,55,0,2500,0,0,0,24.6883,13.3844,0,1400,82724765143
119.056,8.3994,23.3831,0,48,55,0,2500,0,0,0,24.6883,13.3844,0,1400,82733164952
118.741,8.4217,23.3831,0,48,55,0,2500,0,0,0,24.6883,13.3844,0,1400,82741587220
119.879,8.34174,23.3831,0,48,55,0,2500,0,0,0,24.6883,13.3844,0,1400,82749930030
118.923,8.40877,23.3831,0,48,55,0,2500,0,0,0,24.6883,13.3844,0,1400,82758339103
120.459,8.30159,23.3831,0,48,55,0,2500,0,0,0,24.6883,13.3844,0,1400,82766640460
119.281,8.38358,23.3831,0,48,55,0,2500,0,0,0,24.6883,13.3844,0,1400,82775024411
116.607,8.57581,23.3831,0,48,55,0,2500,0,0,0,24.6883,13.3844,0,1400,82783601114
125.681,7.95667,23.3831,0,48,55,0,2500,0,0,0,24.6883,13.3844,0,1400,82791557894
119.382,8.37651,23.3831,0,48,55,0,2500,0,0,0,24.6883,13.3844,0,1400,82799935358
119.248,8.3859,23.3831,0,48,55,0,2500,0,0,0,24.6883,13.3844,0,1400,82808328448
122.24,8.18063,21.197,0,47,55,0,2500,0,0,0,24.6854,13.3844,0,1402,82816502149
117.55,8.50699,21.197,0,47,55,0,2500,0,0,0,24.6854,13.3844,0,1402,82825009583
119.646,8.35799,21.197,0,47,55,0,2500,0,0,0,24.6854,13.3844,0,1402,82833368018
120.517,8.29757,21.197,0,47,55,0,2500,0,0,0,24.6854,13.3844,0,1402,82841665668
122.657,8.15279,21.197,0,47,55,0,2500,0,0,0,24.6854,13.3844,0,1402,82849819110
117.992,8.47516,21.197,0,47,55,0,2500,0,0,0,24.6854,13.3844,0,1402,82858294513
121.76,8.2129,21.197,0,47,55,0,2500,0,0,0,24.6854,13.3844,0,1402,82866508075
114.84,8.70778,21.197,0,47,55,0,2500,0,0,0,24.6854,13.3844,0,1402,82875215933
119.419,8.37387,21.197,0,47,55,0,2500,0,0,0,24.6854,13.3844,0,1402,82883590195
124.667,8.02135,21.197,0,47,55,0,2500,0,0,0,24.6854,13.3844,0,1402,82891612014
118.583,8.43292,21.197,0,47,55,0,2500,0,0,0,24.6854,13.3844,0,1402,82900045302
120.498,8.29887,21.197,0,47,55,0,2500,0,0,0,24.6854,13.3844,0,1402,82908344540
119.66,8.35698,21.197,0,47,55,0,2500,0,0,0,24.6854,13.3844,0,1402,82916701936
120.641,8.28906,21.197,0,47,55,0,2500,0,0,0,24.6854,13.3844,0,1402,82924991283
120.374,8.30747,21.197,0,47,55,0,2500,0,0,0,24.6854,13.3844,0,1402,82933299153
122.129,8.18808,21.197,0,47,55,0,2500,0,0,0,24.6854,13.3844,0,1402,82941487648
118.11,8.46672,21.197,0,47,55,0,2500,0,0,0,24.6854,13.3844,0,1402,82949955249
120.01,8.33262,21.197,0,47,55,0,2500,0,0,0,24.6854,13.3844,0,1402,82958287771
123.523,8.09568,21.197,0,47,55,0,2500,0,0,0,24.6854,13.3844,0,1402,82966383873
116.33,8.59626,21.197,0,47,55,0,2500,0,0,0,24.6854,13.3844,0,1402,82974980386
121.294,8.2444,21.197,0,47,55,0,2500,0,0,0,24.6854,13.3844,0,1402,82983225390
118.97,8.40547,21.197,0,47,55,0,2500,0,0,0,24.6854,13.3844,0,1402,82991631179
119.001,8.40328,21.197,0,47,55,0,2500,0,0,0,24.6854,13.3844,0,1402,83000034591
122.631,8.15455,21.197,0,47,55,0,2500,0,0,0,24.6854,13.3844,0,1402,83008189773
117.325,8.52335,21.197,0,47,55,0,2500,0,0,0,24.6854,13.3844,0,1402,83016713502
122.156,8.18623,21.197,0,47,55,0,2500,0,0,0,24.6854,13.3844,0,1402,83024900452
119.47,8.37029,21.197,0,47,55,0,2500,0,0,0,24.6854,13.3844,0,1402,83033270548
122.795,8.14369,21.197,0,47,55,0,2500,0,0,0,24.6854,13.3844,0,1402,83041414690
117.776,8.49068,21.197,0,47,55,0,2500,0,0,0,24.6854,13.3844,0,1402,83049906078
120.765,8.28055,21.197,0,47,55,0,2500,0,0,0,24.6854,13.3844,0,1402,83058186782
120.452,8.30206,21.197,0,47,55,0,2500,0,0,0,24.6854,13.3844,0,1402,83066489358
120.596,8.29215,21.197,0,47,55,0,2500,0,0,0,24.6854,13.3844,0,1402,83074781870
114.319,8.74742,21.197,0,47,55,0,2500,0,0,0,24.6854,13.3844,0,1402,83083529430
119.262,8.38491,21.197,0,47,55,0,2500,0,0,0,24.6854,13.3844,0,1402,83091914622
121.942,8.20063,21.197,0,47,55,0,2500,0,0,0,24.6854,13.3844,0,1402,83100115885
125.471,7.96996,21.197,0,47,55,0,2500,0,0,0,24.6854,13.3844,0,1402,83108086152
116.161,8.60872,21.197,0,47,55,0,2500,0,0,0,24.6854,13.3844,0,1402,83116695149
122.335,8.17424,21.197,0,47,55,0,2500,0,0,0,24.6854,13.3844,0,1402,83124869556
117.251,8.52874,21.197,0,47,55,0,2500,0,0,0,24.6854,13.3844,0,1402,83133398620
120.953,8.26771,21.197,0,47,55,0,2500,0,0,0,24.6854,13.3844,0,1402,83141667434
121.184,8.25194,21.197,0,47,55,0,2500,0,0,0,24.6854,13.3844,0,1402,83149919768
119.721,8.35278,21.197,0,47,55,0,2500,0,0,0,24.6854,13.3844,0,1402,83158272443
118.084,8.46855,21.197,0,47,55,0,2500,0,0,0,24.6854,13.3844,0,1402,83166741393
124.385,8.03958,21.197,0,47,55,0,2500,0,0,0,24.6854,13.3844,0,1402,83174781548
118.186,8.46124,21.197,0,47,55,0,2500,0,0,0,24.6854,13.3844,0,1402,83183243283
122.119,8.18875,21.197,0,47,55,0,2500,0,0,0,24.6854,13.3844,0,1402,83191431997
119.697,8.35446,21.197,0,47,55,0,2500,0,0,0,24.6854,13.3844,0,1402,83199786631
118.355,8.44913,21.197,0,47,55,0,2500,0,0,0,24.6854,13.3844,0,1402,83208236285
118.407,8.44543,21.197,0,47,55,0,2500,0,0,0,24.6854,13.3844,0,1402,83216682246
121.096,8.25788,21.197,0,47,55,0,2500,0,0,0,24.6854,13.3844,0,1402,83224940168
120.581,8.29319,21.197,0,47,55,0,2500,0,0,0,24.6854,13.3844,0,1402,83233233670
116.345,8.59514,21.197,0,47,55,0,2500,0,0,0,24.6854,13.3844,0,1402,83241829125
121.197,8.25101,21.197,0,47,55,0,2500,0,0,0,24.6854,13.3844,0,1402,83250081140
121.161,8.25345,21.197,0,47,55,0,2500,0,0,0,24.6854,13.3844,0,1402,83258335056
120.195,8.31981,21.197,0,47,55,0,2500,0,0,0,24.6854,13.3844,0,1402,83266654755
121.997,8.19695,21.197,0,47,55,0,2500,0,0,0,24.6854,13.3844,0,1402,83274852021
119.185,8.39032,21.197,0,47,55,0,2500,0,0,0,24.6854,13.3844,0,1402,83283242867
120.331,8.3104,21.197,0,47,55,0,2500,0,0,0,24.6854,13.3844,0,1402,83291553570
121.281,8.24534,21.197,0,47,55,0,2500,0,0,0,24.6854,13.3844,0,1402,83299799101
121.215,8.24979,21.197,0,47,55,0,2500,0,0,0,24.6854,13.3844,0,1402,83308048781
117.569,8.50567,21.197,0,47,55,0,2500,0,0,0,24.6854,13.3844,0,1402,83316560577
118.223,8.45856,19.1176,0,47,55,0,2500,0,0,0,24.6852,13.3843,0,1400,83325014046
121.037,8.26194,19.1176,0,47,55,0,2500,0,0,0,24.6852,13.3843,0,1400,83333277096
121.862,8.20603,19.1176,0,47,55,0,2500,0,0,0,24.6852,13.3843,0,1400,83341483167
120.569,8.29398,19.1176,0,47,55,0,2500,0,0,0,24.6852,13.3843,0,1400,83349777382
118.304,8.4528,19.1176,0,47,55,0,2500,0,0,0,24.6852,13.3843,0,1400,83358230797
120.03,8.33126,19.1176,0,47,55,0,2500,0,0,0,24.6852,13.3843,0,1400,83366561984
120.532,8.29654,19.1176,0,47,55,0,2500,0,0,0,24.6852,13.3843,0,1400,83374858861
120.617,8.29068,19.1176,0,47,55,0,2500,0,0,0,24.6852,13.3843,0,1400,83383150276
119.583,8.36241,19.1176,0,47,55,0,2500,0,0,0,24.6852,13.3843,0,1400,83391512856
116.953,8.55047,19.1176,0,47,55,0,2500,0,0,0,24.6852,13.3843,0,1400,83400063464
123.041,8.12739,19.1176,0,47,55,0,2500,0,0,0,24.6852,13.3843,0,1400,83408191369
121.837,8.20767,19.1176,0,47,55,0,2500,0,0,0,24.6852,13.3843,0,1400,83416399396
117.022,8.54537,19.1176,0,47,55,0,2500,0,0,0,24.6852,13.3843,0,1400,83424944988
120.058,8.32934,19.1176,0,47,55,0,2500,0,0,0,24.6852,13.3843,0,1400,83433274604
121.549,8.2271,19.1176,0,47,55,0,2500,0,0,0,24.6852,13.3843,0,1400,83441502936
119.897,8.34047,19.1176,0,47,55,0,2500,0,0,0,24.6852,13.3843,0,1400,83449843482
118.693,8.42509,19.1176,0,47,55,0,2500,0,0,0,24.6852,13.3843,0,1400,83458268548
119.73,8.3521,19.1176,0,47,55,0,2500,0,0,0,24.6852,13.3843,0,1400,83466620762
120.624,8.29025,19.1176,0,47,55,0,2500,0,0,0,24.6852,13.3843,0,1400,83474911370
119.942,8.33734,19.1176,0,47,55,0,2500,0,0,0,24.6852,13.3843,0,1400,83483249149
120.868,8.27347,19.1176,0,47,55,0,2500,0,0,0,24.6852,13.3843,0,1400,83491523203
120.438,8.30305,19.1176,0,47,55,0,2500,0,0,0,24.6852,13.3843,0,1400,83499827113
117.945,8.47853,19.1176,0,47,55,0,2500,0,0,0,24.6852,13.3843,0,1400,83508305726
120.669,8.28714,19.1176,0,47,55,0,2500,0,0,0,24.6852,13.3843,0,1400,83516593032
121.021,8.26305,19.1176,0,47,55,0,2500,0,0,0,24.6852,13.3843,0,1400,83524856256
118.669,8.42682,19.1176,0,47,55,0,2500,0,0,0,24.6852,13.3843,0,1400,83533283226
120.471,8.30074,19.1176,0,47,55,0,2500,0,0,0,24.6852,13.3843,0,1400,83541584333
119.208,8.3887,19.1176,0,47,55,0,2500,0,0,0,24.6852,13.3843,0,1400,83549973469
120.757,8.28107,19.1176,0,47,55,0,2500,0,0,0,24.6852,13.3843,0,1400,83558254722
115.682,8.64441,19.1176,0,47,55,0,2500,0,0,0,24.6852,13.3843,0,1400,83566899542
122.07,8.19203,19.1176,0,47,55,0,2500,0,0,0,24.6852,13.3843,0,1400,83575091839
123.521,8.09578,19.1176,0,47,55,0,2500,0,0,0,24.6852,13.3843,0,1400,83583187688
121.874,8.20516,19.1176,0,47,55,0,2500,0,0,0,24.6852,13.3843,0,1400,83591392958
120.599,8.29197,19.1176,0,47,55,0,2500,0,0,0,24.6852,13.3843,0,1400,83599685182
113.892,8.78026,19.1176,0,47,55,0,2500,0,0,0,24.6852,13.3843,0,1400,83608465812
124.163,8.05392,19.1176,0,47,55,0,2500,0,0,0,24.6852,13.3843,0,1400,83616521307
119.923,8.33871,19.1176,0,47,55,0,2500,0,0,0,24.6852,13.3843,0,1400,83624860331
117.356,8.52106,19.1176,0,47,55,0,2500,0,0,0,24.6852,13.3843,0,1400,83633382339
122.636,8.15419,19.1176,0,47,55,0,2500,0,0,0,24.6852,13.3843,0,1400,83641536874
118.876,8.41212,19.1176,0,47,55,0,2500,0,0,0,24.6852,13.3843,0,1400,83649949874
116.691,8.56962,19.1176,0,47,55,0,2500,0,0,0,24.6852,13.3843,0,1400,83658519744
124.77,8.01476,19.1176,0,47,55,0,2500,0,0,0,24.6852,13.3843,0,1400,83666535071
120.564,8.29436,19.1176,0,47,55,0,2500,0,0,0,24.6852,13.3843,0,1400,83674829460
119.376,8.37686,19.1176,0,47,55,0,2500,0,0,0,24.6852,13.3843,0,1400,83683206916
116.73,8.56675,19.1176,0,47,55,0,2500,0,0,0,24.6852,13.3843,0,1400,83691773943
119.482,8.36944,19.1176,0,47,55,0,2500,0,0,0,24.6852,13.3843,0,1400,83700143916
122.027,8.19493,19.1176,0,47,55,0,2500,0,0,0,24.6852,13.3843,0,1400,83708339457
118.175,8.46203,19.1176,0,47,55,0,2500,0,0,0,24.6852,13.3843,0,1400,83716801627
122.886,8.13763,19.1176,0,47,55,0,2500,0,0,0,24.6852,13.3843,0,1400,83724940062
117.306,8.52471,19.1176,0,47,55,0,2500,0,0,0,24.6852,13.3843,0,1400,83733465539
122.338,8.17407,19.1176,0,47,55,0,2500,0,0,0,24.6852,13.3843,0,1400,83741640310
120.336,8.31009,19.1176,0,47,55,0,2500,0,0,0,24.6852,13.3843,0,1400,83749951056
118.324,8.45139,19.1176,0,47,55,0,2500,0,0,0,24.6852,13.3843,0,1400,83758403035
120.328,8.3106,19.1176,0,47,55,0,2500,0,0,0,24.6852,13.3843,0,1400,83766714576
118.743,8.42155,19.1176,0,47,55,0,2500,0,0,0,24.6852,13.3843,0,1400,83775136786
123.008,8.12958,19.1176,0,47,55,0,2500,0,0,0,24.6852,13.3843,0,1400,83783266851
119.044,8.40026,19.1176,0,47,55,0,2500,0,0,0,24.6852,13.3843,0,1400,83791667760
120.434,8.3033,19.1176,0,47,55,0,2500,0,0,0,24.6852,13.3843,0,1400,83799971761
119.897,8.34048,19.1176,0,47,55,0,2500,0,0,0,24.6852,13.3843,0,1400,83808313150
119.46,8.371,19.1176,0,47,55,0,2500,0,0,0,24.6852,13.3843,0,1400,83816693531
118.138,8.46469,18.9055,0,47,55,0,2500,0,0,0,24.6852,13.3843,0,1319,83825149510
122.195,8.18361,18.9055,0,47,55,0,2500,0,0,0,24.6852,13.3843,0,1319,83833333550
118.917,8.4092,18.9055,0,47,55,0,2500,0,0,0,24.6852,13.3843,0,1319,83841742887
119.151,8.3927,18.9055,0,47,55,0,2500,0,0,0,24.6852,13.3843,0,1319,83850135848
119.847,8.34398,18.9055,0,47,55,0,2500,0,0,0,24.6852,13.3843,0,1319,83858480512
122.402,8.16978,18.9055,0,47,55,0,2500,0,0,0,24.6852,13.3843,0,1319,83866650266
117.551,8.50692,18.9055,0,47,55,0,2500,0,0,0,24.6852,13.3843,0,1319,83875157514
120.732,8.28282,18.9055,0,47,55,0,2500,0,0,0,24.6852,13.3843,0,1319,83883440552
122.996,8.13035,18.9055,0,47,55,0,2500,0,0,0,24.6852,13.3843,0,1319,83891571481
119.196,8.38955,18.9055,0,47,55,0,2500,0,0,0,24.6852,13.3843,0,1319,83899961434
115.493,8.65857,18.9055,0,47,55,0,2500,0,0,0,24.6852,13.3843,0,1319,83908620381
125.076,7.99513,18.9055,0,47,55,0,2500,0,0,0,24.6852,13.3843,0,1319,83916615708
118.29,8.45381,18.9055,0,47,55,0,2500,0,0,0,24.6852,13.3843,0,1319,83925069702
122.385,8.1709,18.9055,0,47,55,0,2500,0,0,0,24.6852,13.3843,0,1319,83933241120
119.379,8.3767,18.9055,0,47,55,0,2500,0,0,0,24.6852,13.3843,0,1319,83941619153
121.449,8.23389,18.9055,0,47,55,0,2500,0,0,0,24.6852,13.3843,0,1319,83949853613
118.389,8.44671,18.9055,0,47,55,0,2500,0,0,0,24.6852,13.3843,0,1319,83958301395
120.272,8.31452,18.9055,0,47,55,0,2500,0,0,0,24.6852,13.3843,0,1319,83966615844
114.859,8.70635,18.9055,0,47,55,0,2500,0,0,0,24.6852,13.3843,0,1319,83975322497
125.446,7.97153,18.9055,0,47,55,0,2500,0,0,0,24.6852,13.3843,0,1319,83983293979
120.638,8.28924,18.9055,0,47,55,0,2500,0,0,0,24.6852,13.3843,0,1319,83991583771
119.459,8.3711,18.9055,0,47,55,0,2500,0,0,0,24.6852,13.3843,0,1319,83999955333
121.191,8.2514,18.9055,0,47,55,0,2500,0,0,0,24.6852,13.3843,0,1319,84008206828
118.303,8.4529,18.9055,0,47,55,0,2500,0,0,0,24.6852,13.3843,0,1319,84016661309
120.972,8.26635,18.9055,0,47,55,0,2500,0,0,0,24.6852,13.3843,0,1319,84024927932
119.811,8.34645,18.9055,0,47,55,0,2500,0,0,0,24.6852,13.3843,0,1319,84033274604
116.858,8.55741,18.9055,0,47,55,0,2500,0,0,0,24.6852,13.3843,0,1319,84041831932
121.121,8.2562,18.9055,0,47,55,0,2500,0,0,0,24.6852,13.3843,0,1319,84050089635
121.463,8.23294,18.9055,0,47,55,0,2500,0,0,0,24.6852,13.3843,0,1319,84058322962
121.393,8.23769,18.9055,0,47,55,0,2500,0,0,0,24.6852,13.3843,0,1319,84066561475
120.807,8.27764,18.9055,0,47,55,0,2500,0,0,0,24.6852,13.3843,0,1319,84074839552
116.098,8.61343,18.9055,0,47,55,0,2500,0,0,0,24.6852,13.3843,0,1319,84083453391
122.686,8.15088,18.9055,0,47,55,0,2500,0,0,0,24.6852,13.3843,0,1319,84091605220
119.59,8.36193,18.9055,0,47,55,0,2500,0,0,0,24.6852,13.3843,0,1319,84099967831
121.321,8.24261,18.9055,0,47,55,0,2500,0,0,0,24.6852,13.3843,0,1319,84108211094
118.972,8.40536,18.9055,0,47,55,0,2500,0,0,0,24.6852,13.3843,0,1319,84116616759
119.059,8.39917,18.9055,0,47,55,0,2500,0,0,0,24.6852,13.3843,0,1319,84125017299
118.581,8.43306,18.9055,0,47,55,0,2500,0,0,0,24.6852,13.3843,0,1319,84133450447
122.838,8.14083,18.9055,0,47,55,0,2500,0,0,0,24.6852,13.3843,0,1319,84141591337
119.829,8.34521,18.9055,0,47,55,0,2500,0,0,0,24.6852,13.3843,0,1319,84149937379
117.649,8.49989,18.9055,0,47,55,0,2500,0,0,0,24.6852,13.3843,0,1319,84158438186
121.663,8.21941,18.9055,0,47,55,0,2500,0,0,0,24.6852,13.3843,0,1319,84166658639
120.765,8.28055,18.9055,0,47,55,0,2500,0,0,0,24.6852,13.3843,0,1319,84174939694
118.781,8.41883,18.9055,0,47,55,0,2500,0,0,0,24.6852,13.3843,0,1319,84183359450
121.087,8.2585,18.9055,0,47,55,0,2500,0,0,0,24.6852,13.3843,0,1319,84191618474
119.217,8.38804,18.9055,0,47,55,0,2500,0,0,0,24.6852,13.3843,0,1319,84200006318
117.393,8.51839,18.9055,0,47,55,0,2500,0,0,0,24.6852,13.3843,0,1319,84208525726
123.411,8.10302,18.9055,0,47,55,0,2500,0,0,0,24.6852,13.3843,0,1319,84216628937
119.748,8.35086,18.9055,0,47,55,0,2500,0,0,0,24.6852,13.3843,0,1319,84224980677
119.802,8.34712,18.9055,0,47,55,0,2500,0,0,0,24.6852,13.3843,0,1319,84233329062
119.955,8.33646,18.9055,0,47,55,0,2500,0,0,0,24.6852,13.3843,0,1319,84241665066
120.831,8.276,18.9055,0,47,55,0,2500,0,0,0,24.6852,13.3843,0,1319,84249941801
119.443,8.37221,18.9055,0,47,55,0,2500,0,0,0,24.6852,13.3843,0,1319,84258315054
120.891,8.27195,18.9055,0,47,55,0,2500,0,0,0,24.6852,13.3843,0,1319,84266587990
119.671,8.35626,18.9055,0,47,55,0,2500,0,0,0,24.6852,13.3843,0,1319,84274944512
119.529,8.36614,18.9055,0,47,55,0,2500,0,0,0,24.6852,13.3843,0,1319,84283311297
120.399,8.30574,18.9055,0,47,55,0,2500,0,0,0,24.6852,13.3843,0,1319,84291617580
119.952,8.33665,18.9055,0,47,55,0,2500,0,0,0,24.6852,13.3843,0,1319,84299955399
116.154,8.60926,18.9055,0,47,55,0,2500,0,0,0,24.6852,13.3843,0,1319,84308564870
123.653,8.08716,18.9055,0,47,55,0,2500,0,0,0,24.6852,13.3843,0,1319,84316652694
120.088,8.32723,18.9055,0,47,55,0,2500,0,0,0,24.6852,13.3843,0,1319,84324987499
118.88,8.41182,19.8044,0,47,55,0,2500,0,0,0,24.6861,13.3842,0,1400,84333393486
120.833,8.27589,19.8044,0,47,55,0,2500,0,0,0,24.6861,13.3842,0,1400,84341669577
119.568,8.36347,19.8044,0,47,55,0,2500,0,0,0,24.6861,13.3842,0,1400,84350033516
117.769,8.49121,19.8044,0,47,55,0,2500,0,0,0,24.6861,13.3842,0,1400,84358525558
121.159,8.25362,19.8044,0,47,55,0,2500,0,0,0,24.6861,13.3842,0,1400,84366779543
120.751,8.28148,19.8044,0,47,55,0,2500,0,0,0,24.6861,13.3842,0,1400,84375061508
120.612,8.29105,19.8044,0,47,55,0,2500,0,0,0,24.6861,13.3842,0,1400,84383353333
120.128,8.32443,19.8044,0,47,55,0,2500,0,0,0,24.6861,13.3842,0,1400,84391678345
120.966,8.2668,19.8044,0,47,55,0,2500,0,0,0,24.6861,13.3842,0,1400,84399945797
119.607,8.36071,19.8044,0,47,55,0,2500,0,0,0,24.6861,13.3842,0,1400,84408307334
118.179,8.46175,19.8044,0,47,55,0,2500,0,0,0,24.6861,13.3842,0,1400,84416769814
120.308,8.31198,19.8044,0,47,55,0,2500,0,0,0,24.6861,13.3842,0,1400,84425082352
120.717,8.28382,19.8044,0,47,55,0,2500,0,0,0,24.6861,13.3842,0,1400,84433366372
119.723,8.3526,19.8044,0,47,55,0,2500,0,0,0,24.6861,13.3842,0,1400,84441719340
120.246,8.31627,19.8044,0,47,55,0,2500,0,0,0,24.6861,13.3842,0,1400,84450036552
119.835,8.34478,19.8044,0,47,55,0,2500,0,0,0,24.6861,13.3842,0,1400,84458382339
121.059,8.26045,19.8044,0,47,55,0,2500,0,0,0,24.6861,13.3842,0,1400,84466643103
119.519,8.36686,19.8044,0,47,55,0,2500,0,0,0,24.6861,13.3842,0,1400,84475010185
119.097,8.3965,19.8044,0,47,55,0,2500,0,0,0,24.6861,13.3842,0,1400,84483407548
121.656,8.21992,19.8044,0,47,55,0,2500,0,0,0,24.6861,13.3842,0,1400,84491627951
119.431,8.37301,19.8044,0,47,55,0,2500,0,0,0,24.6861,13.3842,0,1400,84500001636
118.458,8.4418,19.8044,0,47,55,0,2500,0,0,0,24.6861,13.3842,0,1400,84508443852
120.782,8.27936,19.8044,0,47,55,0,2500,0,0,0,24.6861,13.3842,0,1400,84516723888
119.299,8.38229,19.8044,0,47,55,0,2500,0,0,0,24.6861,13.3842,0,1400,84525106716
121.635,8.2213,19.8044,0,47,55,0,2500,0,0,0,24.6861,13.3842,0,1400,84533328274
120.953,8.26766,19.8044,0,47,55,0,2500,0,0,0,24.6861,13.3842,0,1400,84541596521
119.502,8.36805,19.8044,0,47,55,0,2500,0,0,0,24.6861,13.3842,0,1400,84549965516
119.922,8.33876,19.8044,0,47,55,0,2500,0,0,0,24.6861,13.3842,0,1400,84558304567
120.248,8.31612,19.8044,0,47,55,0,2500,0,0,0,24.6861,13.3842,0,1400,84566621768
118.776,8.41923,19.8044,0,47,55,0,2500,0,0,0,24.6861,13.3842,0,1400,84575041162
119.802,8.34709,19.8044,0,47,55,0,2500,0,0,0,24.6861,13.3842,0,1400,84583389400
120.199,8.31954,19.8044,0,47,55,0,2500,0,0,0,24.6861,13.3842,0,1400,84591709022
120.334,8.31017,19.8044,0,47,55,0,2500,0,0,0,24.6861,13.3842,0,1400,84600019863
121.113,8.25677,19.8044,0,47,55,0,2500,0,0,0,24.6861,13.3842,0,1400,84608277240
117.944,8.47857,19.8044,0,47,55,0,2500,0,0,0,24.6861,13.3842,0,1400,84616756446
120.452,8.30205,19.8044,0,47,55,0,2500,0,0,0,24.6861,13.3842,0,1400,84625059119
117.583,8.50464,19.8044,0,47,55,0,2500,0,0,0,24.6861,13.3842,0,1400,84633564686
121.418,8.23603,19.8044,0,47,55,0,2500,0,0,0,24.6861,13.3842,0,1400,84641801101
120.575,8.29358,19.8044,0,47,55,0,2500,0,0,0,24.6861,13.3842,0,1400,84650095351
118.755,8.42069,19.8044,0,47,55,0,2500,0,0,0,24.6861,13.3842,0,1400,84658516876
121.64,8.22101,19.8044,0,47,55,0,2500,0,0,0,24.6861,13.3842,0,1400,84666738415
120.347,8.30931,19.8044,0,47,55,0,2500,0,0,0,24.6861,13.3842,0,1400,84675047609
117.869,8.48396,19.8044,0,47,55,0,2500,0,0,0,24.6861,13.3842,0,1400,84683532787
121.859,8.20619,19.8044,0,47,55,0,2500,0,0,0,24.6861,13.3842,0,1400,84691739518
121.331,8.24193,19.8044,0,47,55,0,2500,0,0,0,24.6861,13.3842,0,1400,84699981879
116.711,8.5682,19.8044,0,47,55,0,2500,0,0,0,24.6861,13.3842,0,1400,84708550408
121.392,8.23776,19.8044,0,47,55,0,2500,0,0,0,24.6861,13.3842,0,1400,84716788796
120.856,8.2743,19.8044,0,47,55,0,2500,0,0,0,24.6861,13.3842,0,1400,84725063535
118.182,8.4615,19.8044,0,47,55,0,2500,0,0,0,24.6861,13.3842,0,1400,84733525752
121.844,8.20719,19.8044,0,47,55,0,2500,0,0,0,24.6861,13.3842,0,1400,84741733441
119.331,8.38004,19.8044,0,47,55,0,2500,0,0,0,24.6861,13.3842,0,1400,84750114121
120.505,8.29843,19.8044,0,47,55,0,2500,0,0,0,24.6861,13.3842,0,1400,84758413234
119.957,8.33629,19.8044,0,47,55,0,2500,0,0,0,24.6861,13.3842,0,1400,84766749961
120.512,8.29792,19.8044,0,47,55,0,2500,0,0,0,24.6861,13.3842,0,1400,84775049204
118.673,8.42655,19.8044,0,47,55,0,2500,0,0,0,24.6861,13.3842,0,1400,84783476385
119.845,8.34413,19.8044,0,47,55,0,2500,0,0,0,24.6861,13.3842,0,1400,84791821072
121.305,8.24369,19.8044,0,47,55,0,2500,0,0,0,24.6861,13.3842,0,1400,84800065305
119.316,8.38111,19.8044,0,47,55,0,2500,0,0,0,24.6861,13.3842,0,1400,84808447062
122.15,8.18666,19.8044,0,47,55,0,2500,0,0,0,24.6861,13.3842,0,1400,84816634532
118.805,8.41716,19.8044,0,47,55,0,2500,0,0,0,24.6861,13.3842,0,1400,84825059798
118.4,8.44596,19.1542,0,48,55,0,2500,0,0,0,24.688,13.3841,0,1400,84833498690
121.199,8.2509,19.1542,0,48,55,0,2500,0,0,0,24.688,13.3841,0,1400,84841750011
120.143,8.32344,19.1542,0,48,55,0,2500,0,0,0,24.688,13.3841,0,1400,84850073757
118.948,8.40705,19.1542,0,48,55,0,2500,0,0,0,24.688,13.3841,0,1400,84858481933
121.311,8.24329,19.1542,0,48,55,0,2500,0,0,0,24.688,13.3841,0,1400,84866725325
120.239,8.31677,19.1542,0,48,55,0,2500,0,0,0,24.688,13.3841,0,1400,84875042952
117.476,8.51237,19.1542,0,48,55,0,2500,0,0,0,24.688,13.3841,0,1400,84883556012
121.846,8.20705,19.1542,0,48,55,0,2500,0,0,0,24.688,13.3841,0,1400,84891763468
120.138,8.32374,19.1542,0,48,55,0,2500,0,0,0,24.688,13.3841,0,1400,84900088195
119.3,8.38221,19.1542,0,48,55,0,2500,0,0,0,24.688,13.3841,0,1400,84908470810
121.467,8.23267,19.1542,0,48,55,0,2500,0,0,0,24.688,13.3841,0,1400,84916703960
118.489,8.43963,19.1542,0,48,55,0,2500,0,0,0,24.688,13.3841,0,1400,84925144600
118.218,8.45895,19.1542,0,48,55,0,2500,0,0,0,24.688,13.3841,0,1400,84933604265
121.218,8.24959,19.1542,0,48,55,0,2500,0,0,0,24.688,13.3841,0,1400,84941854258
120.726,8.28323,19.1542,0,48,55,0,2500,0,0,0,24.688,13.3841,0,1400,84950138053
120.515,8.29771,19.1542,0,48,55,0,2500,0,0,0,24.688,13.3841,0,1400,84958436932
120.472,8.30069,19.1542,0,48,55,0,2500,0,0,0,24.688,13.3841,0,1400,84966737890
120.101,8.32631,19.1542,0,48,55,0,2500,0,0,0,24.688,13.3841,0,1400,84975065136
117.899,8.4818,19.1542,0,48,55,0,2500,0,0,0,24.688,13.3841,0,1400,84983547401
122.057,8.19287,19.1542,0,48,55,0,2500,0,0,0,24.688,13.3841,0,1400,84991740638
120.794,8.27859,19.1542,0,48,55,0,2500,0,0,0,24.688,13.3841,0,1400,85000019813
118.626,8.42984,19.1542,0,48,55,0,2500,0,0,0,24.688,13.3841,0,1400,85008450617
120.04,8.33055,19.1542,0,48,55,0,2500,0,0,0,24.688,13.3841,0,1400,85016781541
121.058,8.26049,19.1542,0,48,55,0,2500,0,0,0,24.688,13.3841,0,1400,85025042866
120.354,8.30881,19.1542,0,48,55,0,2500,0,0,0,24.688,13.3841,0,1400,85033353064
120.685,8.28603,19.1542,0,48,55,0,2500,0,0,0,24.688,13.3841,0,1400,85041639097
119.106,8.39585,19.1542,0,48,55,0,2500,0,0,0,24.688,13.3841,0,1400,85050035133
120.407,8.30519,19.1542,0,48,55,0,2500,0,0,0,24.688,13.3841,0,1400,85058341011
119.909,8.33968,19.1542,0,48,55,0,2500,0,0,0,24.688,13.3841,0,1400,85066681992
118.978,8.40494,19.1542,0,48,55,0,2500,0,0,0,24.688,13.3841,0,1400,85075087101
117.752,8.49245,19.1542,0,48,55,0,2500,0,0,0,24.688,13.3841,0,1400,85083579731
122.569,8.1587,19.1542,0,48,55,0,2500,0,0,0,24.688,13.3841,0,1400,85091739691
120.92,8.26992,19.1542,0,48,55,0,2500,0,0,0,24.688,13.3841,0,1400,85100010518
120.316,8.31147,19.1542,0,48,55,0,2500,0,0,0,24.688,13.3841,0,1400,85108322690
119.849,8.34387,19.1542,0,48,55,0,2500,0,0,0,24.688,13.3841,0,1400,85116666727
117.682,8.4975,19.1542,0,48,55,0,2500,0,0,0,24.688,13.3841,0,1400,85125164855
118.553,8.43502,19.1542,0,48,55,0,2500,0,0,0,24.688,13.3841,0,1400,85133600327
121.27,8.24603,19.1542,0,48,55,0,2500,0,0,0,24.688,13.3841,0,1400,85141847728
122.359,8.17269,19.1542,0,48,55,0,2500,0,0,0,24.688,13.3841,0,1400,85150020363
117.315,8.52409,19.1542,0,48,55,0,2500,0,0,0,24.688,13.3841,0,1400,85158545508
120.718,8.28375,19.1542,0,48,55,0,2500,0,0,0,24.688,13.3841,0,1400,85166829339
121.354,8.24032,19.1542,0,48,55,0,2500,0,0,0,24.688,13.3841,0,1400,85175070746
117.973,8.47653,19.1542,0,48,55,0,2500,0,0,0,24.688,13.3841,0,1400,85183547471
121.801,8.2101,19.1542,0,48,55,0,2500,0,0,0,24.688,13.3841,0,1400,85191758523
120.794,8.27854,19.1542,0,48,55,0,2500,0,0,0,24.688,13.3841,0,1400,85200037243
117.992,8.47513,19.1542,0,48,55,0,2500,0,0,0,24.688,13.3841,0,1400,85208513327
119.456,8.37126,19.1542,0,48,55,0,2500,0,0,0,24.688,13.3841,0,1400,85216884735
121.232,8.24863,19.1542,0,48,55,0,2500,0,0,0,24.688,13.3841,0,1400,85225134712
120.284,8.31363,19.1542,0,48,55,0,2500,0,0,0,24.688,13.3841,0,1400,85233448809
120.435,8.30322,19.1542,0,48,55,0,2500,0,0,0,24.688,13.3841,0,1400,85241752919
119.913,8.33939,19.1542,0,48,55,0,2500,0,0,0,24.688,13.3841,0,1400,85250092559
120.719,8.28369,19.1542,0,48,55,0,2500,0,0,0,24.688,13.3841,0,1400,85258377532
120.324,8.31089,19.1542,0,48,55,0,2500,0,0,0,24.688,13.3841,0,1400,85266688560
117.175,8.53423,19.1542,0,48,55,0,2500,0,0,0,24.688,13.3841,0,1400,85275222852
121.371,8.23923,19.1542,0,48,55,0,2500,0,0,0,24.688,13.3841,0,1400,85283463442
121.228,8.24893,19.1542,0,48,55,0,2500,0,0,0,24.688,13.3841,0,1400,85291713030
119.093,8.39678,19.1542,0,48,55,0,2500,0,0,0,24.688,13.3841,0,1400,85300110455
121.778,8.21164,19.1542,0,48,55,0,2500,0,0,0,24.688,13.3841,0,1400,85308321674
118.865,8.41291,19.1542,0,48,55,0,2500,0,0,0,24.688,13.3841,0,1400,85316735380
120.025,8.33158,19.1542,0,48,55,0,2500,0,0,0,24.688,13.3841,0,1400,85325074096
119.059,8.39917,19.9005,0,47,55,0,2500,0,0,0,24.6883,13.3841,0,1300,85333466381
121.297,8.24426,19.9005,0,47,55,0,2500,0,0,0,24.6883,13.3841,0,1300,85341710968
116.885,8.55543,19.9005,0,47,55,0,2500,0,0,0,24.6883,13.3841,0,1300,85350268075
122.187,8.18416,19.9005,0,47,55,0,2500,0,0,0,24.6883,13.3841,0,1300,85358452836
121.551,8.22702,19.9005,0,47,55,0,2500,0,0,0,24.6883,13.3841,0,1300,85366680208
118.687,8.42555,19.9005,0,47,55,0,2500,0,0,0,24.6883,13.3841,0,1300,85375105891
119.565,8.36362,19.9005,0,47,55,0,2500,0,0,0,24.6883,13.3841,0,1300,85383470399
122.392,8.1705,19.9005,0,47,55,0,2500,0,0,0,24.6883,13.3841,0,1300,85391640752
117.7,8.49617,19.9005,0,47,55,0,2500,0,0,0,24.6883,13.3841,0,1300,85400137261
117.968,8.47691,19.9005,0,47,55,0,2500,0,0,0,24.6883,13.3841,0,1300,85408614274
122.639,8.15398,19.9005,0,47,55,0,2500,0,0,0,24.6883,13.3841,0,1300,85416768712
119.649,8.35778,19.9005,0,47,55,0,2500,0,0,0,24.6883,13.3841,0,1300,85425126780
122.295,8.17698,19.9005,0,47,55,0,2500,0,0,0,24.6883,13.3841,0,1300,85433304132
116.255,8.60179,19.9005,0,47,55,0,2500,0,0,0,24.6883,13.3841,0,1300,85441906370
122.42,8.16862,19.9005,0,47,55,0,2500,0,0,0,24.6883,13.3841,0,1300,85450075220
116.524,8.58194,19.9005,0,47,55,0,2500,0,0,0,24.6883,13.3841,0,1300,85458657685
124.943,8.00363,19.9005,0,47,55,0,2500,0,0,0,24.6883,13.3841,0,1300,85466661540
118.736,8.42204,19.9005,0,47,55,0,2500,0,0,0,24.6883,13.3841,0,1300,85475084225
117.492,8.51124,19.9005,0,47,55,0,2500,0,0,0,24.6883,13.3841,0,1300,85483595682
122.573,8.15841,19.9005,0,47,55,0,2500,0,0,0,24.6883,13.3841,0,1300,85491754123
119.895,8.34061,19.9005,0,47,55,0,2500,0,0,0,24.6883,13.3841,0,1300,85500095091
119.954,8.33651,19.9005,0,47,55,0,2500,0,0,0,24.6883,13.3841,0,1300,85508431740
121.021,8.26303,19.9005,0,47,55,0,2500,0,0,0,24.6883,13.3841,0,1300,85516695286
121.363,8.23972,19.9005,0,47,55,0,2500,0,0,0,24.6883,13.3841,0,1300,85524935627
113.572,8.805,19.9005,0,47,55,0,2500,0,0,0,24.6883,13.3841,0,1300,85533742066
124.804,8.01258,19.9005,0,47,55,0,2500,0,0,0,24.6883,13.3841,0,1300,85541754376
119.616,8.36008,19.9005,0,47,55,0,2500,0,0,0,24.6883,13.3841,0,1300,85550115226
120.309,8.31191,19.9005,0,47,55,0,2500,0,0,0,24.6883,13.3841,0,1300,85558428042
119.367,8.37753,19.9005,0,47,55,0,2500,0,0,0,24.6883,13.3841,0,1300,85566806111
121.142,8.25481,19.9005,0,47,55,0,2500,0,0,0,24.6883,13.3841,0,1300,85575061662
118.47,8.44098,19.9005,0,47,55,0,2500,0,0,0,24.6883,13.3841,0,1300,85583502874
120.174,8.32127,19.9005,0,47,55,0,2500,0,0,0,24.6883,13.3841,0,1300,85591824731
119.146,8.39306,19.9005,0,47,55,0,2500,0,0,0,24.6883,13.3841,0,1300,85600218057
120.806,8.27777,19.9005,0,47,55,0,2500,0,0,0,24.6883,13.3841,0,1300,85608496013
116.775,8.56346,19.9005,0,47,55,0,2500,0,0,0,24.6883,13.3841,0,1300,85617060508
124.904,8.00612,19.9005,0,47,55,0,2500,0,0,0,24.6883,13.3841,0,1300,85625067817
119.088,8.39715,19.9005,0,47,55,0,2500,0,0,0,24.6883,13.3841,0,1300,85633465156
120.337,8.30999,19.9005,0,47,55,0,2500,0,0,0,24.6883,13.3841,0,1300,85641775798
115.923,8.62642,19.9005,0,47,55,0,2500,0,0,0,24.6883,13.3841,0,1300,85650403340
124.26,8.04763,19.9005,0,47,55,0,2500,0,0,0,24.6883,13.3841,0,1300,85658451692
117.205,8.53204,19.9005,0,47,55,0,2500,0,0,0,24.6883,13.3841,0,1300,85666984149
118.182,8.46152,19.9005,0,47,55,0,2500,0,0,0,24.6883,13.3841,0,1300,85675445612
122.276,8.17822,19.9005,0,47,55,0,2500,0,0,0,24.6883,13.3841,0,1300,85683625011
122.279,8.17802,19.9005,0,47,55,0,2500,0,0,0,24.6883,13.3841,0,1300,85691803163
117.936,8.47918,19.9005,0,47,55,0,2500,0,0,0,24.6883,13.3841,0,1300,85700282906
121.459,8.23325,19.9005,0,47,55,0,2500,0,0,0,24.6883,13.3841,0,1300,85708516177
120.957,8.26738,19.9005,0,47,55,0,2500,0,0,0,24.6883,13.3841,0,1300,85716784388
119.855,8.34342,19.9005,0,47,55,0,2500,0,0,0,24.6883,13.3841,0,1300,85725127815
117.893,8.48226,19.9005,0,47,55,0,2500,0,0,0,24.6883,13.3841,0,1300,85733610855
118.957,8.40636,19.9005,0,47,55,0,2500,0,0,0,24.6883,13.3841,0,1300,85742018392
124.495,8.03242,19.9005,0,47,55,0,2500,0,0,0,24.6883,13.3841,0,1300,85750050905
118.328,8.45109,19.9005,0,47,55,0,2500,0,0,0,24.6883,13.3841,0,1300,85758502974
120.477,8.30033,19.9005,0,47,55,0,2500,0,0,0,24.6883,13.3841,0,1300,85766803596
119.394,8.37566,19.9005,0,47,55,0,2500,0,0,0,24.6883,13.3841,0,1300,85775180185
119.239,8.3865,19.9005,0,47,55,0,2500,0,0,0,24.6883,13.3841,0,1300,85783566773
121.988,8.19754,19.9005,0,47,55,0,2500,0,0,0,24.6883,13.3841,0,1300,85791765379
119.058,8.3993,19.9005,0,47,55,0,2500,0,0,0,24.6883,13.3841,0,1300,85800165583
118.393,8.44645,19.9005,0,47,55,0,2500,0,0,0,24.6883,13.3841,0,1300,85808612592
121.766,8.21248,19.9005,0,47,55,0,2500,0,0,0,24.6883,13.3841,0,1300,85816825298
120.572,8.29381,19.9005,0,47,55,0,2500,0,0,0,24.6883,13.3841,0,1300,85825128413
119.202,8.3891,18.75,0,47,55,0,2500,0,0,0,24.6882,13.3841,0,1501,85833509370
120.667,8.2873,18.75,0,47,55,0,2500,0,0,0,24.6882,13.3841,0,1501,85841797506
120.193,8.31998,18.75,0,47,55,0,2500,0,0,0,24.6882,13.3841,0,1501,85850117970
118.454,8.44213,18.75,0,47,55,0,2500,0,0,0,24.6882,13.3841,0,1501,85858560862
121.102,8.25752,18.75,0,47,55,0,2500,0,0,0,24.6882,13.3841,0,1501,85866818573
119.195,8.38962,18.75,0,47,55,0,2500,0,0,0,24.6882,13.3841,0,1501,85875208514
117.003,8.5468,18.75,0,47,55,0,2500,0,0,0,24.6882,13.3841,0,1501,85883756624
124.152,8.05462,18.75,0,47,55,0,2500,0,0,0,24.6882,13.3841,0,1501,85891810848
120.147,8.32313,18.75,0,47,55,0,2500,0,0,0,24.6882,13.3841,0,1501,85900134150
116.597,8.57655,18.75,0,47,55,0,2500,0,0,0,24.6882,13.3841,0,1501,85908712157
123.351,8.10694,18.75,0,47,55,0,2500,0,0,0,24.6882,13.3841,0,1501,85916819253
121.05,8.26102,18.75,0,47,55,0,2500,0,0,0,24.6882,13.3841,0,1501,85925081598
118.666,8.427,18.75,0,47,55,0,2500,0,0,0,24.6882,13.3841,0,1501,85933509096
121.377,8.23876,18.75,0,47,55,0,2500,0,0,0,24.6882,13.3841,0,1501,85941748300
119.616,8.36009,18.75,0,47,55,0,2500,0,0,0,24.6882,13.3841,0,1501,85950108762
118.042,8.47154,18.75,0,47,55,0,2500,0,0,0,24.6882,13.3841,0,1501,85958581326
121.334,8.24174,18.75,0,47,55,0,2500,0,0,0,24.6882,13.3841,0,1501,85966822930
120.238,8.31682,18.75,0,47,55,0,2500,0,0,0,24.6882,13.3841,0,1501,85975140568
118.141,8.46445,18.75,0,47,55,0,2500,0,0,0,24.6882,13.3841,0,1501,85983605634
121.586,8.22464,18.75,0,47,55,0,2500,0,0,0,24.6882,13.3841,0,1501,85991831508
119.37,8.37732,18.75,0,47,55,0,2500,0,0,0,24.6882,13.3841,0,1501,86000209708
120.521,8.29732,18.75,0,47,55,0,2500,0,0,0,24.6882,13.3841,0,1501,86008507385
119.663,8.35681,18.75,0,47,55,0,2500,0,0,0,24.6882,13.3841,0,1501,86016864565
119.989,8.33412,18.75,0,47,55,0,2500,0,0,0,24.6882,13.3841,0,1501,86025199034
120.683,8.28616,18.75,0,47,55,0,2500,0,0,0,24.6882,13.3841,0,1501,86033484890
117.173,8.53438,18.75,0,47,55,0,2500,0,0,0,24.6882,13.3841,0,1501,86042019440
122.425,8.16825,18.75,0,47,55,0,2500,0,0,0,24.6882,13.3841,0,1501,86050188249
121.381,8.23851,18.75,0,47,55,0,2500,0,0,0,24.6882,13.3841,0,1501,86058427408
119.763,8.34984,18.75,0,47,55,0,2500,0,0,0,24.6882,13.3841,0,1501,86066778382
119.51,8.36747,18.75,0,47,55,0,2500,0,0,0,24.6882,13.3841,0,1501,86075146585
119.514,8.36725,18.75,0,47,55,0,2500,0,0,0,24.6882,13.3841,0,1501,86083513962
120.526,8.29694,18.75,0,47,55,0,2500,0,0,0,24.6882,13.3841,0,1501,86091810783
120.537,8.29623,18.75,0,47,55,0,2500,0,0,0,24.6882,13.3841,0,1501,86100107168
119.841,8.34437,18.75,0,47,55,0,2500,0,0,0,24.6882,13.3841,0,1501,86108452189
117.975,8.47638,18.75,0,47,55,0,2500,0,0,0,24.6882,13.3841,0,1501,86116928827
121.918,8.20222,18.75,0,47,55,0,2500,0,0,0,24.6882,13.3841,0,1501,86125132180
120.041,8.33049,18.75,0,47,55,0,2500,0,0,0,24.6882,13.3841,0,1501,86133463726
119.956,8.33641,18.75,0,47,55,0,2500,0,0,0,24.6882,13.3841,0,1501,86141800682
118.884,8.41158,18.75,0,47,55,0,2500,0,0,0,24.6882,13.3841,0,1501,86150212641
120.652,8.2883,18.75,0,47,55,0,2500,0,0,0,24.6882,13.3841,0,1501,86158502007
119.653,8.35753,18.75,0,47,55,0,2500,0,0,0,24.6882,13.3841,0,1501,86166859545
120.596,8.29213,18.75,0,47,55,0,2500,0,0,0,24.6882,13.3841,0,1501,86175152521
119.026,8.40153,18.75,0,47,55,0,2500,0,0,0,24.6882,13.3841,0,1501,86183555053
121.635,8.22129,18.75,0,47,55,0,2500,0,0,0,24.6882,13.3841,0,1501,86191776537
118.097,8.46762,18.75,0,47,55,0,2500,0,0,0,24.6882,13.3841,0,1501,86200244992
121.972,8.1986,18.75,0,47,55,0,2500,0,0,0,24.6882,13.3841,0,1501,86208444103
119.448,8.37181,18.75,0,47,55,0,2500,0,0,0,24.6882,13.3841,0,1501,86216816420
119.536,8.36566,18.75,0,47,55,0,2500,0,0,0,24.6882,13.3841,0,1501,86225183005
118.25,8.45667,18.75,0,47,55,0,2500,0,0,0,24.6882,13.3841,0,1501,86233640200
122.271,8.17857,18.75,0,47,55,0,2500,0,0,0,24.6882,13.3841,0,1501,86241818919
119.066,8.39869,18.75,0,47,55,0,2500,0,0,0,24.6882,13.3841,0,1501,86250218523
119.825,8.34551,18.75,0,47,55,0,2500,0,0,0,24.6882,13.3841,0,1501,86258564423
120.95,8.26789,18.75,0,47,55,0,2500,0,0,0,24.6882,13.3841,0,1501,86266832204
118.421,8.44448,18.75,0,47,55,0,2500,0,0,0,24.6882,13.3841,0,1501,86275276862
120.329,8.31053,18.75,0,47,55,0,2500,0,0,0,24.6882,13.3841,0,1501,86283588037
118.314,8.45206,18.75,0,47,55,0,2500,0,0,0,24.6882,13.3841,0,1501,86292040090
125.265,7.98306,18.75,0,47,55,0,2500,0,0,0,24.6882,13.3841,0,1501,86300023615
114.274,8.75093,18.75,0,47,55,0,2500,0,0,0,24.6882,13.3841,0,1501,86308776724
122.663,8.15243,18.75,0,47,55,0,2500,0,0,0,24.6882,13.3841,0,1501,86316929238
120.251,8.31594,18.75,0,47,55,0,2500,0,0,0,24.6882,13.3841,0,1501,86325269715
120.59,8.29255,19.4514,0,47,55,0,2500,0,0,0,24.6892,13.3841,0,1300,86333538858
120.874,8.27308,19.4514,0,47,55,0,2500,0,0,0,24.6892,13.3841,0,1300,86341812594
117.639,8.50059,19.4514,0,47,55,0,2500,0,0,0,24.6892,13.3841,0,1300,86350313693
121.904,8.20315,19.4514,0,47,55,0,2500,0,0,0,24.6892,13.3841,0,1300,86358517713
120.006,8.33291,19.4514,0,47,55,0,2500,0,0,0,24.6892,13.3841,0,1300,86366850609
119.49,8.36892,19.4514,0,47,55,0,2500,0,0,0,24.6892,13.3841,0,1300,86375220105
120.399,8.30572,19.4514,0,47,55,0,2500,0,0,0,24.6892,13.3841,0,1300,86383527168
118.294,8.45352,19.4514,0,47,55,0,2500,0,0,0,24.6892,13.3841,0,1300,86391980466
122.122,8.18854,19.4514,0,47,55,0,2500,0,0,0,24.6892,13.3841,0,1300,86400168848
119.966,8.33573,19.4514,0,47,55,0,2500,0,0,0,24.6892,13.3841,0,1300,86408504926
117.653,8.49958,19.4514,0,47,55,0,2500,0,0,0,24.6892,13.3841,0,1300,86417005163
121.814,8.20921,19.4514,0,47,55,0,2500,0,0,0,24.6892,13.3841,0,1300,86425214487
119.059,8.39923,19.4514,0,47,55,0,2500,0,0,0,24.6892,13.3841,0,1300,86433615530
122.384,8.17101,19.4514,0,47,55,0,2500,0,0,0,24.6892,13.3841,0,1300,86441786531
118.693,8.42511,19.4514,0,47,55,0,2500,0,0,0,24.6892,13.3841,0,1300,86450212187
119.829,8.34521,19.4514,0,47,55,0,2500,0,0,0,24.6892,13.3841,0,1300,86458557986
121.923,8.20192,19.4514,0,47,55,0,2500,0,0,0,24.6892,13.3841,0,1300,86466760573
118.531,8.43659,19.4514,0,47,55,0,2500,0,0,0,24.6892,13.3841,0,1300,86475197953
120.799,8.27824,19.4514,0,47,55,0,2500,0,0,0,24.6892,13.3841,0,1300,86483477254
118.756,8.42064,19.4514,0,47,55,0,2500,0,0,0,24.6892,13.3841,0,1300,86491897846
122.219,8.18203,19.4514,0,47,55,0,2500,0,0,0,24.6892,13.3841,0,1300,86500081133
119.617,8.36003,19.4514,0,47,55,0,2500,0,0,0,24.6892,13.3841,0,1300,86508441490
120.681,8.2863,19.4514,0,47,55,0,2500,0,0,0,24.6892,13.3841,0,1300,86516728332
117.426,8.51601,19.4514,0,47,55,0,2500,0,0,0,24.6892,13.3841,0,1300,86525245317
119.5,8.36819,19.4514,0,47,55,0,2500,0,0,0,24.6892,13.3841,0,1300,86533613394
119.148,8.39289,19.4514,0,47,55,0,2500,0,0,0,24.6892,13.3841,0,1300,86542006441
121.814,8.20922,19.4514,0,47,55,0,2500,0,0,0,24.6892,13.3841,0,1300,86550216826
120.511,8.29803,19.4514,0,47,55,0,2500,0,0,0,24.6892,13.3841,0,1300,86558515509
120.377,8.30726,19.4514,0,47,55,0,2500,0,0,0,24.6892,13.3841,0,1300,86566823302
119.233,8.38694,19.4514,0,47,55,0,2500,0,0,0,24.6892,13.3841,0,1300,86575210747
118.698,8.42471,19.4514,0,47,55,0,2500,0,0,0,24.6892,13.3841,0,1300,86583635912
123.233,8.11474,19.4514,0,47,55,0,2500,0,0,0,24.6892,13.3841,0,1300,86591750406
118.774,8.41937,19.4514,0,47,55,0,2500,0,0,0,24.6892,13.3841,0,1300,86600170418
116.375,8.59289,19.4514,0,47,55,0,2500,0,0,0,24.6892,13.3841,0,1300,86608763569
121.537,8.22793,19.4514,0,47,55,0,2500,0,0,0,24.6892,13.3841,0,1300,86616991670
121.38,8.23862,19.4514,0,47,55,0,2500,0,0,0,24.6892,13.3841,0,1300,86625230927
115.456,8.66128,19.4514,0,47,55,0,2500,0,0,0,24.6892,13.3841,0,1300,86633892716
124.972,8.00178,19.4514,0,47,55,0,2500,0,0,0,24.6892,13.3841,0,1300,86641894788
121.029,8.26245,19.4514,0,47,55,0,2500,0,0,0,24.6892,13.3841,0,1300,86650157776
118.291,8.4537,19.4514,0,47,55,0,2500,0,0,0,24.6892,13.3841,0,1300,86658612045
119.17,8.3914,19.4514,0,47,55,0,2500,0,0,0,24.6892,13.3841,0,1300,86667004111
122.795,8.14362,19.4514,0,47,55,0,2500,0,0,0,24.6892,13.3841,0,1300,86675148229
119.144,8.39322,19.4514,0,47,55,0,2500,0,0,0,24.6892,13.3841,0,1300,86683541876
120.302,8.3124,19.4514,0,47,55,0,2500,0,0,0,24.6892,13.3841,0,1300,86691855100
120.153,8.32272,19.4514,0,47,55,0,2500,0,0,0,24.6892,13.3841,0,1300,86700178457
117.556,8.50661,19.4514,0,47,55,0,2500,0,0,0,24.6892,13.3841,0,1300,86708685916
121.94,8.20073,19.4514,0,47,55,0,2500,0,0,0,24.6892,13.3841,0,1300,86716886882
121.016,8.26335,19.4514,0,47,55,0,2500,0,0,0,24.6892,13.3841,0,1300,86725150789
119.953,8.33657,19.4514,0,47,55,0,2500,0,0,0,24.6892,13.3841,0,1300,86733488566
118.766,8.41995,19.4514,0,47,55,0,2500,0,0,0,24.6892,13.3841,0,1300,86741908480
120.459,8.30155,19.4514,0,47,55,0,2500,0,0,0,24.6892,13.3841,0,1300,86750210283
119.598,8.36134,19.4514,0,47,55,0,2500,0,0,0,24.6892,13.3841,0,1300,86758571570
118.118,8.46608,19.4514,0,47,55,0,2500,0,0,0,24.6892,13.3841,0,1300,86767038060
123.047,8.12695,19.4514,0,47,55,0,2500,0,0,0,24.6892,13.3841,0,1300,86775165508
117.183,8.53367,19.4514,0,47,55,0,2500,0,0,0,24.6892,13.3841,0,1300,86783699888
124.498,8.03228,19.4514,0,47,55,0,2500,0,0,0,24.6892,13.3841,0,1300,86791732052
114.439,8.73832,19.4514,0,47,55,0,2500,0,0,0,24.6892,13.3841,0,1300,86800471875
122.688,8.15078,19.4514,0,47,55,0,2500,0,0,0,24.6892,13.3841,0,1300,86808623415
121.665,8.21929,19.4514,0,47,55,0,2500,0,0,0,24.6892,13.3841,0,1300,86816843174
118.41,8.44526,19.4514,0,47,55,0,2500,0,0,0,24.6892,13.3841,0,1300,86825295719
118.171,8.4623,20.0495,0,47,55,0,2500,0,0,0,24.5826,13.3841,0,1400,86833752086
122.133,8.18781,20.0495,0,47,55,0,2500,0,0,0,24.5826,13.3841,0,1400,86841940309
121.125,8.25596,20.0495,0,47,55,0,2500,0,0,0,24.5826,13.3841,0,1400,86850197123
118.741,8.42166,20.0495,0,47,55,0,2500,0,0,0,24.5826,13.3841,0,1400,86858619255
120.765,8.28054,20.0495,0,47,55,0,2500,0,0,0,24.5826,13.3841,0,1400,86866900479
121.341,8.24122,20.0495,0,47,55,0,2500,0,0,0,24.5826,13.3841,0,1400,86875141988
120.24,8.31671,20.0495,0,47,55,0,2500,0,0,0,24.5826,13.3841,0,1400,86883458549
120.153,8.32271,20.0495,0,47,55,0,2500,0,0,0,24.5826,13.3841,0,1400,86891781348
118.072,8.46943,20.0495,0,47,55,0,2500,0,0,0,24.5826,13.3841,0,1400,86900251145
117.531,8.50839,20.0495,0,47,55,0,2500,0,0,0,24.5826,13.3841,0,1400,86908759932
119.424,8.37356,20.0495,0,47,55,0,2500,0,0,0,24.5826,13.3841,0,1400,86917134344
120.437,8.3031,20.0495,0,47,55,0,2500,0,0,0,24.5826,13.3841,0,1400,86925437529
119.356,8.37831,20.0495,0,47,55,0,2500,0,0,0,24.5826,13.3841,0,1400,86933816185
121.317,8.24288,20.0495,0,47,55,0,2500,0,0,0,24.5826,13.3841,0,1400,86942060032
121.826,8.20842,20.0495,0,47,55,0,2500,0,0,0,24.5826,13.3841,0,1400,86950269173
120.345,8.30943,20.0495,0,47,55,0,2500,0,0,0,24.5826,13.3841,0,1400,86958579315
120.315,8.3115,20.0495,0,47,55,0,2500,0,0,0,24.5826,13.3841,0,1400,86966891369
120.077,8.32801,20.0495,0,47,55,0,2500,0,0,0,24.5826,13.3841,0,1400,86975219595
120.936,8.26886,20.0495,0,47,55,0,2500,0,0,0,24.5826,13.3841,0,1400,86983489346
118.397,8.44614,20.0495,0,47,55,0,2500,0,0,0,24.5826,13.3841,0,1400,86991936287
121.102,8.25752,20.0495,0,47,55,0,2500,0,0,0,24.5826,13.3841,0,1400,87000194042
119.394,8.37564,20.0495,0,47,55,0,2500,0,0,0,24.5826,13.3841,0,1400,87008570636
120.813,8.27724,20.0495,0,47,55,0,2500,0,0,0,24.5826,13.3841,0,1400,87016848446
119.492,8.3688,20.0495,0,47,55,0,2500,0,0,0,24.5826,13.3841,0,1400,87025218078
118.848,8.41414,20.0495,0,47,55,0,2500,0,0,0,24.5826,13.3841,0,1400,87033632778
120.709,8.28437,20.0495,0,47,55,0,2500,0,0,0,24.5826,13.3841,0,1400,87041917317
120.2,8.31945,20.0495,0,47,55,0,2500,0,0,0,24.5826,13.3841,0,1400,87050237343
120.339,8.30984,20.0495,0,47,55,0,2500,0,0,0,24.5826,13.3841,0,1400,87058548870
116.989,8.5478,20.0495,0,47,55,0,2500,0,0,0,24.5826,13.3841,0,1400,87067096179
121.961,8.19934,20.0495,0,47,55,0,2500,0,0,0,24.5826,13.3841,0,1400,87075296504
121.439,8.23461,20.0495,0,47,55,0,2500,0,0,0,24.5826,13.3841,0,1400,87083531672
119.438,8.37256,20.0495,0,47,55,0,2500,0,0,0,24.5826,13.3841,0,1400,87091904028
118.964,8.40588,20.0495,0,47,55,0,2500,0,0,0,24.5826,13.3841,0,1400,87100310176
121.131,8.25549,20.0495,0,47,55,0,2500,0,0,0,24.5826,13.3841,0,1400,87108566310
118.109,8.46675,20.0495,0,47,55,0,2500,0,0,0,24.5826,13.3841,0,1400,87117033306
122.314,8.17567,20.0495,0,47,55,0,2500,0,0,0,24.5826,13.3841,0,1400,87125209471
121.48,8.23181,20.0495,0,47,55,0,2500,0,0,0,24.5826,13.3841,0,1400,87133441497
116.095,8.61364,20.0495,0,47,55,0,2500,0,0,0,24.5826,13.3841,0,1400,87142056048
122.904,8.13641,20.0495,0,47,55,0,2500,0,0,0,24.5826,13.3841,0,1400,87150193336
119.761,8.34996,20.0495,0,47,55,0,2500,0,0,0,24.5826,13.3841,0,1400,87158543816
119.008,8.40278,20.0495,0,47,55,0,2500,0,0,0,24.5826,13.3841,0,1400,87166947060
121.303,8.24379,20.0495,0,47,55,0,2500,0,0,0,24.5826,13.3841,0,1400,87175191647
117.808,8.48837,20.0495,0,47,55,0,2500,0,0,0,24.5826,13.3841,0,1400,87183680191
121.241,8.24802,20.0495,0,47,55,0,2500,0,0,0,24.5826,13.3841,0,1400,87191928570
120.892,8.27187,20.0495,0,47,55,0,2500,0,0,0,24.5826,13.3841,0,1400,87200200549
120.028,8.33137,20.0495,0,47,55,0,2500,0,0,0,24.5826,13.3841,0,1400,87208532590
115.937,8.62534,20.0495,0,47,55,0,2500,0,0,0,24.5826,13.3841,0,1400,87217158146
120.113,8.32551,20.0495,0,47,55,0,2500,0,0,0,24.5826,13.3841,0,1400,87225483752
123.548,8.09402,20.0495,0,47,55,0,2500,0,0,0,24.5826,13.3841,0,1400,87233578214
119.568,8.36347,20.0495,0,47,55,0,2500,0,0,0,24.5826,13.3841,0,1400,87241942172
121.519,8.2292,20.0495,0,47,55,0,2500,0,0,0,24.5826,13.3841,0,1400,87250171646
119.762,8.34986,20.0495,0,47,55,0,2500,0,0,0,24.5826,13.3841,0,1400,87258522536
118.659,8.4275,20.0495,0,47,55,0,2500,0,0,0,24.5826,13.3841,0,1400,87266949936
120.145,8.32331,20.0495,0,47,55,0,2500,0,0,0,24.5826,13.3841,0,1400,87275273715
121.082,8.25885,20.0495,0,47,55,0,2500,0,0,0,24.5826,13.3841,0,1400,87283534154
119.378,8.37673,20.0495,0,47,55,0,2500,0,0,0,24.5826,13.3841,0,1400,87291911044
121.522,8.22894,20.0495,0,47,55,0,2500,0,0,0,24.5826,13.3841,0,1400,87300140491
118.936,8.4079,20.0495,0,47,55,0,2500,0,0,0,24.5826,13.3841,0,1400,87308548847
118.276,8.45483,20.0495,0,47,55,0,2500,0,0,0,24.5826,13.3841,0,1400,87317004714
121.764,8.21263,20.0495,0,47,55,0,2500,0,0,0,24.5826,13.3841,0,1400,87325217956
117.911,8.48098,20.0495,0,47,55,0,2500,0,0,0,24.5826,13.3841,0,1400,87333706361
122.525,8.16162,19.656,0,47,55,0,2500,0,0,0,24.5831,13.384,0,1334,87341861456
120.471,8.30077,19.656,0,47,55,0,2500,0,0,0,24.5831,13.384,0,1334,87350163128
117.817,8.48772,19.656,0,47,55,0,2500,0,0,0,24.5831,13.384,0,1334,87358651297
119.984,8.33444,19.656,0,47,55,0,2500,0,0,0,24.5831,13.384,0,1334,87366986727
118.358,8.44893,19.656,0,47,55,0,2500,0,0,0,24.5831,13.384,0,1334,87375436105
123.72,8.08276,19.656,0,47,55,0,2500,0,0,0,24.5831,13.384,0,1334,87383519331
118.062,8.47012,19.656,0,47,55,0,2500,0,0,0,24.5831,13.384,0,1334,87391990051
120.774,8.27994,19.656,0,47,55,0,2500,0,0,0,24.5831,13.384,0,1334,87400270839
121.184,8.25194,19.656,0,47,55,0,2500,0,0,0,24.5831,13.384,0,1334,87408523635
118.696,8.42488,19.656,0,47,55,0,2500,0,0,0,24.5831,13.384,0,1334,87416948317
120.149,8.32298,19.656,0,47,55,0,2500,0,0,0,24.5831,13.384,0,1334,87425271996
121.157,8.25378,19.656,0,47,55,0,2500,0,0,0,24.5831,13.384,0,1334,87433526385
118.815,8.41648,19.656,0,47,55,0,2500,0,0,0,24.5831,13.384,0,1334,87441943581
118.487,8.43974,19.656,0,47,55,0,2500,0,0,0,24.5831,13.384,0,1334,87450383936
120.784,8.27926,19.656,0,47,55,0,2500,0,0,0,24.5831,13.384,0,1334,87458664113
119.412,8.3744,19.656,0,47,55,0,2500,0,0,0,24.5831,13.384,0,1334,87467038213
121.669,8.21902,19.656,0,47,55,0,2500,0,0,0,24.5831,13.384,0,1334,87475257364
119.44,8.37237,19.656,0,47,55,0,2500,0,0,0,24.5831,13.384,0,1334,87483630562
117.528,8.50863,19.656,0,47,55,0,2500,0,0,0,24.5831,13.384,0,1334,87492139465
123.109,8.12286,19.656,0,47,55,0,2500,0,0,0,24.5831,13.384,0,1334,87500262550
117.332,8.52279,19.656,0,47,55,0,2500,0,0,0,24.5831,13.384,0,1334,87508786188
120.867,8.27359,19.656,0,47,55,0,2500,0,0,0,24.5831,13.384,0,1334,87517059986
121.294,8.24446,19.656,0,47,55,0,2500,0,0,0,24.5831,13.384,0,1334,87525305371
119.199,8.38932,19.656,0,47,55,0,2500,0,0,0,24.5831,13.384,0,1334,87533694782
119.542,8.36524,19.656,0,47,55,0,2500,0,0,0,24.5831,13.384,0,1334,87542060045
121.249,8.24747,19.656,0,47,55,0,2500,0,0,0,24.5831,13.384,0,1334,87550307880
118.052,8.47084,19.656,0,47,55,0,2500,0,0,0,24.5831,13.384,0,1334,87558779774
119.882,8.34154,19.656,0,47,55,0,2500,0,0,0,24.5831,13.384,0,1334,87567121588
122.939,8.13411,19.656,0,47,55,0,2500,0,0,0,24.5831,13.384,0,1334,87575255679
120.171,8.32146,19.656,0,47,55,0,2500,0,0,0,24.5831,13.384,0,1334,87583577479
119.409,8.3746,19.656,0,47,55,0,2500,0,0,0,24.5831,13.384,0,1334,87591953475
118.61,8.43101,19.656,0,47,55,0,2500,0,0,0,24.5831,13.384,0,1334,87600384972
121.058,8.26047,19.656,0,47,55,0,2500,0,0,0,24.5831,13.384,0,1334,87608645506
121.412,8.23641,19.656,0,47,55,0,2500,0,0,0,24.5831,13.384,0,1334,87616882386
120.125,8.32467,19.656,0,47,55,0,2500,0,0,0,24.5831,13.384,0,1334,87625207420
116.615,8.57524,19.656,0,47,55,0,2500,0,0,0,24.5831,13.384,0,1334,87633783080
119.918,8.33903,19.656,0,47,55,0,2500,0,0,0,24.5831,13.384,0,1334,87642122391
122.641,8.1539,19.656,0,47,55,0,2500,0,0,0,24.5831,13.384,0,1334,87650276586
118.156,8.46338,19.656,0,47,55,0,2500,0,0,0,24.5831,13.384,0,1334,87658740264
120.805,8.27779,19.656,0,47,55,0,2500,0,0,0,24.5831,13.384,0,1334,87667018647
122.436,8.16753,19.656,0,47,55,0,2500,0,0,0,24.5831,13.384,0,1334,87675186563
117.002,8.5469,19.656,0,47,55,0,2500,0,0,0,24.5831,13.384,0,1334,87683734546
117.893,8.48224,19.656,0,47,55,0,2500,0,0,0,24.5831,13.384,0,1334,87692217340
121.999,8.19678,19.656,0,47,55,0,2500,0,0,0,24.5831,13.384,0,1334,87700414658
119.636,8.35869,19.656,0,47,55,0,2500,0,0,0,24.5831,13.384,0,1334,87708773692
121.5,8.23044,19.656,0,47,55,0,2500,0,0,0,24.5831,13.384,0,1334,87717004343
119.724,8.35255,19.656,0,47,55,0,2500,0,0,0,24.5831,13.384,0,1334,87725357651
120.083,8.32758,19.656,0,47,55,0,2500,0,0,0,24.5831,13.384,0,1334,87733686137
121.161,8.25351,19.656,0,47,55,0,2500,0,0,0,24.5831,13.384,0,1334,87741940100
118.52,8.4374,19.656,0,47,55,0,2500,0,0,0,24.5831,13.384,0,1334,87750378070
120,8.33335,19.656,0,47,55,0,2500,0,0,0,24.5831,13.384,0,1334,87758712268
120.352,8.30893,19.656,0,47,55,0,2500,0,0,0,24.5831,13.384,0,1334,87767021400
116.927,8.55237,19.656,0,47,55,0,2500,0,0,0,24.5831,13.384,0,1334,87775574612
124.737,8.01686,19.656,0,47,55,0,2500,0,0,0,24.5831,13.384,0,1334,87783591921
120.429,8.30368,19.656,0,47,55,0,2500,0,0,0,24.5831,13.384,0,1334,87791896312
117.877,8.48342,19.656,0,47,55,0,2500,0,0,0,24.5831,13.384,0,1334,87800380329
121.444,8.23425,19.656,0,47,55,0,2500,0,0,0,24.5831,13.384,0,1334,87808614936
119.819,8.3459,19.656,0,47,55,0,2500,0,0,0,24.5831,13.384,0,1334,87816961188
120.743,8.28208,19.656,0,47,55,0,2500,0,0,0,24.5831,13.384,0,1334,87825244665
118.98,8.40479,19.656,0,47,55,0,2500,0,0,0,24.5831,13.384,0,1334,87833649988
119.74,8.35142,19.656,0,47,55,0,2500,0,0,0,24.5831,13.384,0,1334,87842009606
118.666,8.42703,18.7192,0,47,55,0,2500,0,0,0,24.5833,13.384,0,1400,87850429481
121.609,8.22307,18.7192,0,47,55,0,2500,0,0,0,24.5833,13.384,0,1400,87858652533
119.78,8.34866,18.7192,0,47,55,0,2500,0,0,0,24.5833,13.384,0,1400,87867001988
120.42,8.30428,18.7192,0,47,55,0,2500,0,0,0,24.5833,13.384,0,1400,87875307026
121.011,8.2637,18.7192,0,47,55,0,2500,0,0,0,24.5833,13.384,0,1400,87883571809
117.104,8.53942,18.7192,0,47,55,0,2500,0,0,0,24.5833,13.384,0,1400,87892111153
124.013,8.06368,18.7192,0,47,55,0,2500,0,0,0,24.5833,13.384,0,1400,87900174913
120.133,8.32414,18.7192,0,47,55,0,2500,0,0,0,24.5833,13.384,0,1400,87908499089
118.809,8.4169,18.7192,0,47,55,0,2500,0,0,0,24.5833,13.384,0,1400,87916916537
121.743,8.21405,18.7192,0,47,55,0,2500,0,0,0,24.5833,13.384,0,1400,87925130929
115.767,8.63804,18.7192,0,47,55,0,2500,0,0,0,24.5833,13.384,0,1400,87933769861
122.679,8.15136,18.7192,0,47,55,0,2500,0,0,0,24.5833,13.384,0,1400,87941921475
117.674,8.49809,18.7192,0,47,55,0,2500,0,0,0,24.5833,13.384,0,1400,87950420721
123.908,8.07053,18.7192,0,47,55,0,2500,0,0,0,24.5833,13.384,0,1400,87958491787
118.004,8.47427,18.7192,0,47,55,0,2500,0,0,0,24.5833,13.384,0,1400,87966966312
121.027,8.26263,18.7192,0,47,55,0,2500,0,0,0,24.5833,13.384,0,1400,87975229586
119.068,8.39854,18.7192,0,47,55,0,2500,0,0,0,24.5833,13.384,0,1400,87983628761
119.344,8.37915,18.7192,0,47,55,0,2500,0,0,0,24.5833,13.384,0,1400,87992007963
118.782,8.41876,18.7192,0,47,55,0,2500,0,0,0,24.5833,13.384,0,1400,88000427753
120.588,8.29273,18.7192,0,47,55,0,2500,0,0,0,24.5833,13.384,0,1400,88008720974
121.982,8.1979,18.7192,0,47,55,0,2500,0,0,0,24.5833,13.384,0,1400,88016919104
117.572,8.50541,18.7192,0,47,55,0,2500,0,0,0,24.5833,13.384,0,1400,88025425151
118.743,8.42158,18.7192,0,47,55,0,2500,0,0,0,24.5833,13.384,0,1400,88033846826
121.027,8.26265,18.7192,0,47,55,0,2500,0,0,0,24.5833,13.384,0,1400,88042109640
122.758,8.1461,18.7192,0,47,55,0,2500,0,0,0,24.5833,13.384,0,1400,88050256109
120.024,8.3317,18.7192,0,47,55,0,2500,0,0,0,24.5833,13.384,0,1400,88058588393
115.755,8.63896,18.7192,0,47,55,0,2500,0,0,0,24.5833,13.384,0,1400,88067228297
122.518,8.16207,18.7192,0,47,55,0,2500,0,0,0,24.5833,13.384,0,1400,88075391146
121.049,8.26111,18.7192,0,47,55,0,2500,0,0,0,24.5833,13.384,0,1400,88083653077
119.111,8.39551,18.7192,0,47,55,0,2500,0,0,0,24.5833,13.384,0,1400,88092048753
121.936,8.20102,18.7192,0,47,55,0,2500,0,0,0,24.5833,13.384,0,1400,88100251082
120.01,8.33267,18.7192,0,47,55,0,2500,0,0,0,24.5833,13.384,0,1400,88108583909
118.834,8.41511,18.7192,0,47,55,0,2500,0,0,0,24.5833,13.384,0,1400,88116999514
120.369,8.30782,18.7192,0,47,55,0,2500,0,0,0,24.5833,13.384,0,1400,88125308175
119.593,8.36171,18.7192,0,47,55,0,2500,0,0,0,24.5833,13.384,0,1400,88133670229
119.06,8.39913,18.7192,0,47,55,0,2500,0,0,0,24.5833,13.384,0,1400,88142069649
124.012,8.06372,18.7192,0,47,55,0,2500,0,0,0,24.5833,13.384,0,1400,88150133347
119.29,8.38291,18.7192,0,47,55,0,2500,0,0,0,24.5833,13.384,0,1400,88158516485
117.448,8.51443,18.7192,0,47,55,0,2500,0,0,0,24.5833,13.384,0,1400,88167031207
122.704,8.14972,18.7192,0,47,55,0,2500,0,0,0,24.5833,13.384,0,1400,88175181646
120.436,8.30318,18.7192,0,47,55,0,2500,0,0,0,24.5833,13.384,0,1400,88183485046
118.178,8.46182,18.7192,0,47,55,0,2500,0,0,0,24.5833,13.384,0,1400,88191946957
119.489,8.36894,18.7192,0,47,55,0,2500,0,0,0,24.5833,13.384,0,1400,88200316383
121.509,8.22984,18.7192,0,47,55,0,2500,0,0,0,24.5833,13.384,0,1400,88208546653
117.779,8.49046,18.7192,0,47,55,0,2500,0,0,0,24.5833,13.384,0,1400,88217038517
120.686,8.28597,18.7192,0,47,55,0,2500,0,0,0,24.5833,13.384,0,1400,88225324335
119.37,8.37731,18.7192,0,47,55,0,2500,0,0,0,24.5833,13.384,0,1400,88233701956
120.09,8.3271,18.7192,0,47,55,0,2500,0,0,0,24.5833,13.384,0,1400,88242029726
121.365,8.23962,18.7192,0,47,55,0,2500,0,0,0,24.5833,13.384,0,1400,88250269387
116.73,8.56681,18.7192,0,47,55,0,2500,0,0,0,24.5833,13.384,0,1400,88258836646
121.513,8.22956,18.7192,0,47,55,0,2500,0,0,0,24.5833,13.384,0,1400,88267066413
120.811,8.2774,18.7192,0,47,55,0,2500,0,0,0,24.5833,13.384,0,1400,88275344166
120.454,8.30189,18.7192,0,47,55,0,2500,0,0,0,24.5833,13.384,0,1400,88283646437
122.857,8.13956,18.7192,0,47,55,0,2500,0,0,0,24.5833,13.384,0,1400,88291786477
116.454,8.58711,18.7192,0,47,55,0,2500,0,0,0,24.5833,13.384,0,1400,88300374963
116.306,8.59802,18.7192,0,47,55,0,2500,0,0,0,24.5833,13.384,0,1400,88308972843
123.928,8.06919,18.7192,0,47,55,0,2500,0,0,0,24.5833,13.384,0,1400,88317042517
118.879,8.41189,18.7192,0,47,55,0,2500,0,0,0,24.5833,13.384,0,1400,88325455602
122.132,8.18787,18.7192,0,47,55,0,2500,0,0,0,24.5833,13.384,0,1400,88333643836
118.84,8.41465,18.7192,0,47,55,0,2500,0,0,0,24.5833,13.384,0,1400,88342063548
121.687,8.2178,20.0495,0,47,55,0,2500,0,0,0,24.5849,13.3839,0,1492,88350276987
119.886,8.34126,20.0495,0,47,55,0,2500,0,0,0,24.5849,13.3839,0,1492,88358618744
118.634,8.42928,20.0495,0,47,55,0,2500,0,0,0,24.5849,13.3839,0,1492,88367048650
121.105,8.25731,20.0495,0,47,55,0,2500,0,0,0,24.5849,13.3839,0,1492,88375305792
117.145,8.53645,20.0495,0,47,55,0,2500,0,0,0,24.5849,13.3839,0,1492,88383842514
122.138,8.18746,20.0495,0,47,55,0,2500,0,0,0,24.5849,13.3839,0,1492,88392031276
121.52,8.22911,20.0495,0,47,55,0,2500,0,0,0,24.5849,13.3839,0,1492,88400260838
119.739,8.35146,20.0495,0,47,55,0,2500,0,0,0,24.5849,13.3839,0,1492,88408613016
119.755,8.35036,20.0495,0,47,55,0,2500,0,0,0,24.5849,13.3839,0,1492,88416963729
120.791,8.27874,20.0495,0,47,55,0,2500,0,0,0,24.5849,13.3839,0,1492,88425242050
117.795,8.48933,20.0495,0,47,55,0,2500,0,0,0,24.5849,13.3839,0,1492,88433731794
120.017,8.33216,20.0495,0,47,55,0,2500,0,0,0,24.5849,13.3839,0,1492,88442064685
122.574,8.15833,20.0495,0,47,55,0,2500,0,0,0,24.5849,13.3839,0,1492,88450222968
118.005,8.4742,20.0495,0,47,55,0,2500,0,0,0,24.5849,13.3839,0,1492,88458697711
118.716,8.42343,20.0495,0,47,55,0,2500,0,0,0,24.5849,13.3839,0,1492,88467122565
119.778,8.3488,20.0495,0,47,55,0,2500,0,0,0,24.5849,13.3839,0,1492,88475472083
121.881,8.20469,20.0495,0,47,55,0,2500,0,0,0,24.5849,13.3839,0,1492,88483676718
119.513,8.3673,20.0495,0,47,55,0,2500,0,0,0,24.5849,13.3839,0,1492,88492044304
119.661,8.35692,20.0495,0,47,55,0,2500,0,0,0,24.5849,13.3839,0,1492,88500401521
120.486,8.29974,20.0495,0,47,55,0,2500,0,0,0,24.5849,13.3839,0,1492,88508702359
120.756,8.28113,20.0495,0,47,55,0,2500,0,0,0,24.5849,13.3839,0,1492,88516984081
119.012,8.40251,20.0495,0,47,55,0,2500,0,0,0,24.5849,13.3839,0,1492,88525387416
119.936,8.33777,20.0495,0,47,55,0,2500,0,0,0,24.5849,13.3839,0,1492,88533725017
119.772,8.34919,20.0495,0,47,55,0,2500,0,0,0,24.5849,13.3839,0,1492,88542074070
122.091,8.19062,20.0495,0,47,55,0,2500,0,0,0,24.5849,13.3839,0,1492,88550265197
122.476,8.16484,20.0495,0,47,55,0,2500,0,0,0,24.5849,13.3839,0,1492,88558430409
116.923,8.55265,20.0495,0,47,55,0,2500,0,0,0,24.5849,13.3839,0,1492,88566983888
115.779,8.63716,20.0495,0,47,55,0,2500,0,0,0,24.5849,13.3839,0,1492,88575622628
120.286,8.31349,20.0495,0,47,55,0,2500,0,0,0,24.5849,13.3839,0,1492,88583935355
122.969,8.13211,20.0495,0,47,55,0,2500,0,0,0,24.5849,13.3839,0,1492,88592067700
120.04,8.33055,20.0495,0,47,55,0,2500,0,0,0,24.5849,13.3839,0,1492,88600398760
119.188,8.39012,20.0495,0,47,55,0,2500,0,0,0,24.5849,13.3839,0,1492,88608789089
120.379,8.30709,20.0495,0,47,55,0,2500,0,0,0,24.5849,13.3839,0,1492,88617096639
121.492,8.23102,20.0495,0,47,55,0,2500,0,0,0,24.5849,13.3839,0,1492,88625328079
119.68,8.35559,20.0495,0,47,55,0,2500,0,0,0,24.5849,13.3839,0,1492,88633684215
118.397,8.44619,20.0495,0,47,55,0,2500,0,0,0,24.5849,13.3839,0,1492,88642131300
121.464,8.23287,20.0495,0,47,55,0,2500,0,0,0,24.5849,13.3839,0,1492,88650365203
118.614,8.43073,20.0495,0,47,55,0,2500,0,0,0,24.5849,13.3839,0,1492,88658796632
121.095,8.25799,20.0495,0,47,55,0,2500,0,0,0,24.5849,13.3839,0,1492,88667055148
121.254,8.24714,20.0495,0,47,55,0,2500,0,0,0,24.5849,13.3839,0,1492,88675302837
119.4,8.37524,20.0495,0,47,55,0,2500,0,0,0,24.5849,13.3839,0,1492,88683678735
119.904,8.34,20.0495,0,47,55,0,2500,0,0,0,24.5849,13.3839,0,1492,88692018441
117.502,8.51053,20.0495,0,47,55,0,2500,0,0,0,24.5849,13.3839,0,1492,88700530074
119.467,8.37055,20.0495,0,47,55,0,2500,0,0,0,24.5849,13.3839,0,1492,88708900667
122.856,8.13963,20.0495,0,47,55,0,2500,0,0,0,24.5849,13.3839,0,1492,88717040490
119.84,8.34447,20.0495,0,47,55,0,2500,0,0,0,24.5849,13.3839,0,1492,88725385198
120.158,8.32241,20.0495,0,47,55,0,2500,0,0,0,24.5849,13.3839,0,1492,88733708774
120.425,8.30395,20.0495,0,47,55,0,2500,0,0,0,24.5849,13.3839,0,1492,88742012625
117.973,8.47654,20.0495,0,47,55,0,2500,0,0,0,24.5849,13.3839,0,1492,88750490306
122.495,8.16361,20.0495,0,47,55,0,2500,0,0,0,24.5849,13.3839,0,1492,88758653827
118.033,8.47219,20.0495,0,47,55,0,2500,0,0,0,24.5849,13.3839,0,1492,88767127072
121.926,8.20168,20.0495,0,47,55,0,2500,0,0,0,24.5849,13.3839,0,1492,88775329900
120.038,8.33072,20.0495,0,47,55,0,2500,0,0,0,24.5849,13.3839,0,1492,88783660919
119.665,8.35664,20.0495,0,47,55,0,2500,0,0,0,24.5849,13.3839,0,1492,88792017550
119.745,8.35106,20.0495,0,47,55,0,2500,0,0,0,24.5849,13.3839,0,1492,88800369673
119.08,8.39769,20.0495,0,47,55,0,2500,0,0,0,24.5849,13.3839,0,1492,88808767835
120.715,8.28401,20.0495,0,47,55,0,2500,0,0,0,24.5849,13.3839,0,1492,88817052001
119.449,8.37178,20.0495,0,47,55,0,2500,0,0,0,24.5849,13.3839,0,1492,88825425004
121.151,8.25417,20.0495,0,47,55,0,2500,0,0,0,24.5849,13.3839,0,1492,88833679971
120.958,8.26731,20.0495,0,47,55,0,2500,0,0,0,24.5849,13.3839,0,1492,88841947295
119.935,8.33785,20.0495,0,47,55,0,2500,0,0,0,24.5849,13.3839,0,1492,88850290677
119.084,8.39741,20.2934,0,48,55,0,2500,0,0,0,24.5853,13.3838,0,1340,88858683644
119.864,8.34278,20.2934,0,48,55,0,2500,0,0,0,24.5853,13.3838,0,1340,88867026517
120.236,8.31698,20.2934,0,48,55,0,2500,0,0,0,24.5853,13.3838,0,1340,88875344316
119.203,8.38902,20.2934,0,48,55,0,2500,0,0,0,24.5853,13.3838,0,1340,88883734028
121.199,8.25089,20.2934,0,48,55,0,2500,0,0,0,24.5853,13.3838,0,1340,88891985340
118.186,8.46122,20.2934,0,48,55,0,2500,0,0,0,24.5853,13.3838,0,1340,88900447486
122.012,8.19594,20.2934,0,48,55,0,2500,0,0,0,24.5853,13.3838,0,1340,88908644182
119.53,8.36612,20.2934,0,48,55,0,2500,0,0,0,24.5853,13.3838,0,1340,88917010596
119.66,8.35699,20.2934,0,48,55,0,2500,0,0,0,24.5853,13.3838,0,1340,88925368068
119.593,8.3617,20.2934,0,48,55,0,2500,0,0,0,24.5853,13.3838,0,1340,88933730496
120.821,8.27671,20.2934,0,48,55,0,2500,0,0,0,24.5853,13.3838,0,1340,88942008011
117.706,8.49577,20.2934,0,48,55,0,2500,0,0,0,24.5853,13.3838,0,1340,88950504391
121.105,8.2573,20.2934,0,48,55,0,2500,0,0,0,24.5853,13.3838,0,1340,88958762566
117.585,8.50446,20.2934,0,48,55,0,2500,0,0,0,24.5853,13.3838,0,1340,88967267287
121.295,8.24435,20.2934,0,48,55,0,2500,0,0,0,24.5853,13.3838,0,1340,88975512434
122.444,8.16702,20.2934,0,48,55,0,2500,0,0,0,24.5853,13.3838,0,1340,88983680344
119.511,8.36745,20.2934,0,48,55,0,2500,0,0,0,24.5853,13.3838,0,1340,88992048120
121.758,8.21303,20.2934,0,48,55,0,2500,0,0,0,24.5853,13.3838,0,1340,89000262383
119.552,8.36457,20.2934,0,48,55,0,2500,0,0,0,24.5853,13.3838,0,1340,89008626920
118.968,8.4056,20.2934,0,48,55,0,2500,0,0,0,24.5853,13.3838,0,1340,89017032282
119.451,8.37163,20.2934,0,48,55,0,2500,0,0,0,24.5853,13.3838,0,1340,89025405620
119.93,8.33821,20.2934,0,48,55,0,2500,0,0,0,24.5853,13.3838,0,1340,89033743965
121.446,8.23409,20.2934,0,48,55,0,2500,0,0,0,24.5853,13.3838,0,1340,89041978455
118.662,8.4273,20.2934,0,48,55,0,2500,0,0,0,24.5853,13.3838,0,1340,89050407495
119.29,8.38295,20.2934,0,48,55,0,2500,0,0,0,24.5853,13.3838,0,1340,89058790585
122.471,8.16518,20.2934,0,48,55,0,2500,0,0,0,24.5853,13.3838,0,1340,89066956239
117.452,8.51412,20.2934,0,48,55,0,2500,0,0,0,24.5853,13.3838,0,1340,89075470633
118.192,8.4608,20.2934,0,48,55,0,2500,0,0,0,24.5853,13.3838,0,1340,89083931242
121.222,8.24931,20.2934,0,48,55,0,2500,0,0,0,24.5853,13.3838,0,1340,89092180889
122.956,8.13299,20.2934,0,48,55,0,2500,0,0,0,24.5853,13.3838,0,1340,89100315390
119.69,8.35489,20.2934,0,48,55,0,2500,0,0,0,24.5853,13.3838,0,1340,89108670781
120.352,8.30899,20.2934,0,48,55,0,2500,0,0,0,24.5853,13.3838,0,1340,89116979783
116.436,8.58842,20.2934,0,48,55,0,2500,0,0,0,24.5853,13.3838,0,1340,89125569104
122.193,8.1838,20.2934,0,48,55,0,2500,0,0,0,24.5853,13.3838,0,1340,89133753735
119.631,8.35903,20.2934,0,48,55,0,2500,0,0,0,24.5853,13.3838,0,1340,89142113544
121.158,8.25369,20.2934,0,48,55,0,2500,0,0,0,24.5853,13.3838,0,1340,89150367797
120.219,8.31815,20.2934,0,48,55,0,2500,0,0,0,24.5853,13.3838,0,1340,89158686990
119.537,8.36558,20.2934,0,48,55,0,2500,0,0,0,24.5853,13.3838,0,1340,89167052502
118.273,8.45498,20.2934,0,48,55,0,2500,0,0,0,24.5853,13.3838,0,1340,89175507772
118.508,8.43828,20.2934,0,48,55,0,2500,0,0,0,24.5853,13.3838,0,1340,89183946325
122.157,8.18617,20.2934,0,48,55,0,2500,0,0,0,24.5853,13.3838,0,1340,89192132844
122.092,8.19055,20.2934,0,48,55,0,2500,0,0,0,24.5853,13.3838,0,1340,89200323524
119.867,8.34259,20.2934,0,48,55,0,2500,0,0,0,24.5853,13.3838,0,1340,89208667589
119.149,8.39285,20.2934,0,48,55,0,2500,0,0,0,24.5853,13.3838,0,1340,89217060519
120.086,8.32734,20.2934,0,48,55,0,2500,0,0,0,24.5853,13.3838,0,1340,89225388614
119.743,8.3512,20.2934,0,48,55,0,2500,0,0,0,24.5853,13.3838,0,1340,89233740331
121.549,8.22713,20.2934,0,48,55,0,2500,0,0,0,24.5853,13.3838,0,1340,89241967191
121.199,8.25088,20.2934,0,48,55,0,2500,0,0,0,24.5853,13.3838,0,1340,89250218207
120.187,8.32038,20.2934,0,48,55,0,2500,0,0,0,24.5853,13.3838,0,1340,89258538929
117.312,8.52426,20.2934,0,48,55,0,2500,0,0,0,24.5853,13.3838,0,1340,89267064263
119.793,8.34775,20.2934,0,48,55,0,2500,0,0,0,24.5853,13.3838,0,1340,89275411792
120.957,8.26742,20.2934,0,48,55,0,2500,0,0,0,24.5853,13.3838,0,1340,89283680080
120.544,8.29575,20.2934,0,48,55,0,2500,0,0,0,24.5853,13.3838,0,1340,89291975856
121.155,8.25389,20.2934,0,48,55,0,2500,0,0,0,24.5853,13.3838,0,1340,89300230212
117.401,8.51781,20.2934,0,48,55,0,2500,0,0,0,24.5853,13.3838,0,1340,89308749659
118.747,8.42128,20.2934,0,48,55,0,2500,0,0,0,24.5853,13.3838,0,1340,89317171326
119.471,8.3702,20.2934,0,48,55,0,2500,0,0,0,24.5853,13.3838,0,1340,89325541886
122.196,8.18356,20.2934,0,48,55,0,2500,0,0,0,24.5853,13.3838,0,1340,89333725864
121.962,8.1993,20.2934,0,48,55,0,2500,0,0,0,24.5853,13.3838,0,1340,89341924946
122.276,8.17822,20.2934,0,48,55,0,2500,0,0,0,24.5853,13.3838,0,1340,89350103320
118.266,8.45554,20.2934,0,48,55,0,2500,0,0,0,24.5853,13.3838,0,1340,89358562394
118.064,8.46999,21.9753,0,47,55,0,2500,0,0,0,24.5869,13.3838,0,3150,89367029710
119.527,8.3663,21.9753,0,47,55,0,2500,0,0,0,24.5869,13.3838,0,3150,89375396761
122.665,8.15226,21.9753,0,47,55,0,2500,0,0,0,24.5869,13.3838,0,3150,89383549247
121.183,8.25196,21.9753,0,47,55,0,2500,0,0,0,24.5869,13.3838,0,3150,89391801844
118.999,8.40345,21.9753,0,47,55,0,2500,0,0,0,24.5869,13.3838,0,3150,89400206180
120.306,8.31216,21.9753,0,47,55,0,2500,0,0,0,24.5869,13.3838,0,3150,89408518081
120.611,8.29111,21.9753,0,47,55,0,2500,0,0,0,24.5869,13.3838,0,3150,89416809161
117.298,8.52528,21.9753,0,47,55,0,2500,0,0,0,24.5869,13.3838,0,3150,89425335239
120.915,8.27031,21.9753,0,47,55,0,2500,0,0,0,24.5869,13.3838,0,3150,89433607027
119.223,8.38764,21.9753,0,47,55,0,2500,0,0,0,24.5869,13.3838,0,3150,89441994331
118.554,8.43498,21.9753,0,47,55,0,2500,0,0,0,24.5869,13.3838,0,3150,89450430798
122.054,8.19309,21.9753,0,47,55,0,2500,0,0,0,24.5869,13.3838,0,3150,89458623457
120.632,8.28965,21.9753,0,47,55,0,2500,0,0,0,24.5869,13.3838,0,3150,89466912634
121.894,8.20385,21.9753,0,47,55,0,2500,0,0,0,24.5869,13.3838,0,3150,89475116338
121.056,8.26064,21.9753,0,47,55,0,2500,0,0,0,24.5869,13.3838,0,3150,89483377098
119.386,8.37616,21.9753,0,47,55,0,2500,0,0,0,24.5869,13.3838,0,3150,89491753291
118.447,8.44259,21.9753,0,47,55,0,2500,0,0,0,24.5869,13.3838,0,3150,89500196522
119.696,8.3545,21.9753,0,47,55,0,2500,0,0,0,24.5869,13.3838,0,3150,89508551390
118.591,8.43237,21.9753,0,47,55,0,2500,0,0,0,24.5869,13.3838,0,3150,89516984313
120.837,8.27559,21.9753,0,47,55,0,2500,0,0,0,24.5869,13.3838,0,3150,89525260351
118.153,8.46358,21.9753,0,47,55,0,2500,0,0,0,24.5869,13.3838,0,3150,89533724113
122.54,8.16061,21.9753,0,47,55,0,2500,0,0,0,24.5869,13.3838,0,3150,89541884745
120.599,8.29195,21.9753,0,47,55,0,2500,0,0,0,24.5869,13.3838,0,3150,89550176980
119.502,8.36808,21.9753,0,47,55,0,2500,0,0,0,24.5869,13.3838,0,3150,89558544978
119.961,8.33605,21.9753,0,47,55,0,2500,0,0,0,24.5869,13.3838,0,3150,89566881250
119.831,8.34507,21.9753,0,47,55,0,2500,0,0,0,24.5869,13.3838,0,3150,89575226587
120.375,8.30734,21.9753,0,47,55,0,2500,0,0,0,24.5869,13.3838,0,3150,89583534651
119.084,8.39742,21.9753,0,47,55,0,2500,0,0,0,24.5869,13.3838,0,3150,89591932586
117.883,8.48296,21.9753,0,47,55,0,2500,0,0,0,24.5869,13.3838,0,3150,89600415904
119.909,8.33968,21.9753,0,47,55,0,2500,0,0,0,24.5869,13.3838,0,3150,89608757101
121.635,8.22134,21.9753,0,47,55,0,2500,0,0,0,24.5869,13.3838,0,3150,89616978550
120.017,8.33218,21.9753,0,47,55,0,2500,0,0,0,24.5869,13.3838,0,3150,89625311705
120.972,8.26638,21.9753,0,47,55,0,2500,0,0,0,24.5869,13.3838,0,3150,89633578683
118.701,8.42453,21.9753,0,47,55,0,2500,0,0,0,24.5869,13.3838,0,3150,89642003864
117.16,8.53532,21.9753,0,47,55,0,2500,0,0,0,24.5869,13.3838,0,3150,89650538699
125.028,7.99823,21.9753,0,47,55,0,2500,0,0,0,24.5869,13.3838,0,3150,89658536276
117.851,8.48526,21.9753,0,47,55,0,2500,0,0,0,24.5869,13.3838,0,3150,89667023163
121.142,8.2548,21.9753,0,47,55,0,2500,0,0,0,24.5869,13.3838,0,3150,89675278760
119.31,8.38153,21.9753,0,47,55,0,2500,0,0,0,24.5869,13.3838,0,3150,89683661969
119.998,8.33344,21.9753,0,47,55,0,2500,0,0,0,24.5869,13.3838,0,3150,89691993489
116.922,8.55274,21.9753,0,47,55,0,2500,0,0,0,24.5869,13.3838,0,3150,89700547787
124.953,8.00301,21.9753,0,47,55,0,2500,0,0,0,24.5869,13.3838,0,3150,89708551499
116.741,8.56598,21.9753,0,47,55,0,2500,0,0,0,24.5869,13.3838,0,3150,89717117396
117.045,8.54374,21.9753,0,47,55,0,2500,0,0,0,24.5869,13.3838,0,3150,89725661526
125.381,7.97568,21.9753,0,47,55,0,2500,0,0,0,24.5869,13.3838,0,3150,89733638326
117.401,8.51785,21.9753,0,47,55,0,2500,0,0,0,24.5869,13.3838,0,3150,89742156396
122.407,8.16948,21.9753,0,47,55,0,2500,0,0,0,24.5869,13.3838,0,3150,89750326700
119.218,8.38802,21.9753,0,47,55,0,2500,0,0,0,24.5869,13.3838,0,3150,89758715406
120.558,8.29475,21.9753,0,47,55,0,2500,0,0,0,24.5869,13.3838,0,3150,89767010325
121.717,8.21575,21.9753,0,47,55,0,2500,0,0,0,24.5869,13.3838,0,3150,89775226710
120.244,8.31641,21.9753,0,47,55,0,2500,0,0,0,24.5869,13.3838,0,3150,89783543865
120.533,8.2965,21.9753,0,47,55,0,2500,0,0,0,24.5869,13.3838,0,3150,89791839783
118.293,8.45356,21.9753,0,47,55,0,2500,0,0,0,24.5869,13.3838,0,3150,89800293127
121.955,8.19973,21.9753,0,47,55,0,2500,0,0,0,24.5869,13.3838,0,3150,89808493565
117.489,8.51141,21.9753,0,47,55,0,2500,0,0,0,24.5869,13.3838,0,3150,89817005548
116.609,8.57565,21.9753,0,47,55,0,2500,0,0,0,24.5869,13.3838,0,3150,89825582860
124.037,8.06214,21.9753,0,47,55,0,2500,0,0,0,24.5869,13.3838,0,3150,89833645131
119.72,8.35283,21.9753,0,47,55,0,2500,0,0,0,24.5869,13.3838,0,3150,89841998730
118.569,8.4339,21.9753,0,47,55,0,2500,0,0,0,24.5869,13.3838,0,3150,89850433576
120.855,8.2744,21.9753,0,47,55,0,2500,0,0,0,24.5869,13.3838,0,3150,89858714161
119.873,8.34216,28.0397,0,47,55,0,2500,0,0,0,24.6142,13.3838,0,1401,89867050690
117.657,8.4993,28.0397,0,47,55,0,2500,0,0,0,24.6142,13.3838,0,1401,89875550769
36.3815,27.4865,28.0397,0,47,55,0,2500,0,0,0,24.6142,13.3838,0,1401,89903038381
108.203,9.2419,28.0397,0,47,55,0,2500,0,0,0,24.6142,13.3838,0,1401,89912280017
124.152,8.05466,28.0397,0,47,55,0,2500,0,0,0,24.6142,13.3838,0,1401,89920335745
123.899,8.07111,28.0397,0,47,55,0,2500,0,0,0,24.6142,13.3838,0,1401,89928407369
149.731,6.67863,28.0397,0,47,55,0,2500,0,0,0,24.6142,13.3838,0,1401,89935086136
310.305,3.22264,28.0397,0,47,55,0,2500,0,0,0,24.6142,13.3838,0,1401,89938309307
117.8,8.48896,28.0397,0,47,55,0,2500,0,0,0,24.6142,13.3838,0,1401,89946799325
120.549,8.29539,28.0397,0,47,55,0,2500,0,0,0,24.6142,13.3838,0,1401,89955095183
122.426,8.16823,28.0397,0,47,55,0,2500,0,0,0,24.6142,13.3838,0,1401,89963263948
120.397,8.30583,28.0397,0,47,55,0,2500,0,0,0,24.6142,13.3838,0,1401,89971570680
119.064,8.39882,28.0397,0,47,55,0,2500,0,0,0,24.6142,13.3838,0,1401,89979970787
119.077,8.39792,28.0397,0,47,55,0,2500,0,0,0,24.6142,13.3838,0,1401,89988368633
120.437,8.3031,28.0397,0,47,55,0,2500,0,0,0,24.6142,13.3838,0,1401,89996672377
120.558,8.29478,28.0397,0,47,55,0,2500,0,0,0,24.6142,13.3838,0,1401,90004967627
120.548,8.29548,28.0397,0,47,55,0,2500,0,0,0,24.6142,13.3838,0,1401,90013264847
120.593,8.29235,28.0397,0,47,55,0,2500,0,0,0,24.6142,13.3838,0,1401,90021557197
120.202,8.31936,28.0397,0,47,55,0,2500,0,0,0,24.6142,13.3838,0,1401,90029877016
118.382,8.44726,28.0397,0,47,55,0,2500,0,0,0,24.6142,13.3838,0,1401,90038324653
121.566,8.22596,28.0397,0,47,55,0,2500,0,0,0,24.6142,13.3838,0,1401,90046551163
119.772,8.34921,28.0397,0,47,55,0,2500,0,0,0,24.6142,13.3838,0,1401,90054901263
118.29,8.45381,28.0397,0,47,55,0,2500,0,0,0,24.6142,13.3838,0,1401,90063355933
117.261,8.52798,28.0397,0,47,55,0,2500,0,0,0,24.6142,13.3838,0,1401,90071883889
121.588,8.2245,28.0397,0,47,55,0,2500,0,0,0,24.6142,13.3838,0,1401,90080109852
122.342,8.17379,28.0397,0,47,55,0,2500,0,0,0,24.6142,13.3838,0,1401,90088283520
119.935,8.33788,28.0397,0,47,55,0,2500,0,0,0,24.6142,13.3838,0,1401,90096622273
118.734,8.42221,28.0397,0,47,55,0,2500,0,0,0,24.6142,13.3838,0,1401,90105044697
120.426,8.30388,28.0397,0,47,55,0,2500,0,0,0,24.6142,13.3838,0,1401,90113350237
120.868,8.27349,28.0397,0,47,55,0,2500,0,0,0,24.6142,13.3838,0,1401,90121623731
118.36,8.4488,28.0397,0,47,55,0,2500,0,0,0,24.6142,13.3838,0,1401,90130072925
118.127,8.46544,28.0397,0,47,55,0,2500,0,0,0,24.6142,13.3838,0,1401,90138539477
123.488,8.09794,28.0397,0,47,55,0,2500,0,0,0,24.6142,13.3838,0,1401,90146637845
120.671,8.28696,28.0397,0,47,55,0,2500,0,0,0,24.6142,13.3838,0,1401,90154926301
120.712,8.28421,28.0397,0,47,55,0,2500,0,0,0,24.6142,13.3838,0,1401,90163210264
119.971,8.33536,28.0397,0,47,55,0,2500,0,0,0,24.6142,13.3838,0,1401,90171546204
118.136,8.46484,28.0397,0,47,55,0,2500,0,0,0,24.6142,13.3838,0,1401,90180011802
117.2,8.5324,28.0397,0,47,55,0,2500,0,0,0,24.6142,13.3838,0,1401,90188545050
122.842,8.14051,28.0397,0,47,55,0,2500,0,0,0,24.6142,13.3838,0,1401,90196685982
121.231,8.24869,28.0397,0,47,55,0,2500,0,0,0,24.6142,13.3838,0,1401,90204935764
119.146,8.39309,28.0397,0,47,55,0,2500,0,0,0,24.6142,13.3838,0,1401,90213329247
120.707,8.28452,28.0397,0,47,55,0,2500,0,0,0,24.6142,13.3838,0,1401,90221614023
119.722,8.35266,28.0397,0,47,55,0,2500,0,0,0,24.6142,13.3838,0,1401,90229967593
119.6,8.36122,28.0397,0,47,55,0,2500,0,0,0,24.6142,13.3838,0,1401,90238329068
121.556,8.22666,28.0397,0,47,55,0,2500,0,0,0,24.6142,13.3838,0,1401,90246556102
118.029,8.47251,28.0397,0,47,55,0,2500,0,0,0,24.6142,13.3838,0,1401,90255028953
119.107,8.39585,28.0397,0,47,55,0,2500,0,0,0,24.6142,13.3838,0,1401,90263424545
119.599,8.36127,28.0397,0,47,55,0,2500,0,0,0,24.6142,13.3838,0,1401,90271786309
119.356,8.37829,28.0397,0,47,55,0,2500,0,0,0,24.6142,13.3838,0,1401,90280165264
118.601,8.43161,28.0397,0,47,55,0,2500,0,0,0,24.6142,13.3838,0,1401,90288597179
126.18,7.92516,28.0397,0,47,55,0,2500,0,0,0,24.6142,13.3838,0,1401,90296522603
118.851,8.4139,28.0397,0,47,55,0,2500,0,0,0,24.6142,13.3838,0,1401,90304937237
114.591,8.72666,28.0397,0,47,55,0,2500,0,0,0,24.6142,13.3838,0,1401,90313665251
123.915,8.07003,28.0397,0,47,55,0,2500,0,0,0,24.6142,13.3838,0,1401,90321735528
121.861,8.20605,28.0397,0,47,55,0,2500,0,0,0,24.6142,13.3838,0,1401,90329942298
119.911,8.33955,28.0397,0,47,55,0,2500,0,0,0,24.6142,13.3838,0,1401,90338282403
120.891,8.27194,28.0397,0,47,55,0,2500,0,0,0,24.6142,13.3838,0,1401,90346554951
119.261,8.38499,28.0397,0,47,55,0,2500,0,0,0,24.6142,13.3838,0,1401,90354941001
118.593,8.43221,28.0397,0,47,55,0,2500,0,0,0,24.6142,13.3838,0,1401,90363382090
121.463,8.23295,21.5347,0,46,56,0,2500,0,0,0,24.6139,13.3838,0,1502,90371606552
119.349,8.37877,21.5347,0,46,56,0,2500,0,0,0,24.6139,13.3838,0,1502,90379985794
115.478,8.65968,21.5347,0,46,56,0,2500,0,0,0,24.6139,13.3838,0,1502,90388645322
126.851,7.88325,21.5347,0,46,56,0,2500,0,0,0,24.6139,13.3838,0,1502,90396529023
117.122,8.53807,21.5347,0,46,56,0,2500,0,0,0,24.6139,13.3838,0,1502,90405067335
122.362,8.17249,21.5347,0,46,56,0,2500,0,0,0,24.6139,13.3838,0,1502,90413240299
116.809,8.56096,21.5347,0,46,56,0,2500,0,0,0,24.6139,13.3838,0,1502,90421801362
123.127,8.12169,21.5347,0,46,56,0,2500,0,0,0,24.6139,13.3838,0,1502,90429924120
118.533,8.43649,21.5347,0,46,56,0,2500,0,0,0,24.6139,13.3838,0,1502,90438360388
121.702,8.21677,21.5347,0,46,56,0,2500,0,0,0,24.6139,13.3838,0,1502,90446577918
116.621,8.57478,21.5347,0,46,56,0,2500,0,0,0,24.6139,13.3838,0,1502,90455152813
123.115,8.12249,21.5347,0,46,56,0,2500,0,0,0,24.6139,13.3838,0,1502,90463276049
119.602,8.36103,21.5347,0,46,56,0,2500,0,0,0,24.6139,13.3838,0,1502,90471636911
119.862,8.34296,21.5347,0,46,56,0,2500,0,0,0,24.6139,13.3838,0,1502,90479980454
117.903,8.48156,21.5347,0,46,56,0,2500,0,0,0,24.6139,13.3838,0,1502,90488462323
122.273,8.17844,21.5347,0,46,56,0,2500,0,0,0,24.6139,13.3838,0,1502,90496640758
121.524,8.22883,21.5347,0,46,56,0,2500,0,0,0,24.6139,13.3838,0,1502,90504870041
118.721,8.42314,21.5347,0,46,56,0,2500,0,0,0,24.6139,13.3838,0,1502,90513294550
119.712,8.35335,21.5347,0,46,56,0,2500,0,0,0,24.6139,13.3838,0,1502,90521647972
121.865,8.20583,21.5347,0,46,56,0,2500,0,0,0,24.6139,13.3838,0,1502,90529853872
118.911,8.40964,21.5347,0,46,56,0,2500,0,0,0,24.6139,13.3838,0,1502,90538264320
120.185,8.32051,21.5347,0,46,56,0,2500,0,0,0,24.6139,13.3838,0,1502,90546585133
116.816,8.56044,21.5347,0,46,56,0,2500,0,0,0,24.6139,13.3838,0,1502,90555145713
120.765,8.28054,21.5347,0,46,56,0,2500,0,0,0,24.6139,13.3838,0,1502,90563426513
123.394,8.10409,21.5347,0,46,56,0,2500,0,0,0,24.6139,13.3838,0,1502,90571531210
115.621,8.64896,21.5347,0,46,56,0,2500,0,0,0,24.6139,13.3838,0,1502,90580180452
120.684,8.28607,21.5347,0,46,56,0,2500,0,0,0,24.6139,13.3838,0,1502,90588467830
122.098,8.19016,21.5347,0,46,56,0,2500,0,0,0,24.6139,13.3838,0,1502,90596658136
119.749,8.35078,21.5347,0,46,56,0,2500,0,0,0,24.6139,13.3838,0,1502,90605009476
118.593,8.4322,21.5347,0,46,56,0,2500,0,0,0,24.6139,13.3838,0,1502,90613442711
121.617,8.22251,21.5347,0,46,56,0,2500,0,0,0,24.6139,13.3838,0,1502,90621665601
120.984,8.26553,21.5347,0,46,56,0,2500,0,0,0,24.6139,13.3838,0,1502,90629932024
117.167,8.53483,21.5347,0,46,56,0,2500,0,0,0,24.6139,13.3838,0,1502,90638466200
120.426,8.30385,21.5347,0,46,56,0,2500,0,0,0,24.6139,13.3838,0,1502,90646770584
119.506,8.36775,21.5347,0,46,56,0,2500,0,0,0,24.6139,13.3838,0,1502,90655139909
123.144,8.12055,21.5347,0,46,56,0,2500,0,0,0,24.6139,13.3838,0,1502,90663260581
119.275,8.38401,21.5347,0,46,56,0,2500,0,0,0,24.6139,13.3838,0,1502,90671645438
120.898,8.27145,21.5347,0,46,56,0,2500,0,0,0,24.6139,13.3838,0,1502,90679917423
117.773,8.49094,21.5347,0,46,56,0,2500,0,0,0,24.6139,13.3838,0,1502,90688409398
122.034,8.19446,21.5347,0,46,56,0,2500,0,0,0,24.6139,13.3838,0,1502,90696604297
120.479,8.30021,21.5347,0,46,56,0,2500,0,0,0,24.6139,13.3838,0,1502,90704905145
118.271,8.45519,21.5347,0,46,56,0,2500,0,0,0,24.6139,13.3838,0,1502,90713360935
120.748,8.28168,21.5347,0,46,56,0,2500,0,0,0,24.6139,13.3838,0,1502,90721643163
118.179,8.46175,21.5347,0,46,56,0,2500,0,0,0,24.6139,13.3838,0,1502,90730105549
122.989,8.13083,21.5347,0,46,56,0,2500,0,0,0,24.6139,13.3838,0,1502,90738236169
115.058,8.69127,21.5347,0,46,56,0,2500,0,0,0,24.6139,13.3838,0,1502,90746928507
124.122,8.05662,21.5347,0,46,56,0,2500,0,0,0,24.6139,13.3838,0,1502,90754985599
118.462,8.44152,21.5347,0,46,56,0,2500,0,0,0,24.6139,13.3838,0,1502,90763427464
123.899,8.07107,21.5347,0,46,56,0,2500,0,0,0,24.6139,13.3838,0,1502,90771498620
118.203,8.46001,21.5347,0,46,56,0,2500,0,0,0,24.6139,13.3838,0,1502,90779959227
117.335,8.52262,21.5347,0,46,56,0,2500,0,0,0,24.6139,13.3838,0,1502,90788481946
118.695,8.42493,21.5347,0,46,56,0,2500,0,0,0,24.6139,13.3838,0,1502,90796908024
123.316,8.10923,21.5347,0,46,56,0,2500,0,0,0,24.6139,13.3838,0,1502,90805017662
118.214,8.45921,21.5347,0,46,56,0,2500,0,0,0,24.6139,13.3838,0,1502,90813477565
123.064,8.12582,21.5347,0,46,56,0,2500,0,0,0,24.6139,13.3838,0,1502,90821603900
119.144,8.39324,21.5347,0,46,56,0,2500,0,0,0,24.6139,13.3838,0,1502,90829997369
120.68,8.28638,21.5347,0,46,56,0,2500,0,0,0,24.6139,13.3838,0,1502,90838283723
121.669,8.21904,21.5347,0,46,56,0,2500,0,0,0,24.6139,13.3838,0,1502,90846503076
117.707,8.49569,21.5347,0,46,56,0,2500,0,0,0,24.6139,13.3838,0,1502,90854999377
118.118,8.46607,21.5347,0,46,56,0,2500,0,0,0,24.6139,13.3838,0,1502,90863474993
121.372,8.23911,21.393,0,47,56,0,2500,0,0,0,24.6144,13.3837,0,1464,90871705550
121.301,8.24394,21.393,0,47,56,0,2500,0,0,0,24.6144,13.3837,0,1464,90879950263
118.829,8.41545,21.393,0,47,56,0,2500,0,0,0,24.6144,13.3837,0,1464,90888366773
119.854,8.34349,21.393,0,47,56,0,2500,0,0,0,24.6144,13.3837,0,1464,90896710544
120.866,8.27362,21.393,0,47,56,0,2500,0,0,0,24.6144,13.3837,0,1464,90904984483
119.265,8.3847,21.393,0,47,56,0,2500,0,0,0,24.6144,13.3837,0,1464,90913370267
119.278,8.38375,21.393,0,47,56,0,2500,0,0,0,24.6144,13.3837,0,1464,90921754396
120.354,8.30884,21.393,0,47,56,0,2500,0,0,0,24.6144,13.3837,0,1464,90930063840
120.709,8.28442,21.393,0,47,56,0,2500,0,0,0,24.6144,13.3837,0,1464,90938348901
121.812,8.20939,21.393,0,47,56,0,2500,0,0,0,24.6144,13.3837,0,1464,90946558543
118.315,8.45199,21.393,0,47,56,0,2500,0,0,0,24.6144,13.3837,0,1464,90955010761
121.445,8.23418,21.393,0,47,56,0,2500,0,0,0,24.6144,13.3837,0,1464,90963245625
119.935,8.33786,21.393,0,47,56,0,2500,0,0,0,24.6144,13.3837,0,1464,90971583266
121.361,8.23987,21.393,0,47,56,0,2500,0,0,0,24.6144,13.3837,0,1464,90979823421
118.031,8.47236,21.393,0,47,56,0,2500,0,0,0,24.6144,13.3837,0,1464,90988296784
119.597,8.36141,21.393,0,47,56,0,2500,0,0,0,24.6144,13.3837,0,1464,90996658831
118.851,8.41386,21.393,0,47,56,0,2500,0,0,0,24.6144,13.3837,0,1464,91005072893
119.97,8.3354,21.393,0,47,56,0,2500,0,0,0,24.6144,13.3837,0,1464,91013409384
121.849,8.20686,21.393,0,47,56,0,2500,0,0,0,24.6144,13.3837,0,1464,91021616341
119.044,8.40022,21.393,0,47,56,0,2500,0,0,0,24.6144,13.3837,0,1464,91030016922
119.19,8.38999,21.393,0,47,56,0,2500,0,0,0,24.6144,13.3837,0,1464,91038407518
122.145,8.18696,21.393,0,47,56,0,2500,0,0,0,24.6144,13.3837,0,1464,91046595585
117.123,8.53806,21.393,0,47,56,0,2500,0,0,0,24.6144,13.3837,0,1464,91055134715
120.683,8.28619,21.393,0,47,56,0,2500,0,0,0,24.6144,13.3837,0,1464,91063421412
121.522,8.22898,21.393,0,47,56,0,2500,0,0,0,24.6144,13.3837,0,1464,91071650448
115.203,8.68033,21.393,0,47,56,0,2500,0,0,0,24.6144,13.3837,0,1464,91080331219
126.24,7.92139,21.393,0,47,56,0,2500,0,0,0,24.6144,13.3837,0,1464,91088253428
118.806,8.41707,21.393,0,47,56,0,2500,0,0,0,24.6144,13.3837,0,1464,91096670660
118.615,8.43063,21.393,0,47,56,0,2500,0,0,0,24.6144,13.3837,0,1464,91105102225
122.809,8.14276,21.393,0,47,56,0,2500,0,0,0,24.6144,13.3837,0,1464,91113245535
121.2,8.25081,21.393,0,47,56,0,2500,0,0,0,24.6144,13.3837,0,1464,91121495950
117.236,8.52977,21.393,0,47,56,0,2500,0,0,0,24.6144,13.3837,0,1464,91130026130
119.739,8.35148,21.393,0,47,56,0,2500,0,0,0,24.6144,13.3837,0,1464,91138378640
120.309,8.31195,21.393,0,47,56,0,2500,0,0,0,24.6144,13.3837,0,1464,91146691574
119.476,8.36987,21.393,0,47,56,0,2500,0,0,0,24.6144,13.3837,0,1464,91155062446
118.613,8.43076,21.393,0,47,56,0,2500,0,0,0,24.6144,13.3837,0,1464,91163493546
123.406,8.10332,21.393,0,47,56,0,2500,0,0,0,24.6144,13.3837,0,1464,91171596537
114.867,8.70575,21.393,0,47,56,0,2500,0,0,0,24.6144,13.3837,0,1464,91180303464
124.693,8.01967,21.393,0,47,56,0,2500,0,0,0,24.6144,13.3837,0,1464,91188323547
120.704,8.28475,21.393,0,47,56,0,2500,0,0,0,24.6144,13.3837,0,1464,91196608900
118.742,8.42165,21.393,0,47,56,0,2500,0,0,0,24.6144,13.3837,0,1464,91205030836
120.599,8.29193,21.393,0,47,56,0,2500,0,0,0,24.6144,13.3837,0,1464,91213322830
122.88,8.13799,21.393,0,47,56,0,2500,0,0,0,24.6144,13.3837,0,1464,91221461127
119.83,8.34517,21.393,0,47,56,0,2500,0,0,0,24.6144,13.3837,0,1464,91229806715
117.338,8.52236,21.393,0,47,56,0,2500,0,0,0,24.6144,13.3837,0,1464,91238329640
122.592,8.15716,21.393,0,47,56,0,2500,0,0,0,24.6144,13.3837,0,1464,91246487221
119.421,8.37373,21.393,0,47,56,0,2500,0,0,0,24.6144,13.3837,0,1464,91254861622
120.59,8.29253,21.393,0,47,56,0,2500,0,0,0,24.6144,13.3837,0,1464,91263154510
119.837,8.34468,21.393,0,47,56,0,2500,0,0,0,24.6144,13.3837,0,1464,91271499483
120.241,8.31664,21.393,0,47,56,0,2500,0,0,0,24.6144,13.3837,0,1464,91279817435
117.891,8.48243,21.393,0,47,56,0,2500,0,0,0,24.6144,13.3837,0,1464,91288299244
120.79,8.27884,21.393,0,47,56,0,2500,0,0,0,24.6144,13.3837,0,1464,91296578739
116.389,8.59188,21.393,0,47,56,0,2500,0,0,0,24.6144,13.3837,0,1464,91305171796
120.862,8.27387,21.393,0,47,56,0,2500,0,0,0,24.6144,13.3837,0,1464,91313446527
121.79,8.21084,21.393,0,47,56,0,2500,0,0,0,24.6144,13.3837,0,1464,91321657786
119.262,8.38487,21.393,0,47,56,0,2500,0,0,0,24.6144,13.3837,0,1464,91330043623
119.936,8.33778,21.393,0,47,56,0,2500,0,0,0,24.6144,13.3837,0,1464,91338382076
121.584,8.22477,21.393,0,47,56,0,2500,0,0,0,24.6144,13.3837,0,1464,91346606940
119.657,8.35725,21.393,0,47,56,0,2500,0,0,0,24.6144,13.3837,0,1464,91354963940
5.3124,188.239,21.393,0,47,56,0,2500,0,0,0,24.6144,13.3837,0,1464,91543214905
1.25032,799.795,33.211,0,47,61,0,2500,0,0,0,24.5279,13.4383,0,3200,92343004059
