start,geometry,clip,blit,flush,end,hwnd,surface,thread,outcome,width,height,commit
170901032420283,170901032430604,170901032441143,170901032443072,170901032451089,170901032451151,265650,93825812243696,4375639744,7,2732,1151,2481
170901041919963,170901041930885,170901041941518,170901041943354,170901041949094,170901041949161,265650,93825812243696,4375639744,7,2732,1151,2482
170901050288050,170901050307605,170901050320026,170901050321652,170901050328253,170901050328344,265650,93825812243696,4375639744,7,2732,1151,2483
170901061632290,170901061648264,170901061659405,170901061662459,170901061667456,170901061667556,265650,93825812243696,4375639744,7,2732,1151,2484
170901071429179,170901071439832,170901071450513,170901071452609,170901071457738,170901071457803,265650,93825812243696,4375639744,7,2732,1151,2485
170901081038333,170901081050091,170901081060793,170901081062643,170901081070130,170901081070209,265650,93825812243696,4375639744,7,2732,1151,2486
170901090169395,170901090179989,170901090191212,170901090193130,170901090198180,170901090198246,265650,93825812243696,4375639744,7,2732,1151,2487
170901100010218,170901100020914,170901100031477,170901100033353,170901100036599,170901100036665,265650,93825812243696,4375639744,7,2732,1151,2488
170901109400515,170901109411838,170901109422743,170901109424551,170901109429139,170901109429218,265650,93825812243696,4375639744,7,2732,1151,2489
170901119347081,170901119357706,170901119367976,170901119369714,170901119373990,170901119374077,265650,93825812243696,4375639744,7,2732,1151,2490
170901128947542,170901128964848,170901128976945,170901128978865,170901128983545,170901128983634,265650,93825812243696,4375639744,7,2732,1151,2491
170901138369398,170901138378649,170901138387689,170901138388984,170901138393866,170901138393935,265650,93825812243696,4375639744,7,2732,1151,2492
170901147236240,170901147246284,170901147255374,170901147256309,170901147261086,170901147261163,265650,93825812243696,4375639744,7,2732,1151,2493
170901156420685,170901156429594,170901156437787,170901156438854,170901156443520,170901156443584,265650,93825812243696,4375639744,7,2732,1151,2494
170901167484130,170901167495551,170901167507014,170901167509486,170901167515326,170901167515420,265650,93825812243696,4375639744,7,2732,1151,2495
170901177586402,170901177597410,170901177608213,170901177609850,170901177613569,170901177613658,265650,93825812243696,4375639744,7,2732,1151,2496
170901187183642,170901187194623,170901187205348,170901187207384,170901187211312,170901187211396,265650,93825812243696,4375639744,7,2732,1151,2497
170901196806875,170901196817726,170901196828595,170901196830623,170901196834204,170901196834274,265650,93825812243696,4375639744,7,2732,1151,2498
170901216947422,170901216959292,170901216969990,170901216973046,170901216976848,170901216976923,265650,93825812243696,4375639744,7,2732,1151,2499
170901225276095,170901225291789,170901225303612,170901225306216,170901225311626,170901225311671,265650,93825812243696,4375639744,7,2732,1151,2500
170901233608250,170901233631429,170901233644032,170901233645992,170901233651973,170901233652033,265650,93825812243696,4375639744,7,2732,1151,2501
170901241966436,170901241978516,170901241989896,170901241992744,170901241997221,170901241997286,265650,93825812243696,4375639744,7,2732,1151,2502
170901250261821,170901250273619,170901250285628,170901250287781,170901250294050,170901250294126,265650,93825812243696,4375639744,7,2732,1151,2503
170901258593080,170901258603934,170901258614524,170901258616409,170901258621478,170901258621542,265650,93825812243696,4375639744,7,2732,1151,2504
170901266988601,170901267006867,170901267019548,170901267022243,170901267035370,170901267035426,265650,93825812243696,4375639744,7,2732,1151,2505
170901275269324,170901275279873,170901275290608,170901275292532,170901275299813,170901275299888,265650,93825812243696,4375639744,7,2732,1151,2506
170901283607113,170901283617879,170901283629428,170901283631881,170901283641925,170901283641981,265650,93825812243696,4375639744,7,2732,1151,2507
170901292390214,170901292400777,170901292411006,170901292412763,170901292419415,170901292419478,265650,93825812243696,4375639744,7,2732,1151,2508
170901302366608,170901302377256,170901302387608,170901302389167,170901302396961,170901302397015,265650,93825812243696,4375639744,7,2732,1151,2509
170901311721454,170901311731872,170901311742486,170901311744351,170901311748669,170901311748728,265650,93825812243696,4375639744,7,2732,1151,2510
170901321624452,170901321634889,170901321646104,170901321647744,170901321651468,170901321651514,265650,93825812243696,4375639744,7,2732,1151,2511
170901331205186,170901331216559,170901331227954,170901331230171,170901331238487,170901331238567,265650,93825812243696,4375639744,7,2732,1151,2512
170901340744170,170901340755442,170901340766844,170901340769549,170901340776060,170901340776153,265650,93825812243696,4375639744,7,2732,1151,2513
170901351468729,170901351480123,170901351491242,170901351493452,170901351501607,170901351501706,265650,93825812243696,4375639744,7,2732,1151,2514
170901360869878,170901360880713,170901360891927,170901360894470,170901360900767,170901360900848,265650,93825812243696,4375639744,7,2732,1151,2515
170901370205737,170901370216798,170901370227694,170901370229864,170901370238014,170901370238106,265650,93825812243696,4375639744,7,2732,1151,2516
170901379560722,170901379572956,170901379584746,170901379586858,170901379595879,170901379595983,265650,93825812243696,4375639744,7,2732,1151,2517
170901389119375,170901389130512,170901389141459,170901389143580,170901389151160,170901389151258,265650,93825812243696,4375639744,7,2732,1151,2518
170901400805157,170901400816137,170901400827086,170901400829681,170901400839207,170901400839287,265650,93825812243696,4375639744,7,2732,1151,2519
170901410042023,170901410052709,170901410063399,170901410065415,170901410070793,170901410070866,265650,93825812243696,4375639744,7,2732,1151,2520
170901419455047,170901419467517,170901419478909,170901419480907,170901419490319,170901419490376,265650,93825812243696,4375639744,7,2732,1151,2521
170901428999873,170901429014167,170901429025159,170901429027123,170901429031599,170901429031659,265650,93825812243696,4375639744,7,2732,1151,2522
170901439170401,170901439181310,170901439192508,170901439195157,170901439206620,170901439206693,265650,93825812243696,4375639744,7,2732,1151,2523
170901448933951,170901448971454,170901448983600,170901448985515,170901448991701,170901448991788,265650,93825812243696,4375639744,7,2732,1151,2524
170901458246174,170901458255243,170901458263707,170901458264408,170901458268692,170901458268748,265650,93825812243696,4375639744,7,2732,1151,2525
170901468097330,170901468107111,170901468116137,170901468116941,170901468121146,170901468121208,265650,93825812243696,4375639744,7,2732,1151,2526
170901477437547,170901477452942,170901477464837,170901477469050,170901477473987,170901477474055,265650,93825812243696,4375639744,7,2732,1151,2527
170901486031946,170901486043016,170901486054450,170901486056500,170901486062895,170901486062958,265650,93825812243696,4375639744,7,2732,1151,2528
170901495399973,170901495410936,170901495421996,170901495423776,170901495429260,170901495429319,265650,93825812243696,4375639744,7,2732,1151,2529
170901505203998,170901505214625,170901505225372,170901505227412,170901505236305,170901505236367,265650,93825812243696,4375639744,7,2732,1151,2530
170901514414890,170901514425858,170901514436961,170901514439008,170901514447745,170901514447845,265650,93825812243696,4375639744,7,2732,1151,2531
170901524174653,170901524185273,170901524195879,170901524198236,170901524206901,170901524206998,265650,93825812243696,4375639744,7,2732,1151,2532
170901533805898,170901533816598,170901533827418,170901533829453,170901533833682,170901533833756,265650,93825812243696,4375639744,7,2732,1151,2533
170901543245660,170901543255513,170901543264138,170901543265209,170901543269371,170901543269428,265650,93825812243696,4375639744,7,2732,1151,2534
170901553278921,170901553288111,170901553296777,170901553297908,170901553301807,170901553301875,265650,93825812243696,4375639744,7,2732,1151,2535
170901562554046,170901562573651,170901562584868,170901562587669,170901562596051,170901562596141,265650,93825812243696,4375639744,7,2732,1151,2536
170901572299053,170901572310222,170901572321493,170901572324050,170901572332313,170901572332379,265650,93825812243696,4375639744,7,2732,1151,2537
170901581833829,170901581845390,170901581856433,170901581858178,170901581865956,170901581866028,265650,93825812243696,4375639744,7,2732,1151,2538
170901591454214,170901591465703,170901591476874,170901591479296,170901591488367,170901591488456,265650,93825812243696,4375639744,7,2732,1151,2539
170901600939727,170901600950468,170901600963448,170901600965279,170901600974906,170901600974966,265650,93825812243696,4375639744,7,2732,1151,2540
170901610679936,170901610690414,170901610701113,170901610702864,170901610711230,170901610711291,265650,93825812243696,4375639744,7,2732,1151,2541
170901620194668,170901620205129,170901620215993,170901620217808,170901620232066,170901620232133,265650,93825812243696,4375639744,7,2732,1151,2542
170901629798617,170901629809136,170901629820531,170901629822308,170901629830980,170901629831042,265650,93825812243696,4375639744,7,2732,1151,2543
170901639772125,170901639783190,170901639794742,170901639797161,170901639803320,170901639803393,265650,93825812243696,4375639744,7,2732,1151,2544
170901649171298,170901649189577,170901649201200,170901649202693,170901649207266,170901649207353,265650,93825812243696,4375639744,7,2732,1151,2545
170901660740065,170901660749313,170901660757713,170901660758852,170901660763466,170901660763529,265650,93825812243696,4375639744,7,2732,1151,2546
170901670186285,170901670197613,170901670209134,170901670211750,170901670219907,170901670219998,265650,93825812243696,4375639744,7,2732,1151,2547
170901679138152,170901679149597,170901679160481,170901679162342,170901679173478,170901679173552,265650,93825812243696,4375639744,7,2732,1151,2548
170901687963714,170901687974541,170901687985351,170901687987581,170901687994997,170901687995061,265650,93825812243696,4375639744,7,2732,1151,2549
170901697128280,170901697138782,170901697149683,170901697151434,170901697159417,170901697159485,265650,93825812243696,4375639744,7,2732,1151,2550
170901706524325,170901706535331,170901706546391,170901706549238,170901706558174,170901706558275,265650,93825812243696,4375639744,7,2732,1151,2551
170901716125594,170901716136427,170901716147521,170901716149878,170901716158582,170901716158654,265650,93825812243696,4375639744,7,2732,1151,2552
170901725872286,170901725882759,170901725894262,170901725896255,170901725903018,170901725903065,265650,93825812243696,4375639744,7,2732,1151,2553
170901735413185,170901735423415,170901735434095,170901735435920,170901735451464,170901735451542,265650,93825812243696,4375639744,7,2732,1151,2554
170901744927729,170901744938276,170901744949657,170901744952033,170901744956884,170901744956949,265650,93825812243696,4375639744,7,2732,1151,2555
170901754472388,170901754483480,170901754494646,170901754497109,170901754505942,170901754506011,265650,93825812243696,4375639744,7,2732,1151,2556
170901764011228,170901764021982,170901764032959,170901764034987,170901764041634,170901764041701,265650,93825812243696,4375639744,7,2732,1151,2557
170901773662435,170901773673483,170901773684776,170901773687485,170901773696845,170901773696907,265650,93825812243696,4375639744,7,2732,1151,2558
170901783282246,170901783292769,170901783304052,170901783306341,170901783315417,170901783315472,265650,93825812243696,4375639744,7,2732,1151,2559
170901795258802,170901795269539,170901795280159,170901795282484,170901795287923,170901795288000,265650,93825812243696,4375639744,7,2732,1151,2560
170901804388370,170901804399263,170901804410132,170901804412571,170901804418553,170901804418630,265650,93825812243696,4375639744,7,2732,1151,2561
170901814049828,170901814060790,170901814071821,170901814074039,170901814079769,170901814079846,265650,93825812243696,4375639744,7,2732,1151,2562
170901823356646,170901823367575,170901823378429,170901823380593,170901823385943,170901823386005,265650,93825812243696,4375639744,7,2732,1151,2563
170901831694210,170901831705132,170901831715563,170901831717736,170901831725588,170901831725648,265650,93825812243696,4375639744,7,2732,1151,2564
170901840725009,170901840735507,170901840746215,170901840747886,170901840755989,170901840756058,265650,93825812243696,4375639744,7,2732,1151,2565
170901850083139,170901850098282,170901850107216,170901850108577,170901850110844,170901850110909,265650,93825812243696,4375639744,7,2732,1151,2566
170901859431136,170901859450438,170901859462354,170901859465183,170901859472253,170901859472471,265650,93825812243696,4375639744,7,2732,1151,2567
170901869690394,170901869701294,170901869712483,170901869714964,170901869723242,170901869723338,265650,93825812243696,4375639744,7,2732,1151,2568
170901878468499,170901878479888,170901878490964,170901878493091,170901878500969,170901878501096,265650,93825812243696,4375639744,7,2732,1151,2569
170901887868018,170901887878850,170901887890512,170901887893413,170901887904479,170901887904565,265650,93825812243696,4375639744,7,2732,1151,2570
170901897264162,170901897274818,170901897285808,170901897287982,170901897296372,170901897296453,265650,93825812243696,4375639744,7,2732,1151,2571
170901907134602,170901907145806,170901907156388,170901907158650,170901907165056,170901907165136,265650,93825812243696,4375639744,7,2732,1151,2572
170901916129158,170901916139683,170901916150644,170901916153137,170901916159212,170901916159294,265650,93825812243696,4375639744,7,2732,1151,2573
170901925397145,170901925407669,170901925418365,170901925420616,170901925426410,170901925426486,265650,93825812243696,4375639744,7,2732,1151,2574
170901934724017,170901934734691,170901934745149,170901934747348,170901934752866,170901934752921,265650,93825812243696,4375639744,7,2732,1151,2575
170901944338635,170901944349153,170901944359777,170901944361735,170901944382922,170901944382993,265650,93825812243696,4375639744,7,2732,1151,2576
170901953771051,170901953782082,170901953792673,170901953794902,170901953798940,170901953799004,265650,93825812243696,4375639744,7,2732,1151,2577
170901962853901,170901962864619,170901962875299,170901962877319,170901962884920,170901962884979,265650,93825812243696,4375639744,7,2732,1151,2578
170901972022801,170901972033740,170901972044462,170901972046126,170901972054763,170901972054850,265650,93825812243696,4375639744,7,2732,1151,2579
170901981664976,170901981675665,170901981686576,170901981688365,170901981694486,170901981694558,265650,93825812243696,4375639744,7,2732,1151,2580
170901991052346,170901991063433,170901991073880,170901991075637,170901991083097,170901991083171,265650,93825812243696,4375639744,7,2732,1151,2581
170902000347855,170902000358864,170902000369845,170902000371733,170902000381839,170902000381938,265650,93825812243696,4375639744,7,2732,1151,2582
170902009671600,170902009682218,170902009693389,170902009695230,170902009703280,170902009703355,265650,93825812243696,4375639744,7,2732,1151,2583
170902018911012,170902018921422,170902018931966,170902018933855,170902018941702,170902018941760,265650,93825812243696,4375639744,7,2732,1151,2584
170902028152843,170902028163727,170902028174825,170902028176948,170902028184993,170902028185116,265650,93825812243696,4375639744,7,2732,1151,2585
170902037741756,170902037752007,170902037762597,170902037764544,170902037773502,170902037773559,265650,93825812243696,4375639744,7,2732,1151,2586
170902047316950,170902047327538,170902047337985,170902047339875,170902047346121,170902047346182,265650,93825812243696,4375639744,7,2732,1151,2587
170902056975704,170902056986062,170902056996828,170902056998557,170902057005969,170902057006046,265650,93825812243696,4375639744,7,2732,1151,2588
170902065811916,170902065822152,170902065832827,170902065834772,170902065838628,170902065838686,265650,93825812243696,4375639744,7,2732,1151,2589
170902074949263,170902074960212,170902074970950,170902074973006,170902074978506,170902074978610,265650,93825812243696,4375639744,7,2732,1151,2590
170902084100279,170902084111589,170902084123241,170902084125067,170902084128450,170902084128514,265650,93825812243696,4375639744,7,2732,1151,2591
170902093774219,170902093784686,170902093794802,170902093796645,170902093801665,170902093801724,265650,93825812243696,4375639744,7,2732,1151,2592
170902103257430,170902103267752,170902103278537,170902103280982,170902103288498,170902103288562,265650,93825812243696,4375639744,7,2732,1151,2593
170902112352219,170902112362823,170902112373787,170902112375540,170902112383331,170902112383390,265650,93825812243696,4375639744,7,2732,1151,2594
170902123556012,170902123566544,170902123577227,170902123579013,170902123582946,170902123583003,265650,93825812243696,4375639744,7,2732,1151,2595
170902131904385,170902131917518,170902131928648,170902131930852,170902131940417,170902131940477,265650,93825812243696,4375639744,7,2732,1151,2596
170902140221250,170902140231541,170902140242378,170902140244678,170902140253305,170902140253492,265650,93825812243696,4375639744,7,2732,1151,2597
170902150612807,170902150624235,170902150635545,170902150638062,170902150647530,170902150647638,265650,93825812243696,4375639744,7,2732,1151,2598
170902158987476,170902158998631,170902159013375,170902159015186,170902159019084,170902159019156,265650,93825812243696,4375639744,7,2732,1151,2599
170902168194415,170902168205307,170902168216184,170902168218398,170902168227405,170902168227478,265650,93825812243696,4375639744,7,2732,1151,2600
170902177890066,170902177900737,170902177911934,170902177913899,170902177923998,170902177924042,265650,93825812243696,4375639744,7,2732,1151,2601
170902187101050,170902187112847,170902187124084,170902187126604,170902187132563,170902187132636,265650,93825812243696,4375639744,7,2732,1151,2602
170902198640446,170902198652671,170902198664010,170902198666730,170902198672250,170902198672321,265650,93825812243696,4375639744,7,2732,1151,2603
170902207609710,170902207620017,170902207630699,170902207632716,170902207637258,170902207637315,265650,93825812243696,4375639744,7,2732,1151,2604
170902216542208,170902216553534,170902216564140,170902216566422,170902216579016,170902216579078,265650,93825812243696,4375639744,7,2732,1151,2605
170902224882938,170902224893321,170902224904246,170902224906617,170902224914075,170902224914137,265650,93825812243696,4375639744,7,2732,1151,2606
170902234004587,170902234015166,170902234026159,170902234028369,170902234036536,170902234036591,265650,93825812243696,4375639744,7,2732,1151,2607
170902243961949,170902243973536,170902243984714,170902243987376,170902243996144,170902243996257,265650,93825812243696,4375639744,7,2732,1151,2608
170902252673554,170902252684019,170902252695115,170902252697808,170902252702876,170902252702966,265650,93825812243696,4375639744,7,2732,1151,2609
170902262398959,170902262411986,170902262423235,170902262425964,170902262431215,170902262431277,265650,93825812243696,4375639744,7,2732,1151,2610
170902284427484,170902284440201,170902284451542,170902284454112,170902284460831,170902284460906,265650,93825812243696,4375639744,7,2732,1151,2611
170902292818642,170902292834511,170902292845794,170902292848991,170902292862684,170902292862765,265650,93825812243696,4375639744,7,2732,1151,2612
170902301062158,170902301079376,170902301090433,170902301092532,170902301103671,170902301103749,265650,93825812243696,4375639744,7,2732,1151,2613
170902309428072,170902309445301,170902309457148,170902309459222,170902309464492,170902309464540,265650,93825812243696,4375639744,7,2732,1151,2614
170902317760604,170902317775528,170902317786575,170902317788637,170902317795873,170902317795991,265650,93825812243696,4375639744,7,2732,1151,2615
170902326070681,170902326088916,170902326099843,170902326102083,170902326108993,170902326109077,265650,93825812243696,4375639744,7,2732,1151,2616
170902334440228,170902334487129,170902334500055,170902334503145,170902334517925,170902334517992,265650,93825812243696,4375639744,7,2732,1151,2617
170902342770934,170902342788757,170902342800655,170902342803694,170902342812217,170902342812319,265650,93825812243696,4375639744,7,2732,1151,2618
170902351064843,170902351076942,170902351088218,170902351090730,170902351098056,170902351098116,265650,93825812243696,4375639744,7,2732,1151,2619
170902359429619,170902359441476,170902359452876,170902359455178,170902359464065,170902359464130,265650,93825812243696,4375639744,7,2732,1151,2620
170902367912899,170902367932813,170902367944683,170902367946253,170902367951907,170902367951999,265650,93825812243696,4375639744,7,2732,1151,2621
170902376098903,170902376110069,170902376118401,170902376119479,170902376122918,170902376122975,265650,93825812243696,4375639744,7,2732,1151,2622
170902384438780,170902384447627,170902384455737,170902384456678,170902384461803,170902384461866,265650,93825812243696,4375639744,7,2732,1151,2623
170902395614222,170902395622637,170902395630612,170902395631347,170902395636215,170902395636270,265650,93825812243696,4375639744,7,2732,1151,2624
170902404897143,170902404912227,170902404923537,170902404926194,170902404929534,170902404929624,265650,93825812243696,4375639744,7,2732,1151,2625
170902414463773,170902414473283,170902414482442,170902414483667,170902414490095,170902414490170,265650,93825812243696,4375639744,7,2732,1151,2626
170902423775769,170902423792435,170902423803663,170902423806353,170902423809378,170902423809459,265650,93825812243696,4375639744,7,2732,1151,2627
170902432643972,170902432654650,170902432665693,170902432668330,170902432675218,170902432675284,265650,93825812243696,4375639744,7,2732,1151,2628
170902441779364,170902441790438,170902441801717,170902441803583,170902441810836,170902441810897,265650,93825812243696,4375639744,7,2732,1151,2629
170902453579502,170902453590278,170902453601097,170902453603351,170902453607864,170902453607910,265650,93825812243696,4375639744,7,2732,1151,2630
170902462300401,170902462311007,170902462321652,170902462323345,170902462327625,170902462327674,265650,93825812243696,4375639744,7,2732,1151,2631
170902472277467,170902472288233,170902472298632,170902472300932,170902472304072,170902472304138,265650,93825812243696,4375639744,7,2732,1151,2632
170902481294577,170902481305108,170902481315601,170902481317248,170902481321473,170902481321535,265650,93825812243696,4375639744,7,2732,1151,2633
170902490923040,170902490934225,170902490945431,170902490948352,170902490953652,170902490953719,265650,93825812243696,4375639744,7,2732,1151,2634
170902500623059,170902500631930,170902500640969,170902500642595,170902500647297,170902500647373,265650,93825812243696,4375639744,7,2732,1151,2635
170902510109267,170902510118570,170902510127174,170902510128079,170902510132400,170902510132454,265650,93825812243696,4375639744,7,2732,1151,2636
170902519868203,170902519878153,170902519887333,170902519888317,170902519893464,170902519893541,265650,93825812243696,4375639744,7,2732,1151,2637
170902529218575,170902529230769,170902529240519,170902529241537,170902529246052,170902529246121,265650,93825812243696,4375639744,7,2732,1151,2638
170902538920562,170902538932290,170902538943202,170902538944037,170902538948900,170902538948975,265650,93825812243696,4375639744,7,2732,1151,2639
170902548424545,170902548434096,170902548443025,170902548443735,170902548447394,170902548447453,265650,93825812243696,4375639744,7,2732,1151,2640
170902558132369,170902558149249,170902558160628,170902558162248,170902558170312,170902558170404,265650,93825812243696,4375639744,7,2732,1151,2641
170902568192350,170902568207102,170902568216453,170902568218211,170902568227535,170902568227600,265650,93825812243696,4375639744,7,2732,1151,2642
170902578333191,170902578349764,170902578359208,170902578360813,170902578365317,170902578365379,265650,93825812243696,4375639744,7,2732,1151,2643
170902588359054,170902588371980,170902588383625,170902588387449,170902588393540,170902588393637,265650,93825812243696,4375639744,7,2732,1151,2644
170902597214707,170902597228421,170902597239899,170902597243056,170902597252520,170902597252620,265650,93825812243696,4375639744,7,2732,1151,2645
170902607209834,170902607231775,170902607244716,170902607247073,170902607255798,170902607255885,265650,93825812243696,4375639744,7,2732,1151,2646
170902616240255,170902616249389,170902616258078,170902616259316,170902616265415,170902616265481,265650,93825812243696,4375639744,7,2732,1151,2647
170902625745653,170902625756718,170902625768155,170902625770805,170902625775640,170902625775748,265650,93825812243696,4375639744,7,2732,1151,2648
170902635589299,170902635600145,170902635610917,170902635613165,170902635618193,170902635618312,265650,93825812243696,4375639744,7,2732,1151,2649
170902645080279,170902645091179,170902645101757,170902645103756,170902645108388,170902645108463,265650,93825812243696,4375639744,7,2732,1151,2650
170902654439901,170902654450716,170902654462168,170902654465123,170902654470515,170902654470580,265650,93825812243696,4375639744,7,2732,1151,2651
170902664041700,170902664052162,170902664062965,170902664064709,170902664069557,170902664069624,265650,93825812243696,4375639744,7,2732,1151,2652
170902673694001,170902673704995,170902673715698,170902673717965,170902673722896,170902673722961,265650,93825812243696,4375639744,7,2732,1151,2653
170902683291859,170902683302364,170902683313675,170902683316412,170902683319940,170902683320025,265650,93825812243696,4375639744,7,2732,1151,2654
170902692881707,170902692892360,170902692903327,170902692905056,170902692909928,170902692909990,265650,93825812243696,4375639744,7,2732,1151,2655
170902702649813,170902702660648,170902702671351,170902702673743,170902702678419,170902702678505,265650,93825812243696,4375639744,7,2732,1151,2656
170902712290573,170902712301836,170902712313378,170902712316290,170902712322205,170902712322279,265650,93825812243696,4375639744,7,2732,1151,2657
170902722038307,170902722049070,170902722059601,170902722061647,170902722065951,170902722066021,265650,93825812243696,4375639744,7,2732,1151,2658
170902731398636,170902731409093,170902731419663,170902731421675,170902731426087,170902731426164,265650,93825812243696,4375639744,7,2732,1151,2659
170902740882701,170902740893156,170902740903841,170902740905819,170902740909895,170902740909973,265650,93825812243696,4375639744,7,2732,1151,2660
170902750597142,170902750607996,170902750619365,170902750622016,170902750627168,170902750627227,265650,93825812243696,4375639744,7,2732,1151,2661
170902760123069,170902760133228,170902760143614,170902760145369,170902760149788,170902760149850,265650,93825812243696,4375639744,7,2732,1151,2662
170902769687673,170902769698354,170902769708664,170902769710688,170902769714553,170902769714617,265650,93825812243696,4375639744,7,2732,1151,2663
170902779487852,170902779498621,170902779509332,170902779511119,170902779515450,170902779515511,265650,93825812243696,4375639744,7,2732,1151,2664
170902789018282,170902789029475,170902789041131,170902789043062,170902789046127,170902789046192,265650,93825812243696,4375639744,7,2732,1151,2665
170902798236715,170902798247670,170902798258255,170902798260244,170902798264864,170902798264927,265650,93825812243696,4375639744,7,2732,1151,2666
170902808560342,170902808571071,170902808582648,170902808585844,170902808591673,170902808591732,265650,93825812243696,4375639744,7,2732,1151,2667
170902817850875,170902817861411,170902817873810,170902817876918,170902817882225,170902817882284,265650,93825812243696,4375639744,7,2732,1151,2668
170902827259146,170902827269850,170902827280507,170902827282441,170902827286929,170902827286995,265650,93825812243696,4375639744,7,2732,1151,2669
170902837136447,170902837147613,170902837158425,170902837160657,170902837165668,170902837165729,265650,93825812243696,4375639744,7,2732,1151,2670
170902846463008,170902846473475,170902846483804,170902846485886,170902846490273,170902846490340,265650,93825812243696,4375639744,7,2732,1151,2671
170902856363230,170902856381016,170902856390417,170902856392295,170902856397034,170902856397115,265650,93825812243696,4375639744,7,2732,1151,2672
170902866054132,170902866063999,170902866073618,170902866075074,170902866080253,170902866080321,265650,93825812243696,4375639744,7,2732,1151,2673
170902874550073,170902874560105,170902874569091,170902874570177,170902874574436,170902874574509,265650,93825812243696,4375639744,7,2732,1151,2674
170902883400418,170902883410613,170902883419651,170902883420934,170902883424997,170902883425097,265650,93825812243696,4375639744,7,2732,1151,2675
170902893246587,170902893255682,170902893263983,170902893264934,170902893267609,170902893267680,265650,93825812243696,4375639744,7,2732,1151,2676
170902904851475,170902904861281,170902904869366,170902904870453,170902904875836,170902904875893,265650,93825812243696,4375639744,7,2732,1151,2677
170902913644991,170902913653529,170902913661540,170902913662214,170902913666370,170902913666421,265650,93825812243696,4375639744,7,2732,1151,2678
170902923442154,170902923451259,170902923459657,170902923460540,170902923465684,170902923465736,265650,93825812243696,4375639744,7,2732,1151,2679
170902933007066,170902933016365,170902933025005,170902933025785,170902933029788,170902933029848,265650,93825812243696,4375639744,7,2732,1151,2680
170902942663136,170902942673996,170902942682708,170902942683434,170902942687712,170902942687766,265650,93825812243696,4375639744,7,2732,1151,2681
170902952533847,170902952542864,170902952551537,170902952552142,170902952556284,170902952556334,265650,93825812243696,4375639744,7,2732,1151,2682
170902962162943,170902962172744,170902962181900,170902962182863,170902962187112,170902962187179,265650,93825812243696,4375639744,7,2732,1151,2683
170902971541380,170902971551005,170902971560216,170902971560922,170902971565665,170902971565724,265650,93825812243696,4375639744,7,2732,1151,2684
170902981505627,170902981514951,170902981523393,170902981524649,170902981527937,170902981528000,265650,93825812243696,4375639744,7,2732,1151,2685
170902990548313,170902990558585,170902990567623,170902990568746,170902990573983,170902990574049,265650,93825812243696,4375639744,7,2732,1151,2686
170902999761162,170902999770273,170902999778612,170902999779890,170902999782278,170902999782337,265650,93825812243696,4375639744,7,2732,1151,2687
170903011505247,170903011514963,170903011523976,170903011525193,170903011530677,170903011530743,265650,93825812243696,4375639744,7,2732,1151,2688
170903020275676,170903020293254,170903020304798,170903020306017,170903020311115,170903020311200,265650,93825812243696,4375639744,7,2732,1151,2689
170903029449661,170903029460982,170903029472465,170903029475072,170903029482217,170903029482301,265650,93825812243696,4375639744,7,2732,1151,2690
170903038783346,170903038794398,170903038805221,170903038807118,170903038813457,170903038813519,265650,93825812243696,4375639744,7,2732,1151,2691
170903048363958,170903048376848,170903048386440,170903048387640,170903048390902,170903048390975,265650,93825812243696,4375639744,7,2732,1151,2692
170903057948011,170903057957026,170903057965662,170903057966879,170903057971588,170903057971651,265650,93825812243696,4375639744,7,2732,1151,2693
170903067544896,170903067555375,170903067564701,170903067566113,170903067571344,170903067571423,265650,93825812243696,4375639744,7,2732,1151,2694
170903077268359,170903077278989,170903077288395,170903077289712,170903077294727,170903077294802,265650,93825812243696,4375639744,7,2732,1151,2695
170903086709819,170903086721377,170903086731926,170903086733122,170903086737193,170903086737294,265650,93825812243696,4375639744,7,2732,1151,2696
170903098883456,170903098895348,170903098904766,170903098905797,170903098911507,170903098911576,265650,93825812243696,4375639744,7,2732,1151,2697
170903108049769,170903108058805,170903108067075,170903108067991,170903108069942,170903108069996,265650,93825812243696,4375639744,7,2732,1151,2698
170903117477865,170903117487371,170903117496309,170903117497230,170903117501472,170903117501534,265650,93825812243696,4375639744,7,2732,1151,2699
170903127481163,170903127489960,170903127499163,170903127500713,170903127505178,170903127505228,265650,93825812243696,4375639744,7,2732,1151,2700
170903136631097,170903136640875,170903136649963,170903136650771,170903136655472,170903136655548,265650,93825812243696,4375639744,7,2732,1151,2701
170903146365158,170903146374555,170903146383278,170903146383945,170903146388075,170903146388137,265650,93825812243696,4375639744,7,2732,1151,2702
170903156252440,170903156264270,170903156275344,170903156276276,170903156280438,170903156280521,265650,93825812243696,4375639744,7,2732,1151,2703
170903166429697,170903166438800,170903166447488,170903166448797,170903166453767,170903166453833,265650,93825812243696,4375639744,7,2732,1151,2704
170903175947985,170903175957533,170903175966018,170903175967003,170903175972215,170903175972284,265650,93825812243696,4375639744,7,2732,1151,2705
170903185829121,170903185838431,170903185847229,170903185848050,170903185852951,170903185853018,265650,93825812243696,4375639744,7,2732,1151,2706
170903195083849,170903195092685,170903195101177,170903195101927,170903195106190,170903195106253,265650,93825812243696,4375639744,7,2732,1151,2707
170903204514931,170903204525062,170903204534397,170903204535260,170903204539368,170903204539444,265650,93825812243696,4375639744,7,2732,1151,2708
170903214568371,170903214577348,170903214585667,170903214586582,170903214590921,170903214590990,265650,93825812243696,4375639744,7,2732,1151,2709
170903224376285,170903224386233,170903224395428,170903224396434,170903224400818,170903224400881,265650,93825812243696,4375639744,7,2732,1151,2710
170903234034114,170903234044593,170903234053853,170903234054953,170903234059081,170903234059140,265650,93825812243696,4375639744,7,2732,1151,2711
170903243563908,170903243572385,170903243580400,170903243581153,170903243584933,170903243584985,265650,93825812243696,4375639744,7,2732,1151,2712
170903253348286,170903253360459,170903253369836,170903253370994,170903253375315,170903253375373,265650,93825812243696,4375639744,7,2732,1151,2713
170903262711829,170903262720897,170903262729563,170903262730831,170903262735830,170903262735896,265650,93825812243696,4375639744,7,2732,1151,2714
170903273103163,170903273112452,170903273120741,170903273121744,170903273125672,170903273125737,265650,93825812243696,4375639744,7,2732,1151,2715
170903282166865,170903282176813,170903282186035,170903282186955,170903282192443,170903282192509,265650,93825812243696,4375639744,7,2732,1151,2716
170903291006995,170903291016092,170903291024800,170903291026095,170903291029572,170903291029639,265650,93825812243696,4375639744,7,2732,1151,2717
170903300525163,170903300534060,170903300542188,170903300543368,170903300548022,170903300548086,265650,93825812243696,4375639744,7,2732,1151,2718
170903310817462,170903310829892,170903310841208,170903310844435,170903310851574,170903310851692,265650,93825812243696,4375639744,7,2732,1151,2719
170903321512181,170903321523701,170903321534870,170903321537149,170903321541504,170903321541596,265650,93825812243696,4375639744,7,2732,1151,2720
170903330839598,170903330850519,170903330862096,170903330864868,170903330869624,170903330869695,265650,93825812243696,4375639744,7,2732,1151,2721
170903351836739,170903351862258,170903351873058,170903351875363,170903351889302,170903351889380,265650,93825812243696,4375639744,7,2732,1151,2722
170903360091428,170903360108905,170903360120345,170903360122153,170903360129901,170903360129992,265650,93825812243696,4375639744,7,2732,1151,2723
170903368385401,170903368407814,170903368419363,170903368422156,170903368430518,170903368430606,265650,93825812243696,4375639744,7,2732,1151,2724
170903376664049,170903376691567,170903376711367,170903376713498,170903376720648,170903376720729,265650,93825812243696,4375639744,7,2732,1151,2725
170903384971429,170903384992006,170903385010439,170903385013814,170903385026827,170903385026875,265650,93825812243696,4375639744,7,2732,1151,2726
170903393303059,170903393318697,170903393330008,170903393332368,170903393340949,170903393341011,265650,93825812243696,4375639744,7,2732,1151,2727
170903401659083,170903401673333,170903401684404,170903401686452,170903401693929,170903401693988,265650,93825812243696,4375639744,7,2732,1151,2728
170903410037040,170903410050440,170903410061436,170903410063731,170903410070664,170903410070721,265650,93825812243696,4375639744,7,2732,1151,2729
170903418277731,170903418288189,170903418298540,170903418300600,170903418307575,170903418307636,265650,93825812243696,4375639744,7,2732,1151,2730
170903426661951,170903426672355,170903426683306,170903426685816,170903426688814,170903426688868,265650,93825812243696,4375639744,7,2732,1151,2731
170903435316589,170903435326889,170903435337768,170903435339619,170903435346827,170903435346885,265650,93825812243696,4375639744,7,2732,1151,2732
170903447310525,170903447321156,170903447332121,170903447334484,170903447339367,170903447339446,265650,93825812243696,4375639744,7,2732,1151,2733
170903456264975,170903456275363,170903456285913,170903456288036,170903456292646,170903456292708,265650,93825812243696,4375639744,7,2732,1151,2734
170903465618627,170903465633584,170903465644372,170903465646316,170903465654558,170903465654618,265650,93825812243696,4375639744,7,2732,1151,2735
170903475249954,170903475260665,170903475271209,170903475273084,170903475278012,170903475278080,265650,93825812243696,4375639744,7,2732,1151,2736
170903484658990,170903484667703,170903484676308,170903484677661,170903484682339,170903484682398,265650,93825812243696,4375639744,7,2732,1151,2737
170903494203978,170903494213345,170903494222370,170903494223160,170903494226818,170903494226875,265650,93825812243696,4375639744,7,2732,1151,2738
170903504113799,170903504140380,170903504152283,170903504153677,170903504158784,170903504158869,265650,93825812243696,4375639744,7,2732,1151,2739
170903513585123,170903513593212,170903513600827,170903513601512,170903513605216,170903513605276,265650,93825812243696,4375639744,7,2732,1151,2740
170903522255920,170903522265776,170903522274937,170903522275774,170903522280848,170903522280908,265650,93825812243696,4375639744,7,2732,1151,2741
170903531853815,170903531863779,170903531872927,170903531874571,170903531878483,170903531878552,265650,93825812243696,4375639744,7,2732,1151,2742
170903541570046,170903541580649,170903541589022,170903541590646,170903541594933,170903541594991,265650,93825812243696,4375639744,7,2732,1151,2743
170903551029548,170903551039909,170903551048375,170903551049917,170903551062225,170903551062285,265650,93825812243696,4375639744,7,2732,1151,2744
170903562172949,170903562185249,170903562196491,170903562199175,170903562206342,170903562206428,265650,93825812243696,4375639744,7,2732,1151,2745
170903571312292,170903571334177,170903571346570,170903571348241,170903571354546,170903571354610,265650,93825812243696,4375639744,7,2732,1151,2746
170903580101156,170903580111205,170903580120679,170903580122032,170903580127504,170903580127581,265650,93825812243696,4375639744,7,2732,1151,2747
170903591170067,170903591179251,170903591188027,170903591189752,170903591197250,170903591197313,265650,93825812243696,4375639744,7,2732,1151,2748
170903599411537,170903599421384,170903599430555,170903599431708,170903599436889,170903599436949,265650,93825812243696,4375639744,7,2732,1151,2749
170903608553999,170903608563655,170903608572686,170903608573440,170903608578478,170903608578536,265650,93825812243696,4375639744,7,2732,1151,2750
170903618100435,170903618112181,170903618123078,170903618124048,170903618130011,170903618130076,265650,93825812243696,4375639744,7,2732,1151,2751
170903627843300,170903627854647,170903627865072,170903627865903,170903627872299,170903627872370,265650,93825812243696,4375639744,7,2732,1151,2752
170903639481056,170903639490521,170903639499373,170903639500161,170903639502512,170903639502579,265650,93825812243696,4375639744,7,2732,1151,2753
170903648387659,170903648397377,170903648406468,170903648407394,170903648412096,170903648412172,265650,93825812243696,4375639744,7,2732,1151,2754
170903658034146,170903658042813,170903658050716,170903658051579,170903658055796,170903658055853,265650,93825812243696,4375639744,7,2732,1151,2755
170903667464917,170903667474252,170903667482921,170903667483758,170903667488951,170903667489012,265650,93825812243696,4375639744,7,2732,1151,2756
170903677048180,170903677057792,170903677066782,170903677067547,170903677071678,170903677071741,265650,93825812243696,4375639744,7,2732,1151,2757
170903685274059,170903685283083,170903685291120,170903685291929,170903685294910,170903685294966,265650,93825812243696,4375639744,7,2732,1151,2758
170903696311245,170903696319754,170903696327761,170903696328697,170903696332522,170903696332574,265650,93825812243696,4375639744,7,2732,1151,2759
170903705912648,170903705930357,170903705941592,170903705943165,170903705948236,170903705948332,265650,93825812243696,4375639744,7,2732,1151,2760
170903715617338,170903715626164,170903715634353,170903715635298,170903715639894,170903715639943,265650,93825812243696,4375639744,7,2732,1151,2761
170903724777449,170903724787284,170903724796490,170903724797329,170903724802379,170903724802435,265650,93825812243696,4375639744,7,2732,1151,2762
170903734536303,170903734544500,170903734552369,170903734552887,170903734555933,170903734555983,265650,93825812243696,4375639744,7,2732,1151,2763
170903744215650,170903744230543,170903744242047,170903744244857,170903744248535,170903744248622,265650,93825812243696,4375639744,7,2732,1151,2764
170903753486894,170903753498413,170903753509326,170903753511654,170903753516169,170903753516261,265650,93825812243696,4375639744,7,2732,1151,2765
170903763201648,170903763213225,170903763224263,170903763226772,170903763231868,170903763231961,265650,93825812243696,4375639744,7,2732,1151,2766
170903772841059,170903772852253,170903772862993,170903772865136,170903772870938,170903772871032,265650,93825812243696,4375639744,7,2732,1151,2767
170903782084297,170903782095391,170903782105896,170903782107714,170903782112748,170903782112823,265650,93825812243696,4375639744,7,2732,1151,2768
170903791690520,170903791701473,170903791712263,170903791714430,170903791718981,170903791719066,265650,93825812243696,4375639744,7,2732,1151,2769
170903800575554,170903800586244,170903800597136,170903800599074,170903800604852,170903800604940,265650,93825812243696,4375639744,7,2732,1151,2770
170903808965767,170903808976422,170903808987188,170903808988790,170903808997533,170903808997591,265650,93825812243696,4375639744,7,2732,1151,2771
170903818761891,170903818772449,170903818783041,170903818784950,170903818793167,170903818793244,265650,93825812243696,4375639744,7,2732,1151,2772
170903827957706,170903827968546,170903827978881,170903827980755,170903827986722,170903827986780,265650,93825812243696,4375639744,7,2732,1151,2773
170903838250332,170903838261521,170903838272827,170903838275502,170903838283861,170903838283959,265650,93825812243696,4375639744,7,2732,1151,2774
170903849247948,170903849258478,170903849269508,170903849272066,170903849276051,170903849276119,265650,93825812243696,4375639744,7,2732,1151,2775
170903858511350,170903858522395,170903858533418,170903858535644,170903858541293,170903858541372,265650,93825812243696,4375639744,7,2732,1151,2776
170903866879798,170903866890591,170903866901477,170903866904146,170903866910131,170903866910218,265650,93825812243696,4375639744,7,2732,1151,2777
170903875546638,170903875557462,170903875568331,170903875570113,170903875577768,170903875577843,265650,93825812243696,4375639744,7,2732,1151,2778
170903887047508,170903887057874,170903887068889,170903887071807,170903887077395,170903887077475,265650,93825812243696,4375639744,7,2732,1151,2779
170903896192573,170903896203711,170903896214776,170903896217369,170903896223033,170903896223131,265650,93825812243696,4375639744,7,2732,1151,2780
170903904513245,170903904524019,170903904535263,170903904537531,170903904546338,170903904546396,265650,93825812243696,4375639744,7,2732,1151,2781
170903915499060,170903915510575,170903915521795,170903915524154,170903915531764,170903915531854,265650,93825812243696,4375639744,7,2732,1151,2782
170903923836555,170903923847599,170903923860495,170903923863486,170903923872786,170903923872870,265650,93825812243696,4375639744,7,2732,1151,2783
170903934300960,170903934311613,170903934322564,170903934324996,170903934332374,170903934332447,265650,93825812243696,4375639744,7,2732,1151,2784
170903942885881,170903942895502,170903942904436,170903942905861,170903942910834,170903942910898,265650,93825812243696,4375639744,7,2732,1151,2785
170903952257408,170903952271087,170903952282272,170903952284824,170903952290318,170903952290389,265650,93825812243696,4375639744,7,2732,1151,2786
170903961850461,170903961861087,170903961870210,170903961871315,170903961876129,170903961876188,265650,93825812243696,4375639744,7,2732,1151,2787
170903971326421,170903971342616,170903971353338,170903971356040,170903971360604,170903971360666,265650,93825812243696,4375639744,7,2732,1151,2788
170903980841733,170903980852676,170903980864385,170903980867331,170903980873032,170903980873110,265650,93825812243696,4375639744,7,2732,1151,2789
170903990355088,170903990365728,170903990376514,170903990378692,170903990384820,170903990384878,265650,93825812243696,4375639744,7,2732,1151,2790
170903999536240,170903999546006,170903999554416,170903999555647,170903999558402,170903999558470,265650,93825812243696,4375639744,7,2732,1151,2791
170904007830045,170904007840602,170904007850274,170904007851555,170904007856913,170904007856990,265650,93825812243696,4375639744,7,2732,1151,2792
170904018585571,170904018594394,170904018602511,170904018603221,170904018606893,170904018606964,265650,93825812243696,4375639744,7,2732,1151,2793
170904027186047,170904027198035,170904027208770,170904027209754,170904027213643,170904027213720,265650,93825812243696,4375639744,7,2732,1151,2794
170904036314863,170904036323841,170904036332171,170904036332967,170904036337326,170904036337385,265650,93825812243696,4375639744,7,2732,1151,2795
170904045805262,170904045816800,170904045827710,170904045828641,170904045833458,170904045833548,265650,93825812243696,4375639744,7,2732,1151,2796
170904055241624,170904055251105,170904055260065,170904055261359,170904055265440,170904055265511,265650,93825812243696,4375639744,7,2732,1151,2797
170904064419233,170904064428626,170904064437414,170904064438254,170904064442343,170904064442413,265650,93825812243696,4375639744,7,2732,1151,2798
170904074017221,170904074025729,170904074033809,170904074034576,170904074038525,170904074038583,265650,93825812243696,4375639744,7,2732,1151,2799
170904083074158,170904083084267,170904083094360,170904083095316,170904083099979,170904083100055,265650,93825812243696,4375639744,7,2732,1151,2800
170904092148444,170904092160182,170904092170813,170904092171701,170904092176510,170904092176592,265650,93825812243696,4375639744,7,2732,1151,2801
170904101625306,170904101635149,170904101644334,170904101645073,170904101649394,170904101649469,265650,93825812243696,4375639744,7,2732,1151,2802
170904110971817,170904110983432,170904110994218,170904110995160,170904110999661,170904110999741,265650,93825812243696,4375639744,7,2732,1151,2803
170904120265878,170904120276606,170904120286068,170904120287087,170904120291509,170904120291569,265650,93825812243696,4375639744,7,2732,1151,2804
170904129870311,170904129879346,170904129887763,170904129888533,170904129892614,170904129892670,265650,93825812243696,4375639744,7,2732,1151,2805
170904139336340,170904139346148,170904139355187,170904139356352,170904139360844,170904139360901,265650,93825812243696,4375639744,7,2732,1151,2806
170904147657719,170904147666471,170904147674468,170904147675582,170904147681068,170904147681122,265650,93825812243696,4375639744,7,2732,1151,2807
170904156105252,170904156114912,170904156123392,170904156124425,170904156127043,170904156127112,265650,93825812243696,4375639744,7,2732,1151,2808
170904167104005,170904167113230,170904167122104,170904167123652,170904167132066,170904167132123,265650,93825812243696,4375639744,7,2732,1151,2809
170904175357725,170904175366674,170904175375339,170904175376799,170904175381308,170904175381372,265650,93825812243696,4375639744,7,2732,1151,2810
170904184459315,170904184468212,170904184476462,170904184477957,170904184481893,170904184481963,265650,93825812243696,4375639744,7,2732,1151,2811
170904193855449,170904193866743,170904193878044,170904193880731,170904193889559,170904193889657,265650,93825812243696,4375639744,7,2732,1151,2812
170904202866012,170904202876764,170904202887742,170904202889976,170904202897896,170904202897968,265650,93825812243696,4375639744,7,2732,1151,2813
170904212520300,170904212531838,170904212543173,170904212546061,170904212552394,170904212552486,265650,93825812243696,4375639744,7,2732,1151,2814
170904223447963,170904223459454,170904223470961,170904223473955,170904223478085,170904223478180,265650,93825812243696,4375639744,7,2732,1151,2815
170904232350127,170904232361365,170904232372645,170904232375381,170904232382630,170904232382717,265650,93825812243696,4375639744,7,2732,1151,2816
170904241993833,170904242021588,170904242034355,170904242036600,170904242042126,170904242042218,265650,93825812243696,4375639744,7,2732,1151,2817
170904252282631,170904252291919,170904252312664,170904252313829,170904252318849,170904252318919,265650,93825812243696,4375639744,7,2732,1151,2818
170904261202458,170904261211544,170904261220330,170904261221407,170904261224749,170904261224823,265650,93825812243696,4375639744,7,2732,1151,2819
170904270593799,170904270602140,170904270610156,170904270611155,170904270617515,170904270617591,265650,93825812243696,4375639744,7,2732,1151,2820
170904280154209,170904280171050,170904280182149,170904280185055,170904280190114,170904280190205,265650,93825812243696,4375639744,7,2732,1151,2821
170904289374121,170904289388085,170904289400098,170904289403361,170904289407854,170904289407943,265650,93825812243696,4375639744,7,2732,1151,2822
170904298311371,170904298322053,170904298332883,170904298335903,170904298343613,170904298343691,265650,93825812243696,4375639744,7,2732,1151,2823
170904307924789,170904307936010,170904307947023,170904307949364,170904307954231,170904307954318,265650,93825812243696,4375639744,7,2732,1151,2824
170904317739725,170904317750447,170904317761248,170904317763152,170904317767931,170904317768022,265650,93825812243696,4375639744,7,2732,1151,2825
170904326514937,170904326526864,170904326537255,170904326538750,170904326542880,170904326542945,265650,93825812243696,4375639744,7,2732,1151,2826
170904336744897,170904336760076,170904336771280,170904336774244,170904336776613,170904336776701,265650,93825812243696,4375639744,7,2732,1151,2827
170904346303723,170904346315488,170904346326583,170904346329558,170904346336017,170904346336105,265650,93825812243696,4375639744,7,2732,1151,2828
170904355769870,170904355780869,170904355791552,170904355793963,170904355801323,170904355801391,265650,93825812243696,4375639744,7,2732,1151,2829
170904365337412,170904365349790,170904365360999,170904365363748,170904365369153,170904365369207,265650,93825812243696,4375639744,7,2732,1151,2830
170904375017310,170904375028921,170904375039918,170904375042635,170904375048338,170904375048428,265650,93825812243696,4375639744,7,2732,1151,2831
170904384677445,170904384695294,170904384707888,170904384710112,170904384715682,170904384715771,265650,93825812243696,4375639744,7,2732,1151,2832
170904394324034,170904394335518,170904394346620,170904394349015,170904394353690,170904394353773,265650,93825812243696,4375639744,7,2732,1151,2833
170904418884021,170904418901531,170904418914711,170904418917355,170904418922126,170904418922210,265650,93825812243696,4375639744,7,2732,1151,2834
170904427194894,170904427214671,170904427226393,170904427228959,170904427244571,170904427244653,265650,93825812243696,4375639744,7,2732,1151,2835
170904435546505,170904435567733,170904435579475,170904435582075,170904435588959,170904435589043,265650,93825812243696,4375639744,7,2732,1151,2836
170904443886050,170904443906521,170904443918226,170904443920588,170904443930315,170904443930389,265650,93825812243696,4375639744,7,2732,1151,2837
170904452137128,170904452153138,170904452164456,170904452166838,170904452178914,170904452178989,265650,93825812243696,4375639744,7,2732,1151,2838
170904460473898,170904460489291,170904460501074,170904460503341,170904460513275,170904460513359,265650,93825812243696,4375639744,7,2732,1151,2839
170904468859525,170904468894847,170904468907290,170904468909514,170904468922465,170904468922571,265650,93825812243696,4375639744,7,2732,1151,2840
170904477124274,170904477133542,170904477141909,170904477142818,170904477145266,170904477145323,265650,93825812243696,4375639744,7,2732,1151,2841
170904485556034,170904485568042,170904485578693,170904485579679,170904485582833,170904485582899,265650,93825812243696,4375639744,7,2732,1151,2842
170904493905741,170904493973071,170904493983840,170904493984786,170904493987770,170904493987842,265650,93825812243696,4375639744,7,2732,1151,2843
170904502190345,170904502201900,170904502212597,170904502213498,170904502218055,170904502218123,265650,93825812243696,4375639744,7,2732,1151,2844
170904510589661,170904510644896,170904510655511,170904510656217,170904510660724,170904510660798,265650,93825812243696,4375639744,7,2732,1151,2845
170904518952127,170904518961264,170904518969648,170904518970594,170904518974959,170904518975018,265650,93825812243696,4375639744,7,2732,1151,2846
170904527493874,170904527514417,170904527525840,170904527528498,170904527536397,170904527536499,265650,93825812243696,4375639744,7,2732,1151,2847
170904536900046,170904536911057,170904536921524,170904536923344,170904536931071,170904536931136,265650,93825812243696,4375639744,7,2732,1151,2848
170904546259925,170904546270328,170904546281587,170904546283147,170904546290424,170904546290508,265650,93825812243696,4375639744,7,2732,1151,2849
170904556220887,170904556231448,170904556242143,170904556244062,170904556251112,170904556251164,265650,93825812243696,4375639744,7,2732,1151,2850
170904565806125,170904565817113,170904565828231,170904565830016,170904565837310,170904565837378,265650,93825812243696,4375639744,7,2732,1151,2851
170904575312874,170904575323864,170904575334875,170904575336767,170904575340471,170904575340541,265650,93825812243696,4375639744,7,2732,1151,2852
170904585085336,170904585095889,170904585106548,170904585108753,170904585117781,170904585117833,265650,93825812243696,4375639744,7,2732,1151,2853
170904594529055,170904594539955,170904594551062,170904594553166,170904594560191,170904594560252,265650,93825812243696,4375639744,7,2732,1151,2854
170904603964679,170904603975815,170904603986888,170904603988886,170904603995842,170904603995893,265650,93825812243696,4375639744,7,2732,1151,2855
170904613783218,170904613797619,170904613808644,170904613810765,170904613820249,170904613820327,265650,93825812243696,4375639744,7,2732,1151,2856
170904624152192,170904624164401,170904624176092,170904624178865,170904624188956,170904624189061,265650,93825812243696,4375639744,7,2732,1151,2857
170904635326407,170904635343077,170904635352846,170904635354592,170904635358158,170904635358220,265650,93825812243696,4375639744,7,2732,1151,2858
170904643917543,170904643929990,170904643942235,170904643945332,170904643955366,170904643955458,265650,93825812243696,4375639744,7,2732,1151,2859
170904654190734,170904654203191,170904654214710,170904654217415,170904654228733,170904654228836,265650,93825812243696,4375639744,7,2732,1151,2860
170904664327662,170904664340279,170904664351753,170904664354499,170904664360312,170904664360411,265650,93825812243696,4375639744,7,2732,1151,2861
170904674250089,170904674261251,170904674272307,170904674274651,170904674279342,170904674279439,265650,93825812243696,4375639744,7,2732,1151,2862
170904682646082,170904682656624,170904682667659,170904682669816,170904682673304,170904682673362,265650,93825812243696,4375639744,7,2732,1151,2863
170904691617393,170904691630479,170904691639462,170904691640752,170904691642758,170904691642832,265650,93825812243696,4375639744,7,2732,1151,2864
170904703549142,170904703559370,170904703568903,170904703569905,170904703574382,170904703574459,265650,93825812243696,4375639744,7,2732,1151,2865
170904711836321,170904711844926,170904711853246,170904711854271,170904711859031,170904711859098,265650,93825812243696,4375639744,7,2732,1151,2866
170904720356181,170904720365111,170904720373644,170904720374647,170904720378800,170904720378864,265650,93825812243696,4375639744,7,2732,1151,2867
170904731114635,170904731124360,170904731133797,170904731135009,170904731139505,170904731139579,265650,93825812243696,4375639744,7,2732,1151,2868
170904740129922,170904740141551,170904740150496,170904740151421,170904740155493,170904740155558,265650,93825812243696,4375639744,7,2732,1151,2869
170904749203908,170904749225991,170904749237992,170904749241071,170904749249261,170904749249334,265650,93825812243696,4375639744,7,2732,1151,2870
170904760667443,170904760678434,170904760689333,170904760691670,170904760696823,170904760696889,265650,93825812243696,4375639744,7,2732,1151,2871
170904770661111,170904770672576,170904770683488,170904770685750,170904770693303,170904770693408,265650,93825812243696,4375639744,7,2732,1151,2872
170904779922099,170904779933303,170904779943972,170904779945895,170904779951483,170904779951558,265650,93825812243696,4375639744,7,2732,1151,2873
170904788965090,170904788975920,170904788986526,170904788988690,170904788992987,170904788993059,265650,93825812243696,4375639744,7,2732,1151,2874
170904798076000,170904798086516,170904798097114,170904798098955,170904798106096,170904798106166,265650,93825812243696,4375639744,7,2732,1151,2875
170904809457871,170904809469187,170904809480057,170904809482474,170904809487125,170904809487220,265650,93825812243696,4375639744,7,2732,1151,2876
170904818950890,170904818960001,170904818969173,170904818970637,170904818975282,170904818975348,265650,93825812243696,4375639744,7,2732,1151,2877
170904827580719,170904827590136,170904827599095,170904827600355,170904827604778,170904827604843,265650,93825812243696,4375639744,7,2732,1151,2878
170904838599422,170904838609945,170904838620035,170904838621399,170904838626671,170904838626745,265650,93825812243696,4375639744,7,2732,1151,2879
170904846887549,170904846896617,170904846904700,170904846905679,170904846910421,170904846910483,265650,93825812243696,4375639744,7,2732,1151,2880
170904856122374,170904856134527,170904856144888,170904856145730,170904856148967,170904856149028,265650,93825812243696,4375639744,7,2732,1151,2881
170904865550754,170904865560854,170904865570370,170904865571628,170904865575384,170904865575468,265650,93825812243696,4375639744,7,2732,1151,2882
170904875503674,170904875526363,170904875538078,170904875541208,170904875547006,170904875547102,265650,93825812243696,4375639744,7,2732,1151,2883
170904885366026,170904885377983,170904885388943,170904885391093,170904885400046,170904885400156,265650,93825812243696,4375639744,7,2732,1151,2884
170904894945894,170904894958820,170904894970033,170904894972362,170904894976180,170904894976232,265650,93825812243696,4375639744,7,2732,1151,2885
170904904380192,170904904390904,170904904401766,170904904403778,170904904411403,170904904411570,265650,93825812243696,4375639744,7,2732,1151,2886
170904914113873,170904914124407,170904914134897,170904914136837,170904914144821,170904914144888,265650,93825812243696,4375639744,7,2732,1151,2887
170904923883035,170904923894150,170904923905381,170904923907891,170904923916374,170904923916463,265650,93825812243696,4375639744,7,2732,1151,2888
170904933924960,170904933936196,170904933947376,170904933949819,170904933959140,170904933959236,265650,93825812243696,4375639744,7,2732,1151,2889
170904943605362,170904943616219,170904943627550,170904943629961,170904943637857,170904943637928,265650,93825812243696,4375639744,7,2732,1151,2890
170904952967237,170904952977870,170904952988329,170904952990288,170904952998263,170904952998338,265650,93825812243696,4375639744,7,2732,1151,2891
170904964970825,170904964982126,170904964993178,170904964995609,170904965003636,170904965003723,265650,93825812243696,4375639744,7,2732,1151,2892
170904974168276,170904974179072,170904974190122,170904974192704,170904974197962,170904974198031,265650,93825812243696,4375639744,7,2732,1151,2893
170904983981513,170904983992115,170904984009327,170904984011709,170904984017497,170904984017566,265650,93825812243696,4375639744,7,2732,1151,2894
170904993780871,170904993791808,170904993802824,170904993805226,170904993810751,170904993810819,265650,93825812243696,4375639744,7,2732,1151,2895
170905003654572,170905003665777,170905003676728,170905003678759,170905003681490,170905003681556,265650,93825812243696,4375639744,7,2732,1151,2896
170905012929122,170905012938210,170905012947213,170905012949014,170905012954396,170905012954463,265650,93825812243696,4375639744,7,2732,1151,2897
170905022496187,170905022505033,170905022513738,170905022515092,170905022520908,170905022520973,265650,93825812243696,4375639744,7,2732,1151,2898
170905041021625,170905041057351,170905041068852,170905041072441,170905041079146,170905041079213,265650,93825812243696,4375639744,7,2732,1151,2899
170905049324828,170905049377587,170905049414647,170905049417161,170905049430056,170905049430133,265650,93825812243696,4375639744,7,2732,1151,2900
170905057626108,170905057637987,170905057649090,170905057651107,170905057661393,170905057661457,265650,93825812243696,4375639744,7,2732,1151,2901
170905066044913,170905066057885,170905066069304,170905066071388,170905066081387,170905066081460,265650,93825812243696,4375639744,7,2732,1151,2902
170905074343100,170905074355110,170905074365710,170905074367508,170905074376249,170905074376313,265650,93825812243696,4375639744,7,2732,1151,2903
170905082634341,170905082648592,170905082659673,170905082661523,170905082670163,170905082670226,265650,93825812243696,4375639744,7,2732,1151,2904
170905090970586,170905090981255,170905090991629,170905090993317,170905091003517,170905091003572,265650,93825812243696,4375639744,7,2732,1151,2905
170905099632252,170905099642788,170905099653727,170905099655742,170905099663512,170905099663572,265650,93825812243696,4375639744,7,2732,1151,2906
170905110145326,170905110255087,170905110280570,170905110282153,170905110286352,170905110286437,265650,93825812243696,4375639744,7,2732,1151,2907
170905119456410,170905119465500,170905119473503,170905119474508,170905119478895,170905119478952,265650,93825812243696,4375639744,7,2732,1151,2908
170905129234669,170905129244770,170905129254184,170905129255154,170905129260343,170905129260417,265650,93825812243696,4375639744,7,2732,1151,2909
170905139162707,170905139174590,170905139185486,170905139186557,170905139191567,170905139191627,265650,93825812243696,4375639744,7,2732,1151,2910
170905148815846,170905148824797,170905148832632,170905148833438,170905148837711,170905148837771,265650,93825812243696,4375639744,7,2732,1151,2911
170905158453250,170905158465492,170905158475657,170905158476512,170905158481472,170905158481539,265650,93825812243696,4375639744,7,2732,1151,2912
170905168234669,170905168244457,170905168253588,170905168254317,170905168258910,170905168258965,265650,93825812243696,4375639744,7,2732,1151,2913
170905178029471,170905178039211,170905178048097,170905178049132,170905178054224,170905178054284,265650,93825812243696,4375639744,7,2732,1151,2914
170905187748379,170905187757186,170905187765568,170905187766541,170905187771074,170905187771133,265650,93825812243696,4375639744,7,2732,1151,2915
170905197475407,170905197485050,170905197494052,170905197494817,170905197499713,170905197499774,265650,93825812243696,4375639744,7,2732,1151,2916
170905207574803,170905207586126,170905207597610,170905207600444,170905207609727,170905207609832,265650,93825812243696,4375639744,7,2732,1151,2917
170905219482661,170905219494538,170905219505425,170905219507697,170905219512095,170905219512162,265650,93825812243696,4375639744,7,2732,1151,2918
170905228471323,170905228481992,170905228492907,170905228495238,170905228500780,170905228500844,265650,93825812243696,4375639744,7,2732,1151,2919
170905238501954,170905238512743,170905238523244,170905238525029,170905238529262,170905238529318,265650,93825812243696,4375639744,7,2732,1151,2920
170905246972571,170905246983535,170905246994146,170905246996131,170905247010534,170905247010606,265650,93825812243696,4375639744,7,2732,1151,2921
170905256824295,170905256834865,170905256845533,170905256847161,170905256858674,170905256858727,265650,93825812243696,4375639744,7,2732,1151,2922
170905266551872,170905266562814,170905266573461,170905266575653,170905266584610,170905266584674,265650,93825812243696,4375639744,7,2732,1151,2923
170905276327090,170905276337718,170905276348420,170905276351081,170905276356335,170905276356382,265650,93825812243696,4375639744,7,2732,1151,2924
170905285667230,170905285678515,170905285689330,170905285691023,170905285698072,170905285698139,265650,93825812243696,4375639744,7,2732,1151,2925
170905295341875,170905295352783,170905295363753,170905295366117,170905295373055,170905295373118,265650,93825812243696,4375639744,7,2732,1151,2926
170905304637068,170905304647646,170905304658154,170905304660372,170905304667395,170905304667455,265650,93825812243696,4375639744,7,2732,1151,2927
170905314766518,170905314777159,170905314787999,170905314789964,170905314797235,170905314797293,265650,93825812243696,4375639744,7,2732,1151,2928
170905324406756,170905324417805,170905324428511,170905324430999,170905324434730,170905324434794,265650,93825812243696,4375639744,7,2732,1151,2929
170905333954490,170905333965106,170905333975673,170905333978090,170905333986677,170905333986740,265650,93825812243696,4375639744,7,2732,1151,2930
170905343615994,170905343626553,170905343637320,170905343639445,170905343645769,170905343645829,265650,93825812243696,4375639744,7,2732,1151,2931
170905353578238,170905353590917,170905353602404,170905353605736,170905353617816,170905353617910,265650,93825812243696,4375639744,7,2732,1151,2932
170905363219809,170905363230870,170905363242330,170905363244891,170905363255752,170905363255835,265650,93825812243696,4375639744,7,2732,1151,2933
170905372969667,170905372980958,170905372992218,170905372995071,170905373007615,170905373007840,265650,93825812243696,4375639744,7,2732,1151,2934
170905382852332,170905382863090,170905382873875,170905382876622,170905382884704,170905382884776,265650,93825812243696,4375639744,7,2732,1151,2935
170905392052211,170905392063656,170905392075221,170905392077583,170905392088953,170905392089023,265650,93825812243696,4375639744,7,2732,1151,2936
170905401754233,170905401765135,170905401775934,170905401777918,170905401785564,170905401785622,265650,93825812243696,4375639744,7,2732,1151,2937
170905411483307,170905411501747,170905411512935,170905411515419,170905411521834,170905411521912,265650,93825812243696,4375639744,7,2732,1151,2938
170905421547688,170905421559477,170905421570941,170905421573430,170905421583247,170905421583342,265650,93825812243696,4375639744,7,2732,1151,2939
170905431251486,170905431263218,170905431274462,170905431277269,170905431281155,170905431281222,265650,93825812243696,4375639744,7,2732,1151,2940
170905440632069,170905440643768,170905440654826,170905440656820,170905440663852,170905440663929,265650,93825812243696,4375639744,7,2732,1151,2941
170905451419859,170905451430782,170905451440943,170905451443106,170905451447419,170905451447479,265650,93825812243696,4375639744,7,2732,1151,2942
170905461627549,170905461638527,170905461649097,170905461651140,170905461656452,170905461656518,265650,93825812243696,4375639744,7,2732,1151,2943
170905471278820,170905471289633,170905471300744,170905471303190,170905471308776,170905471308836,265650,93825812243696,4375639744,7,2732,1151,2944
170905490844864,170905490857554,170905490868396,170905490871304,170905490877899,170905490877962,265650,93825812243696,4375639744,7,2732,1151,2945
170905499151168,170905499166360,170905499177729,170905499179983,170905499190911,170905499190967,265650,93825812243696,4375639744,7,2732,1151,2946
170905507484195,170905507496796,170905507507762,170905507510583,170905507518377,170905507518472,265650,93825812243696,4375639744,7,2732,1151,2947
170905515833126,170905515853170,170905515864836,170905515867489,170905515874523,170905515874586,265650,93825812243696,4375639744,7,2732,1151,2948
170905524189118,170905524207761,170905524218622,170905524221058,170905524227866,170905524227943,265650,93825812243696,4375639744,7,2732,1151,2949
170905532564983,170905532579579,170905532591081,170905532594185,170905532602103,170905532602169,265650,93825812243696,4375639744,7,2732,1151,2950
170905540924864,170905540947009,170905540960542,170905540964090,170905540975589,170905540975694,265650,93825812243696,4375639744,7,2732,1151,2951
170905550324670,170905550335148,170905550346165,170905550348367,170905550353057,170905550353123,265650,93825812243696,4375639744,7,2732,1151,2952
170905558721695,170905558762057,170905558775457,170905558777218,170905558781458,170905558781546,265650,93825812243696,4375639744,7,2732,1151,2953
170905568289390,170905568298337,170905568306551,170905568307729,170905568313050,170905568313120,265650,93825812243696,4375639744,7,2732,1151,2954
170905578196999,170905578206469,170905578215273,170905578217044,170905578222557,170905578222632,265650,93825812243696,4375639744,7,2732,1151,2955
170905588259158,170905588275068,170905588285832,170905588290482,170905588295316,170905588295416,265650,93825812243696,4375639744,7,2732,1151,2956
170905597702952,170905597714074,170905597724966,170905597727364,170905597732998,170905597733080,265650,93825812243696,4375639744,7,2732,1151,2957
170905607347339,170905607358160,170905607368940,170905607371009,170905607376091,170905607376149,265650,93825812243696,4375639744,7,2732,1151,2958
170905616117435,170905616212006,170905616224133,170905616225690,170905616230850,170905616230940,265650,93825812243696,4375639744,7,2732,1151,2959
170905626588668,170905626597619,170905626605798,170905626606868,170905626611656,170905626611720,265650,93825812243696,4375639744,7,2732,1151,2960
170905635310370,170905635322009,170905635333642,170905635336599,170905635346321,170905635346417,265650,93825812243696,4375639744,7,2732,1151,2961
170905644801589,170905644813013,170905644824490,170905644827353,170905644832678,170905644832778,265650,93825812243696,4375639744,7,2732,1151,2962
170905654558352,170905654569686,170905654580904,170905654583838,170905654594973,170905654595078,265650,93825812243696,4375639744,7,2732,1151,2963
170905665994054,170905666015898,170905666027729,170905666030528,170905666036392,170905666036464,265650,93825812243696,4375639744,7,2732,1151,2964
170905675585187,170905675619028,170905675632729,170905675634911,170905675641204,170905675641292,265650,93825812243696,4375639744,7,2732,1151,2965
170905685069323,170905685085404,170905685097484,170905685102214,170905685106970,170905685107061,265650,93825812243696,4375639744,7,2732,1151,2966
170905694180395,170905694192362,170905694203979,170905694207099,170905694214058,170905694214153,265650,93825812243696,4375639744,7,2732,1151,2967
170905702495594,170905702507410,170905702518875,170905702521703,170905702529125,170905702529213,265650,93825812243696,4375639744,7,2732,1151,2968
170905713578453,170905713590317,170905713601412,170905713603781,170905713609798,170905713609886,265650,93825812243696,4375639744,7,2732,1151,2969
170905722604374,170905722614957,170905722625856,170905722628222,170905722632892,170905722632948,265650,93825812243696,4375639744,7,2732,1151,2970
170905732220606,170905732231736,170905732243465,170905732246662,170905732252530,170905732252589,265650,93825812243696,4375639744,7,2732,1151,2971
170905741814898,170905741826034,170905741836847,170905741838920,170905741844247,170905741844304,265650,93825812243696,4375639744,7,2732,1151,2972
170905751638783,170905751649460,170905751659962,170905751662265,170905751666279,170905751666344,265650,93825812243696,4375639744,7,2732,1151,2973
170905761066899,170905761077890,170905761088770,170905761090837,170905761095692,170905761095762,265650,93825812243696,4375639744,7,2732,1151,2974
170905770616828,170905770627702,170905770638574,170905770641006,170905770645959,170905770646019,265650,93825812243696,4375639744,7,2732,1151,2975
170905780460345,170905780471313,170905780482139,170905780484292,170905780489212,170905780489270,265650,93825812243696,4375639744,7,2732,1151,2976
170905789877526,170905789888167,170905789899220,170905789901098,170905789906557,170905789906618,265650,93825812243696,4375639744,7,2732,1151,2977
170905799648455,170905799660844,170905799671767,170905799673642,170905799679361,170905799679422,265650,93825812243696,4375639744,7,2732,1151,2978
170905808886170,170905808896384,170905808907410,170905808909942,170905808916437,170905808916492,265650,93825812243696,4375639744,7,2732,1151,2979
170905818036286,170905818057772,170905818069031,170905818071672,170905818075179,170905818075270,265650,93825812243696,4375639744,7,2732,1151,2980
170905829085687,170905829097650,170905829108966,170905829111701,170905829117766,170905829117867,265650,93825812243696,4375639744,7,2732,1151,2981
170905838292769,170905838303616,170905838314529,170905838316943,170905838323322,170905838323403,265650,93825812243696,4375639744,7,2732,1151,2982
170905848175631,170905848184884,170905848194216,170905848195684,170905848198977,170905848199057,265650,93825812243696,4375639744,7,2732,1151,2983
170905856628121,170905856638892,170905856647591,170905856648959,170905856651164,170905856651228,265650,93825812243696,4375639744,7,2732,1151,2984
170905867270606,170905867286314,170905867297449,170905867300381,170905867304542,170905867304630,265650,93825812243696,4375639744,7,2732,1151,2985
170905876652515,170905876663245,170905876674139,170905876676008,170905876680162,170905876680218,265650,93825812243696,4375639744,7,2732,1151,2986
170905886072591,170905886083372,170905886094004,170905886096053,170905886100683,170905886100741,265650,93825812243696,4375639744,7,2732,1151,2987
170905895915859,170905895967551,170905895979822,170905895981629,170905895991719,170905895991814,265650,93825812243696,4375639744,7,2732,1151,2988
170905904778895,170905904787995,170905904796698,170905904797870,170905904802346,170905904802406,265650,93825812243696,4375639744,7,2732,1151,2989
170905913644754,170905913656073,170905913667417,170905913670425,170905913677602,170905913677694,265650,93825812243696,4375639744,7,2732,1151,2990
170905924512644,170905924523514,170905924534232,170905924536626,170905924541504,170905924541584,265650,93825812243696,4375639744,7,2732,1151,2991
170905933537874,170905933548636,170905933559520,170905933561637,170905933565297,170905933565387,265650,93825812243696,4375639744,7,2732,1151,2992
170905942742793,170905942754076,170905942764831,170905942766873,170905942770465,170905942770521,265650,93825812243696,4375639744,7,2732,1151,2993
170905952795298,170905952806853,170905952817827,170905952820763,170905952824312,170905952824372,265650,93825812243696,4375639744,7,2732,1151,2994
170905962121981,170905962132757,170905962143704,170905962146363,170905962149536,170905962149597,265650,93825812243696,4375639744,7,2732,1151,2995
170905971007510,170905971018828,170905971029250,170905971031112,170905971034600,170905971034659,265650,93825812243696,4375639744,7,2732,1151,2996
170905980490324,170905980500738,170905980511546,170905980513705,170905980516867,170905980516931,265650,93825812243696,4375639744,7,2732,1151,2997
170905989943649,170905989954248,170905989964734,170905989966635,170905989970162,170905989970236,265650,93825812243696,4375639744,7,2732,1151,2998
170905999279412,170905999290009,170905999300606,170905999302642,170905999305999,170905999306073,265650,93825812243696,4375639744,7,2732,1151,2999
170906008872465,170906008883329,170906008894290,170906008896094,170906008900499,170906008900584,265650,93825812243696,4375639744,7,2732,1151,3000
170906017996371,170906018012210,170906018022708,170906018024524,170906018028847,170906018028904,265650,93825812243696,4375639744,7,2732,1151,3001
170906027585113,170906027595852,170906027606825,170906027608700,170906027614939,170906027615026,265650,93825812243696,4375639744,7,2732,1151,3002
170906037209327,170906037220306,170906037230786,170906037232649,170906037236840,170906037236897,265650,93825812243696,4375639744,7,2732,1151,3003
170906046372474,170906046383152,170906046393759,170906046395631,170906046399678,170906046399757,265650,93825812243696,4375639744,7,2732,1151,3004
170906055988998,170906055999956,170906056015148,170906056017315,170906056023378,170906056023425,265650,93825812243696,4375639744,7,2732,1151,3005
170906065570595,170906065582031,170906065593000,170906065595319,170906065598278,170906065598339,265650,93825812243696,4375639744,7,2732,1151,3006
170906075075412,170906075094368,170906075104830,170906075107087,170906075111967,170906075112045,265650,93825812243696,4375639744,7,2732,1151,3007
170906084678640,170906084691103,170906084702297,170906084704845,170906084707663,170906084707809,265650,93825812243696,4375639744,7,2732,1151,3008
170906094477728,170906094491119,170906094504235,170906094509438,170906094513733,170906094513832,265650,93825812243696,4375639744,7,2732,1151,3009
170906102791599,170906102802483,170906102813828,170906102816920,170906102820859,170906102820937,265650,93825812243696,4375639744,7,2732,1151,3010
170906112288001,170906112299015,170906112309801,170906112312196,170906112316145,170906112316220,265650,93825812243696,4375639744,7,2732,1151,3011
170906121445882,170906121456768,170906121467989,170906121469825,170906121473389,170906121473461,265650,93825812243696,4375639744,7,2732,1151,3012
170906130521133,170906130532030,170906130543115,170906130545046,170906130549720,170906130549797,265650,93825812243696,4375639744,7,2732,1151,3013
170906140043404,170906140054312,170906140065004,170906140066782,170906140071194,170906140071318,265650,93825812243696,4375639744,7,2732,1151,3014
170906149576722,170906149587585,170906149598776,170906149601362,170906149609022,170906149609100,265650,93825812243696,4375639744,7,2732,1151,3015
170906158202023,170906158212932,170906158223681,170906158225818,170906158230332,170906158230405,265650,93825812243696,4375639744,7,2732,1151,3016
170906168191821,170906168213230,170906168225786,170906168227940,170906168234394,170906168234483,265650,93825812243696,4375639744,7,2732,1151,3017
170906177298116,170906177307999,170906177317594,170906177318855,170906177323025,170906177323094,265650,93825812243696,4375639744,7,2732,1151,3018
170906185689908,170906185699060,170906185707650,170906185708749,170906185714509,170906185714573,265650,93825812243696,4375639744,7,2732,1151,3019
170906194369420,170906194379373,170906194388699,170906194389746,170906194394917,170906194394988,265650,93825812243696,4375639744,7,2732,1151,3020
170906203563615,170906203572344,170906203580451,170906203581303,170906203585960,170906203586019,265650,93825812243696,4375639744,7,2732,1151,3021
170906212663686,170906212684586,170906212696030,170906212698871,170906212704869,170906212704960,265650,93825812243696,4375639744,7,2732,1151,3022
170906221864337,170906221875095,170906221885990,170906221887920,170906221894383,170906221894450,265650,93825812243696,4375639744,7,2732,1151,3023
170906231495326,170906231506516,170906231517492,170906231519653,170906231527389,170906231527479,265650,93825812243696,4375639744,7,2732,1151,3024
170906240665871,170906240676639,170906240687948,170906240689942,170906240696758,170906240696839,265650,93825812243696,4375639744,7,2732,1151,3025
170906249850515,170906249861522,170906249872105,170906249873830,170906249880695,170906249880755,265650,93825812243696,4375639744,7,2732,1151,3026
170906259976451,170906259988107,170906259999522,170906260007402,170906260015028,170906260015100,265650,93825812243696,4375639744,7,2732,1151,3027
170906268942569,170906268953320,170906268964178,170906268966669,170906268969952,170906268970019,265650,93825812243696,4375639744,7,2732,1151,3028
170906278163657,170906278174323,170906278184989,170906278187375,170906278193122,170906278193165,265650,93825812243696,4375639744,7,2732,1151,3029
170906287740974,170906287751233,170906287761998,170906287763733,170906287770524,170906287770606,265650,93825812243696,4375639744,7,2732,1151,3030
170906297043535,170906297056151,170906297067777,170906297070416,170906297076411,170906297076518,265650,93825812243696,4375639744,7,2732,1151,3031
170906306303577,170906306314524,170906306325460,170906306327625,170906306333913,170906306333997,265650,93825812243696,4375639744,7,2732,1151,3032
170906315814165,170906315825106,170906315836021,170906315838092,170906315844131,170906315844194,265650,93825812243696,4375639744,7,2732,1151,3033
170906325042471,170906325053021,170906325063548,170906325065730,170906325071392,170906325071452,265650,93825812243696,4375639744,7,2732,1151,3034
170906334484815,170906334496498,170906334507448,170906334509991,170906334518887,170906334518952,265650,93825812243696,4375639744,7,2732,1151,3035
170906344639374,170906344652718,170906344664158,170906344667357,170906344675054,170906344675132,265650,93825812243696,4375639744,7,2732,1151,3036
170906353603072,170906353613813,170906353625060,170906353627834,170906353635673,170906353635747,265650,93825812243696,4375639744,7,2732,1151,3037
170906363249056,170906363260222,170906363271502,170906363273705,170906363282664,170906363282750,265650,93825812243696,4375639744,7,2732,1151,3038
170906372823155,170906372833630,170906372844226,170906372846923,170906372850104,170906372850176,265650,93825812243696,4375639744,7,2732,1151,3039
170906384077304,170906384087776,170906384098630,170906384101129,170906384105860,170906384105935,265650,93825812243696,4375639744,7,2732,1151,3040
170906393217978,170906393228883,170906393239712,170906393241945,170906393248709,170906393248789,265650,93825812243696,4375639744,7,2732,1151,3041
170906402916898,170906402928032,170906402938967,170906402941385,170906402945453,170906402945510,265650,93825812243696,4375639744,7,2732,1151,3042
170906412611583,170906412622062,170906412633288,170906412636720,170906412641594,170906412641657,265650,93825812243696,4375639744,7,2732,1151,3043
170906422233819,170906422244531,170906422253571,170906422255397,170906422258379,170906422258439,265650,93825812243696,4375639744,7,2732,1151,3044
170906431116312,170906431129261,170906431139107,170906431140611,170906431145729,170906431145807,265650,93825812243696,4375639744,7,2732,1151,3045
170906441743896,170906441755675,170906441766696,170906441769309,170906441773550,170906441773631,265650,93825812243696,4375639744,7,2732,1151,3046
170906450588022,170906450599572,170906450610484,170906450612679,170906450621233,170906450621321,265650,93825812243696,4375639744,7,2732,1151,3047
170906459377395,170906459390325,170906459401145,170906459403302,170906459410199,170906459410284,265650,93825812243696,4375639744,7,2732,1151,3048
170906468499049,170906468509473,170906468520468,170906468522827,170906468529891,170906468529983,265650,93825812243696,4375639744,7,2732,1151,3049
170906478410198,170906478422947,170906478435246,170906478438630,170906478442506,170906478442594,265650,93825812243696,4375639744,7,2732,1151,3050
170906487830626,170906487841328,170906487852125,170906487854162,170906487861335,170906487861405,265650,93825812243696,4375639744,7,2732,1151,3051
170906497164438,170906497175299,170906497186283,170906497188780,170906497195722,170906497195781,265650,93825812243696,4375639744,7,2732,1151,3052
170906506640739,170906506651827,170906506662516,170906506664457,170906506671637,170906506671686,265650,93825812243696,4375639744,7,2732,1151,3053
170906516615376,170906516625747,170906516636852,170906516639619,170906516646349,170906516646410,265650,93825812243696,4375639744,7,2732,1151,3054
170906526299604,170906526310095,170906526321045,170906526323353,170906526330499,170906526330562,265650,93825812243696,4375639744,7,2732,1151,3055
170906535474480,170906535486950,170906535496621,170906535498061,170906535501364,170906535501437,265650,93825812243696,4375639744,7,2732,1151,3056
170906557011765,170906557026973,170906557038499,170906557041646,170906557045389,170906557045491,265650,93825812243696,4375639744,7,2732,1151,3057
170906565337602,170906565353152,170906565364531,170906565366584,170906565378294,170906565378363,265650,93825812243696,4375639744,7,2732,1151,3058
170906573677408,170906573691040,170906573702325,170906573704557,170906573711913,170906573712022,265650,93825812243696,4375639744,7,2732,1151,3059
170906581981324,170906581994204,170906582009521,170906582012211,170906582018854,170906582018941,265650,93825812243696,4375639744,7,2732,1151,3060
170906590329018,170906590349982,170906590362865,170906590366114,170906590370692,170906590370752,265650,93825812243696,4375639744,7,2732,1151,3061
170906598678329,170906598693355,170906598704938,170906598707049,170906598713195,170906598713255,265650,93825812243696,4375639744,7,2732,1151,3062
170906606991523,170906607007209,170906607018232,170906607020082,170906607025739,170906607025819,265650,93825812243696,4375639744,7,2732,1151,3063
170906615392996,170906615410009,170906615419574,170906615421135,170906615426668,170906615426735,265650,93825812243696,4375639744,7,2732,1151,3064
170906623767586,170906623811541,170906623822872,170906623823819,170906623829276,170906623829357,265650,93825812243696,4375639744,7,2732,1151,3065
170906633691990,170906633700173,170906633707824,170906633708683,170906633712583,170906633712640,265650,93825812243696,4375639744,7,2732,1151,3066
170906642961033,170906642970423,170906642979092,170906642979859,170906642983493,170906642983545,265650,93825812243696,4375639744,7,2732,1151,3067
170906652379543,170906652389798,170906652398909,170906652399752,170906652403723,170906652403798,265650,93825812243696,4375639744,7,2732,1151,3068
170906661516647,170906661526889,170906661536668,170906661537869,170906661544250,170906661544326,265650,93825812243696,4375639744,7,2732,1151,3069
170906672274479,170906672286472,170906672297769,170906672300688,170906672306798,170906672306895,265650,93825812243696,4375639744,7,2732,1151,3070
170906680664622,170906680673723,170906680682795,170906680684019,170906680689399,170906680689460,265650,93825812243696,4375639744,7,2732,1151,3071
170906691713504,170906691725169,170906691736954,170906691739709,170906691743171,170906691743247,265650,93825812243696,4375639744,7,2732,1151,3072
170906700657082,170906700670351,170906700681775,170906700684913,170906700692569,170906700692661,265650,93825812243696,4375639744,7,2732,1151,3073
170906711058396,170906711070366,170906711081670,170906711084491,170906711089677,170906711089772,265650,93825812243696,4375639744,7,2732,1151,3074
170906720915330,170906720924484,170906720933802,170906720935658,170906720943343,170906720943513,265650,93825812243696,4375639744,7,2732,1151,3075
170906730079062,170906730087878,170906730096137,170906730097209,170906730102155,170906730102213,265650,93825812243696,4375639744,7,2732,1151,3076
170906739428801,170906739440555,170906739449392,170906739450174,170906739454671,170906739454730,265650,93825812243696,4375639744,7,2732,1151,3077
170906749104309,170906749113871,170906749122641,170906749123391,170906749127282,170906749127344,265650,93825812243696,4375639744,7,2732,1151,3078
170906759070028,170906759079973,170906759089197,170906759089964,170906759095404,170906759095465,265650,93825812243696,4375639744,7,2732,1151,3079
170906768815947,170906768827807,170906768838666,170906768839698,170906768844394,170906768844462,265650,93825812243696,4375639744,7,2732,1151,3080
170906778395133,170906778404049,170906778412220,170906778412935,170906778416993,170906778417050,265650,93825812243696,4375639744,7,2732,1151,3081
170906788566293,170906788575020,170906788584673,170906788587915,170906788590596,170906788590661,265650,93825812243696,4375639744,7,2732,1151,3082
170906797513163,170906797522813,170906797531852,170906797532774,170906797535639,170906797535707,265650,93825812243696,4375639744,7,2732,1151,3083
170906806723747,170906806732551,170906806740757,170906806741549,170906806745209,170906806745262,265650,93825812243696,4375639744,7,2732,1151,3084
170906816522603,170906816531755,170906816539540,170906816540230,170906816544478,170906816544532,265650,93825812243696,4375639744,7,2732,1151,3085
170906826646835,170906826655720,170906826664007,170906826664736,170906826669293,170906826669352,265650,93825812243696,4375639744,7,2732,1151,3086
170906835643510,170906835652463,170906835660250,170906835660794,170906835665132,170906835665181,265650,93825812243696,4375639744,7,2732,1151,3087
170906845231655,170906845240832,170906845249235,170906845250611,170906845256226,170906845256280,265650,93825812243696,4375639744,7,2732,1151,3088
170906853953072,170906853964709,170906853975434,170906853976375,170906853981015,170906853981085,265650,93825812243696,4375639744,7,2732,1151,3089
170906863499517,170906863508253,170906863516352,170906863517219,170906863521226,170906863521281,265650,93825812243696,4375639744,7,2732,1151,3090
170906872832833,170906872841689,170906872849444,170906872850209,170906872854389,170906872854444,265650,93825812243696,4375639744,7,2732,1151,3091
170906882015033,170906882023761,170906882031842,170906882032893,170906882036941,170906882037001,265650,93825812243696,4375639744,7,2732,1151,3092
170906891839786,170906891848328,170906891883415,170906891884238,170906891886933,170906891886987,265650,93825812243696,4375639744,7,2732,1151,3093
170906901945145,170906901953584,170906901961454,170906901962220,170906901964641,170906901964697,265650,93825812243696,4375639744,7,2732,1151,3094
170906912736852,170906912745046,170906912752812,170906912753750,170906912757884,170906912757935,265650,93825812243696,4375639744,7,2732,1151,3095
170906922216631,170906922227004,170906922236648,170906922238032,170906922243397,170906922243460,265650,93825812243696,4375639744,7,2732,1151,3096
170906931928962,170906931938996,170906931948228,170906931949150,170906931953862,170906931953923,265650,93825812243696,4375639744,7,2732,1151,3097
170906941169599,170906941179334,170906941188285,170906941189142,170906941192952,170906941193014,265650,93825812243696,4375639744,7,2732,1151,3098
170906950574834,170906950583119,170906950591293,170906950591985,170906950595035,170906950595088,265650,93825812243696,4375639744,7,2732,1151,3099
170906960637049,170906960646021,170906960654532,170906960655371,170906960659032,170906960659086,265650,93825812243696,4375639744,7,2732,1151,3100
170906970378134,170906970389965,170906970400931,170906970401917,170906970405844,170906970405917,265650,93825812243696,4375639744,7,2732,1151,3101
170906979550214,170906979559536,170906979568345,170906979569091,170906979572736,170906979572787,265650,93825812243696,4375639744,7,2732,1151,3102
170906989199864,170906989209480,170906989218207,170906989218895,170906989221851,170906989221914,265650,93825812243696,4375639744,7,2732,1151,3103
170906998736916,170906998745542,170906998753888,170906998754509,170906998757747,170906998757802,265650,93825812243696,4375639744,7,2732,1151,3104
170907008243896,170907008253410,170907008261758,170907008263122,170907008265311,170907008265372,265650,93825812243696,4375639744,7,2732,1151,3105
170907017142175,170907017151357,170907017159227,170907017160366,170907017164381,170907017164452,265650,93825812243696,4375639744,7,2732,1151,3106
170907026440376,170907026449309,170907026457635,170907026458518,170907026462755,170907026462818,265650,93825812243696,4375639744,7,2732,1151,3107
170907036365669,170907036374493,170907036382862,170907036383750,170907036388731,170907036388785,265650,93825812243696,4375639744,7,2732,1151,3108
170907048254844,170907048270538,170907048282225,170907048285132,170907048288155,170907048288229,265650,93825812243696,4375639744,7,2732,1151,3109
170907057475042,170907057485967,170907057496412,170907057498405,170907057502428,170907057502494,265650,93825812243696,4375639744,7,2732,1151,3110
170907066726596,170907066737644,170907066749209,170907066752169,170907066757272,170907066757338,265650,93825812243696,4375639744,7,2732,1151,3111
170907076441967,170907076452923,170907076463614,170907076465694,170907076469068,170907076469125,265650,93825812243696,4375639744,7,2732,1151,3112
170907086070771,170907086081281,170907086091899,170907086093762,170907086097761,170907086097825,265650,93825812243696,4375639744,7,2732,1151,3113
170907095895464,170907095906771,170907095920402,170907095922580,170907095926852,170907095926912,265650,93825812243696,4375639744,7,2732,1151,3114
170907106015865,170907106026789,170907106037458,170907106039421,170907106043407,170907106043464,265650,93825812243696,4375639744,7,2732,1151,3115
170907115450460,170907115461808,170907115472766,170907115474892,170907115477701,170907115477764,265650,93825812243696,4375639744,7,2732,1151,3116
170907125190223,170907125201138,170907125211725,170907125213704,170907125217954,170907125218013,265650,93825812243696,4375639744,7,2732,1151,3117
170907135155434,170907135166516,170907135177544,170907135179568,170907135183636,170907135183701,265650,93825812243696,4375639744,7,2732,1151,3118
170907145149454,170907145160397,170907145171774,170907145174063,170907145180907,170907145180967,265650,93825812243696,4375639744,7,2732,1151,3119
170907155084715,170907155097547,170907155111705,170907155114606,170907155124631,170907155124713,265650,93825812243696,4375639744,7,2732,1151,3120
170907163898711,170907163911853,170907163923982,170907163927087,170907163935741,170907163935829,265650,93825812243696,4375639744,7,2732,1151,3121
170907173192946,170907173205669,170907173216920,170907173219597,170907173227315,170907173227400,265650,93825812243696,4375639744,7,2732,1151,3122
170907182855581,170907182867959,170907182880043,170907182882966,170907182890973,170907182891052,265650,93825812243696,4375639744,7,2732,1151,3123
170907192732018,170907192743337,170907192754625,170907192757376,170907192765445,170907192765532,265650,93825812243696,4375639744,7,2732,1151,3124
170907202437531,170907202448302,170907202459440,170907202461979,170907202473491,170907202473581,265650,93825812243696,4375639744,7,2732,1151,3125
170907213573239,170907213584399,170907213595445,170907213597702,170907213605671,170907213605755,265650,93825812243696,4375639744,7,2732,1151,3126
170907223783707,170907223802741,170907223811988,170907223814167,170907223817653,170907223817714,265650,93825812243696,4375639744,7,2732,1151,3127
170907233133712,170907233143493,170907233152787,170907233154209,170907233159540,170907233159598,265650,93825812243696,4375639744,7,2732,1151,3128
170907242533459,170907242542978,170907242551610,170907242552503,170907242556728,170907242556791,265650,93825812243696,4375639744,7,2732,1151,3129
170907252250444,170907252259537,170907252268003,170907252268980,170907252273625,170907252273691,265650,93825812243696,4375639744,7,2732,1151,3130
170907262156834,170907262166752,170907262175983,170907262176756,170907262181408,170907262181478,265650,93825812243696,4375639744,7,2732,1151,3131
170907271460208,170907271472084,170907271481250,170907271482095,170907271486611,170907271486671,265650,93825812243696,4375639744,7,2732,1151,3132
170907281340515,170907281352666,170907281363499,170907281364385,170907281368750,170907281368839,265650,93825812243696,4375639744,7,2732,1151,3133
170907290011455,170907290020930,170907290029146,170907290031107,170907290035276,170907290035334,265650,93825812243696,4375639744,7,2732,1151,3134
170907300134660,170907300149913,170907300162010,170907300164829,170907300179390,170907300179482,265650,93825812243696,4375639744,7,2732,1151,3135
170907311491121,170907311502480,170907311514042,170907311516783,170907311525457,170907311525538,265650,93825812243696,4375639744,7,2732,1151,3136
170907320166611,170907320177599,170907320188476,170907320190446,170907320197585,170907320197657,265650,93825812243696,4375639744,7,2732,1151,3137
170907329706526,170907329717733,170907329728385,170907329730200,170907329735745,170907329735806,265650,93825812243696,4375639744,7,2732,1151,3138
170907339682207,170907339730091,170907339742283,170907339744258,170907339750381,170907339750481,265650,93825812243696,4375639744,7,2732,1151,3139
170907348699294,170907348708232,170907348716117,170907348716928,170907348720645,170907348720697,265650,93825812243696,4375639744,7,2732,1151,3140
170907359462662,170907359471981,170907359480701,170907359481529,170907359485432,170907359485489,265650,93825812243696,4375639744,7,2732,1151,3141
170907368576543,170907368586493,170907368595465,170907368596221,170907368600117,170907368600173,265650,93825812243696,4375639744,7,2732,1151,3142
170907378191217,170907378202932,170907378214427,170907378216759,170907378222433,170907378222523,265650,93825812243696,4375639744,7,2732,1151,3143
170907387685111,170907387696051,170907387706595,170907387708639,170907387714585,170907387714662,265650,93825812243696,4375639744,7,2732,1151,3144
170907397466986,170907397477593,170907397488482,170907397490270,170907397495640,170907397495726,265650,93825812243696,4375639744,7,2732,1151,3145
170907407030150,170907407040529,170907407051042,170907407053010,170907407058712,170907407058767,265650,93825812243696,4375639744,7,2732,1151,3146
170907416404493,170907416415106,170907416425638,170907416427353,170907416432938,170907416433014,265650,93825812243696,4375639744,7,2732,1151,3147
170907426412588,170907426423568,170907426434448,170907426436319,170907426441798,170907426441861,265650,93825812243696,4375639744,7,2732,1151,3148
170907435860416,170907435871492,170907435882352,170907435884377,170907435888575,170907435888626,265650,93825812243696,4375639744,7,2732,1151,3149
170907445280096,170907445290644,170907445301225,170907445303064,170907445308435,170907445308489,265650,93825812243696,4375639744,7,2732,1151,3150
170907455246409,170907455257338,170907455268053,170907455270064,170907455275361,170907455275427,265650,93825812243696,4375639744,7,2732,1151,3151
170907464699895,170907464711212,170907464721833,170907464724039,170907464729014,170907464729069,265650,93825812243696,4375639744,7,2732,1151,3152
170907474145091,170907474156108,170907474166933,170907474168652,170907474174045,170907474174103,265650,93825812243696,4375639744,7,2732,1151,3153
170907483980791,170907483991800,170907484009792,170907484011753,170907484017838,170907484017888,265650,93825812243696,4375639744,7,2732,1151,3154
170907493503167,170907493513973,170907493524698,170907493526616,170907493532239,170907493532317,265650,93825812243696,4375639744,7,2732,1151,3155
170907502945037,170907502955994,170907502966788,170907502968566,170907502973769,170907502973832,265650,93825812243696,4375639744,7,2732,1151,3156
170907512853244,170907512864129,170907512874958,170907512876841,170907512882641,170907512882699,265650,93825812243696,4375639744,7,2732,1151,3157
170907522330824,170907522341939,170907522353171,170907522355447,170907522361240,170907522361329,265650,93825812243696,4375639744,7,2732,1151,3158
170907531900538,170907531912035,170907531932415,170907531934602,170907531940133,170907531940205,265650,93825812243696,4375639744,7,2732,1151,3159
170907541402500,170907541413537,170907541424720,170907541426757,170907541430474,170907541430543,265650,93825812243696,4375639744,7,2732,1151,3160
170907550882842,170907550893807,170907550904475,170907550906489,170907550912757,170907550912819,265650,93825812243696,4375639744,7,2732,1151,3161
170907560711959,170907560722883,170907560733410,170907560735269,170907560740493,170907560740555,265650,93825812243696,4375639744,7,2732,1151,3162
170907570235909,170907570246619,170907570257433,170907570259607,170907570264980,170907570265055,265650,93825812243696,4375639744,7,2732,1151,3163
170907579507938,170907579519564,170907579530736,170907579532674,170907579537874,170907579537963,265650,93825812243696,4375639744,7,2732,1151,3164
170907589569666,170907589580786,170907589593274,170907589595384,170907589604726,170907589604806,265650,93825812243696,4375639744,7,2732,1151,3165
170907598924032,170907598935693,170907598946429,170907598948181,170907598954243,170907598954318,265650,93825812243696,4375639744,7,2732,1151,3166
170907622475809,170907622493543,170907622505167,170907622507740,170907622513168,170907622513216,265650,93825812243696,4375639744,7,2732,1151,3167
170907630802409,170907630817847,170907630829138,170907630831049,170907630837534,170907630837618,265650,93825812243696,4375639744,7,2732,1151,3168
170907639147878,170907639163009,170907639173687,170907639175688,170907639186834,170907639186906,265650,93825812243696,4375639744,7,2732,1151,3169
170907647465956,170907647480197,170907647491164,170907647492746,170907647500084,170907647500165,265650,93825812243696,4375639744,7,2732,1151,3170
170907655855147,170907655870361,170907655881310,170907655883351,170907655894189,170907655894269,265650,93825812243696,4375639744,7,2732,1151,3171
170907664143764,170907664159283,170907664170426,170907664173406,170907664184731,170907664184797,265650,93825812243696,4375639744,7,2732,1151,3172
170907672480501,170907672499409,170907672510136,170907672512253,170907672519105,170907672519154,265650,93825812243696,4375639744,7,2732,1151,3173
170907680794446,170907680816474,170907680827730,170907680829680,170907680835819,170907680835876,265650,93825812243696,4375639744,7,2732,1151,3174
170907689152072,170907689168069,170907689178876,170907689181075,170907689186672,170907689186772,265650,93825812243696,4375639744,7,2732,1151,3175
170907697487818,170907697500245,170907697511555,170907697514431,170907697522199,170907697522258,265650,93825812243696,4375639744,7,2732,1151,3176
170907705799901,170907705811116,170907705822008,170907705824753,170907705830289,170907705830378,265650,93825812243696,4375639744,7,2732,1151,3177
170907714142303,170907714154408,170907714165689,170907714168742,170907714175894,170907714175963,265650,93825812243696,4375639744,7,2732,1151,3178
170907722488447,170907722499611,170907722510972,170907722514070,170907722520735,170907722520793,265650,93825812243696,4375639744,7,2732,1151,3179
170907732754080,170907732764738,170907732775027,170907732776810,170907732781355,170907732781423,265650,93825812243696,4375639744,7,2732,1151,3180
170907741623230,170907741634195,170907741645241,170907741647029,170907741652091,170907741652152,265650,93825812243696,4375639744,7,2732,1151,3181
170907750947125,170907750958074,170907750968576,170907750970276,170907750974153,170907750974211,265650,93825812243696,4375639744,7,2732,1151,3182
170907760230608,170907760242391,170907760253227,170907760255451,170907760262941,170907760263012,265650,93825812243696,4375639744,7,2732,1151,3183
170907769354249,170907769365079,170907769375644,170907769377235,170907769385291,170907769385334,265650,93825812243696,4375639744,7,2732,1151,3184
170907778353898,170907778364773,170907778375431,170907778376960,170907778379303,170907778379359,265650,93825812243696,4375639744,7,2732,1151,3185
170907789684063,170907789694666,170907789705098,170907789706832,170907789714297,170907789714368,265650,93825812243696,4375639744,7,2732,1151,3186
170907798687112,170907798698367,170907798709096,170907798710905,170907798718822,170907798718887,265650,93825812243696,4375639744,7,2732,1151,3187
170907808134714,170907808145593,170907808156249,170907808157977,170907808164490,170907808164551,265650,93825812243696,4375639744,7,2732,1151,3188
170907817753553,170907817764088,170907817774796,170907817776206,170907817787734,170907817787808,265650,93825812243696,4375639744,7,2732,1151,3189
170907826540719,170907826555635,170907826564870,170907826566318,170907826570843,170907826570904,265650,93825812243696,4375639744,7,2732,1151,3190
170907837078626,170907837093262,170907837104042,170907837106506,170907837110205,170907837110264,265650,93825812243696,4375639744,7,2732,1151,3191
170907846585604,170907846595192,170907846604195,170907846605184,170907846609658,170907846609722,265650,93825812243696,4375639744,7,2732,1151,3192
170907856309551,170907856318753,170907856327310,170907856328266,170907856332883,170907856332945,265650,93825812243696,4375639744,7,2732,1151,3193
170907865482909,170907865493108,170907865502407,170907865503346,170907865507891,170907865507962,265650,93825812243696,4375639744,7,2732,1151,3194
170907875088494,170907875098564,170907875107851,170907875108739,170907875113268,170907875113344,265650,93825812243696,4375639744,7,2732,1151,3195
170907884123803,170907884134249,170907884142621,170907884143415,170907884148112,170907884148179,265650,93825812243696,4375639744,7,2732,1151,3196
170907893850913,170907893862030,170907893871398,170907893872290,170907893876212,170907893876284,265650,93825812243696,4375639744,7,2732,1151,3197
170907903289461,170907903305062,170907903316094,170907903318571,170907903325339,170907903325426,265650,93825812243696,4375639744,7,2732,1151,3198
170907913146482,170907913157924,170907913168898,170907913171130,170907913177006,170907913177093,265650,93825812243696,4375639744,7,2732,1151,3199
170907922375968,170907922387393,170907922398236,170907922400242,170907922406759,170907922406825,265650,93825812243696,4375639744,7,2732,1151,3200
170907931969094,170907931980055,170907931990784,170907931992626,170907931997587,170907931997649,265650,93825812243696,4375639744,7,2732,1151,3201
170907940900517,170907940910833,170907940921326,170907940923123,170907940930336,170907940930400,265650,93825812243696,4375639744,7,2732,1151,3202
170907949426040,170907949436494,170907949447082,170907949448555,170907949456120,170907949456180,265650,93825812243696,4375639744,7,2732,1151,3203
170907958997889,170907959013602,170907959024342,170907959025956,170907959030426,170907959030483,265650,93825812243696,4375639744,7,2732,1151,3204
170907968062450,170907968073147,170907968083677,170907968085173,170907968092475,170907968092531,265650,93825812243696,4375639744,7,2732,1151,3205
170907977746836,170907977757785,170907977768516,170907977770120,170907977777776,170907977777835,265650,93825812243696,4375639744,7,2732,1151,3206
170907988249299,170907988260839,170907988272132,170907988274789,170907988281476,170907988281568,265650,93825812243696,4375639744,7,2732,1151,3207
170907997803065,170907997814225,170907997824958,170907997826633,170907997831872,170907997831937,265650,93825812243696,4375639744,7,2732,1151,3208
170908006853754,170908006864385,170908006876156,170908006878164,170908006883032,170908006883092,265650,93825812243696,4375639744,7,2732,1151,3209
170908016207748,170908016218796,170908016229428,170908016231331,170908016236586,170908016236649,265650,93825812243696,4375639744,7,2732,1151,3210
170908025696421,170908025707402,170908025717999,170908025719846,170908025724993,170908025725060,265650,93825812243696,4375639744,7,2732,1151,3211
170908034947977,170908034959216,170908034969607,170908034971546,170908034976255,170908034976310,265650,93825812243696,4375639744,7,2732,1151,3212
170908044458696,170908044469550,170908044480134,170908044481910,170908044486956,170908044487035,265650,93825812243696,4375639744,7,2732,1151,3213
170908054256518,170908054267158,170908054277570,170908054279791,170908054284571,170908054284633,265650,93825812243696,4375639744,7,2732,1151,3214
170908063462380,170908063473221,170908063483915,170908063485915,170908063489763,170908063489820,265650,93825812243696,4375639744,7,2732,1151,3215
170908072276785,170908072287684,170908072298183,170908072299981,170908072304733,170908072304792,265650,93825812243696,4375639744,7,2732,1151,3216
170908082066231,170908082077020,170908082087588,170908082090104,170908082096643,170908082096719,265650,93825812243696,4375639744,7,2732,1151,3217
170908091348358,170908091359317,170908091370055,170908091372099,170908091379401,170908091379474,265650,93825812243696,4375639744,7,2732,1151,3218
170908100324347,170908100335431,170908100346610,170908100348627,170908100353604,170908100353668,265650,93825812243696,4375639744,7,2732,1151,3219
170908109896233,170908109906726,170908109917541,170908109919512,170908109924716,170908109924773,265650,93825812243696,4375639744,7,2732,1151,3220
170908119270569,170908119281569,170908119292034,170908119293877,170908119301107,170908119301170,265650,93825812243696,4375639744,7,2732,1151,3221
170908128421288,170908128431849,170908128442280,170908128444009,170908128448486,170908128448689,265650,93825812243696,4375639744,7,2732,1151,3222
170908137916658,170908137927199,170908137937545,170908137939370,170908137944187,170908137944250,265650,93825812243696,4375639744,7,2732,1151,3223
170908146896211,170908146906426,170908146916736,170908146918424,170908146923027,170908146923083,265650,93825812243696,4375639744,7,2732,1151,3224
170908156041061,170908156051825,170908156062296,170908156064151,170908156068546,170908156068626,265650,93825812243696,4375639744,7,2732,1151,3225
170908165588714,170908165600000,170908165611414,170908165613484,170908165617231,170908165617294,265650,93825812243696,4375639744,7,2732,1151,3226
170908174643328,170908174654601,170908174665128,170908174666921,170908174672094,170908174672156,265650,93825812243696,4375639744,7,2732,1151,3227
170908184043463,170908184078780,170908184091340,170908184093386,170908184096934,170908184097020,265650,93825812243696,4375639744,7,2732,1151,3228
170908193472707,170908193481293,170908193489608,170908193490935,170908193495424,170908193495484,265650,93825812243696,4375639744,7,2732,1151,3229
170908202145015,170908202154907,170908202164084,170908202164855,170908202169025,170908202169087,265650,93825812243696,4375639744,7,2732,1151,3230
170908211297462,170908211306959,170908211316295,170908211318716,170908211322745,170908211322811,265650,93825812243696,4375639744,7,2732,1151,3231
170908220747900,170908220757800,170908220767203,170908220768160,170908220772840,170908220772915,265650,93825812243696,4375639744,7,2732,1151,3232
170908230363436,170908230372370,170908230380477,170908230381258,170908230387350,170908230387417,265650,93825812243696,4375639744,7,2732,1151,3233
170908239208074,170908239223862,170908239234880,170908239237563,170908239241212,170908239241301,265650,93825812243696,4375639744,7,2732,1151,3234
170908248844666,170908248855868,170908248866626,170908248868682,170908248874030,170908248874103,265650,93825812243696,4375639744,7,2732,1151,3235
170908258073176,170908258084553,170908258095588,170908258097919,170908258103078,170908258103150,265650,93825812243696,4375639744,7,2732,1151,3236
170908267386523,170908267397247,170908267407954,170908267409937,170908267413654,170908267413719,265650,93825812243696,4375639744,7,2732,1151,3237
170908276300579,170908276311049,170908276321794,170908276323329,170908276328434,170908276328479,265650,93825812243696,4375639744,7,2732,1151,3238
170908284714002,170908284724439,170908284735408,170908284737274,170908284743030,170908284743089,265650,93825812243696,4375639744,7,2732,1151,3239
170908294162184,170908294173644,170908294184627,170908294186365,170908294195879,170908294195954,265650,93825812243696,4375639744,7,2732,1151,3240
170908303346863,170908303358416,170908303369365,170908303371460,170908303377606,170908303377681,265650,93825812243696,4375639744,7,2732,1151,3241
170908312393945,170908312404931,170908312415573,170908312417402,170908312425498,170908312425554,265650,93825812243696,4375639744,7,2732,1151,3242
170908321791606,170908321802292,170908321812617,170908321814620,170908321823344,170908321823427,265650,93825812243696,4375639744,7,2732,1151,3243
170908331126075,170908331137068,170908331148098,170908331149682,170908331155221,170908331155282,265650,93825812243696,4375639744,7,2732,1151,3244
170908340416454,170908340426907,170908340437508,170908340439324,170908340447921,170908340447976,265650,93825812243696,4375639744,7,2732,1151,3245
170908350194026,170908350204206,170908350213208,170908350214898,170908350218473,170908350218539,265650,93825812243696,4375639744,7,2732,1151,3246
170908359569852,170908359581516,170908359592622,170908359595638,170908359606102,170908359606177,265650,93825812243696,4375639744,7,2732,1151,3247
170908368531878,170908368542570,170908368553589,170908368555971,170908368560512,170908368560562,265650,93825812243696,4375639744,7,2732,1151,3248
170908378068901,170908378078353,170908378087184,170908378088548,170908378093076,170908378093142,265650,93825812243696,4375639744,7,2732,1151,3249
170908387448915,170908387459947,170908387468496,170908387469399,170908387473497,170908387473562,265650,93825812243696,4375639744,7,2732,1151,3250
170908396731092,170908396740613,170908396749209,170908396750266,170908396754841,170908396754897,265650,93825812243696,4375639744,7,2732,1151,3251
170908406596314,170908406607678,170908406616172,170908406617556,170908406621248,170908406621309,265650,93825812243696,4375639744,7,2732,1151,3252
170908415939597,170908415949291,170908415957528,170908415958390,170908415961506,170908415961567,265650,93825812243696,4375639744,7,2732,1151,3253
170908426799125,170908426808094,170908426816551,170908426817339,170908426822676,170908426822746,265650,93825812243696,4375639744,7,2732,1151,3254
170908436143079,170908436152929,170908436162259,170908436162999,170908436167196,170908436167365,265650,93825812243696,4375639744,7,2732,1151,3255
170908445417192,170908445427557,170908445436591,170908445437433,170908445442232,170908445442309,265650,93825812243696,4375639744,7,2732,1151,3256
170908455143656,170908455154039,170908455163656,170908455164519,170908455169467,170908455169542,265650,93825812243696,4375639744,7,2732,1151,3257
170908464607843,170908464623694,170908464634800,170908464637573,170908464641154,170908464641238,265650,93825812243696,4375639744,7,2732,1151,3258
170908474080434,170908474090028,170908474098741,170908474099713,170908474104191,170908474104254,265650,93825812243696,4375639744,7,2732,1151,3259
170908483310557,170908483319708,170908483328120,170908483328997,170908483333687,170908483333754,265650,93825812243696,4375639744,7,2732,1151,3260
170908493101280,170908493111501,170908493120856,170908493121711,170908493126142,170908493126217,265650,93825812243696,4375639744,7,2732,1151,3261
170908501761408,170908501770464,170908501779037,170908501779998,170908501784515,170908501784583,265650,93825812243696,4375639744,7,2732,1151,3262
170908512284425,170908512293310,170908512301744,170908512302767,170908512308219,170908512308283,265650,93825812243696,4375639744,7,2732,1151,3263
170908521826158,170908521836483,170908521845867,170908521846780,170908521851660,170908521851736,265650,93825812243696,4375639744,7,2732,1151,3264
170908531305318,170908531314403,170908531322852,170908531323689,170908531328557,170908531328622,265650,93825812243696,4375639744,7,2732,1151,3265
170908539858115,170908539866970,170908539874910,170908539875707,170908539880717,170908539880782,265650,93825812243696,4375639744,7,2732,1151,3266
170908550414990,170908550424688,170908550433153,170908550434194,170908550438647,170908550438713,265650,93825812243696,4375639744,7,2732,1151,3267
170908559699082,170908559708989,170908559718264,170908559719134,170908559724152,170908559724229,265650,93825812243696,4375639744,7,2732,1151,3268
170908569076020,170908569085977,170908569095013,170908569095881,170908569100462,170908569100534,265650,93825812243696,4375639744,7,2732,1151,3269
170908579301581,170908579310644,170908579318955,170908579319848,170908579323608,170908579323679,265650,93825812243696,4375639744,7,2732,1151,3270
170908588524754,170908588534294,170908588543093,170908588544038,170908588546852,170908588546922,265650,93825812243696,4375639744,7,2732,1151,3271
170908597656544,170908597665942,170908597674901,170908597676566,170908597681649,170908597681710,265650,93825812243696,4375639744,7,2732,1151,3272
170908608299872,170908608317069,170908608355180,170908608357987,170908608361641,170908608361730,265650,93825812243696,4375639744,7,2732,1151,3273
170908617874316,170908617886019,170908617897205,170908617899898,170908617905217,170908617905320,265650,93825812243696,4375639744,7,2732,1151,3274
170908627224902,170908627235710,170908627246728,170908627248869,170908627253671,170908627253751,265650,93825812243696,4375639744,7,2732,1151,3275
170908636896675,170908636907318,170908636918068,170908636920330,170908636924569,170908636924624,265650,93825812243696,4375639744,7,2732,1151,3276
170908646707080,170908646722096,170908646733153,170908646735716,170908646739628,170908646739711,265650,93825812243696,4375639744,7,2732,1151,3277
170908656021230,170908656037060,170908656048165,170908656050862,170908656054580,170908656054629,265650,93825812243696,4375639744,7,2732,1151,3278
170908665844832,170908665853746,170908665862926,170908665864872,170908665877340,170908665877407,265650,93825812243696,4375639744,7,2732,1151,3279
170908689437070,170908689460494,170908689499541,170908689502689,170908689508066,170908689508156,265650,93825812243696,4375639744,7,2732,1151,3280
170908697746140,170908697762344,170908697773253,170908697775476,170908697786383,170908697786487,265650,93825812243696,4375639744,7,2732,1151,3281
170908706115380,170908706141134,170908706154299,170908706158195,170908706168918,170908706168986,265650,93825812243696,4375639744,7,2732,1151,3282
170908714477617,170908714501903,170908714514969,170908714518483,170908714533508,170908714533585,265650,93825812243696,4375639744,7,2732,1151,3283
170908722917244,170908722932631,170908722944596,170908722946292,170908722952716,170908722952808,265650,93825812243696,4375639744,7,2732,1151,3284
170908731131662,170908731143014,170908731152142,170908731154143,170908731161104,170908731161171,265650,93825812243696,4375639744,7,2732,1151,3285
170908739457461,170908739501861,170908739512620,170908739515458,170908739525469,170908739525560,265650,93825812243696,4375639744,7,2732,1151,3286
170908747859494,170908747871986,170908747883557,170908747885319,170908747891884,170908747891975,265650,93825812243696,4375639744,7,2732,1151,3287
170908756191879,170908756205280,170908756217333,170908756219472,170908756226251,170908756226351,265650,93825812243696,4375639744,7,2732,1151,3288
170908764500879,170908764511809,170908764521670,170908764523365,170908764530997,170908764531062,265650,93825812243696,4375639744,7,2732,1151,3289
170908772835263,170908772850108,170908772859829,170908772861872,170908772868237,170908772868298,265650,93825812243696,4375639744,7,2732,1151,3290
170908783278306,170908783288064,170908783298373,170908783301287,170908783310517,170908783310582,265650,93825812243696,4375639744,7,2732,1151,3291
170908791635690,170908791646320,170908791654470,170908791655346,170908791657037,170908791657097,265650,93825812243696,4375639744,7,2732,1151,3292
170908800519818,170908800528952,170908800537509,170908800538507,170908800542760,170908800542842,265650,93825812243696,4375639744,7,2732,1151,3293
170908810443773,170908810454180,170908810463648,170908810464638,170908810469855,170908810469927,265650,93825812243696,4375639744,7,2732,1151,3294
170908820171034,170908820187242,170908820198368,170908820200904,170908820204287,170908820204378,265650,93825812243696,4375639744,7,2732,1151,3295
170908829220766,170908829233134,170908829244202,170908829246008,170908829251954,170908829252047,265650,93825812243696,4375639744,7,2732,1151,3296
170908839300428,170908839311355,170908839322522,170908839324503,170908839330036,170908839330094,265650,93825812243696,4375639744,7,2732,1151,3297
170908848932610,170908848945007,170908848956028,170908848957833,170908848961486,170908848961584,265650,93825812243696,4375639744,7,2732,1151,3298
170908858480328,170908858491751,170908858502633,170908858504870,170908858509050,170908858509118,265650,93825812243696,4375639744,7,2732,1151,3299
170908868279566,170908868289999,170908868302231,170908868304197,170908868308880,170908868308935,265650,93825812243696,4375639744,7,2732,1151,3300
170908877596099,170908877607124,170908877617498,170908877619326,170908877624030,170908877624093,265650,93825812243696,4375639744,7,2732,1151,3301
170908886804947,170908886815645,170908886826223,170908886828292,170908886833376,170908886833438,265650,93825812243696,4375639744,7,2732,1151,3302
170908897013190,170908897023706,170908897034457,170908897036115,170908897039976,170908897040037,265650,93825812243696,4375639744,7,2732,1151,3303
170908906441290,170908906451809,170908906462330,170908906464120,170908906468840,170908906468903,265650,93825812243696,4375639744,7,2732,1151,3304
170908915795855,170908915836436,170908915848558,170908915850379,170908915855649,170908915855737,265650,93825812243696,4375639744,7,2732,1151,3305
170908925586554,170908925595460,170908925604112,170908925605240,170908925609663,170908925609727,265650,93825812243696,4375639744,7,2732,1151,3306
170908935081278,170908935097037,170908935105897,170908935107138,170908935110545,170908935110614,265650,93825812243696,4375639744,7,2732,1151,3307
170908944411469,170908944421743,170908944430650,170908944431585,170908944436234,170908944436298,265650,93825812243696,4375639744,7,2732,1151,3308
170908954335213,170908954345269,170908954354625,170908954355436,170908954360183,170908954360254,265650,93825812243696,4375639744,7,2732,1151,3309
170908963968013,170908963979784,170908963990706,170908963991678,170908963996413,170908963996496,265650,93825812243696,4375639744,7,2732,1151,3310
170908973081553,170908973091637,170908973099937,170908973100890,170908973104965,170908973105032,265650,93825812243696,4375639744,7,2732,1151,3311
170908983250432,170908983260605,170908983269928,170908983270891,170908983276096,170908983276176,265650,93825812243696,4375639744,7,2732,1151,3312
170908992777168,170908992785898,170908992794067,170908992794735,170908992799028,170908992799083,265650,93825812243696,4375639744,7,2732,1151,3313
170909002281396,170909002290597,170909002299098,170909002299890,170909002304077,170909002304128,265650,93825812243696,4375639744,7,2732,1151,3314
170909012076459,170909012084980,170909012092984,170909012093885,170909012097363,170909012097419,265650,93825812243696,4375639744,7,2732,1151,3315
170909021623089,170909021632999,170909021642374,170909021643423,170909021647860,170909021647917,265650,93825812243696,4375639744,7,2732,1151,3316
170909030886325,170909030894755,170909030902851,170909030903533,170909030907134,170909030907190,265650,93825812243696,4375639744,7,2732,1151,3317
170909041160211,170909041168983,170909041177848,170909041179471,170909041184528,170909041184594,265650,93825812243696,4375639744,7,2732,1151,3318
170909050799880,170909050808855,170909050817111,170909050817895,170909050822650,170909050822711,265650,93825812243696,4375639744,7,2732,1151,3319
170909060257987,170909060267785,170909060276768,170909060277591,170909060281961,170909060282027,265650,93825812243696,4375639744,7,2732,1151,3320
170909070183652,170909070193084,170909070202185,170909070202998,170909070208413,170909070208475,265650,93825812243696,4375639744,7,2732,1151,3321
170909079934794,170909079943886,170909079952284,170909079953277,170909079957555,170909079957622,265650,93825812243696,4375639744,7,2732,1151,3322
170909089071246,170909089080027,170909089088292,170909089089170,170909089093333,170909089093401,265650,93825812243696,4375639744,7,2732,1151,3323
170909099044277,170909099054264,170909099063924,170909099064747,170909099069301,170909099069359,265650,93825812243696,4375639744,7,2732,1151,3324
170909108948155,170909108957372,170909108965508,170909108966592,170909108971250,170909108971303,265650,93825812243696,4375639744,7,2732,1151,3325
170909117990093,170909117999521,170909118013261,170909118014075,170909118018147,170909118018208,265650,93825812243696,4375639744,7,2732,1151,3326
170909128483788,170909128499675,170909128510730,170909128513473,170909128516289,170909128516363,265650,93825812243696,4375639744,7,2732,1151,3327
170909137854558,170909137866142,170909137877418,170909137879244,170909137885924,170909137886022,265650,93825812243696,4375639744,7,2732,1151,3328
170909147206864,170909147218084,170909147229135,170909147231136,170909147237772,170909147237840,265650,93825812243696,4375639744,7,2732,1151,3329
170909155556429,170909155566931,170909155575250,170909155576323,170909155579694,170909155579749,265650,93825812243696,4375639744,7,2732,1151,3330
