start,geometry,clip,blit,flush,end,hwnd,surface,thread,outcome,width,height,commit
170846241452015,170846241465255,170846241474375,170846241475856,170846241480660,170846241480728,265650,93825812243696,4375639744,7,2732,1151,144
170846249893085,170846249910465,170846249922055,170846249924006,170846249931182,170846249931272,265650,93825812243696,4375639744,7,2732,1151,145
170846258189401,170846258203549,170846258214517,170846258215881,170846258220273,170846258220360,265650,93825812243696,4375639744,7,2732,1151,146
170846266444967,170846266456784,170846266465733,170846266466884,170846266473164,170846266473242,265650,93825812243696,4375639744,7,2732,1151,147
170846274854137,170846274867746,170846274878849,170846274880095,170846274885653,170846274885739,265650,93825812243696,4375639744,7,2732,1151,148
170846283218920,170846283233159,170846283244357,170846283246134,170846283252985,170846283253071,265650,93825812243696,4375639744,7,2732,1151,149
170846291531854,170846291543657,170846291551919,170846291553196,170846291560184,170846291560245,265650,93825812243696,4375639744,7,2732,1151,150
170846299826605,170846299839152,170846299848212,170846299849800,170846299856022,170846299856098,265650,93825812243696,4375639744,7,2732,1151,151
170846308191891,170846308205157,170846308216739,170846308217868,170846308223940,170846308224029,265650,93825812243696,4375639744,7,2732,1151,152
170846316553792,170846316569241,170846316580535,170846316582303,170846316590031,170846316590122,265650,93825812243696,4375639744,7,2732,1151,153
170846324821246,170846324833731,170846324842562,170846324844006,170846324849115,170846324849182,265650,93825812243696,4375639744,7,2732,1151,154
170846333205906,170846333227639,170846333239264,170846333241788,170846333250190,170846333250290,265650,93825812243696,4375639744,7,2732,1151,155
170846341439052,170846341459487,170846341471477,170846341474250,170846341480561,170846341480641,265650,93825812243696,4375639744,7,2732,1151,156
170846349766029,170846349785526,170846349796778,170846349799009,170846349806557,170846349806637,265650,93825812243696,4375639744,7,2732,1151,157
170846358070426,170846358090108,170846358101022,170846358103439,170846358112128,170846358112198,265650,93825812243696,4375639744,7,2732,1151,158
170846366453528,170846366472685,170846366484468,170846366487026,170846366495312,170846366495384,265650,93825812243696,4375639744,7,2732,1151,159
170846374804011,170846374821975,170846374832930,170846374835646,170846374842442,170846374842509,265650,93825812243696,4375639744,7,2732,1151,160
170846383102808,170846383120138,170846383131089,170846383133419,170846383144307,170846383144355,265650,93825812243696,4375639744,7,2732,1151,161
170846391452687,170846391472409,170846391484008,170846391487211,170846391495922,170846391495987,265650,93825812243696,4375639744,7,2732,1151,162
170846399763178,170846399784207,170846399795635,170846399798302,170846399805902,170846399805983,265650,93825812243696,4375639744,7,2732,1151,163
170846408075494,170846408104996,170846408116622,170846408118852,170846408124953,170846408125034,265650,93825812243696,4375639744,7,2732,1151,164
170846416442060,170846416460195,170846416471251,170846416473559,170846416480331,170846416480398,265650,93825812243696,4375639744,7,2732,1151,165
170846424784377,170846424803706,170846424815161,170846424817900,170846424826384,170846424826432,265650,93825812243696,4375639744,7,2732,1151,166
170846433152240,170846433172530,170846433185033,170846433187456,170846433195282,170846433195360,265650,93825812243696,4375639744,7,2732,1151,167
170846441480692,170846441492896,170846441502068,170846441503779,170846441510359,170846441510424,265650,93825812243696,4375639744,7,2732,1151,168
170846449759026,170846449772973,170846449783882,170846449785859,170846449792276,170846449792348,265650,93825812243696,4375639744,7,2732,1151,169
170846458153362,170846458169008,170846458181041,170846458184055,170846458194085,170846458194170,265650,93825812243696,4375639744,7,2732,1151,170
170846466676109,170846466693944,170846466703630,170846466705833,170846466722251,170846466722337,265650,93825812243696,4375639744,7,2732,1151,171
170846474837724,170846474857209,170846474869138,170846474873407,170846474879675,170846474879768,265650,93825812243696,4375639744,7,2732,1151,172
170846483082494,170846483111412,170846483122440,170846483124806,170846483132403,170846483132479,265650,93825812243696,4375639744,7,2732,1151,173
170846491456139,170846491474018,170846491485330,170846491487802,170846491495939,170846491496012,265650,93825812243696,4375639744,7,2732,1151,174
170846499776706,170846499794503,170846499805510,170846499807842,170846499813367,170846499813431,265650,93825812243696,4375639744,7,2732,1151,175
170846508067651,170846508083880,170846508094852,170846508097479,170846508102454,170846508102512,265650,93825812243696,4375639744,7,2732,1151,176
170846516472627,170846516485878,170846516495004,170846516496939,170846516501744,170846516501812,265650,93825812243696,4375639744,7,2732,1151,177
170846524815402,170846524827768,170846524836131,170846524837373,170846524843059,170846524843126,265650,93825812243696,4375639744,7,2732,1151,178
170846533098778,170846533111797,170846533122546,170846533123576,170846533129421,170846533129511,265650,93825812243696,4375639744,7,2732,1151,179
170846541474557,170846541486434,170846541494589,170846541497322,170846541506571,170846541506634,265650,93825812243696,4375639744,7,2732,1151,180
170846549781596,170846549800027,170846549811239,170846549812983,170846549821892,170846549822004,265650,93825812243696,4375639744,7,2732,1151,181
170846558096547,170846558111033,170846558120517,170846558121883,170846558130240,170846558130312,265650,93825812243696,4375639744,7,2732,1151,182
170846566500931,170846566511709,170846566519851,170846566520862,170846566526734,170846566526800,265650,93825812243696,4375639744,7,2732,1151,183
170846574826103,170846574847867,170846574861649,170846574864901,170846574869269,170846574869354,265650,93825812243696,4375639744,7,2732,1151,184
170846583136321,170846583158403,170846583170286,170846583173208,170846583182915,170846583183012,265650,93825812243696,4375639744,7,2732,1151,185
170846591607552,170846591627644,170846591639092,170846591641309,170846591649607,170846591649704,265650,93825812243696,4375639744,7,2732,1151,186
170846599788571,170846599807550,170846599818708,170846599821420,170846599828097,170846599828145,265650,93825812243696,4375639744,7,2732,1151,187
170846608096593,170846608115191,170846608126736,170846608129397,170846608141022,170846608141120,265650,93825812243696,4375639744,7,2732,1151,188
170846616503612,170846616524712,170846616536617,170846616540185,170846616549415,170846616549491,265650,93825812243696,4375639744,7,2732,1151,189
170846624830574,170846624850937,170846624862403,170846624865719,170846624873635,170846624873729,265650,93825812243696,4375639744,7,2732,1151,190
170846633086210,170846633106482,170846633117406,170846633119426,170846633129995,170846633130053,265650,93825812243696,4375639744,7,2732,1151,191
170846641503862,170846641525312,170846641537577,170846641541711,170846641554680,170846641554762,265650,93825812243696,4375639744,7,2732,1151,192
170846649850551,170846649870866,170846649882509,170846649885326,170846649894418,170846649894501,265650,93825812243696,4375639744,7,2732,1151,193
170846658130818,170846658149800,170846658161600,170846658164470,170846658180152,170846658180242,265650,93825812243696,4375639744,7,2732,1151,194
170846666483319,170846666504103,170846666515774,170846666518315,170846666532090,170846666532177,265650,93825812243696,4375639744,7,2732,1151,195
170846674804557,170846674823015,170846674834585,170846674837140,170846674851187,170846674851269,265650,93825812243696,4375639744,7,2732,1151,196
170846683134154,170846683151220,170846683162471,170846683164849,170846683177765,170846683177846,265650,93825812243696,4375639744,7,2732,1151,197
170846691500060,170846691519919,170846691531358,170846691534047,170846691547143,170846691547227,265650,93825812243696,4375639744,7,2732,1151,198
170846699831348,170846699852471,170846699864544,170846699867464,170846699883323,170846699883429,265650,93825812243696,4375639744,7,2732,1151,199
170846708138476,170846708157021,170846708167906,170846708170388,170846708180247,170846708180320,265650,93825812243696,4375639744,7,2732,1151,200
170846716481383,170846716500422,170846716512011,170846716514865,170846716526715,170846716526804,265650,93825812243696,4375639744,7,2732,1151,201
170846724819758,170846724840152,170846724852315,170846724856577,170846724872036,170846724872119,265650,93825812243696,4375639744,7,2732,1151,202
170846733133849,170846733151311,170846733162465,170846733165016,170846733171597,170846733171683,265650,93825812243696,4375639744,7,2732,1151,203
170846741472921,170846741492558,170846741503954,170846741506518,170846741517348,170846741517452,265650,93825812243696,4375639744,7,2732,1151,204
170846749820375,170846749840129,170846749851936,170846749854556,170846749865929,170846749866004,265650,93825812243696,4375639744,7,2732,1151,205
170846758153403,170846758174918,170846758186249,170846758189305,170846758200770,170846758200826,265650,93825812243696,4375639744,7,2732,1151,206
170846766497224,170846766513528,170846766524764,170846766527304,170846766540977,170846766541050,265650,93825812243696,4375639744,7,2732,1151,207
170846774851065,170846774877064,170846774889670,170846774894743,170846774916979,170846774917066,265650,93825812243696,4375639744,7,2732,1151,208
170846789123704,170846789142427,170846789153925,170846789156669,170846789161040,170846789161142,265650,93825812243696,4375639744,7,2732,1151,209
170846797437241,170846797454875,170846797466238,170846797468146,170846797475279,170846797475370,265650,93825812243696,4375639744,7,2732,1151,210
170846805782811,170846805801984,170846805813080,170846805815505,170846805824765,170846805824855,265650,93825812243696,4375639744,7,2732,1151,211
170846814083493,170846814104766,170846814116700,170846814119483,170846814127627,170846814127716,265650,93825812243696,4375639744,7,2732,1151,212
170846822447140,170846822465917,170846822477590,170846822480669,170846822489943,170846822490030,265650,93825812243696,4375639744,7,2732,1151,213
170846830787800,170846830805083,170846830816514,170846830819107,170846830830837,170846830830884,265650,93825812243696,4375639744,7,2732,1151,214
170846839072025,170846839089787,170846839100756,170846839103157,170846839111750,170846839111838,265650,93825812243696,4375639744,7,2732,1151,215
170846847451143,170846847468880,170846847479837,170846847482297,170846847492480,170846847492556,265650,93825812243696,4375639744,7,2732,1151,216
170846855789448,170846855807547,170846855818943,170846855821254,170846855833713,170846855833789,265650,93825812243696,4375639744,7,2732,1151,217
170846864212923,170846864243595,170846864255456,170846864256985,170846864265298,170846864265390,265650,93825812243696,4375639744,7,2732,1151,218
170846872521970,170846872532891,170846872541590,170846872543049,170846872549691,170846872549767,265650,93825812243696,4375639744,7,2732,1151,219
170846880847675,170846880861588,170846880873296,170846880875004,170846880881355,170846880881453,265650,93825812243696,4375639744,7,2732,1151,220
170846889105873,170846889119239,170846889131135,170846889132800,170846889140551,170846889140634,265650,93825812243696,4375639744,7,2732,1151,221
170846897526990,170846897536134,170846897544137,170846897545462,170846897552328,170846897552394,265650,93825812243696,4375639744,7,2732,1151,222
170846905864877,170846905878439,170846905890044,170846905891770,170846905900439,170846905900522,265650,93825812243696,4375639744,7,2732,1151,223
170846914159246,170846914172928,170846914184421,170846914186126,170846914192915,170846914193008,265650,93825812243696,4375639744,7,2732,1151,224
170846922514980,170846922526072,170846922534100,170846922535246,170846922542752,170846922542813,265650,93825812243696,4375639744,7,2732,1151,225
170846930931138,170846930984166,170846930995512,170846930996868,170846931008360,170846931008453,265650,93825812243696,4375639744,7,2732,1151,226
170846939277467,170846939302159,170846939313824,170846939316101,170846939328405,170846939328494,265650,93825812243696,4375639744,7,2732,1151,227
170846947470101,170846947491358,170846947503334,170846947507376,170846947513840,170846947513931,265650,93825812243696,4375639744,7,2732,1151,228
170846955840079,170846955866433,170846955879582,170846955883551,170846955894846,170846955894930,265650,93825812243696,4375639744,7,2732,1151,229
170846964146278,170846964166953,170846964178047,170846964180689,170846964191558,170846964191633,265650,93825812243696,4375639744,7,2732,1151,230
170846972474609,170846972493036,170846972504641,170846972507758,170846972519167,170846972519249,265650,93825812243696,4375639744,7,2732,1151,231
170846980910826,170846981014361,170846981026677,170846981028495,170846981038644,170846981038754,265650,93825812243696,4375639744,7,2732,1151,232
170846989115965,170846989126840,170846989136140,170846989137732,170846989144302,170846989144365,265650,93825812243696,4375639744,7,2732,1151,233
170846997579046,170846997592080,170846997603482,170846997604949,170846997611079,170846997611173,265650,93825812243696,4375639744,7,2732,1151,234
170847005900018,170847005914619,170847005926029,170847005927350,170847005933662,170847005933750,265650,93825812243696,4375639744,7,2732,1151,235
170847014126943,170847014139246,170847014147674,170847014149217,170847014159639,170847014159706,265650,93825812243696,4375639744,7,2732,1151,236
170847022463501,170847022495754,170847022504673,170847022506274,170847022513653,170847022513718,265650,93825812243696,4375639744,7,2732,1151,237
170847030828772,170847030842335,170847030853548,170847030855074,170847030859773,170847030859847,265650,93825812243696,4375639744,7,2732,1151,238
170847039131325,170847039143226,170847039151673,170847039153404,170847039160800,170847039160871,265650,93825812243696,4375639744,7,2732,1151,239
170847047455977,170847047474075,170847047485318,170847047487814,170847047496316,170847047496407,265650,93825812243696,4375639744,7,2732,1151,240
170847055865859,170847055882008,170847055893863,170847055895753,170847055908342,170847055908440,265650,93825812243696,4375639744,7,2732,1151,241
170847064142422,170847064156733,170847064167796,170847064169387,170847064176533,170847064176631,265650,93825812243696,4375639744,7,2732,1151,242
170847072481473,170847072491578,170847072500616,170847072501615,170847072507169,170847072507238,265650,93825812243696,4375639744,7,2732,1151,243
170847080864393,170847080881634,170847080893431,170847080895498,170847080904810,170847080904901,265650,93825812243696,4375639744,7,2732,1151,244
170847089157949,170847089171359,170847089180729,170847089182826,170847089194996,170847089195078,265650,93825812243696,4375639744,7,2732,1151,245
170847097482013,170847097495776,170847097505021,170847097507033,170847097514469,170847097514540,265650,93825812243696,4375639744,7,2732,1151,246
170847105839744,170847105860691,170847105872476,170847105875373,170847105894252,170847105894360,265650,93825812243696,4375639744,7,2732,1151,247
170847114170716,170847114187197,170847114197850,170847114199798,170847114208182,170847114208259,265650,93825812243696,4375639744,7,2732,1151,248
170847122563358,170847122589870,170847122602752,170847122605538,170847122620933,170847122621028,265650,93825812243696,4375639744,7,2732,1151,249
170847130829921,170847130847874,170847130858994,170847130861446,170847130876931,170847130877029,265650,93825812243696,4375639744,7,2732,1151,250
170847139245468,170847139261926,170847139274123,170847139276651,170847139293272,170847139293433,265650,93825812243696,4375639744,7,2732,1151,251
170847147460327,170847147475282,170847147485990,170847147488088,170847147499823,170847147499895,265650,93825812243696,4375639744,7,2732,1151,252
170847155800009,170847155814738,170847155826023,170847155828698,170847155835306,170847155835398,265650,93825812243696,4375639744,7,2732,1151,253
170847164104367,170847164117622,170847164128762,170847164130665,170847164140806,170847164140871,265650,93825812243696,4375639744,7,2732,1151,254
170847172462954,170847172479024,170847172489913,170847172492350,170847172507592,170847172507682,265650,93825812243696,4375639744,7,2732,1151,255
170847180810386,170847180834318,170847180852100,170847180854918,170847180868336,170847180868417,265650,93825812243696,4375639744,7,2732,1151,256
170847189154597,170847189192459,170847189215701,170847189218763,170847189228694,170847189228777,265650,93825812243696,4375639744,7,2732,1151,257
170847197508617,170847197525501,170847197539140,170847197540793,170847197547365,170847197547443,265650,93825812243696,4375639744,7,2732,1151,258
170847205909934,170847205922106,170847205933188,170847205934586,170847205941048,170847205941143,265650,93825812243696,4375639744,7,2732,1151,259
170847214160882,170847214173354,170847214184256,170847214185322,170847214190303,170847214190374,265650,93825812243696,4375639744,7,2732,1151,260
170847222555113,170847222564444,170847222573516,170847222574892,170847222579995,170847222580063,265650,93825812243696,4375639744,7,2732,1151,261
170847230869859,170847230884123,170847230895039,170847230895974,170847230901478,170847230901548,265650,93825812243696,4375639744,7,2732,1151,262
170847239178895,170847239191850,170847239202823,170847239204032,170847239209899,170847239209975,265650,93825812243696,4375639744,7,2732,1151,263
170847247598265,170847247611921,170847247622761,170847247624421,170847247629942,170847247630030,265650,93825812243696,4375639744,7,2732,1151,264
170847255892301,170847255917259,170847255929224,170847255932343,170847255939123,170847255939216,265650,93825812243696,4375639744,7,2732,1151,265
170847264130815,170847264142424,170847264153190,170847264155462,170847264161568,170847264161643,265650,93825812243696,4375639744,7,2732,1151,266
170847272463764,170847272481778,170847272496417,170847272499789,170847272506913,170847272506979,265650,93825812243696,4375639744,7,2732,1151,267
170847280774736,170847280786155,170847280796878,170847280798882,170847280805738,170847280805805,265650,93825812243696,4375639744,7,2732,1151,268
170847289134745,170847289147250,170847289157918,170847289160347,170847289164297,170847289164364,265650,93825812243696,4375639744,7,2732,1151,269
170847297477437,170847297492971,170847297501565,170847297503221,170847297506085,170847297506141,265650,93825812243696,4375639744,7,2732,1151,270
170847305963718,170847305976346,170847305987875,170847305989657,170847305994466,170847305994569,265650,93825812243696,4375639744,7,2732,1151,271
170847314128381,170847314141965,170847314155099,170847314156518,170847314162025,170847314162114,265650,93825812243696,4375639744,7,2732,1151,272
170847322528742,170847322539344,170847322548602,170847322549978,170847322556249,170847322556313,265650,93825812243696,4375639744,7,2732,1151,273
170847330949658,170847330963710,170847330974782,170847330976196,170847330979848,170847330979948,265650,93825812243696,4375639744,7,2732,1151,274
170847339216701,170847339238494,170847339250589,170847339253108,170847339261244,170847339261330,265650,93825812243696,4375639744,7,2732,1151,275
170847347601070,170847347613276,170847347624659,170847347626021,170847347631178,170847347631267,265650,93825812243696,4375639744,7,2732,1151,276
170847355889942,170847355902129,170847355913248,170847355915056,170847355920280,170847355920365,265650,93825812243696,4375639744,7,2732,1151,277
170847364234810,170847364247860,170847364258825,170847364260111,170847364264890,170847364264980,265650,93825812243696,4375639744,7,2732,1151,278
170847372573749,170847372586512,170847372597217,170847372598582,170847372603826,170847372603910,265650,93825812243696,4375639744,7,2732,1151,279
170847380914882,170847380926938,170847380937842,170847380939204,170847380944867,170847380944947,265650,93825812243696,4375639744,7,2732,1151,280
170847389248802,170847389290713,170847389301569,170847389302588,170847389306609,170847389306696,265650,93825812243696,4375639744,7,2732,1151,281
170847397579951,170847397616986,170847397627593,170847397628280,170847397633145,170847397633209,265650,93825812243696,4375639744,7,2732,1151,282
170847405860126,170847405871775,170847405882397,170847405883312,170847405888337,170847405888403,265650,93825812243696,4375639744,7,2732,1151,283
170847414580374,170847414591656,170847414602603,170847414605810,170847414612710,170847414612782,265650,93825812243696,4375639744,7,2732,1151,284
170847422922540,170847422943310,170847422954562,170847422956934,170847422964706,170847422964811,265650,93825812243696,4375639744,7,2732,1151,285
170847431231756,170847431241552,170847431250456,170847431251914,170847431256548,170847431256611,265650,93825812243696,4375639744,7,2732,1151,286
170847439541591,170847439551953,170847439560989,170847439562176,170847439567445,170847439567519,265650,93825812243696,4375639744,7,2732,1151,287
170847448049634,170847448064217,170847448075602,170847448076724,170847448079625,170847448079702,265650,93825812243696,4375639744,7,2732,1151,288
170847456325192,170847456337427,170847456348558,170847456349961,170847456354623,170847456354710,265650,93825812243696,4375639744,7,2732,1151,289
170847464668101,170847464679635,170847464690045,170847464691109,170847464696356,170847464696429,265650,93825812243696,4375639744,7,2732,1151,290
170847473015378,170847473027521,170847473038226,170847473039336,170847473044967,170847473045044,265650,93825812243696,4375639744,7,2732,1151,291
170847481268588,170847481280895,170847481292042,170847481293220,170847481299560,170847481299646,265650,93825812243696,4375639744,7,2732,1151,292
170847489732596,170847489789496,170847489800852,170847489802587,170847489810733,170847489810817,265650,93825812243696,4375639744,7,2732,1151,293
170847498029805,170847498041517,170847498052206,170847498053190,170847498056843,170847498056911,265650,93825812243696,4375639744,7,2732,1151,294
170847506252549,170847506265038,170847506276747,170847506278189,170847506283881,170847506283956,265650,93825812243696,4375639744,7,2732,1151,295
170847514745598,170847514763564,170847514774563,170847514777057,170847514779759,170847514779836,265650,93825812243696,4375639744,7,2732,1151,296
170847523081306,170847523097636,170847523108576,170847523111043,170847523120086,170847523120175,265650,93825812243696,4375639744,7,2732,1151,297
170847531389989,170847531401084,170847531411664,170847531413674,170847531418893,170847531418955,265650,93825812243696,4375639744,7,2732,1151,298
170847540012624,170847540023756,170847540034742,170847540036842,170847540042015,170847540042093,265650,93825812243696,4375639744,7,2732,1151,299
170847548349865,170847548364865,170847548375779,170847548377932,170847548383320,170847548383398,265650,93825812243696,4375639744,7,2732,1151,300
170847556742911,170847556754621,170847556766341,170847556769106,170847556773014,170847556773101,265650,93825812243696,4375639744,7,2732,1151,301
170847565023034,170847565035467,170847565046397,170847565048749,170847565053692,170847565053770,265650,93825812243696,4375639744,7,2732,1151,302
170847573411564,170847573424962,170847573436042,170847573438636,170847573444498,170847573444573,265650,93825812243696,4375639744,7,2732,1151,303
170847581707838,170847581723994,170847581735302,170847581738182,170847581745682,170847581745759,265650,93825812243696,4375639744,7,2732,1151,304
170847590053015,170847590062570,170847590071788,170847590073838,170847590077738,170847590077799,265650,93825812243696,4375639744,7,2732,1151,305
170847598374834,170847598385913,170847598394302,170847598395314,170847598399767,170847598399832,265650,93825812243696,4375639744,7,2732,1151,306
170847606747066,170847606755960,170847606764111,170847606764984,170847606769751,170847606769819,265650,93825812243696,4375639744,7,2732,1151,307
170847615086189,170847615099285,170847615108343,170847615109166,170847615111642,170847615111717,265650,93825812243696,4375639744,7,2732,1151,308
170847623343180,170847623351838,170847623359824,170847623360678,170847623365017,170847623365084,265650,93825812243696,4375639744,7,2732,1151,309
170847631760692,170847631772253,170847631783177,170847631784097,170847631789903,170847631789976,265650,93825812243696,4375639744,7,2732,1151,310
170847640651704,170847640660329,170847640668472,170847640669033,170847640673659,170847640673711,265650,93825812243696,4375639744,7,2732,1151,311
170847648990085,170847649005472,170847649016318,170847649017051,170847649022435,170847649022508,265650,93825812243696,4375639744,7,2732,1151,312
170847657207862,170847657216753,170847657224724,170847657225325,170847657229289,170847657229339,265650,93825812243696,4375639744,7,2732,1151,313
170847666768467,170847666777919,170847666785743,170847666786561,170847666790285,170847666790339,265650,93825812243696,4375639744,7,2732,1151,314
170847675108053,170847675119649,170847675130252,170847675131111,170847675135661,170847675135741,265650,93825812243696,4375639744,7,2732,1151,315
170847683498673,170847683507076,170847683514934,170847683515593,170847683519611,170847683519663,265650,93825812243696,4375639744,7,2732,1151,316
170847691890875,170847691902702,170847691913516,170847691914421,170847691919893,170847691919960,265650,93825812243696,4375639744,7,2732,1151,317
170847700256171,170847700330723,170847700342019,170847700343684,170847700347128,170847700347212,265650,93825812243696,4375639744,7,2732,1151,318
170847708551948,170847708563592,170847708574182,170847708575194,170847708579709,170847708579790,265650,93825812243696,4375639744,7,2732,1151,319
170847716904869,170847716917191,170847716928225,170847716929564,170847716936119,170847716936208,265650,93825812243696,4375639744,7,2732,1151,320
170847725234784,170847725246593,170847725257513,170847725258858,170847725264363,170847725264452,265650,93825812243696,4375639744,7,2732,1151,321
170847733590389,170847733609632,170847733620156,170847733621244,170847733625902,170847733625989,265650,93825812243696,4375639744,7,2732,1151,322
170847741906481,170847741944633,170847741955134,170847741955934,170847741960894,170847741960972,265650,93825812243696,4375639744,7,2732,1151,323
170847750180710,170847750193340,170847750204392,170847750205762,170847750211292,170847750211365,265650,93825812243696,4375639744,7,2732,1151,324
170847758457291,170847758466077,170847758474163,170847758474871,170847758477863,170847758477916,265650,93825812243696,4375639744,7,2732,1151,325
170847766808005,170847766816908,170847766825000,170847766825728,170847766828564,170847766828620,265650,93825812243696,4375639744,7,2732,1151,326
170847775177975,170847775189882,170847775200652,170847775201809,170847775205111,170847775205186,265650,93825812243696,4375639744,7,2732,1151,327
170847783561036,170847783572615,170847783583318,170847783584637,170847783589724,170847783589794,265650,93825812243696,4375639744,7,2732,1151,328
170847791859426,170847791867503,170847791875239,170847791875940,170847791879812,170847791879865,265650,93825812243696,4375639744,7,2732,1151,329
170847800185797,170847800197408,170847800208393,170847800209256,170847800213234,170847800213309,265650,93825812243696,4375639744,7,2732,1151,330
170847808528405,170847808538648,170847808547655,170847808548810,170847808553873,170847808553927,265650,93825812243696,4375639744,7,2732,1151,331
170847817150638,170847817162161,170847817173177,170847817176548,170847817183101,170847817183163,265650,93825812243696,4375639744,7,2732,1151,332
170847825500967,170847825509763,170847825518197,170847825519565,170847825524865,170847825524921,265650,93825812243696,4375639744,7,2732,1151,333
170847833865117,170847833898559,170847833909329,170847833910261,170847833914583,170847833914657,265650,93825812243696,4375639744,7,2732,1151,334
170847855220918,170847855252496,170847855269391,170847855271883,170847855281082,170847855281136,265650,93825812243696,4375639744,7,2732,1151,335
170847863630979,170847863659898,170847863671206,170847863672672,170847863677277,170847863677348,265650,93825812243696,4375639744,7,2732,1151,336
170847871938728,170847871961448,170847871972922,170847871974156,170847871983481,170847871983547,265650,93825812243696,4375639744,7,2732,1151,337
170847880135877,170847880145755,170847880154277,170847880155414,170847880162833,170847880162884,265650,93825812243696,4375639744,7,2732,1151,338
170847888603569,170847888616759,170847888628277,170847888629362,170847888636230,170847888636306,265650,93825812243696,4375639744,7,2732,1151,339
170847896964242,170847896977200,170847896988331,170847896989264,170847896995198,170847896995273,265650,93825812243696,4375639744,7,2732,1151,340
170847905225760,170847905238742,170847905249399,170847905250250,170847905255052,170847905255124,265650,93825812243696,4375639744,7,2732,1151,341
170847913622914,170847913635654,170847913646409,170847913647289,170847913653137,170847913653214,265650,93825812243696,4375639744,7,2732,1151,342
170847921910199,170847921973703,170847921984675,170847921985598,170847921990510,170847921990579,265650,93825812243696,4375639744,7,2732,1151,343
170847930244252,170847930257390,170847930268523,170847930269715,170847930274358,170847930274430,265650,93825812243696,4375639744,7,2732,1151,344
170847938607083,170847938691457,170847938702047,170847938703075,170847938707727,170847938707794,265650,93825812243696,4375639744,7,2732,1151,345
170847946885192,170847946899043,170847946910075,170847946911026,170847946916219,170847946916286,265650,93825812243696,4375639744,7,2732,1151,346
170847955244426,170847955257575,170847955268523,170847955269613,170847955274048,170847955274124,265650,93825812243696,4375639744,7,2732,1151,347
170847963544716,170847963557710,170847963568475,170847963569368,170847963574887,170847963574960,265650,93825812243696,4375639744,7,2732,1151,348
170847971974482,170847971994734,170847972007947,170847972008925,170847972013377,170847972013447,265650,93825812243696,4375639744,7,2732,1151,349
170847980199559,170847980212221,170847980223173,170847980224221,170847980228887,170847980228966,265650,93825812243696,4375639744,7,2732,1151,350
170847988642647,170847988656388,170847988667508,170847988668547,170847988677346,170847988677418,265650,93825812243696,4375639744,7,2732,1151,351
170847996853335,170847996867665,170847996878987,170847996880383,170847996886599,170847996886690,265650,93825812243696,4375639744,7,2732,1151,352
170848005165721,170848005176909,170848005185207,170848005186347,170848005192988,170848005193045,265650,93825812243696,4375639744,7,2732,1151,353
170848013518170,170848013529305,170848013537724,170848013539634,170848013548612,170848013548666,265650,93825812243696,4375639744,7,2732,1151,354
170848021848681,170848021858816,170848021867262,170848021868497,170848021874076,170848021874129,265650,93825812243696,4375639744,7,2732,1151,355
170848030135834,170848030146003,170848030154391,170848030155409,170848030161408,170848030161464,265650,93825812243696,4375639744,7,2732,1151,356
170848038557984,170848038567642,170848038575518,170848038576313,170848038580209,170848038580262,265650,93825812243696,4375639744,7,2732,1151,357
170848046948087,170848046977774,170848046988607,170848046989500,170848046994746,170848046994820,265650,93825812243696,4375639744,7,2732,1151,358
170848055207376,170848055219751,170848055230534,170848055231611,170848055237018,170848055237096,265650,93825812243696,4375639744,7,2732,1151,359
170848063598829,170848063612476,170848063623590,170848063624650,170848063628368,170848063628439,265650,93825812243696,4375639744,7,2732,1151,360
170848071972643,170848071986469,170848071997624,170848071998800,170848072008908,170848072008989,265650,93825812243696,4375639744,7,2732,1151,361
170848080162931,170848080176148,170848080186893,170848080188086,170848080194738,170848080194827,265650,93825812243696,4375639744,7,2732,1151,362
170848088564814,170848088574370,170848088581947,170848088582772,170848088587406,170848088587463,265650,93825812243696,4375639744,7,2732,1151,363
170848096957010,170848096972338,170848096983357,170848096984475,170848097004297,170848097004382,265650,93825812243696,4375639744,7,2732,1151,364
170848105235848,170848105248526,170848105259452,170848105261078,170848105266078,170848105266157,265650,93825812243696,4375639744,7,2732,1151,365
170848113576242,170848113586243,170848113594895,170848113596005,170848113599971,170848113600037,265650,93825812243696,4375639744,7,2732,1151,366
170848121936987,170848121950266,170848121960914,170848121962047,170848121968643,170848121968717,265650,93825812243696,4375639744,7,2732,1151,367
170848130215869,170848130228747,170848130239354,170848130240365,170848130245761,170848130245834,265650,93825812243696,4375639744,7,2732,1151,368
170848138569437,170848138581614,170848138592452,170848138593647,170848138599921,170848138599993,265650,93825812243696,4375639744,7,2732,1151,369
170848146902323,170848146914577,170848146925304,170848146926176,170848146932050,170848146932124,265650,93825812243696,4375639744,7,2732,1151,370
170848155214630,170848155227549,170848155238153,170848155239354,170848155244634,170848155244709,265650,93825812243696,4375639744,7,2732,1151,371
170848163573422,170848163585730,170848163596170,170848163596971,170848163602159,170848163602232,265650,93825812243696,4375639744,7,2732,1151,372
170848172012669,170848172028677,170848172040400,170848172041699,170848172045049,170848172045126,265650,93825812243696,4375639744,7,2732,1151,373
170848180226028,170848180238454,170848180249110,170848180250196,170848180254766,170848180254859,265650,93825812243696,4375639744,7,2732,1151,374
170848188577088,170848188596864,170848188608659,170848188611508,170848188619446,170848188619554,265650,93825812243696,4375639744,7,2732,1151,375
170848196830322,170848196846628,170848196857774,170848196859638,170848196865616,170848196865713,265650,93825812243696,4375639744,7,2732,1151,376
170848205170051,170848205187874,170848205198764,170848205209007,170848205231171,170848205231235,265650,93825812243696,4375639744,7,2732,1151,377
170848213507183,170848213524409,170848213546861,170848213548831,170848213555631,170848213555712,265650,93825812243696,4375639744,7,2732,1151,378
170848221975935,170848222025663,170848222037734,170848222039346,170848222044097,170848222044185,265650,93825812243696,4375639744,7,2732,1151,379
170848230168586,170848230182794,170848230193739,170848230194860,170848230200231,170848230200306,265650,93825812243696,4375639744,7,2732,1151,380
170848238617748,170848238630017,170848238640770,170848238641679,170848238647284,170848238647377,265650,93825812243696,4375639744,7,2732,1151,381
170848246919976,170848246932457,170848246943247,170848246944265,170848246950850,170848246950926,265650,93825812243696,4375639744,7,2732,1151,382
170848255268907,170848255281165,170848255291759,170848255292622,170848255298059,170848255298149,265650,93825812243696,4375639744,7,2732,1151,383
170848263620205,170848263632880,170848263643498,170848263644496,170848263651804,170848263651867,265650,93825812243696,4375639744,7,2732,1151,384
170848271954681,170848271966994,170848271977872,170848271978635,170848271984022,170848271984095,265650,93825812243696,4375639744,7,2732,1151,385
170848280161015,170848280171498,170848280179810,170848280180687,170848280185496,170848280185552,265650,93825812243696,4375639744,7,2732,1151,386
170848288535741,170848288548541,170848288559338,170848288560209,170848288564631,170848288564699,265650,93825812243696,4375639744,7,2732,1151,387
170848296908544,170848296918328,170848296927047,170848296927785,170848296933057,170848296933124,265650,93825812243696,4375639744,7,2732,1151,388
170848305203222,170848305224194,170848305236054,170848305238916,170848305247299,170848305247401,265650,93825812243696,4375639744,7,2732,1151,389
170848313517232,170848313535474,170848313547376,170848313550821,170848313565782,170848313565855,265650,93825812243696,4375639744,7,2732,1151,390
170848321903256,170848321926920,170848321938848,170848321942293,170848321957911,170848321957977,265650,93825812243696,4375639744,7,2732,1151,391
170848330167161,170848330183410,170848330194075,170848330196190,170848330204315,170848330204370,265650,93825812243696,4375639744,7,2732,1151,392
170848338504762,170848338519650,170848338530287,170848338532283,170848338540426,170848338540495,265650,93825812243696,4375639744,7,2732,1151,393
170848346898660,170848346920481,170848346932035,170848346935529,170848346950584,170848346950679,265650,93825812243696,4375639744,7,2732,1151,394
170848355274849,170848355298543,170848355310744,170848355314812,170848355342229,170848355342310,265650,93825812243696,4375639744,7,2732,1151,395
170848363580651,170848363598795,170848363610048,170848363612393,170848363622464,170848363622547,265650,93825812243696,4375639744,7,2732,1151,396
170848371846776,170848371864187,170848371874772,170848371876781,170848371883416,170848371883491,265650,93825812243696,4375639744,7,2732,1151,397
170848380172173,170848380189124,170848380199836,170848380202280,170848380211605,170848380211664,265650,93825812243696,4375639744,7,2732,1151,398
170848388580628,170848388603101,170848388615231,170848388618280,170848388634159,170848388634226,265650,93825812243696,4375639744,7,2732,1151,399
170848396932126,170848396949814,170848396961879,170848396964350,170848396972128,170848396972186,265650,93825812243696,4375639744,7,2732,1151,400
170848405176694,170848405193663,170848405204290,170848405206678,170848405217167,170848405217265,265650,93825812243696,4375639744,7,2732,1151,401
170848413508721,170848413525026,170848413535522,170848413537283,170848413548225,170848413548313,265650,93825812243696,4375639744,7,2732,1151,402
170848421863646,170848421887846,170848421898916,170848421902166,170848421913939,170848421914011,265650,93825812243696,4375639744,7,2732,1151,403
170848430168896,170848430185320,170848430195917,170848430197612,170848430206508,170848430206556,265650,93825812243696,4375639744,7,2732,1151,404
170848438519379,170848438538920,170848438549688,170848438552219,170848438616641,170848438616855,265650,93825812243696,4375639744,7,2732,1151,405
170848446855435,170848446878519,170848446890222,170848446893756,170848446902070,170848446902142,265650,93825812243696,4375639744,7,2732,1151,406
170848455187506,170848455204509,170848455214961,170848455217013,170848455222572,170848455222640,265650,93825812243696,4375639744,7,2732,1151,407
170848463510029,170848463526653,170848463537301,170848463539501,170848463548154,170848463548217,265650,93825812243696,4375639744,7,2732,1151,408
170848471899848,170848471921553,170848471933043,170848471936618,170848471947004,170848471947064,265650,93825812243696,4375639744,7,2732,1151,409
170848480176283,170848480192412,170848480202761,170848480204746,170848480209923,170848480210001,265650,93825812243696,4375639744,7,2732,1151,410
170848488506294,170848488523602,170848488534216,170848488536065,170848488542127,170848488542175,265650,93825812243696,4375639744,7,2732,1151,411
170848496900299,170848496916219,170848496927113,170848496929339,170848496936856,170848496936904,265650,93825812243696,4375639744,7,2732,1151,412
170848505206879,170848505223045,170848505234003,170848505236398,170848505248036,170848505248106,265650,93825812243696,4375639744,7,2732,1151,413
170848513518596,170848513538858,170848513550061,170848513552332,170848513560267,170848513560341,265650,93825812243696,4375639744,7,2732,1151,414
170848521846467,170848521864234,170848521874979,170848521877277,170848521883485,170848521883559,265650,93825812243696,4375639744,7,2732,1151,415
170848530166991,170848530182651,170848530193127,170848530195098,170848530201037,170848530201093,265650,93825812243696,4375639744,7,2732,1151,416
170848538506234,170848538523109,170848538534307,170848538536057,170848538542978,170848538543044,265650,93825812243696,4375639744,7,2732,1151,417
170848546839876,170848546855707,170848546866089,170848546867955,170848546873340,170848546873402,265650,93825812243696,4375639744,7,2732,1151,418
170848555187591,170848555202809,170848555213060,170848555215300,170848555222427,170848555222477,265650,93825812243696,4375639744,7,2732,1151,419
170848563580262,170848563595966,170848563607516,170848563610236,170848563620749,170848563620808,265650,93825812243696,4375639744,7,2732,1151,420
170848571838756,170848571852405,170848571862419,170848571864019,170848571871107,170848571871164,265650,93825812243696,4375639744,7,2732,1151,421
170848580175840,170848580192933,170848580203514,170848580205478,170848580212294,170848580212338,265650,93825812243696,4375639744,7,2732,1151,422
170848588565030,170848588581279,170848588592293,170848588594293,170848588602067,170848588602122,265650,93825812243696,4375639744,7,2732,1151,423
170848596843309,170848596859254,170848596870099,170848596872345,170848596878653,170848596878707,265650,93825812243696,4375639744,7,2732,1151,424
170848605184421,170848605200683,170848605211456,170848605213310,170848605219798,170848605219849,265650,93825812243696,4375639744,7,2732,1151,425
170848613525269,170848613541562,170848613552224,170848613554350,170848613583652,170848613583710,265650,93825812243696,4375639744,7,2732,1151,426
170848621852528,170848621870805,170848621882041,170848621884074,170848621892362,170848621892452,265650,93825812243696,4375639744,7,2732,1151,427
170848630193655,170848630212052,170848630223589,170848630226095,170848630235593,170848630235656,265650,93825812243696,4375639744,7,2732,1151,428
170848638523634,170848638550652,170848638561771,170848638563692,170848638578896,170848638578966,265650,93825812243696,4375639744,7,2732,1151,429
170848646856248,170848646872452,170848646884823,170848646886930,170848646895773,170848646895848,265650,93825812243696,4375639744,7,2732,1151,430
170848655211034,170848655230992,170848655242526,170848655245459,170848655255846,170848655255914,265650,93825812243696,4375639744,7,2732,1151,431
170848663535417,170848663552524,170848663573950,170848663575883,170848663581553,170848663581628,265650,93825812243696,4375639744,7,2732,1151,432
170848671869721,170848671885759,170848671897254,170848671898700,170848671905469,170848671905552,265650,93825812243696,4375639744,7,2732,1151,433
170848680186196,170848680196741,170848680205108,170848680206221,170848680210715,170848680210783,265650,93825812243696,4375639744,7,2732,1151,434
170848688606971,170848688619632,170848688630474,170848688631699,170848688638278,170848688638364,265650,93825812243696,4375639744,7,2732,1151,435
170848696964608,170848696979026,170848696989704,170848696990806,170848696995138,170848696995223,265650,93825812243696,4375639744,7,2732,1151,436
170848705252755,170848705275220,170848705287139,170848705290358,170848705295602,170848705295690,265650,93825812243696,4375639744,7,2732,1151,437
170848713577320,170848713595193,170848713606546,170848713608944,170848713615855,170848713615922,265650,93825812243696,4375639744,7,2732,1151,438
170848721860063,170848721877483,170848721888688,170848721890662,170848721898172,170848721898242,265650,93825812243696,4375639744,7,2732,1151,439
170848730174107,170848730187625,170848730198323,170848730200309,170848730205972,170848730206033,265650,93825812243696,4375639744,7,2732,1151,440
170848738669675,170848738684095,170848738695380,170848738696838,170848738703118,170848738703203,265650,93825812243696,4375639744,7,2732,1151,441
170848747075785,170848747089116,170848747100035,170848747101817,170848747106853,170848747106943,265650,93825812243696,4375639744,7,2732,1151,442
170848755268819,170848755281623,170848755292494,170848755293690,170848755299941,170848755300022,265650,93825812243696,4375639744,7,2732,1151,443
170848763560235,170848763570643,170848763580702,170848763581538,170848763586973,170848763587023,265650,93825812243696,4375639744,7,2732,1151,444
170848771980922,170848772048991,170848772060033,170848772060882,170848772066805,170848772066877,265650,93825812243696,4375639744,7,2732,1151,445
170848780237501,170848780250598,170848780261630,170848780262585,170848780268969,170848780269041,265650,93825812243696,4375639744,7,2732,1151,446
170848788714260,170848788788924,170848788800589,170848788802149,170848788807050,170848788807126,265650,93825812243696,4375639744,7,2732,1151,447
170848796995953,170848797074432,170848797085613,170848797086703,170848797092084,170848797092157,265650,93825812243696,4375639744,7,2732,1151,448
170848805262991,170848805277276,170848805288524,170848805290083,170848805297832,170848805297923,265650,93825812243696,4375639744,7,2732,1151,449
170848813687160,170848813732624,170848813743930,170848813745292,170848813752770,170848813752862,265650,93825812243696,4375639744,7,2732,1151,450
170848821978839,170848821992555,170848822006504,170848822007972,170848822013483,170848822013577,265650,93825812243696,4375639744,7,2732,1151,451
170848830266027,170848830279346,170848830290748,170848830292013,170848830298060,170848830298145,265650,93825812243696,4375639744,7,2732,1151,452
170848838674163,170848838715650,170848838726957,170848838728139,170848838734911,170848838735003,265650,93825812243696,4375639744,7,2732,1151,453
170848847014996,170848847028815,170848847040151,170848847041550,170848847047999,170848847048088,265650,93825812243696,4375639744,7,2732,1151,454
170848855216943,170848855230459,170848855241399,170848855242688,170848855248604,170848855248712,265650,93825812243696,4375639744,7,2732,1151,455
170848863585137,170848863594922,170848863602922,170848863603854,170848863608648,170848863608706,265650,93825812243696,4375639744,7,2732,1151,456
170848871989005,170848872064004,170848872074886,170848872075761,170848872081388,170848872081464,265650,93825812243696,4375639744,7,2732,1151,457
170848880252166,170848880267009,170848880278760,170848880280543,170848880293000,170848880293071,265650,93825812243696,4375639744,7,2732,1151,458
170848888712983,170848888731761,170848888743583,170848888746889,170848888757306,170848888757380,265650,93825812243696,4375639744,7,2732,1151,459
170848896933676,170848896946931,170848896957552,170848896958658,170848896965196,170848896965266,265650,93825812243696,4375639744,7,2732,1151,460
170848905270111,170848905286559,170848905297889,170848905299663,170848905308927,170848905308994,265650,93825812243696,4375639744,7,2732,1151,461
170848919531082,170848919561371,170848919572963,170848919575449,170848919579278,170848919579379,265650,93825812243696,4375639744,7,2732,1151,462
170848927844230,170848927861481,170848927872463,170848927875386,170848927883454,170848927883546,265650,93825812243696,4375639744,7,2732,1151,463
170848936189043,170848936220720,170848936232590,170848936235380,170848936243958,170848936244008,265650,93825812243696,4375639744,7,2732,1151,464
170848944575666,170848944594413,170848944605945,170848944608479,170848944617080,170848944617168,265650,93825812243696,4375639744,7,2732,1151,465
170848952925833,170848952946317,170848952957876,170848952961601,170848952972933,170848952973005,265650,93825812243696,4375639744,7,2732,1151,466
170848961173137,170848961187097,170848961197312,170848961199080,170848961205389,170848961205451,265650,93825812243696,4375639744,7,2732,1151,467
170848969555271,170848969570867,170848969581508,170848969583164,170848969589037,170848969589102,265650,93825812243696,4375639744,7,2732,1151,468
170848977965382,170848977980167,170848977991984,170848977993960,170848978006971,170848978007068,265650,93825812243696,4375639744,7,2732,1151,469
170848986217042,170848986230614,170848986241589,170848986242875,170848986249594,170848986249678,265650,93825812243696,4375639744,7,2732,1151,470
170848994667500,170848994680218,170848994690854,170848994691895,170848994698514,170848994698602,265650,93825812243696,4375639744,7,2732,1151,471
170849002960396,170849002974418,170849003124822,170849003126640,170849003133414,170849003133481,265650,93825812243696,4375639744,7,2732,1151,472
170849011242377,170849011256133,170849011267358,170849011268610,170849011275010,170849011275098,265650,93825812243696,4375639744,7,2732,1151,473
170849019529249,170849019545913,170849019557444,170849019559941,170849019572399,170849019572466,265650,93825812243696,4375639744,7,2732,1151,474
170849027897539,170849027915622,170849027927386,170849027930410,170849027946157,170849027946244,265650,93825812243696,4375639744,7,2732,1151,475
170849036177166,170849036191822,170849036202794,170849036204750,170849036217506,170849036217585,265650,93825812243696,4375639744,7,2732,1151,476
170849044576112,170849044594045,170849044605952,170849044609171,170849044626859,170849044626922,265650,93825812243696,4375639744,7,2732,1151,477
170849052846585,170849052862052,170849052872880,170849052875058,170849052886565,170849052886650,265650,93825812243696,4375639744,7,2732,1151,478
170849061176867,170849061191240,170849061202207,170849061204449,170849061216295,170849061216373,265650,93825812243696,4375639744,7,2732,1151,479
170849069557153,170849069572280,170849069583146,170849069584980,170849069595703,170849069595783,265650,93825812243696,4375639744,7,2732,1151,480
170849077926613,170849077944379,170849077957656,170849077962357,170849077981476,170849077981550,265650,93825812243696,4375639744,7,2732,1151,481
170849086180023,170849086195092,170849086205787,170849086207761,170849086216567,170849086216654,265650,93825812243696,4375639744,7,2732,1151,482
170849094531101,170849094546571,170849094557195,170849094559331,170849094571364,170849094571453,265650,93825812243696,4375639744,7,2732,1151,483
170849102918001,170849102935948,170849102947924,170849102950910,170849102966511,170849102966572,265650,93825812243696,4375639744,7,2732,1151,484
170849111189224,170849111209545,170849111221884,170849111223993,170849111229226,170849111229314,265650,93825812243696,4375639744,7,2732,1151,485
170849119586749,170849119597673,170849119606155,170849119607084,170849119611399,170849119611462,265650,93825812243696,4375639744,7,2732,1151,486
170849127998087,170849128044998,170849128056228,170849128057300,170849128062428,170849128062520,265650,93825812243696,4375639744,7,2732,1151,487
170849136182391,170849136192445,170849136200618,170849136201748,170849136209143,170849136209208,265650,93825812243696,4375639744,7,2732,1151,488
170849144621351,170849144638178,170849144649888,170849144651718,170849144660762,170849144660855,265650,93825812243696,4375639744,7,2732,1151,489
170849152862087,170849152872384,170849152881069,170849152882582,170849152889087,170849152889161,265650,93825812243696,4375639744,7,2732,1151,490
170849161271203,170849161308326,170849161329426,170849161331728,170849161339336,170849161339432,265650,93825812243696,4375639744,7,2732,1151,491
170849169580563,170849169592829,170849169601647,170849169603358,170849169610348,170849169610412,265650,93825812243696,4375639744,7,2732,1151,492
170849178062188,170849178084983,170849178098277,170849178100839,170849178107220,170849178107322,265650,93825812243696,4375639744,7,2732,1151,493
170849186287059,170849186303404,170849186315831,170849186317988,170849186324669,170849186324762,265650,93825812243696,4375639744,7,2732,1151,494
170849194597753,170849194609069,170849194617406,170849194618636,170849194623975,170849194624040,265650,93825812243696,4375639744,7,2732,1151,495
170849203159440,170849203172378,170849203183599,170849203184657,170849203190431,170849203190530,265650,93825812243696,4375639744,7,2732,1151,496
170849211320967,170849211335448,170849211346468,170849211348463,170849211355278,170849211355381,265650,93825812243696,4375639744,7,2732,1151,497
170849219601173,170849219611722,170849219620065,170849219620839,170849219626415,170849219626481,265650,93825812243696,4375639744,7,2732,1151,498
170849227958226,170849227999995,170849228014088,170849228015263,170849228020225,170849228020305,265650,93825812243696,4375639744,7,2732,1151,499
170849236277470,170849236290946,170849236301861,170849236302839,170849236310493,170849236310569,265650,93825812243696,4375639744,7,2732,1151,500
170849244630092,170849244643557,170849244654364,170849244655747,170849244663120,170849244663193,265650,93825812243696,4375639744,7,2732,1151,501
170849252989674,170849253006257,170849253017154,170849253018516,170849253024839,170849253024912,265650,93825812243696,4375639744,7,2732,1151,502
170849261188889,170849261201297,170849261212053,170849261213195,170849261219895,170849261219966,265650,93825812243696,4375639744,7,2732,1151,503
170849269593213,170849269602907,170849269611234,170849269612266,170849269618660,170849269618710,265650,93825812243696,4375639744,7,2732,1151,504
170849277900509,170849277914537,170849277925720,170849277927118,170849277934018,170849277934089,265650,93825812243696,4375639744,7,2732,1151,505
170849286195648,170849286205753,170849286214080,170849286214948,170849286220660,170849286220718,265650,93825812243696,4375639744,7,2732,1151,506
170849294516625,170849294526146,170849294534682,170849294535828,170849294541228,170849294541286,265650,93825812243696,4375639744,7,2732,1151,507
170849302889248,170849302902111,170849302912862,170849302913759,170849302918765,170849302918837,265650,93825812243696,4375639744,7,2732,1151,508
170849311205491,170849311218925,170849311229759,170849311230794,170849311236110,170849311236188,265650,93825812243696,4375639744,7,2732,1151,509
170849319600350,170849319610291,170849319618540,170849319619376,170849319625538,170849319625588,265650,93825812243696,4375639744,7,2732,1151,510
170849328009577,170849328022136,170849328032832,170849328033694,170849328039100,170849328039177,265650,93825812243696,4375639744,7,2732,1151,511
170849336314809,170849336332557,170849336344639,170849336346012,170849336351630,170849336351720,265650,93825812243696,4375639744,7,2732,1151,512
170849344610084,170849344623173,170849344634587,170849344635848,170849344643553,170849344643627,265650,93825812243696,4375639744,7,2732,1151,513
170849352911871,170849352922887,170849352933162,170849352933925,170849352939284,170849352939337,265650,93825812243696,4375639744,7,2732,1151,514
170849361260376,170849361274627,170849361285614,170849361286960,170849361293573,170849361293661,265650,93825812243696,4375639744,7,2732,1151,515
170849369615989,170849369626377,170849369634170,170849369635439,170849369640451,170849369640510,265650,93825812243696,4375639744,7,2732,1151,516
170849378033448,170849378051686,170849378063091,170849378064839,170849378075009,170849378075097,265650,93825812243696,4375639744,7,2732,1151,517
170849386233031,170849386245280,170849386256001,170849386257056,170849386263316,170849386263397,265650,93825812243696,4375639744,7,2732,1151,518
170849394573332,170849394583368,170849394591926,170849394593002,170849394598910,170849394598968,265650,93825812243696,4375639744,7,2732,1151,519
170849402959128,170849402971433,170849402981907,170849402982935,170849402988815,170849402988886,265650,93825812243696,4375639744,7,2732,1151,520
170849411196865,170849411207647,170849411215700,170849411217481,170849411223060,170849411223126,265650,93825812243696,4375639744,7,2732,1151,521
170849419533717,170849419544513,170849419553071,170849419554210,170849419558102,170849419558174,265650,93825812243696,4375639744,7,2732,1151,522
170849427893937,170849427904941,170849427914064,170849427915121,170849427918555,170849427918621,265650,93825812243696,4375639744,7,2732,1151,523
170849436196827,170849436217715,170849436226004,170849436227067,170849436231210,170849436231261,265650,93825812243696,4375639744,7,2732,1151,524
170849444687776,170849444714281,170849444725765,170849444727456,170849444734857,170849444734948,265650,93825812243696,4375639744,7,2732,1151,525
170849452924272,170849452944286,170849452952787,170849452953928,170849452957729,170849452957805,265650,93825812243696,4375639744,7,2732,1151,526
170849461217186,170849461235967,170849461247920,170849461250648,170849461255268,170849461255368,265650,93825812243696,4375639744,7,2732,1151,527
170849469544561,170849469560064,170849469571296,170849469573792,170849469578334,170849469578424,265650,93825812243696,4375639744,7,2732,1151,528
170849478032713,170849478045265,170849478056778,170849478057959,170849478065764,170849478065852,265650,93825812243696,4375639744,7,2732,1151,529
170849486273066,170849486285585,170849486296188,170849486297372,170849486303058,170849486303151,265650,93825812243696,4375639744,7,2732,1151,530
170849494643761,170849494655136,170849494665616,170849494666847,170849494672253,170849494672324,265650,93825812243696,4375639744,7,2732,1151,531
170849503007547,170849503019336,170849503029873,170849503031079,170849503036642,170849503036722,265650,93825812243696,4375639744,7,2732,1151,532
170849511251424,170849511263923,170849511275686,170849511277082,170849511282189,170849511282283,265650,93825812243696,4375639744,7,2732,1151,533
170849519618091,170849519630012,170849519640895,170849519641952,170849519647157,170849519647248,265650,93825812243696,4375639744,7,2732,1151,534
170849527939713,170849527952087,170849527962871,170849527963925,170849527968519,170849527968602,265650,93825812243696,4375639744,7,2732,1151,535
170849536234386,170849536245965,170849536256849,170849536257835,170849536262209,170849536262285,265650,93825812243696,4375639744,7,2732,1151,536
170849544618103,170849544630176,170849544640872,170849544641903,170849544646686,170849544646761,265650,93825812243696,4375639744,7,2732,1151,537
170849552959823,170849552972109,170849552982880,170849552983861,170849552990193,170849552990270,265650,93825812243696,4375639744,7,2732,1151,538
170849561344805,170849561357135,170849561367975,170849561368929,170849561374958,170849561375032,265650,93825812243696,4375639744,7,2732,1151,539
170849569799526,170849569812597,170849569824589,170849569828386,170849569835049,170849569835154,265650,93825812243696,4375639744,7,2732,1151,540
170849578065988,170849578077369,170849578088344,170849578090493,170849578098839,170849578098936,265650,93825812243696,4375639744,7,2732,1151,541
170849587976467,170849587987847,170849587998641,170849588005904,170849588011973,170849588012073,265650,93825812243696,4375639744,7,2732,1151,542
170849596328817,170849596339562,170849596350561,170849596352687,170849596358792,170849596358849,265650,93825812243696,4375639744,7,2732,1151,543
170849604723441,170849604739338,170849604752244,170849604754951,170849604761674,170849604761737,265650,93825812243696,4375639744,7,2732,1151,544
170849613014042,170849613025706,170849613037841,170849613041479,170849613049637,170849613049723,265650,93825812243696,4375639744,7,2732,1151,545
170849621804265,170849621815017,170849621826178,170849621828544,170849621833101,170849621833173,265650,93825812243696,4375639744,7,2732,1151,546
170849630115082,170849630127794,170849630140612,170849630143695,170849630147767,170849630147829,265650,93825812243696,4375639744,7,2732,1151,547
170849639381909,170849639485139,170849639497028,170849639498640,170849639503234,170849639503319,265650,93825812243696,4375639744,7,2732,1151,548
170849647620541,170849647629172,170849647636745,170849647637469,170849647641900,170849647641957,265650,93825812243696,4375639744,7,2732,1151,549
170849656011738,170849656024364,170849656035629,170849656036787,170849656043443,170849656043533,265650,93825812243696,4375639744,7,2732,1151,550
170849664578436,170849664587054,170849664594970,170849664595943,170849664602344,170849664602411,265650,93825812243696,4375639744,7,2732,1151,551
170849672933896,170849672945752,170849672956537,170849672957625,170849672962310,170849672962392,265650,93825812243696,4375639744,7,2732,1151,552
170849681161508,170849681170032,170849681177983,170849681178885,170849681182715,170849681182773,265650,93825812243696,4375639744,7,2732,1151,553
170849690584844,170849690594938,170849690603377,170849690604358,170849690609246,170849690609313,265650,93825812243696,4375639744,7,2732,1151,554
170849699034033,170849699045775,170849699056539,170849699057549,170849699062100,170849699062175,265650,93825812243696,4375639744,7,2732,1151,555
170849707329101,170849707340826,170849707351468,170849707352524,170849707357599,170849707357675,265650,93825812243696,4375639744,7,2732,1151,556
170849716837024,170849716852634,170849716864186,170849716866531,170849716870719,170849716870808,265650,93825812243696,4375639744,7,2732,1151,557
170849725139645,170849725150999,170849725161879,170849725163917,170849725168467,170849725168563,265650,93825812243696,4375639744,7,2732,1151,558
170849733533221,170849733545536,170849733557528,170849733560706,170849733566435,170849733566509,265650,93825812243696,4375639744,7,2732,1151,559
170849741823904,170849741834614,170849741845756,170849741848597,170849741855390,170849741855451,265650,93825812243696,4375639744,7,2732,1151,560
170849750144273,170849750155429,170849750166462,170849750168122,170849750173469,170849750173547,265650,93825812243696,4375639744,7,2732,1151,561
170849758522532,170849758533219,170849758544160,170849758546292,170849758551215,170849758551270,265650,93825812243696,4375639744,7,2732,1151,562
170849767361986,170849767372926,170849767383746,170849767385667,170849767390239,170849767390303,265650,93825812243696,4375639744,7,2732,1151,563
170849775719514,170849775731901,170849775743474,170849775745700,170849775750696,170849775750784,265650,93825812243696,4375639744,7,2732,1151,564
170849784020817,170849784032289,170849784042890,170849784045151,170849784050275,170849784050358,265650,93825812243696,4375639744,7,2732,1151,565
170849793019512,170849793031037,170849793041347,170849793043531,170849793048980,170849793049042,265650,93825812243696,4375639744,7,2732,1151,566
170849801400875,170849801412572,170849801423951,170849801426158,170849801431534,170849801431590,265650,93825812243696,4375639744,7,2732,1151,567
170849809761193,170849809776781,170849809788044,170849809791073,170849809799123,170849809799171,265650,93825812243696,4375639744,7,2732,1151,568
170849818373757,170849818384220,170849818394776,170849818396974,170849818401197,170849818401240,265650,93825812243696,4375639744,7,2732,1151,569
170849826708439,170849826719423,170849826730473,170849826732921,170849826740371,170849826740430,265650,93825812243696,4375639744,7,2732,1151,570
170849835053459,170849835064698,170849835075369,170849835077573,170849835082100,170849835082155,265650,93825812243696,4375639744,7,2732,1151,571
170849843421395,170849843432172,170849843444874,170849843447626,170849843457076,170849843457121,265650,93825812243696,4375639744,7,2732,1151,572
170849851850082,170849851912242,170849851924265,170849851927017,170849851930943,170849851931027,265650,93825812243696,4375639744,7,2732,1151,573
170849860088660,170849860097435,170849860105658,170849860106947,170849860111157,170849860111207,265650,93825812243696,4375639744,7,2732,1151,574
170849869393268,170849869404966,170849869415791,170849869416624,170849869421183,170849869421256,265650,93825812243696,4375639744,7,2732,1151,575
170849877815080,170849877826683,170849877837442,170849877838323,170849877842549,170849877842618,265650,93825812243696,4375639744,7,2732,1151,576
170849886095001,170849886107245,170849886117974,170849886118816,170849886123102,170849886123169,265650,93825812243696,4375639744,7,2732,1151,577
170849894415400,170849894425065,170849894434198,170849894434842,170849894439344,170849894439405,265650,93825812243696,4375639744,7,2732,1151,578
170849902847517,170849902860130,170849902872352,170849902875258,170849902881150,170849902881232,265650,93825812243696,4375639744,7,2732,1151,579
170849911205543,170849911244508,170849911255493,170849911256610,170849911262274,170849911262354,265650,93825812243696,4375639744,7,2732,1151,580
170849919661512,170849919677946,170849919688668,170849919691288,170849919694635,170849919694711,265650,93825812243696,4375639744,7,2732,1151,581
170849928144064,170849928162156,170849928173809,170849928174948,170849928181456,170849928181532,265650,93825812243696,4375639744,7,2732,1151,582
170849936312255,170849936329058,170849936340574,170849936341929,170849936346886,170849936346971,265650,93825812243696,4375639744,7,2732,1151,583
170849945355087,170849945367526,170849945378423,170849945380834,170849945384341,170849945384413,265650,93825812243696,4375639744,7,2732,1151,584
170849953671972,170849953683350,170849953694283,170849953696066,170849953702719,170849953702778,265650,93825812243696,4375639744,7,2732,1151,585
170849962070431,170849962081297,170849962092006,170849962093770,170849962100088,170849962100157,265650,93825812243696,4375639744,7,2732,1151,586
170849985550705,170849985570573,170849985590661,170849985594009,170849985598426,170849985598508,265650,93825812243696,4375639744,7,2732,1151,587
170849993869835,170849993890318,170849993902560,170849993905549,170849993914027,170849993914091,265650,93825812243696,4375639744,7,2732,1151,588
170850002254184,170850002270416,170850002280022,170850002282164,170850002287047,170850002287097,265650,93825812243696,4375639744,7,2732,1151,589
170850012512771,170850012523042,170850012532834,170850012534663,170850012541096,170850012541171,265650,93825812243696,4375639744,7,2732,1151,590
170850020835715,170850020851314,170850020862647,170850020865095,170850020875232,170850020875323,265650,93825812243696,4375639744,7,2732,1151,591
170850029100232,170850029113676,170850029124344,170850029126172,170850029135214,170850029135292,265650,93825812243696,4375639744,7,2732,1151,592
170850037456594,170850037473386,170850037485828,170850037490974,170850037498629,170850037498686,265650,93825812243696,4375639744,7,2732,1151,593
170850045927885,170850045977626,170850045989827,170850045991670,170850045998262,170850045998353,265650,93825812243696,4375639744,7,2732,1151,594
170850054222765,170850054243541,170850054255092,170850054256326,170850054261633,170850054261726,265650,93825812243696,4375639744,7,2732,1151,595
170850062496162,170850062506110,170850062514854,170850062515722,170850062521529,170850062521602,265650,93825812243696,4375639744,7,2732,1151,596
170850070883079,170850070900334,170850070911735,170850070913298,170850070919517,170850070919610,265650,93825812243696,4375639744,7,2732,1151,597
170850079123227,170850079138041,170850079149745,170850079151028,170850079170207,170850079170295,265650,93825812243696,4375639744,7,2732,1151,598
170850087523718,170850087533507,170850087541290,170850087542078,170850087549661,170850087549721,265650,93825812243696,4375639744,7,2732,1151,599
170850095851164,170850095864335,170850095875334,170850095876977,170850095884349,170850095884444,265650,93825812243696,4375639744,7,2732,1151,600
170850104202559,170850104215028,170850104226014,170850104226875,170850104232536,170850104232617,265650,93825812243696,4375639744,7,2732,1151,601
170850112490960,170850112500802,170850112508948,170850112509676,170850112514788,170850112514851,265650,93825812243696,4375639744,7,2732,1151,602
170850120878938,170850120894046,170850120904989,170850120906594,170850120913139,170850120913235,265650,93825812243696,4375639744,7,2732,1151,603
170850129221202,170850129244170,170850129256163,170850129259039,170850129265466,170850129265555,265650,93825812243696,4375639744,7,2732,1151,604
170850137482130,170850137499271,170850137510750,170850137513921,170850137526528,170850137526605,265650,93825812243696,4375639744,7,2732,1151,605
170850145840336,170850145855478,170850145866249,170850145868277,170850145876936,170850145876993,265650,93825812243696,4375639744,7,2732,1151,606
170850154115106,170850154130701,170850154141866,170850154144039,170850154149397,170850154149445,265650,93825812243696,4375639744,7,2732,1151,607
170850162519638,170850162542104,170850162555923,170850162559907,170850162567249,170850162567316,265650,93825812243696,4375639744,7,2732,1151,608
170850170992529,170850171059332,170850171071242,170850171072502,170850171080809,170850171080898,265650,93825812243696,4375639744,7,2732,1151,609
170850179186033,170850179200788,170850179212192,170850179213685,170850179222152,170850179222249,265650,93825812243696,4375639744,7,2732,1151,610
170850187601451,170850187618251,170850187630452,170850187632812,170850187642948,170850187643031,265650,93825812243696,4375639744,7,2732,1151,611
170850195852310,170850195863676,170850195871619,170850195872794,170850195879730,170850195879801,265650,93825812243696,4375639744,7,2732,1151,612
170850204234124,170850204247458,170850204258588,170850204259826,170850204266124,170850204266209,265650,93825812243696,4375639744,7,2732,1151,613
170850212634151,170850212649279,170850212660788,170850212662413,170850212673739,170850212673835,265650,93825812243696,4375639744,7,2732,1151,614
170850220926533,170850220940538,170850220951891,170850220953102,170850220960283,170850220960374,265650,93825812243696,4375639744,7,2732,1151,615
170850229210480,170850229224564,170850229235945,170850229237361,170850229245522,170850229245616,265650,93825812243696,4375639744,7,2732,1151,616
170850237576753,170850237605361,170850237616626,170850237618156,170850237623058,170850237623149,265650,93825812243696,4375639744,7,2732,1151,617
170850245792361,170850245802392,170850245810501,170850245811530,170850245818508,170850245818573,265650,93825812243696,4375639744,7,2732,1151,618
170850254241128,170850254254939,170850254266030,170850254267302,170850254274961,170850254275049,265650,93825812243696,4375639744,7,2732,1151,619
170850262568880,170850262582067,170850262593211,170850262594428,170850262600417,170850262600509,265650,93825812243696,4375639744,7,2732,1151,620
170850270874576,170850270887921,170850270899304,170850270900534,170850270907502,170850270907597,265650,93825812243696,4375639744,7,2732,1151,621
170850279173640,170850279187080,170850279198544,170850279199599,170850279206333,170850279206429,265650,93825812243696,4375639744,7,2732,1151,622
170850287520236,170850287530446,170850287539028,170850287539960,170850287555040,170850287555112,265650,93825812243696,4375639744,7,2732,1151,623
170850295939555,170850295952764,170850295963994,170850295965218,170850295972062,170850295972155,265650,93825812243696,4375639744,7,2732,1151,624
170850304221102,170850304234606,170850304245740,170850304247050,170850304255038,170850304255131,265650,93825812243696,4375639744,7,2732,1151,625
170850312612144,170850312705266,170850312716270,170850312717372,170850312724363,170850312724453,265650,93825812243696,4375639744,7,2732,1151,626
170850320944806,170850320991197,170850321008423,170850321009593,170850321016631,170850321016723,265650,93825812243696,4375639744,7,2732,1151,627
170850329285056,170850329303426,170850329314463,170850329315491,170850329322230,170850329322319,265650,93825812243696,4375639744,7,2732,1151,628
170850337558755,170850337569407,170850337577686,170850337579775,170850337592868,170850337592936,265650,93825812243696,4375639744,7,2732,1151,629
170850345894975,170850345909319,170850345921289,170850345923097,170850345932867,170850345932962,265650,93825812243696,4375639744,7,2732,1151,630
170850354174251,170850354187896,170850354199092,170850354200361,170850354207532,170850354207623,265650,93825812243696,4375639744,7,2732,1151,631
170850362519419,170850362528865,170850362536755,170850362537539,170850362543441,170850362543506,265650,93825812243696,4375639744,7,2732,1151,632
170850370929270,170850370942502,170850370953736,170850370954968,170850370961357,170850370961455,265650,93825812243696,4375639744,7,2732,1151,633
170850379233079,170850379246301,170850379257283,170850379258464,170850379266242,170850379266332,265650,93825812243696,4375639744,7,2732,1151,634
170850387615773,170850387629411,170850387640811,170850387642072,170850387648796,170850387648887,265650,93825812243696,4375639744,7,2732,1151,635
170850395875152,170850395888794,170850395899944,170850395901000,170850395907732,170850395907826,265650,93825812243696,4375639744,7,2732,1151,636
170850404186160,170850404199677,170850404210854,170850404212002,170850404219004,170850404219098,265650,93825812243696,4375639744,7,2732,1151,637
170850412629853,170850412643086,170850412654052,170850412655215,170850412662031,170850412662119,265650,93825812243696,4375639744,7,2732,1151,638
170850420976041,170850420989727,170850421003375,170850421004929,170850421011921,170850421012015,265650,93825812243696,4375639744,7,2732,1151,639
170850429277459,170850429290750,170850429302040,170850429303436,170850429311391,170850429311478,265650,93825812243696,4375639744,7,2732,1151,640
170850437632137,170850437673571,170850437684829,170850437686043,170850437693201,170850437693291,265650,93825812243696,4375639744,7,2732,1151,641
170850445876940,170850445890000,170850445901141,170850445902346,170850445911640,170850445911728,265650,93825812243696,4375639744,7,2732,1151,642
170850454265907,170850454325023,170850454336280,170850454337740,170850454343532,170850454343624,265650,93825812243696,4375639744,7,2732,1151,643
170850462558135,170850462571970,170850462583083,170850462584281,170850462592610,170850462592705,265650,93825812243696,4375639744,7,2732,1151,644
170850470821045,170850470843791,170850470855697,170850470859039,170850470868060,170850470868153,265650,93825812243696,4375639744,7,2732,1151,645
170850479155116,170850479172827,170850479184343,170850479186214,170850479193462,170850479193559,265650,93825812243696,4375639744,7,2732,1151,646
170850487495981,170850487518338,170850487530368,170850487533764,170850487544642,170850487544718,265650,93825812243696,4375639744,7,2732,1151,647
170850495792523,170850495807388,170850495818910,170850495820973,170850495827224,170850495827297,265650,93825812243696,4375639744,7,2732,1151,648
170850504225087,170850504239782,170850504251240,170850504252699,170850504260893,170850504260978,265650,93825812243696,4375639744,7,2732,1151,649
170850512531924,170850512542080,170850512550427,170850512551162,170850512556441,170850512556499,265650,93825812243696,4375639744,7,2732,1151,650
170850520873434,170850520885651,170850520896491,170850520897380,170850520904717,170850520904799,265650,93825812243696,4375639744,7,2732,1151,651
170850529171686,170850529181204,170850529189241,170850529189864,170850529195774,170850529195825,265650,93825812243696,4375639744,7,2732,1151,652
170850537531629,170850537540849,170850537549752,170850537550312,170850537554971,170850537555026,265650,93825812243696,4375639744,7,2732,1151,653
170850545885754,170850545898478,170850545909598,170850545910302,170850545916134,170850545916204,265650,93825812243696,4375639744,7,2732,1151,654
170850554159125,170850554168371,170850554176638,170850554177310,170850554181913,170850554181970,265650,93825812243696,4375639744,7,2732,1151,655
170850562507532,170850562516605,170850562524378,170850562524954,170850562528489,170850562528535,265650,93825812243696,4375639744,7,2732,1151,656
170850570831645,170850570842622,170850570850673,170850570851257,170850570855248,170850570855298,265650,93825812243696,4375639744,7,2732,1151,657
170850579171446,170850579182152,170850579190317,170850579191367,170850579197118,170850579197177,265650,93825812243696,4375639744,7,2732,1151,658
170850587604508,170850587655084,170850587665657,170850587666978,170850587673908,170850587673982,265650,93825812243696,4375639744,7,2732,1151,659
170850595923070,170850595938469,170850595950168,170850595951702,170850595957768,170850595957862,265650,93825812243696,4375639744,7,2732,1151,660
170850604155516,170850604168939,170850604179970,170850604180991,170850604187395,170850604187485,265650,93825812243696,4375639744,7,2732,1151,661
170850612547727,170850612558599,170850612567713,170850612568658,170850612574799,170850612574869,265650,93825812243696,4375639744,7,2732,1151,662
170850620899445,170850620914012,170850620924918,170850620925942,170850620931767,170850620931840,265650,93825812243696,4375639744,7,2732,1151,663
170850629157377,170850629172326,170850629183494,170850629184648,170850629189404,170850629189490,265650,93825812243696,4375639744,7,2732,1151,664
170850637476555,170850637487723,170850637495878,170850637496750,170850637501878,170850637501933,265650,93825812243696,4375639744,7,2732,1151,665
170850645917765,170850645931874,170850645942955,170850645944088,170850645951301,170850645951376,265650,93825812243696,4375639744,7,2732,1151,666
170850654195196,170850654214431,170850654225803,170850654228199,170850654231790,170850654231886,265650,93825812243696,4375639744,7,2732,1151,667
170850662517428,170850662535214,170850662546017,170850662548264,170850662554315,170850662554389,265650,93825812243696,4375639744,7,2732,1151,668
170850670817366,170850670833362,170850670843716,170850670845521,170850670850678,170850670850738,265650,93825812243696,4375639744,7,2732,1151,669
170850679152174,170850679167059,170850679178644,170850679179981,170850679185904,170850679185968,265650,93825812243696,4375639744,7,2732,1151,670
170850687592094,170850687604873,170850687615870,170850687617023,170850687626033,170850687626110,265650,93825812243696,4375639744,7,2732,1151,671
170850695911551,170850695924731,170850695935822,170850695936915,170850695943021,170850695943092,265650,93825812243696,4375639744,7,2732,1151,672
170850704152688,170850704165337,170850704176230,170850704177116,170850704192493,170850704192567,265650,93825812243696,4375639744,7,2732,1151,673
170850712570066,170850712588323,170850712599376,170850712601965,170850712611526,170850712611631,265650,93825812243696,4375639744,7,2732,1151,674
170850720863913,170850720881456,170850720892542,170850720894767,170850720902619,170850720902708,265650,93825812243696,4375639744,7,2732,1151,675
170850729142776,170850729158584,170850729169207,170850729171162,170850729177041,170850729177098,265650,93825812243696,4375639744,7,2732,1151,676
170850737541248,170850737558747,170850737570626,170850737573423,170850737587698,170850737587768,265650,93825812243696,4375639744,7,2732,1151,677
170850745863799,170850745879673,170850745890264,170850745892114,170850745899502,170850745899582,265650,93825812243696,4375639744,7,2732,1151,678
170850754201947,170850754217727,170850754228525,170850754230159,170850754237503,170850754237568,265650,93825812243696,4375639744,7,2732,1151,679
170850762544281,170850762560140,170850762571593,170850762574505,170850762589968,170850762590026,265650,93825812243696,4375639744,7,2732,1151,680
170850770863904,170850770879544,170850770890620,170850770892605,170850770899816,170850770899865,265650,93825812243696,4375639744,7,2732,1151,681
170850779187937,170850779210061,170850779222482,170850779225353,170850779237812,170850779237862,265650,93825812243696,4375639744,7,2732,1151,682
170850787535102,170850787550531,170850787561037,170850787563048,170850787572025,170850787572073,265650,93825812243696,4375639744,7,2732,1151,683
170850795876318,170850795892658,170850795903047,170850795904880,170850795916620,170850795916665,265650,93825812243696,4375639744,7,2732,1151,684
170850804156161,170850804171693,170850804182150,170850804184466,170850804193934,170850804194012,265650,93825812243696,4375639744,7,2732,1151,685
170850812515917,170850812538064,170850812551279,170850812554961,170850812575182,170850812575239,265650,93825812243696,4375639744,7,2732,1151,686
170850820850738,170850820874709,170850820886219,170850820888908,170850820899551,170850820899610,265650,93825812243696,4375639744,7,2732,1151,687
170850829177984,170850829194001,170850829204943,170850829207369,170850829217353,170850829217464,265650,93825812243696,4375639744,7,2732,1151,688
170850837497007,170850837511530,170850837522586,170850837525248,170850837534758,170850837534820,265650,93825812243696,4375639744,7,2732,1151,689
170850845884864,170850845900503,170850845911539,170850845913417,170850845920854,170850845920900,265650,93825812243696,4375639744,7,2732,1151,690
170850854212249,170850854227657,170850854238047,170850854239875,170850854248590,170850854248637,265650,93825812243696,4375639744,7,2732,1151,691
170850862541233,170850862559437,170850862570423,170850862573287,170850862579479,170850862579538,265650,93825812243696,4375639744,7,2732,1151,692
170850870811845,170850870824924,170850870835394,170850870836878,170850870841825,170850870841887,265650,93825812243696,4375639744,7,2732,1151,693
170850879153020,170850879168850,170850879180662,170850879182739,170850879190981,170850879191075,265650,93825812243696,4375639744,7,2732,1151,694
170850887593814,170850887611989,170850887624216,170850887626183,170850887633575,170850887633685,265650,93825812243696,4375639744,7,2732,1151,695
170850895964061,170850895976753,170850895987508,170850895988775,170850895995545,170850895995637,265650,93825812243696,4375639744,7,2732,1151,696
170850904158723,170850904171216,170850904181718,170850904182617,170850904188003,170850904188088,265650,93825812243696,4375639744,7,2732,1151,697
170850912542816,170850912553795,170850912575663,170850912576375,170850912581847,170850912581902,265650,93825812243696,4375639744,7,2732,1151,698
170850920866630,170850920877190,170850920885950,170850920886724,170850920892113,170850920892169,265650,93825812243696,4375639744,7,2732,1151,699
170850929163408,170850929193782,170850929205349,170850929207194,170850929211089,170850929211178,265650,93825812243696,4375639744,7,2732,1151,700
170850937513823,170850937528418,170850937539708,170850937543160,170850937552725,170850937552811,265650,93825812243696,4375639744,7,2732,1151,701
170850945896031,170850945914521,170850945925573,170850945928014,170850945934226,170850945934286,265650,93825812243696,4375639744,7,2732,1151,702
170850954159372,170850954173690,170850954184753,170850954186662,170850954197526,170850954197585,265650,93825812243696,4375639744,7,2732,1151,703
170850962502927,170850962520915,170850962532372,170850962534230,170850962538953,170850962539009,265650,93825812243696,4375639744,7,2732,1151,704
170850970870237,170850970885636,170850970901513,170850970903173,170850970911817,170850970911917,265650,93825812243696,4375639744,7,2732,1151,705
170850979188792,170850979203406,170850979214764,170850979216080,170850979224058,170850979224152,265650,93825812243696,4375639744,7,2732,1151,706
170850987519316,170850987533893,170850987544942,170850987546112,170850987552193,170850987552284,265650,93825812243696,4375639744,7,2732,1151,707
170850995855443,170850995878704,170850995901774,170850995903486,170850995906998,170850995907076,265650,93825812243696,4375639744,7,2732,1151,708
170851004184313,170851004199899,170851004211506,170851004213206,170851004220726,170851004220813,265650,93825812243696,4375639744,7,2732,1151,709
170851012603084,170851012616629,170851012625244,170851012626976,170851012635041,170851012635114,265650,93825812243696,4375639744,7,2732,1151,710
170851020943413,170851020958030,170851020969003,170851020970145,170851020976235,170851020976324,265650,93825812243696,4375639744,7,2732,1151,711
170851029241012,170851029254383,170851029265493,170851029266809,170851029272006,170851029272078,265650,93825812243696,4375639744,7,2732,1151,712
170851037608796,170851037622406,170851037631131,170851037633305,170851037645268,170851037645325,265650,93825812243696,4375639744,7,2732,1151,713
170851048774153,170851048789130,170851048800243,170851048803251,170851048809960,170851048810038,265650,93825812243696,4375639744,7,2732,1151,714
170851057027630,170851057041806,170851057052651,170851057054568,170851057063773,170851057063918,265650,93825812243696,4375639744,7,2732,1151,715
170851065370768,170851065390418,170851065401077,170851065404323,170851065409079,170851065409137,265650,93825812243696,4375639744,7,2732,1151,716
170851073685707,170851073698491,170851073709117,170851073710893,170851073716224,170851073716293,265650,93825812243696,4375639744,7,2732,1151,717
170851082051013,170851082066035,170851082076576,170851082078435,170851082085068,170851082085128,265650,93825812243696,4375639744,7,2732,1151,718
170851090363775,170851090383232,170851090394819,170851090397340,170851090405993,170851090406053,265650,93825812243696,4375639744,7,2732,1151,719
170851098689606,170851098703456,170851098713843,170851098715678,170851098723084,170851098723143,265650,93825812243696,4375639744,7,2732,1151,720
170851107022967,170851107038124,170851107049271,170851107051499,170851107058711,170851107058812,265650,93825812243696,4375639744,7,2732,1151,721
170851115367867,170851115390250,170851115402751,170851115405580,170851115412866,170851115412941,265650,93825812243696,4375639744,7,2732,1151,722
170851123698252,170851123716659,170851123727861,170851123729874,170851123734140,170851123734224,265650,93825812243696,4375639744,7,2732,1151,723
170851132043510,170851132061105,170851132071888,170851132073621,170851132078643,170851132078687,265650,93825812243696,4375639744,7,2732,1151,724
170851140362886,170851140376725,170851140387342,170851140389188,170851140394583,170851140394629,265650,93825812243696,4375639744,7,2732,1151,725
170851148749359,170851148765550,170851148776130,170851148778228,170851148782432,170851148782499,265650,93825812243696,4375639744,7,2732,1151,726
170851157057399,170851157075666,170851157087164,170851157089743,170851157101763,170851157101839,265650,93825812243696,4375639744,7,2732,1151,727
170851165467236,170851165504142,170851165515365,170851165517848,170851165526180,170851165526265,265650,93825812243696,4375639744,7,2732,1151,728
170851173784688,170851173806211,170851173818432,170851173821430,170851173834501,170851173834581,265650,93825812243696,4375639744,7,2732,1151,729
170851182100221,170851182118166,170851182129358,170851182132053,170851182143753,170851182143828,265650,93825812243696,4375639744,7,2732,1151,730
170851190413380,170851190434778,170851190478688,170851190481743,170851190493977,170851190494032,265650,93825812243696,4375639744,7,2732,1151,731
170851198750111,170851198773082,170851198784628,170851198787203,170851198800875,170851198801016,265650,93825812243696,4375639744,7,2732,1151,732
170851207080043,170851207096864,170851207106510,170851207109245,170851207143857,170851207145737,265650,93825812243696,4375639744,7,2732,1151,733
170851215415755,170851215429980,170851215439929,170851215442842,170851215455656,170851215455720,265650,93825812243696,4375639744,7,2732,1151,734
170851223809811,170851223833339,170851223845280,170851223847848,170851223863061,170851223863138,265650,93825812243696,4375639744,7,2732,1151,735
170851232100376,170851232119687,170851232131763,170851232135379,170851232145034,170851232145128,265650,93825812243696,4375639744,7,2732,1151,736
170851240426016,170851240496744,170851240527601,170851240530757,170851240543898,170851240543995,265650,93825812243696,4375639744,7,2732,1151,737
170851248777158,170851248797044,170851248808695,170851248811947,170851248824188,170851248824276,265650,93825812243696,4375639744,7,2732,1151,738
170851257154522,170851257180072,170851257191546,170851257194735,170851257199598,170851257199686,265650,93825812243696,4375639744,7,2732,1151,739
170851265396259,170851265416282,170851265427929,170851265430670,170851265443770,170851265443856,265650,93825812243696,4375639744,7,2732,1151,740
170851273746886,170851273769279,170851273781462,170851273784576,170851273798752,170851273798843,265650,93825812243696,4375639744,7,2732,1151,741
170851282081509,170851282101601,170851282112784,170851282115017,170851282120933,170851282121001,265650,93825812243696,4375639744,7,2732,1151,742
170851290391128,170851290408777,170851290419656,170851290421652,170851290431617,170851290431674,265650,93825812243696,4375639744,7,2732,1151,743
170851298690842,170851298709945,170851298721221,170851298723698,170851298734476,170851298734559,265650,93825812243696,4375639744,7,2732,1151,744
170851307058167,170851307074572,170851307085431,170851307087427,170851307095602,170851307095653,265650,93825812243696,4375639744,7,2732,1151,745
170851315438466,170851315456851,170851315468971,170851315471941,170851315484105,170851315484195,265650,93825812243696,4375639744,7,2732,1151,746
170851323888285,170851323908014,170851323919570,170851323922285,170851323937587,170851323937770,265650,93825812243696,4375639744,7,2732,1151,747
170851332102814,170851332122960,170851332134737,170851332137430,170851332151908,170851332151979,265650,93825812243696,4375639744,7,2732,1151,748
170851340465348,170851340486698,170851340500512,170851340504885,170851340523873,170851340523975,265650,93825812243696,4375639744,7,2732,1151,749
170851348818045,170851348839374,170851348851235,170851348853841,170851348869314,170851348869391,265650,93825812243696,4375639744,7,2732,1151,750
170851357138122,170851357160792,170851357172813,170851357175599,170851357191813,170851357191902,265650,93825812243696,4375639744,7,2732,1151,751
170851365468747,170851365491128,170851365503228,170851365506024,170851365518143,170851365518342,265650,93825812243696,4375639744,7,2732,1151,752
170851373730849,170851373746121,170851373757024,170851373759464,170851373773833,170851373773878,265650,93825812243696,4375639744,7,2732,1151,753
170851382101697,170851382118076,170851382129028,170851382131235,170851382144805,170851382144891,265650,93825812243696,4375639744,7,2732,1151,754
170851390389317,170851390404991,170851390416396,170851390419173,170851390436328,170851390436396,265650,93825812243696,4375639744,7,2732,1151,755
170851398722762,170851398739079,170851398750179,170851398752241,170851398768644,170851398768717,265650,93825812243696,4375639744,7,2732,1151,756
170851407070573,170851407085248,170851407096068,170851407098192,170851407108963,170851407109017,265650,93825812243696,4375639744,7,2732,1151,757
170851415378476,170851415393536,170851415406173,170851415407762,170851415419810,170851415419876,265650,93825812243696,4375639744,7,2732,1151,758
170851423708491,170851423724843,170851423736945,170851423739124,170851423753070,170851423753113,265650,93825812243696,4375639744,7,2732,1151,759
170851432080223,170851432095527,170851432107063,170851432109981,170851432124329,170851432124388,265650,93825812243696,4375639744,7,2732,1151,760
170851440447553,170851440470527,170851440487929,170851440490022,170851440500252,170851440500310,265650,93825812243696,4375639744,7,2732,1151,761
170851448793101,170851448810025,170851448823266,170851448826266,170851448832198,170851448832284,265650,93825812243696,4375639744,7,2732,1151,762
170851457181633,170851457197414,170851457209562,170851457211586,170851457217475,170851457217557,265650,93825812243696,4375639744,7,2732,1151,763
170851465394669,170851465412252,170851465423978,170851465427251,170851465432376,170851465432457,265650,93825812243696,4375639744,7,2732,1151,764
170851473879144,170851473894121,170851473906090,170851473907515,170851473910301,170851473910387,265650,93825812243696,4375639744,7,2732,1151,765
170851482172883,170851482185606,170851482196913,170851482198419,170851482204382,170851482204473,265650,93825812243696,4375639744,7,2732,1151,766
170851490474119,170851490485854,170851490496708,170851490497830,170851490502286,170851490502372,265650,93825812243696,4375639744,7,2732,1151,767
170851498752886,170851498767877,170851498781492,170851498785606,170851498798294,170851498798390,265650,93825812243696,4375639744,7,2732,1151,768
170851507104199,170851507117669,170851507128232,170851507130257,170851507135148,170851507135222,265650,93825812243696,4375639744,7,2732,1151,769
170851515426881,170851515439995,170851515452238,170851515455943,170851515470194,170851515470272,265650,93825812243696,4375639744,7,2732,1151,770
170851523716983,170851523729974,170851523744723,170851523748226,170851523753057,170851523753150,265650,93825812243696,4375639744,7,2732,1151,771
170851532126486,170851532137988,170851532150466,170851532153595,170851532163150,170851532163219,265650,93825812243696,4375639744,7,2732,1151,772
170851540436093,170851540447093,170851540458449,170851540460579,170851540468363,170851540468442,265650,93825812243696,4375639744,7,2732,1151,773
170851548735719,170851548751173,170851548762049,170851548764071,170851548773609,170851548773657,265650,93825812243696,4375639744,7,2732,1151,774
170851557143432,170851557155457,170851557168624,170851557173803,170851557183750,170851557183828,265650,93825812243696,4375639744,7,2732,1151,775
170851565431936,170851565443532,170851565452819,170851565454290,170851565458502,170851565458571,265650,93825812243696,4375639744,7,2732,1151,776
170851573812148,170851573824506,170851573835740,170851573837175,170851573842303,170851573842391,265650,93825812243696,4375639744,7,2732,1151,777
170851582115292,170851582128165,170851582139683,170851582140688,170851582146053,170851582146145,265650,93825812243696,4375639744,7,2732,1151,778
170851591796524,170851591805257,170851591813451,170851591814303,170851591818082,170851591818138,265650,93825812243696,4375639744,7,2732,1151,779
170851600217503,170851600229995,170851600241070,170851600242279,170851600247394,170851600247474,265650,93825812243696,4375639744,7,2732,1151,780
170851608449423,170851608462190,170851608473463,170851608474930,170851608478258,170851608478320,265650,93825812243696,4375639744,7,2732,1151,781
170851616805887,170851616818260,170851616829699,170851616831057,170851616836241,170851616836330,265650,93825812243696,4375639744,7,2732,1151,782
170851625182172,170851625243195,170851625254177,170851625255250,170851625260517,170851625260595,265650,93825812243696,4375639744,7,2732,1151,783
170851633458085,170851633466908,170851633475073,170851633476350,170851633478690,170851633478752,265650,93825812243696,4375639744,7,2732,1151,784
170851641823755,170851641835903,170851641847259,170851641848594,170851641852092,170851641852166,265650,93825812243696,4375639744,7,2732,1151,785
170851650204269,170851650245114,170851650256322,170851650257469,170851650262420,170851650262494,265650,93825812243696,4375639744,7,2732,1151,786
170851658426229,170851658435406,170851658443603,170851658444446,170851658449416,170851658449472,265650,93825812243696,4375639744,7,2732,1151,787
170851668500735,170851668509458,170851668517619,170851668518557,170851668523421,170851668523473,265650,93825812243696,4375639744,7,2732,1151,788
170851676925282,170851676964764,170851676975621,170851676976619,170851676982245,170851676982322,265650,93825812243696,4375639744,7,2732,1151,789
170851685212111,170851685224582,170851685235743,170851685236955,170851685242332,170851685242410,265650,93825812243696,4375639744,7,2732,1151,790
170851693578893,170851693590882,170851693602224,170851693603297,170851693608822,170851693608899,265650,93825812243696,4375639744,7,2732,1151,791
170851701974656,170851701988213,170851701999433,170851702004284,170851702010976,170851702011058,265650,93825812243696,4375639744,7,2732,1151,792
170851710290437,170851710306421,170851710317544,170851710320748,170851710326366,170851710326448,265650,93825812243696,4375639744,7,2732,1151,793
170851718958105,170851718985850,170851718997421,170851718999543,170851719010646,170851719010831,265650,93825812243696,4375639744,7,2732,1151,794
170851726833686,170851726846266,170851726857636,170851726859587,170851726863851,170851726863899,265650,93825812243696,4375639744,7,2732,1151,795
170851735128279,170851735141713,170851735153348,170851735155668,170851735162987,170851735163088,265650,93825812243696,4375639744,7,2732,1151,796
170851743535347,170851743547280,170851743558665,170851743561283,170851743566753,170851743566846,265650,93825812243696,4375639744,7,2732,1151,797
170851751793937,170851751804672,170851751815391,170851751817483,170851751823079,170851751823128,265650,93825812243696,4375639744,7,2732,1151,798
170851760137491,170851760153184,170851760164010,170851760166178,170851760173634,170851760173707,265650,93825812243696,4375639744,7,2732,1151,799
170851768447997,170851768458555,170851768469255,170851768471068,170851768476007,170851768476067,265650,93825812243696,4375639744,7,2732,1151,800
170851776802521,170851776813196,170851776823911,170851776825981,170851776830696,170851776830758,265650,93825812243696,4375639744,7,2732,1151,801
170851785159664,170851785170142,170851785180639,170851785182565,170851785187587,170851785187631,265650,93825812243696,4375639744,7,2732,1151,802
170851793499363,170851793509625,170851793520358,170851793522260,170851793530655,170851793530714,265650,93825812243696,4375639744,7,2732,1151,803
170851801799880,170851801810880,170851801821509,170851801823331,170851801830296,170851801830372,265650,93825812243696,4375639744,7,2732,1151,804
170851810177359,170851810192905,170851810204772,170851810206756,170851810212658,170851810212736,265650,93825812243696,4375639744,7,2732,1151,805
170851819408126,170851819418118,170851819426724,170851819427525,170851819432005,170851819432058,265650,93825812243696,4375639744,7,2732,1151,806
170851827804920,170851827817153,170851827829338,170851827831911,170851827837170,170851827837257,265650,93825812243696,4375639744,7,2732,1151,807
170851836080972,170851836092194,170851836103512,170851836105942,170851836112339,170851836112424,265650,93825812243696,4375639744,7,2732,1151,808
170851844498829,170851844509701,170851844520740,170851844522852,170851844528025,170851844528104,265650,93825812243696,4375639744,7,2732,1151,809
170851852831563,170851852843704,170851852855353,170851852858161,170851852865057,170851852865131,265650,93825812243696,4375639744,7,2732,1151,810
170851861137207,170851861147811,170851861158265,170851861160137,170851861165059,170851861165124,265650,93825812243696,4375639744,7,2732,1151,811
170851870053584,170851870063992,170851870074651,170851870076544,170851870080712,170851870080775,265650,93825812243696,4375639744,7,2732,1151,812
170851878380340,170851878391480,170851878402058,170851878403827,170851878408174,170851878408228,265650,93825812243696,4375639744,7,2732,1151,813
170851886729048,170851886739779,170851886751492,170851886754325,170851886760801,170851886760845,265650,93825812243696,4375639744,7,2732,1151,814
170851895095087,170851895110744,170851895120667,170851895122399,170851895126781,170851895126839,265650,93825812243696,4375639744,7,2732,1151,815
170851903516020,170851903562421,170851903573805,170851903575219,170851903581277,170851903581353,265650,93825812243696,4375639744,7,2732,1151,816
170851911775214,170851911784072,170851911792421,170851911793301,170851911797434,170851911797489,265650,93825812243696,4375639744,7,2732,1151,817
170851920376182,170851920390727,170851920402062,170851920404679,170851920412902,170851920412977,265650,93825812243696,4375639744,7,2732,1151,818
170851928706995,170851928721780,170851928733116,170851928735333,170851928742002,170851928742087,265650,93825812243696,4375639744,7,2732,1151,819
170851937084929,170851937096059,170851937106747,170851937109034,170851937114034,170851937114107,265650,93825812243696,4375639744,7,2732,1151,820
170851945411699,170851945425568,170851945437450,170851945439038,170851945445257,170851945445328,265650,93825812243696,4375639744,7,2732,1151,821
170851953799661,170851953811885,170851953822931,170851953823923,170851953828579,170851953828651,265650,93825812243696,4375639744,7,2732,1151,822
170851962125339,170851962137919,170851962149090,170851962150612,170851962154880,170851962154960,265650,93825812243696,4375639744,7,2732,1151,823
170851970378652,170851970393164,170851970404558,170851970407393,170851970415799,170851970415898,265650,93825812243696,4375639744,7,2732,1151,824
170851978693513,170851978705141,170851978716231,170851978718240,170851978726049,170851978726123,265650,93825812243696,4375639744,7,2732,1151,825
170851987035937,170851987048546,170851987060293,170851987062125,170851987069395,170851987069469,265650,93825812243696,4375639744,7,2732,1151,826
170851995406480,170851995417506,170851995426002,170851995427130,170851995431257,170851995431313,265650,93825812243696,4375639744,7,2732,1151,827
170852003712017,170852003721125,170852003729160,170852003730010,170852003734363,170852003734418,265650,93825812243696,4375639744,7,2732,1151,828
170852012120095,170852012132712,170852012143716,170852012144716,170852012150068,170852012150143,265650,93825812243696,4375639744,7,2732,1151,829
170852020423566,170852020434683,170852020443209,170852020444276,170852020446407,170852020446463,265650,93825812243696,4375639744,7,2732,1151,830
170852028713386,170852028722542,170852028730535,170852028731522,170852028736428,170852028736482,265650,93825812243696,4375639744,7,2732,1151,831
170852037144463,170852037157324,170852037168942,170852037170080,170852037176910,170852037176978,265650,93825812243696,4375639744,7,2732,1151,832
170852045360110,170852045369680,170852045378189,170852045378975,170852045382801,170852045382852,265650,93825812243696,4375639744,7,2732,1151,833
170852053688415,170852053700087,170852053710842,170852053711715,170852053716514,170852053716577,265650,93825812243696,4375639744,7,2732,1151,834
170852062163898,170852062196804,170852062208191,170852062209746,170852062215617,170852062215697,265650,93825812243696,4375639744,7,2732,1151,835
170852071845903,170852071860973,170852071870056,170852071872075,170852071876965,170852071877024,265650,93825812243696,4375639744,7,2732,1151,836
170852080192463,170852080204524,170852080215977,170852080219113,170852080228548,170852080228643,265650,93825812243696,4375639744,7,2732,1151,837
170852088519668,170852088531326,170852088542310,170852088544322,170852088551294,170852088551396,265650,93825812243696,4375639744,7,2732,1151,838
170852096810015,170852096821317,170852096832773,170852096835818,170852096845855,170852096845933,265650,93825812243696,4375639744,7,2732,1151,839
170852114382629,170852114394792,170852114405738,170852114408752,170852114415097,170852114415174,265650,93825812243696,4375639744,7,2732,1151,840
170852122751507,170852122767396,170852122778832,170852122781008,170852122787401,170852122787468,265650,93825812243696,4375639744,7,2732,1151,841
170852131090065,170852131106921,170852131117632,170852131119749,170852131128327,170852131128390,265650,93825812243696,4375639744,7,2732,1151,842
170852139842688,170852139853511,170852139863843,170852139865795,170852139870511,170852139870571,265650,93825812243696,4375639744,7,2732,1151,843
170852148138134,170852148154168,170852148165126,170852148167241,170852148174509,170852148174614,265650,93825812243696,4375639744,7,2732,1151,844
170852163131501,170852163147490,170852163160971,170852163163567,170852163172011,170852163172091,265650,93825812243696,4375639744,7,2732,1151,845
170852171461255,170852171483253,170852171496245,170852171499224,170852171509135,170852171509199,265650,93825812243696,4375639744,7,2732,1151,846
170852179801009,170852179817555,170852179828656,170852179830444,170852179836850,170852179836913,265650,93825812243696,4375639744,7,2732,1151,847
170852188541527,170852188552882,170852188564470,170852188566603,170852188573955,170852188574050,265650,93825812243696,4375639744,7,2732,1151,848
170852196862789,170852196879007,170852196890044,170852196891999,170852196896532,170852196896581,265650,93825812243696,4375639744,7,2732,1151,849
170852205196790,170852205213170,170852205226288,170852205228106,170852205231966,170852205232025,265650,93825812243696,4375639744,7,2732,1151,850
170852216021078,170852216044482,170852216062769,170852216064465,170852216068387,170852216068457,265650,93825812243696,4375639744,7,2732,1151,851
170852224413448,170852224426127,170852224437313,170852224438952,170852224444818,170852224444898,265650,93825812243696,4375639744,7,2732,1151,852
170852232815276,170852232841403,170852232852996,170852232854660,170852232862236,170852232862331,265650,93825812243696,4375639744,7,2732,1151,853
170852241100725,170852241129355,170852241141390,170852241147422,170852241157332,170852241157425,265650,93825812243696,4375639744,7,2732,1151,854
170852249333656,170852249352181,170852249363667,170852249365820,170852249371531,170852249371610,265650,93825812243696,4375639744,7,2732,1151,855
170852257659116,170852257674080,170852257685382,170852257687327,170852257692514,170852257692582,265650,93825812243696,4375639744,7,2732,1151,856
170852266039036,170852266056352,170852266067406,170852266069614,170852266075215,170852266075282,265650,93825812243696,4375639744,7,2732,1151,857
170852274315167,170852274330718,170852274341825,170852274345137,170852274351388,170852274351442,265650,93825812243696,4375639744,7,2732,1151,858
170852282698871,170852282715656,170852282726747,170852282728695,170852282733872,170852282733921,265650,93825812243696,4375639744,7,2732,1151,859
170852291021643,170852291035674,170852291046012,170852291048139,170852291053090,170852291053175,265650,93825812243696,4375639744,7,2732,1151,860
170852299328749,170852299346245,170852299357117,170852299358994,170852299366913,170852299366967,265650,93825812243696,4375639744,7,2732,1151,861
170852307694480,170852307708746,170852307720553,170852307723918,170852307729943,170852307730010,265650,93825812243696,4375639744,7,2732,1151,862
170852316051170,170852316070045,170852316081243,170852316083889,170852316090212,170852316090271,265650,93825812243696,4375639744,7,2732,1151,863
170852324330312,170852324351795,170852324364460,170852324367672,170852324373884,170852324373926,265650,93825812243696,4375639744,7,2732,1151,864
170852332678754,170852332696520,170852332708255,170852332710458,170852332716623,170852332716677,265650,93825812243696,4375639744,7,2732,1151,865
170852340981860,170852340999499,170852341014029,170852341016777,170852341029026,170852341029118,265650,93825812243696,4375639744,7,2732,1151,866
170852349335281,170852349353620,170852349364497,170852349366739,170852349375590,170852349375656,265650,93825812243696,4375639744,7,2732,1151,867
170852357723047,170852357741370,170852357752751,170852357754901,170852357764914,170852357764960,265650,93825812243696,4375639744,7,2732,1151,868
170852366079498,170852366099745,170852366111229,170852366114214,170852366124794,170852366124868,265650,93825812243696,4375639744,7,2732,1151,869
170852374333157,170852374349308,170852374360453,170852374362731,170852374371574,170852374371621,265650,93825812243696,4375639744,7,2732,1151,870
170852382729018,170852382751647,170852382763641,170852382766312,170852382776403,170852382776492,265650,93825812243696,4375639744,7,2732,1151,871
170852391011663,170852391028068,170852391039041,170852391041120,170852391051816,170852391051876,265650,93825812243696,4375639744,7,2732,1151,872
170852399351444,170852399369595,170852399380396,170852399382738,170852399391481,170852399391540,265650,93825812243696,4375639744,7,2732,1151,873
170852407674807,170852407692635,170852407703906,170852407706084,170852407717906,170852407717993,265650,93825812243696,4375639744,7,2732,1151,874
170852416031007,170852416048732,170852416060117,170852416062205,170852416071641,170852416071707,265650,93825812243696,4375639744,7,2732,1151,875
170852424346303,170852424363217,170852424373810,170852424375742,170852424382243,170852424382305,265650,93825812243696,4375639744,7,2732,1151,876
170852432676458,170852432693677,170852432704562,170852432706950,170852432714235,170852432714296,265650,93825812243696,4375639744,7,2732,1151,877
170852441005830,170852441022481,170852441033421,170852441035555,170852441043510,170852441043589,265650,93825812243696,4375639744,7,2732,1151,878
170852449368881,170852449380199,170852449389022,170852449390492,170852449395355,170852449395423,265650,93825812243696,4375639744,7,2732,1151,879
170852457686906,170852457697351,170852457705835,170852457706584,170852457710570,170852457710627,265650,93825812243696,4375639744,7,2732,1151,880
170852466035077,170852466045486,170852466054587,170852466055285,170852466060600,170852466060672,265650,93825812243696,4375639744,7,2732,1151,881
170852474320244,170852474332351,170852474343381,170852474344251,170852474349625,170852474349700,265650,93825812243696,4375639744,7,2732,1151,882
170852482652630,170852482661902,170852482669996,170852482670732,170852482676198,170852482676255,265650,93825812243696,4375639744,7,2732,1151,883
170852491069617,170852491101283,170852491112798,170852491115262,170852491121729,170852491121826,265650,93825812243696,4375639744,7,2732,1151,884
170852499362100,170852499379468,170852499390673,170852499392659,170852499401624,170852499401699,265650,93825812243696,4375639744,7,2732,1151,885
170852507668676,170852507685084,170852507696029,170852507697889,170852507707777,170852507707853,265650,93825812243696,4375639744,7,2732,1151,886
170852516026113,170852516043914,170852516054829,170852516057087,170852516069732,170852516069820,265650,93825812243696,4375639744,7,2732,1151,887
170852524333850,170852524348916,170852524359454,170852524361383,170852524368947,170852524368993,265650,93825812243696,4375639744,7,2732,1151,888
170852532741635,170852532759736,170852532770961,170852532773430,170852532783913,170852532784003,265650,93825812243696,4375639744,7,2732,1151,889
170852541018931,170852541042029,170852541053657,170852541056028,170852541066085,170852541066135,265650,93825812243696,4375639744,7,2732,1151,890
170852549381412,170852549400840,170852549412328,170852549414865,170852549425657,170852549425748,265650,93825812243696,4375639744,7,2732,1151,891
170852557860010,170852557875797,170852557887570,170852557889306,170852557896405,170852557896489,265650,93825812243696,4375639744,7,2732,1151,892
170852566121781,170852566135184,170852566146859,170852566147940,170852566154092,170852566154184,265650,93825812243696,4375639744,7,2732,1151,893
170852574373371,170852574384349,170852574393092,170852574394062,170852574399634,170852574399703,265650,93825812243696,4375639744,7,2732,1151,894
170852582731345,170852582753345,170852582765177,170852582768306,170852582776761,170852582776851,265650,93825812243696,4375639744,7,2732,1151,895
170852591024148,170852591041339,170852591052228,170852591054627,170852591071598,170852591071688,265650,93825812243696,4375639744,7,2732,1151,896
170852599353301,170852599376193,170852599388372,170852599391524,170852599405698,170852599405772,265650,93825812243696,4375639744,7,2732,1151,897
170852607714459,170852607730588,170852607741468,170852607743898,170852607750745,170852607750830,265650,93825812243696,4375639744,7,2732,1151,898
170852616026592,170852616044476,170852616055746,170852616057996,170852616068553,170852616068669,265650,93825812243696,4375639744,7,2732,1151,899
170852624417283,170852624441369,170852624452425,170852624454861,170852624462322,170852624462389,265650,93825812243696,4375639744,7,2732,1151,900
170852632737643,170852632759938,170852632771959,170852632775532,170852632789263,170852632789332,265650,93825812243696,4375639744,7,2732,1151,901
170852641016772,170852641034162,170852641044705,170852641046786,170852641056628,170852641056708,265650,93825812243696,4375639744,7,2732,1151,902
170852649349178,170852649366966,170852649377463,170852649379722,170852649390808,170852649390860,265650,93825812243696,4375639744,7,2732,1151,903
170852657669695,170852657685207,170852657695609,170852657697307,170852657705391,170852657705441,265650,93825812243696,4375639744,7,2732,1151,904
170852666024860,170852666043845,170852666055015,170852666056939,170852666066427,170852666066502,265650,93825812243696,4375639744,7,2732,1151,905
170852674371799,170852674392852,170852674404251,170852674406893,170852674415294,170852674415380,265650,93825812243696,4375639744,7,2732,1151,906
170852682685088,170852682703754,170852682715155,170852682717626,170852682729625,170852682729691,265650,93825812243696,4375639744,7,2732,1151,907
170852691029638,170852691047426,170852691059164,170852691061646,170852691069817,170852691069879,265650,93825812243696,4375639744,7,2732,1151,908
170852699361742,170852699380019,170852699390877,170852699393315,170852699401233,170852699401281,265650,93825812243696,4375639744,7,2732,1151,909
170852707747622,170852707764100,170852707776246,170852707779308,170852707789690,170852707789752,265650,93825812243696,4375639744,7,2732,1151,910
170852716026851,170852716044516,170852716055334,170852716057911,170852716062982,170852716063051,265650,93825812243696,4375639744,7,2732,1151,911
170852724379930,170852724395780,170852724406412,170852724408337,170852724421304,170852724421353,265650,93825812243696,4375639744,7,2732,1151,912
170852732734148,170852732752447,170852732763241,170852732765390,170852732772369,170852732772434,265650,93825812243696,4375639744,7,2732,1151,913
170852741032107,170852741051348,170852741062531,170852741064724,170852741072745,170852741072850,265650,93825812243696,4375639744,7,2732,1151,914
170852749384711,170852749407217,170852749419880,170852749422853,170852749431980,170852749432042,265650,93825812243696,4375639744,7,2732,1151,915
170852757690152,170852757706929,170852757718214,170852757720444,170852757726379,170852757726439,265650,93825812243696,4375639744,7,2732,1151,916
170852766053743,170852766072233,170852766083179,170852766085285,170852766091604,170852766091661,265650,93825812243696,4375639744,7,2732,1151,917
170852774361021,170852774378691,170852774389973,170852774392514,170852774403341,170852774403399,265650,93825812243696,4375639744,7,2732,1151,918
170852782791455,170852782816149,170852782828515,170852782832213,170852782850235,170852782850315,265650,93825812243696,4375639744,7,2732,1151,919
170852791073362,170852791089914,170852791100530,170852791102799,170852791107772,170852791107831,265650,93825812243696,4375639744,7,2732,1151,920
170852799360688,170852799385333,170852799397728,170852799400737,170852799408816,170852799408876,265650,93825812243696,4375639744,7,2732,1151,921
170852807733907,170852807748608,170852807759454,170852807761305,170852807770164,170852807770235,265650,93825812243696,4375639744,7,2732,1151,922
170852816068066,170852816087364,170852816098308,170852816101143,170852816107370,170852816107433,265650,93825812243696,4375639744,7,2732,1151,923
170852824403936,170852824420579,170852824431936,170852824434147,170852824439650,170852824439727,265650,93825812243696,4375639744,7,2732,1151,924
170852832755743,170852832780790,170852832792160,170852832795374,170852832802818,170852832802886,265650,93825812243696,4375639744,7,2732,1151,925
170852841066356,170852841080571,170852841090667,170852841092481,170852841098393,170852841098447,265650,93825812243696,4375639744,7,2732,1151,926
170852849357832,170852849373884,170852849384585,170852849386726,170852849391646,170852849391716,265650,93825812243696,4375639744,7,2732,1151,927
170852857734232,170852857750469,170852857760766,170852857762627,170852857768535,170852857768591,265650,93825812243696,4375639744,7,2732,1151,928
170852866115701,170852866135170,170852866147067,170852866151022,170852866157064,170852866157127,265650,93825812243696,4375639744,7,2732,1151,929
170852874380029,170852874407629,170852874424379,170852874428577,170852874440851,170852874440938,265650,93825812243696,4375639744,7,2732,1151,930
170852882749852,170852882770296,170852882781328,170852882783799,170852882790299,170852882790370,265650,93825812243696,4375639744,7,2732,1151,931
170852891025980,170852891039638,170852891050042,170852891051992,170852891062170,170852891062221,265650,93825812243696,4375639744,7,2732,1151,932
170852899369608,170852899386671,170852899397415,170852899399558,170852899407943,170852899407997,265650,93825812243696,4375639744,7,2732,1151,933
170852907749197,170852907764661,170852907776211,170852907778865,170852907794719,170852907794780,265650,93825812243696,4375639744,7,2732,1151,934
170852916037131,170852916051610,170852916062592,170852916064469,170852916076255,170852916076317,265650,93825812243696,4375639744,7,2732,1151,935
170852924372328,170852924389780,170852924400295,170852924402343,170852924413414,170852924413461,265650,93825812243696,4375639744,7,2732,1151,936
170852932769359,170852932791129,170852932802824,170852932805800,170852932820751,170852932820806,265650,93825812243696,4375639744,7,2732,1151,937
170852941036557,170852941053028,170852941064359,170852941066522,170852941076188,170852941076293,265650,93825812243696,4375639744,7,2732,1151,938
170852949371479,170852949388442,170852949399231,170852949401368,170852949410410,170852949410474,265650,93825812243696,4375639744,7,2732,1151,939
170852957743804,170852957758451,170852957769111,170852957771246,170852957779190,170852957779239,265650,93825812243696,4375639744,7,2732,1151,940
170852966076962,170852966095078,170852966108675,170852966112106,170852966124457,170852966124541,265650,93825812243696,4375639744,7,2732,1151,941
170852974459287,170852974475191,170852974486212,170852974488215,170852974496185,170852974496251,265650,93825812243696,4375639744,7,2732,1151,942
170852982777026,170852982793542,170852982804884,170852982807117,170852982815702,170852982815751,265650,93825812243696,4375639744,7,2732,1151,943
170852991034868,170852991049796,170852991060730,170852991062759,170852991073849,170852991073898,265650,93825812243696,4375639744,7,2732,1151,944
170852999370181,170852999386122,170852999396416,170852999398395,170852999405922,170852999405981,265650,93825812243696,4375639744,7,2732,1151,945
170853007760912,170853007779808,170853007791718,170853007794240,170853007807489,170853007807541,265650,93825812243696,4375639744,7,2732,1151,946
170853016044861,170853016059275,170853016070021,170853016071857,170853016079713,170853016079769,265650,93825812243696,4375639744,7,2732,1151,947
170853024387872,170853024408201,170853024418623,170853024421093,170853024424985,170853024425028,265650,93825812243696,4375639744,7,2732,1151,948
170853032719429,170853032737568,170853032764515,170853032767980,170853032782406,170853032782481,265650,93825812243696,4375639744,7,2732,1151,949
170853041034022,170853041052663,170853041063787,170853041066084,170853041071820,170853041071894,265650,93825812243696,4375639744,7,2732,1151,950
170853049366950,170853049390642,170853049401562,170853049403807,170853049407357,170853049407421,265650,93825812243696,4375639744,7,2732,1151,951
170853057703720,170853057717091,170853057727915,170853057730294,170853057733795,170853057733859,265650,93825812243696,4375639744,7,2732,1151,952
170853066044826,170853066062235,170853066073347,170853066075763,170853066082792,170853066082880,265650,93825812243696,4375639744,7,2732,1151,953
170853074408137,170853074424390,170853074435123,170853074437250,170853074440558,170853074440641,265650,93825812243696,4375639744,7,2732,1151,954
170853082746546,170853082763176,170853082774230,170853082776290,170853082782594,170853082782666,265650,93825812243696,4375639744,7,2732,1151,955
170853091079765,170853091093922,170853091104764,170853091106725,170853091109865,170853091109923,265650,93825812243696,4375639744,7,2732,1151,956
170853099364615,170853099378275,170853099388938,170853099390439,170853099394225,170853099394301,265650,93825812243696,4375639744,7,2732,1151,957
170853107736261,170853107749465,170853107759946,170853107761511,170853107764266,170853107764335,265650,93825812243696,4375639744,7,2732,1151,958
170853116030237,170853116045211,170853116055394,170853116057130,170853116061009,170853116061070,265650,93825812243696,4375639744,7,2732,1151,959
170853124369460,170853124383784,170853124394446,170853124395991,170853124398935,170853124398990,265650,93825812243696,4375639744,7,2732,1151,960
170853132706826,170853132723984,170853132734852,170853132736892,170853132741945,170853132742000,265650,93825812243696,4375639744,7,2732,1151,961
170853141116222,170853141131803,170853141142196,170853141144647,170853141148237,170853141148302,265650,93825812243696,4375639744,7,2732,1151,962
170853149394606,170853149413784,170853149425104,170853149427918,170853149436773,170853149436854,265650,93825812243696,4375639744,7,2732,1151,963
170853157787009,170853157806311,170853157817565,170853157820360,170853157826948,170853157827020,265650,93825812243696,4375639744,7,2732,1151,964
170853166064054,170853166078957,170853166090469,170853166092799,170853166108272,170853166108343,265650,93825812243696,4375639744,7,2732,1151,965
170853177609503,170853177623942,170853177635951,170853177639439,170853177646614,170853177646723,265650,93825812243696,4375639744,7,2732,1151,966
170853185944656,170853185973399,170853185986078,170853185989229,170853185997598,170853185997697,265650,93825812243696,4375639744,7,2732,1151,967
170853194258846,170853194279515,170853194291503,170853194294518,170853194301327,170853194301429,265650,93825812243696,4375639744,7,2732,1151,968
170853202558264,170853202571340,170853202582570,170853202584549,170853202592032,170853202592102,265650,93825812243696,4375639744,7,2732,1151,969
170853210890581,170853210903542,170853210915709,170853210917541,170853210926133,170853210926194,265650,93825812243696,4375639744,7,2732,1151,970
170853219221610,170853219241656,170853219256385,170853219258312,170853219263289,170853219263339,265650,93825812243696,4375639744,7,2732,1151,971
170853227580740,170853227599449,170853227610884,170853227613452,170853227625251,170853227625305,265650,93825812243696,4375639744,7,2732,1151,972
170853235934625,170853235954645,170853235966269,170853235969082,170853235974215,170853235974316,265650,93825812243696,4375639744,7,2732,1151,973
170853244268095,170853244288237,170853244299531,170853244302280,170853244314099,170853244314168,265650,93825812243696,4375639744,7,2732,1151,974
170853252594461,170853252615234,170853252626955,170853252629665,170853252634472,170853252634576,265650,93825812243696,4375639744,7,2732,1151,975
170853260986181,170853261019325,170853261032464,170853261036059,170853261045684,170853261045767,265650,93825812243696,4375639744,7,2732,1151,976
170853269380774,170853269397488,170853269407453,170853269409074,170853269418189,170853269418265,265650,93825812243696,4375639744,7,2732,1151,977
170853277698341,170853277758895,170853277770637,170853277772565,170853277781839,170853277781943,265650,93825812243696,4375639744,7,2732,1151,978
170853285933516,170853285946373,170853285955384,170853285957294,170853285965076,170853285965154,265650,93825812243696,4375639744,7,2732,1151,979
170853294310931,170853294334044,170853294348149,170853294351328,170853294363720,170853294363829,265650,93825812243696,4375639744,7,2732,1151,980
170853302679273,170853302693536,170853302705379,170853302707327,170853302716630,170853302716741,265650,93825812243696,4375639744,7,2732,1151,981
170853311090185,170853311102464,170853311111543,170853311113282,170853311127062,170853311127131,265650,93825812243696,4375639744,7,2732,1151,982
170853319244836,170853319255294,170853319263550,170853319264963,170853319270456,170853319270525,265650,93825812243696,4375639744,7,2732,1151,983
170853327668868,170853327681754,170853327689794,170853327690998,170853327696047,170853327696113,265650,93825812243696,4375639744,7,2732,1151,984
170853335920887,170853335935729,170853335947530,170853335949326,170853335956760,170853335956849,265650,93825812243696,4375639744,7,2732,1151,985
170853344251884,170853344268520,170853344279925,170853344281606,170853344287158,170853344287249,265650,93825812243696,4375639744,7,2732,1151,986
170853352638351,170853352654115,170853352665657,170853352668261,170853352673477,170853352673583,265650,93825812243696,4375639744,7,2732,1151,987
170853360976190,170853360989863,170853360999590,170853361003918,170853361009664,170853361009736,265650,93825812243696,4375639744,7,2732,1151,988
170853369239857,170853369253661,170853369264555,170853369265568,170853369270916,170853369270990,265650,93825812243696,4375639744,7,2732,1151,989
170853377660572,170853377673263,170853377684741,170853377685743,170853377691433,170853377691504,265650,93825812243696,4375639744,7,2732,1151,990
170853386065324,170853386077455,170853386088364,170853386089447,170853386095817,170853386095893,265650,93825812243696,4375639744,7,2732,1151,991
170853394241356,170853394256041,170853394267520,170853394268462,170853394272909,170853394272979,265650,93825812243696,4375639744,7,2732,1151,992
170853402625335,170853402659850,170853402672127,170853402673152,170853402679591,170853402679659,265650,93825812243696,4375639744,7,2732,1151,993
170853410927945,170853410944769,170853410958086,170853410960782,170853410967664,170853410967744,265650,93825812243696,4375639744,7,2732,1151,994
170853419239720,170853419252422,170853419267359,170853419269675,170853419273766,170853419273841,265650,93825812243696,4375639744,7,2732,1151,995
170853427572024,170853427585012,170853427596433,170853427598451,170853427603437,170853427603510,265650,93825812243696,4375639744,7,2732,1151,996
170853435902875,170853435916084,170853435927049,170853435929222,170853435933111,170853435933184,265650,93825812243696,4375639744,7,2732,1151,997
170853444286451,170853444303405,170853444315171,170853444316792,170853444322504,170853444322599,265650,93825812243696,4375639744,7,2732,1151,998
170853452642013,170853452657258,170853452668901,170853452671988,170853452675935,170853452676024,265650,93825812243696,4375639744,7,2732,1151,999
170853460965675,170853460979302,170853460990317,170853460992513,170853460997700,170853460997789,265650,93825812243696,4375639744,7,2732,1151,1000
170853469254714,170853469267271,170853469279048,170853469281319,170853469288443,170853469288525,265650,93825812243696,4375639744,7,2732,1151,1001
170853477648202,170853477659157,170853477669953,170853477671959,170853477679362,170853477679441,265650,93825812243696,4375639744,7,2732,1151,1002
170853485910317,170853485922183,170853485932984,170853485934662,170853485937836,170853485938030,265650,93825812243696,4375639744,7,2732,1151,1003
170853494291205,170853494302078,170853494313051,170853494315562,170853494320164,170853494320206,265650,93825812243696,4375639744,7,2732,1151,1004
170853502631299,170853502642436,170853502653878,170853502655697,170853502659417,170853502659474,265650,93825812243696,4375639744,7,2732,1151,1005
170853510948042,170853510965221,170853510977311,170853510980379,170853510991526,170853510991604,265650,93825812243696,4375639744,7,2732,1151,1006
170853519249881,170853519260722,170853519271476,170853519273453,170853519280462,170853519280527,265650,93825812243696,4375639744,7,2732,1151,1007
170853527631737,170853527642901,170853527653688,170853527655819,170853527674823,170853527674935,265650,93825812243696,4375639744,7,2732,1151,1008
170853535956157,170853535967776,170853535979207,170853535982595,170853535988436,170853535988498,265650,93825812243696,4375639744,7,2732,1151,1009
170853544880155,170853544954781,170853544966552,170853544968064,170853544972028,170853544972109,265650,93825812243696,4375639744,7,2732,1151,1010
170853553169325,170853553181391,170853553192877,170853553193899,170853553200576,170853553200650,265650,93825812243696,4375639744,7,2732,1151,1011
170853561434857,170853561444079,170853561452623,170853561453671,170853561460401,170853561460468,265650,93825812243696,4375639744,7,2732,1151,1012
170853570144572,170853570153523,170853570161713,170853570162589,170853570167232,170853570167295,265650,93825812243696,4375639744,7,2732,1151,1013
170853578513067,170853578525204,170853578536797,170853578537914,170853578545134,170853578545219,265650,93825812243696,4375639744,7,2732,1151,1014
170853586717256,170853586726061,170853586734295,170853586735116,170853586737200,170853586737259,265650,93825812243696,4375639744,7,2732,1151,1015
170853595640325,170853595649185,170853595656871,170853595657611,170853595663101,170853595663164,265650,93825812243696,4375639744,7,2732,1151,1016
170853604153052,170853604202255,170853604213391,170853604214299,170853604218594,170853604218671,265650,93825812243696,4375639744,7,2732,1151,1017
170853612365339,170853612378626,170853612389863,170853612390827,170853612395917,170853612396010,265650,93825812243696,4375639744,7,2732,1151,1018
170853620972121,170853620980782,170853620988739,170853620989415,170853620993842,170853620993899,265650,93825812243696,4375639744,7,2732,1151,1019
170853629379632,170853629391891,170853629403255,170853629405260,170853629412542,170853629412635,265650,93825812243696,4375639744,7,2732,1151,1020
170853637724946,170853637746325,170853637757152,170853637758323,170853637763827,170853637763911,265650,93825812243696,4375639744,7,2732,1151,1021
170853645942753,170853645951649,170853645959955,170853645961268,170853645966283,170853645966345,265650,93825812243696,4375639744,7,2732,1151,1022
170853654247550,170853654256487,170853654264881,170853654266028,170853654270453,170853654270512,265650,93825812243696,4375639744,7,2732,1151,1023
170853663514999,170853663526049,170853663538710,170853663542323,170853663548236,170853663548319,265650,93825812243696,4375639744,7,2732,1151,1024
170853672802259,170853672813796,170853672824545,170853672826442,170853672831737,170853672831816,265650,93825812243696,4375639744,7,2732,1151,1025
170853681259409,170853681274975,170853681286523,170853681288218,170853681291434,170853681291522,265650,93825812243696,4375639744,7,2732,1151,1026
170853689508261,170853689517914,170853689526307,170853689527335,170853689531066,170853689531118,265650,93825812243696,4375639744,7,2732,1151,1027
170853697893570,170853697906307,170853697917819,170853697919237,170853697925456,170853697925532,265650,93825812243696,4375639744,7,2732,1151,1028
170853706177794,170853706189863,170853706201101,170853706202449,170853706208162,170853706208239,265650,93825812243696,4375639744,7,2732,1151,1029
170853714576134,170853714587919,170853714598910,170853714600287,170853714605387,170853714605465,265650,93825812243696,4375639744,7,2732,1151,1030
170853723261140,170853723272041,170853723283284,170853723286115,170853723294434,170853723294532,265650,93825812243696,4375639744,7,2732,1151,1031
170853731608864,170853731620313,170853731631564,170853731633597,170853731640098,170853731640155,265650,93825812243696,4375639744,7,2732,1151,1032
170853741509971,170853741521556,170853741534169,170853741538693,170853741546620,170853741546715,265650,93825812243696,4375639744,7,2732,1151,1033
170853750615608,170853750626225,170853750637182,170853750639172,170853750645358,170853750645437,265650,93825812243696,4375639744,7,2732,1151,1034
170853758933806,170853758946385,170853758957538,170853758959764,170853758966067,170853758966128,265650,93825812243696,4375639744,7,2732,1151,1035
170853767262919,170853767274069,170853767285004,170853767287096,170853767292995,170853767293079,265650,93825812243696,4375639744,7,2732,1151,1036
170853776187939,170853776204804,170853776216647,170853776218389,170853776222482,170853776222557,265650,93825812243696,4375639744,7,2732,1151,1037
170853784502643,170853784515254,170853784526565,170853784528233,170853784534314,170853784534408,265650,93825812243696,4375639744,7,2732,1151,1038
170853792813315,170853792825726,170853792836799,170853792838486,170853792843086,170853792843177,265650,93825812243696,4375639744,7,2732,1151,1039
170853801142037,170853801154263,170853801165665,170853801167190,170853801173078,170853801173171,265650,93825812243696,4375639744,7,2732,1151,1040
170853809394882,170853809404964,170853809414364,170853809415436,170853809421345,170853809421413,265650,93825812243696,4375639744,7,2732,1151,1041
170853817729799,170853817746560,170853817758387,170853817761725,170853817766507,170853817766573,265650,93825812243696,4375639744,7,2732,1151,1042
170853827340638,170853827351531,170853827362027,170853827363979,170853827370852,170853827370918,265650,93825812243696,4375639744,7,2732,1151,1043
170853835768276,170853835776719,170853835784957,170853835786062,170853835790040,170853835790107,265650,93825812243696,4375639744,7,2732,1151,1044
170853844223097,170853844234960,170853844245939,170853844247021,170853844251371,170853844251472,265650,93825812243696,4375639744,7,2732,1151,1045
170853852443725,170853852452852,170853852460782,170853852461810,170853852465953,170853852466021,265650,93825812243696,4375639744,7,2732,1151,1046
170853860897679,170853860909869,170853860920643,170853860921930,170853860927558,170853860927649,265650,93825812243696,4375639744,7,2732,1151,1047
170853869024370,170853869036013,170853869046717,170853869047673,170853869051722,170853869051814,265650,93825812243696,4375639744,7,2732,1151,1048
170853878085205,170853878095005,170853878104088,170853878105524,170853878109306,170853878109373,265650,93825812243696,4375639744,7,2732,1151,1049
170853886425067,170853886436950,170853886448421,170853886449453,170853886453803,170853886453896,265650,93825812243696,4375639744,7,2732,1151,1050
170853894876263,170853894934374,170853894945545,170853894946586,170853894951316,170853894951405,265650,93825812243696,4375639744,7,2732,1151,1051
170853903237896,170853903249253,170853903258269,170853903259024,170853903263015,170853903263090,265650,93825812243696,4375639744,7,2732,1151,1052
170853911704361,170853911716428,170853911728563,170853911730043,170853911735012,170853911735106,265650,93825812243696,4375639744,7,2732,1151,1053
170853919981000,170853919993021,170853920006870,170853920007871,170853920012816,170853920012994,265650,93825812243696,4375639744,7,2732,1151,1054
170853928784521,170853928794775,170853928804494,170853928805412,170853928809229,170853928809304,265650,93825812243696,4375639744,7,2732,1151,1055
170853937167626,170853937179040,170853937189761,170853937190650,170853937195773,170853937195863,265650,93825812243696,4375639744,7,2732,1151,1056
170853945549513,170853945603695,170853945613986,170853945614876,170853945619852,170853945619931,265650,93825812243696,4375639744,7,2732,1151,1057
170853954135824,170853954147098,170853954157535,170853954158310,170853954162652,170853954162726,265650,93825812243696,4375639744,7,2732,1151,1058
170853962500011,170853962508793,170853962516926,170853962517813,170853962523118,170853962523175,265650,93825812243696,4375639744,7,2732,1151,1059
170853970859543,170853970870835,170853970881489,170853970882334,170853970886587,170853970886657,265650,93825812243696,4375639744,7,2732,1151,1060
170853979180189,170853979188976,170853979197485,170853979198606,170853979202841,170853979202904,265650,93825812243696,4375639744,7,2732,1151,1061
170853987518189,170853987527197,170853987534990,170853987535693,170853987539140,170853987539200,265650,93825812243696,4375639744,7,2732,1151,1062
170853995815340,170853995823546,170853995831122,170853995831791,170853995835818,170853995835876,265650,93825812243696,4375639744,7,2732,1151,1063
170854004116106,170854004125929,170854004135464,170854004136397,170854004140955,170854004141027,265650,93825812243696,4375639744,7,2732,1151,1064
170854012482355,170854012491581,170854012500421,170854012501242,170854012507198,170854012507256,265650,93825812243696,4375639744,7,2732,1151,1065
170854020954428,170854020971716,170854020983372,170854020984594,170854020990353,170854020990437,265650,93825812243696,4375639744,7,2732,1151,1066
170854029320878,170854029331768,170854029341240,170854029342087,170854029346134,170854029346206,265650,93825812243696,4375639744,7,2732,1151,1067
170854037697596,170854037709363,170854037720436,170854037721411,170854037726250,170854037726334,265650,93825812243696,4375639744,7,2732,1151,1068
170854045969269,170854045980662,170854045991425,170854045994380,170854046002862,170854046002984,265650,93825812243696,4375639744,7,2732,1151,1069
170854054312045,170854054322655,170854054335944,170854054340812,170854054351551,170854054351619,265650,93825812243696,4375639744,7,2732,1151,1070
170854062678640,170854062690420,170854062703600,170854062707223,170854062712918,170854062712976,265650,93825812243696,4375639744,7,2732,1151,1071
170854070994206,170854071008182,170854071021339,170854071024587,170854071029673,170854071029731,265650,93825812243696,4375639744,7,2732,1151,1072
170854079857710,170854079869075,170854079882425,170854079885924,170854079892623,170854079892680,265650,93825812243696,4375639744,7,2732,1151,1073
170854088164442,170854088175189,170854088185620,170854088187506,170854088191799,170854088191859,265650,93825812243696,4375639744,7,2732,1151,1074
170854096544836,170854096555442,170854096566310,170854096568062,170854096571075,170854096571138,265650,93825812243696,4375639744,7,2732,1151,1075
170854105153248,170854105163797,170854105174219,170854105176446,170854105180224,170854105180287,265650,93825812243696,4375639744,7,2732,1151,1076
170854113501501,170854113513228,170854113524753,170854113528625,170854113537085,170854113537148,265650,93825812243696,4375639744,7,2732,1151,1077
170854121813856,170854121829798,170854121840757,170854121842983,170854121849888,170854121849950,265650,93825812243696,4375639744,7,2732,1151,1078
170854130132107,170854130145128,170854130155250,170854130157075,170854130163124,170854130163183,265650,93825812243696,4375639744,7,2732,1151,1079
170854138523637,170854138534409,170854138545500,170854138548266,170854138552667,170854138552725,265650,93825812243696,4375639744,7,2732,1151,1080
170854146856253,170854146867847,170854146879745,170854146882516,170854146887081,170854146887138,265650,93825812243696,4375639744,7,2732,1151,1081
170854155133760,170854155145242,170854155156389,170854155158814,170854155162096,170854155162194,265650,93825812243696,4375639744,7,2732,1151,1082
170854163484355,170854163496529,170854163508731,170854163512388,170854163516979,170854163517033,265650,93825812243696,4375639744,7,2732,1151,1083
170854171842868,170854171855818,170854171866986,170854171868829,170854171872950,170854171873012,265650,93825812243696,4375639744,7,2732,1151,1084
170854180129713,170854180142367,170854180153187,170854180154886,170854180158215,170854180158273,265650,93825812243696,4375639744,7,2732,1151,1085
170854188506398,170854188520073,170854188531153,170854188533203,170854188537633,170854188537686,265650,93825812243696,4375639744,7,2732,1151,1086
170854196795983,170854196807383,170854196818159,170854196820237,170854196823001,170854196823061,265650,93825812243696,4375639744,7,2732,1151,1087
170854205180341,170854205191439,170854205202323,170854205204280,170854205208742,170854205208801,265650,93825812243696,4375639744,7,2732,1151,1088
170854213468041,170854213478868,170854213489539,170854213491677,170854213494997,170854213495054,265650,93825812243696,4375639744,7,2732,1151,1089
170854221808813,170854221825076,170854221835700,170854221838032,170854221842678,170854221842730,265650,93825812243696,4375639744,7,2732,1151,1090
170854243395593,170854243413963,170854243424971,170854243427384,170854243431774,170854243431854,265650,93825812243696,4375639744,7,2732,1151,1091
170854251726858,170854251742729,170854251753504,170854251755452,170854251763830,170854251763909,265650,93825812243696,4375639744,7,2732,1151,1092
170854260068054,170854260089626,170854260101673,170854260104326,170854260113741,170854260113812,265650,93825812243696,4375639744,7,2732,1151,1093
170854268387750,170854268407613,170854268419548,170854268422076,170854268431662,170854268431761,265650,93825812243696,4375639744,7,2732,1151,1094
170854276712938,170854276730830,170854276741876,170854276744326,170854276750249,170854276750333,265650,93825812243696,4375639744,7,2732,1151,1095
170854285094183,170854285108541,170854285119481,170854285121261,170854285127159,170854285127208,265650,93825812243696,4375639744,7,2732,1151,1096
170854293435703,170854293459204,170854293470966,170854293474375,170854293488746,170854293488794,265650,93825812243696,4375639744,7,2732,1151,1097
170854301732333,170854301754295,170854301766940,170854301770273,170854301778577,170854301778633,265650,93825812243696,4375639744,7,2732,1151,1098
170854310098345,170854310115838,170854310126470,170854310128558,170854310135631,170854310135689,265650,93825812243696,4375639744,7,2732,1151,1099
170854318397710,170854318419560,170854318432237,170854318435075,170854318442402,170854318442467,265650,93825812243696,4375639744,7,2732,1151,1100
170854326787744,170854326810526,170854326822482,170854326825383,170854326841401,170854326841465,265650,93825812243696,4375639744,7,2732,1151,1101
170854335101022,170854335118851,170854335129691,170854335132082,170854335139136,170854335139200,265650,93825812243696,4375639744,7,2732,1151,1102
170854343446722,170854343465163,170854343477296,170854343480024,170854343491006,170854343491258,265650,93825812243696,4375639744,7,2732,1151,1103
170854351738295,170854351755784,170854351766888,170854351769701,170854351778634,170854351778707,265650,93825812243696,4375639744,7,2732,1151,1104
170854360062364,170854360081609,170854360092873,170854360095379,170854360116390,170854360116499,265650,93825812243696,4375639744,7,2732,1151,1105
170854368393263,170854368407916,170854368419122,170854368421531,170854368427994,170854368428059,265650,93825812243696,4375639744,7,2732,1151,1106
