start,geometry,clip,blit,flush,end,hwnd,surface,thread,outcome,width,height,commit
170873653777179,170873653788651,170873653799542,170873653801873,170873653810393,170873653810484,265650,93825812243696,4375639744,7,2732,1151,1373
170873664758045,170873664768733,170873664779257,170873664781088,170873664786260,170873664786330,265650,93825812243696,4375639744,7,2732,1151,1374
170873674125463,170873674136062,170873674146726,170873674148381,170873674156031,170873674156104,265650,93825812243696,4375639744,7,2732,1151,1375
170873683760339,170873683771229,170873683781596,170873683783613,170873683788978,170873683789051,265650,93825812243696,4375639744,7,2732,1151,1376
170873693320504,170873693331043,170873693341821,170873693343769,170873693348429,170873693348507,265650,93825812243696,4375639744,7,2732,1151,1377
170873702646032,170873702657716,170873702668756,170873702671577,170873702678548,170873702678635,265650,93825812243696,4375639744,7,2732,1151,1378
170873713155215,170873713166126,170873713176991,170873713179329,170873713183938,170873713184011,265650,93825812243696,4375639744,7,2732,1151,1379
170873722263668,170873722274491,170873722284997,170873722287073,170873722290913,170873722290988,265650,93825812243696,4375639744,7,2732,1151,1380
170873732166062,170873732177067,170873732187792,170873732189732,170873732194534,170873732194589,265650,93825812243696,4375639744,7,2732,1151,1381
170873741832536,170873741843073,170873741853801,170873741855998,170873741860611,170873741860669,265650,93825812243696,4375639744,7,2732,1151,1382
170873751479298,170873751490002,170873751500670,170873751502749,170873751507419,170873751507508,265650,93825812243696,4375639744,7,2732,1151,1383
170873761539254,170873761550098,170873761560832,170873761562964,170873761567816,170873761567876,265650,93825812243696,4375639744,7,2732,1151,1384
170873771114361,170873771125281,170873771135734,170873771137842,170873771142787,170873771142847,265650,93825812243696,4375639744,7,2732,1151,1385
170873779786155,170873779797087,170873779808039,170873779810303,170873779818251,170873779818311,265650,93825812243696,4375639744,7,2732,1151,1386
170873789159300,170873789170731,170873789181402,170873789183747,170873789190043,170873789190085,265650,93825812243696,4375639744,7,2732,1151,1387
170873799488598,170873799501737,170873799513480,170873799516388,170873799523998,170873799524059,265650,93825812243696,4375639744,7,2732,1151,1388
170873809041737,170873809052823,170873809063840,170873809066667,170873809073624,170873809073670,265650,93825812243696,4375639744,7,2732,1151,1389
170873819202236,170873819214405,170873819226175,170873819229275,170873819241334,170873819241432,265650,93825812243696,4375639744,7,2732,1151,1390
170873830636809,170873830649716,170873830658979,170873830660490,170873830664530,170873830664593,265650,93825812243696,4375639744,7,2732,1151,1391
170873839708344,170873839717360,170873839726329,170873839728243,170873839734702,170873839734776,265650,93825812243696,4375639744,7,2732,1151,1392
170873849801221,170873849811867,170873849822038,170873849824057,170873849831349,170873849831422,265650,93825812243696,4375639744,7,2732,1151,1393
170873859157517,170873859167652,170873859177017,170873859177923,170873859182998,170873859183059,265650,93825812243696,4375639744,7,2732,1151,1394
170873868922844,170873868932325,170873868941242,170873868942097,170873868947237,170873868947298,265650,93825812243696,4375639744,7,2732,1151,1395
170873878633244,170873878642038,170873878650345,170873878651075,170873878655431,170873878655487,265650,93825812243696,4375639744,7,2732,1151,1396
170873887486597,170873887496902,170873887506580,170873887507809,170873887513573,170873887513643,265650,93825812243696,4375639744,7,2732,1151,1397
170873896441421,170873896451810,170873896461329,170873896462572,170873896467898,170873896467972,265650,93825812243696,4375639744,7,2732,1151,1398
170873908336436,170873908352056,170873908363177,170873908365899,170873908369471,170873908369567,265650,93825812243696,4375639744,7,2732,1151,1399
170873917745257,170873917756876,170873917768033,170873917770348,170873917776273,170873917776369,265650,93825812243696,4375639744,7,2732,1151,1400
170873927136379,170873927147023,170873927157728,170873927160057,170873927165197,170873927165285,265650,93825812243696,4375639744,7,2732,1151,1401
170873937218398,170873937229756,170873937240519,170873937242511,170873937246206,170873937246277,265650,93825812243696,4375639744,7,2732,1151,1402
170873946565888,170873946576671,170873946587950,170873946590016,170873946594162,170873946594222,265650,93825812243696,4375639744,7,2732,1151,1403
170873955799464,170873955810125,170873955821047,170873955823092,170873955827467,170873955827584,265650,93825812243696,4375639744,7,2732,1151,1404
170873965621096,170873965631498,170873965642269,170873965644175,170873965651739,170873965651799,265650,93825812243696,4375639744,7,2732,1151,1405
170873974973464,170873974984097,170873974994678,170873974996517,170873975007888,170873975007951,265650,93825812243696,4375639744,7,2732,1151,1406
170873984456231,170873984467234,170873984477927,170873984479959,170873984486823,170873984486884,265650,93825812243696,4375639744,7,2732,1151,1407
170873994170402,170873994180875,170873994191531,170873994193074,170873994201532,170873994201588,265650,93825812243696,4375639744,7,2732,1151,1408
170874003940344,170874003951027,170874003961598,170874003963776,170874003970257,170874003970319,265650,93825812243696,4375639744,7,2732,1151,1409
170874013897641,170874013908080,170874013918998,170874013921007,170874013927568,170874013927623,265650,93825812243696,4375639744,7,2732,1151,1410
170874023433271,170874023443769,170874023456933,170874023459241,170874023465681,170874023465744,265650,93825812243696,4375639744,7,2732,1151,1411
170874033383391,170874033394327,170874033404910,170874033406816,170874033416554,170874033416635,265650,93825812243696,4375639744,7,2732,1151,1412
170874043187687,170874043198869,170874043210101,170874043212390,170874043217181,170874043217237,265650,93825812243696,4375639744,7,2732,1151,1413
170874052762686,170874052773297,170874052784032,170874052785947,170874052790761,170874052790821,265650,93825812243696,4375639744,7,2732,1151,1414
170874062435495,170874062446117,170874062457027,170874062458960,170874062463611,170874062463668,265650,93825812243696,4375639744,7,2732,1151,1415
170874072109092,170874072119647,170874072130243,170874072132289,170874072136987,170874072137042,265650,93825812243696,4375639744,7,2732,1151,1416
170874082257074,170874082266433,170874082275549,170874082276855,170874082283172,170874082283233,265650,93825812243696,4375639744,7,2732,1151,1417
170874090542271,170874090551498,170874090559815,170874090561181,170874090565560,170874090565623,265650,93825812243696,4375639744,7,2732,1151,1418
170874101559820,170874101569918,170874101578976,170874101580096,170874101585265,170874101585325,265650,93825812243696,4375639744,7,2732,1151,1419
170874110838326,170874110847770,170874110856296,170874110857388,170874110861834,170874110861899,265650,93825812243696,4375639744,7,2732,1151,1420
170874119823823,170874119835767,170874119846793,170874119847820,170874119852890,170874119852968,265650,93825812243696,4375639744,7,2732,1151,1421
170874128890638,170874128899505,170874128907673,170874128908387,170874128912427,170874128912496,265650,93825812243696,4375639744,7,2732,1151,1422
170874138546567,170874138556807,170874138566850,170874138568232,170874138573636,170874138573709,265650,93825812243696,4375639744,7,2732,1151,1423
170874148318795,170874148328713,170874148337978,170874148339116,170874148342327,170874148342394,265650,93825812243696,4375639744,7,2732,1151,1424
170874157515987,170874157524482,170874157532340,170874157533269,170874157537561,170874157537618,265650,93825812243696,4375639744,7,2732,1151,1425
170874167143676,170874167152904,170874167161452,170874167162408,170874167167503,170874167167556,265650,93825812243696,4375639744,7,2732,1151,1426
170874177013607,170874177023422,170874177032790,170874177033521,170874177037656,170874177037713,265650,93825812243696,4375639744,7,2732,1151,1427
170874186463356,170874186473564,170874186482486,170874186483173,170874186486998,170874186487053,265650,93825812243696,4375639744,7,2732,1151,1428
170874196011132,170874196019590,170874196027696,170874196028591,170874196032127,170874196032176,265650,93825812243696,4375639744,7,2732,1151,1429
170874204918912,170874204928016,170874204936788,170874204937885,170874204941936,170874204941996,265650,93825812243696,4375639744,7,2732,1151,1430
170874215437159,170874215452222,170874215463541,170874215466397,170874215472777,170874215472866,265650,93825812243696,4375639744,7,2732,1151,1431
170874224353479,170874224364828,170874224375708,170874224377841,170874224383065,170874224383164,265650,93825812243696,4375639744,7,2732,1151,1432
170874234110487,170874234121703,170874234133519,170874234135817,170874234140722,170874234140797,265650,93825812243696,4375639744,7,2732,1151,1433
170874243614234,170874243625068,170874243636410,170874243638741,170874243646451,170874243646533,265650,93825812243696,4375639744,7,2732,1151,1434
170874253214428,170874253227469,170874253236193,170874253237586,170874253241879,170874253241949,265650,93825812243696,4375639744,7,2732,1151,1435
170874261671835,170874261725346,170874261736611,170874261737993,170874261743270,170874261743360,265650,93825812243696,4375639744,7,2732,1151,1436
170874271916259,170874271931228,170874271942444,170874271945043,170874271948389,170874271948492,265650,93825812243696,4375639744,7,2732,1151,1437
170874281094013,170874281105546,170874281117119,170874281119332,170874281129474,170874281129568,265650,93825812243696,4375639744,7,2732,1151,1438
170874290564623,170874290575781,170874290586718,170874290588833,170874290594567,170874290594686,265650,93825812243696,4375639744,7,2732,1151,1439
170874300090473,170874300101803,170874300112964,170874300115104,170874300120645,170874300120720,265650,93825812243696,4375639744,7,2732,1151,1440
170874309565226,170874309576650,170874309588051,170874309590163,170874309594959,170874309595066,265650,93825812243696,4375639744,7,2732,1151,1441
170874318935902,170874318946870,170874318957753,170874318959735,170874318965261,170874318965322,265650,93825812243696,4375639744,7,2732,1151,1442
170874328067806,170874328078427,170874328089227,170874328091165,170874328096391,170874328096451,265650,93825812243696,4375639744,7,2732,1151,1443
170874337553582,170874337564788,170874337575089,170874337576970,170874337582060,170874337582148,265650,93825812243696,4375639744,7,2732,1151,1444
170874347121980,170874347132798,170874347143295,170874347145524,170874347151488,170874347151565,265650,93825812243696,4375639744,7,2732,1151,1445
170874355503935,170874355513377,170874355522382,170874355523582,170874355526053,170874355526113,265650,93825812243696,4375639744,7,2732,1151,1446
170874364630178,170874364638813,170874364646740,170874364647677,170874364651102,170874364651161,265650,93825812243696,4375639744,7,2732,1151,1447
170874375424757,170874375440735,170874375452041,170874375454657,170874375458355,170874375458442,265650,93825812243696,4375639744,7,2732,1151,1448
170874384393726,170874384404970,170874384415444,170874384417408,170874384422772,170874384422855,265650,93825812243696,4375639744,7,2732,1151,1449
170874393565605,170874393576518,170874393586951,170874393588949,170874393593305,170874393593372,265650,93825812243696,4375639744,7,2732,1151,1450
170874402998048,170874403014090,170874403025059,170874403027215,170874403032897,170874403032985,265650,93825812243696,4375639744,7,2732,1151,1451
170874412130179,170874412140797,170874412180878,170874412182989,170874412188683,170874412188759,265650,93825812243696,4375639744,7,2732,1151,1452
170874421596882,170874421608086,170874421618788,170874421620824,170874421626224,170874421626296,265650,93825812243696,4375639744,7,2732,1151,1453
170874430864749,170874430875821,170874430886417,170874430888336,170874430893284,170874430893354,265650,93825812243696,4375639744,7,2732,1151,1454
170874440181262,170874440191859,170874440202205,170874440204295,170874440209379,170874440209439,265650,93825812243696,4375639744,7,2732,1151,1455
170874449479325,170874449490553,170874449501537,170874449503835,170874449508630,170874449508728,265650,93825812243696,4375639744,7,2732,1151,1456
170874459284036,170874459299521,170874459308926,170874459310687,170874459315371,170874459315431,265650,93825812243696,4375639744,7,2732,1151,1457
170874468147011,170874468156148,170874468165665,170874468167943,170874468172687,170874468172754,265650,93825812243696,4375639744,7,2732,1151,1458
170874478102286,170874478111609,170874478119945,170874478120759,170874478125998,170874478126066,265650,93825812243696,4375639744,7,2732,1151,1459
170874486456073,170874486466216,170874486476306,170874486478065,170874486486940,170874486487003,265650,93825812243696,4375639744,7,2732,1151,1460
170874495065144,170874495074647,170874495082633,170874495083631,170874495087881,170874495087933,265650,93825812243696,4375639744,7,2732,1151,1461
170874504359104,170874504368451,170874504376778,170874504377777,170874504381966,170874504382022,265650,93825812243696,4375639744,7,2732,1151,1462
170874527798688,170874527808586,170874527831699,170874527833672,170874527838735,170874527838788,265650,93825812243696,4375639744,7,2732,1151,1463
170874536161271,170874536174396,170874536186140,170874536188242,170874536193437,170874536193523,265650,93825812243696,4375639744,7,2732,1151,1464
170874544480654,170874544490484,170874544499226,170874544500152,170874544504512,170874544504578,265650,93825812243696,4375639744,7,2732,1151,1465
170874552896539,170874552909642,170874552921152,170874552922985,170874552928742,170874552928817,265650,93825812243696,4375639744,7,2732,1151,1466
170874561105978,170874561115342,170874561123729,170874561124423,170874561127978,170874561128034,265650,93825812243696,4375639744,7,2732,1151,1467
170874569443766,170874569455320,170874569463710,170874569464466,170874569468161,170874569468216,265650,93825812243696,4375639744,7,2732,1151,1468
170874577987894,170874578019118,170874578031223,170874578033481,170874578039516,170874578039610,265650,93825812243696,4375639744,7,2732,1151,1469
170874586190508,170874586205630,170874586217302,170874586218571,170874586224164,170874586224262,265650,93825812243696,4375639744,7,2732,1151,1470
170874594562595,170874594575783,170874594586320,170874594587576,170874594593185,170874594593269,265650,93825812243696,4375639744,7,2732,1151,1471
170874602864736,170874602880604,170874602891476,170874602893071,170874602901222,170874602901315,265650,93825812243696,4375639744,7,2732,1151,1472
170874611250516,170874611267573,170874611278670,170874611280258,170874611287724,170874611287820,265650,93825812243696,4375639744,7,2732,1151,1473
170874619437104,170874619447799,170874619456017,170874619457310,170874619464317,170874619464383,265650,93825812243696,4375639744,7,2732,1151,1474
170874627845819,170874627858773,170874627869838,170874627870914,170874627876633,170874627876701,265650,93825812243696,4375639744,7,2732,1151,1475
170874636221367,170874636235205,170874636257416,170874636258913,170874636265722,170874636265805,265650,93825812243696,4375639744,7,2732,1151,1476
170874644567936,170874644605749,170874644616795,170874644618050,170874644623034,170874644623120,265650,93825812243696,4375639744,7,2732,1151,1477
170874652888711,170874652901677,170874652912960,170874652914660,170874652920767,170874652920856,265650,93825812243696,4375639744,7,2732,1151,1478
170874661220476,170874661261960,170874661272803,170874661273700,170874661278683,170874661278766,265650,93825812243696,4375639744,7,2732,1151,1479
170874669557456,170874669573149,170874669584325,170874669587027,170874669591697,170874669591799,265650,93825812243696,4375639744,7,2732,1151,1480
170874678080166,170874678091757,170874678102749,170874678105346,170874678109696,170874678109779,265650,93825812243696,4375639744,7,2732,1151,1481
170874686344655,170874686355614,170874686367267,170874686370593,170874686375790,170874686375884,265650,93825812243696,4375639744,7,2732,1151,1482
170874695155440,170874695166541,170874695177138,170874695178878,170874695182414,170874695182468,265650,93825812243696,4375639744,7,2732,1151,1483
170874704058999,170874704070011,170874704081216,170874704083153,170874704087491,170874704087545,265650,93825812243696,4375639744,7,2732,1151,1484
170874712949468,170874712959927,170874712970620,170874712972324,170874712975846,170874712975900,265650,93825812243696,4375639744,7,2732,1151,1485
170874722048645,170874722059166,170874722069898,170874722071541,170874722075258,170874722075334,265650,93825812243696,4375639744,7,2732,1151,1486
170874730927905,170874730938346,170874730948659,170874730950361,170874730954077,170874730954138,265650,93825812243696,4375639744,7,2732,1151,1487
170874739687075,170874739697538,170874739708144,170874739709761,170874739713437,170874739713494,265650,93825812243696,4375639744,7,2732,1151,1488
170874748798015,170874748808442,170874748818966,170874748820871,170874748824796,170874748824855,265650,93825812243696,4375639744,7,2732,1151,1489
170874757217053,170874757226067,170874757234871,170874757236309,170874757241184,170874757241253,265650,93825812243696,4375639744,7,2732,1151,1490
170874767348624,170874767362255,170874767373492,170874767375591,170874767381116,170874767381194,265650,93825812243696,4375639744,7,2732,1151,1491
170874776214340,170874776227936,170874776238929,170874776239910,170874776243697,170874776243766,265650,93825812243696,4375639744,7,2732,1151,1492
170874785220510,170874785229541,170874785237937,170874785238962,170874785242466,170874785242529,265650,93825812243696,4375639744,7,2732,1151,1493
170874794655507,170874794664750,170874794673189,170874794674355,170874794680767,170874794680820,265650,93825812243696,4375639744,7,2732,1151,1494
170874803777490,170874803786251,170874803794410,170874803795365,170874803801348,170874803801406,265650,93825812243696,4375639744,7,2732,1151,1495
170874812742179,170874812751736,170874812760374,170874812761429,170874812766475,170874812766530,265650,93825812243696,4375639744,7,2732,1151,1496
170874822650001,170874822666828,170874822678025,170874822680774,170874822685792,170874822685885,265650,93825812243696,4375639744,7,2732,1151,1497
170874832519592,170874832529171,170874832539419,170874832542958,170874832550522,170874832550585,265650,93825812243696,4375639744,7,2732,1151,1498
170874841186487,170874841195776,170874841205203,170874841207216,170874841212408,170874841212471,265650,93825812243696,4375639744,7,2732,1151,1499
170874850072971,170874850089579,170874850100702,170874850104278,170874850110058,170874850110143,265650,93825812243696,4375639744,7,2732,1151,1500
170874861091589,170874861101399,170874861111053,170874861113088,170874861121820,170874861121884,265650,93825812243696,4375639744,7,2732,1151,1501
170874869807163,170874869816585,170874869825712,170874869827432,170874869830246,170874869830311,265650,93825812243696,4375639744,7,2732,1151,1502
170874879331025,170874879339953,170874879348928,170874879350860,170874879356995,170874879357065,265650,93825812243696,4375639744,7,2732,1151,1503
170874887695510,170874887707722,170874887719034,170874887720647,170874887725580,170874887725669,265650,93825812243696,4375639744,7,2732,1151,1504
170874897620664,170874897629367,170874897637933,170874897638795,170874897642652,170874897642711,265650,93825812243696,4375639744,7,2732,1151,1505
170874905901282,170874905909745,170874905917850,170874905918460,170874905922761,170874905922817,265650,93825812243696,4375639744,7,2732,1151,1506
170874914867742,170874914878071,170874914886722,170874914887958,170874914893882,170874914893940,265650,93825812243696,4375639744,7,2732,1151,1507
170874924155013,170874924166014,170874924175200,170874924176331,170874924180623,170874924180688,265650,93825812243696,4375639744,7,2732,1151,1508
170874933238052,170874933247477,170874933256531,170874933258700,170874933261809,170874933261874,265650,93825812243696,4375639744,7,2732,1151,1509
170874941632690,170874941641426,170874941649226,170874941650017,170874941654074,170874941654134,265650,93825812243696,4375639744,7,2732,1151,1510
170874950256604,170874950266402,170874950275748,170874950277107,170874950281761,170874950281822,265650,93825812243696,4375639744,7,2732,1151,1511
170874959665672,170874959674511,170874959682788,170874959683873,170874959686516,170874959686569,265650,93825812243696,4375639744,7,2732,1151,1512
170874968620368,170874968630229,170874968639181,170874968640366,170874968644666,170874968644726,265650,93825812243696,4375639744,7,2732,1151,1513
170874980479088,170874980488854,170874980497644,170874980498298,170874980501969,170874980502023,265650,93825812243696,4375639744,7,2732,1151,1514
170874988822337,170874988832267,170874988841714,170874988842577,170874988848106,170874988848169,265650,93825812243696,4375639744,7,2732,1151,1515
170874998047275,170874998055884,170874998064011,170874998064765,170874998068891,170874998068942,265650,93825812243696,4375639744,7,2732,1151,1516
170875006966282,170875006982474,170875006996260,170875006998861,170875007006403,170875007006516,265650,93825812243696,4375639744,7,2732,1151,1517
170875017075128,170875017086321,170875017097358,170875017100156,170875017105162,170875017105253,265650,93825812243696,4375639744,7,2732,1151,1518
170875026061552,170875026072320,170875026082955,170875026085101,170875026089682,170875026089759,265650,93825812243696,4375639744,7,2732,1151,1519
170875035226591,170875035237497,170875035248268,170875035250336,170875035254634,170875035254710,265650,93825812243696,4375639744,7,2732,1151,1520
170875044693798,170875044711092,170875044723412,170875044725091,170875044731739,170875044731880,265650,93825812243696,4375639744,7,2732,1151,1521
170875054515667,170875054524176,170875054532595,170875054534129,170875054538575,170875054538634,265650,93825812243696,4375639744,7,2732,1151,1522
170875063622701,170875063631157,170875063638841,170875063639631,170875063642775,170875063642831,265650,93825812243696,4375639744,7,2732,1151,1523
170875072827426,170875072838646,170875072849739,170875072852278,170875072856606,170875072856701,265650,93825812243696,4375639744,7,2732,1151,1524
170875082421562,170875082432277,170875082443076,170875082445150,170875082448480,170875082448546,265650,93825812243696,4375639744,7,2732,1151,1525
170875091670846,170875091681653,170875091693038,170875091695535,170875091700294,170875091700359,265650,93825812243696,4375639744,7,2732,1151,1526
170875101067119,170875101078973,170875101089907,170875101091995,170875101098700,170875101098809,265650,93825812243696,4375639744,7,2732,1151,1527
170875110426558,170875110438254,170875110448987,170875110450957,170875110455808,170875110455879,265650,93825812243696,4375639744,7,2732,1151,1528
170875119969090,170875119979889,170875119990339,170875119992334,170875119997155,170875119997213,265650,93825812243696,4375639744,7,2732,1151,1529
170875129339094,170875129349601,170875129360097,170875129361885,170875129365949,170875129366007,265650,93825812243696,4375639744,7,2732,1151,1530
170875138953260,170875138963689,170875138974827,170875138976445,170875138982573,170875138982634,265650,93825812243696,4375639744,7,2732,1151,1531
170875148456769,170875148467151,170875148477753,170875148479509,170875148483292,170875148483354,265650,93825812243696,4375639744,7,2732,1151,1532
170875157874964,170875157886300,170875157897220,170875157899423,170875157904061,170875157904168,265650,93825812243696,4375639744,7,2732,1151,1533
170875167457678,170875167468632,170875167480111,170875167482946,170875167488148,170875167488214,265650,93825812243696,4375639744,7,2732,1151,1534
170875177058751,170875177075877,170875177085869,170875177087296,170875177092227,170875177092309,265650,93825812243696,4375639744,7,2732,1151,1535
170875186747267,170875186762373,170875186773771,170875186776452,170875186779990,170875186780068,265650,93825812243696,4375639744,7,2732,1151,1536
170875196048393,170875196064437,170875196076383,170875196077953,170875196084120,170875196084232,265650,93825812243696,4375639744,7,2732,1151,1537
170875205314769,170875205325021,170875205334459,170875205335247,170875205339145,170875205339249,265650,93825812243696,4375639744,7,2732,1151,1538
170875214647718,170875214656072,170875214664136,170875214664881,170875214668859,170875214668932,265650,93825812243696,4375639744,7,2732,1151,1539
170875224511120,170875224520518,170875224529161,170875224530422,170875224536814,170875224536885,265650,93825812243696,4375639744,7,2732,1151,1540
170875234538946,170875234556059,170875234565673,170875234568171,170875234573637,170875234573706,265650,93825812243696,4375639744,7,2732,1151,1541
170875244344308,170875244353928,170875244362411,170875244363423,170875244368724,170875244368788,265650,93825812243696,4375639744,7,2732,1151,1542
170875253554903,170875253564737,170875253573715,170875253574436,170875253578777,170875253578842,265650,93825812243696,4375639744,7,2732,1151,1543
170875262809921,170875262821302,170875262830595,170875262831178,170875262835113,170875262835163,265650,93825812243696,4375639744,7,2732,1151,1544
170875272089065,170875272101230,170875272112837,170875272115475,170875272122918,170875272123018,265650,93825812243696,4375639744,7,2732,1151,1545
170875282166206,170875282177095,170875282188107,170875282190280,170875282197662,170875282197748,265650,93825812243696,4375639744,7,2732,1151,1546
170875291432933,170875291444017,170875291455071,170875291458376,170875291461538,170875291461612,265650,93825812243696,4375639744,7,2732,1151,1547
170875299820212,170875299831362,170875299842075,170875299843970,170875299850645,170875299850688,265650,93825812243696,4375639744,7,2732,1151,1548
170875308389447,170875308399916,170875308410909,170875308412644,170875308418104,170875308418171,265650,93825812243696,4375639744,7,2732,1151,1549
170875318109117,170875318119990,170875318130423,170875318132150,170875318138854,170875318138908,265650,93825812243696,4375639744,7,2732,1151,1550
170875327757046,170875327767921,170875327778836,170875327780688,170875327787203,170875327787246,265650,93825812243696,4375639744,7,2732,1151,1551
170875339326780,170875339341385,170875339353288,170875339355317,170875339360064,170875339360143,265650,93825812243696,4375639744,7,2732,1151,1552
170875348788175,170875348806434,170875348818125,170875348820521,170875348823224,170875348823298,265650,93825812243696,4375639744,7,2732,1151,1553
170875358280417,170875358291993,170875358302867,170875358305405,170875358309262,170875358309345,265650,93825812243696,4375639744,7,2732,1151,1554
170875368392187,170875368406721,170875368418392,170875368420267,170875368426205,170875368426292,265650,93825812243696,4375639744,7,2732,1151,1555
170875377688352,170875377703373,170875377714542,170875377716729,170875377719880,170875377719952,265650,93825812243696,4375639744,7,2732,1151,1556
170875387310535,170875387321076,170875387331631,170875387333692,170875387336738,170875387336792,265650,93825812243696,4375639744,7,2732,1151,1557
170875397397092,170875397409796,170875397421086,170875397423115,170875397426101,170875397426194,265650,93825812243696,4375639744,7,2732,1151,1558
170875407319899,170875407346464,170875407358399,170875407359725,170875407364662,170875407364758,265650,93825812243696,4375639744,7,2732,1151,1559
170875417039896,170875417048953,170875417057530,170875417058453,170875417063470,170875417063544,265650,93825812243696,4375639744,7,2732,1151,1560
170875426870859,170875426879658,170875426887735,170875426888654,170875426892892,170875426892957,265650,93825812243696,4375639744,7,2732,1151,1561
170875436438539,170875436448018,170875436456849,170875436457778,170875436462449,170875436462523,265650,93825812243696,4375639744,7,2732,1151,1562
170875445499577,170875445509265,170875445518344,170875445519195,170875445523896,170875445523963,265650,93825812243696,4375639744,7,2732,1151,1563
170875454989636,170875454997956,170875455007961,170875455008685,170875455013072,170875455013136,265650,93825812243696,4375639744,7,2732,1151,1564
170875464923715,170875464932495,170875464940999,170875464942326,170875464946478,170875464946539,265650,93825812243696,4375639744,7,2732,1151,1565
170875474073360,170875474082918,170875474091856,170875474092890,170875474097249,170875474097322,265650,93825812243696,4375639744,7,2732,1151,1566
170875483980183,170875483992093,170875484006020,170875484007089,170875484012196,170875484012283,265650,93825812243696,4375639744,7,2732,1151,1567
170875493650986,170875493659216,170875493667276,170875493667973,170875493672125,170875493672185,265650,93825812243696,4375639744,7,2732,1151,1568
170875503358829,170875503367369,170875503374933,170875503375622,170875503378802,170875503378860,265650,93825812243696,4375639744,7,2732,1151,1569
170875512965069,170875512973581,170875512981751,170875512982544,170875512986550,170875512986615,265650,93825812243696,4375639744,7,2732,1151,1570
170875522136782,170875522146680,170875522155765,170875522157188,170875522162278,170875522162343,265650,93825812243696,4375639744,7,2732,1151,1571
170875530970010,170875530981274,170875530991909,170875530992738,170875530998168,170875530998234,265650,93825812243696,4375639744,7,2732,1151,1572
170875540847484,170875540859313,170875540870654,170875540873209,170875540879485,170875540879570,265650,93825812243696,4375639744,7,2732,1151,1573
170875551208544,170875551220185,170875551230884,170875551233054,170875551239900,170875551239986,265650,93825812243696,4375639744,7,2732,1151,1574
170875561075021,170875561091461,170875561101786,170875561103158,170875561106991,170875561107050,265650,93825812243696,4375639744,7,2732,1151,1575
170875572032089,170875572041450,170875572050145,170875572051463,170875572058654,170875572058720,265650,93825812243696,4375639744,7,2732,1151,1576
170875597495268,170875597511268,170875597522491,170875597524515,170875597527217,170875597527316,265650,93825812243696,4375639744,7,2732,1151,1577
170875606020358,170875606086027,170875606097984,170875606100239,170875606111722,170875606111809,265650,93825812243696,4375639744,7,2732,1151,1578
170875614148035,170875614165721,170875614176825,170875614179609,170875614191910,170875614192002,265650,93825812243696,4375639744,7,2732,1151,1579
170875622532520,170875622552706,170875622564531,170875622567542,170875622582534,170875622582615,265650,93825812243696,4375639744,7,2732,1151,1580
170875630858397,170875630876495,170875630887350,170875630889472,170875630898197,170875630898272,265650,93825812243696,4375639744,7,2732,1151,1581
170875639139652,170875639153629,170875639164089,170875639165843,170875639174775,170875639174854,265650,93825812243696,4375639744,7,2732,1151,1582
170875647470517,170875647485194,170875647495830,170875647497722,170875647507351,170875647507400,265650,93825812243696,4375639744,7,2732,1151,1583
170875655854903,170875655868390,170875655879140,170875655881578,170875655887907,170875655887968,265650,93825812243696,4375639744,7,2732,1151,1584
170875664135223,170875664148315,170875664158714,170875664160092,170875664166320,170875664166390,265650,93825812243696,4375639744,7,2732,1151,1585
170875672473162,170875672487312,170875672497310,170875672498992,170875672508580,170875672508649,265650,93825812243696,4375639744,7,2732,1151,1586
170875680811861,170875680828277,170875680838904,170875680841021,170875680849680,170875680849751,265650,93825812243696,4375639744,7,2732,1151,1587
170875689131348,170875689143647,170875689154459,170875689156132,170875689164551,170875689164619,265650,93825812243696,4375639744,7,2732,1151,1588
170875697441657,170875697454976,170875697466380,170875697469121,170875697474789,170875697474876,265650,93825812243696,4375639744,7,2732,1151,1589
170875705903914,170875705914603,170875705923693,170875705925133,170875705928572,170875705928639,265650,93825812243696,4375639744,7,2732,1151,1590
170875714143976,170875714157213,170875714168960,170875714171680,170875714177155,170875714177242,265650,93825812243696,4375639744,7,2732,1151,1591
170875722531960,170875722544352,170875722556887,170875722559631,170875722572010,170875722572087,265650,93825812243696,4375639744,7,2732,1151,1592
170875730934193,170875730947481,170875730959434,170875730960825,170875730965110,170875730965198,265650,93825812243696,4375639744,7,2732,1151,1593
170875743006296,170875743017619,170875743028597,170875743030545,170875743038199,170875743038274,265650,93825812243696,4375639744,7,2732,1151,1594
170875753273219,170875753283988,170875753294820,170875753297308,170875753301486,170875753301566,265650,93825812243696,4375639744,7,2732,1151,1595
170875762608248,170875762618732,170875762629224,170875762631143,170875762634835,170875762634900,265650,93825812243696,4375639744,7,2732,1151,1596
170875772611288,170875772621945,170875772632397,170875772634575,170875772639148,170875772639210,265650,93825812243696,4375639744,7,2732,1151,1597
170875782495435,170875782506008,170875782516650,170875782518915,170875782523558,170875782523610,265650,93825812243696,4375639744,7,2732,1151,1598
170875792163630,170875792174348,170875792184753,170875792186800,170875792191617,170875792191667,265650,93825812243696,4375639744,7,2732,1151,1599
170875802123703,170875802134926,170875802145965,170875802148123,170875802152705,170875802152774,265650,93825812243696,4375639744,7,2732,1151,1600
170875811494828,170875811505532,170875811515838,170875811517833,170875811521718,170875811521785,265650,93825812243696,4375639744,7,2732,1151,1601
170875820752918,170875820763721,170875820774630,170875820776654,170875820783918,170875820783974,265650,93825812243696,4375639744,7,2732,1151,1602
170875829465844,170875829476585,170875829486449,170875829488192,170875829495221,170875829495304,265650,93825812243696,4375639744,7,2732,1151,1603
170875839141006,170875839152245,170875839163184,170875839164928,170875839173329,170875839173401,265650,93825812243696,4375639744,7,2732,1151,1604
170875849396491,170875849417933,170875849429552,170875849432486,170875849438098,170875849438179,265650,93825812243696,4375639744,7,2732,1151,1605
170875859664548,170875859675979,170875859687311,170875859690150,170875859698079,170875859698161,265650,93825812243696,4375639744,7,2732,1151,1606
170875870878066,170875870893765,170875870905243,170875870908127,170875870913655,170875870913734,265650,93825812243696,4375639744,7,2732,1151,1607
170875880320035,170875880331194,170875880342568,170875880345117,170875880350803,170875880350884,265650,93825812243696,4375639744,7,2732,1151,1608
170875890560501,170875890571955,170875890583399,170875890585972,170875890592267,170875890592360,265650,93825812243696,4375639744,7,2732,1151,1609
170875900199868,170875900209189,170875900218924,170875900220562,170875900228229,170875900228299,265650,93825812243696,4375639744,7,2732,1151,1610
170875908784299,170875908802971,170875908814309,170875908817036,170875908826059,170875908826152,265650,93825812243696,4375639744,7,2732,1151,1611
170875918587428,170875918598242,170875918609340,170875918611532,170875918615863,170875918615946,265650,93825812243696,4375639744,7,2732,1151,1612
170875928059541,170875928070119,170875928080594,170875928082598,170875928090392,170875928090467,265650,93825812243696,4375639744,7,2732,1151,1613
170875937462303,170875937472812,170875937483621,170875937485709,170875937492539,170875937492595,265650,93825812243696,4375639744,7,2732,1151,1614
170875947293236,170875947308199,170875947319837,170875947321335,170875947324044,170875947324130,265650,93825812243696,4375639744,7,2732,1151,1615
170875959220600,170875959235924,170875959246826,170875959249248,170875959254621,170875959254679,265650,93825812243696,4375639744,7,2732,1151,1616
170875968553851,170875968564112,170875968574319,170875968575397,170875968581043,170875968581125,265650,93825812243696,4375639744,7,2732,1151,1617
170875976810980,170875976820262,170875976828891,170875976829933,170875976833401,170875976833470,265650,93825812243696,4375639744,7,2732,1151,1618
170875987872194,170875987881498,170875987890027,170875987890916,170875987895347,170875987895410,265650,93825812243696,4375639744,7,2732,1151,1619
170875996847866,170875996857464,170875996865670,170875996866410,170875996871026,170875996871093,265650,93825812243696,4375639744,7,2732,1151,1620
170876005591829,170876005600925,170876005609294,170876005610153,170876005615163,170876005615235,265650,93825812243696,4375639744,7,2732,1151,1621
170876016156933,170876016166829,170876016176106,170876016176965,170876016181268,170876016181333,265650,93825812243696,4375639744,7,2732,1151,1622
170876025653037,170876025663010,170876025672064,170876025672816,170876025675363,170876025675432,265650,93825812243696,4375639744,7,2732,1151,1623
170876035409196,170876035418912,170876035427019,170876035427784,170876035431843,170876035431897,265650,93825812243696,4375639744,7,2732,1151,1624
170876045192195,170876045202243,170876045211521,170876045212704,170876045218411,170876045218474,265650,93825812243696,4375639744,7,2732,1151,1625
170876055233948,170876055243798,170876055252971,170876055253961,170876055257845,170876055258005,265650,93825812243696,4375639744,7,2732,1151,1626
170876064799680,170876064810217,170876064818461,170876064819060,170876064822882,170876064822952,265650,93825812243696,4375639744,7,2732,1151,1627
170876074689254,170876074697909,170876074706134,170876074706906,170876074711534,170876074711598,265650,93825812243696,4375639744,7,2732,1151,1628
170876084308351,170876084319816,170876084330505,170876084331310,170876084336636,170876084336708,265650,93825812243696,4375639744,7,2732,1151,1629
170876094046001,170876094055743,170876094064689,170876094065455,170876094069703,170876094069769,265650,93825812243696,4375639744,7,2732,1151,1630
170876103989519,170876103999851,170876104010258,170876104010869,170876104015191,170876104015246,265650,93825812243696,4375639744,7,2732,1151,1631
170876113444560,170876113454550,170876113463812,170876113464657,170876113469505,170876113469564,265650,93825812243696,4375639744,7,2732,1151,1632
170876123475059,170876123486591,170876123497319,170876123498281,170876123503523,170876123503596,265650,93825812243696,4375639744,7,2732,1151,1633
170876133066754,170876133098888,170876133118857,170876133119681,170876133122446,170876133122510,265650,93825812243696,4375639744,7,2732,1151,1634
170876141520443,170876141530046,170876141537978,170876141538957,170876141544041,170876141544093,265650,93825812243696,4375639744,7,2732,1151,1635
170876150797888,170876150807055,170876150815564,170876150816798,170876150820344,170876150820517,265650,93825812243696,4375639744,7,2732,1151,1636
170876161700688,170876161716123,170876161727482,170876161730367,170876161733623,170876161733704,265650,93825812243696,4375639744,7,2732,1151,1637
170876170683529,170876170699018,170876170709855,170876170712318,170876170716940,170876170717006,265650,93825812243696,4375639744,7,2732,1151,1638
170876180246840,170876180257614,170876180268554,170876180270608,170876180275424,170876180275504,265650,93825812243696,4375639744,7,2732,1151,1639
170876189783475,170876189793898,170876189804600,170876189806846,170876189811554,170876189811643,265650,93825812243696,4375639744,7,2732,1151,1640
170876198168370,170876198179170,170876198189963,170876198191675,170876198198318,170876198198378,265650,93825812243696,4375639744,7,2732,1151,1641
170876207591655,170876207602299,170876207612959,170876207614700,170876207621992,170876207622065,265650,93825812243696,4375639744,7,2732,1151,1642
170876217627244,170876217639501,170876217649027,170876217650225,170876217654218,170876217654281,265650,93825812243696,4375639744,7,2732,1151,1643
170876227059887,170876227070225,170876227079898,170876227081231,170876227085505,170876227085581,265650,93825812243696,4375639744,7,2732,1151,1644
170876236815043,170876236823970,170876236832064,170876236832985,170876236835480,170876236835539,265650,93825812243696,4375639744,7,2732,1151,1645
170876246417096,170876246437025,170876246448887,170876246451495,170876246458371,170876246458466,265650,93825812243696,4375639744,7,2732,1151,1646
170876257884666,170876257896161,170876257906657,170876257908805,170876257912720,170876257912785,265650,93825812243696,4375639744,7,2732,1151,1647
170876266876039,170876266886755,170876266897706,170876266899895,170876266904831,170876266904914,265650,93825812243696,4375639744,7,2732,1151,1648
170876275948105,170876275959120,170876275969467,170876275971445,170876275976247,170876275976302,265650,93825812243696,4375639744,7,2732,1151,1649
170876285282520,170876285293454,170876285304368,170876285307292,170876285312186,170876285312243,265650,93825812243696,4375639744,7,2732,1151,1650
170876295411446,170876295422858,170876295433668,170876295435889,170876295439886,170876295439956,265650,93825812243696,4375639744,7,2732,1151,1651
170876303745730,170876303754799,170876303763642,170876303764729,170876303769119,170876303769185,265650,93825812243696,4375639744,7,2732,1151,1652
170876312898268,170876312909589,170876312918368,170876312919329,170876312923084,170876312923139,265650,93825812243696,4375639744,7,2732,1151,1653
170876324442922,170876324451646,170876324459622,170876324460766,170876324465969,170876324466051,265650,93825812243696,4375639744,7,2732,1151,1654
170876333037701,170876333047371,170876333056025,170876333056723,170876333060918,170876333060983,265650,93825812243696,4375639744,7,2732,1151,1655
170876341644034,170876341652760,170876341660805,170876341661781,170876341664931,170876341664997,265650,93825812243696,4375639744,7,2732,1151,1656
170876352895561,170876352904785,170876352913213,170876352914306,170876352918855,170876352918928,265650,93825812243696,4375639744,7,2732,1151,1657
170876361343710,170876361352515,170876361360654,170876361361420,170876361365602,170876361365652,265650,93825812243696,4375639744,7,2732,1151,1658
170876369753148,170876369845248,170876369861282,170876369862047,170876369866869,170876369866939,265650,93825812243696,4375639744,7,2732,1151,1659
170876380145500,170876380154549,170876380162785,170876380163759,170876380167368,170876380167423,265650,93825812243696,4375639744,7,2732,1151,1660
170876389366491,170876389382405,170876389393907,170876389396467,170876389401780,170876389401864,265650,93825812243696,4375639744,7,2732,1151,1661
170876398977637,170876398991082,170876399006143,170876399007520,170876399011849,170876399011934,265650,93825812243696,4375639744,7,2732,1151,1662
170876408510498,170876408520232,170876408529431,170876408530362,170876408534878,170876408534948,265650,93825812243696,4375639744,7,2732,1151,1663
170876417221980,170876417230438,170876417238459,170876417239188,170876417243055,170876417243121,265650,93825812243696,4375639744,7,2732,1151,1664
170876426591452,170876426601258,170876426610380,170876426611125,170876426615237,170876426615303,265650,93825812243696,4375639744,7,2732,1151,1665
170876436715820,170876436732161,170876436743770,170876436746333,170876436751432,170876436751505,265650,93825812243696,4375639744,7,2732,1151,1666
170876445784102,170876445795284,170876445806254,170876445809015,170876445813175,170876445813241,265650,93825812243696,4375639744,7,2732,1151,1667
170876454741022,170876454751977,170876454762834,170876454764867,170876454770419,170876454770507,265650,93825812243696,4375639744,7,2732,1151,1668
170876465054264,170876465088705,170876465100786,170876465102703,170876465108018,170876465108106,265650,93825812243696,4375639744,7,2732,1151,1669
170876474595975,170876474606300,170876474615983,170876474617362,170876474624243,170876474624321,265650,93825812243696,4375639744,7,2732,1151,1670
170876483499912,170876483508688,170876483516850,170876483517699,170876483522960,170876483523022,265650,93825812243696,4375639744,7,2732,1151,1671
170876492982271,170876492991521,170876492999642,170876493003464,170876493006698,170876493006764,265650,93825812243696,4375639744,7,2732,1151,1672
170876502097339,170876502106262,170876502115714,170876502117497,170876502122565,170876502122623,265650,93825812243696,4375639744,7,2732,1151,1673
170876510551199,170876510563708,170876510572924,170876510573984,170876510577617,170876510577693,265650,93825812243696,4375639744,7,2732,1151,1674
170876519826620,170876519837391,170876519846636,170876519847659,170876519850308,170876519850386,265650,93825812243696,4375639744,7,2732,1151,1675
170876529168434,170876529262704,170876529274092,170876529275352,170876529279212,170876529279304,265650,93825812243696,4375639744,7,2732,1151,1676
170876537313869,170876537322842,170876537330895,170876537331841,170876537336714,170876537336779,265650,93825812243696,4375639744,7,2732,1151,1677
170876547572476,170876547586778,170876547598678,170876547602211,170876547607335,170876547607432,265650,93825812243696,4375639744,7,2732,1151,1678
170876556893714,170876556904738,170876556915698,170876556917909,170876556922136,170876556922217,265650,93825812243696,4375639744,7,2732,1151,1679
170876565838956,170876565849574,170876565860116,170876565862205,170876565866031,170876565866109,265650,93825812243696,4375639744,7,2732,1151,1680
170876575223654,170876575234262,170876575244718,170876575246666,170876575250676,170876575250720,265650,93825812243696,4375639744,7,2732,1151,1681
170876584871271,170876584885685,170876584896577,170876584898337,170876584901485,170876584901537,265650,93825812243696,4375639744,7,2732,1151,1682
170876594070653,170876594081354,170876594092248,170876594094118,170876594098010,170876594098070,265650,93825812243696,4375639744,7,2732,1151,1683
170876602402492,170876602413359,170876602423987,170876602425964,170876602432571,170876602432637,265650,93825812243696,4375639744,7,2732,1151,1684
170876611502614,170876611513417,170876611523897,170876611525989,170876611532236,170876611532305,265650,93825812243696,4375639744,7,2732,1151,1685
170876620063849,170876620075018,170876620085630,170876620087429,170876620096062,170876620096128,265650,93825812243696,4375639744,7,2732,1151,1686
170876629702325,170876629717740,170876629727705,170876629729327,170876629732487,170876629732561,265650,93825812243696,4375639744,7,2732,1151,1687
170876640252865,170876640268105,170876640279330,170876640282437,170876640286947,170876640287038,265650,93825812243696,4375639744,7,2732,1151,1688
170876664011060,170876664022939,170876664034248,170876664037588,170876664043407,170876664043496,265650,93825812243696,4375639744,7,2732,1151,1689
170876672344867,170876672364285,170876672375418,170876672377576,170876672385199,170876672385297,265650,93825812243696,4375639744,7,2732,1151,1690
170876680667817,170876680689345,170876680700451,170876680703294,170876680710111,170876680710210,265650,93825812243696,4375639744,7,2732,1151,1691
170876688991257,170876689011542,170876689022239,170876689024220,170876689030935,170876689031013,265650,93825812243696,4375639744,7,2732,1151,1692
170876697327158,170876697342370,170876697353451,170876697355603,170876697360076,170876697360141,265650,93825812243696,4375639744,7,2732,1151,1693
170876705720776,170876705737134,170876705748395,170876705750748,170876705757759,170876705757831,265650,93825812243696,4375639744,7,2732,1151,1694
170876714062296,170876714078177,170876714089726,170876714091575,170876714100032,170876714100112,265650,93825812243696,4375639744,7,2732,1151,1695
170876722342864,170876722359365,170876722370447,170876722372226,170876722382160,170876722382213,265650,93825812243696,4375639744,7,2732,1151,1696
170876730659233,170876730674427,170876730685236,170876730687063,170876730693568,170876730693629,265650,93825812243696,4375639744,7,2732,1151,1697
170876739053767,170876739070340,170876739081067,170876739082846,170876739088881,170876739088947,265650,93825812243696,4375639744,7,2732,1151,1698
170876747323763,170876747337751,170876747348819,170876747350517,170876747356385,170876747356440,265650,93825812243696,4375639744,7,2732,1151,1699
170876755732748,170876755749178,170876755759808,170876755761489,170876755766866,170876755766918,265650,93825812243696,4375639744,7,2732,1151,1700
170876764044989,170876764057766,170876764068197,170876764069735,170876764076945,170876764077015,265650,93825812243696,4375639744,7,2732,1151,1701
170876772332477,170876772349766,170876772360981,170876772363004,170876772368207,170876772368297,265650,93825812243696,4375639744,7,2732,1151,1702
170876780746092,170876780763928,170876780776280,170876780779474,170876780792775,170876780792862,265650,93825812243696,4375639744,7,2732,1151,1703
170876789027921,170876789044954,170876789055891,170876789057764,170876789065142,170876789065201,265650,93825812243696,4375639744,7,2732,1151,1704
170876797325736,170876797336751,170876797347001,170876797348600,170876797355724,170876797355793,265650,93825812243696,4375639744,7,2732,1151,1705
170876805700797,170876805711632,170876805722057,170876805724030,170876805733234,170876805733303,265650,93825812243696,4375639744,7,2732,1151,1706
170876814006983,170876814018196,170876814029179,170876814031385,170876814040002,170876814040070,265650,93825812243696,4375639744,7,2732,1151,1707
170876822350334,170876822366901,170876822377625,170876822379561,170876822389948,170876822390028,265650,93825812243696,4375639744,7,2732,1151,1708
170876830741471,170876830755898,170876830767536,170876830770474,170876830785489,170876830785553,265650,93825812243696,4375639744,7,2732,1151,1709
170876839075966,170876839086959,170876839097485,170876839099582,170876839109397,170876839109494,265650,93825812243696,4375639744,7,2732,1151,1710
170876847336875,170876847347530,170876847358024,170876847359875,170876847367175,170876847367244,265650,93825812243696,4375639744,7,2732,1151,1711
170876855668807,170876855679725,170876855690694,170876855692651,170876855700194,170876855700261,265650,93825812243696,4375639744,7,2732,1151,1712
170876864409239,170876864420140,170876864430992,170876864432990,170876864440654,170876864440735,265650,93825812243696,4375639744,7,2732,1151,1713
170876876270592,170876876288805,170876876301302,170876876303232,170876876307894,170876876307986,265650,93825812243696,4375639744,7,2732,1151,1714
170876884646422,170876884655472,170876884663904,170876884664789,170876884669083,170876884669141,265650,93825812243696,4375639744,7,2732,1151,1715
170876893805132,170876893814001,170876893822207,170876893822974,170876893827914,170876893827983,265650,93825812243696,4375639744,7,2732,1151,1716
170876903333451,170876903342901,170876903351652,170876903352539,170876903357721,170876903357788,265650,93825812243696,4375639744,7,2732,1151,1717
170876912715017,170876912725095,170876912734186,170876912735005,170876912739257,170876912739329,265650,93825812243696,4375639744,7,2732,1151,1718
170876921072699,170876921081318,170876921089410,170876921090442,170876921095590,170876921095650,265650,93825812243696,4375639744,7,2732,1151,1719
170876929798326,170876929806789,170876929814736,170876929815722,170876929819974,170876929820032,265650,93825812243696,4375639744,7,2732,1151,1720
170876938690663,170876938700146,170876938708843,170876938709756,170876938714210,170876938714364,265650,93825812243696,4375639744,7,2732,1151,1721
170876947510247,170876947519769,170876947528690,170876947529487,170876947533907,170876947533966,265650,93825812243696,4375639744,7,2732,1151,1722
170876956957290,170876956968635,170876956979337,170876956980338,170876956984067,170876956984139,265650,93825812243696,4375639744,7,2732,1151,1723
170876965803291,170876965813369,170876965822247,170876965822990,170876965827012,170876965827070,265650,93825812243696,4375639744,7,2732,1151,1724
170876975036683,170876975047518,170876975056357,170876975057231,170876975060850,170876975060903,265650,93825812243696,4375639744,7,2732,1151,1725
170876984304537,170876984313840,170876984321620,170876984322219,170876984324488,170876984324537,265650,93825812243696,4375639744,7,2732,1151,1726
170876993666999,170876993678282,170876993688775,170876993689661,170876993693214,170876993693271,265650,93825812243696,4375639744,7,2732,1151,1727
170877002796800,170877002808142,170877002818587,170877002819807,170877002823620,170877002823684,265650,93825812243696,4375639744,7,2732,1151,1728
170877012407348,170877012418821,170877012429413,170877012430107,170877012433585,170877012433654,265650,93825812243696,4375639744,7,2732,1151,1729
170877021550770,170877021559306,170877021567043,170877021567598,170877021571178,170877021571228,265650,93825812243696,4375639744,7,2732,1151,1730
170877030691313,170877030702724,170877030713156,170877030713946,170877030717879,170877030717943,265650,93825812243696,4375639744,7,2732,1151,1731
170877040250512,170877040261812,170877040272174,170877040272916,170877040276586,170877040276652,265650,93825812243696,4375639744,7,2732,1151,1732
170877049678654,170877049688288,170877049696724,170877049697816,170877049701993,170877049702066,265650,93825812243696,4375639744,7,2732,1151,1733
170877058849824,170877058861726,170877058872520,170877058873677,170877058877877,170877058877964,265650,93825812243696,4375639744,7,2732,1151,1734
170877068446551,170877068455252,170877068462992,170877068463869,170877068467064,170877068467118,265650,93825812243696,4375639744,7,2732,1151,1735
170877077884386,170877077893492,170877077901780,170877077902714,170877077906448,170877077906507,265650,93825812243696,4375639744,7,2732,1151,1736
170877088147963,170877088170423,170877088182123,170877088184796,170877088188366,170877088188473,265650,93825812243696,4375639744,7,2732,1151,1737
170877097141271,170877097152120,170877097162978,170877097165557,170877097169239,170877097169314,265650,93825812243696,4375639744,7,2732,1151,1738
170877106103945,170877106115028,170877106126550,170877106129021,170877106135084,170877106135183,265650,93825812243696,4375639744,7,2732,1151,1739
170877117874121,170877117892999,170877117905787,170877117907674,170877117914637,170877117914734,265650,93825812243696,4375639744,7,2732,1151,1740
170877126527413,170877126536149,170877126544447,170877126545192,170877126549319,170877126549386,265650,93825812243696,4375639744,7,2732,1151,1741
170877135597740,170877135607734,170877135617086,170877135617968,170877135622788,170877135622962,265650,93825812243696,4375639744,7,2732,1151,1742
170877144662580,170877144671534,170877144680093,170877144680888,170877144685777,170877144685841,265650,93825812243696,4375639744,7,2732,1151,1743
170877153777501,170877153786867,170877153795340,170877153796577,170877153800319,170877153800386,265650,93825812243696,4375639744,7,2732,1151,1744
170877163079258,170877163089947,170877163098777,170877163099791,170877163103827,170877163103886,265650,93825812243696,4375639744,7,2732,1151,1745
170877174231750,170877174242398,170877174251807,170877174252876,170877174257780,170877174257849,265650,93825812243696,4375639744,7,2732,1151,1746
170877182893865,170877182904094,170877182913364,170877182914663,170877182919851,170877182919909,265650,93825812243696,4375639744,7,2732,1151,1747
170877191585693,170877191595504,170877191603829,170877191604808,170877191607484,170877191607541,265650,93825812243696,4375639744,7,2732,1151,1748
170877200399266,170877200411125,170877200419464,170877200420381,170877200425082,170877200425137,265650,93825812243696,4375639744,7,2732,1151,1749
170877210246660,170877210257724,170877210269350,170877210272274,170877210279624,170877210279731,265650,93825812243696,4375639744,7,2732,1151,1750
170877219375680,170877219387774,170877219399447,170877219401777,170877219408771,170877219408849,265650,93825812243696,4375639744,7,2732,1151,1751
170877228702102,170877228712958,170877228723606,170877228725523,170877228731932,170877228731998,265650,93825812243696,4375639744,7,2732,1151,1752
170877238578629,170877238589132,170877238599600,170877238601834,170877238608543,170877238608604,265650,93825812243696,4375639744,7,2732,1151,1753
170877248098120,170877248109165,170877248119944,170877248122145,170877248128826,170877248128885,265650,93825812243696,4375639744,7,2732,1151,1754
170877257745334,170877257756151,170877257766808,170877257769832,170877257776609,170877257776673,265650,93825812243696,4375639744,7,2732,1151,1755
170877267589266,170877267599874,170877267610728,170877267613065,170877267620014,170877267620093,265650,93825812243696,4375639744,7,2732,1151,1756
170877277428511,170877277439040,170877277449816,170877277451784,170877277458258,170877277458322,265650,93825812243696,4375639744,7,2732,1151,1757
170877286679444,170877286690002,170877286700881,170877286702859,170877286708829,170877286708888,265650,93825812243696,4375639744,7,2732,1151,1758
170877296372469,170877296383488,170877296395341,170877296398310,170877296401271,170877296401330,265650,93825812243696,4375639744,7,2732,1151,1759
170877305875913,170877305886258,170877305896957,170877305898985,170877305905466,170877305905527,265650,93825812243696,4375639744,7,2732,1151,1760
170877315186312,170877315197328,170877315208666,170877315210901,170877315217265,170877315217321,265650,93825812243696,4375639744,7,2732,1151,1761
170877324739233,170877324749568,170877324760205,170877324762339,170877324768139,170877324768195,265650,93825812243696,4375639744,7,2732,1151,1762
170877333847383,170877333858060,170877333868504,170877333870318,170877333877053,170877333877111,265650,93825812243696,4375639744,7,2732,1151,1763
170877346068030,170877346080232,170877346091180,170877346093831,170877346100561,170877346100617,265650,93825812243696,4375639744,7,2732,1151,1764
170877354462221,170877354478218,170877354490118,170877354492811,170877354502499,170877354502579,265650,93825812243696,4375639744,7,2732,1151,1765
170877363518292,170877363529432,170877363540282,170877363542425,170877363550007,170877363550101,265650,93825812243696,4375639744,7,2732,1151,1766
170877375074767,170877375085676,170877375096529,170877375098862,170877375103473,170877375103550,265650,93825812243696,4375639744,7,2732,1151,1767
170877383402029,170877383413195,170877383424002,170877383426334,170877383432627,170877383432706,265650,93825812243696,4375639744,7,2732,1151,1768
170877392122335,170877392133210,170877392143727,170877392145585,170877392151740,170877392151802,265650,93825812243696,4375639744,7,2732,1151,1769
170877402170808,170877402181565,170877402191913,170877402193692,170877402196619,170877402196674,265650,93825812243696,4375639744,7,2732,1151,1770
170877411679386,170877411689878,170877411700538,170877411702456,170877411705575,170877411705632,265650,93825812243696,4375639744,7,2732,1151,1771
170877423724926,170877423736624,170877423747825,170877423750056,170877423754391,170877423754494,265650,93825812243696,4375639744,7,2732,1151,1772
170877432691035,170877432703468,170877432715214,170877432717929,170877432721554,170877432721632,265650,93825812243696,4375639744,7,2732,1151,1773
170877442296067,170877442306648,170877442315539,170877442317229,170877442319535,170877442319655,265650,93825812243696,4375639744,7,2732,1151,1774
170877452775265,170877452783736,170877452792000,170877452793267,170877452797278,170877452797335,265650,93825812243696,4375639744,7,2732,1151,1775
170877461166243,170877461175056,170877461183191,170877461184140,170877461189040,170877461189099,265650,93825812243696,4375639744,7,2732,1151,1776
170877470107748,170877470117619,170877470126862,170877470128219,170877470132729,170877470132787,265650,93825812243696,4375639744,7,2732,1151,1777
170877479436139,170877479446124,170877479455364,170877479456611,170877479460136,170877479460200,265650,93825812243696,4375639744,7,2732,1151,1778
170877489201311,170877489210193,170877489218328,170877489219129,170877489222775,170877489222828,265650,93825812243696,4375639744,7,2732,1151,1779
170877498887862,170877498899821,170877498910008,170877498911179,170877498915701,170877498915763,265650,93825812243696,4375639744,7,2732,1151,1780
170877508408886,170877508418618,170877508426894,170877508427671,170877508430232,170877508430286,265650,93825812243696,4375639744,7,2732,1151,1781
170877517886767,170877517895765,170877517904550,170877517905567,170877517910015,170877517910080,265650,93825812243696,4375639744,7,2732,1151,1782
170877527401150,170877527412114,170877527421241,170877527422366,170877527426411,170877527426484,265650,93825812243696,4375639744,7,2732,1151,1783
170877537372949,170877537384489,170877537395203,170877537396116,170877537400323,170877537400402,265650,93825812243696,4375639744,7,2732,1151,1784
170877547149376,170877547171142,170877547182576,170877547185653,170877547193022,170877547193108,265650,93825812243696,4375639744,7,2732,1151,1785
170877557250425,170877557261735,170877557272469,170877557274667,170877557282308,170877557282408,265650,93825812243696,4375639744,7,2732,1151,1786
170877566877551,170877566890393,170877566899126,170877566900320,170877566904905,170877566904959,265650,93825812243696,4375639744,7,2732,1151,1787
170877577397817,170877577414193,170877577425462,170877577428535,170877577433834,170877577433933,265650,93825812243696,4375639744,7,2732,1151,1788
170877586707877,170877586718390,170877586728950,170877586730991,170877586739317,170877586739394,265650,93825812243696,4375639744,7,2732,1151,1789
170877596171962,170877596182451,170877596193229,170877596195092,170877596202701,170877596202770,265650,93825812243696,4375639744,7,2732,1151,1790
170877605531580,170877605542382,170877605553108,170877605554822,170877605562909,170877605562967,265650,93825812243696,4375639744,7,2732,1151,1791
170877615543652,170877615554692,170877615565547,170877615568094,170877615572207,170877615572289,265650,93825812243696,4375639744,7,2732,1151,1792
170877627249638,170877627260205,170877627272059,170877627276150,170877627282449,170877627282519,265650,93825812243696,4375639744,7,2732,1151,1793
170877635567535,170877635578124,170877635589279,170877635591458,170877635596559,170877635596612,265650,93825812243696,4375639744,7,2732,1151,1794
170877645140084,170877645150949,170877645161934,170877645163778,170877645171859,170877645171918,265650,93825812243696,4375639744,7,2732,1151,1795
170877654307047,170877654317471,170877654328168,170877654329836,170877654335759,170877654335819,265650,93825812243696,4375639744,7,2732,1151,1796
170877663724546,170877663735276,170877663746303,170877663748162,170877663755691,170877663755758,265650,93825812243696,4375639744,7,2732,1151,1797
170877674048502,170877674059351,170877674070333,170877674072922,170877674083089,170877674083165,265650,93825812243696,4375639744,7,2732,1151,1798
170877683457810,170877683468872,170877683479577,170877683481597,170877683490755,170877683490836,265650,93825812243696,4375639744,7,2732,1151,1799
170877693426692,170877693437625,170877693448557,170877693450601,170877693458077,170877693458139,265650,93825812243696,4375639744,7,2732,1151,1800
170877704693467,170877704704173,170877704714886,170877704716847,170877704721253,170877704721328,265650,93825812243696,4375639744,7,2732,1151,1801
170877731218541,170877731231054,170877731240553,170877731242841,170877731245870,170877731245934,265650,93825812243696,4375639744,7,2732,1151,1802
170877739540071,170877739560198,170877739571835,170877739574554,170877739581596,170877739581689,265650,93825812243696,4375639744,7,2732,1151,1803
170877751425082,170877751438692,170877751448182,170877751449785,170877751454114,170877751454178,265650,93825812243696,4375639744,7,2732,1151,1804
170877759830672,170877759844265,170877759855874,170877759857291,170877759864320,170877759864417,265650,93825812243696,4375639744,7,2732,1151,1805
170877768865921,170877768875995,170877768885185,170877768886227,170877768890746,170877768890821,265650,93825812243696,4375639744,7,2732,1151,1806
170877777184720,170877777196575,170877777205967,170877777207337,170877777209940,170877777210010,265650,93825812243696,4375639744,7,2732,1151,1807
170877787659142,170877787668319,170877787676740,170877787678028,170877787681991,170877787682063,265650,93825812243696,4375639744,7,2732,1151,1808
170877796077611,170877796088262,170877796097157,170877796098520,170877796104320,170877796104390,265650,93825812243696,4375639744,7,2732,1151,1809
170877804418594,170877804432400,170877804443196,170877804444293,170877804449967,170877804450052,265650,93825812243696,4375639744,7,2732,1151,1810
170877812788745,170877812829455,170877812871800,170877812873229,170877812878261,170877812878356,265650,93825812243696,4375639744,7,2732,1151,1811
170877821067823,170877821078926,170877821087933,170877821089234,170877821093647,170877821093707,265650,93825812243696,4375639744,7,2732,1151,1812
170877829371717,170877829382001,170877829390676,170877829391912,170877829396376,170877829396432,265650,93825812243696,4375639744,7,2732,1151,1813
170877837757185,170877837766203,170877837773808,170877837774491,170877837778622,170877837778668,265650,93825812243696,4375639744,7,2732,1151,1814
170877845990262,170877846007696,170877846018931,170877846019786,170877846024333,170877846024401,265650,93825812243696,4375639744,7,2732,1151,1815
170877854382505,170877854401710,170877854413824,170877854416236,170877854427378,170877854427476,265650,93825812243696,4375639744,7,2732,1151,1816
170877862685853,170877862699579,170877862710412,170877862712425,170877862721560,170877862721612,265650,93825812243696,4375639744,7,2732,1151,1817
170877870995345,170877871009846,170877871020577,170877871022597,170877871030706,170877871030771,265650,93825812243696,4375639744,7,2732,1151,1818
170877879362016,170877879374877,170877879384499,170877879385508,170877879391955,170877879392026,265650,93825812243696,4375639744,7,2732,1151,1819
170877887728357,170877887740667,170877887751776,170877887752885,170877887758949,170877887759033,265650,93825812243696,4375639744,7,2732,1151,1820
170877896089718,170877896101680,170877896112662,170877896113856,170877896119058,170877896119143,265650,93825812243696,4375639744,7,2732,1151,1821
170877904366500,170877904382876,170877904394758,170877904397904,170877904406297,170877904406396,265650,93825812243696,4375639744,7,2732,1151,1822
170877912733795,170877912754262,170877912766587,170877912769161,170877912776773,170877912776850,265650,93825812243696,4375639744,7,2732,1151,1823
170877923266379,170877923287891,170877923299621,170877923302478,170877923310608,170877923310691,265650,93825812243696,4375639744,7,2732,1151,1824
170877931600255,170877931612836,170877931622654,170877931624844,170877931627147,170877931627210,265650,93825812243696,4375639744,7,2732,1151,1825
170877942555635,170877942572839,170877942584220,170877942586861,170877942593396,170877942593493,265650,93825812243696,4375639744,7,2732,1151,1826
170877952281396,170877952298252,170877952309985,170877952312508,170877952317540,170877952317640,265650,93825812243696,4375639744,7,2732,1151,1827
170877961805971,170877961816670,170877961828257,170877961831207,170877961835841,170877961835926,265650,93825812243696,4375639744,7,2732,1151,1828
170877971511359,170877971524610,170877971533812,170877971535720,170877971540647,170877971540716,265650,93825812243696,4375639744,7,2732,1151,1829
170877980971540,170877980986570,170877980997846,170877981003271,170877981007275,170877981007324,265650,93825812243696,4375639744,7,2732,1151,1830
170877990653822,170877990664872,170877990675314,170877990677304,170877990682732,170877990682781,265650,93825812243696,4375639744,7,2732,1151,1831
170878000247911,170878000258602,170878000268901,170878000270587,170878000275197,170878000275248,265650,93825812243696,4375639744,7,2732,1151,1832
170878009716071,170878009726868,170878009737123,170878009738777,170878009742987,170878009743053,265650,93825812243696,4375639744,7,2732,1151,1833
170878019044839,170878019056475,170878019065447,170878019066967,170878019069772,170878019069840,265650,93825812243696,4375639744,7,2732,1151,1834
170878029348686,170878029358740,170878029367248,170878029368395,170878029374865,170878029374935,265650,93825812243696,4375639744,7,2732,1151,1835
170878038228122,170878038237151,170878038245389,170878038246109,170878038250167,170878038250223,265650,93825812243696,4375639744,7,2732,1151,1836
170878047710541,170878047720640,170878047729539,170878047730357,170878047734366,170878047734434,265650,93825812243696,4375639744,7,2732,1151,1837
170878057524460,170878057533059,170878057541058,170878057541950,170878057546846,170878057546904,265650,93825812243696,4375639744,7,2732,1151,1838
170878067526704,170878067538450,170878067549840,170878067551958,170878067557402,170878067557486,265650,93825812243696,4375639744,7,2732,1151,1839
170878077342945,170878077353798,170878077364336,170878077366070,170878077371101,170878077371163,265650,93825812243696,4375639744,7,2732,1151,1840
170878087252814,170878087263602,170878087274664,170878087276716,170878087281607,170878087281671,265650,93825812243696,4375639744,7,2732,1151,1841
170878096805814,170878096819640,170878096830972,170878096832920,170878096838393,170878096838497,265650,93825812243696,4375639744,7,2732,1151,1842
170878106559747,170878106570557,170878106581492,170878106583250,170878106588166,170878106588233,265650,93825812243696,4375639744,7,2732,1151,1843
170878116491373,170878116502239,170878116512661,170878116514485,170878116519620,170878116519683,265650,93825812243696,4375639744,7,2732,1151,1844
170878126056090,170878126067229,170878126077728,170878126079565,170878126085237,170878126085300,265650,93825812243696,4375639744,7,2732,1151,1845
170878136009936,170878136020947,170878136031564,170878136033218,170878136038797,170878136038844,265650,93825812243696,4375639744,7,2732,1151,1846
170878145618721,170878145629269,170878145640334,170878145642261,170878145645577,170878145645621,265650,93825812243696,4375639744,7,2732,1151,1847
170878154085743,170878154096453,170878154107530,170878154109428,170878154116326,170878154116388,265650,93825812243696,4375639744,7,2732,1151,1848
170878163387495,170878163397836,170878163408554,170878163410550,170878163419559,170878163419626,265650,93825812243696,4375639744,7,2732,1151,1849
170878172395294,170878172406338,170878172417134,170878172419005,170878172426846,170878172426906,265650,93825812243696,4375639744,7,2732,1151,1850
170878181870329,170878181881454,170878181892221,170878181894445,170878181903542,170878181903601,265650,93825812243696,4375639744,7,2732,1151,1851
170878191502809,170878191513174,170878191524064,170878191526517,170878191537760,170878191537821,265650,93825812243696,4375639744,7,2732,1151,1852
170878200909591,170878200920207,170878200930880,170878200932891,170878200941747,170878200941807,265650,93825812243696,4375639744,7,2732,1151,1853
170878210159839,170878210171161,170878210182775,170878210184736,170878210194024,170878210194114,265650,93825812243696,4375639744,7,2732,1151,1854
170878221744152,170878221755014,170878221766003,170878221768164,170878221773495,170878221773555,265650,93825812243696,4375639744,7,2732,1151,1855
170878231131010,170878231142833,170878231153628,170878231155862,170878231161990,170878231162058,265650,93825812243696,4375639744,7,2732,1151,1856
170878240553455,170878240564194,170878240574944,170878240576901,170878240581943,170878240581996,265650,93825812243696,4375639744,7,2732,1151,1857
170878250350256,170878250361720,170878250372532,170878250374835,170878250379402,170878250379466,265650,93825812243696,4375639744,7,2732,1151,1858
170878258799982,170878258810895,170878258821489,170878258823774,170878258831125,170878258831181,265650,93825812243696,4375639744,7,2732,1151,1859
170878267736465,170878267747418,170878267758267,170878267760774,170878267770556,170878267770632,265650,93825812243696,4375639744,7,2732,1151,1860
170878277121405,170878277132341,170878277142902,170878277144635,170878277151968,170878277152029,265650,93825812243696,4375639744,7,2732,1151,1861
170878287213310,170878287223995,170878287234684,170878287237059,170878287247467,170878287247526,265650,93825812243696,4375639744,7,2732,1151,1862
170878296470786,170878296481910,170878296492875,170878296495647,170878296505486,170878296505543,265650,93825812243696,4375639744,7,2732,1151,1863
170878305922941,170878305933357,170878305943715,170878305945862,170878305954722,170878305954781,265650,93825812243696,4375639744,7,2732,1151,1864
170878315224077,170878315234900,170878315245844,170878315247793,170878315255631,170878315255693,265650,93825812243696,4375639744,7,2732,1151,1865
170878324363924,170878324374645,170878324385647,170878324387356,170878324394850,170878324394896,265650,93825812243696,4375639744,7,2732,1151,1866
170878333999696,170878334014284,170878334024904,170878334026790,170878334034601,170878334034667,265650,93825812243696,4375639744,7,2732,1151,1867
170878343542799,170878343552937,170878343563100,170878343564455,170878343572862,170878343572910,265650,93825812243696,4375639744,7,2732,1151,1868
170878353910673,170878353921279,170878353932532,170878353935185,170878353939665,170878353939725,265650,93825812243696,4375639744,7,2732,1151,1869
170878362541130,170878362552191,170878362563141,170878362565971,170878362575047,170878362575139,265650,93825812243696,4375639744,7,2732,1151,1870
170878372239316,170878372250146,170878372261163,170878372263390,170878372270009,170878372270087,265650,93825812243696,4375639744,7,2732,1151,1871
170878383390359,170878383400858,170878383411524,170878383413522,170878383418015,170878383418075,265650,93825812243696,4375639744,7,2732,1151,1872
170878392141733,170878392152397,170878392163085,170878392165135,170878392170466,170878392170523,265650,93825812243696,4375639744,7,2732,1151,1873
170878401395038,170878401405395,170878401417183,170878401420225,170878401426520,170878401426582,265650,93825812243696,4375639744,7,2732,1151,1874
170878410395885,170878410406665,170878410417219,170878410418919,170878410423334,170878410423396,265650,93825812243696,4375639744,7,2732,1151,1875
170878420066062,170878420076958,170878420087471,170878420089381,170878420115896,170878420116056,265650,93825812243696,4375639744,7,2732,1151,1876
170878428444249,170878428454773,170878428465874,170878428467912,170878428476573,170878428476617,265650,93825812243696,4375639744,7,2732,1151,1877
170878437375752,170878437386136,170878437396841,170878437398886,170878437407514,170878437407575,265650,93825812243696,4375639744,7,2732,1151,1878
170878446376786,170878446387389,170878446398373,170878446400051,170878446408017,170878446408075,265650,93825812243696,4375639744,7,2732,1151,1879
170878455593461,170878455604405,170878455615124,170878455616635,170878455620732,170878455620792,265650,93825812243696,4375639744,7,2732,1151,1880
170878464903422,170878464913908,170878464924161,170878464925952,170878464931077,170878464931153,265650,93825812243696,4375639744,7,2732,1151,1881
170878474249294,170878474260084,170878474270511,170878474272897,170878474278449,170878474278511,265650,93825812243696,4375639744,7,2732,1151,1882
170878483818355,170878483828776,170878483839989,170878483842221,170878483848588,170878483848692,265650,93825812243696,4375639744,7,2732,1151,1883
170878492982580,170878492993314,170878493008538,170878493010702,170878493015735,170878493015795,265650,93825812243696,4375639744,7,2732,1151,1884
170878502383661,170878502394409,170878502406572,170878502409775,170878502417327,170878502417386,265650,93825812243696,4375639744,7,2732,1151,1885
170878511658002,170878511668450,170878511679205,170878511681082,170878511687210,170878511687272,265650,93825812243696,4375639744,7,2732,1151,1886
170878520871015,170878520882193,170878520892731,170878520894540,170878520899579,170878520899637,265650,93825812243696,4375639744,7,2732,1151,1887
170878530228261,170878530239008,170878530249389,170878530251240,170878530256226,170878530256290,265650,93825812243696,4375639744,7,2732,1151,1888
170878539456872,170878539467714,170878539478239,170878539479830,170878539487315,170878539487367,265650,93825812243696,4375639744,7,2732,1151,1889
170878548115434,170878548125729,170878548136513,170878548138000,170878548143027,170878548143085,265650,93825812243696,4375639744,7,2732,1151,1890
170878557611011,170878557621885,170878557632574,170878557633905,170878557637774,170878557637823,265650,93825812243696,4375639744,7,2732,1151,1891
170878568934447,170878568944868,170878568956204,170878568958370,170878568963110,170878568963172,265650,93825812243696,4375639744,7,2732,1151,1892
170878577265978,170878577277464,170878577288363,170878577290369,170878577296151,170878577296214,265650,93825812243696,4375639744,7,2732,1151,1893
170878586492968,170878586503844,170878586514514,170878586516409,170878586521611,170878586521673,265650,93825812243696,4375639744,7,2732,1151,1894
170878595893256,170878595903834,170878595914431,170878595916242,170878595920884,170878595920947,265650,93825812243696,4375639744,7,2732,1151,1895
170878605080085,170878605090571,170878605101151,170878605102989,170878605107164,170878605107223,265650,93825812243696,4375639744,7,2732,1151,1896
170878613588386,170878613598602,170878613608909,170878613611112,170878613621490,170878613621554,265650,93825812243696,4375639744,7,2732,1151,1897
170878622785819,170878622796572,170878622807032,170878622808913,170878622816739,170878622816784,265650,93825812243696,4375639744,7,2732,1151,1898
170878631493445,170878631503944,170878631514811,170878631516704,170878631523557,170878631523677,265650,93825812243696,4375639744,7,2732,1151,1899
170878640781693,170878640792503,170878640803205,170878640804727,170878640811746,170878640811806,265650,93825812243696,4375639744,7,2732,1151,1900
170878650258880,170878650269420,170878650279842,170878650281500,170878650288749,170878650288808,265650,93825812243696,4375639744,7,2732,1151,1901
170878659006191,170878659017051,170878659027753,170878659029498,170878659033914,170878659033974,265650,93825812243696,4375639744,7,2732,1151,1902
170878668126704,170878668137023,170878668147733,170878668149519,170878668156687,170878668156749,265650,93825812243696,4375639744,7,2732,1151,1903
170878677397792,170878677407939,170878677418490,170878677420381,170878677427543,170878677427669,265650,93825812243696,4375639744,7,2732,1151,1904
170878686410810,170878686421992,170878686433276,170878686435631,170878686443603,170878686443692,265650,93825812243696,4375639744,7,2732,1151,1905
170878696017166,170878696028049,170878696038621,170878696041210,170878696049456,170878696049542,265650,93825812243696,4375639744,7,2732,1151,1906
170878704768337,170878704779160,170878704790761,170878704792650,170878704800792,170878704800846,265650,93825812243696,4375639744,7,2732,1151,1907
170878714013476,170878714024693,170878714035281,170878714037169,170878714044626,170878714044671,265650,93825812243696,4375639744,7,2732,1151,1908
170878723036668,170878723047479,170878723058120,170878723059931,170878723068536,170878723068580,265650,93825812243696,4375639744,7,2732,1151,1909
170878732012107,170878732023225,170878732033698,170878732035601,170878732040641,170878732040684,265650,93825812243696,4375639744,7,2732,1151,1910
170878741469191,170878741480228,170878741491099,170878741493356,170878741501642,170878741501719,265650,93825812243696,4375639744,7,2732,1151,1911
170878749823468,170878749834381,170878749844729,170878749846679,170878749853491,170878749853554,265650,93825812243696,4375639744,7,2732,1151,1912
170878760977793,170878760989416,170878761007127,170878761009613,170878761013690,170878761013790,265650,93825812243696,4375639744,7,2732,1151,1913
170878769414430,170878769425254,170878769435935,170878769438221,170878769445083,170878769445163,265650,93825812243696,4375639744,7,2732,1151,1914
170878778387510,170878778398270,170878778409249,170878778412246,170878778419146,170878778419209,265650,93825812243696,4375639744,7,2732,1151,1915
170878798742009,170878798754994,170878798764414,170878798767199,170878798769528,170878798769588,265650,93825812243696,4375639744,7,2732,1151,1916
170878807178947,170878807198242,170878807209358,170878807210937,170878807217352,170878807217447,265650,93825812243696,4375639744,7,2732,1151,1917
170878815503182,170878815518214,170878815529404,170878815531110,170878815536915,170878815536999,265650,93825812243696,4375639744,7,2732,1151,1918
170878823768298,170878823782079,170878823792899,170878823794286,170878823808953,170878823809036,265650,93825812243696,4375639744,7,2732,1151,1919
170878832100661,170878832114116,170878832125394,170878832126904,170878832132698,170878832132878,265650,93825812243696,4375639744,7,2732,1151,1920
170878840377663,170878840399696,170878840411634,170878840414772,170878840423654,170878840423733,265650,93825812243696,4375639744,7,2732,1151,1921
170878848662820,170878848683380,170878848694943,170878848697938,170878848709168,170878848709231,265650,93825812243696,4375639744,7,2732,1151,1922
170878857006158,170878857020085,170878857030988,170878857033013,170878857038687,170878857038728,265650,93825812243696,4375639744,7,2732,1151,1923
170878865340456,170878865353623,170878865364945,170878865366968,170878865373355,170878865373475,265650,93825812243696,4375639744,7,2732,1151,1924
170878873690761,170878873705976,170878873718311,170878873721357,170878873728670,170878873728752,265650,93825812243696,4375639744,7,2732,1151,1925
170878882016597,170878882029174,170878882039764,170878882041562,170878882048020,170878882048063,265650,93825812243696,4375639744,7,2732,1151,1926
170878890359080,170878890374836,170878890386825,170878890389613,170878890402717,170878890402761,265650,93825812243696,4375639744,7,2732,1151,1927
170878898671392,170878898683814,170878898696654,170878898699632,170878898712629,170878898712672,265650,93825812243696,4375639744,7,2732,1151,1928
170878907026321,170878907037049,170878907047858,170878907049467,170878907056407,170878907056455,265650,93825812243696,4375639744,7,2732,1151,1929
170878915341359,170878915352456,170878915362935,170878915364982,170878915373248,170878915373296,265650,93825812243696,4375639744,7,2732,1151,1930
170878923748950,170878923761539,170878923773188,170878923776561,170878923790370,170878923790425,265650,93825812243696,4375639744,7,2732,1151,1931
170878932005569,170878932017600,170878932028500,170878932030651,170878932038703,170878932038745,265650,93825812243696,4375639744,7,2732,1151,1932
170878940972426,170878940983262,170878940993859,170878940995828,170878941006656,170878941006718,265650,93825812243696,4375639744,7,2732,1151,1933
170878949971892,170878949982411,170878949993191,170878949995174,170878950007738,170878950007821,265650,93825812243696,4375639744,7,2732,1151,1934
170878958886331,170878958896847,170878958907900,170878958909619,170878958917776,170878958917879,265650,93825812243696,4375639744,7,2732,1151,1935
170878968161256,170878968171942,170878968182784,170878968184598,170878968192520,170878968192568,265650,93825812243696,4375639744,7,2732,1151,1936
170878977272125,170878977283912,170878977294815,170878977296761,170878977301132,170878977301175,265650,93825812243696,4375639744,7,2732,1151,1937
170878986407888,170878986418292,170878986429087,170878986431251,170878986440142,170878986440192,265650,93825812243696,4375639744,7,2732,1151,1938
170878995418986,170878995429871,170878995440033,170878995441866,170878995448780,170878995448833,265650,93825812243696,4375639744,7,2732,1151,1939
170879004754257,170879004764711,170879004775688,170879004777446,170879004784845,170879004784889,265650,93825812243696,4375639744,7,2732,1151,1940
170879013755482,170879013766121,170879013776375,170879013777934,170879013784259,170879013784307,265650,93825812243696,4375639744,7,2732,1151,1941
170879023279434,170879023289834,170879023299971,170879023301828,170879023310374,170879023310439,265650,93825812243696,4375639744,7,2732,1151,1942
170879032613710,170879032625066,170879032635920,170879032637857,170879032646459,170879032646545,265650,93825812243696,4375639744,7,2732,1151,1943
170879041949402,170879041960054,170879041970576,170879041972438,170879041980195,170879041980262,265650,93825812243696,4375639744,7,2732,1151,1944
170879053400887,170879053411472,170879053422273,170879053424815,170879053430178,170879053430236,265650,93825812243696,4375639744,7,2732,1151,1945
170879062465970,170879062476457,170879062487352,170879062489209,170879062494562,170879062494624,265650,93825812243696,4375639744,7,2732,1151,1946
170879071198331,170879071209323,170879071219938,170879071221873,170879071227676,170879071227765,265650,93825812243696,4375639744,7,2732,1151,1947
170879080554807,170879080565534,170879080575964,170879080577741,170879080581370,170879080581427,265650,93825812243696,4375639744,7,2732,1151,1948
170879089774105,170879089784753,170879089795350,170879089797929,170879089803519,170879089803564,265650,93825812243696,4375639744,7,2732,1151,1949
170879098193006,170879098203642,170879098214821,170879098216949,170879098223713,170879098223779,265650,93825812243696,4375639744,7,2732,1151,1950
170879107441245,170879107452866,170879107464248,170879107466721,170879107477289,170879107477376,265650,93825812243696,4375639744,7,2732,1151,1951
170879116628474,170879116639323,170879116650663,170879116652928,170879116661107,170879116661163,265650,93825812243696,4375639744,7,2732,1151,1952
170879126052231,170879126063054,170879126073861,170879126075655,170879126083216,170879126083284,265650,93825812243696,4375639744,7,2732,1151,1953
170879135388445,170879135399253,170879135410234,170879135411877,170879135419305,170879135419358,265650,93825812243696,4375639744,7,2732,1151,1954
170879144659496,170879144669962,170879144680714,170879144682149,170879144688633,170879144688680,265650,93825812243696,4375639744,7,2732,1151,1955
170879153770730,170879153781302,170879153791825,170879153793470,170879153800870,170879153800946,265650,93825812243696,4375639744,7,2732,1151,1956
170879163227649,170879163238161,170879163248656,170879163250121,170879163257814,170879163257871,265650,93825812243696,4375639744,7,2732,1151,1957
170879172883616,170879172894162,170879172905134,170879172906768,170879172914736,170879172914789,265650,93825812243696,4375639744,7,2732,1151,1958
170879182148723,170879182160078,170879182171970,170879182174253,170879182178705,170879182178796,265650,93825812243696,4375639744,7,2732,1151,1959
170879194056495,170879194067117,170879194077846,170879194079642,170879194084648,170879194084712,265650,93825812243696,4375639744,7,2732,1151,1960
170879202897141,170879202907904,170879202918741,170879202920457,170879202924948,170879202925008,265650,93825812243696,4375639744,7,2732,1151,1961
170879212203619,170879212214343,170879212224939,170879212226822,170879212231889,170879212231931,265650,93825812243696,4375639744,7,2732,1151,1962
170879221387069,170879221397842,170879221408705,170879221410810,170879221415960,170879221416018,265650,93825812243696,4375639744,7,2732,1151,1963
170879230893839,170879230905722,170879230916704,170879230918642,170879230922309,170879230922400,265650,93825812243696,4375639744,7,2732,1151,1964
170879240448491,170879240459373,170879240470470,170879240472547,170879240478261,170879240478326,265650,93825812243696,4375639744,7,2732,1151,1965
170879249980926,170879249991587,170879250009475,170879250011300,170879250017251,170879250017299,265650,93825812243696,4375639744,7,2732,1151,1966
170879259717733,170879259728214,170879259738845,170879259741011,170879259746910,170879259746958,265650,93825812243696,4375639744,7,2732,1151,1967
170879269257019,170879269268152,170879269279377,170879269281633,170879269287256,170879269287342,265650,93825812243696,4375639744,7,2732,1151,1968
170879279169316,170879279186113,170879279198430,170879279200060,170879279207597,170879279207709,265650,93825812243696,4375639744,7,2732,1151,1969
170879289020146,170879289036892,170879289048084,170879289051085,170879289055343,170879289055435,265650,93825812243696,4375639744,7,2732,1151,1970
170879298540353,170879298549917,170879298558632,170879298559962,170879298563490,170879298563557,265650,93825812243696,4375639744,7,2732,1151,1971
170879308194638,170879308205927,170879308216936,170879308219598,170879308225312,170879308225404,265650,93825812243696,4375639744,7,2732,1151,1972
170879317617203,170879317628317,170879317638960,170879317640782,170879317646065,170879317646113,265650,93825812243696,4375639744,7,2732,1151,1973
170879326954134,170879326964936,170879326975666,170879326977310,170879326981938,170879326981995,265650,93825812243696,4375639744,7,2732,1151,1974
170879336616232,170879336626960,170879336638221,170879336640173,170879336645403,170879336645464,265650,93825812243696,4375639744,7,2732,1151,1975
170879346082336,170879346092903,170879346103181,170879346104911,170879346110304,170879346110367,265650,93825812243696,4375639744,7,2732,1151,1976
170879355109736,170879355120154,170879355130677,170879355132410,170879355137437,170879355137499,265650,93825812243696,4375639744,7,2732,1151,1977
170879364239962,170879364250315,170879364261500,170879364263929,170879364273944,170879364274001,265650,93825812243696,4375639744,7,2732,1151,1978
170879373128191,170879373139433,170879373150382,170879373152309,170879373158961,170879373159026,265650,93825812243696,4375639744,7,2732,1151,1979
170879382769778,170879382781419,170879382793470,170879382796218,170879382806095,170879382806180,265650,93825812243696,4375639744,7,2732,1151,1980
170879392192882,170879392203849,170879392214525,170879392216363,170879392220622,170879392220669,265650,93825812243696,4375639744,7,2732,1151,1981
170879401782906,170879401797786,170879401806684,170879401808129,170879401813040,170879401813102,265650,93825812243696,4375639744,7,2732,1151,1982
170879411238171,170879411248655,170879411257769,170879411258972,170879411264234,170879411264308,265650,93825812243696,4375639744,7,2732,1151,1983
170879423323223,170879423333051,170879423342096,170879423343231,170879423348639,170879423348701,265650,93825812243696,4375639744,7,2732,1151,1984
170879432530022,170879432538519,170879432546762,170879432547684,170879432552131,170879432552199,265650,93825812243696,4375639744,7,2732,1151,1985
170879441787833,170879441796199,170879441804300,170879441805087,170879441809086,170879441809151,265650,93825812243696,4375639744,7,2732,1151,1986
170879451949144,170879451957925,170879451966016,170879451966758,170879451971162,170879451971223,265650,93825812243696,4375639744,7,2732,1151,1987
170879461682691,170879461691635,170879461699902,170879461700812,170879461705747,170879461705809,265650,93825812243696,4375639744,7,2732,1151,1988
170879471416029,170879471425600,170879471434744,170879471435651,170879471439667,170879471439729,265650,93825812243696,4375639744,7,2732,1151,1989
170879481075592,170879481091634,170879481103015,170879481105360,170879481112101,170879481112168,265650,93825812243696,4375639744,7,2732,1151,1990
170879490678295,170879490689831,170879490700938,170879490702742,170879490707622,170879490707714,265650,93825812243696,4375639744,7,2732,1151,1991
170879500797549,170879500810346,170879500819542,170879500820536,170879500825161,170879500825227,265650,93825812243696,4375639744,7,2732,1151,1992
170879509871220,170879509881414,170879509890959,170879509891951,170879509896573,170879509896645,265650,93825812243696,4375639744,7,2732,1151,1993
170879519429757,170879519446131,170879519457223,170879519459511,170879519463277,170879519463360,265650,93825812243696,4375639744,7,2732,1151,1994
170879529102319,170879529113290,170879529124145,170879529125809,170879529130611,170879529130697,265650,93825812243696,4375639744,7,2732,1151,1995
170879538562001,170879538572918,170879538583537,170879538585286,170879538590374,170879538590440,265650,93825812243696,4375639744,7,2732,1151,1996
170879548272803,170879548283601,170879548294372,170879548296286,170879548301055,170879548301170,265650,93825812243696,4375639744,7,2732,1151,1997
170879557903581,170879557914375,170879557924893,170879557926841,170879557931257,170879557931352,265650,93825812243696,4375639744,7,2732,1151,1998
170879567680508,170879567691506,170879567702364,170879567704442,170879567709444,170879567709497,265650,93825812243696,4375639744,7,2732,1151,1999
170879577652520,170879577663345,170879577673942,170879577675866,170879577680533,170879577680598,265650,93825812243696,4375639744,7,2732,1151,2000
170879587332656,170879587343184,170879587353885,170879587355847,170879587361171,170879587361218,265650,93825812243696,4375639744,7,2732,1151,2001
170879597227188,170879597237613,170879597248164,170879597249999,170879597255025,170879597255073,265650,93825812243696,4375639744,7,2732,1151,2002
170879606876455,170879606887020,170879606897977,170879606899889,170879606903524,170879606903586,265650,93825812243696,4375639744,7,2732,1151,2003
170879616458534,170879616468946,170879616479276,170879616481258,170879616486215,170879616486278,265650,93825812243696,4375639744,7,2732,1151,2004
170879626100210,170879626111279,170879626122279,170879626124525,170879626128706,170879626128795,265650,93825812243696,4375639744,7,2732,1151,2005
170879636030461,170879636041362,170879636051749,170879636053694,170879636057990,170879636058058,265650,93825812243696,4375639744,7,2732,1151,2006
170879645837192,170879645847927,170879645858319,170879645859805,170879645864137,170879645864202,265650,93825812243696,4375639744,7,2732,1151,2007
170879656112466,170879656133070,170879656145379,170879656147340,170879656162452,170879656162540,265650,93825812243696,4375639744,7,2732,1151,2008
170879665605476,170879665614084,170879665622540,170879665623636,170879665628081,170879665628144,265650,93825812243696,4375639744,7,2732,1151,2009
170879675107663,170879675117782,170879675127295,170879675128361,170879675132989,170879675133058,265650,93825812243696,4375639744,7,2732,1151,2010
170879685077066,170879685086854,170879685096120,170879685097005,170879685101315,170879685101380,265650,93825812243696,4375639744,7,2732,1151,2011
170879694852053,170879694860926,170879694869191,170879694870094,170879694874519,170879694874578,265650,93825812243696,4375639744,7,2732,1151,2012
170879704308700,170879704317634,170879704325906,170879704326793,170879704332555,170879704332623,265650,93825812243696,4375639744,7,2732,1151,2013
170879714288346,170879714298191,170879714307532,170879714308465,170879714311824,170879714311900,265650,93825812243696,4375639744,7,2732,1151,2014
170879722624263,170879722632900,170879722640997,170879722642009,170879722645630,170879722645684,265650,93825812243696,4375639744,7,2732,1151,2015
170879733552859,170879733562743,170879733572215,170879733573415,170879733579120,170879733579181,265650,93825812243696,4375639744,7,2732,1151,2016
170879742834893,170879742850626,170879742861743,170879742864361,170879742868011,170879742868072,265650,93825812243696,4375639744,7,2732,1151,2017
170879752757507,170879752769504,170879752780635,170879752782600,170879752789117,170879752789212,265650,93825812243696,4375639744,7,2732,1151,2018
170879762372805,170879762383980,170879762394615,170879762397104,170879762401753,170879762401831,265650,93825812243696,4375639744,7,2732,1151,2019
170879772331870,170879772342558,170879772353494,170879772355596,170879772359853,170879772359912,265650,93825812243696,4375639744,7,2732,1151,2020
170879782104678,170879782114288,170879782123273,170879782124633,170879782128871,170879782128935,265650,93825812243696,4375639744,7,2732,1151,2021
170879792294312,170879792304353,170879792313996,170879792315042,170879792319322,170879792319385,265650,93825812243696,4375639744,7,2732,1151,2022
170879801317852,170879801327508,170879801335927,170879801336857,170879801340894,170879801340960,265650,93825812243696,4375639744,7,2732,1151,2023
170879810833322,170879810844045,170879810852383,170879810853409,170879810857913,170879810857964,265650,93825812243696,4375639744,7,2732,1151,2024
170879821079392,170879821094395,170879821105544,170879821108338,170879821112715,170879821112793,265650,93825812243696,4375639744,7,2732,1151,2025
170879830402576,170879830414381,170879830425322,170879830427941,170879830434898,170879830434972,265650,93825812243696,4375639744,7,2732,1151,2026
170879840312404,170879840327047,170879840337325,170879840339129,170879840342913,170879840342989,265650,93825812243696,4375639744,7,2732,1151,2027
170879866708060,170879866729152,170879866745631,170879866748460,170879866752281,170879866752355,265650,93825812243696,4375639744,7,2732,1151,2028
170879875037677,170879875058364,170879875069925,170879875072569,170879875081623,170879875081689,265650,93825812243696,4375639744,7,2732,1151,2029
170879883387823,170879883410015,170879883422210,170879883425015,170879883434356,170879883434450,265650,93825812243696,4375639744,7,2732,1151,2030
170879892743510,170879892765992,170879892777778,170879892780455,170879892792452,170879892792575,265650,93825812243696,4375639744,7,2732,1151,2031
170879900046340,170879900062649,170879900073817,170879900076211,170879900089296,170879900089487,265650,93825812243696,4375639744,7,2732,1151,2032
170879908400473,170879908433189,170879908451455,170879908454957,170879908469103,170879908469196,265650,93825812243696,4375639744,7,2732,1151,2033
170879916736523,170879916759511,170879916771336,170879916774590,170879916786472,170879916786556,265650,93825812243696,4375639744,7,2732,1151,2034
170879925108852,170879925125453,170879925136807,170879925139678,170879925146635,170879925146728,265650,93825812243696,4375639744,7,2732,1151,2035
170879933378100,170879933392163,170879933403780,170879933406491,170879933411844,170879933411947,265650,93825812243696,4375639744,7,2732,1151,2036
170879941734970,170879941753362,170879941764660,170879941766883,170879941775709,170879941775821,265650,93825812243696,4375639744,7,2732,1151,2037
170879950080588,170879950096346,170879950107177,170879950109879,170879950117598,170879950117691,265650,93825812243696,4375639744,7,2732,1151,2038
170879960258310,170879960269129,170879960279023,170879960281284,170879960291291,170879960291354,265650,93825812243696,4375639744,7,2732,1151,2039
170879968557649,170879968573860,170879968585794,170879968588801,170879968596573,170879968596676,265650,93825812243696,4375639744,7,2732,1151,2040
170879979705009,170879979715446,170879979725951,170879979727763,170879979733432,170879979733495,265650,93825812243696,4375639744,7,2732,1151,2041
170879988114060,170879988123373,170879988132321,170879988133979,170879988139679,170879988139750,265650,93825812243696,4375639744,7,2732,1151,2042
170879997462784,170879997471648,170879997480324,170879997482125,170879997487550,170879997487612,265650,93825812243696,4375639744,7,2732,1151,2043
170880007436670,170880007449089,170880007457881,170880007459998,170880007462930,170880007463002,265650,93825812243696,4375639744,7,2732,1151,2044
170880017431403,170880017443087,170880017454802,170880017457957,170880017468550,170880017468652,265650,93825812243696,4375639744,7,2732,1151,2045
170880026540954,170880026551684,170880026563147,170880026565185,170880026574172,170880026574232,265650,93825812243696,4375639744,7,2732,1151,2046
170880035611785,170880035624721,170880035636028,170880035637894,170880035642608,170880035642670,265650,93825812243696,4375639744,7,2732,1151,2047
170880045217284,170880045228904,170880045239793,170880045241764,170880045250773,170880045250873,265650,93825812243696,4375639744,7,2732,1151,2048
170880055323108,170880055333782,170880055344416,170880055346824,170880055354497,170880055354564,265650,93825812243696,4375639744,7,2732,1151,2049
170880064445749,170880064456539,170880064467854,170880064469732,170880064476507,170880064476555,265650,93825812243696,4375639744,7,2732,1151,2050
170880074244493,170880074255341,170880074266367,170880074268042,170880074274979,170880074275045,265650,93825812243696,4375639744,7,2732,1151,2051
170880083690712,170880083701307,170880083712142,170880083713953,170880083720778,170880083720845,265650,93825812243696,4375639744,7,2732,1151,2052
170880093968566,170880093979530,170880093990551,170880093993124,170880093997875,170880093997961,265650,93825812243696,4375639744,7,2732,1151,2053
170880103872576,170880103883096,170880103894135,170880103895905,170880103904813,170880103904884,265650,93825812243696,4375639744,7,2732,1151,2054
170880113791946,170880113802389,170880113813602,170880113815975,170880113824368,170880113824425,265650,93825812243696,4375639744,7,2732,1151,2055
170880123572478,170880123583405,170880123594283,170880123596420,170880123607363,170880123607429,265650,93825812243696,4375639744,7,2732,1151,2056
170880133278683,170880133289882,170880133301021,170880133302971,170880133309116,170880133309211,265650,93825812243696,4375639744,7,2732,1151,2057
170880145398370,170880145409407,170880145421552,170880145423997,170880145429760,170880145429841,265650,93825812243696,4375639744,7,2732,1151,2058
170880153687973,170880153698829,170880153710781,170880153713932,170880153727109,170880153727194,265650,93825812243696,4375639744,7,2732,1151,2059
170880164821431,170880164832500,170880164844098,170880164847217,170880164853267,170880164853346,265650,93825812243696,4375639744,7,2732,1151,2060
170880174013471,170880174024459,170880174035483,170880174037907,170880174043325,170880174043402,265650,93825812243696,4375639744,7,2732,1151,2061
170880183690102,170880183701804,170880183713287,170880183716102,170880183722928,170880183723019,265650,93825812243696,4375639744,7,2732,1151,2062
170880193517642,170880193528312,170880193539265,170880193541447,170880193546406,170880193546476,265650,93825812243696,4375639744,7,2732,1151,2063
170880202806359,170880202827200,170880202839411,170880202841606,170880202847887,170880202847974,265650,93825812243696,4375639744,7,2732,1151,2064
170880212265673,170880212274555,170880212282664,170880212283533,170880212287762,170880212287828,265650,93825812243696,4375639744,7,2732,1151,2065
170880221551930,170880221560795,170880221569125,170880221569982,170880221574039,170880221574102,265650,93825812243696,4375639744,7,2732,1151,2066
170880230316502,170880230325128,170880230332952,170880230333666,170880230336922,170880230336976,265650,93825812243696,4375639744,7,2732,1151,2067
170880241297783,170880241312906,170880241324128,170880241327634,170880241331344,170880241331431,265650,93825812243696,4375639744,7,2732,1151,2068
170880250454970,170880250466970,170880250477907,170880250480210,170880250482958,170880250483044,265650,93825812243696,4375639744,7,2732,1151,2069
170880259929929,170880259940786,170880259953901,170880259956052,170880259960083,170880259960147,265650,93825812243696,4375639744,7,2732,1151,2070
170880269511259,170880269520645,170880269529881,170880269531186,170880269535384,170880269535449,265650,93825812243696,4375639744,7,2732,1151,2071
170880279267329,170880279276361,170880279284589,170880279285836,170880279290759,170880279290815,265650,93825812243696,4375639744,7,2732,1151,2072
170880288144510,170880288153372,170880288161334,170880288162647,170880288166950,170880288167010,265650,93825812243696,4375639744,7,2732,1151,2073
170880297675069,170880297685002,170880297693930,170880297695043,170880297698602,170880297698663,265650,93825812243696,4375639744,7,2732,1151,2074
170880306555328,170880306564521,170880306572627,170880306573523,170880306576994,170880306577051,265650,93825812243696,4375639744,7,2732,1151,2075
170880318255993,170880318264911,170880318272848,170880318273770,170880318278867,170880318278919,265650,93825812243696,4375639744,7,2732,1151,2076
170880327086830,170880327096858,170880327105888,170880327106615,170880327111219,170880327111279,265650,93825812243696,4375639744,7,2732,1151,2077
170880336484106,170880336501007,170880336512558,170880336514912,170880336518691,170880336518787,265650,93825812243696,4375639744,7,2732,1151,2078
170880347691967,170880347708266,170880347721358,170880347725095,170880347735053,170880347735261,265650,93825812243696,4375639744,7,2732,1151,2079
170880356078017,170880356095147,170880356107765,170880356109726,170880356116928,170880356117014,265650,93825812243696,4375639744,7,2732,1151,2080
170880365615120,170880365624563,170880365633367,170880365634774,170880365640807,170880365640876,265650,93825812243696,4375639744,7,2732,1151,2081
170880374813262,170880374823205,170880374832327,170880374833088,170880374837069,170880374837124,265650,93825812243696,4375639744,7,2732,1151,2082
170880384305663,170880384314619,170880384322763,170880384323559,170880384328185,170880384328245,265650,93825812243696,4375639744,7,2732,1151,2083
170880393913586,170880393923904,170880393933375,170880393934249,170880393938436,170880393938501,265650,93825812243696,4375639744,7,2732,1151,2084
170880402963490,170880402974809,170880402986066,170880402988642,170880402993120,170880402993195,265650,93825812243696,4375639744,7,2732,1151,2085
170880412438211,170880412448807,170880412459753,170880412461274,170880412465610,170880412465672,265650,93825812243696,4375639744,7,2732,1151,2086
170880421802034,170880421812588,170880421823232,170880421825327,170880421830190,170880421830247,265650,93825812243696,4375639744,7,2732,1151,2087
170880431048870,170880431060097,170880431071091,170880431072969,170880431077394,170880431077454,265650,93825812243696,4375639744,7,2732,1151,2088
170880440514864,170880440525344,170880440535813,170880440537658,170880440541355,170880440541416,265650,93825812243696,4375639744,7,2732,1151,2089
170880450081337,170880450092130,170880450102816,170880450104810,170880450108926,170880450108984,265650,93825812243696,4375639744,7,2732,1151,2090
170880459336442,170880459348525,170880459358934,170880459360546,170880459364156,170880459364213,265650,93825812243696,4375639744,7,2732,1151,2091
170880468680283,170880468691541,170880468701994,170880468703702,170880468707771,170880468707834,265650,93825812243696,4375639744,7,2732,1151,2092
170880478085587,170880478096242,170880478106779,170880478108238,170880478111892,170880478111950,265650,93825812243696,4375639744,7,2732,1151,2093
170880487201827,170880487212147,170880487223133,170880487224879,170880487228285,170880487228344,265650,93825812243696,4375639744,7,2732,1151,2094
170880496734789,170880496745402,170880496755923,170880496757669,170880496761396,170880496761457,265650,93825812243696,4375639744,7,2732,1151,2095
170880505388512,170880505399235,170880505410062,170880505412480,170880505421556,170880505421612,265650,93825812243696,4375639744,7,2732,1151,2096
170880513789988,170880513800584,170880513811271,170880513813074,170880513818313,170880513818390,265650,93825812243696,4375639744,7,2732,1151,2097
170880525347020,170880525357646,170880525368043,170880525370257,170880525374146,170880525374203,265650,93825812243696,4375639744,7,2732,1151,2098
170880533727205,170880533738086,170880533748447,170880533749923,170880533758567,170880533758627,265650,93825812243696,4375639744,7,2732,1151,2099
170880543226585,170880543236377,170880543246073,170880543247697,170880543252292,170880543252350,265650,93825812243696,4375639744,7,2732,1151,2100
170880552496852,170880552507449,170880552517068,170880552518692,170880552525287,170880552525367,265650,93825812243696,4375639744,7,2732,1151,2101
170880560789552,170880560798778,170880560807101,170880560808095,170880560809818,170880560809886,265650,93825812243696,4375639744,7,2732,1151,2102
170880569383623,170880569392239,170880569400260,170880569401292,170880569405453,170880569405520,265650,93825812243696,4375639744,7,2732,1151,2103
170880580247527,170880580257510,170880580266426,170880580267524,170880580272449,170880580272519,265650,93825812243696,4375639744,7,2732,1151,2104
170880588897786,170880588913986,170880588925027,170880588927344,170880588931070,170880588931146,265650,93825812243696,4375639744,7,2732,1151,2105
170880598251320,170880598263492,170880598274558,170880598276629,170880598280818,170880598280926,265650,93825812243696,4375639744,7,2732,1151,2106
170880607310749,170880607323298,170880607333002,170880607334158,170880607338314,170880607338390,265650,93825812243696,4375639744,7,2732,1151,2107
170880616637733,170880616646338,170880616654818,170880616655873,170880616661311,170880616661377,265650,93825812243696,4375639744,7,2732,1151,2108
170880625822106,170880625832316,170880625841411,170880625842275,170880625846266,170880625846329,265650,93825812243696,4375639744,7,2732,1151,2109
170880635188610,170880635200528,170880635211237,170880635211950,170880635215844,170880635215896,265650,93825812243696,4375639744,7,2732,1151,2110
170880645104067,170880645113720,170880645122934,170880645123858,170880645128225,170880645128287,265650,93825812243696,4375639744,7,2732,1151,2111
170880653876635,170880653887005,170880653895208,170880653896471,170880653900899,170880653900952,265650,93825812243696,4375639744,7,2732,1151,2112
170880663306415,170880663315328,170880663323520,170880663324277,170880663327831,170880663327880,265650,93825812243696,4375639744,7,2732,1151,2113
170880672184316,170880672196473,170880672207669,170880672208661,170880672215727,170880672215791,265650,93825812243696,4375639744,7,2732,1151,2114
170880681448424,170880681457683,170880681466855,170880681468417,170880681473919,170880681473987,265650,93825812243696,4375639744,7,2732,1151,2115
170880690617120,170880690627307,170880690636295,170880690637189,170880690641518,170880690641575,265650,93825812243696,4375639744,7,2732,1151,2116
170880699447194,170880699457295,170880699466902,170880699468070,170880699472090,170880699472153,265650,93825812243696,4375639744,7,2732,1151,2117
170880708757206,170880708768740,170880708777943,170880708778609,170880708782559,170880708782620,265650,93825812243696,4375639744,7,2732,1151,2118
170880718119406,170880718129365,170880718137563,170880718138355,170880718144033,170880718144086,265650,93825812243696,4375639744,7,2732,1151,2119
170880727371316,170880727380117,170880727388443,170880727389351,170880727394193,170880727394249,265650,93825812243696,4375639744,7,2732,1151,2120
170880736575045,170880736583964,170880736592289,170880736593014,170880736597305,170880736597365,265650,93825812243696,4375639744,7,2732,1151,2121
170880745581482,170880745591339,170880745599358,170880745600060,170880745603970,170880745604025,265650,93825812243696,4375639744,7,2732,1151,2122
170880754576321,170880754585336,170880754593876,170880754594719,170880754600147,170880754600208,265650,93825812243696,4375639744,7,2732,1151,2123
170880763950027,170880763959763,170880763967880,170880763969056,170880763972573,170880763972625,265650,93825812243696,4375639744,7,2732,1151,2124
170880772278792,170880772287717,170880772295894,170880772297227,170880772300208,170880772300271,265650,93825812243696,4375639744,7,2732,1151,2125
170880780562665,170880780574310,170880780582792,170880780584085,170880780588497,170880780588559,265650,93825812243696,4375639744,7,2732,1151,2126
170880789651850,170880789661806,170880789671259,170880789672843,170880789678512,170880789678573,265650,93825812243696,4375639744,7,2732,1151,2127
170880798452417,170880798461619,170880798469888,170880798470846,170880798475675,170880798475728,265650,93825812243696,4375639744,7,2732,1151,2128
170880807406631,170880807418386,170880807429558,170880807430573,170880807434885,170880807434955,265650,93825812243696,4375639744,7,2732,1151,2129
170880816379157,170880816387752,170880816395556,170880816396465,170880816400151,170880816400204,265650,93825812243696,4375639744,7,2732,1151,2130
170880827454853,170880827464801,170880827473878,170880827474754,170880827479431,170880827479483,265650,93825812243696,4375639744,7,2732,1151,2131
170880835746033,170880835754259,170880835762186,170880835762782,170880835766462,170880835766513,265650,93825812243696,4375639744,7,2732,1151,2132
170880844787213,170880844796678,170880844806100,170880844808044,170880844812327,170880844812401,265650,93825812243696,4375639744,7,2732,1151,2133
170880854212919,170880854222952,170880854231665,170880854232409,170880854236952,170880854237009,265650,93825812243696,4375639744,7,2732,1151,2134
170880863490319,170880863499197,170880863507568,170880863508543,170880863513040,170880863513101,265650,93825812243696,4375639744,7,2732,1151,2135
170880871873406,170880871883448,170880871891785,170880871892777,170880871894554,170880871894610,265650,93825812243696,4375639744,7,2732,1151,2136
170880881081749,170880881091607,170880881100710,170880881101864,170880881105934,170880881106007,265650,93825812243696,4375639744,7,2732,1151,2137
170880890250482,170880890259431,170880890267946,170880890269360,170880890273870,170880890273932,265650,93825812243696,4375639744,7,2732,1151,2138
170880900609140,170880900623958,170880900635351,170880900638378,170880900641180,170880900641261,265650,93825812243696,4375639744,7,2732,1151,2139
170880909619140,170880909631011,170880909641698,170880909644220,170880909649555,170880909649608,265650,93825812243696,4375639744,7,2732,1151,2140
170880934478088,170880934492990,170880934502657,170880934504542,170880934515843,170880934515905,265650,93825812243696,4375639744,7,2732,1151,2141
170880942877447,170880942895957,170880942907469,170880942909816,170880942917183,170880942917281,265650,93825812243696,4375639744,7,2732,1151,2142
170880951135110,170880951152569,170880951164495,170880951167381,170880951173989,170880951174049,265650,93825812243696,4375639744,7,2732,1151,2143
170880959466086,170880959483346,170880959494071,170880959496128,170880959502537,170880959502590,265650,93825812243696,4375639744,7,2732,1151,2144
170880967860248,170880967885829,170880967897952,170880967901205,170880967909575,170880967909628,265650,93825812243696,4375639744,7,2732,1151,2145
170880976124873,170880976141581,170880976152378,170880976154201,170880976161387,170880976161433,265650,93825812243696,4375639744,7,2732,1151,2146
170880984517642,170880984538092,170880984549607,170880984552788,170880984561925,170880984561997,265650,93825812243696,4375639744,7,2732,1151,2147
170880992787639,170880992799096,170880992809651,170880992812101,170880992816671,170880992816730,265650,93825812243696,4375639744,7,2732,1151,2148
170881001126572,170881001143559,170881001155006,170881001156965,170881001164601,170881001164658,265650,93825812243696,4375639744,7,2732,1151,2149
170881009451828,170881009466582,170881009477562,170881009479338,170881009485337,170881009485396,265650,93825812243696,4375639744,7,2732,1151,2150
170881017826837,170881017849381,170881017879642,170881017881378,170881017888240,170881017888300,265650,93825812243696,4375639744,7,2732,1151,2151
170881026126107,170881026141657,170881026152709,170881026154785,170881026159202,170881026159273,265650,93825812243696,4375639744,7,2732,1151,2152
170881034541984,170881034556441,170881034567262,170881034569199,170881034575749,170881034575815,265650,93825812243696,4375639744,7,2732,1151,2153
170881042858394,170881042874954,170881042887633,170881042890485,170881042900967,170881042901033,265650,93825812243696,4375639744,7,2732,1151,2154
170881051177410,170881051192294,170881051204284,170881051205747,170881051211065,170881051211151,265650,93825812243696,4375639744,7,2732,1151,2155
170881059493616,170881059506595,170881059517951,170881059520669,170881059525672,170881059525779,265650,93825812243696,4375639744,7,2732,1151,2156
170881067847298,170881067858388,170881067869183,170881067871336,170881067878278,170881067878365,265650,93825812243696,4375639744,7,2732,1151,2157
170881076120740,170881076132198,170881076142629,170881076144566,170881076150542,170881076150599,265650,93825812243696,4375639744,7,2732,1151,2158
170881086928570,170881086942695,170881086951816,170881086953405,170881086957816,170881086957881,265650,93825812243696,4375639744,7,2732,1151,2159
170881095446163,170881095454899,170881095463318,170881095464735,170881095469888,170881095469946,265650,93825812243696,4375639744,7,2732,1151,2160
170881104785460,170881104795684,170881104804941,170881104805836,170881104810290,170881104810352,265650,93825812243696,4375639744,7,2732,1151,2161
170881113884645,170881113894539,170881113903580,170881113904479,170881113909674,170881113909739,265650,93825812243696,4375639744,7,2732,1151,2162
170881122157232,170881122167655,170881122177021,170881122178177,170881122183446,170881122183518,265650,93825812243696,4375639744,7,2732,1151,2163
170881131488904,170881131498563,170881131506858,170881131507823,170881131512549,170881131512617,265650,93825812243696,4375639744,7,2732,1151,2164
170881140795144,170881140804133,170881140812180,170881140813306,170881140818036,170881140818102,265650,93825812243696,4375639744,7,2732,1151,2165
170881150021964,170881150043485,170881150052897,170881150054023,170881150057919,170881150057979,265650,93825812243696,4375639744,7,2732,1151,2166
170881159606850,170881159615720,170881159623713,170881159624870,170881159629283,170881159629350,265650,93825812243696,4375639744,7,2732,1151,2167
170881168849964,170881168859131,170881168867425,170881168868437,170881168873086,170881168873155,265650,93825812243696,4375639744,7,2732,1151,2168
170881178326525,170881178336938,170881178346198,170881178347621,170881178354019,170881178354082,265650,93825812243696,4375639744,7,2732,1151,2169
170881188027369,170881188036617,170881188044843,170881188046009,170881188048939,170881188048996,265650,93825812243696,4375639744,7,2732,1151,2170
170881197459803,170881197471049,170881197482517,170881197485303,170881197492164,170881197492268,265650,93825812243696,4375639744,7,2732,1151,2171
170881209216487,170881209234353,170881209245580,170881209247059,170881209250560,170881209250648,265650,93825812243696,4375639744,7,2732,1151,2172
170881217645210,170881217657482,170881217668359,170881217670134,170881217675236,170881217675331,265650,93825812243696,4375639744,7,2732,1151,2173
170881227040921,170881227052768,170881227063452,170881227064262,170881227069407,170881227069485,265650,93825812243696,4375639744,7,2732,1151,2174
170881237422598,170881237431830,170881237440609,170881237441509,170881237445475,170881237445544,265650,93825812243696,4375639744,7,2732,1151,2175
170881246987693,170881246996975,170881247010249,170881247012149,170881247016631,170881247016691,265650,93825812243696,4375639744,7,2732,1151,2176
170881256135973,170881256146131,170881256155374,170881256156223,170881256161213,170881256161295,265650,93825812243696,4375639744,7,2732,1151,2177
170881265315148,170881265326990,170881265337902,170881265338836,170881265343693,170881265343783,265650,93825812243696,4375639744,7,2732,1151,2178
170881275282687,170881275292161,170881275301364,170881275302112,170881275306063,170881275306120,265650,93825812243696,4375639744,7,2732,1151,2179
170881284499425,170881284508231,170881284516728,170881284518032,170881284522858,170881284522922,265650,93825812243696,4375639744,7,2732,1151,2180
170881292850412,170881292869835,170881292881373,170881292884074,170881292887337,170881292887424,265650,93825812243696,4375639744,7,2732,1151,2181
170881302241104,170881302252205,170881302263372,170881302265500,170881302272786,170881302272848,265650,93825812243696,4375639744,7,2732,1151,2182
170881312082199,170881312093796,170881312104533,170881312106637,170881312113745,170881312113815,265650,93825812243696,4375639744,7,2732,1151,2183
170881322167051,170881322178007,170881322188474,170881322190786,170881322197527,170881322197595,265650,93825812243696,4375639744,7,2732,1151,2184
170881331500192,170881331510646,170881331520941,170881331522887,170881331529309,170881331529375,265650,93825812243696,4375639744,7,2732,1151,2185
170881341132079,170881341147991,170881341160048,170881341161812,170881341166567,170881341166657,265650,93825812243696,4375639744,7,2732,1151,2186
170881350342059,170881350350945,170881350359689,170881350361008,170881350372251,170881350372308,265650,93825812243696,4375639744,7,2732,1151,2187
170881359973342,170881359982727,170881359991309,170881359992568,170881359997239,170881359997301,265650,93825812243696,4375639744,7,2732,1151,2188
170881369555971,170881369565129,170881369573401,170881369574270,170881369579257,170881369579324,265650,93825812243696,4375639744,7,2732,1151,2189
170881378436967,170881378446908,170881378455831,170881378456854,170881378462568,170881378462639,265650,93825812243696,4375639744,7,2732,1151,2190
170881388299892,170881388310056,170881388319124,170881388320093,170881388325300,170881388325370,265650,93825812243696,4375639744,7,2732,1151,2191
170881398151598,170881398160526,170881398168345,170881398169298,170881398173329,170881398173387,265650,93825812243696,4375639744,7,2732,1151,2192
170881407308268,170881407320595,170881407331595,170881407332602,170881407338150,170881407338221,265650,93825812243696,4375639744,7,2732,1151,2193
170881417325603,170881417336587,170881417345447,170881417346367,170881417351580,170881417351655,265650,93825812243696,4375639744,7,2732,1151,2194
170881427328633,170881427340699,170881427351611,170881427352683,170881427357827,170881427357918,265650,93825812243696,4375639744,7,2732,1151,2195
170881437129855,170881437138594,170881437146558,170881437147695,170881437151643,170881437151707,265650,93825812243696,4375639744,7,2732,1151,2196
170881446594262,170881446603152,170881446611022,170881446612125,170881446616086,170881446616145,265650,93825812243696,4375639744,7,2732,1151,2197
170881456472052,170881456481303,170881456489445,170881456490514,170881456495393,170881456495460,265650,93825812243696,4375639744,7,2732,1151,2198
170881468321935,170881468331865,170881468340706,170881468341805,170881468346149,170881468346207,265650,93825812243696,4375639744,7,2732,1151,2199
170881477819976,170881477829328,170881477838084,170881477838855,170881477842281,170881477842339,265650,93825812243696,4375639744,7,2732,1151,2200
170881487026377,170881487036461,170881487045886,170881487047218,170881487050802,170881487050868,265650,93825812243696,4375639744,7,2732,1151,2201
170881495815273,170881495824398,170881495832776,170881495833769,170881495838675,170881495838733,265650,93825812243696,4375639744,7,2732,1151,2202
170881505910325,170881505919469,170881505927615,170881505928582,170881505930667,170881505930717,265650,93825812243696,4375639744,7,2732,1151,2203
170881515087259,170881515098377,170881515107892,170881515108878,170881515113945,170881515114011,265650,93825812243696,4375639744,7,2732,1151,2204
170881524355304,170881524366838,170881524377593,170881524378392,170881524383116,170881524383190,265650,93825812243696,4375639744,7,2732,1151,2205
170881537101911,170881537113941,170881537125387,170881537128720,170881537133658,170881537133738,265650,93825812243696,4375639744,7,2732,1151,2206
170881545474926,170881545486091,170881545497317,170881545499774,170881545506061,170881545506146,265650,93825812243696,4375639744,7,2732,1151,2207
170881553762962,170881553773617,170881553784629,170881553787231,170881553790574,170881553790722,265650,93825812243696,4375639744,7,2732,1151,2208
170881563126970,170881563137779,170881563148483,170881563150535,170881563155466,170881563155509,265650,93825812243696,4375639744,7,2732,1151,2209
170881572663506,170881572673969,170881572684550,170881572686613,170881572690430,170881572690490,265650,93825812243696,4375639744,7,2732,1151,2210
170881582653085,170881582663999,170881582674965,170881582677365,170881582680943,170881582681017,265650,93825812243696,4375639744,7,2732,1151,2211
170881592442337,170881592452779,170881592463464,170881592465717,170881592470372,170881592470449,265650,93825812243696,4375639744,7,2732,1151,2212
170881602196225,170881602207068,170881602217859,170881602219832,170881602223540,170881602223583,265650,93825812243696,4375639744,7,2732,1151,2213
170881612420147,170881612431312,170881612442496,170881612445122,170881612448893,170881612448997,265650,93825812243696,4375639744,7,2732,1151,2214
170881622198073,170881622208587,170881622219644,170881622221529,170881622226167,170881622226234,265650,93825812243696,4375639744,7,2732,1151,2215
170881631619004,170881631629529,170881631641567,170881631643502,170881631647654,170881631647711,265650,93825812243696,4375639744,7,2732,1151,2216
170881641176389,170881641187468,170881641198166,170881641200035,170881641203909,170881641203975,265650,93825812243696,4375639744,7,2732,1151,2217
170881651042457,170881651070670,170881651082585,170881651084352,170881651090147,170881651090237,265650,93825812243696,4375639744,7,2732,1151,2218
170881660910581,170881660921812,170881660932668,170881660935686,170881660941749,170881660941829,265650,93825812243696,4375639744,7,2732,1151,2219
170881670532444,170881670543315,170881670554110,170881670555835,170881670561774,170881670561854,265650,93825812243696,4375639744,7,2732,1151,2220
170881680596669,170881680607394,170881680617829,170881680619743,170881680625157,170881680625211,265650,93825812243696,4375639744,7,2732,1151,2221
170881693188670,170881693199540,170881693210313,170881693212636,170881693217446,170881693217530,265650,93825812243696,4375639744,7,2732,1151,2222
170881701783299,170881701794101,170881701805489,170881701808844,170881701814054,170881701814127,265650,93825812243696,4375639744,7,2732,1151,2223
170881711472884,170881711484443,170881711495802,170881711498131,170881711502245,170881711502336,265650,93825812243696,4375639744,7,2732,1151,2224
170881721426631,170881721437058,170881721448403,170881721450449,170881721453229,170881721453288,265650,93825812243696,4375639744,7,2732,1151,2225
170881730508928,170881730520252,170881730531857,170881730534711,170881730539988,170881730540045,265650,93825812243696,4375639744,7,2732,1151,2226
170881740082507,170881740093492,170881740104066,170881740106141,170881740110747,170881740110822,265650,93825812243696,4375639744,7,2732,1151,2227
170881750056518,170881750067591,170881750078568,170881750080660,170881750086378,170881750086443,265650,93825812243696,4375639744,7,2732,1151,2228
170881759889983,170881759900792,170881759911620,170881759913476,170881759917819,170881759917879,265650,93825812243696,4375639744,7,2732,1151,2229
170881770105742,170881770116203,170881770127107,170881770129079,170881770133622,170881770133691,265650,93825812243696,4375639744,7,2732,1151,2230
170881780085381,170881780096279,170881780107693,170881780109922,170881780114263,170881780114337,265650,93825812243696,4375639744,7,2732,1151,2231
