start,geometry,clip,blit,flush,end,hwnd,surface,thread,outcome,width,height,commit
171905498077455,171905498089649,171905498101801,171905498102963,171905498107888,171905498107978,265650,93825186940240,4375639744,7,2732,1151,14300
171905506407645,171905506465310,171905506476223,171905506477289,171905506480675,171905506480758,265650,93825186940240,4375639744,7,2732,1151,14301
171905514759206,171905514773751,171905514785219,171905514786641,171905514792363,171905514792438,265650,93825186940240,4375639744,7,2732,1151,14302
171905523179126,171905523192520,171905523203713,171905523205145,171905523211919,171905523212006,265650,93825186940240,4375639744,7,2732,1151,14303
171905531322776,171905531335622,171905531346406,171905531347527,171905531353742,171905531353821,265650,93825186940240,4375639744,7,2732,1151,14304
171905539694059,171905539717665,171905539729683,171905539732798,171905539742342,171905539742431,265650,93825186940240,4375639744,7,2732,1151,14305
171905548064253,171905548079498,171905548091254,171905548094317,171905548104061,171905548104153,265650,93825186940240,4375639744,7,2732,1151,14306
171905556380855,171905556402433,171905556414056,171905556417025,171905556427742,171905556427836,265650,93825186940240,4375639744,7,2732,1151,14307
171905564706595,171905564727491,171905564738672,171905564741598,171905564753535,171905564753626,265650,93825186940240,4375639744,7,2732,1151,14308
171905573096351,171905573131456,171905573147131,171905573152081,171905573167303,171905573167399,265650,93825186940240,4375639744,7,2732,1151,14309
171905581370469,171905581392439,171905581404264,171905581406923,171905581419340,171905581419425,265650,93825186940240,4375639744,7,2732,1151,14310
171905589742723,171905589784100,171905589796789,171905589799421,171905589812017,171905589812120,265650,93825186940240,4375639744,7,2732,1151,14311
171905598135318,171905598156353,171905598168117,171905598170727,171905598184547,171905598184638,265650,93825186940240,4375639744,7,2732,1151,14312
171905617120233,171905617141050,171905617152569,171905617155165,171905617164246,171905617164317,265650,93825186940240,4375639744,7,2732,1151,14313
171905625363317,171905625382614,171905625394357,171905625396979,171905625409541,171905625409630,265650,93825186940240,4375639744,7,2732,1151,14314
171905633738791,171905633756473,171905633769136,171905633771250,171905633777261,171905633777345,265650,93825186940240,4375639744,7,2732,1151,14315
171905642168892,171905642189369,171905642200784,171905642202126,171905642207903,171905642207990,265650,93825186940240,4375639744,7,2732,1151,14316
171905650370719,171905650383937,171905650395081,171905650396157,171905650401393,171905650401491,265650,93825186940240,4375639744,7,2732,1151,14317
171905658807195,171905658875258,171905658886254,171905658887209,171905658892232,171905658892321,265650,93825186940240,4375639744,7,2732,1151,14318
171905667084102,171905667093565,171905667101532,171905667102481,171905667107927,171905667107990,265650,93825186940240,4375639744,7,2732,1151,14319
171905675380667,171905675394626,171905675405679,171905675406675,171905675410869,171905675410952,265650,93825186940240,4375639744,7,2732,1151,14320
171905683757990,171905683770131,171905683780960,171905683782060,171905683786918,171905683786986,265650,93825186940240,4375639744,7,2732,1151,14321
171905692094149,171905692173460,171905692183993,171905692185120,171905692189838,171905692189914,265650,93825186940240,4375639744,7,2732,1151,14322
171905700358271,171905700368204,171905700376168,171905700377070,171905700380702,171905700380757,265650,93825186940240,4375639744,7,2732,1151,14323
171905708712651,171905708724720,171905708735603,171905708736657,171905708741632,171905708741707,265650,93825186940240,4375639744,7,2732,1151,14324
171905717085844,171905717097476,171905717108233,171905717109073,171905717113045,171905717113120,265650,93825186940240,4375639744,7,2732,1151,14325
171905725391976,171905725495345,171905725543120,171905725543925,171905725547835,171905725547912,265650,93825186940240,4375639744,7,2732,1151,14326
171905733668671,171905733678308,171905733686275,171905733687065,171905733692141,171905733692196,265650,93825186940240,4375639744,7,2732,1151,14327
171905742149457,171905742194432,171905742205218,171905742206259,171905742210697,171905742210777,265650,93825186940240,4375639744,7,2732,1151,14328
171905750394969,171905750488380,171905750543186,171905750543985,171905750547837,171905750547902,265650,93825186940240,4375639744,7,2732,1151,14329
171905758717047,171905758737293,171905758749139,171905758751985,171905758758385,171905758758475,265650,93825186940240,4375639744,7,2732,1151,14330
171905767027305,171905767045510,171905767056790,171905767058793,171905767067796,171905767067875,265650,93825186940240,4375639744,7,2732,1151,14331
171905775425097,171905775470033,171905775481445,171905775482593,171905775487647,171905775487724,265650,93825186940240,4375639744,7,2732,1151,14332
171905783827040,171905783840018,171905783848699,171905783850054,171905783858330,171905783858396,265650,93825186940240,4375639744,7,2732,1151,14333
171905792155359,171905792169460,171905792180848,171905792182136,171905792189350,171905792189446,265650,93825186940240,4375639744,7,2732,1151,14334
171905800344759,171905800356170,171905800364683,171905800365906,171905800370768,171905800370825,265650,93825186940240,4375639744,7,2732,1151,14335
171905808834463,171905808848015,171905808859057,171905808860334,171905808867657,171905808867733,265650,93825186940240,4375639744,7,2732,1151,14336
171905817173827,171905817206296,171905817217315,171905817218469,171905817224587,171905817224665,265650,93825186940240,4375639744,7,2732,1151,14337
171905825347671,171905825360430,171905825371796,171905825372905,171905825379792,171905825379867,265650,93825186940240,4375639744,7,2732,1151,14338
171905833760087,171905833774586,171905833785881,171905833787114,171905833792300,171905833792391,265650,93825186940240,4375639744,7,2732,1151,14339
171905842040719,171905842056527,171905842068552,171905842071935,171905842077020,171905842077112,265650,93825186940240,4375639744,7,2732,1151,14340
171905850395725,171905850418037,171905850430470,171905850433679,171905850439602,171905850439693,265650,93825186940240,4375639744,7,2732,1151,14341
171905858715001,171905858730518,171905858740954,171905858743106,171905858749335,171905858749394,265650,93825186940240,4375639744,7,2732,1151,14342
171905867072141,171905867089185,171905867099587,171905867101424,171905867111213,171905867111292,265650,93825186940240,4375639744,7,2732,1151,14343
171905875430343,171905875451116,171905875462112,171905875464231,171905875473004,171905875473061,265650,93825186940240,4375639744,7,2732,1151,14344
171905883691357,171905883708483,171905883719508,171905883721749,171905883730777,171905883730858,265650,93825186940240,4375639744,7,2732,1151,14345
171905892021522,171905892037395,171905892048085,171905892049893,171905892060554,171905892060609,265650,93825186940240,4375639744,7,2732,1151,14346
171905900352877,171905900370396,171905900382073,171905900383916,171905900391794,171905900391844,265650,93825186940240,4375639744,7,2732,1151,14347
171905908678863,171905908694822,171905908706112,171905908708590,171905908713332,171905908713383,265650,93825186940240,4375639744,7,2732,1151,14348
171905917079943,171905917097781,171905917109051,171905917111288,171905917118504,171905917118591,265650,93825186940240,4375639744,7,2732,1151,14349
171905925360108,171905925375215,171905925385952,171905925387931,171905925392222,171905925392283,265650,93825186940240,4375639744,7,2732,1151,14350
171905933811561,171905933852558,171905933864801,171905933866410,171905933872771,171905933872859,265650,93825186940240,4375639744,7,2732,1151,14351
171905942034072,171905942044379,171905942053038,171905942053956,171905942058762,171905942058825,265650,93825186940240,4375639744,7,2732,1151,14352
171905950450814,171905950484493,171905950495493,171905950496623,171905950501600,171905950501689,265650,93825186940240,4375639744,7,2732,1151,14353
171905958768333,171905958780651,171905958791630,171905958792646,171905958797940,171905958798026,265650,93825186940240,4375639744,7,2732,1151,14354
171905967121249,171905967133517,171905967144515,171905967145524,171905967150064,171905967150139,265650,93825186940240,4375639744,7,2732,1151,14355
171905975357149,171905975370006,171905975381192,171905975382194,171905975388439,171905975388514,265650,93825186940240,4375639744,7,2732,1151,14356
171905983856702,171905983869984,171905983881026,171905983882312,171905983889348,171905983889424,265650,93825186940240,4375639744,7,2732,1151,14357
171905992115709,171905992126381,171905992135359,171905992136380,171905992142195,171905992142255,265650,93825186940240,4375639744,7,2732,1151,14358
171906000430992,171906000526309,171906000553525,171906000554462,171906000560501,171906000560591,265650,93825186940240,4375639744,7,2732,1151,14359
171906008756295,171906008769792,171906008781128,171906008782429,171906008789368,171906008789443,265650,93825186940240,4375639744,7,2732,1151,14360
171906017095411,171906017108287,171906017119499,171906017120695,171906017128760,171906017128838,265650,93825186940240,4375639744,7,2732,1151,14361
171906025355177,171906025367756,171906025378899,171906025379816,171906025385872,171906025385949,265650,93825186940240,4375639744,7,2732,1151,14362
171906033758640,171906033770768,171906033781615,171906033782353,171906033787395,171906033787466,265650,93825186940240,4375639744,7,2732,1151,14363
171906042067022,171906042079204,171906042089948,171906042090728,171906042097155,171906042097223,265650,93825186940240,4375639744,7,2732,1151,14364
171906050369453,171906050378749,171906050387165,171906050387789,171906050391961,171906050392014,265650,93825186940240,4375639744,7,2732,1151,14365
171906058743490,171906058755637,171906058766508,171906058767280,171906058772485,171906058772558,265650,93825186940240,4375639744,7,2732,1151,14366
171906067159413,171906067171528,171906067182326,171906067183159,171906067188808,171906067188879,265650,93825186940240,4375639744,7,2732,1151,14367
171906075425866,171906075434436,171906075441846,171906075442455,171906075447260,171906075447309,265650,93825186940240,4375639744,7,2732,1151,14368
171906083787339,171906083799982,171906083811100,171906083812071,171906083819654,171906083819716,265650,93825186940240,4375639744,7,2732,1151,14369
171906092151365,171906092164339,171906092175540,171906092176476,171906092182558,171906092182629,265650,93825186940240,4375639744,7,2732,1151,14370
171906100454792,171906100549640,171906100563518,171906100564363,171906100570347,171906100570411,265650,93825186940240,4375639744,7,2732,1151,14371
171906108774568,171906108786946,171906108797941,171906108798799,171906108805403,171906108805473,265650,93825186940240,4375639744,7,2732,1151,14372
171906117083244,171906117093249,171906117101683,171906117102939,171906117110472,171906117110534,265650,93825186940240,4375639744,7,2732,1151,14373
171906125457101,171906125555336,171906125596885,171906125598459,171906125605864,171906125605931,265650,93825186940240,4375639744,7,2732,1151,14374
171906133763683,171906133774592,171906133782934,171906133783979,171906133791900,171906133791956,265650,93825186940240,4375639744,7,2732,1151,14375
171906142128085,171906142140966,171906142152225,171906142153397,171906142158633,171906142158718,265650,93825186940240,4375639744,7,2732,1151,14376
171906150406436,171906150416579,171906150424685,171906150425450,171906150428401,171906150428454,265650,93825186940240,4375639744,7,2732,1151,14377
171906158755682,171906158764879,171906158772711,171906158773485,171906158777216,171906158777269,265650,93825186940240,4375639744,7,2732,1151,14378
171906167132606,171906167145236,171906167156225,171906167157245,171906167162163,171906167162241,265650,93825186940240,4375639744,7,2732,1151,14379
171906175420885,171906175430461,171906175438875,171906175439653,171906175442724,171906175442782,265650,93825186940240,4375639744,7,2732,1151,14380
171906183803766,171906183816296,171906183827336,171906183828303,171906183834143,171906183834213,265650,93825186940240,4375639744,7,2732,1151,14381
171906192098870,171906192111323,171906192122441,171906192123305,171906192127566,171906192127642,265650,93825186940240,4375639744,7,2732,1151,14382
171906200406267,171906200417082,171906200425220,171906200425863,171906200430211,171906200430266,265650,93825186940240,4375639744,7,2732,1151,14383
171906208783671,171906208795663,171906208806413,171906208807297,171906208811879,171906208811947,265650,93825186940240,4375639744,7,2732,1151,14384
171906217123430,171906217135783,171906217146696,171906217147587,171906217151180,171906217151257,265650,93825186940240,4375639744,7,2732,1151,14385
171906225486819,171906225547859,171906225558668,171906225559535,171906225564782,171906225564851,265650,93825186940240,4375639744,7,2732,1151,14386
171906233840550,171906233861873,171906233872659,171906233873529,171906233879161,171906233879241,265650,93825186940240,4375639744,7,2732,1151,14387
171906242026384,171906242036374,171906242044848,171906242045857,171906242051199,171906242051269,265650,93825186940240,4375639744,7,2732,1151,14388
171906250447373,171906250460073,171906250468624,171906250469569,171906250475444,171906250475514,265650,93825186940240,4375639744,7,2732,1151,14389
171906258721195,171906258741325,171906258754063,171906258757366,171906258770599,171906258770709,265650,93825186940240,4375639744,7,2732,1151,14390
171906267030852,171906267046354,171906267056990,171906267058989,171906267064952,171906267065044,265650,93825186940240,4375639744,7,2732,1151,14391
171906275364468,171906275377371,171906275387923,171906275390012,171906275400354,171906275400401,265650,93825186940240,4375639744,7,2732,1151,14392
171906283698680,171906283716031,171906283727006,171906283729272,171906283735475,171906283735556,265650,93825186940240,4375639744,7,2732,1151,14393
171906292071747,171906292086425,171906292096940,171906292099233,171906292104691,171906292104741,265650,93825186940240,4375639744,7,2732,1151,14394
171906300436311,171906300454102,171906300464626,171906300466363,171906300474785,171906300474845,265650,93825186940240,4375639744,7,2732,1151,14395
171906308699255,171906308714456,171906308725430,171906308727543,171906308735236,171906308735287,265650,93825186940240,4375639744,7,2732,1151,14396
171906317049829,171906317068625,171906317079816,171906317082294,171906317092959,171906317093019,265650,93825186940240,4375639744,7,2732,1151,14397
171906325423570,171906325444911,171906325457695,171906325461060,171906325472871,171906325472921,265650,93825186940240,4375639744,7,2732,1151,14398
171906333660274,171906333674184,171906333685026,171906333687059,171906333691897,171906333691948,265650,93825186940240,4375639744,7,2732,1151,14399
171906342014282,171906342026748,171906342037353,171906342039152,171906342043510,171906342043557,265650,93825186940240,4375639744,7,2732,1151,14400
171906350410391,171906350432031,171906350444088,171906350446935,171906350453950,171906350453997,265650,93825186940240,4375639744,7,2732,1151,14401
171906358699902,171906358716482,171906358727349,171906358729432,171906358738195,171906358738264,265650,93825186940240,4375639744,7,2732,1151,14402
171906367067591,171906367082755,171906367093376,171906367095214,171906367103302,171906367103363,265650,93825186940240,4375639744,7,2732,1151,14403
171906375353308,171906375366949,171906375377338,171906375379118,171906375383095,171906375383150,265650,93825186940240,4375639744,7,2732,1151,14404
171906383720266,171906383736614,171906383747702,171906383749442,171906383756114,171906383756162,265650,93825186940240,4375639744,7,2732,1151,14405
171906392033722,171906392046705,171906392057096,171906392058915,171906392064716,171906392064767,265650,93825186940240,4375639744,7,2732,1151,14406
171906400352091,171906400365807,171906400375893,171906400377573,171906400382415,171906400382473,265650,93825186940240,4375639744,7,2732,1151,14407
171906408925257,171906408978109,171906408989955,171906408991669,171906408996780,171906408996880,265650,93825186940240,4375639744,7,2732,1151,14408
171906417189415,171906417208028,171906417219564,171906417220965,171906417229715,171906417229819,265650,93825186940240,4375639744,7,2732,1151,14409
171906425436286,171906425447467,171906425456706,171906425457828,171906425463915,171906425464002,265650,93825186940240,4375639744,7,2732,1151,14410
171906433781843,171906433795163,171906433806268,171906433807431,171906433813591,171906433813694,265650,93825186940240,4375639744,7,2732,1151,14411
171906442125431,171906442138066,171906442149018,171906442149953,171906442155692,171906442155791,265650,93825186940240,4375639744,7,2732,1151,14412
171906450418433,171906450428992,171906450437880,171906450439123,171906450445494,171906450445558,265650,93825186940240,4375639744,7,2732,1151,14413
171906458763883,171906458775536,171906458784021,171906458785236,171906458789807,171906458789881,265650,93825186940240,4375639744,7,2732,1151,14414
171906467152240,171906467166524,171906467177904,171906467179031,171906467184077,171906467184157,265650,93825186940240,4375639744,7,2732,1151,14415
171906475437951,171906475447503,171906475455913,171906475456660,171906475461208,171906475461267,265650,93825186940240,4375639744,7,2732,1151,14416
171906483860669,171906483888514,171906483899422,171906483900438,171906483905601,171906483905682,265650,93825186940240,4375639744,7,2732,1151,14417
171906492079487,171906492092367,171906492103363,171906492104704,171906492110694,171906492110765,265650,93825186940240,4375639744,7,2732,1151,14418
171906500419675,171906500433521,171906500442329,171906500443524,171906500448213,171906500448289,265650,93825186940240,4375639744,7,2732,1151,14419
171906508785071,171906508795305,171906508803613,171906508804623,171906508808245,171906508808315,265650,93825186940240,4375639744,7,2732,1151,14420
171906517129040,171906517138157,171906517145860,171906517146564,171906517150680,171906517150741,265650,93825186940240,4375639744,7,2732,1151,14421
171906525402963,171906525416399,171906525427745,171906525428698,171906525434308,171906525434375,265650,93825186940240,4375639744,7,2732,1151,14422
171906533750189,171906533759613,171906533767776,171906533768789,171906533772697,171906533772761,265650,93825186940240,4375639744,7,2732,1151,14423
171906542087301,171906542105915,171906542117510,171906542119764,171906542128700,171906542128788,265650,93825186940240,4375639744,7,2732,1151,14424
171906550382029,171906550399070,171906550410111,171906550412283,171906550424854,171906550424912,265650,93825186940240,4375639744,7,2732,1151,14425
171906558719913,171906558736386,171906558747211,171906558749125,171906558755339,171906558755407,265650,93825186940240,4375639744,7,2732,1151,14426
171906567095115,171906567112553,171906567123909,171906567125986,171906567133449,171906567133513,265650,93825186940240,4375639744,7,2732,1151,14427
171906575407945,171906575425161,171906575436269,171906575438443,171906575446168,171906575446234,265650,93825186940240,4375639744,7,2732,1151,14428
171906583726849,171906583744444,171906583755664,171906583757697,171906583765754,171906583765869,265650,93825186940240,4375639744,7,2732,1151,14429
171906592072046,171906592089265,171906592100389,171906592102510,171906592109783,171906592109857,265650,93825186940240,4375639744,7,2732,1151,14430
171906600406045,171906600426546,171906600438271,171906600440630,171906600450575,171906600450668,265650,93825186940240,4375639744,7,2732,1151,14431
171906608739111,171906608759614,171906608770808,171906608772996,171906608780678,171906608780723,265650,93825186940240,4375639744,7,2732,1151,14432
171906617111877,171906617128443,171906617139802,171906617141535,171906617147781,171906617147856,265650,93825186940240,4375639744,7,2732,1151,14433
171906625432728,171906625450559,171906625461477,171906625463743,171906625473980,171906625474057,265650,93825186940240,4375639744,7,2732,1151,14434
171906633723635,171906633740865,171906633752700,171906633754770,171906633762636,171906633762713,265650,93825186940240,4375639744,7,2732,1151,14435
171906642153176,171906642168633,171906642180460,171906642181928,171906642187418,171906642187502,265650,93825186940240,4375639744,7,2732,1151,14436
171906650493086,171906650505451,171906650517060,171906650518049,171906650522607,171906650522679,265650,93825186940240,4375639744,7,2732,1151,14437
171906658792660,171906658808182,171906658819765,171906658821330,171906658825946,171906658826035,265650,93825186940240,4375639744,7,2732,1151,14438
171906667104534,171906667117259,171906667128312,171906667129528,171906667134657,171906667134749,265650,93825186940240,4375639744,7,2732,1151,14439
171906675548916,171906675651476,171906675662780,171906675664270,171906675672899,171906675672987,265650,93825186940240,4375639744,7,2732,1151,14440
171906689024127,171906689046778,171906689057817,171906689060440,171906689065239,171906689065313,265650,93825186940240,4375639744,7,2732,1151,14441
171906697349404,171906697372164,171906697383189,171906697385736,171906697397569,171906697397661,265650,93825186940240,4375639744,7,2732,1151,14442
171906705711480,171906705734086,171906705745323,171906705748086,171906705758040,171906705758099,265650,93825186940240,4375639744,7,2732,1151,14443
171906714009064,171906714023284,171906714033728,171906714035613,171906714042622,171906714042704,265650,93825186940240,4375639744,7,2732,1151,14444
171906722315757,171906722333098,171906722345494,171906722347249,171906722352147,171906722352226,265650,93825186940240,4375639744,7,2732,1151,14445
171906730667912,171906730688026,171906730700237,171906730703092,171906730709808,171906730709865,265650,93825186940240,4375639744,7,2732,1151,14446
171906739052936,171906739069168,171906739079856,171906739082016,171906739087859,171906739087920,265650,93825186940240,4375639744,7,2732,1151,14447
171906747324706,171906747341801,171906747353132,171906747355864,171906747364358,171906747364416,265650,93825186940240,4375639744,7,2732,1151,14448
171906755697906,171906755713874,171906755724130,171906755725928,171906755731968,171906755732018,265650,93825186940240,4375639744,7,2732,1151,14449
171906763995496,171906764013635,171906764024133,171906764025870,171906764030007,171906764030071,265650,93825186940240,4375639744,7,2732,1151,14450
171906772333771,171906772350125,171906772361366,171906772363455,171906772371567,171906772371633,265650,93825186940240,4375639744,7,2732,1151,14451
171906780648066,171906780664999,171906780675518,171906780677559,171906780682106,171906780682179,265650,93825186940240,4375639744,7,2732,1151,14452
171906789010881,171906789031462,171906789042953,171906789046162,171906789055527,171906789055572,265650,93825186940240,4375639744,7,2732,1151,14453
171906797325533,171906797342475,171906797353535,171906797355412,171906797360129,171906797360189,265650,93825186940240,4375639744,7,2732,1151,14454
171906805679238,171906805700910,171906805712534,171906805715413,171906805725012,171906805725078,265650,93825186940240,4375639744,7,2732,1151,14455
171906814022544,171906814037391,171906814048000,171906814049850,171906814053047,171906814053105,265650,93825186940240,4375639744,7,2732,1151,14456
171906822315256,171906822331485,171906822343334,171906822346138,171906822353238,171906822353300,265650,93825186940240,4375639744,7,2732,1151,14457
171906830702746,171906830723746,171906830735801,171906830738603,171906830743634,171906830743697,265650,93825186940240,4375639744,7,2732,1151,14458
171906838988798,171906839007235,171906839017619,171906839019269,171906839026368,171906839026423,265650,93825186940240,4375639744,7,2732,1151,14459
171906847320530,171906847336092,171906847347163,171906847348987,171906847357311,171906847357377,265650,93825186940240,4375639744,7,2732,1151,14460
171906855711302,171906855731205,171906855742780,171906855745762,171906855750548,171906855750612,265650,93825186940240,4375639744,7,2732,1151,14461
171906863988946,171906864011224,171906864022433,171906864024799,171906864030985,171906864031057,265650,93825186940240,4375639744,7,2732,1151,14462
171906872323946,171906872337046,171906872347599,171906872349629,171906872355089,171906872355151,265650,93825186940240,4375639744,7,2732,1151,14463
171906880693765,171906880709125,171906880719598,171906880721362,171906880726128,171906880726189,265650,93825186940240,4375639744,7,2732,1151,14464
171906888982486,171906888998662,171906889012676,171906889014510,171906889018555,171906889018611,265650,93825186940240,4375639744,7,2732,1151,14465
171906897321585,171906897337607,171906897348455,171906897350176,171906897354387,171906897354449,265650,93825186940240,4375639744,7,2732,1151,14466
171906905668060,171906905686818,171906905699419,171906905702250,171906905706823,171906905706896,265650,93825186940240,4375639744,7,2732,1151,14467
171906913985103,171906914005484,171906914016993,171906914019225,171906914022877,171906914022920,265650,93825186940240,4375639744,7,2732,1151,14468
171906922303025,171906922319586,171906922330853,171906922333050,171906922339716,171906922339813,265650,93825186940240,4375639744,7,2732,1151,14469
171906930669418,171906930689427,171906930700342,171906930702553,171906930707891,171906930707960,265650,93825186940240,4375639744,7,2732,1151,14470
171906939178260,171906939192377,171906939204213,171906939205716,171906939211141,171906939211237,265650,93825186940240,4375639744,7,2732,1151,14471
171906947377164,171906947387466,171906947395657,171906947396561,171906947402017,171906947402083,265650,93825186940240,4375639744,7,2732,1151,14472
171906955789237,171906955801207,171906955811904,171906955812895,171906955820711,171906955820801,265650,93825186940240,4375639744,7,2732,1151,14473
171906964075381,171906964088879,171906964099949,171906964101021,171906964106524,171906964106619,265650,93825186940240,4375639744,7,2732,1151,14474
171906972307011,171906972325509,171906972336847,171906972339221,171906972348294,171906972348373,265650,93825186940240,4375639744,7,2732,1151,14475
171906980635112,171906980650454,171906980662082,171906980664146,171906980669726,171906980669858,265650,93825186940240,4375639744,7,2732,1151,14476
171906989039190,171906989057094,171906989067566,171906989069617,171906989076231,171906989076302,265650,93825186940240,4375639744,7,2732,1151,14477
171906997333614,171906997348347,171906997359076,171906997360864,171906997367505,171906997367599,265650,93825186940240,4375639744,7,2732,1151,14478
171907005662656,171907005678297,171907005689131,171907005690831,171907005698397,171907005698468,265650,93825186940240,4375639744,7,2732,1151,14479
171907014027735,171907014044469,171907014055277,171907014057371,171907014064294,171907014064347,265650,93825186940240,4375639744,7,2732,1151,14480
171907022314671,171907022328013,171907022340009,171907022342742,171907022351864,171907022351915,265650,93825186940240,4375639744,7,2732,1151,14481
171907030720500,171907030742174,171907030753912,171907030756805,171907030765450,171907030765499,265650,93825186940240,4375639744,7,2732,1151,14482
171907039008494,171907039024306,171907039035211,171907039036894,171907039045181,171907039045246,265650,93825186940240,4375639744,7,2732,1151,14483
171907047326972,171907047341498,171907047351875,171907047353538,171907047361909,171907047361965,265650,93825186940240,4375639744,7,2732,1151,14484
171907055717142,171907055738135,171907055749696,171907055753113,171907055768838,171907055768889,265650,93825186940240,4375639744,7,2732,1151,14485
171907064040221,171907064057037,171907064067742,171907064069643,171907064079904,171907064079952,265650,93825186940240,4375639744,7,2732,1151,14486
171907072334227,171907072347736,171907072358390,171907072360462,171907072367382,171907072367435,265650,93825186940240,4375639744,7,2732,1151,14487
171907080665587,171907080688095,171907080700358,171907080703403,171907080717829,171907080717872,265650,93825186940240,4375639744,7,2732,1151,14488
171907088996150,171907089014028,171907089024705,171907089026610,171907089035356,171907089035421,265650,93825186940240,4375639744,7,2732,1151,14489
171907097325538,171907097340642,171907097350987,171907097353097,171907097361079,171907097361157,265650,93825186940240,4375639744,7,2732,1151,14490
171907105711738,171907105724706,171907105735134,171907105736523,171907105743249,171907105743305,265650,93825186940240,4375639744,7,2732,1151,14491
171907113993550,171907114008985,171907114018990,171907114020590,171907114027903,171907114027972,265650,93825186940240,4375639744,7,2732,1151,14492
171907122341720,171907122357203,171907122368291,171907122370055,171907122382978,171907122383039,265650,93825186940240,4375639744,7,2732,1151,14493
171907130667742,171907130683684,171907130694767,171907130696377,171907130707010,171907130707067,265650,93825186940240,4375639744,7,2732,1151,14494
171907139077879,171907139093738,171907139104577,171907139106305,171907139116255,171907139116315,265650,93825186940240,4375639744,7,2732,1151,14495
171907147344220,171907147364733,171907147376262,171907147378968,171907147392694,171907147392749,265650,93825186940240,4375639744,7,2732,1151,14496
171907155697081,171907155710115,171907155720761,171907155722628,171907155730159,171907155730223,265650,93825186940240,4375639744,7,2732,1151,14497
171907164070061,171907164087372,171907164098161,171907164100205,171907164107896,171907164107964,265650,93825186940240,4375639744,7,2732,1151,14498
171907172334686,171907172351441,171907172361986,171907172363857,171907172372217,171907172372281,265650,93825186940240,4375639744,7,2732,1151,14499
171907180737563,171907180758775,171907180770305,171907180773009,171907180789153,171907180789408,265650,93825186940240,4375639744,7,2732,1151,14500
171907189111985,171907189127507,171907189139093,171907189140751,171907189145131,171907189145213,265650,93825186940240,4375639744,7,2732,1151,14501
171907197404864,171907197423506,171907197434959,171907197437043,171907197448180,171907197448386,265650,93825186940240,4375639744,7,2732,1151,14502
171907205690198,171907205708567,171907205719887,171907205722396,171907205733144,171907205733270,265650,93825186940240,4375639744,7,2732,1151,14503
171907214082460,171907214103631,171907214114983,171907214117558,171907214128287,171907214128387,265650,93825186940240,4375639744,7,2732,1151,14504
171907222361308,171907222379307,171907222390440,171907222393188,171907222401415,171907222401489,265650,93825186940240,4375639744,7,2732,1151,14505
171907230685242,171907230703332,171907230714422,171907230716536,171907230726059,171907230726112,265650,93825186940240,4375639744,7,2732,1151,14506
171907239036866,171907239055525,171907239066679,171907239069204,171907239076737,171907239076820,265650,93825186940240,4375639744,7,2732,1151,14507
171907247346456,171907247378067,171907247390132,171907247393593,171907247402050,171907247402141,265650,93825186940240,4375639744,7,2732,1151,14508
171907255706155,171907255721927,171907255734297,171907255737307,171907255748916,171907255748987,265650,93825186940240,4375639744,7,2732,1151,14509
171907264071350,171907264087762,171907264098785,171907264100781,171907264107379,171907264107449,265650,93825186940240,4375639744,7,2732,1151,14510
171907272372535,171907272393779,171907272405494,171907272419987,171907272433648,171907272433728,265650,93825186940240,4375639744,7,2732,1151,14511
171907280669915,171907280687143,171907280699975,171907280703122,171907280710379,171907280710441,265650,93825186940240,4375639744,7,2732,1151,14512
171907289061250,171907289077794,171907289088381,171907289090227,171907289095275,171907289095349,265650,93825186940240,4375639744,7,2732,1151,14513
171907297398958,171907297415736,171907297427427,171907297429005,171907297434117,171907297434202,265650,93825186940240,4375639744,7,2732,1151,14514
171907305703499,171907305715550,171907305724532,171907305725651,171907305730905,171907305730971,265650,93825186940240,4375639744,7,2732,1151,14515
171907314109993,171907314179081,171907314190176,171907314191236,171907314197541,171907314197625,265650,93825186940240,4375639744,7,2732,1151,14516
171907322390179,171907322401825,171907322410332,171907322411427,171907322415629,171907322415689,265650,93825186940240,4375639744,7,2732,1151,14517
171907330770358,171907330783641,171907330794400,171907330795456,171907330800771,171907330800855,265650,93825186940240,4375639744,7,2732,1151,14518
171907339097901,171907339109998,171907339120596,171907339121447,171907339126961,171907339127046,265650,93825186940240,4375639744,7,2732,1151,14519
171907347365400,171907347377977,171907347389024,171907347389905,171907347395988,171907347396077,265650,93825186940240,4375639744,7,2732,1151,14520
171907355668737,171907355677948,171907355686013,171907355686696,171907355692410,171907355692476,265650,93825186940240,4375639744,7,2732,1151,14521
171907364092260,171907364104878,171907364115537,171907364116543,171907364122358,171907364122435,265650,93825186940240,4375639744,7,2732,1151,14522
171907372363086,171907372372057,171907372380060,171907372380722,171907372386287,171907372386347,265650,93825186940240,4375639744,7,2732,1151,14523
171907380788393,171907380817484,171907380828033,171907380828680,171907380834093,171907380834161,265650,93825186940240,4375639744,7,2732,1151,14524
171907389136088,171907389172400,171907389183100,171907389183829,171907389188595,171907389188672,265650,93825186940240,4375639744,7,2732,1151,14525
171907397349338,171907397358336,171907397366517,171907397367073,171907397371267,171907397371321,265650,93825186940240,4375639744,7,2732,1151,14526
171907405706313,171907405718056,171907405728774,171907405729509,171907405733368,171907405733433,265650,93825186940240,4375639744,7,2732,1151,14527
171907414065869,171907414074768,171907414082583,171907414083546,171907414088109,171907414088163,265650,93825186940240,4375639744,7,2732,1151,14528
171907422390587,171907422401975,171907422410530,171907422412097,171907422421584,171907422421642,265650,93825186940240,4375639744,7,2732,1151,14529
171907430760070,171907430772502,171907430783267,171907430784070,171907430789600,171907430789710,265650,93825186940240,4375639744,7,2732,1151,14530
171907439064731,171907439077405,171907439088175,171907439089140,171907439106021,171907439106088,265650,93825186940240,4375639744,7,2732,1151,14531
171907447393363,171907447485607,171907447548530,171907447549163,171907447554552,171907447554622,265650,93825186940240,4375639744,7,2732,1151,14532
171907455716931,171907455728893,171907455739536,171907455740131,171907455743991,171907455744066,265650,93825186940240,4375639744,7,2732,1151,14533
171907464082454,171907464093131,171907464101856,171907464102487,171907464107665,171907464107731,265650,93825186940240,4375639744,7,2732,1151,14534
171907472500064,171907472539862,171907472550512,171907472551381,171907472557338,171907472557421,265650,93825186940240,4375639744,7,2732,1151,14535
171907480840344,171907480855601,171907480867615,171907480869352,171907480880604,171907480880703,265650,93825186940240,4375639744,7,2732,1151,14536
171907489120612,171907489133777,171907489144789,171907489145855,171907489152245,171907489152336,265650,93825186940240,4375639744,7,2732,1151,14537
171907497467880,171907497495966,171907497506827,171907497507744,171907497513866,171907497513953,265650,93825186940240,4375639744,7,2732,1151,14538
171907505765617,171907505853023,171907505863686,171907505864533,171907505868594,171907505868676,265650,93825186940240,4375639744,7,2732,1151,14539
171907514150215,171907514162075,171907514172547,171907514173362,171907514178441,171907514178504,265650,93825186940240,4375639744,7,2732,1151,14540
171907522358021,171907522370010,171907522380601,171907522381224,171907522385966,171907522386032,265650,93825186940240,4375639744,7,2732,1151,14541
171907530757939,171907530850199,171907530864301,171907530865314,171907530872552,171907530872619,265650,93825186940240,4375639744,7,2732,1151,14542
171907539098341,171907539110997,171907539121639,171907539122644,171907539127959,171907539128033,265650,93825186940240,4375639744,7,2732,1151,14543
171907547381895,171907547401004,171907547412367,171907547424157,171907547431412,171907547431511,265650,93825186940240,4375639744,7,2732,1151,14544
171907555718189,171907555735551,171907555746540,171907555748489,171907555752515,171907555752574,265650,93825186940240,4375639744,7,2732,1151,14545
171907564028992,171907564046124,171907564057033,171907564059199,171907564065689,171907564065744,265650,93825186940240,4375639744,7,2732,1151,14546
171907572347631,171907572365364,171907572377258,171907572379222,171907572386920,171907572387019,265650,93825186940240,4375639744,7,2732,1151,14547
171907580692947,171907580710028,171907580721498,171907580723481,171907580730331,171907580730387,265650,93825186940240,4375639744,7,2732,1151,14548
171907589047803,171907589063581,171907589074100,171907589075810,171907589081791,171907589081855,265650,93825186940240,4375639744,7,2732,1151,14549
171907597377701,171907597397482,171907597408708,171907597411365,171907597423995,171907597424056,265650,93825186940240,4375639744,7,2732,1151,14550
171907605731468,171907605752930,171907605765052,171907605768183,171907605777144,171907605777240,265650,93825186940240,4375639744,7,2732,1151,14551
171907614057904,171907614073092,171907614083375,171907614086133,171907614093170,171907614093252,265650,93825186940240,4375639744,7,2732,1151,14552
171907622423761,171907622437965,171907622447503,171907622450241,171907622459432,171907622459506,265650,93825186940240,4375639744,7,2732,1151,14553
171907630737878,171907630751591,171907630761222,171907630762964,171907630774311,171907630774393,265650,93825186940240,4375639744,7,2732,1151,14554
171907639048001,171907639061452,171907639070369,171907639072416,171907639082398,171907639082465,265650,93825186940240,4375639744,7,2732,1151,14555
171907647373751,171907647386105,171907647395360,171907647397123,171907647403835,171907647403908,265650,93825186940240,4375639744,7,2732,1151,14556
171907655732028,171907655747600,171907655759002,171907655760699,171907655768748,171907655768850,265650,93825186940240,4375639744,7,2732,1151,14557
171907664138801,171907664149201,171907664157328,171907664158225,171907664164114,171907664164181,265650,93825186940240,4375639744,7,2732,1151,14558
171907672381519,171907672390896,171907672399290,171907672400132,171907672405116,171907672405188,265650,93825186940240,4375639744,7,2732,1151,14559
171907680799599,171907680812948,171907680823876,171907680825075,171907680832476,171907680832566,265650,93825186940240,4375639744,7,2732,1151,14560
171907689150515,171907689164528,171907689175831,171907689176951,171907689183989,171907689184098,265650,93825186940240,4375639744,7,2732,1151,14561
171907697422739,171907697432262,171907697440350,171907697441264,171907697446009,171907697446200,265650,93825186940240,4375639744,7,2732,1151,14562
171907705786561,171907705800893,171907705812099,171907705813748,171907705819955,171907705820030,265650,93825186940240,4375639744,7,2732,1151,14563
171907714203669,171907714219834,171907714231296,171907714233192,171907714244580,171907714244671,265650,93825186940240,4375639744,7,2732,1151,14564
171907722375639,171907722386992,171907722396436,171907722397873,171907722405458,171907722405531,265650,93825186940240,4375639744,7,2732,1151,14565
171907730730617,171907730751548,171907730762863,171907730765820,171907730777093,171907730777190,265650,93825186940240,4375639744,7,2732,1151,14566
171907739042119,171907739057691,171907739069204,171907739071570,171907739082843,171907739083001,265650,93825186940240,4375639744,7,2732,1151,14567
171907747379034,171907747398394,171907747409542,171907747412219,171907747420713,171907747420796,265650,93825186940240,4375639744,7,2732,1151,14568
171907755730998,171907755751561,171907755763181,171907755765957,171907755777011,171907755777092,265650,93825186940240,4375639744,7,2732,1151,14569
171907764044867,171907764060957,171907764072488,171907764074833,171907764081730,171907764081782,265650,93825186940240,4375639744,7,2732,1151,14570
171907772387058,171907772406006,171907772417356,171907772419973,171907772430494,171907772430548,265650,93825186940240,4375639744,7,2732,1151,14571
171907780709274,171907780727375,171907780738466,171907780740886,171907780747966,171907780748012,265650,93825186940240,4375639744,7,2732,1151,14572
171907789087443,171907789105617,171907789116778,171907789118819,171907789124152,171907789124232,265650,93825186940240,4375639744,7,2732,1151,14573
171907797400601,171907797417032,171907797428772,171907797430829,171907797435052,171907797435117,265650,93825186940240,4375639744,7,2732,1151,14574
171907805690044,171907805704811,171907805716035,171907805718024,171907805723216,171907805723296,265650,93825186940240,4375639744,7,2732,1151,14575
171907814030391,171907814045986,171907814056636,171907814058287,171907814063104,171907814063164,265650,93825186940240,4375639744,7,2732,1151,14576
171907822362856,171907822381612,171907822392714,171907822394813,171907822402713,171907822402786,265650,93825186940240,4375639744,7,2732,1151,14577
171907830699764,171907830717433,171907830728832,171907830731018,171907830738026,171907830738095,265650,93825186940240,4375639744,7,2732,1151,14578
171907839037012,171907839053988,171907839076473,171907839078491,171907839084834,171907839084900,265650,93825186940240,4375639744,7,2732,1151,14579
171907847357968,171907847374338,171907847385472,171907847387456,171907847392828,171907847392890,265650,93825186940240,4375639744,7,2732,1151,14580
171907855712848,171907855729468,171907855740323,171907855742096,171907855749117,171907855749171,265650,93825186940240,4375639744,7,2732,1151,14581
171907864035054,171907864052049,171907864063054,171907864065132,171907864071377,171907864071441,265650,93825186940240,4375639744,7,2732,1151,14582
171907872369994,171907872384479,171907872395131,171907872397149,171907872401654,171907872401731,265650,93825186940240,4375639744,7,2732,1151,14583
171907880697034,171907880711353,171907880721700,171907880723376,171907880727643,171907880727709,265650,93825186940240,4375639744,7,2732,1151,14584
171907889056721,171907889073369,171907889084510,171907889086451,171907889091384,171907889091449,265650,93825186940240,4375639744,7,2732,1151,14585
171907897383853,171907897401559,171907897412531,171907897414969,171907897420047,171907897420111,265650,93825186940240,4375639744,7,2732,1151,14586
171907905708706,171907905725313,171907905736173,171907905737921,171907905742999,171907905743076,265650,93825186940240,4375639744,7,2732,1151,14587
171907914038053,171907914052543,171907914062950,171907914064685,171907914070591,171907914070646,265650,93825186940240,4375639744,7,2732,1151,14588
171907922374462,171907922393050,171907922404844,171907922407855,171907922414114,171907922414178,265650,93825186940240,4375639744,7,2732,1151,14589
171907930702522,171907930717907,171907930729062,171907930731126,171907930735988,171907930736045,265650,93825186940240,4375639744,7,2732,1151,14590
171907939088590,171907939104261,171907939114931,171907939116768,171907939123043,171907939123104,265650,93825186940240,4375639744,7,2732,1151,14591
171907947435102,171907947451097,171907947462284,171907947464024,171907947469409,171907947469471,265650,93825186940240,4375639744,7,2732,1151,14592
171907955759221,171907955775864,171907955786943,171907955788806,171907955794467,171907955794533,265650,93825186940240,4375639744,7,2732,1151,14593
171907964093910,171907964111547,171907964123128,171907964125196,171907964131398,171907964131458,265650,93825186940240,4375639744,7,2732,1151,14594
171907972370697,171907972386892,171907972398275,171907972400454,171907972405883,171907972405944,265650,93825186940240,4375639744,7,2732,1151,14595
171907980724696,171907980744288,171907980755274,171907980757596,171907980764230,171907980764287,265650,93825186940240,4375639744,7,2732,1151,14596
171907989069630,171907989085864,171907989096880,171907989099764,171907989105046,171907989105126,265650,93825186940240,4375639744,7,2732,1151,14597
171907997388182,171907997405659,171907997416945,171907997418981,171907997424989,171907997425068,265650,93825186940240,4375639744,7,2732,1151,14598
171908005779269,171908005796094,171908005808194,171908005810915,171908005818220,171908005818276,265650,93825186940240,4375639744,7,2732,1151,14599
171908014061073,171908014076454,171908014087406,171908014089559,171908014096707,171908014096768,265650,93825186940240,4375639744,7,2732,1151,14600
171908022380158,171908022396089,171908022406479,171908022408624,171908022415042,171908022415108,265650,93825186940240,4375639744,7,2732,1151,14601
171908030713406,171908030729283,171908030740132,171908030742072,171908030747068,171908030747126,265650,93825186940240,4375639744,7,2732,1151,14602
171908039246519,171908039261157,171908039272487,171908039273977,171908039278894,171908039278980,265650,93825186940240,4375639744,7,2732,1151,14603
171908047459901,171908047469236,171908047477633,171908047478461,171908047484018,171908047484074,265650,93825186940240,4375639744,7,2732,1151,14604
171908055799507,171908055812215,171908055822757,171908055823783,171908055829157,171908055829236,265650,93825186940240,4375639744,7,2732,1151,14605
171908064161020,171908064174618,171908064185602,171908064186964,171908064195554,171908064195648,265650,93825186940240,4375639744,7,2732,1151,14606
171908072342989,171908072356971,171908072366528,171908072368018,171908072373072,171908072373162,265650,93825186940240,4375639744,7,2732,1151,14607
171908080869317,171908080898054,171908080909216,171908080910466,171908080915095,171908080915186,265650,93825186940240,4375639744,7,2732,1151,14608
171908089169724,171908089182925,171908089194251,171908089195875,171908089202485,171908089202572,265650,93825186940240,4375639744,7,2732,1151,14609
171908097410511,171908097420795,171908097429982,171908097430817,171908097436185,171908097436251,265650,93825186940240,4375639744,7,2732,1151,14610
171908105749610,171908105759439,171908105767143,171908105767803,171908105773031,171908105773083,265650,93825186940240,4375639744,7,2732,1151,14611
171908114152774,171908114167539,171908114178789,171908114180416,171908114187456,171908114187539,265650,93825186940240,4375639744,7,2732,1151,14612
171908122406577,171908122418660,171908122427170,171908122428361,171908122433331,171908122433493,265650,93825186940240,4375639744,7,2732,1151,14613
171908130789343,171908130802319,171908130813257,171908130814294,171908130820826,171908130820914,265650,93825186940240,4375639744,7,2732,1151,14614
171908139088437,171908139106648,171908139118114,171908139120806,171908139130165,171908139130262,265650,93825186940240,4375639744,7,2732,1151,14615
171908147395775,171908147412193,171908147423154,171908147425222,171908147432260,171908147432320,265650,93825186940240,4375639744,7,2732,1151,14616
171908155757254,171908155772987,171908155784234,171908155786222,171908155790539,171908155790582,265650,93825186940240,4375639744,7,2732,1151,14617
171908164082789,171908164098945,171908164110564,171908164112718,171908164118897,171908164118943,265650,93825186940240,4375639744,7,2732,1151,14618
171908172378378,171908172397723,171908172408973,171908172412031,171908172418647,171908172418695,265650,93825186940240,4375639744,7,2732,1151,14619
171908180751402,171908180773654,171908180785617,171908180788483,171908180797234,171908180797279,265650,93825186940240,4375639744,7,2732,1151,14620
171908189061652,171908189078307,171908189088774,171908189090838,171908189098631,171908189098716,265650,93825186940240,4375639744,7,2732,1151,14621
171908197393742,171908197409685,171908197420409,171908197422460,171908197429149,171908197429218,265650,93825186940240,4375639744,7,2732,1151,14622
171908205772863,171908205794202,171908205806440,171908205809648,171908205815635,171908205815717,265650,93825186940240,4375639744,7,2732,1151,14623
171908214064115,171908214079736,171908214090182,171908214092177,171908214096995,171908214097044,265650,93825186940240,4375639744,7,2732,1151,14624
171908222377570,171908222393747,171908222404439,171908222406335,171908222411209,171908222411273,265650,93825186940240,4375639744,7,2732,1151,14625
171908230711093,171908230727730,171908230738448,171908230740214,171908230745653,171908230745732,265650,93825186940240,4375639744,7,2732,1151,14626
171908239064248,171908239080652,171908239091160,171908239093147,171908239098328,171908239098384,265650,93825186940240,4375639744,7,2732,1151,14627
171908247395189,171908247412699,171908247423275,171908247425101,171908247431605,171908247431667,265650,93825186940240,4375639744,7,2732,1151,14628
171908255770105,171908255786914,171908255797500,171908255799252,171908255804781,171908255804829,265650,93825186940240,4375639744,7,2732,1151,14629
171908264071386,171908264089422,171908264100231,171908264102521,171908264110040,171908264110113,265650,93825186940240,4375639744,7,2732,1151,14630
171908272391399,171908272409089,171908272420095,171908272421971,171908272431855,171908272431908,265650,93825186940240,4375639744,7,2732,1151,14631
171908280767584,171908280784229,171908280794918,171908280796950,171908280805652,171908280805712,265650,93825186940240,4375639744,7,2732,1151,14632
171908289061545,171908289075687,171908289086205,171908289087927,171908289093820,171908289093877,265650,93825186940240,4375639744,7,2732,1151,14633
171908297435705,171908297453846,171908297464742,171908297466664,171908297472808,171908297472867,265650,93825186940240,4375639744,7,2732,1151,14634
171908305722274,171908305739176,171908305750162,171908305752149,171908305757463,171908305757524,265650,93825186940240,4375639744,7,2732,1151,14635
171908314083828,171908314101134,171908314112224,171908314113777,171908314124893,171908314124946,265650,93825186940240,4375639744,7,2732,1151,14636
171908322396482,171908322415589,171908322427045,171908322429350,171908322439363,171908322439435,265650,93825186940240,4375639744,7,2732,1151,14637
171908330776059,171908330793499,171908330805292,171908330808764,171908330816655,171908330816713,265650,93825186940240,4375639744,7,2732,1151,14638
171908339082542,171908339102870,171908339114227,171908339116558,171908339126314,171908339126399,265650,93825186940240,4375639744,7,2732,1151,14639
171908347415067,171908347432670,171908347444427,171908347446795,171908347456433,171908347456519,265650,93825186940240,4375639744,7,2732,1151,14640
171908355793271,171908355814676,171908355826965,171908355830488,171908355836045,171908355836120,265650,93825186940240,4375639744,7,2732,1151,14641
171908364078392,171908364096618,171908364108209,171908364110373,171908364119155,171908364119217,265650,93825186940240,4375639744,7,2732,1151,14642
171908372403086,171908372420306,171908372432085,171908372434123,171908372441153,171908372441217,265650,93825186940240,4375639744,7,2732,1151,14643
171908380730517,171908380746333,171908380757366,171908380759421,171908380766812,171908380766900,265650,93825186940240,4375639744,7,2732,1151,14644
171908389095394,171908389111969,171908389123334,171908389125267,171908389131307,171908389131373,265650,93825186940240,4375639744,7,2732,1151,14645
171908397402703,171908397425869,171908397437719,171908397441322,171908397451035,171908397451083,265650,93825186940240,4375639744,7,2732,1151,14646
171908405752074,171908405769364,171908405780559,171908405782588,171908405791580,171908405791626,265650,93825186940240,4375639744,7,2732,1151,14647
171908414056949,171908414075329,171908414086992,171908414089045,171908414095266,171908414095318,265650,93825186940240,4375639744,7,2732,1151,14648
171908422396963,171908422414233,171908422425042,171908422427465,171908422434686,171908422434746,265650,93825186940240,4375639744,7,2732,1151,14649
171908430768922,171908430793206,171908430805273,171908430808289,171908430823736,171908430823804,265650,93825186940240,4375639744,7,2732,1151,14650
171908439101210,171908439119276,171908439130163,171908439132631,171908439140711,171908439140756,265650,93825186940240,4375639744,7,2732,1151,14651
171908447399103,171908447418496,171908447429301,171908447431143,171908447439128,171908447439182,265650,93825186940240,4375639744,7,2732,1151,14652
171908455746718,171908455769319,171908455780768,171908455783769,171908455801056,171908455801099,265650,93825186940240,4375639744,7,2732,1151,14653
171908464074632,171908464093722,171908464104128,171908464105809,171908464118562,171908464118627,265650,93825186940240,4375639744,7,2732,1151,14654
171908472425921,171908472446153,171908472457830,171908472460499,171908472475967,171908472476033,265650,93825186940240,4375639744,7,2732,1151,14655
171908480782118,171908480799696,171908480810190,171908480812609,171908480820828,171908480820883,265650,93825186940240,4375639744,7,2732,1151,14656
171908489100436,171908489117700,171908489128592,171908489130722,171908489136266,171908489136327,265650,93825186940240,4375639744,7,2732,1151,14657
171908497409120,171908497426673,171908497437847,171908497440133,171908497449030,171908497449074,265650,93825186940240,4375639744,7,2732,1151,14658
171908505787665,171908505806704,171908505817957,171908505820122,171908505826026,171908505826086,265650,93825186940240,4375639744,7,2732,1151,14659
171908514075696,171908514094765,171908514105352,171908514107802,171908514115576,171908514115625,265650,93825186940240,4375639744,7,2732,1151,14660
171908522446724,171908522464913,171908522476274,171908522479010,171908522487760,171908522487812,265650,93825186940240,4375639744,7,2732,1151,14661
171908530759412,171908530780167,171908530791878,171908530794697,171908530801371,171908530801473,265650,93825186940240,4375639744,7,2732,1151,14662
171908539086159,171908539105453,171908539116704,171908539119412,171908539130739,171908539130795,265650,93825186940240,4375639744,7,2732,1151,14663
171908547468498,171908547488395,171908547499556,171908547502011,171908547513086,171908547513163,265650,93825186940240,4375639744,7,2732,1151,14664
171908555764715,171908555784165,171908555795646,171908555798222,171908555807688,171908555807753,265650,93825186940240,4375639744,7,2732,1151,14665
171908564094304,171908564115060,171908564126458,171908564129167,171908564140119,171908564140193,265650,93825186940240,4375639744,7,2732,1151,14666
171908572427776,171908572445695,171908572456905,171908572458989,171908572469795,171908572469846,265650,93825186940240,4375639744,7,2732,1151,14667
171908580773584,171908580791590,171908580802998,171908580805503,171908580816003,171908580816091,265650,93825186940240,4375639744,7,2732,1151,14668
171908589061756,171908589076278,171908589086244,171908589088319,171908589096773,171908589096850,265650,93825186940240,4375639744,7,2732,1151,14669
171908597475000,171908597498965,171908597511573,171908597514565,171908597524771,171908597524821,265650,93825186940240,4375639744,7,2732,1151,14670
171908605812921,171908605834777,171908605848009,171908605851243,171908605857992,171908605858078,265650,93825186940240,4375639744,7,2732,1151,14671
171908614077961,171908614096373,171908614107976,171908614110218,171908614121319,171908614121367,265650,93825186940240,4375639744,7,2732,1151,14672
171908622446912,171908622466678,171908622478451,171908622481640,171908622493984,171908622494038,265650,93825186940240,4375639744,7,2732,1151,14673
171908630805011,171908630826880,171908630838795,171908630842084,171908630849323,171908630849407,265650,93825186940240,4375639744,7,2732,1151,14674
171908639073204,171908639088905,171908639099682,171908639101981,171908639109029,171908639109094,265650,93825186940240,4375639744,7,2732,1151,14675
171908647434357,171908647450933,171908647461998,171908647463855,171908647473885,171908647473943,265650,93825186940240,4375639744,7,2732,1151,14676
171908655765669,171908655788101,171908655799575,171908655802698,171908655808265,171908655808315,265650,93825186940240,4375639744,7,2732,1151,14677
171908664072872,171908664090014,171908664100722,171908664102666,171908664111786,171908664111846,265650,93825186940240,4375639744,7,2732,1151,14678
171908672429163,171908672446450,171908672457631,171908672459747,171908672468770,171908672468829,265650,93825186940240,4375639744,7,2732,1151,14679
171908680769716,171908680792490,171908680804526,171908680807290,171908680813509,171908680813573,265650,93825186940240,4375639744,7,2732,1151,14680
171908689048662,171908689064364,171908689075201,171908689076987,171908689081760,171908689081819,265650,93825186940240,4375639744,7,2732,1151,14681
171908697504990,171908697527850,171908697539544,171908697542396,171908697554312,171908697554379,265650,93825186940240,4375639744,7,2732,1151,14682
171908705745215,171908705768023,171908705779323,171908705781783,171908705786586,171908705786676,265650,93825186940240,4375639744,7,2732,1151,14683
171908714068895,171908714086524,171908714097377,171908714099407,171908714105632,171908714105682,265650,93825186940240,4375639744,7,2732,1151,14684
171908722473079,171908722489659,171908722500539,171908722502457,171908722507836,171908722507909,265650,93825186940240,4375639744,7,2732,1151,14685
171908730812613,171908730829554,171908730840308,171908730842122,171908730867023,171908730867078,265650,93825186940240,4375639744,7,2732,1151,14686
171908739077576,171908739094612,171908739105625,171908739108166,171908739116904,171908739116969,265650,93825186940240,4375639744,7,2732,1151,14687
171908747418257,171908747434999,171908747445652,171908747447929,171908747453717,171908747453780,265650,93825186940240,4375639744,7,2732,1151,14688
171908755734455,171908755753062,171908755764243,171908755766747,171908755776293,171908755776383,265650,93825186940240,4375639744,7,2732,1151,14689
171908764147677,171908764165920,171908764177569,171908764179794,171908764191885,171908764191959,265650,93825186940240,4375639744,7,2732,1151,14690
171908772510824,171908772535312,171908772547688,171908772550974,171908772568356,171908772568432,265650,93825186940240,4375639744,7,2732,1151,14691
171908780884356,171908780898656,171908780910424,171908780912115,171908780917306,171908780917400,265650,93825186940240,4375639744,7,2732,1151,14692
171908789216097,171908789277446,171908789288880,171908789290369,171908789296358,171908789296446,265650,93825186940240,4375639744,7,2732,1151,14693
171908800429138,171908800440766,171908800450592,171908800451955,171908800455043,171908800455107,265650,93825186940240,4375639744,7,2732,1151,14694
171908811080284,171908811091064,171908811099246,171908811100330,171908811103303,171908811103365,265650,93825186940240,4375639744,7,2732,1151,14695
171908819423154,171908819434994,171908819444329,171908819445586,171908819451268,171908819451345,265650,93825186940240,4375639744,7,2732,1151,14696
171908827833558,171908827848876,171908827860629,171908827862205,171908827867295,171908827867388,265650,93825186940240,4375639744,7,2732,1151,14697
171908836098532,171908836108690,171908836116987,171908836118096,171908836122340,171908836122411,265650,93825186940240,4375639744,7,2732,1151,14698
171908844405865,171908844416899,171908844425992,171908844427154,171908844431505,171908844431573,265650,93825186940240,4375639744,7,2732,1151,14699
171908852741569,171908852755245,171908852766280,171908852767555,171908852775800,171908852775901,265650,93825186940240,4375639744,7,2732,1151,14700
171908861107787,171908861122908,171908861136228,171908861138036,171908861145934,171908861146020,265650,93825186940240,4375639744,7,2732,1151,14701
171908869521801,171908869591778,171908869603435,171908869605046,171908869611328,171908869611414,265650,93825186940240,4375639744,7,2732,1151,14702
171908877771606,171908877784465,171908877795462,171908877796544,171908877801009,171908877801092,265650,93825186940240,4375639744,7,2732,1151,14703
171908886175463,171908886188696,171908886199781,171908886200826,171908886205500,171908886205589,265650,93825186940240,4375639744,7,2732,1151,14704
171908894490605,171908894503664,171908894514718,171908894515781,171908894521320,171908894521408,265650,93825186940240,4375639744,7,2732,1151,14705
171908902812220,171908902825147,171908902836294,171908902837546,171908902843191,171908902843272,265650,93825186940240,4375639744,7,2732,1151,14706
171908911102413,171908911112904,171908911121107,171908911122271,171908911129030,171908911129096,265650,93825186940240,4375639744,7,2732,1151,14707
171908919378283,171908919390243,171908919399134,171908919400307,171908919407130,171908919407196,265650,93825186940240,4375639744,7,2732,1151,14708
171908927836697,171908927850020,171908927860874,171908927862243,171908927870514,171908927870599,265650,93825186940240,4375639744,7,2732,1151,14709
171908936112042,171908936124697,171908936135202,171908936136245,171908936142394,171908936142477,265650,93825186940240,4375639744,7,2732,1151,14710
171908944368200,171908944385602,171908944397383,171908944400633,171908944406386,171908944406478,265650,93825186940240,4375639744,7,2732,1151,14711
171908952683431,171908952698236,171908952709168,171908952711038,171908952716911,171908952717003,265650,93825186940240,4375639744,7,2732,1151,14712
171908961076324,171908961093320,171908961103954,171908961105748,171908961111521,171908961111569,265650,93825186940240,4375639744,7,2732,1151,14713
171908969402846,171908969419572,171908969430214,171908969432215,171908969438611,171908969438674,265650,93825186940240,4375639744,7,2732,1151,14714
171908977702556,171908977717584,171908977728298,171908977729787,171908977740858,171908977740922,265650,93825186940240,4375639744,7,2732,1151,14715
171908986039308,171908986055615,171908986066249,171908986067848,171908986078111,171908986078173,265650,93825186940240,4375639744,7,2732,1151,14716
171908994371655,171908994387929,171908994398630,171908994400859,171908994411823,171908994411891,265650,93825186940240,4375639744,7,2732,1151,14717
171909002744289,171909002760171,171909002771273,171909002773232,171909002777662,171909002777727,265650,93825186940240,4375639744,7,2732,1151,14718
171909011038613,171909011053767,171909011064912,171909011066930,171909011072394,171909011072452,265650,93825186940240,4375639744,7,2732,1151,14719
171909019362278,171909019378898,171909019389474,171909019391733,171909019396537,171909019396600,265650,93825186940240,4375639744,7,2732,1151,14720
171909027702168,171909027717427,171909027728057,171909027729795,171909027740711,171909027740771,265650,93825186940240,4375639744,7,2732,1151,14721
171909036079544,171909036096236,171909036106651,171909036108384,171909036113940,171909036114002,265650,93825186940240,4375639744,7,2732,1151,14722
171909044418906,171909044432977,171909044443686,171909044445675,171909044449727,171909044449780,265650,93825186940240,4375639744,7,2732,1151,14723
171909052719792,171909052737315,171909052748167,171909052749982,171909052758266,171909052758329,265650,93825186940240,4375639744,7,2732,1151,14724
171909061156203,171909061172047,171909061183855,171909061185675,171909061197438,171909061197524,265650,93825186940240,4375639744,7,2732,1151,14725
171909069449712,171909069459332,171909069467836,171909069468870,171909069473946,171909069474012,265650,93825186940240,4375639744,7,2732,1151,14726
171909077812943,171909077826299,171909077837337,171909077838339,171909077844806,171909077844890,265650,93825186940240,4375639744,7,2732,1151,14727
171909086154005,171909086166734,171909086177379,171909086178337,171909086182880,171909086182970,265650,93825186940240,4375639744,7,2732,1151,14728
171909094470486,171909094480440,171909094488955,171909094489758,171909094494046,171909094494113,265650,93825186940240,4375639744,7,2732,1151,14729
171909102810455,171909102867067,171909102877775,171909102878666,171909102885139,171909102885227,265650,93825186940240,4375639744,7,2732,1151,14730
171909111179263,171909111192666,171909111204913,171909111205929,171909111212505,171909111212595,265650,93825186940240,4375639744,7,2732,1151,14731
171909119589722,171909119661218,171909119672986,171909119675021,171909119680432,171909119680512,265650,93825186940240,4375639744,7,2732,1151,14732
171909127792055,171909127804254,171909127815270,171909127816519,171909127823366,171909127823469,265650,93825186940240,4375639744,7,2732,1151,14733
171909136130923,171909136143610,171909136154354,171909136155338,171909136161010,171909136161075,265650,93825186940240,4375639744,7,2732,1151,14734
171909144468727,171909144480736,171909144491445,171909144492110,171909144497257,171909144497327,265650,93825186940240,4375639744,7,2732,1151,14735
171909152822959,171909152837585,171909152848782,171909152850171,171909152858355,171909152858428,265650,93825186940240,4375639744,7,2732,1151,14736
171909161146038,171909161158408,171909161169323,171909161170347,171909161178403,171909161178477,265650,93825186940240,4375639744,7,2732,1151,14737
171909169476557,171909169489356,171909169500186,171909169501208,171909169506456,171909169506527,265650,93825186940240,4375639744,7,2732,1151,14738
171909177801182,171909177813357,171909177823800,171909177824911,171909177829958,171909177830031,265650,93825186940240,4375639744,7,2732,1151,14739
171909186158289,171909186170324,171909186181101,171909186182210,171909186187665,171909186187739,265650,93825186940240,4375639744,7,2732,1151,14740
171909194407414,171909194426669,171909194439498,171909194442145,171909194450789,171909194450893,265650,93825186940240,4375639744,7,2732,1151,14741
171909202726116,171909202742478,171909202753535,171909202755582,171909202761140,171909202761222,265650,93825186940240,4375639744,7,2732,1151,14742
171909211090995,171909211106164,171909211117091,171909211118860,171909211123551,171909211123620,265650,93825186940240,4375639744,7,2732,1151,14743
171909219392887,171909219406889,171909219417297,171909219419219,171909219425282,171909219425341,265650,93825186940240,4375639744,7,2732,1151,14744
171909227739358,171909227756282,171909227767616,171909227769661,171909227774577,171909227774636,265650,93825186940240,4375639744,7,2732,1151,14745
171909236096801,171909236111653,171909236122692,171909236124669,171909236129572,171909236129630,265650,93825186940240,4375639744,7,2732,1151,14746
171909244442312,171909244461262,171909244473414,171909244476315,171909244483380,171909244483427,265650,93825186940240,4375639744,7,2732,1151,14747
171909252721730,171909252736956,171909252747889,171909252749904,171909252755587,171909252755650,265650,93825186940240,4375639744,7,2732,1151,14748
171909261048012,171909261064441,171909261075061,171909261077030,171909261083365,171909261083441,265650,93825186940240,4375639744,7,2732,1151,14749
171909269395044,171909269410800,171909269421449,171909269423431,171909269428717,171909269428777,265650,93825186940240,4375639744,7,2732,1151,14750
171909277730625,171909277745665,171909277756359,171909277758231,171909277763428,171909277763493,265650,93825186940240,4375639744,7,2732,1151,14751
171909286059928,171909286077580,171909286088705,171909286091035,171909286100261,171909286100361,265650,93825186940240,4375639744,7,2732,1151,14752
171909294481569,171909294504036,171909294514999,171909294517248,171909294524951,171909294525043,265650,93825186940240,4375639744,7,2732,1151,14753
171909302769913,171909302792322,171909302805102,171909302808204,171909302819062,171909302819126,265650,93825186940240,4375639744,7,2732,1151,14754
171909311064407,171909311080086,171909311090719,171909311092610,171909311109884,171909311109956,265650,93825186940240,4375639744,7,2732,1151,14755
171909319435829,171909319453255,171909319464006,171909319465923,171909319472091,171909319472166,265650,93825186940240,4375639744,7,2732,1151,14756
171909327740033,171909327755893,171909327766976,171909327768898,171909327775004,171909327775073,265650,93825186940240,4375639744,7,2732,1151,14757
171909336052651,171909336070477,171909336081612,171909336083596,171909336089019,171909336089096,265650,93825186940240,4375639744,7,2732,1151,14758
171909344392356,171909344408909,171909344419983,171909344421787,171909344428691,171909344428740,265650,93825186940240,4375639744,7,2732,1151,14759
171909352723328,171909352736785,171909352747573,171909352749293,171909352755579,171909352755622,265650,93825186940240,4375639744,7,2732,1151,14760
171909361072353,171909361088819,171909361099779,171909361101786,171909361107807,171909361107865,265650,93825186940240,4375639744,7,2732,1151,14761
171909369397997,171909369412897,171909369424246,171909369426470,171909369433319,171909369433367,265650,93825186940240,4375639744,7,2732,1151,14762
171909377753384,171909377770898,171909377782076,171909377785023,171909377792882,171909377792925,265650,93825186940240,4375639744,7,2732,1151,14763
171909386071568,171909386089540,171909386100290,171909386102368,171909386112285,171909386112336,265650,93825186940240,4375639744,7,2732,1151,14764
171909394459809,171909394484287,171909394495884,171909394498523,171909394507958,171909394508008,265650,93825186940240,4375639744,7,2732,1151,14765
171909402886415,171909402901657,171909402913882,171909402915581,171909402926265,171909402926360,265650,93825186940240,4375639744,7,2732,1151,14766
171909411170788,171909411184161,171909411195273,171909411196319,171909411201384,171909411201477,265650,93825186940240,4375639744,7,2732,1151,14767
171909419434920,171909419452306,171909419463662,171909419466519,171909419482590,171909419482681,265650,93825186940240,4375639744,7,2732,1151,14768
171909427753540,171909427772314,171909427783455,171909427786079,171909427796033,171909427796097,265650,93825186940240,4375639744,7,2732,1151,14769
171909436076590,171909436094017,171909436105353,171909436107657,171909436117488,171909436117558,265650,93825186940240,4375639744,7,2732,1151,14770
171909444455344,171909444476966,171909444489020,171909444492135,171909444502341,171909444502408,265650,93825186940240,4375639744,7,2732,1151,14771
171909452744077,171909452761524,171909452772924,171909452775403,171909452782361,171909452782421,265650,93825186940240,4375639744,7,2732,1151,14772
171909461066431,171909461082782,171909461094245,171909461096398,171909461104926,171909461104989,265650,93825186940240,4375639744,7,2732,1151,14773
171909469402511,171909469418541,171909469429690,171909469431909,171909469439635,171909469439716,265650,93825186940240,4375639744,7,2732,1151,14774
171909477743888,171909477759463,171909477771103,171909477773247,171909477779998,171909477780068,265650,93825186940240,4375639744,7,2732,1151,14775
171909486109582,171909486124983,171909486134096,171909486135901,171909486142055,171909486142122,265650,93825186940240,4375639744,7,2732,1151,14776
171909494521051,171909494559520,171909494570361,171909494571759,171909494577899,171909494577980,265650,93825186940240,4375639744,7,2732,1151,14777
171909502815660,171909502828027,171909502838451,171909502839468,171909502844738,171909502844829,265650,93825186940240,4375639744,7,2732,1151,14778
171909511187137,171909511220710,171909511231352,171909511232385,171909511237482,171909511237570,265650,93825186940240,4375639744,7,2732,1151,14779
171909519475867,171909519486093,171909519494884,171909519495825,171909519500290,171909519500354,265650,93825186940240,4375639744,7,2732,1151,14780
171909527860354,171909527873659,171909527884515,171909527885623,171909527890829,171909527890920,265650,93825186940240,4375639744,7,2732,1151,14781
171909536172647,171909536213255,171909536223621,171909536224495,171909536229392,171909536229480,265650,93825186940240,4375639744,7,2732,1151,14782
171909544454230,171909544466041,171909544474899,171909544475688,171909544480461,171909544480533,265650,93825186940240,4375639744,7,2732,1151,14783
171909552732214,171909552741600,171909552749381,171909552750012,171909552754730,171909552754793,265650,93825186940240,4375639744,7,2732,1151,14784
171909561102084,171909561111620,171909561120098,171909561120921,171909561125057,171909561125132,265650,93825186940240,4375639744,7,2732,1151,14785
171909569430870,171909569442957,171909569453442,171909569454260,171909569458909,171909569458980,265650,93825186940240,4375639744,7,2732,1151,14786
171909577832478,171909577844212,171909577854869,171909577855688,171909577860668,171909577860746,265650,93825186940240,4375639744,7,2732,1151,14787
171909586186396,171909586242769,171909586253195,171909586253983,171909586257990,171909586258066,265650,93825186940240,4375639744,7,2732,1151,14788
171909594471674,171909594481090,171909594489108,171909594489749,171909594493821,171909594493872,265650,93825186940240,4375639744,7,2732,1151,14789
171909602862183,171909602873796,171909602884153,171909602884982,171909602890088,171909602890164,265650,93825186940240,4375639744,7,2732,1151,14790
171909611206566,171909611234430,171909611244906,171909611245857,171909611250168,171909611250246,265650,93825186940240,4375639744,7,2732,1151,14791
171909619411539,171909619423796,171909619434247,171909619435231,171909619441054,171909619441106,265650,93825186940240,4375639744,7,2732,1151,14792
171909627852551,171909627865692,171909627876259,171909627877293,171909627882106,171909627882175,265650,93825186940240,4375639744,7,2732,1151,14793
171909636168253,171909636180492,171909636190924,171909636191871,171909636196233,171909636196310,265650,93825186940240,4375639744,7,2732,1151,14794
171909644495535,171909644505369,171909644513960,171909644514655,171909644519345,171909644519406,265650,93825186940240,4375639744,7,2732,1151,14795
171909652752730,171909652767441,171909652777069,171909652778784,171909652787095,171909652787176,265650,93825186940240,4375639744,7,2732,1151,14796
171909661161925,171909661183152,171909661195063,171909661197856,171909661211336,171909661211426,265650,93825186940240,4375639744,7,2732,1151,14797
171909669417740,171909669438574,171909669450079,171909669453372,171909669462451,171909669462529,265650,93825186940240,4375639744,7,2732,1151,14798
171909677859035,171909677870821,171909677879984,171909677881684,171909677887873,171909677887941,265650,93825186940240,4375639744,7,2732,1151,14799
171909686196893,171909686214410,171909686226992,171909686229044,171909686236650,171909686236744,265650,93825186940240,4375639744,7,2732,1151,14800
171909694455819,171909694478228,171909694489528,171909694492415,171909694508453,171909694508543,265650,93825186940240,4375639744,7,2732,1151,14801
171909702799082,171909702818389,171909702829831,171909702832896,171909702843923,171909702844025,265650,93825186940240,4375639744,7,2732,1151,14802
171909711119242,171909711137427,171909711148715,171909711150941,171909711163536,171909711164013,265650,93825186940240,4375639744,7,2732,1151,14803
171909719433672,171909719453973,171909719465505,171909719468462,171909719478563,171909719478647,265650,93825186940240,4375639744,7,2732,1151,14804
171909727821011,171909727836086,171909727846856,171909727849302,171909727858465,171909727858638,265650,93825186940240,4375639744,7,2732,1151,14805
171909736080203,171909736097369,171909736108425,171909736110431,171909736122927,171909736123006,265650,93825186940240,4375639744,7,2732,1151,14806
171909744506758,171909744529566,171909744542357,171909744546035,171909744561487,171909744561559,265650,93825186940240,4375639744,7,2732,1151,14807
171909752762163,171909752778964,171909752790324,171909752792456,171909752802829,171909752802893,265650,93825186940240,4375639744,7,2732,1151,14808
171909761103911,171909761120297,171909761131079,171909761133158,171909761142488,171909761142585,265650,93825186940240,4375639744,7,2732,1151,14809
171909769421653,171909769435794,171909769446698,171909769448898,171909769456221,171909769456280,265650,93825186940240,4375639744,7,2732,1151,14810
171909777759192,171909777772755,171909777782987,171909777784900,171909777790927,171909777790984,265650,93825186940240,4375639744,7,2732,1151,14811
171909786055185,171909786071746,171909786082469,171909786084337,171909786089136,171909786089201,265650,93825186940240,4375639744,7,2732,1151,14812
171909794466726,171909794483624,171909794494247,171909794496339,171909794500824,171909794500882,265650,93825186940240,4375639744,7,2732,1151,14813
171909802747321,171909802763148,171909802774126,171909802776106,171909802780760,171909802780821,265650,93825186940240,4375639744,7,2732,1151,14814
171909811063479,171909811077135,171909811087357,171909811089234,171909811093297,171909811093361,265650,93825186940240,4375639744,7,2732,1151,14815
171909819426280,171909819437928,171909819446757,171909819448073,171909819452482,171909819452549,265650,93825186940240,4375639744,7,2732,1151,14816
171909827854332,171909827867042,171909827876222,171909827877305,171909827881392,171909827881453,265650,93825186940240,4375639744,7,2732,1151,14817
171909836097667,171909836109924,171909836120878,171909836121902,171909836127542,171909836127628,265650,93825186940240,4375639744,7,2732,1151,14818
171909844536849,171909844610103,171909844621692,171909844622994,171909844630437,171909844630523,265650,93825186940240,4375639744,7,2732,1151,14819
171909852806374,171909852819824,171909852830927,171909852832521,171909852839545,171909852839640,265650,93825186940240,4375639744,7,2732,1151,14820
171909861201935,171909861225028,171909861236244,171909861237467,171909861245428,171909861245526,265650,93825186940240,4375639744,7,2732,1151,14821
171909869512831,171909869526031,171909869534800,171909869535898,171909869541000,171909869541071,265650,93825186940240,4375639744,7,2732,1151,14822
171909886260106,171909886279470,171909886290774,171909886293200,171909886304192,171909886304283,265650,93825186940240,4375639744,7,2732,1151,14823
171909894645683,171909894663208,171909894673969,171909894676516,171909894685529,171909894685607,265650,93825186940240,4375639744,7,2732,1151,14824
171909902914877,171909902936279,171909902947937,171909902950286,171909902962055,171909902962132,265650,93825186940240,4375639744,7,2732,1151,14825
171909911441910,171909911459876,171909911471723,171909911474083,171909911482819,171909911482869,265650,93825186940240,4375639744,7,2732,1151,14826
171909919548664,171909919566278,171909919577085,171909919579113,171909919587583,171909919587647,265650,93825186940240,4375639744,7,2732,1151,14827
171909927879399,171909927896459,171909927907237,171909927909140,171909927915773,171909927915822,265650,93825186940240,4375639744,7,2732,1151,14828
171909936222204,171909936238592,171909936249415,171909936251683,171909936258618,171909936258688,265650,93825186940240,4375639744,7,2732,1151,14829
171909944597860,171909944615488,171909944626937,171909944629071,171909944636920,171909944636972,265650,93825186940240,4375639744,7,2732,1151,14830
171909952888308,171909952906125,171909952917042,171909952918999,171909952927819,171909952927891,265650,93825186940240,4375639744,7,2732,1151,14831
171909961222739,171909961239128,171909961249894,171909961251550,171909961259909,171909961259953,265650,93825186940240,4375639744,7,2732,1151,14832
171909969603366,171909969621017,171909969632087,171909969633940,171909969640947,171909969640998,265650,93825186940240,4375639744,7,2732,1151,14833
171909977927899,171909977944320,171909977955012,171909977957080,171909977965771,171909977965832,265650,93825186940240,4375639744,7,2732,1151,14834
171909986244846,171909986261645,171909986272574,171909986275069,171909986282796,171909986282856,265650,93825186940240,4375639744,7,2732,1151,14835
171909994611649,171909994627985,171909994639202,171909994640985,171909994648246,171909994648316,265650,93825186940240,4375639744,7,2732,1151,14836
171910002905939,171910002925532,171910002936970,171910002939454,171910002948485,171910002948553,265650,93825186940240,4375639744,7,2732,1151,14837
171910011253547,171910011271356,171910011282230,171910011286193,171910011298616,171910011298691,265650,93825186940240,4375639744,7,2732,1151,14838
171910019567569,171910019579760,171910019589039,171910019590477,171910019598412,171910019598488,265650,93825186940240,4375639744,7,2732,1151,14839
171910027868938,171910027887960,171910027899268,171910027901761,171910027912596,171910027912697,265650,93825186940240,4375639744,7,2732,1151,14840
171910036290406,171910036308526,171910036318043,171910036320173,171910036330582,171910036330661,265650,93825186940240,4375639744,7,2732,1151,14841
171910044709543,171910044723922,171910044735255,171910044737212,171910044744547,171910044744634,265650,93825186940240,4375639744,7,2732,1151,14842
171910052962198,171910052971539,171910052979538,171910052980493,171910052986259,171910052986319,265650,93825186940240,4375639744,7,2732,1151,14843
171910061264301,171910061277209,171910061288636,171910061289995,171910061296464,171910061296548,265650,93825186940240,4375639744,7,2732,1151,14844
171910069555503,171910069564309,171910069572166,171910069573216,171910069577915,171910069577971,265650,93825186940240,4375639744,7,2732,1151,14845
171910077974227,171910077987652,171910077998663,171910077999636,171910078009947,171910078010016,265650,93825186940240,4375639744,7,2732,1151,14846
171910086221383,171910086231379,171910086239948,171910086240679,171910086244964,171910086245020,265650,93825186940240,4375639744,7,2732,1151,14847
171910094621821,171910094634178,171910094645100,171910094646017,171910094652013,171910094652090,265650,93825186940240,4375639744,7,2732,1151,14848
171910103037782,171910103050651,171910103061720,171910103062628,171910103067646,171910103067724,265650,93825186940240,4375639744,7,2732,1151,14849
171910111224195,171910111237062,171910111248147,171910111248926,171910111253797,171910111253891,265650,93825186940240,4375639744,7,2732,1151,14850
171910119639462,171910119659508,171910119671280,171910119674003,171910119679085,171910119679187,265650,93825186940240,4375639744,7,2732,1151,14851
171910127934557,171910127950314,171910127961273,171910127963357,171910127972167,171910127972264,265650,93825186940240,4375639744,7,2732,1151,14852
171910136232633,171910136250083,171910136260860,171910136263000,171910136271506,171910136271597,265650,93825186940240,4375639744,7,2732,1151,14853
171910144615950,171910144638171,171910144650607,171910144654057,171910144680261,171910144680337,265650,93825186940240,4375639744,7,2732,1151,14854
171910152919515,171910152941382,171910152953039,171910152956117,171910152968662,171910152968730,265650,93825186940240,4375639744,7,2732,1151,14855
171910161219370,171910161233598,171910161244343,171910161246146,171910161253087,171910161253149,265650,93825186940240,4375639744,7,2732,1151,14856
171910169593102,171910169616095,171910169628741,171910169631864,171910169644024,171910169644112,265650,93825186940240,4375639744,7,2732,1151,14857
171910177888494,171910177902587,171910177913324,171910177915205,171910177920685,171910177920753,265650,93825186940240,4375639744,7,2732,1151,14858
171910186226878,171910186243350,171910186254098,171910186255999,171910186262334,171910186262420,265650,93825186940240,4375639744,7,2732,1151,14859
171910194614577,171910194635852,171910194648607,171910194651464,171910194657047,171910194657097,265650,93825186940240,4375639744,7,2732,1151,14860
171910202946659,171910202962932,171910202973501,171910202975450,171910202981191,171910202981261,265650,93825186940240,4375639744,7,2732,1151,14861
171910211240072,171910211256218,171910211266952,171910211268713,171910211274834,171910211274885,265650,93825186940240,4375639744,7,2732,1151,14862
171910219591832,171910219612668,171910219623386,171910219625441,171910219632082,171910219632149,265650,93825186940240,4375639744,7,2732,1151,14863
171910227901297,171910227917408,171910227927829,171910227929770,171910227940073,171910227940137,265650,93825186940240,4375639744,7,2732,1151,14864
171910236230277,171910236245800,171910236256554,171910236258444,171910236268952,171910236269043,265650,93825186940240,4375639744,7,2732,1151,14865
171910244615520,171910244632806,171910244643838,171910244645823,171910244652178,171910244652255,265650,93825186940240,4375639744,7,2732,1151,14866
171910252953739,171910252975282,171910252986828,171910252989807,171910253013120,171910253013195,265650,93825186940240,4375639744,7,2732,1151,14867
171910261236022,171910261251256,171910261262252,171910261264165,171910261269869,171910261269937,265650,93825186940240,4375639744,7,2732,1151,14868
171910269567595,171910269583079,171910269593915,171910269595912,171910269603333,171910269603402,265650,93825186940240,4375639744,7,2732,1151,14869
171910277963277,171910277980316,171910277991194,171910277993068,171910277999307,171910277999371,265650,93825186940240,4375639744,7,2732,1151,14870
171910286248477,171910286266256,171910286277170,171910286279437,171910286289242,171910286289332,265650,93825186940240,4375639744,7,2732,1151,14871
171910294633514,171910294649454,171910294660548,171910294662980,171910294668436,171910294668504,265650,93825186940240,4375639744,7,2732,1151,14872
171910302916593,171910302933354,171910302944311,171910302946137,171910302953626,171910302953703,265650,93825186940240,4375639744,7,2732,1151,14873
171910311282594,171910311299374,171910311309754,171910311311779,171910311316750,171910311316835,265650,93825186940240,4375639744,7,2732,1151,14874
171910319617380,171910319633130,171910319644025,171910319646092,171910319656687,171910319656884,265650,93825186940240,4375639744,7,2732,1151,14875
171910327900440,171910327922741,171910327933537,171910327936217,171910327943334,171910327943401,265650,93825186940240,4375639744,7,2732,1151,14876
171910336252986,171910336270335,171910336281712,171910336284114,171910336296986,171910336297048,265650,93825186940240,4375639744,7,2732,1151,14877
171910344609120,171910344631521,171910344644055,171910344647624,171910344652556,171910344652627,265650,93825186940240,4375639744,7,2732,1151,14878
171910352904835,171910352921241,171910352932334,171910352934370,171910352942305,171910352942367,265650,93825186940240,4375639744,7,2732,1151,14879
171910361238902,171910361253278,171910361264318,171910361266607,171910361274488,171910361274566,265650,93825186940240,4375639744,7,2732,1151,14880
171910369631391,171910369649079,171910369660292,171910369662449,171910369671882,171910369671936,265650,93825186940240,4375639744,7,2732,1151,14881
171910377917277,171910377933647,171910377944816,171910377947098,171910377953815,171910377953878,265650,93825186940240,4375639744,7,2732,1151,14882
171910386243454,171910386260331,171910386271031,171910386272808,171910386279433,171910386279506,265650,93825186940240,4375639744,7,2732,1151,14883
171910394582163,171910394600680,171910394611476,171910394613505,171910394618730,171910394618787,265650,93825186940240,4375639744,7,2732,1151,14884
171910402926703,171910402948986,171910402961538,171910402964932,171910402972946,171910402973005,265650,93825186940240,4375639744,7,2732,1151,14885
171910411241239,171910411257770,171910411268393,171910411270392,171910411277894,171910411277954,265650,93825186940240,4375639744,7,2732,1151,14886
171910419571132,171910419587735,171910419598992,171910419601065,171910419606699,171910419606765,265650,93825186940240,4375639744,7,2732,1151,14887
171910427908821,171910427923653,171910427934640,171910427936585,171910427943176,171910427943257,265650,93825186940240,4375639744,7,2732,1151,14888
171910436283103,171910436303407,171910436315439,171910436319224,171910436339350,171910436339417,265650,93825186940240,4375639744,7,2732,1151,14889
171910444671069,171910444693177,171910444705173,171910444707691,171910444724087,171910444724179,265650,93825186940240,4375639744,7,2732,1151,14890
171910452982253,171910453003970,171910453015635,171910453018109,171910453025902,171910453026008,265650,93825186940240,4375639744,7,2732,1151,14891
171910461256669,171910461272843,171910461284522,171910461286654,171910461297402,171910461297495,265650,93825186940240,4375639744,7,2732,1151,14892
171910469593419,171910469611167,171910469622103,171910469624379,171910469633058,171910469633145,265650,93825186940240,4375639744,7,2732,1151,14893
171910477923224,171910477939087,171910477949524,171910477951356,171910477960370,171910477960437,265650,93825186940240,4375639744,7,2732,1151,14894
171910486246372,171910486263741,171910486274611,171910486276678,171910486283529,171910486283597,265650,93825186940240,4375639744,7,2732,1151,14895
171910494587100,171910494606463,171910494618088,171910494620824,171910494625806,171910494625875,265650,93825186940240,4375639744,7,2732,1151,14896
171910502920207,171910502937128,171910502947757,171910502949273,171910502953895,171910502953963,265650,93825186940240,4375639744,7,2732,1151,14897
171910511268115,171910511285638,171910511296479,171910511298556,171910511307379,171910511307443,265650,93825186940240,4375639744,7,2732,1151,14898
171910519589484,171910519607290,171910519618516,171910519620516,171910519634483,171910519634571,265650,93825186940240,4375639744,7,2732,1151,14899
171910527936419,171910527952412,171910527964062,171910527966085,171910527973476,171910527973554,265650,93825186940240,4375639744,7,2732,1151,14900
171910536249588,171910536266836,171910536277781,171910536279942,171910536286800,171910536286881,265650,93825186940240,4375639744,7,2732,1151,14901
171910544597686,171910544614289,171910544625305,171910544627186,171910544633311,171910544633401,265650,93825186940240,4375639744,7,2732,1151,14902
171910552971484,171910552988429,171910552999400,171910553028089,171910553034569,171910553034640,265650,93825186940240,4375639744,7,2732,1151,14903
171910561244668,171910561259459,171910561269891,171910561271435,171910561277791,171910561277858,265650,93825186940240,4375639744,7,2732,1151,14904
171910569625298,171910569641656,171910569651973,171910569653810,171910569659719,171910569659771,265650,93825186940240,4375639744,7,2732,1151,14905
171910577922873,171910577937870,171910577948677,171910577950273,171910577959053,171910577959112,265650,93825186940240,4375639744,7,2732,1151,14906
171910586306606,171910586322778,171910586334422,171910586337220,171910586352475,171910586352832,265650,93825186940240,4375639744,7,2732,1151,14907
171910594622819,171910594638075,171910594648621,171910594650341,171910594656812,171910594656882,265650,93825186940240,4375639744,7,2732,1151,14908
171910602962156,171910602978317,171910602988905,171910602990516,171910602997660,171910602997725,265650,93825186940240,4375639744,7,2732,1151,14909
171910611254090,171910611268613,171910611280175,171910611281806,171910611286932,171910611287023,265650,93825186940240,4375639744,7,2732,1151,14910
171910619595446,171910619612645,171910619623838,171910619625799,171910619632846,171910619632940,265650,93825186940240,4375639744,7,2732,1151,14911
171910627933846,171910627952329,171910627963615,171910627966234,171910627976295,171910627976372,265650,93825186940240,4375639744,7,2732,1151,14912
171910636259625,171910636277921,171910636289293,171910636291816,171910636301514,171910636301683,265650,93825186940240,4375639744,7,2732,1151,14913
171910644628245,171910644649465,171910644661346,171910644664301,171910644680903,171910644680955,265650,93825186940240,4375639744,7,2732,1151,14914
171910652932132,171910652949985,171910652961042,171910652963285,171910652970512,171910652970584,265650,93825186940240,4375639744,7,2732,1151,14915
171910661245905,171910661261355,171910661271835,171910661273612,171910661282489,171910661282531,265650,93825186940240,4375639744,7,2732,1151,14916
171910669595426,171910669611506,171910669621962,171910669623522,171910669631099,171910669631165,265650,93825186940240,4375639744,7,2732,1151,14917
171910677911008,171910677925753,171910677936688,171910677938636,171910677942882,171910677943038,265650,93825186940240,4375639744,7,2732,1151,14918
171910686307753,171910686325814,171910686338157,171910686341309,171910686351273,171910686351349,265650,93825186940240,4375639744,7,2732,1151,14919
171910694626211,171910694643792,171910694654444,171910694656485,171910694660849,171910694660913,265650,93825186940240,4375639744,7,2732,1151,14920
171910702970453,171910702989891,171910703008841,171910703012144,171910703024196,171910703024270,265650,93825186940240,4375639744,7,2732,1151,14921
171910711294333,171910711309229,171910711320343,171910711322347,171910711327284,171910711327347,265650,93825186940240,4375639744,7,2732,1151,14922
171910719642258,171910719658693,171910719669785,171910719672053,171910719681573,171910719681637,265650,93825186940240,4375639744,7,2732,1151,14923
171910727917555,171910727934400,171910727946448,171910727949112,171910727957065,171910727957139,265650,93825186940240,4375639744,7,2732,1151,14924
171910736254712,171910736271230,171910736281739,171910736283626,171910736289751,171910736289797,265650,93825186940240,4375639744,7,2732,1151,14925
171910744654762,171910744675504,171910744687651,171910744690679,171910744703873,171910744703918,265650,93825186940240,4375639744,7,2732,1151,14926
171910752928682,171910752945266,171910752956035,171910752957793,171910752966258,171910752966324,265650,93825186940240,4375639744,7,2732,1151,14927
171910761258360,171910761274090,171910761285025,171910761287113,171910761292704,171910761292748,265650,93825186940240,4375639744,7,2732,1151,14928
171910769622342,171910769637408,171910769648445,171910769650459,171910769656201,171910769656256,265650,93825186940240,4375639744,7,2732,1151,14929
171910777956477,171910777971734,171910777983344,171910777985029,171910777991788,171910777991839,265650,93825186940240,4375639744,7,2732,1151,14930
171910786259580,171910786276523,171910786287035,171910786288880,171910786295904,171910786295949,265650,93825186940240,4375639744,7,2732,1151,14931
171910794588612,171910794604930,171910794616237,171910794618333,171910794625088,171910794625157,265650,93825186940240,4375639744,7,2732,1151,14932
171910802938803,171910802960379,171910802972154,171910802974829,171910802982870,171910802982934,265650,93825186940240,4375639744,7,2732,1151,14933
171910811273542,171910811289729,171910811300331,171910811302610,171910811313366,171910811313428,265650,93825186940240,4375639744,7,2732,1151,14934
171910819627275,171910819650708,171910819662833,171910819666237,171910819674402,171910819674466,265650,93825186940240,4375639744,7,2732,1151,14935
171910827933497,171910827950008,171910827960737,171910827962845,171910827970886,171910827970951,265650,93825186940240,4375639744,7,2732,1151,14936
171910836313149,171910836330575,171910836342531,171910836345539,171910836357602,171910836357676,265650,93825186940240,4375639744,7,2732,1151,14937
171910844671517,171910844688822,171910844699454,171910844701297,171910844708908,171910844708980,265650,93825186940240,4375639744,7,2732,1151,14938
171910852944236,171910852963662,171910852975924,171910852979106,171910853017287,171910853017345,265650,93825186940240,4375639744,7,2732,1151,14939
171910861264152,171910861281183,171910861291651,171910861293412,171910861300189,171910861300247,265650,93825186940240,4375639744,7,2732,1151,14940
171910869601177,171910869618587,171910869629459,171910869631449,171910869636301,171910869636363,265650,93825186940240,4375639744,7,2732,1151,14941
171910877934264,171910877950205,171910877960905,171910877962815,171910877969815,171910877969857,265650,93825186940240,4375639744,7,2732,1151,14942
171910886276830,171910886293717,171910886304787,171910886307176,171910886316775,171910886316843,265650,93825186940240,4375639744,7,2732,1151,14943
171910894668719,171910894686409,171910894697620,171910894707940,171910894713159,171910894713224,265650,93825186940240,4375639744,7,2732,1151,14944
171910902938839,171910902956131,171910902966884,171910902968999,171910902974372,171910902974460,265650,93825186940240,4375639744,7,2732,1151,14945
171910911280028,171910911296884,171910911307636,171910911309816,171910911318606,171910911318677,265650,93825186940240,4375639744,7,2732,1151,14946
171910919684409,171910919696208,171910919705336,171910919707064,171910919710903,171910919710955,265650,93825186940240,4375639744,7,2732,1151,14947
171910928061260,171910928075601,171910928086858,171910928088112,171910928094475,171910928094546,265650,93825186940240,4375639744,7,2732,1151,14948
171910936318316,171910936331575,171910936340439,171910936341399,171910936348659,171910936348727,265650,93825186940240,4375639744,7,2732,1151,14949
171910944761311,171910944794133,171910944805514,171910944806625,171910944811487,171910944811566,265650,93825186940240,4375639744,7,2732,1151,14950
171910958474523,171910958484475,171910958493487,171910958494231,171910958496918,171910958496978,265650,93825186940240,4375639744,7,2732,1151,14951
171910966908022,171910966924597,171910966936018,171910966937574,171910966942041,171910966942129,265650,93825186940240,4375639744,7,2732,1151,14952
171910975166500,171910975177087,171910975185271,171910975186483,171910975192694,171910975192753,265650,93825186940240,4375639744,7,2732,1151,14953
171910983431353,171910983443853,171910983453933,171910983455409,171910983463403,171910983463470,265650,93825186940240,4375639744,7,2732,1151,14954
171910991860289,171910991873124,171910991884174,171910991885338,171910991891344,171910991891422,265650,93825186940240,4375639744,7,2732,1151,14955
171911000211336,171911000223882,171911000234239,171911000235369,171911000242555,171911000242626,265650,93825186940240,4375639744,7,2732,1151,14956
171911008595289,171911008631238,171911008642041,171911008643011,171911008646634,171911008646716,265650,93825186940240,4375639744,7,2732,1151,14957
171911016818351,171911016831430,171911016842313,171911016843156,171911016849313,171911016849408,265650,93825186940240,4375639744,7,2732,1151,14958
171911025145579,171911025158022,171911025168724,171911025169704,171911025174591,171911025174673,265650,93825186940240,4375639744,7,2732,1151,14959
171911033489393,171911033501927,171911033512596,171911033513553,171911033518342,171911033518421,265650,93825186940240,4375639744,7,2732,1151,14960
171911041880541,171911041893418,171911041904378,171911041905471,171911041910931,171911041911011,265650,93825186940240,4375639744,7,2732,1151,14961
171911050139615,171911050149155,171911050157286,171911050158115,171911050162832,171911050162892,265650,93825186940240,4375639744,7,2732,1151,14962
171911058548668,171911058561266,171911058571907,171911058572862,171911058578367,171911058578446,265650,93825186940240,4375639744,7,2732,1151,14963
171911066853100,171911066865123,171911066875754,171911066876684,171911066881579,171911066881651,265650,93825186940240,4375639744,7,2732,1151,14964
171911075226221,171911075239068,171911075249834,171911075250861,171911075257336,171911075257424,265650,93825186940240,4375639744,7,2732,1151,14965
171911083576377,171911083627179,171911083637775,171911083638733,171911083644228,171911083644301,265650,93825186940240,4375639744,7,2732,1151,14966
171911091915456,171911091960774,171911091971339,171911091972280,171911091977157,171911091977226,265650,93825186940240,4375639744,7,2732,1151,14967
171911100197750,171911100207546,171911100215909,171911100216662,171911100221073,171911100221128,265650,93825186940240,4375639744,7,2732,1151,14968
171911108441919,171911108451142,171911108459246,171911108459915,171911108465035,171911108465088,265650,93825186940240,4375639744,7,2732,1151,14969
171911116902757,171911116921833,171911116933829,171911116935864,171911116941281,171911116941380,265650,93825186940240,4375639744,7,2732,1151,14970
171911125257941,171911125272659,171911125283963,171911125285409,171911125296692,171911125296778,265650,93825186940240,4375639744,7,2732,1151,14971
171911133476743,171911133486867,171911133495892,171911133497818,171911133504073,171911133504134,265650,93825186940240,4375639744,7,2732,1151,14972
171911141849449,171911141860159,171911141868838,171911141870046,171911141875781,171911141875833,265650,93825186940240,4375639744,7,2732,1151,14973
171911150180135,171911150192148,171911150202966,171911150204033,171911150210699,171911150210776,265650,93825186940240,4375639744,7,2732,1151,14974
171911158478254,171911158486932,171911158494745,171911158495362,171911158500563,171911158500612,265650,93825186940240,4375639744,7,2732,1151,14975
171911166892721,171911166908959,171911166919629,171911166920278,171911166924931,171911166924999,265650,93825186940240,4375639744,7,2732,1151,14976
171911175194837,171911175204533,171911175213002,171911175213615,171911175217607,171911175217664,265650,93825186940240,4375639744,7,2732,1151,14977
171911183542978,171911183555100,171911183565822,171911183566400,171911183571300,171911183571372,265650,93825186940240,4375639744,7,2732,1151,14978
171911191881809,171911191894004,171911191904763,171911191905386,171911191910721,171911191910793,265650,93825186940240,4375639744,7,2732,1151,14979
171911200170220,171911200182897,171911200193921,171911200194667,171911200201311,171911200201393,265650,93825186940240,4375639744,7,2732,1151,14980
171911208471363,171911208480800,171911208488434,171911208489209,171911208494570,171911208494618,265650,93825186940240,4375639744,7,2732,1151,14981
171911216861206,171911216873652,171911216884530,171911216885510,171911216891568,171911216891639,265650,93825186940240,4375639744,7,2732,1151,14982
171911225191259,171911225200448,171911225208266,171911225208894,171911225213997,171911225214042,265650,93825186940240,4375639744,7,2732,1151,14983
171911233475310,171911233487559,171911233496603,171911233497746,171911233504066,171911233504125,265650,93825186940240,4375639744,7,2732,1151,14984
171911241871042,171911241883801,171911241894567,171911241895522,171911241901064,171911241901134,265650,93825186940240,4375639744,7,2732,1151,14985
171911250151641,171911250164361,171911250175401,171911250176243,171911250181864,171911250181940,265650,93825186940240,4375639744,7,2732,1151,14986
171911258554694,171911258566447,171911258577075,171911258577886,171911258583503,171911258583575,265650,93825186940240,4375639744,7,2732,1151,14987
171911266935194,171911266967255,171911266978210,171911266979162,171911266985633,171911266985712,265650,93825186940240,4375639744,7,2732,1151,14988
171911275160809,171911275169968,171911275177758,171911275178500,171911275182191,171911275182239,265650,93825186940240,4375639744,7,2732,1151,14989
171911283487526,171911283496106,171911283503979,171911283504640,171911283508934,171911283508994,265650,93825186940240,4375639744,7,2732,1151,14990
171911291817288,171911291826174,171911291833749,171911291834432,171911291837668,171911291837719,265650,93825186940240,4375639744,7,2732,1151,14991
171911300124421,171911300137612,171911300148627,171911300149904,171911300155534,171911300155611,265650,93825186940240,4375639744,7,2732,1151,14992
171911308531942,171911308541564,171911308549773,171911308550489,171911308554768,171911308554827,265650,93825186940240,4375639744,7,2732,1151,14993
171911316885617,171911316896887,171911316905821,171911316906681,171911316910486,171911316910545,265650,93825186940240,4375639744,7,2732,1151,14994
171911325118387,171911325128469,171911325137135,171911325137876,171911325140639,171911325140700,265650,93825186940240,4375639744,7,2732,1151,14995
171911333551013,171911333564414,171911333575676,171911333576646,171911333582390,171911333582468,265650,93825186940240,4375639744,7,2732,1151,14996
171911341883657,171911341979349,171911342012399,171911342013561,171911342018463,171911342018546,265650,93825186940240,4375639744,7,2732,1151,14997
171911350156670,171911350166051,171911350174176,171911350174928,171911350178404,171911350178456,265650,93825186940240,4375639744,7,2732,1151,14998
171911358554187,171911358575715,171911358586681,171911358587547,171911358591180,171911358591252,265650,93825186940240,4375639744,7,2732,1151,14999
171911366897729,171911366979531,171911366990725,171911366991678,171911366998811,171911366998887,265650,93825186940240,4375639744,7,2732,1151,15000
171911375224363,171911375239631,171911375250918,171911375252326,171911375256785,171911375256878,265650,93825186940240,4375639744,7,2732,1151,15001
171911383567811,171911383606308,171911383617448,171911383618788,171911383623079,171911383623168,265650,93825186940240,4375639744,7,2732,1151,15002
171911391935428,171911391947725,171911391958490,171911391959707,171911391963597,171911391963691,265650,93825186940240,4375639744,7,2732,1151,15003
171911400222615,171911400235245,171911400246144,171911400247107,171911400251090,171911400251176,265650,93825186940240,4375639744,7,2732,1151,15004
171911408451932,171911408461339,171911408469463,171911408470231,171911408473278,171911408473339,265650,93825186940240,4375639744,7,2732,1151,15005
171911416918667,171911417008951,171911417020249,171911417021826,171911417027497,171911417027581,265650,93825186940240,4375639744,7,2732,1151,15006
171911425239128,171911425255190,171911425266513,171911425268444,171911425273101,171911425273178,265650,93825186940240,4375639744,7,2732,1151,15007
171911433477187,171911433493269,171911433502804,171911433504964,171911433511114,171911433511192,265650,93825186940240,4375639744,7,2732,1151,15008
171911441940030,171911441956227,171911441968149,171911441970252,171911441976488,171911441976589,265650,93825186940240,4375639744,7,2732,1151,15009
171911450246357,171911450265843,171911450278171,171911450280934,171911450290177,171911450290270,265650,93825186940240,4375639744,7,2732,1151,15010
171911458545068,171911458562686,171911458574440,171911458576685,171911458584163,171911458584250,265650,93825186940240,4375639744,7,2732,1151,15011
171911466913983,171911466932521,171911466943986,171911466946417,171911466958678,171911466958764,265650,93825186940240,4375639744,7,2732,1151,15012
171911475310079,171911475328555,171911475340486,171911475343117,171911475357435,171911475357523,265650,93825186940240,4375639744,7,2732,1151,15013
171911483510513,171911483527429,171911483537429,171911483539885,171911483546644,171911483546710,265650,93825186940240,4375639744,7,2732,1151,15014
171911491894168,171911491907496,171911491916326,171911491918011,171911491924452,171911491924523,265650,93825186940240,4375639744,7,2732,1151,15015
171911500196825,171911500210359,171911500221634,171911500222926,171911500228341,171911500228437,265650,93825186940240,4375639744,7,2732,1151,15016
171911508558378,171911508572350,171911508583498,171911508584577,171911508590379,171911508590468,265650,93825186940240,4375639744,7,2732,1151,15017
171911516863940,171911516875494,171911516884268,171911516885753,171911516892500,171911516892567,265650,93825186940240,4375639744,7,2732,1151,15018
171911525187113,171911525199686,171911525210663,171911525211787,171911525217976,171911525218045,265650,93825186940240,4375639744,7,2732,1151,15019
171911533544611,171911533557035,171911533567769,171911533568588,171911533574318,171911533574393,265650,93825186940240,4375639744,7,2732,1151,15020
171911541893714,171911541941112,171911541951557,171911541952428,171911541957698,171911541957765,265650,93825186940240,4375639744,7,2732,1151,15021
171911550176150,171911550190874,171911550202442,171911550203569,171911550208563,171911550208658,265650,93825186940240,4375639744,7,2732,1151,15022
171911558569614,171911558583090,171911558593863,171911558594858,171911558599719,171911558599789,265650,93825186940240,4375639744,7,2732,1151,15023
171911566885400,171911566898519,171911566909818,171911566910834,171911566914640,171911566914721,265650,93825186940240,4375639744,7,2732,1151,15024
171911575178098,171911575191485,171911575202619,171911575203621,171911575209283,171911575209365,265650,93825186940240,4375639744,7,2732,1151,15025
171911583516888,171911583527350,171911583535608,171911583536369,171911583540160,171911583540226,265650,93825186940240,4375639744,7,2732,1151,15026
171911591949530,171911591965220,171911591975638,171911591976543,171911591981157,171911591981240,265650,93825186940240,4375639744,7,2732,1151,15027
171911600157979,171911600170855,171911600181688,171911600182962,171911600200572,171911600200651,265650,93825186940240,4375639744,7,2732,1151,15028
171911608555330,171911608565547,171911608573870,171911608574553,171911608580137,171911608580200,265650,93825186940240,4375639744,7,2732,1151,15029
171911616885206,171911616897239,171911616907849,171911616908787,171911616915471,171911616915554,265650,93825186940240,4375639744,7,2732,1151,15030
171911625204635,171911625213995,171911625222416,171911625223305,171911625229308,171911625229370,265650,93825186940240,4375639744,7,2732,1151,15031
171911633525929,171911633535224,171911633543188,171911633544264,171911633549546,171911633549597,265650,93825186940240,4375639744,7,2732,1151,15032
171911641893761,171911641910101,171911641922207,171911641923521,171911641928708,171911641928792,265650,93825186940240,4375639744,7,2732,1151,15033
171911650194992,171911650209516,171911650220961,171911650222338,171911650230497,171911650230593,265650,93825186940240,4375639744,7,2732,1151,15034
171911658544604,171911658555252,171911658563428,171911658564420,171911658571522,171911658571596,265650,93825186940240,4375639744,7,2732,1151,15035
171911666896964,171911666909543,171911666920564,171911666921530,171911666928778,171911666928870,265650,93825186940240,4375639744,7,2732,1151,15036
171911675176987,171911675191366,171911675202590,171911675203821,171911675209954,171911675210048,265650,93825186940240,4375639744,7,2732,1151,15037
171911683626946,171911683654736,171911683666091,171911683667098,171911683672020,171911683672102,265650,93825186940240,4375639744,7,2732,1151,15038
171911691884401,171911691897346,171911691908248,171911691909399,171911691915794,171911691915889,265650,93825186940240,4375639744,7,2732,1151,15039
171911700274069,171911700286468,171911700297630,171911700298589,171911700303467,171911700303576,265650,93825186940240,4375639744,7,2732,1151,15040
171911708632237,171911708722269,171911708734056,171911708736420,171911708748292,171911708748387,265650,93825186940240,4375639744,7,2732,1151,15041
171911716981673,171911716997105,171911717011682,171911717013345,171911717022236,171911717022332,265650,93825186940240,4375639744,7,2732,1151,15042
171911725201590,171911725212802,171911725221450,171911725223091,171911725229359,171911725229429,265650,93825186940240,4375639744,7,2732,1151,15043
171911733502683,171911733515708,171911733524902,171911733526812,171911733534775,171911733534834,265650,93825186940240,4375639744,7,2732,1151,15044
171911741958123,171911742028136,171911742039905,171911742041764,171911742051045,171911742051126,265650,93825186940240,4375639744,7,2732,1151,15045
171911750168505,171911750185874,171911750197658,171911750199565,171911750209086,171911750209175,265650,93825186940240,4375639744,7,2732,1151,15046
171911758577924,171911758591722,171911758601264,171911758602995,171911758609479,171911758609557,265650,93825186940240,4375639744,7,2732,1151,15047
171911766966862,171911766980108,171911766991621,171911766992754,171911766998854,171911766998946,265650,93825186940240,4375639744,7,2732,1151,15048
171911775139243,171911775148767,171911775156743,171911775157361,171911775161907,171911775161970,265650,93825186940240,4375639744,7,2732,1151,15049
171911783575421,171911783588888,171911783600048,171911783601087,171911783606705,171911783606778,265650,93825186940240,4375639744,7,2732,1151,15050
171911791812496,171911791825475,171911791836545,171911791837510,171911791841854,171911791841929,265650,93825186940240,4375639744,7,2732,1151,15051
171911800186345,171911800195537,171911800203961,171911800204645,171911800208769,171911800208825,265650,93825186940240,4375639744,7,2732,1151,15052
171911808596164,171911808608569,171911808619541,171911808620325,171911808628186,171911808628255,265650,93825186940240,4375639744,7,2732,1151,15053
171911816904964,171911816928325,171911816939899,171911816942783,171911816952952,171911816953041,265650,93825186940240,4375639744,7,2732,1151,15054
171911825166707,171911825185797,171911825196355,171911825198549,171911825209747,171911825209818,265650,93825186940240,4375639744,7,2732,1151,15055
171911833574730,171911833593299,171911833604774,171911833607066,171911833614994,171911833615056,265650,93825186940240,4375639744,7,2732,1151,15056
171911841826877,171911841843284,171911841854350,171911841856483,171911841865174,171911841865234,265650,93825186940240,4375639744,7,2732,1151,15057
171911850158923,171911850175705,171911850186116,171911850187870,171911850197107,171911850197158,265650,93825186940240,4375639744,7,2732,1151,15058
171911858523558,171911858539126,171911858550478,171911858552666,171911858561316,171911858561370,265650,93825186940240,4375639744,7,2732,1151,15059
171911866875241,171911866893101,171911866903751,171911866905720,171911866913954,171911866914017,265650,93825186940240,4375639744,7,2732,1151,15060
171911875173853,171911875189980,171911875201345,171911875203157,171911875211989,171911875212061,265650,93825186940240,4375639744,7,2732,1151,15061
171911883511160,171911883531477,171911883542847,171911883545725,171911883554723,171911883554781,265650,93825186940240,4375639744,7,2732,1151,15062
171911891818231,171911891834257,171911891845788,171911891848433,171911891861355,171911891861413,265650,93825186940240,4375639744,7,2732,1151,15063
171911900150142,171911900165207,171911900176103,171911900178053,171911900187182,171911900187260,265650,93825186940240,4375639744,7,2732,1151,15064
171911908544343,171911908563293,171911908575263,171911908578361,171911908590667,171911908590748,265650,93825186940240,4375639744,7,2732,1151,15065
171911916804130,171911916817137,171911916828387,171911916829854,171911916837345,171911916837426,265650,93825186940240,4375639744,7,2732,1151,15066
171911925150425,171911925165792,171911925176179,171911925178005,171911925186528,171911925186593,265650,93825186940240,4375639744,7,2732,1151,15067
171911933495423,171911933510441,171911933521241,171911933522972,171911933532058,171911933532123,265650,93825186940240,4375639744,7,2732,1151,15068
171911941833122,171911941848677,171911941859600,171911941861458,171911941870996,171911941871077,265650,93825186940240,4375639744,7,2732,1151,15069
171911950198772,171911950215829,171911950227316,171911950229576,171911950241058,171911950241121,265650,93825186940240,4375639744,7,2732,1151,15070
171911958483318,171911958497576,171911958508009,171911958509816,171911958521408,171911958521578,265650,93825186940240,4375639744,7,2732,1151,15071
171911966890671,171911966911211,171911966923194,171911966925952,171911966937536,171911966937603,265650,93825186940240,4375639744,7,2732,1151,15072
171911975158745,171911975176060,171911975186753,171911975188792,171911975195822,171911975195898,265650,93825186940240,4375639744,7,2732,1151,15073
171911983509531,171911983530130,171911983541768,171911983544631,171911983553495,171911983553564,265650,93825186940240,4375639744,7,2732,1151,15074
171911991876699,171911991895102,171911991906009,171911991908493,171911991916207,171911991916279,265650,93825186940240,4375639744,7,2732,1151,15075
171912000175680,171912000194570,171912000205644,171912000208022,171912000215147,171912000215209,265650,93825186940240,4375639744,7,2732,1151,15076
171912008542730,171912008561298,171912008572292,171912008574784,171912008584663,171912008584733,265650,93825186940240,4375639744,7,2732,1151,15077
171912016832863,171912016847310,171912016858504,171912016860738,171912016867894,171912016867952,265650,93825186940240,4375639744,7,2732,1151,15078
171912025181410,171912025202724,171912025214420,171912025216730,171912025227942,171912025228033,265650,93825186940240,4375639744,7,2732,1151,15079
171912033503482,171912033524089,171912033535865,171912033538264,171912033544135,171912033544198,265650,93825186940240,4375639744,7,2732,1151,15080
171912041866640,171912041883889,171912041895114,171912041897042,171912041902623,171912041902691,265650,93825186940240,4375639744,7,2732,1151,15081
171912050163868,171912050181212,171912050192504,171912050194931,171912050200832,171912050200894,265650,93825186940240,4375639744,7,2732,1151,15082
171912058561745,171912058578492,171912058589936,171912058592025,171912058597542,171912058597612,265650,93825186940240,4375639744,7,2732,1151,15083
171912066869171,171912066886338,171912066897155,171912066899142,171912066904396,171912066904469,265650,93825186940240,4375639744,7,2732,1151,15084
171912075155393,171912075169565,171912075181070,171912075183005,171912075188048,171912075188126,265650,93825186940240,4375639744,7,2732,1151,15085
171912083493564,171912083509244,171912083520296,171912083522003,171912083526678,171912083526733,265650,93825186940240,4375639744,7,2732,1151,15086
171912091825859,171912091841259,171912091851726,171912091853667,171912091861001,171912091861052,265650,93825186940240,4375639744,7,2732,1151,15087
171912100151615,171912100166704,171912100177540,171912100179599,171912100183853,171912100183897,265650,93825186940240,4375639744,7,2732,1151,15088
171912108495504,171912108512409,171912108523036,171912108524892,171912108532827,171912108532912,265650,93825186940240,4375639744,7,2732,1151,15089
171912116837676,171912116853395,171912116864166,171912116866088,171912116874275,171912116874336,265650,93825186940240,4375639744,7,2732,1151,15090
171912125166701,171912125183419,171912125194566,171912125196565,171912125204484,171912125204558,265650,93825186940240,4375639744,7,2732,1151,15091
171912133499162,171912133516089,171912133526683,171912133528401,171912133534791,171912133534842,265650,93825186940240,4375639744,7,2732,1151,15092
171912141887289,171912141905219,171912141915896,171912141917778,171912141923989,171912141924034,265650,93825186940240,4375639744,7,2732,1151,15093
171912150161679,171912150180115,171912150191754,171912150193517,171912150198928,171912150198988,265650,93825186940240,4375639744,7,2732,1151,15094
171912158507127,171912158524278,171912158536492,171912158539369,171912158545586,171912158545639,265650,93825186940240,4375639744,7,2732,1151,15095
171912166873780,171912166892138,171912166903583,171912166905875,171912166912886,171912166912943,265650,93825186940240,4375639744,7,2732,1151,15096
171912175151134,171912175163674,171912175174023,171912175175739,171912175180483,171912175180543,265650,93825186940240,4375639744,7,2732,1151,15097
171912183496091,171912183513525,171912183524437,171912183526194,171912183532905,171912183532964,265650,93825186940240,4375639744,7,2732,1151,15098
171912191816859,171912191829722,171912191840631,171912191842518,171912191848018,171912191848092,265650,93825186940240,4375639744,7,2732,1151,15099
171912200160819,171912200176897,171912200187750,171912200189536,171912200195161,171912200195217,265650,93825186940240,4375639744,7,2732,1151,15100
171912208541446,171912208556310,171912208566865,171912208568859,171912208575678,171912208575728,265650,93825186940240,4375639744,7,2732,1151,15101
171912216839758,171912216856034,171912216866681,171912216868794,171912216879781,171912216879848,265650,93825186940240,4375639744,7,2732,1151,15102
171912225204694,171912225218516,171912225229061,171912225230978,171912225240499,171912225240560,265650,93825186940240,4375639744,7,2732,1151,15103
171912233497374,171912233512502,171912233523268,171912233525410,171912233539988,171912233540071,265650,93825186940240,4375639744,7,2732,1151,15104
171912241847825,171912241866473,171912241878901,171912241882091,171912241901011,171912241901071,265650,93825186940240,4375639744,7,2732,1151,15105
171912250177634,171912250197936,171912250208900,171912250211637,171912250224507,171912250224566,265650,93825186940240,4375639744,7,2732,1151,15106
171912258537832,171912258554023,171912258566047,171912258568915,171912258584889,171912258584948,265650,93825186940240,4375639744,7,2732,1151,15107
171912266840456,171912266857488,171912266870075,171912266872954,171912266892891,171912266892936,265650,93825186940240,4375639744,7,2732,1151,15108
171912275377410,171912275436952,171912275448993,171912275450735,171912275456354,171912275456452,265650,93825186940240,4375639744,7,2732,1151,15109
171912283590557,171912283600174,171912283608539,171912283609623,171912283614007,171912283614075,265650,93825186940240,4375639744,7,2732,1151,15110
171912291977436,171912292041482,171912292053148,171912292054424,171912292065750,171912292065854,265650,93825186940240,4375639744,7,2732,1151,15111
171912300210239,171912300223574,171912300235046,171912300236387,171912300242402,171912300242499,265650,93825186940240,4375639744,7,2732,1151,15112
171912308652591,171912308665897,171912308677080,171912308678152,171912308682270,171912308682361,265650,93825186940240,4375639744,7,2732,1151,15113
171912316975951,171912316989467,171912317003627,171912317004712,171912317011533,171912317011614,265650,93825186940240,4375639744,7,2732,1151,15114
171912325258227,171912325271360,171912325282539,171912325283658,171912325291585,171912325291673,265650,93825186940240,4375639744,7,2732,1151,15115
171912333595148,171912333608103,171912333619286,171912333620280,171912333625296,171912333625372,265650,93825186940240,4375639744,7,2732,1151,15116
171912341886084,171912341895829,171912341903685,171912341904684,171912341911354,171912341911404,265650,93825186940240,4375639744,7,2732,1151,15117
171912350262859,171912350275380,171912350286402,171912350287403,171912350292205,171912350292281,265650,93825186940240,4375639744,7,2732,1151,15118
171912358623247,171912358637967,171912358649610,171912358651130,171912358661336,171912358661415,265650,93825186940240,4375639744,7,2732,1151,15119
171912366872244,171912366881530,171912366889402,171912366890498,171912366896716,171912366896764,265650,93825186940240,4375639744,7,2732,1151,15120
171912375259399,171912375273461,171912375285349,171912375286944,171912375296853,171912375296946,265650,93825186940240,4375639744,7,2732,1151,15121
171912383577194,171912383587626,171912383596145,171912383597095,171912383601670,171912383601742,265650,93825186940240,4375639744,7,2732,1151,15122
171912391991369,171912392040467,171912392051776,171912392052841,171912392060328,171912392060426,265650,93825186940240,4375639744,7,2732,1151,15123
171912400242731,171912400256316,171912400267826,171912400268903,171912400276129,171912400276223,265650,93825186940240,4375639744,7,2732,1151,15124
171912408660303,171912408675659,171912408686945,171912408688164,171912408695617,171912408695690,265650,93825186940240,4375639744,7,2732,1151,15125
171912416835855,171912416845515,171912416853686,171912416854789,171912416861198,171912416861260,265650,93825186940240,4375639744,7,2732,1151,15126
171912425224808,171912425238596,171912425250144,171912425251579,171912425260280,171912425260362,265650,93825186940240,4375639744,7,2732,1151,15127
171912433659616,171912433687688,171912433699128,171912433700551,171912433717009,171912433717097,265650,93825186940240,4375639744,7,2732,1151,15128
171912441943684,171912441958041,171912441969988,171912441971163,171912441978733,171912441978821,265650,93825186940240,4375639744,7,2732,1151,15129
171912450215033,171912450228530,171912450239979,171912450241195,171912450248767,171912450248849,265650,93825186940240,4375639744,7,2732,1151,15130
171912458637713,171912458650890,171912458662140,171912458663266,171912458671407,171912458671500,265650,93825186940240,4375639744,7,2732,1151,15131
171912466938139,171912466951463,171912466962779,171912466964174,171912466972636,171912466972722,265650,93825186940240,4375639744,7,2732,1151,15132
171912475230327,171912475239778,171912475247970,171912475249182,171912475254905,171912475254975,265650,93825186940240,4375639744,7,2732,1151,15133
171912483624467,171912483637459,171912483648762,171912483649634,171912483656582,171912483656657,265650,93825186940240,4375639744,7,2732,1151,15134
171912491957549,171912491970098,171912491981328,171912491982149,171912491988042,171912491988124,265650,93825186940240,4375639744,7,2732,1151,15135
171912500255932,171912500268858,171912500280101,171912500280843,171912500285665,171912500285731,265650,93825186940240,4375639744,7,2732,1151,15136
171912508577195,171912508588284,171912508596818,171912508597954,171912508604551,171912508604603,265650,93825186940240,4375639744,7,2732,1151,15137
171912517020752,171912517033647,171912517045180,171912517046181,171912517051268,171912517051347,265650,93825186940240,4375639744,7,2732,1151,15138
171912525230847,171912525242782,171912525253921,171912525254776,171912525259670,171912525259746,265650,93825186940240,4375639744,7,2732,1151,15139
171912533573597,171912533582406,171912533590267,171912533590885,171912533594826,171912533594880,265650,93825186940240,4375639744,7,2732,1151,15140
171912541860547,171912541872455,171912541883296,171912541884170,171912541889220,171912541889291,265650,93825186940240,4375639744,7,2732,1151,15141
171912550206339,171912550218996,171912550229965,171912550230983,171912550235861,171912550235940,265650,93825186940240,4375639744,7,2732,1151,15142
171912558595013,171912558611160,171912558620085,171912558620987,171912558625407,171912558625467,265650,93825186940240,4375639744,7,2732,1151,15143
171912566893252,171912566902650,171912566910871,171912566911599,171912566916900,171912566916968,265650,93825186940240,4375639744,7,2732,1151,15144
171912575217043,171912575227432,171912575236168,171912575236959,171912575244643,171912575244718,265650,93825186940240,4375639744,7,2732,1151,15145
171912583649157,171912583662391,171912583673509,171912583674747,171912583680811,171912583680900,265650,93825186940240,4375639744,7,2732,1151,15146
171912592009518,171912592022383,171912592033617,171912592034743,171912592042125,171912592042220,265650,93825186940240,4375639744,7,2732,1151,15147
171912600325185,171912600354382,171912600365223,171912600366287,171912600372883,171912600372956,265650,93825186940240,4375639744,7,2732,1151,15148
171912608657963,171912608673156,171912608684023,171912608684910,171912608690498,171912608690574,265650,93825186940240,4375639744,7,2732,1151,15149
171912616941491,171912616961668,171912616973011,171912616975792,171912616985542,171912616985627,265650,93825186940240,4375639744,7,2732,1151,15150
171912625200944,171912625216607,171912625227293,171912625229615,171912625235255,171912625235337,265650,93825186940240,4375639744,7,2732,1151,15151
171912633523114,171912633540497,171912633551150,171912633553666,171912633561263,171912633561306,265650,93825186940240,4375639744,7,2732,1151,15152
171912641917569,171912641933702,171912641944777,171912641946684,171912641958152,171912641958220,265650,93825186940240,4375639744,7,2732,1151,15153
171912650191904,171912650209524,171912650220689,171912650222919,171912650232676,171912650232760,265650,93825186940240,4375639744,7,2732,1151,15154
171912658547032,171912658563400,171912658574253,171912658576101,171912658581462,171912658581530,265650,93825186940240,4375639744,7,2732,1151,15155
171912666872743,171912666895170,171912666906924,171912666909609,171912666920456,171912666920532,265650,93825186940240,4375639744,7,2732,1151,15156
171912675192656,171912675207405,171912675218311,171912675220111,171912675226620,171912675226670,265650,93825186940240,4375639744,7,2732,1151,15157
171912683525729,171912683542676,171912683553561,171912683555302,171912683560698,171912683560756,265650,93825186940240,4375639744,7,2732,1151,15158
171912691887867,171912691901296,171912691911745,171912691913469,171912691918932,171912691918983,265650,93825186940240,4375639744,7,2732,1151,15159
171912700199455,171912700217969,171912700229076,171912700231769,171912700240065,171912700240147,265650,93825186940240,4375639744,7,2732,1151,15160
171912708566138,171912708580931,171912708591928,171912708594047,171912708599326,171912708599406,265650,93825186940240,4375639744,7,2732,1151,15161
171912716906642,171912716929907,171912716941850,171912716945101,171912716954651,171912716954732,265650,93825186940240,4375639744,7,2732,1151,15162
171912725291631,171912725307565,171912725319204,171912725320778,171912725327075,171912725327170,265650,93825186940240,4375639744,7,2732,1151,15163
171912733562180,171912733581266,171912733592074,171912733594603,171912733600633,171912733600725,265650,93825186940240,4375639744,7,2732,1151,15164
171912741899310,171912741922474,171912741934512,171912741937960,171912741947870,171912741947982,265650,93825186940240,4375639744,7,2732,1151,15165
171912750199895,171912750216742,171912750227426,171912750229449,171912750235094,171912750235157,265650,93825186940240,4375639744,7,2732,1151,15166
171912758521473,171912758534118,171912758544985,171912758546533,171912758551566,171912758551630,265650,93825186940240,4375639744,7,2732,1151,15167
171912766904336,171912766926159,171912766937778,171912766940298,171912766949948,171912766950008,265650,93825186940240,4375639744,7,2732,1151,15168
171912775192426,171912775209425,171912775220250,171912775222220,171912775227998,171912775228052,265650,93825186940240,4375639744,7,2732,1151,15169
171912783554778,171912783577873,171912783590858,171912783593835,171912783603790,171912783603857,265650,93825186940240,4375639744,7,2732,1151,15170
171912791868648,171912791885209,171912791896377,171912791898189,171912791905257,171912791905312,265650,93825186940240,4375639744,7,2732,1151,15171
171912800195660,171912800212866,171912800223476,171912800225295,171912800233077,171912800233147,265650,93825186940240,4375639744,7,2732,1151,15172
171912808529583,171912808546378,171912808558286,171912808560803,171912808570748,171912808570822,265650,93825186940240,4375639744,7,2732,1151,15173
171912816866032,171912816881805,171912816892464,171912816894372,171912816903642,171912816903695,265650,93825186940240,4375639744,7,2732,1151,15174
171912825195265,171912825213363,171912825224183,171912825226153,171912825231786,171912825231850,265650,93825186940240,4375639744,7,2732,1151,15175
171912833615549,171912833632655,171912833643679,171912833646327,171912833650907,171912833650969,265650,93825186940240,4375639744,7,2732,1151,15176
171912841864477,171912841877321,171912841887724,171912841889210,171912841893955,171912841894021,265650,93825186940240,4375639744,7,2732,1151,15177
171912850200512,171912850218098,171912850228617,171912850230765,171912850235692,171912850235759,265650,93825186940240,4375639744,7,2732,1151,15178
171912858531882,171912858549870,171912858560302,171912858562390,171912858569354,171912858569415,265650,93825186940240,4375639744,7,2732,1151,15179
171912866888625,171912866905353,171912866916417,171912866918918,171912866928563,171912866928624,265650,93825186940240,4375639744,7,2732,1151,15180
171912875192047,171912875205573,171912875216006,171912875217805,171912875224701,171912875224761,265650,93825186940240,4375639744,7,2732,1151,15181
171912883635011,171912883649685,171912883661224,171912883662814,171912883669892,171912883669971,265650,93825186940240,4375639744,7,2732,1151,15182
171912891942548,171912891955137,171912891966400,171912891967580,171912891973674,171912891973759,265650,93825186940240,4375639744,7,2732,1151,15183
171912900242522,171912900255600,171912900266734,171912900267813,171912900275509,171912900275598,265650,93825186940240,4375639744,7,2732,1151,15184
171912908612968,171912908624892,171912908635445,171912908636449,171912908642828,171912908642920,265650,93825186940240,4375639744,7,2732,1151,15185
171912916993931,171912917017799,171912917028830,171912917029905,171912917037654,171912917037749,265650,93825186940240,4375639744,7,2732,1151,15186
171912925240594,171912925253619,171912925264452,171912925265515,171912925271314,171912925271400,265650,93825186940240,4375639744,7,2732,1151,15187
171912933666187,171912933681556,171912933693180,171912933694504,171912933699542,171912933699634,265650,93825186940240,4375639744,7,2732,1151,15188
171912941867970,171912941881220,171912941892629,171912941893772,171912941898527,171912941898620,265650,93825186940240,4375639744,7,2732,1151,15189
171912950217505,171912950226713,171912950234580,171912950235268,171912950239779,171912950239845,265650,93825186940240,4375639744,7,2732,1151,15190
171912958621975,171912958634079,171912958644948,171912958645719,171912958650830,171912958650924,265650,93825186940240,4375639744,7,2732,1151,15191
171912966922424,171912966937605,171912966948961,171912966950457,171912966958614,171912966958694,265650,93825186940240,4375639744,7,2732,1151,15192
171912975361004,171912975374603,171912975386142,171912975387419,171912975396033,171912975396106,265650,93825186940240,4375639744,7,2732,1151,15193
171912983639616,171912983695750,171912983706709,171912983707667,171912983712504,171912983712583,265650,93825186940240,4375639744,7,2732,1151,15194
171912991969976,171912991982159,171912991993050,171912991993966,171912991999934,171912992000006,265650,93825186940240,4375639744,7,2732,1151,15195
171913000246217,171913000260230,171913000271323,171913000272361,171913000279513,171913000279604,265650,93825186940240,4375639744,7,2732,1151,15196
171913008651529,171913008664465,171913008675474,171913008676642,171913008683330,171913008683406,265650,93825186940240,4375639744,7,2732,1151,15197
171913017024196,171913017063256,171913017074160,171913017075171,171913017081598,171913017081671,265650,93825186940240,4375639744,7,2732,1151,15198
171913028796703,171913028839638,171913028865664,171913028867087,171913028871585,171913028871685,265650,93825186940240,4375639744,7,2732,1151,15199
171913037183617,171913037196915,171913037208603,171913037209903,171913037214491,171913037214572,265650,93825186940240,4375639744,7,2732,1151,15200
171913045481722,171913045501591,171913045513422,171913045515875,171913045524606,171913045524709,265650,93825186940240,4375639744,7,2732,1151,15201
171913056611501,171913056623093,171913056634196,171913056636719,171913056650034,171913056650115,265650,93825186940240,4375639744,7,2732,1151,15202
171913064949127,171913064961056,171913064972334,171913064973875,171913064976618,171913064976695,265650,93825186940240,4375639744,7,2732,1151,15203
171913088867556,171913088876428,171913088884758,171913088886170,171913088891076,171913088891155,265650,93825186940240,4375639744,7,2732,1151,15204
171913097159792,171913097178925,171913097190717,171913097193631,171913097205899,171913097205982,265650,93825186940240,4375639744,7,2732,1151,15205
171913105515443,171913105536031,171913105548319,171913105550724,171913105559257,171913105559336,265650,93825186940240,4375639744,7,2732,1151,15206
171913113815876,171913113846670,171913113869896,171913113872317,171913113879436,171913113879522,265650,93825186940240,4375639744,7,2732,1151,15207
171913122123130,171913122137772,171913122151538,171913122154312,171913122162079,171913122162144,265650,93825186940240,4375639744,7,2732,1151,15208
171913130452514,171913130469408,171913130480522,171913130482728,171913130489157,171913130489233,265650,93825186940240,4375639744,7,2732,1151,15209
171913139470374,171913139487636,171913139511094,171913139512352,171913139515718,171913139515785,265650,93825186940240,4375639744,7,2732,1151,15210
171913147869816,171913147892398,171913147904047,171913147907423,171913147915948,171913147916050,265650,93825186940240,4375639744,7,2732,1151,15211
171913156175280,171913156190551,171913156201595,171913156203382,171913156210224,171913156210304,265650,93825186940240,4375639744,7,2732,1151,15212
171913166046170,171913166061937,171913166071986,171913166073541,171913166076161,171913166076230,265650,93825186940240,4375639744,7,2732,1151,15213
171913174379929,171913174390634,171913174399250,171913174400515,171913174411039,171913174411112,265650,93825186940240,4375639744,7,2732,1151,15214
171913182775085,171913182812965,171913182824053,171913182825367,171913182831052,171913182831137,265650,93825186940240,4375639744,7,2732,1151,15215
171913191085395,171913191097936,171913191108673,171913191109630,171913191115958,171913191116044,265650,93825186940240,4375639744,7,2732,1151,15216
171913199419624,171913199431493,171913199442217,171913199443161,171913199448537,171913199448621,265650,93825186940240,4375639744,7,2732,1151,15217
171913207806033,171913207882306,171913207892969,171913207893947,171913207898962,171913207899048,265650,93825186940240,4375639744,7,2732,1151,15218
171913216108136,171913216120177,171913216130751,171913216131713,171913216136682,171913216136769,265650,93825186940240,4375639744,7,2732,1151,15219
171913224326728,171913224339361,171913224350133,171913224351124,171913224355758,171913224355846,265650,93825186940240,4375639744,7,2732,1151,15220
171913232792669,171913232832372,171913232842975,171913232843999,171913232850425,171913232850517,265650,93825186940240,4375639744,7,2732,1151,15221
171913241065503,171913241074816,171913241082891,171913241083615,171913241088956,171913241089010,265650,93825186940240,4375639744,7,2732,1151,15222
171913249364800,171913249383167,171913249394575,171913249397690,171913249403724,171913249403814,265650,93825186940240,4375639744,7,2732,1151,15223
171913257670694,171913257687835,171913257698854,171913257700849,171913257705781,171913257705835,265650,93825186940240,4375639744,7,2732,1151,15224
171913266013091,171913266030844,171913266041942,171913266043936,171913266051177,171913266051240,265650,93825186940240,4375639744,7,2732,1151,15225
171913274346174,171913274363180,171913274373935,171913274375913,171913274380772,171913274380827,265650,93825186940240,4375639744,7,2732,1151,15226
171913282920915,171913282971708,171913282983696,171913282985272,171913282993571,171913282993663,265650,93825186940240,4375639744,7,2732,1151,15227
171913291205241,171913291218432,171913291229804,171913291231459,171913291236949,171913291237034,265650,93825186940240,4375639744,7,2732,1151,15228
171913299337877,171913299351123,171913299362110,171913299363464,171913299368757,171913299368850,265650,93825186940240,4375639744,7,2732,1151,15229
171913307788627,171913307801616,171913307813102,171913307814060,171913307819129,171913307819205,265650,93825186940240,4375639744,7,2732,1151,15230
171913316120395,171913316133737,171913316144830,171913316146005,171913316151578,171913316151663,265650,93825186940240,4375639744,7,2732,1151,15231
171913324371457,171913324381617,171913324390268,171913324391279,171913324396412,171913324396474,265650,93825186940240,4375639744,7,2732,1151,15232
171913332765326,171913332779325,171913332790370,171913332791290,171913332796273,171913332796345,265650,93825186940240,4375639744,7,2732,1151,15233
171913341135591,171913341148224,171913341159081,171913341159991,171913341164038,171913341164107,265650,93825186940240,4375639744,7,2732,1151,15234
171913349400739,171913349414119,171913349425316,171913349426530,171913349431762,171913349431843,265650,93825186940240,4375639744,7,2732,1151,15235
171913357750844,171913357763435,171913357774595,171913357775640,171913357780923,171913357781001,265650,93825186940240,4375639744,7,2732,1151,15236
171913366097043,171913366109066,171913366120045,171913366120973,171913366125984,171913366126064,265650,93825186940240,4375639744,7,2732,1151,15237
171913374428874,171913374527242,171913374571441,171913374572509,171913374577976,171913374578048,265650,93825186940240,4375639744,7,2732,1151,15238
171913382752369,171913382765619,171913382776752,171913382777845,171913382784869,171913382784943,265650,93825186940240,4375639744,7,2732,1151,15239
171913391003763,171913391013132,171913391021354,171913391022036,171913391026523,171913391026580,265650,93825186940240,4375639744,7,2732,1151,15240
171913399343423,171913399356094,171913399367041,171913399368019,171913399373018,171913399373095,265650,93825186940240,4375639744,7,2732,1151,15241
171913407665540,171913407674633,171913407682771,171913407683350,171913407685844,171913407685899,265650,93825186940240,4375639744,7,2732,1151,15242
171913416016575,171913416028550,171913416037139,171913416038787,171913416043668,171913416043733,265650,93825186940240,4375639744,7,2732,1151,15243
171913424354038,171913424368143,171913424379410,171913424380514,171913424385642,171913424385723,265650,93825186940240,4375639744,7,2732,1151,15244
171913432818249,171913432837835,171913432849288,171913432851765,171913432865639,171913432865782,265650,93825186940240,4375639744,7,2732,1151,15245
171913441131901,171913441151867,171913441163927,171913441166415,171913441182802,171913441182885,265650,93825186940240,4375639744,7,2732,1151,15246
171913449400599,171913449419039,171913449430327,171913449432673,171913449446276,171913449446363,265650,93825186940240,4375639744,7,2732,1151,15247
171913457728207,171913457745946,171913457757071,171913457759498,171913457767503,171913457767581,265650,93825186940240,4375639744,7,2732,1151,15248
171913466079355,171913466097043,171913466108482,171913466110872,171913466116980,171913466117049,265650,93825186940240,4375639744,7,2732,1151,15249
171913474356872,171913474372464,171913474383413,171913474385800,171913474392462,171913474392525,265650,93825186940240,4375639744,7,2732,1151,15250
171913482698057,171913482717641,171913482735197,171913482736949,171913482746446,171913482746506,265650,93825186940240,4375639744,7,2732,1151,15251
171913491087558,171913491104252,171913491115837,171913491117841,171913491128965,171913491129028,265650,93825186940240,4375639744,7,2732,1151,15252
171913499409434,171913499427656,171913499438470,171913499440764,171913499449473,171913499449628,265650,93825186940240,4375639744,7,2732,1151,15253
171913507761171,171913507783379,171913507796086,171913507799364,171913507807803,171913507807907,265650,93825186940240,4375639744,7,2732,1151,15254
171913516067162,171913516083959,171913516095010,171913516096977,171913516103382,171913516103448,265650,93825186940240,4375639744,7,2732,1151,15255
171913524346471,171913524361281,171913524371689,171913524374083,171913524379628,171913524379691,265650,93825186940240,4375639744,7,2732,1151,15256
171913532689325,171913532707972,171913532719055,171913532721062,171913532726343,171913532726416,265650,93825186940240,4375639744,7,2732,1151,15257
171913541017322,171913541032753,171913541043653,171913541045614,171913541049837,171913541049946,265650,93825186940240,4375639744,7,2732,1151,15258
171913549397146,171913549413627,171913549425260,171913549427417,171913549434593,171913549434664,265650,93825186940240,4375639744,7,2732,1151,15259
171913557691629,171913557707459,171913557718093,171913557720082,171913557726323,171913557726386,265650,93825186940240,4375639744,7,2732,1151,15260
171913566087534,171913566104357,171913566115596,171913566117817,171913566128720,171913566128807,265650,93825186940240,4375639744,7,2732,1151,15261
171913574370283,171913574392691,171913574404624,171913574407947,171913574417686,171913574417758,265650,93825186940240,4375639744,7,2732,1151,15262
171913582730552,171913582755715,171913582769215,171913582772156,171913582783396,171913582783484,265650,93825186940240,4375639744,7,2732,1151,15263
171913591109665,171913591125770,171913591136616,171913591138860,171913591145725,171913591145797,265650,93825186940240,4375639744,7,2732,1151,15264
171913599366525,171913599383310,171913599394344,171913599396258,171913599410184,171913599410267,265650,93825186940240,4375639744,7,2732,1151,15265
171913607756847,171913607777039,171913607789360,171913607792651,171913607806411,171913607806466,265650,93825186940240,4375639744,7,2732,1151,15266
171913616075711,171913616092584,171913616103180,171913616105061,171913616112403,171913616112492,265650,93825186940240,4375639744,7,2732,1151,15267
