start,geometry,clip,blit,flush,end,hwnd,surface,thread,outcome,width,height,commit
171894321698626,171894321716929,171894321727471,171894321729531,171894321739370,171894321739520,265650,93825186940240,4375639744,7,2732,1151,13098
171894330036184,171894330055075,171894330066220,171894330068507,171894330077187,171894330077274,265650,93825186940240,4375639744,7,2732,1151,13099
171894338399450,171894338417701,171894338428203,171894338430887,171894338437835,171894338437895,265650,93825186940240,4375639744,7,2732,1151,13100
171894346703861,171894346721159,171894346732235,171894346734599,171894346743634,171894346743707,265650,93825186940240,4375639744,7,2732,1151,13101
171894355058500,171894355076095,171894355086941,171894355088744,171894355097812,171894355097886,265650,93825186940240,4375639744,7,2732,1151,13102
171894363384760,171894363408377,171894363420813,171894363424004,171894363433135,171894363433215,265650,93825186940240,4375639744,7,2732,1151,13103
171894371704807,171894371722297,171894371733248,171894371735835,171894371745123,171894371745184,265650,93825186940240,4375639744,7,2732,1151,13104
171894380078713,171894380094292,171894380105257,171894380107738,171894380113653,171894380113716,265650,93825186940240,4375639744,7,2732,1151,13105
171894388361454,171894388379403,171894388390893,171894388393092,171894388401454,171894388401551,265650,93825186940240,4375639744,7,2732,1151,13106
171894396724841,171894396749525,171894396762809,171894396766163,171894396775639,171894396775699,265650,93825186940240,4375639744,7,2732,1151,13107
171894405058594,171894405075906,171894405087021,171894405089326,171894405094022,171894405094095,265650,93825186940240,4375639744,7,2732,1151,13108
171894413435364,171894413457634,171894413469770,171894413472970,171894413486210,171894413486287,265650,93825186940240,4375639744,7,2732,1151,13109
171894421755909,171894421774373,171894421785517,171894421787442,171894421796084,171894421796148,265650,93825186940240,4375639744,7,2732,1151,13110
171894430065261,171894430076585,171894430086098,171894430087898,171894430094983,171894430095052,265650,93825186940240,4375639744,7,2732,1151,13111
171894438475100,171894438521298,171894438532794,171894438534273,171894438540287,171894438540377,265650,93825186940240,4375639744,7,2732,1151,13112
171894446765984,171894446778615,171894446789415,171894446790734,171894446795895,171894446795981,265650,93825186940240,4375639744,7,2732,1151,13113
171894455122553,171894455174270,171894455184928,171894455185902,171894455190960,171894455191049,265650,93825186940240,4375639744,7,2732,1151,13114
171894463352717,171894463362582,171894463371560,171894463372305,171894463377001,171894463377074,265650,93825186940240,4375639744,7,2732,1151,13115
171894471796470,171894471892443,171894471951544,171894471952447,171894471957461,171894471957548,265650,93825186940240,4375639744,7,2732,1151,13116
171894480122840,171894480135413,171894480146436,171894480147247,171894480151893,171894480151970,265650,93825186940240,4375639744,7,2732,1151,13117
171894488394752,171894488403918,171894488412194,171894488412800,171894488417160,171894488417229,265650,93825186940240,4375639744,7,2732,1151,13118
171894496715185,171894496727316,171894496738115,171894496738992,171894496743227,171894496743319,265650,93825186940240,4375639744,7,2732,1151,13119
171894505097604,171894505111853,171894505123416,171894505124553,171894505129827,171894505129918,265650,93825186940240,4375639744,7,2732,1151,13120
171894513438088,171894513450408,171894513461210,171894513462374,171894513467076,171894513467164,265650,93825186940240,4375639744,7,2732,1151,13121
171894521805787,171894521850964,171894521861793,171894521862589,171894521867507,171894521867589,265650,93825186940240,4375639744,7,2732,1151,13122
171894530122964,171894530145816,171894530156647,171894530157428,171894530162045,171894530162121,265650,93825186940240,4375639744,7,2732,1151,13123
171894538360926,171894538370790,171894538378975,171894538379640,171894538384534,171894538384591,265650,93825186940240,4375639744,7,2732,1151,13124
171894546692088,171894546705028,171894546715878,171894546716728,171894546720689,171894546720762,265650,93825186940240,4375639744,7,2732,1151,13125
171894555071970,171894555081131,171894555089077,171894555089827,171894555094975,171894555095027,265650,93825186940240,4375639744,7,2732,1151,13126
171894563362802,171894563371936,171894563380384,171894563381072,171894563385209,171894563385268,265650,93825186940240,4375639744,7,2732,1151,13127
171894571823189,171894571855386,171894571865951,171894571866906,171894571871310,171894571871379,265650,93825186940240,4375639744,7,2732,1151,13128
171894580081070,171894580090299,171894580098066,171894580098791,171894580102338,171894580102393,265650,93825186940240,4375639744,7,2732,1151,13129
171894588390188,171894588400140,171894588408285,171894588409215,171894588414471,171894588414524,265650,93825186940240,4375639744,7,2732,1151,13130
171894596693151,171894596702834,171894596711340,171894596712118,171894596716854,171894596716914,265650,93825186940240,4375639744,7,2732,1151,13131
171894605125674,171894605135115,171894605143164,171894605143886,171894605147992,171894605148043,265650,93825186940240,4375639744,7,2732,1151,13132
171894613477601,171894613487006,171894613495826,171894613496599,171894613500692,171894613500751,265650,93825186940240,4375639744,7,2732,1151,13133
171894621860045,171894621874612,171894621886007,171894621887375,171894621891829,171894621891918,265650,93825186940240,4375639744,7,2732,1151,13134
171894630101340,171894630111667,171894630119798,171894630120471,171894630124202,171894630124256,265650,93825186940240,4375639744,7,2732,1151,13135
171894638519017,171894638560309,171894638571249,171894638572272,171894638578158,171894638578230,265650,93825186940240,4375639744,7,2732,1151,13136
171894646697318,171894646707464,171894646715109,171894646716230,171894646722797,171894646722849,265650,93825186940240,4375639744,7,2732,1151,13137
171894655036504,171894655051846,171894655063015,171894655064453,171894655070525,171894655070615,265650,93825186940240,4375639744,7,2732,1151,13138
171894663425896,171894663435076,171894663443389,171894663444155,171894663448961,171894663449015,265650,93825186940240,4375639744,7,2732,1151,13139
171894671812872,171894671825142,171894671835746,171894671836611,171894671841198,171894671841276,265650,93825186940240,4375639744,7,2732,1151,13140
171894680067783,171894680077150,171894680085334,171894680085902,171894680090544,171894680090601,265650,93825186940240,4375639744,7,2732,1151,13141
171894688419852,171894688429100,171894688437041,171894688437743,171894688442504,171894688442555,265650,93825186940240,4375639744,7,2732,1151,13142
171894696777882,171894696786760,171894696794361,171894696794888,171894696799539,171894696799586,265650,93825186940240,4375639744,7,2732,1151,13143
171894705113024,171894705123443,171894705132117,171894705133023,171894705137591,171894705137649,265650,93825186940240,4375639744,7,2732,1151,13144
171894713467648,171894713476501,171894713484296,171894713485062,171894713489201,171894713489253,265650,93825186940240,4375639744,7,2732,1151,13145
171894721819648,171894721881284,171894721891806,171894721892690,171894721898996,171894721899065,265650,93825186940240,4375639744,7,2732,1151,13146
171894730159715,171894730172943,171894730183805,171894730184939,171894730191699,171894730191772,265650,93825186940240,4375639744,7,2732,1151,13147
171894738457459,171894738469808,171894738480441,171894738481393,171894738487075,171894738487148,265650,93825186940240,4375639744,7,2732,1151,13148
171894746793166,171894746805075,171894746815731,171894746816602,171894746821502,171894746821572,265650,93825186940240,4375639744,7,2732,1151,13149
171894755148943,171894755160683,171894755171121,171894755171821,171894755176653,171894755176728,265650,93825186940240,4375639744,7,2732,1151,13150
171894763371105,171894763383282,171894763393950,171894763394785,171894763400597,171894763400671,265650,93825186940240,4375639744,7,2732,1151,13151
171894771805895,171894771818022,171894771828460,171894771829397,171894771835961,171894771836032,265650,93825186940240,4375639744,7,2732,1151,13152
171894780073117,171894780091720,171894780103190,171894780106127,171894780113643,171894780113735,265650,93825186940240,4375639744,7,2732,1151,13153
171894788385068,171894788400774,171894788411293,171894788412929,171894788420422,171894788420500,265650,93825186940240,4375639744,7,2732,1151,13154
171894796715472,171894796730682,171894796742732,171894796744484,171894796751972,171894796752037,265650,93825186940240,4375639744,7,2732,1151,13155
171894805044466,171894805060315,171894805071614,171894805073908,171894805081421,171894805081464,265650,93825186940240,4375639744,7,2732,1151,13156
171894813377068,171894813393029,171894813403490,171894813405323,171894813413826,171894813413886,265650,93825186940240,4375639744,7,2732,1151,13157
171894821728304,171894821744910,171894821755396,171894821757486,171894821766983,171894821767037,265650,93825186940240,4375639744,7,2732,1151,13158
171894830115686,171894830131013,171894830141611,171894830143659,171894830150528,171894830150599,265650,93825186940240,4375639744,7,2732,1151,13159
171894838381973,171894838396392,171894838407232,171894838409202,171894838417852,171894838417895,265650,93825186940240,4375639744,7,2732,1151,13160
171894846708583,171894846721631,171894846731757,171894846733348,171894846739701,171894846739766,265650,93825186940240,4375639744,7,2732,1151,13161
171894855069843,171894855085345,171894855096068,171894855098340,171894855104943,171894855104984,265650,93825186940240,4375639744,7,2732,1151,13162
171894863433547,171894863452711,171894863464100,171894863466378,171894863475206,171894863475295,265650,93825186940240,4375639744,7,2732,1151,13163
171894871716646,171894871733892,171894871744863,171894871746990,171894871754102,171894871754178,265650,93825186940240,4375639744,7,2732,1151,13164
171894880076629,171894880096581,171894880108059,171894880110299,171894880118721,171894880118815,265650,93825186940240,4375639744,7,2732,1151,13165
171894888423101,171894888445062,171894888457909,171894888461447,171894888472033,171894888472110,265650,93825186940240,4375639744,7,2732,1151,13166
171894896810003,171894896824601,171894896836517,171894896838324,171894896842626,171894896842707,265650,93825186940240,4375639744,7,2732,1151,13167
171894905150623,171894905163570,171894905174551,171894905175803,171894905182463,171894905182551,265650,93825186940240,4375639744,7,2732,1151,13168
171894913467960,171894913543761,171894913555102,171894913556171,171894913562207,171894913562287,265650,93825186940240,4375639744,7,2732,1151,13169
171894930102833,171894930114537,171894930122658,171894930123614,171894930128350,171894930128410,265650,93825186940240,4375639744,7,2732,1151,13170
171894938417785,171894938431735,171894938442646,171894938444038,171894938450250,171894938450335,265650,93825186940240,4375639744,7,2732,1151,13171
171894946846837,171894946862446,171894946873602,171894946874994,171894946878839,171894946878913,265650,93825186940240,4375639744,7,2732,1151,13172
171894955133004,171894955148951,171894955160785,171894955162437,171894955171267,171894955171376,265650,93825186940240,4375639744,7,2732,1151,13173
171894963371221,171894963384149,171894963395150,171894963396192,171894963402649,171894963402738,265650,93825186940240,4375639744,7,2732,1151,13174
171894971814253,171894971839587,171894971850069,171894971850919,171894971857550,171894971857633,265650,93825186940240,4375639744,7,2732,1151,13175
171894980146091,171894980163023,171894980174737,171894980175853,171894980181168,171894980181253,265650,93825186940240,4375639744,7,2732,1151,13176
171894988383206,171894988406165,171894988418864,171894988422975,171894988433120,171894988433211,265650,93825186940240,4375639744,7,2732,1151,13177
171894996705536,171894996723326,171894996734972,171894996737214,171894996744414,171894996744486,265650,93825186940240,4375639744,7,2732,1151,13178
171895005245047,171895005261204,171895005273365,171895005275165,171895005280970,171895005281064,265650,93825186940240,4375639744,7,2732,1151,13179
171895013385479,171895013398229,171895013406820,171895013408304,171895013415311,171895013415377,265650,93825186940240,4375639744,7,2732,1151,13180
171895021773164,171895021788271,171895021797405,171895021799414,171895021811244,171895021811312,265650,93825186940240,4375639744,7,2732,1151,13181
171895030176444,171895030189326,171895030200526,171895030201628,171895030208623,171895030208692,265650,93825186940240,4375639744,7,2732,1151,13182
171895038398908,171895038411858,171895038422634,171895038423616,171895038430318,171895038430384,265650,93825186940240,4375639744,7,2732,1151,13183
171895046842675,171895046859590,171895046870227,171895046870918,171895046875801,171895046875867,265650,93825186940240,4375639744,7,2732,1151,13184
171895055114256,171895055126643,171895055137649,171895055138319,171895055142808,171895055142875,265650,93825186940240,4375639744,7,2732,1151,13185
171895063428605,171895063440498,171895063451072,171895063451726,171895063457179,171895063457247,265650,93825186940240,4375639744,7,2732,1151,13186
171895071841065,171895071927332,171895071938027,171895071939098,171895071948091,171895071948164,265650,93825186940240,4375639744,7,2732,1151,13187
171895080077402,171895080089923,171895080100891,171895080101774,171895080108884,171895080108957,265650,93825186940240,4375639744,7,2732,1151,13188
171895088436237,171895088445734,171895088454185,171895088454803,171895088470760,171895088470815,265650,93825186940240,4375639744,7,2732,1151,13189
171895096730509,171895096742895,171895096753578,171895096754338,171895096759795,171895096759866,265650,93825186940240,4375639744,7,2732,1151,13190
171895105145237,171895105157917,171895105168993,171895105170002,171895105175510,171895105175582,265650,93825186940240,4375639744,7,2732,1151,13191
171895113443391,171895113453019,171895113461048,171895113461465,171895113465747,171895113465799,265650,93825186940240,4375639744,7,2732,1151,13192
171895121830706,171895121885312,171895121895968,171895121896749,171895121903143,171895121903219,265650,93825186940240,4375639744,7,2732,1151,13193
171895130120010,171895130132186,171895130142779,171895130143681,171895130150817,171895130150893,265650,93825186940240,4375639744,7,2732,1151,13194
171895138464986,171895138478455,171895138488118,171895138489549,171895138494725,171895138494796,265650,93825186940240,4375639744,7,2732,1151,13195
171895146740193,171895146750110,171895146758140,171895146758978,171895146763956,171895146764021,265650,93825186940240,4375639744,7,2732,1151,13196
171895155150826,171895155163058,171895155173624,171895155174573,171895155179697,171895155179793,265650,93825186940240,4375639744,7,2732,1151,13197
171895163454751,171895163467177,171895163477724,171895163478582,171895163484054,171895163484144,265650,93825186940240,4375639744,7,2732,1151,13198
171895171805517,171895171818727,171895171829472,171895171830493,171895171836957,171895171837050,265650,93825186940240,4375639744,7,2732,1151,13199
171895180141728,171895180154019,171895180164535,171895180165455,171895180170880,171895180170972,265650,93825186940240,4375639744,7,2732,1151,13200
171895188394819,171895188407532,171895188418137,171895188419335,171895188425505,171895188425596,265650,93825186940240,4375639744,7,2732,1151,13201
171895196741734,171895196754652,171895196765396,171895196766655,171895196774120,171895196774207,265650,93825186940240,4375639744,7,2732,1151,13202
171895205160960,171895205173988,171895205184806,171895205185732,171895205190789,171895205190880,265650,93825186940240,4375639744,7,2732,1151,13203
171895213433552,171895213443253,171895213450992,171895213451820,171895213455849,171895213455911,265650,93825186940240,4375639744,7,2732,1151,13204
171895221823197,171895221835571,171895221846303,171895221847504,171895221853961,171895221854060,265650,93825186940240,4375639744,7,2732,1151,13205
171895230077848,171895230088230,171895230097350,171895230098137,171895230103434,171895230103497,265650,93825186940240,4375639744,7,2732,1151,13206
171895238422010,171895238434572,171895238445237,171895238446180,171895238451400,171895238451473,265650,93825186940240,4375639744,7,2732,1151,13207
171895246796259,171895246810593,171895246821210,171895246822010,171895246827743,171895246827824,265650,93825186940240,4375639744,7,2732,1151,13208
171895255110690,171895255123300,171895255133758,171895255134727,171895255140955,171895255141034,265650,93825186940240,4375639744,7,2732,1151,13209
171895263523644,171895263566234,171895263577329,171895263579228,171895263586435,171895263586509,265650,93825186940240,4375639744,7,2732,1151,13210
171895271851509,171895271874695,171895271886303,171895271888379,171895271896813,171895271896905,265650,93825186940240,4375639744,7,2732,1151,13211
171895280103771,171895280115516,171895280123876,171895280125856,171895280135693,171895280135762,265650,93825186940240,4375639744,7,2732,1151,13212
171895288458692,171895288472105,171895288481834,171895288484076,171895288491901,171895288491976,265650,93825186940240,4375639744,7,2732,1151,13213
171895296809172,171895296830917,171895296842372,171895296845378,171895296856564,171895296856673,265650,93825186940240,4375639744,7,2732,1151,13214
171895305065738,171895305086920,171895305098316,171895305100968,171895305113512,171895305113615,265650,93825186940240,4375639744,7,2732,1151,13215
171895313457006,171895313477022,171895313488779,171895313491646,171895313505536,171895313505619,265650,93825186940240,4375639744,7,2732,1151,13216
171895321745061,171895321770553,171895321793681,171895321797731,171895321815509,171895321815562,265650,93825186940240,4375639744,7,2732,1151,13217
171895330071473,171895330091141,171895330102555,171895330104801,171895330116322,171895330116430,265650,93825186940240,4375639744,7,2732,1151,13218
171895338463657,171895338488864,171895338501075,171895338503709,171895338514057,171895338514144,265650,93825186940240,4375639744,7,2732,1151,13219
171895346706013,171895346730216,171895346742567,171895346745982,171895346758286,171895346758373,265650,93825186940240,4375639744,7,2732,1151,13220
171895355057031,171895355076068,171895355087157,171895355089230,171895355097662,171895355097749,265650,93825186940240,4375639744,7,2732,1151,13221
171895363442350,171895363463206,171895363474623,171895363477501,171895363487922,171895363488002,265650,93825186940240,4375639744,7,2732,1151,13222
171895371712927,171895371729581,171895371740904,171895371743018,171895371751536,171895371751593,265650,93825186940240,4375639744,7,2732,1151,13223
171895380092912,171895380108437,171895380119011,171895380120993,171895380130660,171895380130709,265650,93825186940240,4375639744,7,2732,1151,13224
171895388395447,171895388415199,171895388426429,171895388429379,171895388436266,171895388436349,265650,93825186940240,4375639744,7,2732,1151,13225
171895396714847,171895396732200,171895396742760,171895396744469,171895396753094,171895396753153,265650,93825186940240,4375639744,7,2732,1151,13226
171895405116250,171895405132757,171895405143764,171895405146279,171895405153589,171895405153667,265650,93825186940240,4375639744,7,2732,1151,13227
171895413413122,171895413435749,171895413448219,171895413451117,171895413469145,171895413469220,265650,93825186940240,4375639744,7,2732,1151,13228
171895421731526,171895421749738,171895421760797,171895421763088,171895421771813,171895421771903,265650,93825186940240,4375639744,7,2732,1151,13229
171895430074646,171895430093768,171895430105085,171895430107723,171895430118166,171895430118249,265650,93825186940240,4375639744,7,2732,1151,13230
171895438408494,171895438430088,171895438441996,171895438444920,171895438452515,171895438452596,265650,93825186940240,4375639744,7,2732,1151,13231
171895446752505,171895446772655,171895446783693,171895446786662,171895446799065,171895446799152,265650,93825186940240,4375639744,7,2732,1151,13232
171895455068069,171895455086866,171895455097976,171895455100884,171895455108211,171895455108270,265650,93825186940240,4375639744,7,2732,1151,13233
171895463395053,171895463412591,171895463423679,171895463426284,171895463432849,171895463432932,265650,93825186940240,4375639744,7,2732,1151,13234
171895471728155,171895471746024,171895471756928,171895471759068,171895471767699,171895471767770,265650,93825186940240,4375639744,7,2732,1151,13235
171895480199139,171895480219987,171895480232070,171895480234859,171895480243397,171895480243510,265650,93825186940240,4375639744,7,2732,1151,13236
171895488462717,171895488487628,171895488500405,171895488504470,171895488513672,171895488513768,265650,93825186940240,4375639744,7,2732,1151,13237
171895496750778,171895496768133,171895496779101,171895496781519,171895496789568,171895496789648,265650,93825186940240,4375639744,7,2732,1151,13238
171895505057968,171895505075799,171895505087050,171895505089242,171895505095251,171895505095302,265650,93825186940240,4375639744,7,2732,1151,13239
171895513399617,171895513419142,171895513432196,171895513435411,171895513443961,171895513444030,265650,93825186940240,4375639744,7,2732,1151,13240
171895521738910,171895521760899,171895521773617,171895521776441,171895521784524,171895521784704,265650,93825186940240,4375639744,7,2732,1151,13241
171895530057341,171895530071041,171895530081600,171895530083068,171895530089052,171895530089105,265650,93825186940240,4375639744,7,2732,1151,13242
171895538412238,171895538434744,171895538447361,171895538450192,171895538457086,171895538457140,265650,93825186940240,4375639744,7,2732,1151,13243
171895546764322,171895546780583,171895546791545,171895546793594,171895546798437,171895546798507,265650,93825186940240,4375639744,7,2732,1151,13244
171895555117848,171895555136013,171895555147092,171895555149332,171895555159651,171895555159722,265650,93825186940240,4375639744,7,2732,1151,13245
171895563430088,171895563454713,171895563467096,171895563470109,171895563479966,171895563480069,265650,93825186940240,4375639744,7,2732,1151,13246
171895571729942,171895571748686,171895571759838,171895571762072,171895571770010,171895571770071,265650,93825186940240,4375639744,7,2732,1151,13247
171895580100108,171895580115817,171895580126608,171895580128708,171895580134317,171895580134387,265650,93825186940240,4375639744,7,2732,1151,13248
171895588413040,171895588435458,171895588447461,171895588450567,171895588457671,171895588457770,265650,93825186940240,4375639744,7,2732,1151,13249
171895596736797,171895596753938,171895596764981,171895596766744,171895596773496,171895596773554,265650,93825186940240,4375639744,7,2732,1151,13250
171895605063034,171895605078941,171895605089855,171895605091783,171895605100313,171895605100369,265650,93825186940240,4375639744,7,2732,1151,13251
171895613433481,171895613456955,171895613468815,171895613471671,171895613478252,171895613478300,265650,93825186940240,4375639744,7,2732,1151,13252
171895621691211,171895621709402,171895621720939,171895621723588,171895621732415,171895621732498,265650,93825186940240,4375639744,7,2732,1151,13253
171895630134406,171895630151962,171895630163123,171895630165837,171895630177183,171895630177234,265650,93825186940240,4375639744,7,2732,1151,13254
171895638446624,171895638471114,171895638483706,171895638487465,171895638498061,171895638498150,265650,93825186940240,4375639744,7,2732,1151,13255
171895646738602,171895646766397,171895646777706,171895646779773,171895646786840,171895646786937,265650,93825186940240,4375639744,7,2732,1151,13256
171895655118910,171895655136399,171895655147841,171895655149925,171895655157823,171895655157912,265650,93825186940240,4375639744,7,2732,1151,13257
171895663399819,171895663416103,171895663426752,171895663428703,171895663436271,171895663436343,265650,93825186940240,4375639744,7,2732,1151,13258
171895671745684,171895671764218,171895671775218,171895671777255,171895671788174,171895671788282,265650,93825186940240,4375639744,7,2732,1151,13259
171895680076542,171895680093995,171895680104777,171895680107590,171895680114364,171895680114425,265650,93825186940240,4375639744,7,2732,1151,13260
171895688454952,171895688475929,171895688488073,171895688490904,171895688501620,171895688501689,265650,93825186940240,4375639744,7,2732,1151,13261
171895696759574,171895696780559,171895696792771,171895696797562,171895696807424,171895696807497,265650,93825186940240,4375639744,7,2732,1151,13262
171895705099782,171895705112336,171895705121715,171895705123178,171895705128187,171895705128253,265650,93825186940240,4375639744,7,2732,1151,13263
171895713439811,171895713453187,171895713464511,171895713465723,171895713474130,171895713474224,265650,93825186940240,4375639744,7,2732,1151,13264
171895721779150,171895721788592,171895721797723,171895721798498,171895721803731,171895721803792,265650,93825186940240,4375639744,7,2732,1151,13265
171895730086457,171895730107370,171895730119220,171895730122118,171895730131410,171895730131498,265650,93825186940240,4375639744,7,2732,1151,13266
171895738404066,171895738421323,171895738432265,171895738434574,171895738441679,171895738441742,265650,93825186940240,4375639744,7,2732,1151,13267
171895746732171,171895746749265,171895746760385,171895746762375,171895746769286,171895746769331,265650,93825186940240,4375639744,7,2732,1151,13268
171895755045697,171895755060297,171895755070979,171895755072641,171895755078216,171895755078276,265650,93825186940240,4375639744,7,2732,1151,13269
171895763426549,171895763444545,171895763456095,171895763458963,171895763469488,171895763469551,265650,93825186940240,4375639744,7,2732,1151,13270
171895771736747,171895771753521,171895771764466,171895771766720,171895771772749,171895771772833,265650,93825186940240,4375639744,7,2732,1151,13271
171895780112190,171895780129128,171895780139977,171895780141907,171895780147884,171895780147944,265650,93825186940240,4375639744,7,2732,1151,13272
171895788449775,171895788464925,171895788475845,171895788477585,171895788484433,171895788484492,265650,93825186940240,4375639744,7,2732,1151,13273
171895796790622,171895796807851,171895796818535,171895796821081,171895796827236,171895796827295,265650,93825186940240,4375639744,7,2732,1151,13274
171895805059331,171895805076691,171895805087349,171895805089647,171895805102532,171895805102610,265650,93825186940240,4375639744,7,2732,1151,13275
171895813418810,171895813439661,171895813451575,171895813454331,171895813464717,171895813464791,265650,93825186940240,4375639744,7,2732,1151,13276
171895821730037,171895821745305,171895821755654,171895821757723,171895821763662,171895821763721,265650,93825186940240,4375639744,7,2732,1151,13277
171895830055289,171895830072598,171895830083865,171895830085977,171895830092704,171895830092758,265650,93825186940240,4375639744,7,2732,1151,13278
171895838388961,171895838401730,171895838413538,171895838415216,171895838420072,171895838420138,265650,93825186940240,4375639744,7,2732,1151,13279
171895846953169,171895847051571,171895847063383,171895847064973,171895847071853,171895847071947,265650,93825186940240,4375639744,7,2732,1151,13280
171895855176979,171895855197405,171895855208912,171895855211280,171895855218370,171895855218469,265650,93825186940240,4375639744,7,2732,1151,13281
171895863442103,171895863459675,171895863470787,171895863472943,171895863480406,171895863480506,265650,93825186940240,4375639744,7,2732,1151,13282
171895871818915,171895871843356,171895871855153,171895871857925,171895871870489,171895871870554,265650,93825186940240,4375639744,7,2732,1151,13283
171895880061651,171895880079960,171895880090720,171895880092562,171895880101244,171895880101330,265650,93825186940240,4375639744,7,2732,1151,13284
171895888373139,171895888391124,171895888402525,171895888404515,171895888412635,171895888412718,265650,93825186940240,4375639744,7,2732,1151,13285
171895896755660,171895896773160,171895896784644,171895896787040,171895896795638,171895896795718,265650,93825186940240,4375639744,7,2732,1151,13286
171895905110832,171895905127804,171895905138812,171895905140720,171895905148018,171895905148094,265650,93825186940240,4375639744,7,2732,1151,13287
171895913457994,171895913479434,171895913490480,171895913493230,171895913501785,171895913501854,265650,93825186940240,4375639744,7,2732,1151,13288
171895921801747,171895921818666,171895921829272,171895921831306,171895921838204,171895921838268,265650,93825186940240,4375639744,7,2732,1151,13289
171895930061014,171895930075989,171895930087009,171895930088941,171895930095425,171895930095493,265650,93825186940240,4375639744,7,2732,1151,13290
171895938413079,171895938429617,171895938441037,171895938443195,171895938450320,171895938450385,265650,93825186940240,4375639744,7,2732,1151,13291
171895946759481,171895946779485,171895946790620,171895946793053,171895946802426,171895946802505,265650,93825186940240,4375639744,7,2732,1151,13292
171895955121808,171895955136490,171895955147371,171895955149084,171895955156877,171895955156991,265650,93825186940240,4375639744,7,2732,1151,13293
171895963472829,171895963490227,171895963501163,171895963503686,171895963511988,171895963512048,265650,93825186940240,4375639744,7,2732,1151,13294
171895971804576,171895971823966,171895971835440,171895971837852,171895971847333,171895971847424,265650,93825186940240,4375639744,7,2732,1151,13295
171895980071990,171895980089238,171895980101229,171895980104026,171895980109810,171895980109854,265650,93825186940240,4375639744,7,2732,1151,13296
171895988440564,171895988461418,171895988472653,171895988475419,171895988479913,171895988480005,265650,93825186940240,4375639744,7,2732,1151,13297
171895996830963,171895996855672,171895996868370,171895996871674,171895996885373,171895996885440,265650,93825186940240,4375639744,7,2732,1151,13298
171896005078941,171896005097289,171896005108545,171896005111057,171896005123890,171896005123957,265650,93825186940240,4375639744,7,2732,1151,13299
171896013421106,171896013437841,171896013449308,171896013451566,171896013457675,171896013457736,265650,93825186940240,4375639744,7,2732,1151,13300
171896021744312,171896021759995,171896021770491,171896021772341,171896021777755,171896021777825,265650,93825186940240,4375639744,7,2732,1151,13301
171896030061582,171896030079172,171896030090054,171896030092125,171896030099552,171896030099599,265650,93825186940240,4375639744,7,2732,1151,13302
171896038459144,171896038476845,171896038487761,171896038489849,171896038496327,171896038496398,265650,93825186940240,4375639744,7,2732,1151,13303
171896046745660,171896046763577,171896046774823,171896046777076,171896046782061,171896046782117,265650,93825186940240,4375639744,7,2732,1151,13304
171896055048783,171896055063656,171896055075347,171896055077267,171896055081972,171896055082035,265650,93825186940240,4375639744,7,2732,1151,13305
171896063493956,171896063512670,171896063523938,171896063525712,171896063530604,171896063530679,265650,93825186940240,4375639744,7,2732,1151,13306
171896071786607,171896071803221,171896071814219,171896071816229,171896071822952,171896071823010,265650,93825186940240,4375639744,7,2732,1151,13307
171896080064217,171896080081830,171896080093397,171896080095819,171896080103991,171896080104048,265650,93825186940240,4375639744,7,2732,1151,13308
171896088463281,171896088484847,171896088496585,171896088499378,171896088509199,171896088509253,265650,93825186940240,4375639744,7,2732,1151,13309
171896096788494,171896096804113,171896096815156,171896096816995,171896096828153,171896096828213,265650,93825186940240,4375639744,7,2732,1151,13310
171896105060132,171896105078278,171896105088632,171896105090456,171896105097489,171896105097556,265650,93825186940240,4375639744,7,2732,1151,13311
171896113472847,171896113492470,171896113503829,171896113506329,171896113517536,171896113517593,265650,93825186940240,4375639744,7,2732,1151,13312
171896121759197,171896121775374,171896121786187,171896121788114,171896121799947,171896121800007,265650,93825186940240,4375639744,7,2732,1151,13313
171896130064281,171896130080198,171896130091692,171896130093590,171896130103945,171896130104004,265650,93825186940240,4375639744,7,2732,1151,13314
171896138486299,171896138503969,171896138515195,171896138517238,171896138530139,171896138530208,265650,93825186940240,4375639744,7,2732,1151,13315
171896146811653,171896146830272,171896146841447,171896146843320,171896146853183,171896146853244,265650,93825186940240,4375639744,7,2732,1151,13316
171896155113182,171896155129700,171896155140499,171896155142252,171896155150620,171896155150677,265650,93825186940240,4375639744,7,2732,1151,13317
171896163425765,171896163442064,171896163453174,171896163455228,171896163462180,171896163462259,265650,93825186940240,4375639744,7,2732,1151,13318
171896171817732,171896171835949,171896171846312,171896171848289,171896171859377,171896171859437,265650,93825186940240,4375639744,7,2732,1151,13319
171896180071630,171896180087975,171896180099998,171896180102718,171896180115424,171896180115488,265650,93825186940240,4375639744,7,2732,1151,13320
171896188490668,171896188506971,171896188518878,171896188521925,171896188540147,171896188540207,265650,93825186940240,4375639744,7,2732,1151,13321
171896196796733,171896196816477,171896196827735,171896196829426,171896196840544,171896196840607,265650,93825186940240,4375639744,7,2732,1151,13322
171896205087987,171896205105566,171896205116399,171896205119925,171896205129205,171896205129268,265650,93825186940240,4375639744,7,2732,1151,13323
171896213471208,171896213486892,171896213497651,171896213499532,171896213505810,171896213505868,265650,93825186940240,4375639744,7,2732,1151,13324
171896221751691,171896221768472,171896221779515,171896221781258,171896221788801,171896221788876,265650,93825186940240,4375639744,7,2732,1151,13325
171896230055666,171896230068672,171896230078924,171896230080578,171896230088021,171896230088138,265650,93825186940240,4375639744,7,2732,1151,13326
171896238446038,171896238469257,171896238481149,171896238484244,171896238507294,171896238507389,265650,93825186940240,4375639744,7,2732,1151,13327
171896246949332,171896246965326,171896246976904,171896246978597,171896246982418,171896246982507,265650,93825186940240,4375639744,7,2732,1151,13328
171896255146919,171896255162773,171896255174445,171896255175747,171896255181227,171896255181318,265650,93825186940240,4375639744,7,2732,1151,13329
171896263542065,171896263552660,171896263561784,171896263562797,171896263567646,171896263567731,265650,93825186940240,4375639744,7,2732,1151,13330
171896271850194,171896271862497,171896271873091,171896271873994,171896271878791,171896271878869,265650,93825186940240,4375639744,7,2732,1151,13331
171896280209004,171896280228218,171896280238716,171896280239647,171896280244492,171896280244569,265650,93825186940240,4375639744,7,2732,1151,13332
171896288570255,171896288615267,171896288625582,171896288626465,171896288630908,171896288630985,265650,93825186940240,4375639744,7,2732,1151,13333
171896296834625,171896296847055,171896296857314,171896296858236,171896296863628,171896296863707,265650,93825186940240,4375639744,7,2732,1151,13334
171896305182106,171896305193819,171896305203999,171896305204880,171896305209361,171896305209439,265650,93825186940240,4375639744,7,2732,1151,13335
171896313494774,171896313504848,171896313513448,171896313514215,171896313519242,171896313519321,265650,93825186940240,4375639744,7,2732,1151,13336
171896321879220,171896321893979,171896321904873,171896321906560,171896321912231,171896321912306,265650,93825186940240,4375639744,7,2732,1151,13337
171896330100304,171896330112108,171896330121099,171896330121885,171896330126836,171896330126897,265650,93825186940240,4375639744,7,2732,1151,13338
171896338453252,171896338464164,171896338472825,171896338473670,171896338478234,171896338478296,265650,93825186940240,4375639744,7,2732,1151,13339
171896346871188,171896346951500,171896346962096,171896346963020,171896346968348,171896346968419,265650,93825186940240,4375639744,7,2732,1151,13340
171896355140505,171896355152526,171896355162839,171896355163784,171896355168177,171896355168251,265650,93825186940240,4375639744,7,2732,1151,13341
171896363548245,171896363560134,171896363570417,171896363571339,171896363577589,171896363577662,265650,93825186940240,4375639744,7,2732,1151,13342
171896371852589,171896371864922,171896371875460,171896371876338,171896371881479,171896371881553,265650,93825186940240,4375639744,7,2732,1151,13343
171896380150351,171896380247787,171896380267390,171896380268314,171896380273326,171896380273392,265650,93825186940240,4375639744,7,2732,1151,13344
171896388441448,171896388453019,171896388461542,171896388462696,171896388466804,171896388466860,265650,93825186940240,4375639744,7,2732,1151,13345
171896396801159,171896396813709,171896396824242,171896396825241,171896396829931,171896396830006,265650,93825186940240,4375639744,7,2732,1151,13346
171896405167833,171896405181364,171896405191840,171896405192833,171896405196607,171896405196684,265650,93825186940240,4375639744,7,2732,1151,13347
171896413531741,171896413544897,171896413555780,171896413556741,171896413560849,171896413560927,265650,93825186940240,4375639744,7,2732,1151,13348
171896421889623,171896421901934,171896421912572,171896421913456,171896421919200,171896421919267,265650,93825186940240,4375639744,7,2732,1151,13349
171896430059464,171896430069611,171896430077699,171896430078437,171896430084057,171896430084114,265650,93825186940240,4375639744,7,2732,1151,13350
171896438614938,171896438632632,171896438644042,171896438645778,171896438655612,171896438655698,265650,93825186940240,4375639744,7,2732,1151,13351
171896446873444,171896446885786,171896446896583,171896446897745,171896446904406,171896446904494,265650,93825186940240,4375639744,7,2732,1151,13352
171896455121217,171896455134551,171896455143706,171896455145141,171896455149444,171896455149537,265650,93825186940240,4375639744,7,2732,1151,13353
171896463479864,171896463490192,171896463498152,171896463499321,171896463504263,171896463504331,265650,93825186940240,4375639744,7,2732,1151,13354
171896471855776,171896471869646,171896471880846,171896471882073,171896471890062,171896471890164,265650,93825186940240,4375639744,7,2732,1151,13355
171896480235463,171896480273240,171896480284018,171896480285067,171896480290101,171896480290194,265650,93825186940240,4375639744,7,2732,1151,13356
171896488565415,171896488643827,171896488654118,171896488655124,171896488663089,171896488663175,265650,93825186940240,4375639744,7,2732,1151,13357
171896496945156,171896496982526,171896496993069,171896496994191,171896496999905,171896496999989,265650,93825186940240,4375639744,7,2732,1151,13358
171896505193024,171896505210133,171896505222042,171896505223492,171896505229020,171896505229113,265650,93825186940240,4375639744,7,2732,1151,13359
171896513465975,171896513475570,171896513483903,171896513484729,171896513490341,171896513490413,265650,93825186940240,4375639744,7,2732,1151,13360
171896521858561,171896521870567,171896521881176,171896521882180,171896521887292,171896521887373,265650,93825186940240,4375639744,7,2732,1151,13361
171896530107784,171896530117057,171896530125127,171896530125725,171896530130158,171896530130217,265650,93825186940240,4375639744,7,2732,1151,13362
171896538472125,171896538485805,171896538497054,171896538498416,171896538504200,171896538504260,265650,93825186940240,4375639744,7,2732,1151,13363
171896546870106,171896546883207,171896546894481,171896546895669,171896546901936,171896546902012,265650,93825186940240,4375639744,7,2732,1151,13364
171896555172804,171896555185157,171896555196123,171896555197138,171896555202327,171896555202400,265650,93825186940240,4375639744,7,2732,1151,13365
171896563571225,171896563630586,171896563641318,171896563642186,171896563647280,171896563647356,265650,93825186940240,4375639744,7,2732,1151,13366
171896571843036,171896571855669,171896571866511,171896571867496,171896571873823,171896571873903,265650,93825186940240,4375639744,7,2732,1151,13367
171896580146250,171896580159197,171896580170061,171896580171059,171896580177145,171896580177222,265650,93825186940240,4375639744,7,2732,1151,13368
171896588439542,171896588451999,171896588460252,171896588461083,171896588466562,171896588466616,265650,93825186940240,4375639744,7,2732,1151,13369
171896596894800,171896596935948,171896596946530,171896596947471,171896596953365,171896596953434,265650,93825186940240,4375639744,7,2732,1151,13370
171896605161064,171896605175532,171896605186622,171896605187733,171896605191577,171896605191652,265650,93825186940240,4375639744,7,2732,1151,13371
171896613615534,171896613632839,171896613643761,171896613645085,171896613651419,171896613651498,265650,93825186940240,4375639744,7,2732,1151,13372
171896621868602,171896621881864,171896621892737,171896621894036,171896621901202,171896621901278,265650,93825186940240,4375639744,7,2732,1151,13373
171896630217063,171896630229352,171896630240163,171896630241155,171896630247571,171896630247640,265650,93825186940240,4375639744,7,2732,1151,13374
171896638537197,171896638555103,171896638565930,171896638566773,171896638572716,171896638572789,265650,93825186940240,4375639744,7,2732,1151,13375
171896646924790,171896646939331,171896646950780,171896646952272,171896646960174,171896646960251,265650,93825186940240,4375639744,7,2732,1151,13376
171896655115488,171896655126572,171896655134927,171896655136070,171896655141698,171896655141761,265650,93825186940240,4375639744,7,2732,1151,13377
171896663471942,171896663482231,171896663491027,171896663491829,171896663497234,171896663497301,265650,93825186940240,4375639744,7,2732,1151,13378
171896671866964,171896671876616,171896671884983,171896671885739,171896671890475,171896671890533,265650,93825186940240,4375639744,7,2732,1151,13379
171896680107440,171896680117183,171896680125270,171896680126113,171896680131469,171896680131528,265650,93825186940240,4375639744,7,2732,1151,13380
171896688481835,171896688491027,171896688499256,171896688500019,171896688503888,171896688503940,265650,93825186940240,4375639744,7,2732,1151,13381
171896696911271,171896696923473,171896696934143,171896696935097,171896696939917,171896696939988,265650,93825186940240,4375639744,7,2732,1151,13382
171896705170715,171896705184275,171896705195319,171896705196393,171896705202836,171896705202904,265650,93825186940240,4375639744,7,2732,1151,13383
171896713441491,171896713451333,171896713459596,171896713460398,171896713464932,171896713464996,265650,93825186940240,4375639744,7,2732,1151,13384
171896721884543,171896721971021,171896721981549,171896721982539,171896721988069,171896721988143,265650,93825186940240,4375639744,7,2732,1151,13385
171896730247006,171896730288672,171896730299862,171896730300993,171896730307537,171896730307605,265650,93825186940240,4375639744,7,2732,1151,13386
171896738502597,171896738513083,171896738521021,171896738522057,171896738527280,171896738527328,265650,93825186940240,4375639744,7,2732,1151,13387
171896746856831,171896746869105,171896746879886,171896746880947,171896746885619,171896746885698,265650,93825186940240,4375639744,7,2732,1151,13388
171896755198832,171896755217554,171896755229207,171896755231870,171896755240091,171896755240200,265650,93825186940240,4375639744,7,2732,1151,13389
171896763463455,171896763481424,171896763492671,171896763494618,171896763501979,171896763502055,265650,93825186940240,4375639744,7,2732,1151,13390
171896771829815,171896771846065,171896771856849,171896771858598,171896771865519,171896771865586,265650,93825186940240,4375639744,7,2732,1151,13391
171896780112314,171896780124161,171896780134529,171896780136057,171896780143667,171896780143728,265650,93825186940240,4375639744,7,2732,1151,13392
171896788448295,171896788466930,171896788477779,171896788479755,171896788487773,171896788487837,265650,93825186940240,4375639744,7,2732,1151,13393
171896796830658,171896796847482,171896796858586,171896796860550,171896796868370,171896796868430,265650,93825186940240,4375639744,7,2732,1151,13394
171896805126207,171896805143331,171896805153853,171896805155602,171896805162853,171896805162909,265650,93825186940240,4375639744,7,2732,1151,13395
171896813475493,171896813500099,171896813511679,171896813514092,171896813525230,171896813525289,265650,93825186940240,4375639744,7,2732,1151,13396
171896821852657,171896821873647,171896821886210,171896821889018,171896821897794,171896821897857,265650,93825186940240,4375639744,7,2732,1151,13397
171896830127895,171896830144586,171896830155409,171896830157045,171896830164093,171896830164147,265650,93825186940240,4375639744,7,2732,1151,13398
171896838484538,171896838498138,171896838509314,171896838511078,171896838518221,171896838518278,265650,93825186940240,4375639744,7,2732,1151,13399
171896846795992,171896846812864,171896846823945,171896846825916,171896846835137,171896846835210,265650,93825186940240,4375639744,7,2732,1151,13400
171896855139034,171896855156250,171896855166924,171896855168795,171896855179250,171896855179319,265650,93825186940240,4375639744,7,2732,1151,13401
171896863492167,171896863513888,171896863526764,171896863529936,171896863557934,171896863558203,265650,93825186940240,4375639744,7,2732,1151,13402
171896871786325,171896871801971,171896871812722,171896871814732,171896871821542,171896871821636,265650,93825186940240,4375639744,7,2732,1151,13403
171896880116618,171896880131212,171896880141849,171896880143542,171896880150028,171896880150102,265650,93825186940240,4375639744,7,2732,1151,13404
171896888511573,171896888530373,171896888542986,171896888545693,171896888554710,171896888554755,265650,93825186940240,4375639744,7,2732,1151,13405
171896896788824,171896896805004,171896896816695,171896896818799,171896896825809,171896896825876,265650,93825186940240,4375639744,7,2732,1151,13406
171896905127925,171896905144199,171896905155181,171896905157052,171896905162644,171896905162709,265650,93825186940240,4375639744,7,2732,1151,13407
171896913496472,171896913512273,171896913524724,171896913527715,171896913537847,171896913537908,265650,93825186940240,4375639744,7,2732,1151,13408
171896921814278,171896921830009,171896921840515,171896921843546,171896921849220,171896921849283,265650,93825186940240,4375639744,7,2732,1151,13409
171896930168465,171896930182654,171896930193321,171896930194933,171896930200671,171896930200732,265650,93825186940240,4375639744,7,2732,1151,13410
171896938482650,171896938505221,171896938517161,171896938519828,171896938529239,171896938529305,265650,93825186940240,4375639744,7,2732,1151,13411
171896946802740,171896946818636,171896946829278,171896946831440,171896946839845,171896946839922,265650,93825186940240,4375639744,7,2732,1151,13412
171896955135772,171896955151931,171896955162560,171896955164345,171896955169567,171896955169629,265650,93825186940240,4375639744,7,2732,1151,13413
171896963508329,171896963528228,171896963539922,171896963542874,171896963551859,171896963551922,265650,93825186940240,4375639744,7,2732,1151,13414
171896971797366,171896971818837,171896971831237,171896971834353,171896971843883,171896971843944,265650,93825186940240,4375639744,7,2732,1151,13415
171896980167204,171896980181041,171896980191850,171896980193441,171896980198961,171896980199013,265650,93825186940240,4375639744,7,2732,1151,13416
171896988487629,171896988509064,171896988520852,171896988523420,171896988531857,171896988531918,265650,93825186940240,4375639744,7,2732,1151,13417
171896996827743,171896996844066,171896996854628,171896996856380,171896996863202,171896996863261,265650,93825186940240,4375639744,7,2732,1151,13418
171897005220654,171897005232591,171897005241365,171897005242302,171897005247782,171897005247845,265650,93825186940240,4375639744,7,2732,1151,13419
171897013621816,171897013726009,171897013737193,171897013738401,171897013742554,171897013742637,265650,93825186940240,4375639744,7,2732,1151,13420
171897021881970,171897021895431,171897021906094,171897021907676,171897021912212,171897021912292,265650,93825186940240,4375639744,7,2732,1151,13421
171897030225264,171897030238701,171897030249800,171897030251068,171897030256383,171897030256463,265650,93825186940240,4375639744,7,2732,1151,13422
171897038595775,171897038628224,171897038638824,171897038639853,171897038645041,171897038645125,265650,93825186940240,4375639744,7,2732,1151,13423
171897061460642,171897061475541,171897061486301,171897061487767,171897061494120,171897061494193,265650,93825186940240,4375639744,7,2732,1151,13424
171897069791652,171897069806314,171897069817396,171897069819197,171897069823413,171897069823492,265650,93825186940240,4375639744,7,2732,1151,13425
171897078205455,171897078222922,171897078234388,171897078236503,171897078243220,171897078243310,265650,93825186940240,4375639744,7,2732,1151,13426
171897086462383,171897086474548,171897086483387,171897086484577,171897086489955,171897086490018,265650,93825186940240,4375639744,7,2732,1151,13427
171897094884385,171897094897416,171897094908137,171897094909212,171897094915120,171897094915208,265650,93825186940240,4375639744,7,2732,1151,13428
171897103213958,171897103226921,171897103237780,171897103238715,171897103246435,171897103246527,265650,93825186940240,4375639744,7,2732,1151,13429
171897111438335,171897111451127,171897111461774,171897111463546,171897111469483,171897111469571,265650,93825186940240,4375639744,7,2732,1151,13430
171897119743558,171897119753538,171897119762317,171897119763118,171897119768001,171897119768073,265650,93825186940240,4375639744,7,2732,1151,13431
171897128157314,171897128169748,171897128180273,171897128181272,171897128186480,171897128186570,265650,93825186940240,4375639744,7,2732,1151,13432
171897136415354,171897136432020,171897136443863,171897136445579,171897136452313,171897136452410,265650,93825186940240,4375639744,7,2732,1151,13433
171897144848637,171897144861745,171897144872751,171897144873942,171897144879697,171897144879780,265650,93825186940240,4375639744,7,2732,1151,13434
171897153111427,171897153125393,171897153136498,171897153137844,171897153145777,171897153145872,265650,93825186940240,4375639744,7,2732,1151,13435
171897161393707,171897161404564,171897161413549,171897161414710,171897161420773,171897161420843,265650,93825186940240,4375639744,7,2732,1151,13436
171897169749827,171897169759828,171897169768617,171897169769496,171897169774710,171897169774775,265650,93825186940240,4375639744,7,2732,1151,13437
171897178139593,171897178151533,171897178162251,171897178163163,171897178170205,171897178170297,265650,93825186940240,4375639744,7,2732,1151,13438
171897186435942,171897186445023,171897186453285,171897186453962,171897186458659,171897186458725,265650,93825186940240,4375639744,7,2732,1151,13439
171897194718378,171897194728134,171897194736163,171897194736988,171897194742194,171897194742254,265650,93825186940240,4375639744,7,2732,1151,13440
171897203168866,171897203198008,171897203209044,171897203210290,171897203217894,171897203217968,265650,93825186940240,4375639744,7,2732,1151,13441
171897211422466,171897211432822,171897211441530,171897211442900,171897211448416,171897211448474,265650,93825186940240,4375639744,7,2732,1151,13442
171897219796033,171897219808661,171897219819226,171897219820310,171897219825680,171897219825750,265650,93825186940240,4375639744,7,2732,1151,13443
171897228168453,171897228179945,171897228188417,171897228189787,171897228194285,171897228194349,265650,93825186940240,4375639744,7,2732,1151,13444
171897236483590,171897236494130,171897236502653,171897236503634,171897236508266,171897236508336,265650,93825186940240,4375639744,7,2732,1151,13445
171897244881566,171897244896071,171897244906777,171897244908005,171897244914515,171897244914594,265650,93825186940240,4375639744,7,2732,1151,13446
171897253216192,171897253267700,171897253278250,171897253279605,171897253285174,171897253285258,265650,93825186940240,4375639744,7,2732,1151,13447
171897261443903,171897261454954,171897261463586,171897261464527,171897261470459,171897261470535,265650,93825186940240,4375639744,7,2732,1151,13448
171897269835645,171897269852086,171897269863159,171897269864409,171897269871189,171897269871461,265650,93825186940240,4375639744,7,2732,1151,13449
171897278185678,171897278198206,171897278209158,171897278210276,171897278217685,171897278217773,265650,93825186940240,4375639744,7,2732,1151,13450
171897286471903,171897286481532,171897286489571,171897286490299,171897286494688,171897286494751,265650,93825186940240,4375639744,7,2732,1151,13451
171897294817205,171897294830109,171897294841103,171897294842051,171897294846319,171897294846409,265650,93825186940240,4375639744,7,2732,1151,13452
171897303204991,171897303218991,171897303230225,171897303231584,171897303236964,171897303237054,265650,93825186940240,4375639744,7,2732,1151,13453
171897311460622,171897311473177,171897311484180,171897311485428,171897311491813,171897311491895,265650,93825186940240,4375639744,7,2732,1151,13454
171897319775409,171897319791354,171897319800570,171897319803130,171897319809985,171897319810058,265650,93825186940240,4375639744,7,2732,1151,13455
171897328158812,171897328181382,171897328193353,171897328196011,171897328208994,171897328209078,265650,93825186940240,4375639744,7,2732,1151,13456
171897336448627,171897336469889,171897336482164,171897336484630,171897336494875,171897336494960,265650,93825186940240,4375639744,7,2732,1151,13457
171897344759448,171897344780758,171897344792527,171897344795360,171897344806424,171897344806520,265650,93825186940240,4375639744,7,2732,1151,13458
171897353095644,171897353118062,171897353129707,171897353132382,171897353145464,171897353145550,265650,93825186940240,4375639744,7,2732,1151,13459
171897361602315,171897361621492,171897361634147,171897361636521,171897361644823,171897361644927,265650,93825186940240,4375639744,7,2732,1151,13460
171897369945514,171897369960770,171897369972300,171897369974045,171897369981275,171897369981377,265650,93825186940240,4375639744,7,2732,1151,13461
171897378181986,171897378194544,171897378205663,171897378206727,171897378212658,171897378212766,265650,93825186940240,4375639744,7,2732,1151,13462
171897386543170,171897386556161,171897386567023,171897386568046,171897386573978,171897386574065,265650,93825186940240,4375639744,7,2732,1151,13463
171897394789447,171897394815211,171897394829803,171897394834097,171897394846143,171897394846243,265650,93825186940240,4375639744,7,2732,1151,13464
171897403070368,171897403088325,171897403099888,171897403101992,171897403107695,171897403107777,265650,93825186940240,4375639744,7,2732,1151,13465
171897411404746,171897411419972,171897411431316,171897411433307,171897411440962,171897411441038,265650,93825186940240,4375639744,7,2732,1151,13466
171897419749268,171897419766531,171897419777541,171897419779482,171897419790375,171897419790476,265650,93825186940240,4375639744,7,2732,1151,13467
171897428165338,171897428187902,171897428201752,171897428204384,171897428219196,171897428219276,265650,93825186940240,4375639744,7,2732,1151,13468
171897436454071,171897436476619,171897436489064,171897436492545,171897436515263,171897436515366,265650,93825186940240,4375639744,7,2732,1151,13469
171897444753758,171897444772411,171897444783287,171897444785394,171897444797265,171897444797478,265650,93825186940240,4375639744,7,2732,1151,13470
171897453077715,171897453092575,171897453103971,171897453105931,171897453116106,171897453116161,265650,93825186940240,4375639744,7,2732,1151,13471
171897461401741,171897461415204,171897461425810,171897461427542,171897461436152,171897461436216,265650,93825186940240,4375639744,7,2732,1151,13472
171897469745151,171897469762463,171897469773214,171897469775211,171897469784975,171897469785048,265650,93825186940240,4375639744,7,2732,1151,13473
171897478075352,171897478092036,171897478102605,171897478104475,171897478112402,171897478112470,265650,93825186940240,4375639744,7,2732,1151,13474
171897486411115,171897486428363,171897486438837,171897486440774,171897486449548,171897486449609,265650,93825186940240,4375639744,7,2732,1151,13475
171897494808949,171897494833579,171897494846412,171897494849501,171897494862634,171897494862679,265650,93825186940240,4375639744,7,2732,1151,13476
171897503129571,171897503147086,171897503159253,171897503161033,171897503167585,171897503167650,265650,93825186940240,4375639744,7,2732,1151,13477
171897511467466,171897511480525,171897511491317,171897511492346,171897511497547,171897511497630,265650,93825186940240,4375639744,7,2732,1151,13478
171897519930348,171897520061767,171897520073099,171897520074354,171897520079506,171897520079607,265650,93825186940240,4375639744,7,2732,1151,13479
171897528179770,171897528228679,171897528239434,171897528240659,171897528245803,171897528245896,265650,93825186940240,4375639744,7,2732,1151,13480
171897536451228,171897536463188,171897536472335,171897536473398,171897536477680,171897536477762,265650,93825186940240,4375639744,7,2732,1151,13481
171897544804988,171897544815245,171897544823470,171897544824698,171897544829768,171897544829902,265650,93825186940240,4375639744,7,2732,1151,13482
171897553053043,171897553062705,171897553071066,171897553071770,171897553076212,171897553076279,265650,93825186940240,4375639744,7,2732,1151,13483
171897561399839,171897561408826,171897561416743,171897561417375,171897561421193,171897561421251,265650,93825186940240,4375639744,7,2732,1151,13484
171897569759527,171897569777910,171897569789702,171897569792158,171897569803108,171897569803204,265650,93825186940240,4375639744,7,2732,1151,13485
171897578108036,171897578122329,171897578133707,171897578135854,171897578142609,171897578142689,265650,93825186940240,4375639744,7,2732,1151,13486
171897586433431,171897586452605,171897586464153,171897586466891,171897586480051,171897586480107,265650,93825186940240,4375639744,7,2732,1151,13487
171897594743164,171897594759124,171897594769824,171897594771343,171897594779595,171897594779662,265650,93825186940240,4375639744,7,2732,1151,13488
171897603107238,171897603124107,171897603135193,171897603137112,171897603146247,171897603146317,265650,93825186940240,4375639744,7,2732,1151,13489
171897611452206,171897611473935,171897611486988,171897611489764,171897611498487,171897611498533,265650,93825186940240,4375639744,7,2732,1151,13490
171897619748512,171897619763586,171897619774450,171897619776308,171897619782987,171897619783030,265650,93825186940240,4375639744,7,2732,1151,13491
171897628119350,171897628135871,171897628147556,171897628149934,171897628159229,171897628159274,265650,93825186940240,4375639744,7,2732,1151,13492
171897636432567,171897636450007,171897636460998,171897636462781,171897636471446,171897636471502,265650,93825186940240,4375639744,7,2732,1151,13493
171897644818434,171897644841035,171897644853386,171897644856035,171897644866988,171897644867046,265650,93825186940240,4375639744,7,2732,1151,13494
171897653065275,171897653080729,171897653091851,171897653093574,171897653101652,171897653101707,265650,93825186940240,4375639744,7,2732,1151,13495
171897661452110,171897661472048,171897661484159,171897661486977,171897661494478,171897661494535,265650,93825186940240,4375639744,7,2732,1151,13496
171897669776783,171897669796276,171897669808071,171897669810622,171897669818028,171897669818078,265650,93825186940240,4375639744,7,2732,1151,13497
171897678062577,171897678079975,171897678090666,171897678092144,171897678099058,171897678099123,265650,93825186940240,4375639744,7,2732,1151,13498
171897686453794,171897686471383,171897686482592,171897686484452,171897686491411,171897686491469,265650,93825186940240,4375639744,7,2732,1151,13499
171897694781312,171897694804143,171897694815846,171897694818553,171897694826893,171897694826961,265650,93825186940240,4375639744,7,2732,1151,13500
171897703114827,171897703130785,171897703141484,171897703143425,171897703148678,171897703148741,265650,93825186940240,4375639744,7,2732,1151,13501
171897711421649,171897711439049,171897711449977,171897711451744,171897711458524,171897711458584,265650,93825186940240,4375639744,7,2732,1151,13502
171897719774453,171897719796913,171897719808726,171897719811175,171897719822964,171897719823023,265650,93825186940240,4375639744,7,2732,1151,13503
171897728107958,171897728125968,171897728136982,171897728138692,171897728145281,171897728145369,265650,93825186940240,4375639744,7,2732,1151,13504
171897736459899,171897736474897,171897736486476,171897736488472,171897736505511,171897736505567,265650,93825186940240,4375639744,7,2732,1151,13505
171897744765567,171897744783367,171897744793970,171897744795992,171897744802913,171897744802970,265650,93825186940240,4375639744,7,2732,1151,13506
171897753105584,171897753119819,171897753130630,171897753132790,171897753140905,171897753140968,265650,93825186940240,4375639744,7,2732,1151,13507
171897761436160,171897761454936,171897761466260,171897761468404,171897761478442,171897761478507,265650,93825186940240,4375639744,7,2732,1151,13508
171897769784699,171897769805418,171897769817234,171897769820180,171897769834844,171897769834903,265650,93825186940240,4375639744,7,2732,1151,13509
171897778098204,171897778111331,171897778122546,171897778124521,171897778130624,171897778130690,265650,93825186940240,4375639744,7,2732,1151,13510
171897786443494,171897786462569,171897786475083,171897786478424,171897786488157,171897786488219,265650,93825186940240,4375639744,7,2732,1151,13511
171897794751486,171897794766962,171897794777542,171897794779052,171897794787370,171897794787427,265650,93825186940240,4375639744,7,2732,1151,13512
171897803075277,171897803093351,171897803105320,171897803107490,171897803112364,171897803112433,265650,93825186940240,4375639744,7,2732,1151,13513
171897811441117,171897811457716,171897811469274,171897811471325,171897811477788,171897811477864,265650,93825186940240,4375639744,7,2732,1151,13514
171897819747069,171897819762708,171897819774013,171897819775739,171897819780056,171897819780113,265650,93825186940240,4375639744,7,2732,1151,13515
171897828066720,171897828081259,171897828092285,171897828093816,171897828099998,171897828100064,265650,93825186940240,4375639744,7,2732,1151,13516
171897836445242,171897836473935,171897836487034,171897836490105,171897836496768,171897836496849,265650,93825186940240,4375639744,7,2732,1151,13517
171897844823294,171897844846417,171897844859122,171897844862391,171897844874164,171897844874222,265650,93825186940240,4375639744,7,2732,1151,13518
171897853070989,171897853087247,171897853098370,171897853100276,171897853105371,171897853105449,265650,93825186940240,4375639744,7,2732,1151,13519
171897861428245,171897861445084,171897861456236,171897861458410,171897861466540,171897861466599,265650,93825186940240,4375639744,7,2732,1151,13520
171897869782758,171897869802345,171897869814984,171897869818449,171897869826124,171897869826188,265650,93825186940240,4375639744,7,2732,1151,13521
171897878080411,171897878096498,171897878106824,171897878108539,171897878113705,171897878113772,265650,93825186940240,4375639744,7,2732,1151,13522
171897886481670,171897886498381,171897886509772,171897886511583,171897886516651,171897886516715,265650,93825186940240,4375639744,7,2732,1151,13523
171897894752639,171897894768204,171897894779354,171897894781402,171897894786253,171897894786309,265650,93825186940240,4375639744,7,2732,1151,13524
171897903094768,171897903111633,171897903122924,171897903124763,171897903130707,171897903130777,265650,93825186940240,4375639744,7,2732,1151,13525
171897911439217,171897911455907,171897911466899,171897911468952,171897911477786,171897911477842,265650,93825186940240,4375639744,7,2732,1151,13526
171897919756995,171897919774691,171897919785739,171897919788265,171897919796344,171897919796430,265650,93825186940240,4375639744,7,2732,1151,13527
171897928119096,171897928135085,171897928146251,171897928148457,171897928159764,171897928159837,265650,93825186940240,4375639744,7,2732,1151,13528
171897936435941,171897936452600,171897936463586,171897936465541,171897936475519,171897936475603,265650,93825186940240,4375639744,7,2732,1151,13529
171897944760065,171897944776814,171897944787950,171897944789928,171897944795120,171897944795172,265650,93825186940240,4375639744,7,2732,1151,13530
171897953064286,171897953077041,171897953087609,171897953089358,171897953095746,171897953095806,265650,93825186940240,4375639744,7,2732,1151,13531
171897961415711,171897961430940,171897961441154,171897961442875,171897961448056,171897961448118,265650,93825186940240,4375639744,7,2732,1151,13532
171897969767527,171897969783815,171897969794260,171897969796362,171897969804915,171897969804981,265650,93825186940240,4375639744,7,2732,1151,13533
171897978103006,171897978119450,171897978130314,171897978132257,171897978139011,171897978139056,265650,93825186940240,4375639744,7,2732,1151,13534
171897986428659,171897986446826,171897986457958,171897986459986,171897986466509,171897986466557,265650,93825186940240,4375639744,7,2732,1151,13535
171897994780472,171897994797531,171897994808916,171897994810882,171897994815880,171897994815925,265650,93825186940240,4375639744,7,2732,1151,13536
171898003058192,171898003075997,171898003086788,171898003088999,171898003095529,171898003095588,265650,93825186940240,4375639744,7,2732,1151,13537
171898011431589,171898011448678,171898011459816,171898011461826,171898011467917,171898011467969,265650,93825186940240,4375639744,7,2732,1151,13538
171898019762977,171898019780689,171898019791233,171898019793308,171898019799102,171898019799149,265650,93825186940240,4375639744,7,2732,1151,13539
171898028108895,171898028126922,171898028138118,171898028140320,171898028146989,171898028147043,265650,93825186940240,4375639744,7,2732,1151,13540
171898036442098,171898036459213,171898036470238,171898036472225,171898036481008,171898036481079,265650,93825186940240,4375639744,7,2732,1151,13541
171898044763366,171898044780040,171898044790853,171898044792811,171898044799583,171898044799644,265650,93825186940240,4375639744,7,2732,1151,13542
171898053109853,171898053126447,171898053137183,171898053138960,171898053146436,171898053146501,265650,93825186940240,4375639744,7,2732,1151,13543
171898061446953,171898061463650,171898061474039,171898061475792,171898061484575,171898061484635,265650,93825186940240,4375639744,7,2732,1151,13544
171898069771039,171898069786927,171898069797482,171898069799494,171898069808345,171898069808417,265650,93825186940240,4375639744,7,2732,1151,13545
171898078105148,171898078121203,171898078132014,171898078134064,171898078142775,171898078142849,265650,93825186940240,4375639744,7,2732,1151,13546
171898086475795,171898086492993,171898086504299,171898086506480,171898086515645,171898086515753,265650,93825186940240,4375639744,7,2732,1151,13547
171898094786114,171898094804490,171898094816004,171898094818329,171898094829040,171898094829106,265650,93825186940240,4375639744,7,2732,1151,13548
171898103076837,171898103096060,171898103107400,171898103110231,171898103121835,171898103121924,265650,93825186940240,4375639744,7,2732,1151,13549
171898113500312,171898113517496,171898113528103,171898113530363,171898113536436,171898113536521,265650,93825186940240,4375639744,7,2732,1151,13550
171898121989045,171898122014397,171898122027254,171898122029756,171898122037549,171898122037667,265650,93825186940240,4375639744,7,2732,1151,13551
171898130187498,171898130197946,171898130206544,171898130207753,171898130212966,171898130213036,265650,93825186940240,4375639744,7,2732,1151,13552
171898138648415,171898138670640,171898138682270,171898138685244,171898138694570,171898138694649,265650,93825186940240,4375639744,7,2732,1151,13553
171898146943510,171898146958617,171898146969963,171898146971402,171898146975840,171898146975928,265650,93825186940240,4375639744,7,2732,1151,13554
171898155281031,171898155293660,171898155304628,171898155305628,171898155311874,171898155311971,265650,93825186940240,4375639744,7,2732,1151,13555
171898163587748,171898163599510,171898163610022,171898163610859,171898163615255,171898163615344,265650,93825186940240,4375639744,7,2732,1151,13556
171898171938546,171898171950443,171898171960819,171898171961718,171898171967303,171898171967388,265650,93825186940240,4375639744,7,2732,1151,13557
171898180184585,171898180196740,171898180207382,171898180208251,171898180213191,171898180213257,265650,93825186940240,4375639744,7,2732,1151,13558
171898188661836,171898188674982,171898188685385,171898188686580,171898188692174,171898188692249,265650,93825186940240,4375639744,7,2732,1151,13559
171898196952661,171898197003435,171898197014881,171898197016446,171898197023051,171898197023150,265650,93825186940240,4375639744,7,2732,1151,13560
171898205216162,171898205228629,171898205239550,171898205240521,171898205243112,171898205243210,265650,93825186940240,4375639744,7,2732,1151,13561
171898213597130,171898213608749,171898213620531,171898213621456,171898213625950,171898213626051,265650,93825186940240,4375639744,7,2732,1151,13562
171898221927939,171898221939727,171898221950282,171898221951364,171898221955747,171898221955845,265650,93825186940240,4375639744,7,2732,1151,13563
171898230211508,171898230226157,171898230237429,171898230238663,171898230242867,171898230242973,265650,93825186940240,4375639744,7,2732,1151,13564
171898238574968,171898238587182,171898238598228,171898238599282,171898238603285,171898238603378,265650,93825186940240,4375639744,7,2732,1151,13565
171898246946649,171898246959035,171898246969780,171898246970717,171898246975048,171898246975134,265650,93825186940240,4375639744,7,2732,1151,13566
171898255250487,171898255264438,171898255275528,171898255276580,171898255282843,171898255282933,265650,93825186940240,4375639744,7,2732,1151,13567
171898263541317,171898263550469,171898263558670,171898263559502,171898263562936,171898263562994,265650,93825186940240,4375639744,7,2732,1151,13568
171898271893666,171898271905278,171898271915900,171898271916675,171898271921256,171898271921331,265650,93825186940240,4375639744,7,2732,1151,13569
171898280327624,171898280384626,171898280395439,171898280396162,171898280399764,171898280399843,265650,93825186940240,4375639744,7,2732,1151,13570
171898288627484,171898288643030,171898288653562,171898288654228,171898288657323,171898288657394,265650,93825186940240,4375639744,7,2732,1151,13571
171898296971589,171898297013114,171898297023695,171898297024595,171898297028750,171898297028826,265650,93825186940240,4375639744,7,2732,1151,13572
171898305180198,171898305192244,171898305202935,171898305203659,171898305207931,171898305208005,265650,93825186940240,4375639744,7,2732,1151,13573
171898313510437,171898313519149,171898313526811,171898313527363,171898313532136,171898313532190,265650,93825186940240,4375639744,7,2732,1151,13574
171898321857923,171898321872609,171898321883841,171898321885301,171898321889400,171898321889482,265650,93825186940240,4375639744,7,2732,1151,13575
171898330180797,171898330195988,171898330207467,171898330208597,171898330212975,171898330213078,265650,93825186940240,4375639744,7,2732,1151,13576
171898338582887,171898338594928,171898338605430,171898338606452,171898338611605,171898338611704,265650,93825186940240,4375639744,7,2732,1151,13577
171898346923866,171898346944683,171898346956384,171898346959316,171898346965093,171898346965181,265650,93825186940240,4375639744,7,2732,1151,13578
171898355196905,171898355214441,171898355225087,171898355227238,171898355235483,171898355235529,265650,93825186940240,4375639744,7,2732,1151,13579
171898363518285,171898363535093,171898363546432,171898363548641,171898363554834,171898363554890,265650,93825186940240,4375639744,7,2732,1151,13580
171898371916556,171898371932494,171898371943750,171898371946326,171898371951793,171898371951857,265650,93825186940240,4375639744,7,2732,1151,13581
171898380192104,171898380209071,171898380219719,171898380221630,171898380229159,171898380229234,265650,93825186940240,4375639744,7,2732,1151,13582
171898388559520,171898388576630,171898388587713,171898388590121,171898388597202,171898388597258,265650,93825186940240,4375639744,7,2732,1151,13583
171898396936301,171898396951656,171898396963186,171898396964355,171898396969002,171898396969096,265650,93825186940240,4375639744,7,2732,1151,13584
171898405221759,171898405234285,171898405245616,171898405246880,171898405251498,171898405251590,265650,93825186940240,4375639744,7,2732,1151,13585
171898413661479,171898413677174,171898413688415,171898413689800,171898413696349,171898413696438,265650,93825186940240,4375639744,7,2732,1151,13586
171898421983961,171898421997103,171898422011421,171898422012440,171898422017672,171898422017766,265650,93825186940240,4375639744,7,2732,1151,13587
171898430257023,171898430274440,171898430286264,171898430288365,171898430297191,171898430297285,265650,93825186940240,4375639744,7,2732,1151,13588
171898438605219,171898438620041,171898438631674,171898438633189,171898438641033,171898438641128,265650,93825186940240,4375639744,7,2732,1151,13589
171898446988576,171898447005236,171898447016167,171898447017176,171898447022036,171898447022126,265650,93825186940240,4375639744,7,2732,1151,13590
171898455262245,171898455274577,171898455285293,171898455286050,171898455290338,171898455290422,265650,93825186940240,4375639744,7,2732,1151,13591
171898463652016,171898463664015,171898463674588,171898463675341,171898463679488,171898463679576,265650,93825186940240,4375639744,7,2732,1151,13592
171898472066887,171898472081899,171898472093401,171898472094544,171898472103815,171898472103900,265650,93825186940240,4375639744,7,2732,1151,13593
171898480181341,171898480196399,171898480207563,171898480208995,171898480213180,171898480213255,265650,93825186940240,4375639744,7,2732,1151,13594
171898488604713,171898488614749,171898488622547,171898488624011,171898488630114,171898488630169,265650,93825186940240,4375639744,7,2732,1151,13595
171898496995776,171898497011898,171898497022481,171898497023378,171898497027644,171898497027718,265650,93825186940240,4375639744,7,2732,1151,13596
171898505204370,171898505224508,171898505236586,171898505239414,171898505245902,171898505245995,265650,93825186940240,4375639744,7,2732,1151,13597
171898513541797,171898513559533,171898513570607,171898513572704,171898513582876,171898513582971,265650,93825186940240,4375639744,7,2732,1151,13598
171898521889366,171898521911469,171898521924384,171898521927905,171898521940660,171898521940729,265650,93825186940240,4375639744,7,2732,1151,13599
171898530201190,171898530218413,171898530229050,171898530231186,171898530239297,171898530239346,265650,93825186940240,4375639744,7,2732,1151,13600
171898538535432,171898538554211,171898538566431,171898538569225,171898538581744,171898538581804,265650,93825186940240,4375639744,7,2732,1151,13601
171898546917270,171898546928440,171898546937645,171898546939075,171898546942442,171898546942503,265650,93825186940240,4375639744,7,2732,1151,13602
171898555257153,171898555271338,171898555282742,171898555284005,171898555291905,171898555291993,265650,93825186940240,4375639744,7,2732,1151,13603
171898563624318,171898563636684,171898563647606,171898563648627,171898563690371,171898563690477,265650,93825186940240,4375639744,7,2732,1151,13604
171898571879293,171898571894078,171898571903345,171898571905099,171898571908031,171898571908109,265650,93825186940240,4375639744,7,2732,1151,13605
171898580277450,171898580289847,171898580300684,171898580301650,171898580306306,171898580306376,265650,93825186940240,4375639744,7,2732,1151,13606
171898588598868,171898588611118,171898588621647,171898588622631,171898588627604,171898588627682,265650,93825186940240,4375639744,7,2732,1151,13607
171898596989719,171898597014642,171898597025371,171898597026283,171898597030099,171898597030175,265650,93825186940240,4375639744,7,2732,1151,13608
171898605188848,171898605198950,171898605207684,171898605208452,171898605211774,171898605211834,265650,93825186940240,4375639744,7,2732,1151,13609
171898613578286,171898613588696,171898613597097,171898613598004,171898613601462,171898613601526,265650,93825186940240,4375639744,7,2732,1151,13610
171898621902854,171898621913442,171898621922663,171898621923598,171898621927796,171898621927863,265650,93825186940240,4375639744,7,2732,1151,13611
171898630190808,171898630200885,171898630209082,171898630210204,171898630215335,171898630215398,265650,93825186940240,4375639744,7,2732,1151,13612
171898638526274,171898638535617,171898638543370,171898638544193,171898638547152,171898638547206,265650,93825186940240,4375639744,7,2732,1151,13613
171898646860155,171898646873163,171898646883991,171898646885259,171898646888511,171898646888589,265650,93825186940240,4375639744,7,2732,1151,13614
171898655229286,171898655241417,171898655252041,171898655253145,171898655258270,171898655258351,265650,93825186940240,4375639744,7,2732,1151,13615
171898663610359,171898663622132,171898663632707,171898663633660,171898663638330,171898663638408,265650,93825186940240,4375639744,7,2732,1151,13616
171898671954502,171898671969714,171898671981317,171898671982775,171898671988090,171898671988186,265650,93825186940240,4375639744,7,2732,1151,13617
171898680200623,171898680210402,171898680218258,171898680219117,171898680222801,171898680222878,265650,93825186940240,4375639744,7,2732,1151,13618
171898688531575,171898688542037,171898688550237,171898688551229,171898688557040,171898688557109,265650,93825186940240,4375639744,7,2732,1151,13619
171898696946604,171898696960160,171898696971017,171898696972123,171898696978845,171898696978924,265650,93825186940240,4375639744,7,2732,1151,13620
171898705220476,171898705239920,171898705252135,171898705255133,171898705266129,171898705266232,265650,93825186940240,4375639744,7,2732,1151,13621
171898713553301,171898713570043,171898713581158,171898713583319,171898713588540,171898713588605,265650,93825186940240,4375639744,7,2732,1151,13622
171898721869092,171898721894038,171898721904866,171898721906747,171898721922949,171898721923022,265650,93825186940240,4375639744,7,2732,1151,13623
171898730213065,171898730230632,171898730241405,171898730243595,171898730252237,171898730252287,265650,93825186940240,4375639744,7,2732,1151,13624
171898738602433,171898738617880,171898738628543,171898738630721,171898738639351,171898738639400,265650,93825186940240,4375639744,7,2732,1151,13625
171898746920034,171898746936970,171898746947864,171898746949710,171898746958996,171898746959048,265650,93825186940240,4375639744,7,2732,1151,13626
171898755237584,171898755258707,171898755269799,171898755272837,171898755281424,171898755281478,265650,93825186940240,4375639744,7,2732,1151,13627
171898763597078,171898763620944,171898763633622,171898763636925,171898763644163,171898763644220,265650,93825186940240,4375639744,7,2732,1151,13628
171898771875433,171898771892742,171898771903816,171898771906416,171898771912590,171898771912682,265650,93825186940240,4375639744,7,2732,1151,13629
171898780217957,171898780229901,171898780238710,171898780239976,171898780245079,171898780245147,265650,93825186940240,4375639744,7,2732,1151,13630
171898788599092,171898788612068,171898788622988,171898788624079,171898788629984,171898788630073,265650,93825186940240,4375639744,7,2732,1151,13631
171898796864826,171898796874487,171898796882755,171898796883558,171898796889361,171898796889436,265650,93825186940240,4375639744,7,2732,1151,13632
171898805245754,171898805255090,171898805263156,171898805263879,171898805269550,171898805269620,265650,93825186940240,4375639744,7,2732,1151,13633
171898813566342,171898813576096,171898813584338,171898813585062,171898813591156,171898813591219,265650,93825186940240,4375639744,7,2732,1151,13634
171898821956302,171898821972068,171898821983794,171898821985385,171898821995869,171898821996010,265650,93825186940240,4375639744,7,2732,1151,13635
171898830196150,171898830215478,171898830226455,171898830228913,171898830236934,171898830237022,265650,93825186940240,4375639744,7,2732,1151,13636
171898838555008,171898838571330,171898838582400,171898838585273,171898838596705,171898838596764,265650,93825186940240,4375639744,7,2732,1151,13637
171898846870494,171898846887402,171898846898157,171898846900444,171898846906725,171898846906785,265650,93825186940240,4375639744,7,2732,1151,13638
171898855211024,171898855228137,171898855239022,171898855240896,171898855262696,171898855262758,265650,93825186940240,4375639744,7,2732,1151,13639
171898863589503,171898863606196,171898863616951,171898863618655,171898863625424,171898863625485,265650,93825186940240,4375639744,7,2732,1151,13640
171898871910094,171898871928189,171898871940067,171898871943092,171898871954305,171898871954392,265650,93825186940240,4375639744,7,2732,1151,13641
171898880206006,171898880222831,171898880234748,171898880236519,171898880243607,171898880243655,265650,93825186940240,4375639744,7,2732,1151,13642
171898888537445,171898888555112,171898888566079,171898888568200,171898888573051,171898888573129,265650,93825186940240,4375639744,7,2732,1151,13643
171898896915434,171898896930222,171898896940870,171898896942835,171898896947053,171898896947142,265650,93825186940240,4375639744,7,2732,1151,13644
171898905209949,171898905226730,171898905237813,171898905239794,171898905245056,171898905245102,265650,93825186940240,4375639744,7,2732,1151,13645
171898913537277,171898913554314,171898913565528,171898913567364,171898913573200,171898913573290,265650,93825186940240,4375639744,7,2732,1151,13646
171898921880437,171898921898377,171898921909341,171898921911709,171898921916604,171898921916694,265650,93825186940240,4375639744,7,2732,1151,13647
171898930207209,171898930223623,171898930234173,171898930235989,171898930241746,171898930241809,265650,93825186940240,4375639744,7,2732,1151,13648
171898938612172,171898938623784,171898938632725,171898938633942,171898938639132,171898938639196,265650,93825186940240,4375639744,7,2732,1151,13649
171898946904994,171898946916925,171898946926216,171898946927443,171898946932615,171898946932698,265650,93825186940240,4375639744,7,2732,1151,13650
171898955232723,171898955246450,171898955257599,171898955258700,171898955266138,171898955266236,265650,93825186940240,4375639744,7,2732,1151,13651
171898963633847,171898963652098,171898963663716,171898963666311,171898963674685,171898963674800,265650,93825186940240,4375639744,7,2732,1151,13652
171898971933334,171898971951381,171898971961873,171898971963948,171898971973110,171898971973183,265650,93825186940240,4375639744,7,2732,1151,13653
171898980226568,171898980241926,171898980252785,171898980254975,171898980264192,171898980264266,265650,93825186940240,4375639744,7,2732,1151,13654
171898988612288,171898988632036,171898988642452,171898988644547,171898988651379,171898988651425,265650,93825186940240,4375639744,7,2732,1151,13655
171898996885911,171898996902644,171898996913496,171898996915421,171898996921424,171898996921494,265650,93825186940240,4375639744,7,2732,1151,13656
171899005211156,171899005225142,171899005236230,171899005238602,171899005245843,171899005245904,265650,93825186940240,4375639744,7,2732,1151,13657
171899013550942,171899013566392,171899013576861,171899013578978,171899013583987,171899013584057,265650,93825186940240,4375639744,7,2732,1151,13658
171899021942565,171899021963215,171899021974800,171899021978047,171899021984615,171899021984670,265650,93825186940240,4375639744,7,2732,1151,13659
171899030215278,171899030230701,171899030242034,171899030243847,171899030250287,171899030250346,265650,93825186940240,4375639744,7,2732,1151,13660
171899038537706,171899038550231,171899038560380,171899038561876,171899038566944,171899038566997,265650,93825186940240,4375639744,7,2732,1151,13661
171899046878270,171899046893989,171899046904419,171899046906042,171899046911178,171899046911225,265650,93825186940240,4375639744,7,2732,1151,13662
171899055214705,171899055229255,171899055239926,171899055241691,171899055249007,171899055249052,265650,93825186940240,4375639744,7,2732,1151,13663
171899063555414,171899063571294,171899063582354,171899063584085,171899063601836,171899063601891,265650,93825186940240,4375639744,7,2732,1151,13664
171899071871864,171899071887118,171899071897882,171899071899481,171899071905221,171899071905264,265650,93825186940240,4375639744,7,2732,1151,13665
171899080214381,171899080229449,171899080240211,171899080242057,171899080247642,171899080247812,265650,93825186940240,4375639744,7,2732,1151,13666
171899088539535,171899088551572,171899088561781,171899088563590,171899088570336,171899088570399,265650,93825186940240,4375639744,7,2732,1151,13667
171899096876211,171899096890469,171899096901112,171899096903056,171899096909882,171899096909925,265650,93825186940240,4375639744,7,2732,1151,13668
171899105207325,171899105223269,171899105234250,171899105236313,171899105241332,171899105241391,265650,93825186940240,4375639744,7,2732,1151,13669
171899113555185,171899113571670,171899113582007,171899113583965,171899113591928,171899113591991,265650,93825186940240,4375639744,7,2732,1151,13670
171899121900545,171899121922495,171899121934810,171899121938118,171899121946121,171899121946189,265650,93825186940240,4375639744,7,2732,1151,13671
171899130221389,171899130238784,171899130249970,171899130252026,171899130262526,171899130262591,265650,93825186940240,4375639744,7,2732,1151,13672
171899138570167,171899138587752,171899138598687,171899138601042,171899138609557,171899138609617,265650,93825186940240,4375639744,7,2732,1151,13673
171899146918414,171899146937602,171899146949029,171899146951212,171899146963942,171899146964024,265650,93825186940240,4375639744,7,2732,1151,13674
171899155226570,171899155239679,171899155251477,171899155252962,171899155262253,171899155262345,265650,93825186940240,4375639744,7,2732,1151,13675
171899163651351,171899163664492,171899163675750,171899163677059,171899163682712,171899163682807,265650,93825186940240,4375639744,7,2732,1151,13676
171899176804571,171899176819232,171899176830561,171899176831613,171899176835943,171899176836029,265650,93825186940240,4375639744,7,2732,1151,13677
171899187271503,171899187287555,171899187299607,171899187301349,171899187304769,171899187304852,265650,93825186940240,4375639744,7,2732,1151,13678
171899195708250,171899195722745,171899195733649,171899195735223,171899195740633,171899195740725,265650,93825186940240,4375639744,7,2732,1151,13679
171899203953417,171899203975240,171899203986820,171899203989534,171899204003940,171899204004045,265650,93825186940240,4375639744,7,2732,1151,13680
171899212224997,171899212244482,171899212255832,171899212258286,171899212266473,171899212266544,265650,93825186940240,4375639744,7,2732,1151,13681
171899220632894,171899220655286,171899220665973,171899220668248,171899220676972,171899220677025,265650,93825186940240,4375639744,7,2732,1151,13682
171899228887104,171899228903729,171899228914879,171899228916979,171899228923773,171899228923839,265650,93825186940240,4375639744,7,2732,1151,13683
171899237221994,171899237239211,171899237250025,171899237251943,171899237261092,171899237261157,265650,93825186940240,4375639744,7,2732,1151,13684
171899245571942,171899245588775,171899245600615,171899245602944,171899245618546,171899245618603,265650,93825186940240,4375639744,7,2732,1151,13685
171899253887340,171899253903556,171899253914877,171899253916977,171899253928207,171899253928279,265650,93825186940240,4375639744,7,2732,1151,13686
171899262223121,171899262240321,171899262251672,171899262253560,171899262261887,171899262261960,265650,93825186940240,4375639744,7,2732,1151,13687
171899270582212,171899270597840,171899270608587,171899270610248,171899270618664,171899270618721,265650,93825186940240,4375639744,7,2732,1151,13688
171899278885630,171899278901881,171899278912602,171899278914689,171899278922048,171899278922115,265650,93825186940240,4375639744,7,2732,1151,13689
171899287233607,171899287249450,171899287260053,171899287261954,171899287312309,171899287312398,265650,93825186940240,4375639744,7,2732,1151,13690
171899295574989,171899295594577,171899295606010,171899295608727,171899295619904,171899295619991,265650,93825186940240,4375639744,7,2732,1151,13691
171899303915483,171899303935563,171899303948033,171899303950967,171899303961908,171899303962002,265650,93825186940240,4375639744,7,2732,1151,13692
171899312245562,171899312266413,171899312278805,171899312282196,171899312294757,171899312294843,265650,93825186940240,4375639744,7,2732,1151,13693
171899320571656,171899320589780,171899320600806,171899320603293,171899320611859,171899320611927,265650,93825186940240,4375639744,7,2732,1151,13694
171899328886638,171899328902533,171899328913159,171899328915326,171899328922437,171899328922528,265650,93825186940240,4375639744,7,2732,1151,13695
171899337217048,171899337230246,171899337241075,171899337242799,171899337254321,171899337254386,265650,93825186940240,4375639744,7,2732,1151,13696
171899345549843,171899345566041,171899345576486,171899345578473,171899345585442,171899345585506,265650,93825186940240,4375639744,7,2732,1151,13697
171899353880807,171899353896647,171899353908052,171899353910166,171899353917101,171899353917223,265650,93825186940240,4375639744,7,2732,1151,13698
171899362217690,171899362233742,171899362244328,171899362246244,171899362254851,171899362254922,265650,93825186940240,4375639744,7,2732,1151,13699
171899370581695,171899370600144,171899370611436,171899370613813,171899370623091,171899370623148,265650,93825186940240,4375639744,7,2732,1151,13700
171899378926694,171899378946741,171899378958237,171899378960757,171899378970563,171899378970645,265650,93825186940240,4375639744,7,2732,1151,13701
171899387253902,171899387274457,171899387286118,171899387288797,171899387300847,171899387300941,265650,93825186940240,4375639744,7,2732,1151,13702
171899395585254,171899395606338,171899395618062,171899395620675,171899395629798,171899395629885,265650,93825186940240,4375639744,7,2732,1151,13703
171899404073315,171899404091586,171899404104615,171899404106742,171899404112670,171899404112789,265650,93825186940240,4375639744,7,2732,1151,13704
171899412265964,171899412281667,171899412290699,171899412292870,171899412301014,171899412301082,265650,93825186940240,4375639744,7,2732,1151,13705
171899421525866,171899421542161,171899421552479,171899421555251,171899421564731,171899421564808,265650,93825186940240,4375639744,7,2732,1151,13706
171899428909971,171899428923110,171899428932268,171899428934418,171899428941279,171899428941346,265650,93825186940240,4375639744,7,2732,1151,13707
171899437244863,171899437258329,171899437267063,171899437268354,171899437273191,171899437273264,265650,93825186940240,4375639744,7,2732,1151,13708
171899445717710,171899445732053,171899445743527,171899445744995,171899445753641,171899445753747,265650,93825186940240,4375639744,7,2732,1151,13709
171899454025730,171899454038187,171899454048845,171899454049796,171899454055643,171899454055747,265650,93825186940240,4375639744,7,2732,1151,13710
171899462227570,171899462241145,171899462249532,171899462250700,171899462258471,171899462258533,265650,93825186940240,4375639744,7,2732,1151,13711
171899470674907,171899470691088,171899470702577,171899470704150,171899470709445,171899470709535,265650,93825186940240,4375639744,7,2732,1151,13712
171899478952783,171899478974581,171899478986207,171899478988820,171899479004997,171899479005096,265650,93825186940240,4375639744,7,2732,1151,13713
171899487277091,171899487295097,171899487306102,171899487308668,171899487313828,171899487313920,265650,93825186940240,4375639744,7,2732,1151,13714
171899495627177,171899495647566,171899495659082,171899495661641,171899495673550,171899495673657,265650,93825186940240,4375639744,7,2732,1151,13715
171899503894239,171899503910777,171899503921409,171899503923327,171899503933161,171899503933241,265650,93825186940240,4375639744,7,2732,1151,13716
171899512227747,171899512244471,171899512255304,171899512257036,171899512264399,171899512264489,265650,93825186940240,4375639744,7,2732,1151,13717
171899520577014,171899520594427,171899520605205,171899520607610,171899520619299,171899520619371,265650,93825186940240,4375639744,7,2732,1151,13718
171899528906537,171899528921589,171899528933102,171899528935621,171899528947736,171899528947800,265650,93825186940240,4375639744,7,2732,1151,13719
171899537235710,171899537252363,171899537263540,171899537265554,171899537271815,171899537271909,265650,93825186940240,4375639744,7,2732,1151,13720
171899545559905,171899545574679,171899545585262,171899545586887,171899545592922,171899545592998,265650,93825186940240,4375639744,7,2732,1151,13721
171899553905202,171899553927821,171899553940908,171899553943935,171899553955940,171899553955998,265650,93825186940240,4375639744,7,2732,1151,13722
171899562222579,171899562235784,171899562246550,171899562248316,171899562254551,171899562254752,265650,93825186940240,4375639744,7,2732,1151,13723
171899570574342,171899570588154,171899570598865,171899570600723,171899570607050,171899570607123,265650,93825186940240,4375639744,7,2732,1151,13724
171899578895497,171899578913816,171899578925805,171899578928441,171899578939651,171899578939736,265650,93825186940240,4375639744,7,2732,1151,13725
171899587244504,171899587261843,171899587273274,171899587275038,171899587283135,171899587283202,265650,93825186940240,4375639744,7,2732,1151,13726
171899595585963,171899595602651,171899595613818,171899595615841,171899595621435,171899595621493,265650,93825186940240,4375639744,7,2732,1151,13727
171899603917200,171899603933072,171899603944114,171899603946173,171899603954466,171899603954514,265650,93825186940240,4375639744,7,2732,1151,13728
171899612225153,171899612240538,171899612251662,171899612253583,171899612259556,171899612259621,265650,93825186940240,4375639744,7,2732,1151,13729
171899620582228,171899620599246,171899620609916,171899620612115,171899620624963,171899620625032,265650,93825186940240,4375639744,7,2732,1151,13730
171899628895620,171899628912673,171899628923797,171899628925613,171899628935495,171899628935559,265650,93825186940240,4375639744,7,2732,1151,13731
171899637252206,171899637270477,171899637281896,171899637284433,171899637293580,171899637293660,265650,93825186940240,4375639744,7,2732,1151,13732
171899645608547,171899645631057,171899645642912,171899645645821,171899645662067,171899645662153,265650,93825186940240,4375639744,7,2732,1151,13733
171899653911750,171899653929423,171899653940473,171899653942225,171899653952780,171899653952851,265650,93825186940240,4375639744,7,2732,1151,13734
171899662240770,171899662258300,171899662269019,171899662271268,171899662278977,171899662279042,265650,93825186940240,4375639744,7,2732,1151,13735
171899670575170,171899670591179,171899670602088,171899670603936,171899670616478,171899670616553,265650,93825186940240,4375639744,7,2732,1151,13736
171899678905139,171899678920239,171899678930635,171899678932427,171899678939652,171899678939714,265650,93825186940240,4375639744,7,2732,1151,13737
171899687250202,171899687267816,171899687278397,171899687280430,171899687288544,171899687288607,265650,93825186940240,4375639744,7,2732,1151,13738
171899695637344,171899695659473,171899695671531,171899695674848,171899695688784,171899695688860,265650,93825186940240,4375639744,7,2732,1151,13739
171899703911825,171899703928961,171899703940030,171899703941921,171899703952732,171899703952803,265650,93825186940240,4375639744,7,2732,1151,13740
171899712239730,171899712256754,171899712267401,171899712269163,171899712277283,171899712277340,265650,93825186940240,4375639744,7,2732,1151,13741
171899720583830,171899720600821,171899720611522,171899720613259,171899720621993,171899720622057,265650,93825186940240,4375639744,7,2732,1151,13742
171899728899409,171899728916043,171899728926677,171899728928511,171899728937607,171899728937688,265650,93825186940240,4375639744,7,2732,1151,13743
171899737253188,171899737270486,171899737281474,171899737283525,171899737288251,171899737288313,265650,93825186940240,4375639744,7,2732,1151,13744
171899745572013,171899745588627,171899745599473,171899745601540,171899745607935,171899745607998,265650,93825186940240,4375639744,7,2732,1151,13745
171899753905531,171899753928700,171899753941730,171899753945108,171899753952326,171899753952383,265650,93825186940240,4375639744,7,2732,1151,13746
171899762248729,171899762266492,171899762277584,171899762279706,171899762289244,171899762289310,265650,93825186940240,4375639744,7,2732,1151,13747
171899770611407,171899770632054,171899770644387,171899770646915,171899770654253,171899770654313,265650,93825186940240,4375639744,7,2732,1151,13748
171899778919686,171899778934733,171899778945797,171899778947532,171899778953804,171899778953862,265650,93825186940240,4375639744,7,2732,1151,13749
171899787244259,171899787261170,171899787272380,171899787274410,171899787279008,171899787279071,265650,93825186940240,4375639744,7,2732,1151,13750
171899795602772,171899795622491,171899795634550,171899795638225,171899795651793,171899795651846,265650,93825186940240,4375639744,7,2732,1151,13751
171899803951472,171899803967193,171899803978894,171899803980744,171899803985151,171899803985240,265650,93825186940240,4375639744,7,2732,1151,13752
171899812322054,171899812382690,171899812393321,171899812394155,171899812400420,171899812400487,265650,93825186940240,4375639744,7,2732,1151,13753
171899820676492,171899820729484,171899820740386,171899820741444,171899820749098,171899820749169,265650,93825186940240,4375639744,7,2732,1151,13754
171899829079202,171899829091232,171899829101960,171899829102926,171899829108371,171899829108442,265650,93825186940240,4375639744,7,2732,1151,13755
171899837233188,171899837245655,171899837256371,171899837257215,171899837262793,171899837262863,265650,93825186940240,4375639744,7,2732,1151,13756
171899845671562,171899845691385,171899845703380,171899845705923,171899845711734,171899845711820,265650,93825186940240,4375639744,7,2732,1151,13757
171899853914596,171899853934319,171899853945860,171899853948211,171899853957399,171899853957488,265650,93825186940240,4375639744,7,2732,1151,13758
171899862256977,171899862274451,171899862285503,171899862287499,171899862295399,171899862295446,265650,93825186940240,4375639744,7,2732,1151,13759
171899870570131,171899870586494,171899870597195,171899870599198,171899870607025,171899870607096,265650,93825186940240,4375639744,7,2732,1151,13760
171899878892198,171899878905881,171899878918060,171899878920156,171899878930228,171899878930275,265650,93825186940240,4375639744,7,2732,1151,13761
171899887265762,171899887288799,171899887300419,171899887302885,171899887310935,171899887310991,265650,93825186940240,4375639744,7,2732,1151,13762
171899895578013,171899895595618,171899895607073,171899895608889,171899895615204,171899895615253,265650,93825186940240,4375639744,7,2732,1151,13763
171899903953971,171899903970209,171899903981085,171899903982686,171899903989752,171899903989819,265650,93825186940240,4375639744,7,2732,1151,13764
171899912238181,171899912252331,171899912263051,171899912264748,171899912270272,171899912270340,265650,93825186940240,4375639744,7,2732,1151,13765
171899920567249,171899920581052,171899920592229,171899920593812,171899920599866,171899920599937,265650,93825186940240,4375639744,7,2732,1151,13766
171899928912120,171899928929411,171899928940530,171899928942227,171899928950122,171899928950181,265650,93825186940240,4375639744,7,2732,1151,13767
171899937248118,171899937269340,171899937280580,171899937283077,171899937291124,171899937291184,265650,93825186940240,4375639744,7,2732,1151,13768
171899945628155,171899945647020,171899945658830,171899945661484,171899945674349,171899945674428,265650,93825186940240,4375639744,7,2732,1151,13769
171899954031150,171899954048804,171899954060970,171899954062673,171899954067389,171899954067491,265650,93825186940240,4375639744,7,2732,1151,13770
171899962254025,171899962267260,171899962278377,171899962279414,171899962283457,171899962283539,265650,93825186940240,4375639744,7,2732,1151,13771
171899970638261,171899970657775,171899970669018,171899970671385,171899970678167,171899970678230,265650,93825186940240,4375639744,7,2732,1151,13772
171899978914485,171899978929264,171899978939707,171899978941669,171899978948065,171899978948142,265650,93825186940240,4375639744,7,2732,1151,13773
171899987245917,171899987263403,171899987275201,171899987277144,171899987284857,171899987284919,265650,93825186940240,4375639744,7,2732,1151,13774
171899995574929,171899995591242,171899995602513,171899995604346,171899995610512,171899995610580,265650,93825186940240,4375639744,7,2732,1151,13775
171900003913725,171900003926679,171900003937386,171900003939244,171900003947159,171900003947231,265650,93825186940240,4375639744,7,2732,1151,13776
171900012243457,171900012256758,171900012267264,171900012269137,171900012274601,171900012274668,265650,93825186940240,4375639744,7,2732,1151,13777
171900020578291,171900020591515,171900020602099,171900020603846,171900020612482,171900020612547,265650,93825186940240,4375639744,7,2732,1151,13778
171900028917181,171900028932369,171900028942596,171900028944503,171900028953444,171900028953509,265650,93825186940240,4375639744,7,2732,1151,13779
171900037247859,171900037265878,171900037276818,171900037278772,171900037287186,171900037287245,265650,93825186940240,4375639744,7,2732,1151,13780
171900045575190,171900045591534,171900045602090,171900045604196,171900045610874,171900045610936,265650,93825186940240,4375639744,7,2732,1151,13781
171900053908952,171900053924504,171900053935676,171900053937560,171900053944785,171900053944830,265650,93825186940240,4375639744,7,2732,1151,13782
171900062247176,171900062263036,171900062273658,171900062275757,171900062282692,171900062282753,265650,93825186940240,4375639744,7,2732,1151,13783
171900070578665,171900070592883,171900070603645,171900070605425,171900070613370,171900070613445,265650,93825186940240,4375639744,7,2732,1151,13784
171900078904813,171900078919079,171900078929400,171900078931284,171900078936616,171900078936683,265650,93825186940240,4375639744,7,2732,1151,13785
171900087251404,171900087268687,171900087279587,171900087281263,171900087287266,171900087287326,265650,93825186940240,4375639744,7,2732,1151,13786
171900095646381,171900095663204,171900095674003,171900095675946,171900095682199,171900095682267,265650,93825186940240,4375639744,7,2732,1151,13787
171900103934293,171900103949970,171900103960972,171900103962703,171900103969099,171900103969151,265650,93825186940240,4375639744,7,2732,1151,13788
171900112257515,171900112274259,171900112285235,171900112287263,171900112294215,171900112294260,265650,93825186940240,4375639744,7,2732,1151,13789
171900120584488,171900120601443,171900120612835,171900120614833,171900120623720,171900120623784,265650,93825186940240,4375639744,7,2732,1151,13790
171900128942172,171900128958264,171900128969217,171900128971359,171900128980090,171900128980147,265650,93825186940240,4375639744,7,2732,1151,13791
171900137280629,171900137300091,171900137310861,171900137313400,171900137321377,171900137321426,265650,93825186940240,4375639744,7,2732,1151,13792
171900145588277,171900145605847,171900145616732,171900145618758,171900145628247,171900145628335,265650,93825186940240,4375639744,7,2732,1151,13793
171900153929743,171900153946485,171900153957728,171900153959702,171900153967290,171900153967345,265650,93825186940240,4375639744,7,2732,1151,13794
171900162301734,171900162320779,171900162333092,171900162336031,171900162347741,171900162347830,265650,93825186940240,4375639744,7,2732,1151,13795
171900170623575,171900170641530,171900170652418,171900170654941,171900170661917,171900170662093,265650,93825186940240,4375639744,7,2732,1151,13796
171900178921280,171900178936566,171900178946922,171900178949131,171900178956282,171900178956345,265650,93825186940240,4375639744,7,2732,1151,13797
171900187263675,171900187280232,171900187290877,171900187292753,171900187300817,171900187300875,265650,93825186940240,4375639744,7,2732,1151,13798
171900195626482,171900195644408,171900195655130,171900195657218,171900195665289,171900195665350,265650,93825186940240,4375639744,7,2732,1151,13799
171900203973719,171900203997479,171900204025387,171900204026870,171900204032073,171900204032144,265650,93825186940240,4375639744,7,2732,1151,13800
171900212264251,171900212274562,171900212282865,171900212283964,171900212289462,171900212289534,265650,93825186940240,4375639744,7,2732,1151,13801
171900220649032,171900220659330,171900220668075,171900220668823,171900220674264,171900220674340,265650,93825186940240,4375639744,7,2732,1151,13802
171900228971143,171900228981541,171900228989817,171900228990607,171900228996761,171900228996832,265650,93825186940240,4375639744,7,2732,1151,13803
171900237253928,171900237266975,171900237278235,171900237279370,171900237286030,171900237286114,265650,93825186940240,4375639744,7,2732,1151,13804
171900245646716,171900245656543,171900245665285,171900245666040,171900245670320,171900245670370,265650,93825186940240,4375639744,7,2732,1151,13805
171900258535837,171900258567681,171900258579761,171900258582232,171900258592591,171900258592688,265650,93825186940240,4375639744,7,2732,1151,13806
171900266859774,171900266880422,171900266891914,171900266894599,171900266905423,171900266905508,265650,93825186940240,4375639744,7,2732,1151,13807
171900275124362,171900275136027,171900275145325,171900275146610,171900275154052,171900275154122,265650,93825186940240,4375639744,7,2732,1151,13808
171900283497920,171900283509286,171900283517725,171900283518702,171900283524543,171900283524606,265650,93825186940240,4375639744,7,2732,1151,13809
171900291836518,171900291848013,171900291856338,171900291857370,171900291862577,171900291862632,265650,93825186940240,4375639744,7,2732,1151,13810
171900300179695,171900300192914,171900300204245,171900300205329,171900300211250,171900300211332,265650,93825186940240,4375639744,7,2732,1151,13811
171900308462658,171900308472595,171900308480889,171900308481698,171900308486079,171900308486134,265650,93825186940240,4375639744,7,2732,1151,13812
171900316804409,171900316822464,171900316833993,171900316836580,171900316848228,171900316848319,265650,93825186940240,4375639744,7,2732,1151,13813
171900325114238,171900325131517,171900325143083,171900325145717,171900325153425,171900325153488,265650,93825186940240,4375639744,7,2732,1151,13814
171900333446757,171900333465061,171900333476212,171900333478264,171900333484283,171900333484353,265650,93825186940240,4375639744,7,2732,1151,13815
171900341781966,171900341796951,171900341808428,171900341810314,171900341816380,171900341816486,265650,93825186940240,4375639744,7,2732,1151,13816
171900350120420,171900350137312,171900350147728,171900350149608,171900350160409,171900350160471,265650,93825186940240,4375639744,7,2732,1151,13817
171900358471460,171900358482850,171900358491772,171900358493090,171900358497252,171900358497328,265650,93825186940240,4375639744,7,2732,1151,13818
171900366822719,171900366840676,171900366851911,171900366854322,171900366861078,171900366861179,265650,93825186940240,4375639744,7,2732,1151,13819
171900375163908,171900375174409,171900375183416,171900375184209,171900375189448,171900375189547,265650,93825186940240,4375639744,7,2732,1151,13820
171900383538304,171900383549924,171900383558839,171900383559782,171900383567925,171900383568007,265650,93825186940240,4375639744,7,2732,1151,13821
171900391846589,171900391856574,171900391864667,171900391865481,171900391872171,171900391872246,265650,93825186940240,4375639744,7,2732,1151,13822
171900400168293,171900400180662,171900400191722,171900400192777,171900400199023,171900400199122,265650,93825186940240,4375639744,7,2732,1151,13823
171900408549162,171900408561437,171900408572332,171900408573307,171900408580410,171900408580505,265650,93825186940240,4375639744,7,2732,1151,13824
171900416879101,171900416896751,171900416907825,171900416910538,171900416920132,171900416920212,265650,93825186940240,4375639744,7,2732,1151,13825
171900425127463,171900425145854,171900425156708,171900425159006,171900425168017,171900425168111,265650,93825186940240,4375639744,7,2732,1151,13826
171900433455864,171900433471797,171900433483397,171900433485751,171900433492038,171900433492134,265650,93825186940240,4375639744,7,2732,1151,13827
171900441847740,171900441864682,171900441875452,171900441877293,171900441886983,171900441887067,265650,93825186940240,4375639744,7,2732,1151,13828
171900450178815,171900450191058,171900450200407,171900450201807,171900450205252,171900450205337,265650,93825186940240,4375639744,7,2732,1151,13829
171900458508313,171900458519612,171900458528027,171900458528823,171900458532503,171900458532572,265650,93825186940240,4375639744,7,2732,1151,13830
171900466874115,171900466893324,171900466904570,171900466906887,171900466912832,171900466912911,265650,93825186940240,4375639744,7,2732,1151,13831
171900475128252,171900475144840,171900475155933,171900475157651,171900475163764,171900475163839,265650,93825186940240,4375639744,7,2732,1151,13832
171900483452841,171900483469463,171900483480389,171900483482120,171900483489507,171900483489579,265650,93825186940240,4375639744,7,2732,1151,13833
171900491780006,171900491797006,171900491807586,171900491809262,171900491815614,171900491815681,265650,93825186940240,4375639744,7,2732,1151,13834
171900500137997,171900500152716,171900500164225,171900500165808,171900500173791,171900500173884,265650,93825186940240,4375639744,7,2732,1151,13835
171900508578179,171900508591004,171900508601790,171900508603023,171900508606168,171900508606268,265650,93825186940240,4375639744,7,2732,1151,13836
171900516840955,171900516851359,171900516859210,171900516860015,171900516865393,171900516865461,265650,93825186940240,4375639744,7,2732,1151,13837
171900525167469,171900525184651,171900525195690,171900525198312,171900525205895,171900525205977,265650,93825186940240,4375639744,7,2732,1151,13838
171900533451593,171900533466955,171900533478116,171900533480080,171900533485263,171900533485336,265650,93825186940240,4375639744,7,2732,1151,13839
171900541854683,171900541876956,171900541889059,171900541892199,171900541903358,171900541903401,265650,93825186940240,4375639744,7,2732,1151,13840
171900550116555,171900550133873,171900550144699,171900550146615,171900550154619,171900550154684,265650,93825186940240,4375639744,7,2732,1151,13841
171900558460413,171900558477594,171900558488819,171900558490864,171900558498246,171900558498330,265650,93825186940240,4375639744,7,2732,1151,13842
171900566843163,171900566859331,171900566870296,171900566872230,171900566878032,171900566878102,265650,93825186940240,4375639744,7,2732,1151,13843
171900575124887,171900575141652,171900575152802,171900575154546,171900575163509,171900575163600,265650,93825186940240,4375639744,7,2732,1151,13844
171900583472727,171900583489221,171900583500854,171900583502852,171900583510989,171900583511044,265650,93825186940240,4375639744,7,2732,1151,13845
171900591792257,171900591808847,171900591820845,171900591824088,171900591834064,171900591834125,265650,93825186940240,4375639744,7,2732,1151,13846
171900600123298,171900600138985,171900600150127,171900600151839,171900600157485,171900600157554,265650,93825186940240,4375639744,7,2732,1151,13847
171900608453080,171900608469383,171900608479934,171900608481667,171900608486933,171900608486995,265650,93825186940240,4375639744,7,2732,1151,13848
171900616776338,171900616792315,171900616803321,171900616805047,171900616809511,171900616809588,265650,93825186940240,4375639744,7,2732,1151,13849
171900625113543,171900625129313,171900625140466,171900625142180,171900625147696,171900625147760,265650,93825186940240,4375639744,7,2732,1151,13850
171900633456495,171900633473917,171900633485569,171900633488079,171900633497961,171900633498021,265650,93825186940240,4375639744,7,2732,1151,13851
171900641790987,171900641808936,171900641820036,171900641822130,171900641828794,171900641828855,265650,93825186940240,4375639744,7,2732,1151,13852
171900650120621,171900650137775,171900650148540,171900650150260,171900650155415,171900650155476,265650,93825186940240,4375639744,7,2732,1151,13853
171900658463141,171900658482541,171900658493948,171900658495906,171900658503654,171900658503740,265650,93825186940240,4375639744,7,2732,1151,13854
171900666793949,171900666812495,171900666823540,171900666825585,171900666832471,171900666832544,265650,93825186940240,4375639744,7,2732,1151,13855
171900675169022,171900675186663,171900675197186,171900675198951,171900675205241,171900675205304,265650,93825186940240,4375639744,7,2732,1151,13856
171900683460942,171900683477601,171900683488796,171900683491123,171900683496883,171900683496931,265650,93825186940240,4375639744,7,2732,1151,13857
171900691788482,171900691804198,171900691815111,171900691817272,171900691821591,171900691821650,265650,93825186940240,4375639744,7,2732,1151,13858
171900700115452,171900700130320,171900700140717,171900700142550,171900700146444,171900700146505,265650,93825186940240,4375639744,7,2732,1151,13859
171900708458335,171900708474878,171900708486043,171900708487859,171900708497921,171900708497996,265650,93825186940240,4375639744,7,2732,1151,13860
171900716793161,171900716809996,171900716821204,171900716823180,171900716830229,171900716830284,265650,93825186940240,4375639744,7,2732,1151,13861
171900725126066,171900725143539,171900725155167,171900725157132,171900725163836,171900725163897,265650,93825186940240,4375639744,7,2732,1151,13862
171900733461541,171900733480180,171900733490801,171900733492772,171900733500280,171900733500328,265650,93825186940240,4375639744,7,2732,1151,13863
171900741862088,171900741880843,171900741892696,171900741895527,171900741904694,171900741904748,265650,93825186940240,4375639744,7,2732,1151,13864
171900750125449,171900750142748,171900750153673,171900750155651,171900750160875,171900750160938,265650,93825186940240,4375639744,7,2732,1151,13865
171900758495026,171900758510235,171900758521362,171900758523108,171900758528052,171900758528095,265650,93825186940240,4375639744,7,2732,1151,13866
171900766825969,171900766839182,171900766849541,171900766851163,171900766856352,171900766856412,265650,93825186940240,4375639744,7,2732,1151,13867
171900775111803,171900775125562,171900775135881,171900775137327,171900775140945,171900775141025,265650,93825186940240,4375639744,7,2732,1151,13868
171900783462257,171900783480206,171900783491404,171900783493697,171900783501811,171900783501869,265650,93825186940240,4375639744,7,2732,1151,13869
171900791846840,171900791866785,171900791877223,171900791879172,171900791884394,171900791884450,265650,93825186940240,4375639744,7,2732,1151,13870
171900800127095,171900800144354,171900800154953,171900800156903,171900800164062,171900800164121,265650,93825186940240,4375639744,7,2732,1151,13871
171900808487336,171900808500959,171900808511711,171900808513504,171900808518384,171900808518448,265650,93825186940240,4375639744,7,2732,1151,13872
171900816857011,171900816879571,171900816891340,171900816894301,171900816901491,171900816901532,265650,93825186940240,4375639744,7,2732,1151,13873
171900825134137,171900825150876,171900825161430,171900825163090,171900825170315,171900825170384,265650,93825186940240,4375639744,7,2732,1151,13874
171900833467831,171900833484349,171900833495580,171900833497585,171900833504610,171900833504674,265650,93825186940240,4375639744,7,2732,1151,13875
171900841954858,171900841970635,171900841982564,171900841984116,171900841989840,171900841989924,265650,93825186940240,4375639744,7,2732,1151,13876
171900850234739,171900850250513,171900850261839,171900850263412,171900850269880,171900850269964,265650,93825186940240,4375639744,7,2732,1151,13877
171900858607264,171900858654520,171900858665590,171900858667095,171900858673171,171900858673251,265650,93825186940240,4375639744,7,2732,1151,13878
171900866856939,171900866879024,171900866890301,171900866892973,171900866897903,171900866897969,265650,93825186940240,4375639744,7,2732,1151,13879
171900875133709,171900875150152,171900875161199,171900875163031,171900875167666,171900875167736,265650,93825186940240,4375639744,7,2732,1151,13880
171900883487046,171900883504618,171900883515406,171900883517524,171900883524460,171900883524521,265650,93825186940240,4375639744,7,2732,1151,13881
171900891794658,171900891810795,171900891822006,171900891823765,171900891829552,171900891829602,265650,93825186940240,4375639744,7,2732,1151,13882
171900900178286,171900900195606,171900900206325,171900900208243,171900900214273,171900900214345,265650,93825186940240,4375639744,7,2732,1151,13883
171900908481874,171900908496551,171900908507890,171900908509901,171900908514268,171900908514337,265650,93825186940240,4375639744,7,2732,1151,13884
171900916849126,171900916868299,171900916879073,171900916881176,171900916887615,171900916887671,265650,93825186940240,4375639744,7,2732,1151,13885
171900925135809,171900925153231,171900925163583,171900925165513,171900925172636,171900925172698,265650,93825186940240,4375639744,7,2732,1151,13886
171900933505133,171900933528781,171900933540481,171900933543215,171900933550513,171900933550580,265650,93825186940240,4375639744,7,2732,1151,13887
171900941914687,171900941928566,171900941938617,171900941939864,171900941948002,171900941948077,265650,93825186940240,4375639744,7,2732,1151,13888
171900950160639,171900950182378,171900950193890,171900950196442,171900950202073,171900950202204,265650,93825186940240,4375639744,7,2732,1151,13889
171900958473213,171900958489548,171900958500241,171900958502273,171900958507995,171900958508063,265650,93825186940240,4375639744,7,2732,1151,13890
171900966860838,171900966881387,171900966892752,171900966895277,171900966904216,171900966904279,265650,93825186940240,4375639744,7,2732,1151,13891
171900975135024,171900975151715,171900975162268,171900975164114,171900975171006,171900975171065,265650,93825186940240,4375639744,7,2732,1151,13892
171900983529061,171900983547883,171900983558817,171900983561055,171900983569847,171900983569890,265650,93825186940240,4375639744,7,2732,1151,13893
171900991839165,171900991859773,171900991871571,171900991874326,171900991883441,171900991883502,265650,93825186940240,4375639744,7,2732,1151,13894
171901000162869,171901000181550,171901000192528,171901000195132,171901000202644,171901000202730,265650,93825186940240,4375639744,7,2732,1151,13895
171901008480177,171901008498854,171901008509760,171901008511850,171901008518616,171901008518680,265650,93825186940240,4375639744,7,2732,1151,13896
171901016817339,171901016836173,171901016847091,171901016849115,171901016856254,171901016856317,265650,93825186940240,4375639744,7,2732,1151,13897
171901025303435,171901025321829,171901025333453,171901025335238,171901025340623,171901025340709,265650,93825186940240,4375639744,7,2732,1151,13898
171901033551152,171901033560691,171901033568611,171901033569515,171901033574465,171901033574531,265650,93825186940240,4375639744,7,2732,1151,13899
171901041916282,171901041928980,171901041939653,171901041940936,171901041947973,171901041948055,265650,93825186940240,4375639744,7,2732,1151,13900
171901050140576,171901050150287,171901050158470,171901050159390,171901050165988,171901050166053,265650,93825186940240,4375639744,7,2732,1151,13901
171901058484699,171901058497104,171901058506340,171901058507829,171901058513627,171901058513696,265650,93825186940240,4375639744,7,2732,1151,13902
171901066908264,171901066974327,171901066985430,171901066986585,171901066991724,171901066991815,265650,93825186940240,4375639744,7,2732,1151,13903
171901075198602,171901075208381,171901075216925,171901075217708,171901075221566,171901075221637,265650,93825186940240,4375639744,7,2732,1151,13904
171901083568823,171901083585798,171901083596476,171901083597362,171901083602407,171901083602494,265650,93825186940240,4375639744,7,2732,1151,13905
171901091895427,171901091944765,171901091955679,171901091956640,171901091962146,171901091962228,265650,93825186940240,4375639744,7,2732,1151,13906
171901100147124,171901100160114,171901100170755,171901100171798,171901100176734,171901100176826,265650,93825186940240,4375639744,7,2732,1151,13907
171901108507181,171901108521191,171901108532302,171901108534100,171901108539776,171901108539870,265650,93825186940240,4375639744,7,2732,1151,13908
171901116891073,171901116904402,171901116915481,171901116916801,171901116924035,171901116924131,265650,93825186940240,4375639744,7,2732,1151,13909
171901125222846,171901125236094,171901125247275,171901125248663,171901125254351,171901125254446,265650,93825186940240,4375639744,7,2732,1151,13910
171901133573030,171901133620795,171901133631619,171901133632664,171901133638731,171901133638824,265650,93825186940240,4375639744,7,2732,1151,13911
171901141950863,171901141977417,171901141988204,171901141989158,171901141994073,171901141994148,265650,93825186940240,4375639744,7,2732,1151,13912
171901150173703,171901150185530,171901150196318,171901150197146,171901150202109,171901150202178,265650,93825186940240,4375639744,7,2732,1151,13913
171901158531107,171901158541683,171901158549516,171901158550390,171901158556098,171901158556152,265650,93825186940240,4375639744,7,2732,1151,13914
171901166962061,171901166975949,171901166987399,171901166988509,171901166993679,171901166993759,265650,93825186940240,4375639744,7,2732,1151,13915
171901175213066,171901175223677,171901175232042,171901175232792,171901175237309,171901175237363,265650,93825186940240,4375639744,7,2732,1151,13916
171901183536934,171901183546372,171901183554818,171901183555718,171901183561416,171901183561478,265650,93825186940240,4375639744,7,2732,1151,13917
171901191881828,171901191892543,171901191901367,171901191902369,171901191906925,171901191906980,265650,93825186940240,4375639744,7,2732,1151,13918
171901200213395,171901200225764,171901200237012,171901200238039,171901200245144,171901200245217,265650,93825186940240,4375639744,7,2732,1151,13919
171901208550523,171901208561389,171901208570296,171901208571342,171901208577108,171901208577158,265650,93825186940240,4375639744,7,2732,1151,13920
171901216966140,171901216978817,171901216989845,171901216990850,171901216996448,171901216996520,265650,93825186940240,4375639744,7,2732,1151,13921
171901225264511,171901225308617,171901225319793,171901225321008,171901225326823,171901225326901,265650,93825186940240,4375639744,7,2732,1151,13922
171901233541845,171901233550923,171901233558969,171901233559683,171901233564092,171901233564150,265650,93825186940240,4375639744,7,2732,1151,13923
171901241871623,171901241885193,171901241896489,171901241897623,171901241905182,171901241905285,265650,93825186940240,4375639744,7,2732,1151,13924
171901250203261,171901250216775,171901250228362,171901250229602,171901250234903,171901250234979,265650,93825186940240,4375639744,7,2732,1151,13925
171901258655779,171901258707664,171901258718752,171901258719890,171901258726191,171901258726275,265650,93825186940240,4375639744,7,2732,1151,13926
171901266907390,171901266920097,171901266931038,171901266932171,171901266936538,171901266936624,265650,93825186940240,4375639744,7,2732,1151,13927
171901275212578,171901275224725,171901275235527,171901275236350,171901275241732,171901275241812,265650,93825186940240,4375639744,7,2732,1151,13928
171901283483981,171901283495199,171901283504176,171901283505263,171901283512609,171901283512675,265650,93825186940240,4375639744,7,2732,1151,13929
171901291975467,171901291997501,171901292013714,171901292017024,171901292026348,171901292026430,265650,93825186940240,4375639744,7,2732,1151,13930
171901300261218,171901300281247,171901300292762,171901300295005,171901300306804,171901300306889,265650,93825186940240,4375639744,7,2732,1151,13931
171901308573723,171901308596386,171901308608452,171901308611477,171901308628253,171901308628336,265650,93825186940240,4375639744,7,2732,1151,13932
171901316920194,171901316941607,171901316953605,171901316956412,171901316971198,171901316971286,265650,93825186940240,4375639744,7,2732,1151,13933
171901340385755,171901340400263,171901340410089,171901340412063,171901340416969,171901340417035,265650,93825186940240,4375639744,7,2732,1151,13934
171901348792411,171901348809449,171901348821142,171901348822890,171901348828846,171901348828941,265650,93825186940240,4375639744,7,2732,1151,13935
171901357009186,171901357020150,171901357028643,171901357030014,171901357037582,171901357037654,265650,93825186940240,4375639744,7,2732,1151,13936
171901365359885,171901365378799,171901365390603,171901365393007,171901365403450,171901365403527,265650,93825186940240,4375639744,7,2732,1151,13937
171901373731975,171901373749231,171901373760335,171901373761945,171901373769824,171901373769887,265650,93825186940240,4375639744,7,2732,1151,13938
171901382056916,171901382075563,171901382086297,171901382088312,171901382096357,171901382096423,265650,93825186940240,4375639744,7,2732,1151,13939
171901390324562,171901390340074,171901390350909,171901390353121,171901390359679,171901390359742,265650,93825186940240,4375639744,7,2732,1151,13940
171901398713548,171901398736087,171901398748670,171901398751315,171901398759136,171901398759180,265650,93825186940240,4375639744,7,2732,1151,13941
171901407042789,171901407057904,171901407068852,171901407070698,171901407078407,171901407078475,265650,93825186940240,4375639744,7,2732,1151,13942
171901415349697,171901415367938,171901415378903,171901415381074,171901415391242,171901415391293,265650,93825186940240,4375639744,7,2732,1151,13943
171901423700310,171901423721902,171901423733852,171901423736799,171901423746761,171901423746852,265650,93825186940240,4375639744,7,2732,1151,13944
171901432068203,171901432091159,171901432103425,171901432106118,171901432120035,171901432120120,265650,93825186940240,4375639744,7,2732,1151,13945
171901440384111,171901440399581,171901440409062,171901440411760,171901440420554,171901440420621,265650,93825186940240,4375639744,7,2732,1151,13946
171901448800934,171901448818844,171901448830781,171901448833057,171901448842368,171901448842462,265650,93825186940240,4375639744,7,2732,1151,13947
171901457095367,171901457109217,171901457119145,171901457121675,171901457129163,171901457129239,265650,93825186940240,4375639744,7,2732,1151,13948
171901465350495,171901465362975,171901465372019,171901465374164,171901465379844,171901465379916,265650,93825186940240,4375639744,7,2732,1151,13949
171901473725601,171901473739446,171901473748134,171901473750346,171901473757750,171901473757815,265650,93825186940240,4375639744,7,2732,1151,13950
171901482050749,171901482071523,171901482083326,171901482086044,171901482100782,171901482100879,265650,93825186940240,4375639744,7,2732,1151,13951
171901490340338,171901490359611,171901490370833,171901490373104,171901490381300,171901490381391,265650,93825186940240,4375639744,7,2732,1151,13952
171901498669713,171901498687649,171901498698629,171901498700588,171901498707320,171901498707377,265650,93825186940240,4375639744,7,2732,1151,13953
171901507017307,171901507034352,171901507045462,171901507047514,171901507054224,171901507054362,265650,93825186940240,4375639744,7,2732,1151,13954
171901515343195,171901515368486,171901515381751,171901515384738,171901515393312,171901515393375,265650,93825186940240,4375639744,7,2732,1151,13955
171901523703190,171901523720206,171901523731108,171901523732980,171901523737608,171901523737674,265650,93825186940240,4375639744,7,2732,1151,13956
171901532020333,171901532037448,171901532048627,171901532050574,171901532056187,171901532056247,265650,93825186940240,4375639744,7,2732,1151,13957
171901540335457,171901540349923,171901540360622,171901540362716,171901540367718,171901540367778,265650,93825186940240,4375639744,7,2732,1151,13958
171901548723031,171901548739183,171901548750216,171901548752395,171901548757129,171901548757192,265650,93825186940240,4375639744,7,2732,1151,13959
171901557063160,171901557078531,171901557089435,171901557091251,171901557094855,171901557094916,265650,93825186940240,4375639744,7,2732,1151,13960
171901565335369,171901565352118,171901565362770,171901565364472,171901565369708,171901565369763,265650,93825186940240,4375639744,7,2732,1151,13961
171901573717051,171901573734151,171901573745139,171901573747022,171901573751649,171901573751719,265650,93825186940240,4375639744,7,2732,1151,13962
171901582055363,171901582071618,171901582082880,171901582085454,171901582090077,171901582090141,265650,93825186940240,4375639744,7,2732,1151,13963
171901590346055,171901590364530,171901590375571,171901590377764,171901590385505,171901590385592,265650,93825186940240,4375639744,7,2732,1151,13964
171901598675286,171901598692422,171901598703241,171901598705111,171901598713240,171901598713309,265650,93825186940240,4375639744,7,2732,1151,13965
171901607067026,171901607082261,171901607093671,171901607095601,171901607101407,171901607101592,265650,93825186940240,4375639744,7,2732,1151,13966
171901615337403,171901615351731,171901615362409,171901615364246,171901615378478,171901615378549,265650,93825186940240,4375639744,7,2732,1151,13967
171901623660499,171901623675740,171901623686606,171901623688306,171901623693928,171901623693977,265650,93825186940240,4375639744,7,2732,1151,13968
171901632019945,171901632038264,171901632049072,171901632051090,171901632057471,171901632057516,265650,93825186940240,4375639744,7,2732,1151,13969
171901640343624,171901640360524,171901640371645,171901640373486,171901640379545,171901640379587,265650,93825186940240,4375639744,7,2732,1151,13970
171901648671323,171901648686533,171901648697543,171901648699359,171901648705307,171901648705369,265650,93825186940240,4375639744,7,2732,1151,13971
171901657066145,171901657083253,171901657093834,171901657095773,171901657099988,171901657100078,265650,93825186940240,4375639744,7,2732,1151,13972
171901665359111,171901665374180,171901665384611,171901665386579,171901665393815,171901665393879,265650,93825186940240,4375639744,7,2732,1151,13973
171901673683963,171901673700205,171901673710952,171901673712733,171901673721701,171901673721768,265650,93825186940240,4375639744,7,2732,1151,13974
171901682079146,171901682094588,171901682105375,171901682107318,171901682116645,171901682116714,265650,93825186940240,4375639744,7,2732,1151,13975
171901690372329,171901690389669,171901690400763,171901690403527,171901690412633,171901690412702,265650,93825186940240,4375639744,7,2732,1151,13976
171901698694848,171901698710286,171901698721608,171901698723658,171901698731610,171901698731680,265650,93825186940240,4375639744,7,2732,1151,13977
171901707071377,171901707087539,171901707098107,171901707100173,171901707107403,171901707107485,265650,93825186940240,4375639744,7,2732,1151,13978
171901715353079,171901715368902,171901715379891,171901715381856,171901715388158,171901715388221,265650,93825186940240,4375639744,7,2732,1151,13979
171901723668818,171901723681545,171901723692237,171901723694186,171901723702371,171901723702434,265650,93825186940240,4375639744,7,2732,1151,13980
171901732058015,171901732074757,171901732085226,171901732086897,171901732096935,171901732097016,265650,93825186940240,4375639744,7,2732,1151,13981
171901740346628,171901740363768,171901740374472,171901740376093,171901740384680,171901740384726,265650,93825186940240,4375639744,7,2732,1151,13982
171901748681735,171901748699138,171901748710148,171901748711916,171901748721313,171901748721368,265650,93825186940240,4375639744,7,2732,1151,13983
171901757068238,171901757081220,171901757092198,171901757094172,171901757100462,171901757100531,265650,93825186940240,4375639744,7,2732,1151,13984
171901765347861,171901765364858,171901765375549,171901765377788,171901765384898,171901765384990,265650,93825186940240,4375639744,7,2732,1151,13985
171901773678913,171901773694079,171901773705001,171901773707004,171901773713762,171901773713821,265650,93825186940240,4375639744,7,2732,1151,13986
171901782021259,171901782038616,171901782049099,171901782051202,171901782059156,171901782059225,265650,93825186940240,4375639744,7,2732,1151,13987
171901790353062,171901790372016,171901790384666,171901790388129,171901790397911,171901790397976,265650,93825186940240,4375639744,7,2732,1151,13988
171901798688887,171901798705939,171901798716650,171901798718495,171901798727486,171901798727547,265650,93825186940240,4375639744,7,2732,1151,13989
171901807024743,171901807040919,171901807051948,171901807053626,171901807061877,171901807061942,265650,93825186940240,4375639744,7,2732,1151,13990
171901815355402,171901815371372,171901815382702,171901815385118,171901815395103,171901815395162,265650,93825186940240,4375639744,7,2732,1151,13991
171901823683891,171901823700335,171901823711101,171901823713025,171901823720079,171901823720122,265650,93825186940240,4375639744,7,2732,1151,13992
171901832063369,171901832081404,171901832092120,171901832093857,171901832099750,171901832099823,265650,93825186940240,4375639744,7,2732,1151,13993
171901840349886,171901840366999,171901840377784,171901840380084,171901840386438,171901840386500,265650,93825186940240,4375639744,7,2732,1151,13994
171901848743430,171901848760765,171901848771617,171901848773669,171901848782474,171901848782539,265650,93825186940240,4375639744,7,2732,1151,13995
171901857043564,171901857060154,171901857070630,171901857072619,171901857077297,171901857077360,265650,93825186940240,4375639744,7,2732,1151,13996
171901865377151,171901865393057,171901865404117,171901865405733,171901865411245,171901865411308,265650,93825186940240,4375639744,7,2732,1151,13997
171901873748380,171901873763830,171901873774173,171901873775943,171901873786057,171901873786112,265650,93825186940240,4375639744,7,2732,1151,13998
171901882035778,171901882056784,171901882068453,171901882071327,171901882085334,171901882085395,265650,93825186940240,4375639744,7,2732,1151,13999
171901890425349,171901890446393,171901890457810,171901890460007,171901890469845,171901890469914,265650,93825186940240,4375639744,7,2732,1151,14000
171901898745618,171901898762254,171901898773300,171901898775214,171901898786174,171901898786235,265650,93825186940240,4375639744,7,2732,1151,14001
171901907073541,171901907085174,171901907095242,171901907096602,171901907104317,171901907104373,265650,93825186940240,4375639744,7,2732,1151,14002
171901915361478,171901915379364,171901915390207,171901915391986,171901915402267,171901915402341,265650,93825186940240,4375639744,7,2732,1151,14003
171901923690493,171901923705787,171901923716916,171901923718565,171901923727906,171901923727966,265650,93825186940240,4375639744,7,2732,1151,14004
171901932074067,171901932090424,171901932100880,171901932102640,171901932111091,171901932111155,265650,93825186940240,4375639744,7,2732,1151,14005
171901940356391,171901940372878,171901940383608,171901940385309,171901940402337,171901940402405,265650,93825186940240,4375639744,7,2732,1151,14006
171901948694964,171901948711431,171901948722620,171901948724282,171901948733806,171901948733881,265650,93825186940240,4375639744,7,2732,1151,14007
171901957070535,171901957087265,171901957098425,171901957100160,171901957108374,171901957108427,265650,93825186940240,4375639744,7,2732,1151,14008
171901965364576,171901965382114,171901965402253,171901965404130,171901965413394,171901965413456,265650,93825186940240,4375639744,7,2732,1151,14009
171901973733089,171901973749121,171901973760011,171901973761666,171901973771356,171901973771424,265650,93825186940240,4375639744,7,2732,1151,14010
171901982076604,171901982095008,171901982105441,171901982107327,171901982112075,171901982112133,265650,93825186940240,4375639744,7,2732,1151,14011
171901990373899,171901990389939,171901990401181,171901990402780,171901990411914,171901990411972,265650,93825186940240,4375639744,7,2732,1151,14012
171901998734608,171901998751449,171901998762549,171901998764564,171901998770876,171901998770938,265650,93825186940240,4375639744,7,2732,1151,14013
171902007017305,171902007031177,171902007042099,171902007043952,171902007048106,171902007048167,265650,93825186940240,4375639744,7,2732,1151,14014
171902015356341,171902015373200,171902015383451,171902015385457,171902015394431,171902015394497,265650,93825186940240,4375639744,7,2732,1151,14015
171902023697176,171902023710899,171902023721752,171902023723803,171902023731868,171902023731939,265650,93825186940240,4375639744,7,2732,1151,14016
171902032085866,171902032101996,171902032113181,171902032115475,171902032119655,171902032119705,265650,93825186940240,4375639744,7,2732,1151,14017
171902040351971,171902040366572,171902040377480,171902040379126,171902040384670,171902040384775,265650,93825186940240,4375639744,7,2732,1151,14018
171902048700694,171902048717680,171902048728619,171902048730512,171902048740787,171902048740849,265650,93825186940240,4375639744,7,2732,1151,14019
171902057049188,171902057065407,171902057076274,171902057078112,171902057084719,171902057084780,265650,93825186940240,4375639744,7,2732,1151,14020
171902065362224,171902065378697,171902065389926,171902065391799,171902065403180,171902065403242,265650,93825186940240,4375639744,7,2732,1151,14021
171902073674474,171902073686687,171902073697505,171902073699268,171902073704312,171902073704380,265650,93825186940240,4375639744,7,2732,1151,14022
171902082036766,171902082050913,171902082062654,171902082064413,171902082071200,171902082071260,265650,93825186940240,4375639744,7,2732,1151,14023
171902090370452,171902090389189,171902090400503,171902090403197,171902090410132,171902090410223,265650,93825186940240,4375639744,7,2732,1151,14024
171902098712008,171902098728737,171902098739166,171902098741547,171902098751378,171902098751464,265650,93825186940240,4375639744,7,2732,1151,14025
171902107083246,171902107100826,171902107111874,171902107114013,171902107122693,171902107122763,265650,93825186940240,4375639744,7,2732,1151,14026
171902115371823,171902115388397,171902115399070,171902115401132,171902115409704,171902115409765,265650,93825186940240,4375639744,7,2732,1151,14027
171902123695165,171902123711476,171902123722632,171902123724686,171902123732517,171902123732559,265650,93825186940240,4375639744,7,2732,1151,14028
171902132048140,171902132066741,171902132079297,171902132081805,171902132087401,171902132087498,265650,93825186940240,4375639744,7,2732,1151,14029
171902140394594,171902140410457,171902140421280,171902140423686,171902140429753,171902140429815,265650,93825186940240,4375639744,7,2732,1151,14030
171902148738072,171902148754119,171902148764907,171902148767141,171902148771411,171902148771483,265650,93825186940240,4375639744,7,2732,1151,14031
171902157072263,171902157085417,171902157096110,171902157097823,171902157103064,171902157103125,265650,93825186940240,4375639744,7,2732,1151,14032
171902165407240,171902165427083,171902165438967,171902165441445,171902165450201,171902165450255,265650,93825186940240,4375639744,7,2732,1151,14033
171902173703235,171902173720841,171902173732084,171902173734425,171902173741372,171902173741445,265650,93825186940240,4375639744,7,2732,1151,14034
171902182086249,171902182101903,171902182112688,171902182114815,171902182123679,171902182123748,265650,93825186940240,4375639744,7,2732,1151,14035
171902190388908,171902190405890,171902190417074,171902190419750,171902190430853,171902190430904,265650,93825186940240,4375639744,7,2732,1151,14036
171902198705435,171902198722869,171902198733643,171902198735688,171902198743795,171902198743842,265650,93825186940240,4375639744,7,2732,1151,14037
171902207088423,171902207104515,171902207115810,171902207117979,171902207123955,171902207123999,265650,93825186940240,4375639744,7,2732,1151,14038
171902215391988,171902215408547,171902215419830,171902215422080,171902215427348,171902215427422,265650,93825186940240,4375639744,7,2732,1151,14039
171902223739279,171902223756813,171902223767332,171902223769356,171902223778494,171902223778551,265650,93825186940240,4375639744,7,2732,1151,14040
171902232054533,171902232070592,171902232081291,171902232083607,171902232089259,171902232089310,265650,93825186940240,4375639744,7,2732,1151,14041
171902240378841,171902240392389,171902240403312,171902240405188,171902240410631,171902240410688,265650,93825186940240,4375639744,7,2732,1151,14042
171902248719279,171902248735700,171902248746404,171902248748201,171902248752973,171902248753032,265650,93825186940240,4375639744,7,2732,1151,14043
171902257060347,171902257073895,171902257095801,171902257097733,171902257103446,171902257103555,265650,93825186940240,4375639744,7,2732,1151,14044
171902265406489,171902265424050,171902265435166,171902265437499,171902265449492,171902265449564,265650,93825186940240,4375639744,7,2732,1151,14045
171902273719140,171902273734683,171902273745690,171902273747458,171902273758728,171902273758809,265650,93825186940240,4375639744,7,2732,1151,14046
171902282070046,171902282095721,171902282118311,171902282120209,171902282128129,171902282128189,265650,93825186940240,4375639744,7,2732,1151,14047
171902290406007,171902290422621,171902290434426,171902290436293,171902290445110,171902290445173,265650,93825186940240,4375639744,7,2732,1151,14048
171902298731107,171902298748690,171902298760451,171902298762380,171902298768750,171902298768821,265650,93825186940240,4375639744,7,2732,1151,14049
171902307067967,171902307084954,171902307095544,171902307097376,171902307105292,171902307105363,265650,93825186940240,4375639744,7,2732,1151,14050
171902315398918,171902315417379,171902315428359,171902315430553,171902315436699,171902315436772,265650,93825186940240,4375639744,7,2732,1151,14051
171902323750087,171902323766711,171902323777934,171902323780403,171902323792005,171902323792080,265650,93825186940240,4375639744,7,2732,1151,14052
171902332107662,171902332123341,171902332134680,171902332136813,171902332143774,171902332143827,265650,93825186940240,4375639744,7,2732,1151,14053
171902340450069,171902340463548,171902340475409,171902340477611,171902340487938,171902340488001,265650,93825186940240,4375639744,7,2732,1151,14054
171902348771607,171902348787257,171902348797538,171902348799187,171902348805764,171902348805834,265650,93825186940240,4375639744,7,2732,1151,14055
171902357102568,171902357118980,171902357129387,171902357131147,171902357139018,171902357139096,265650,93825186940240,4375639744,7,2732,1151,14056
171902365399621,171902365416855,171902365427587,171902365429724,171902365442720,171902365442791,265650,93825186940240,4375639744,7,2732,1151,14057
171902373742582,171902373761872,171902373773608,171902373775725,171902373788495,171902373788572,265650,93825186940240,4375639744,7,2732,1151,14058
171902382127313,171902382145349,171902382156612,171902382158696,171902382170890,171902382170970,265650,93825186940240,4375639744,7,2732,1151,14059
171902390491766,171902390515985,171902390528585,171902390531589,171902390544512,171902390544584,265650,93825186940240,4375639744,7,2732,1151,14060
171902398804403,171902398823322,171902398835149,171902398837838,171902398850243,171902398850323,265650,93825186940240,4375639744,7,2732,1151,14061
171902416084078,171902416104767,171902416116270,171902416118807,171902416132021,171902416132104,265650,93825186940240,4375639744,7,2732,1151,14062
171902424323578,171902424343304,171902424354851,171902424357253,171902424367931,171902424368002,265650,93825186940240,4375639744,7,2732,1151,14063
171902432731227,171902432753759,171902432765449,171902432768204,171902432784922,171902432784999,265650,93825186940240,4375639744,7,2732,1151,14064
171902441104530,171902441126238,171902441137813,171902441140338,171902441156169,171902441156241,265650,93825186940240,4375639744,7,2732,1151,14065
171902449353572,171902449380269,171902449393288,171902449396219,171902449408808,171902449408885,265650,93825186940240,4375639744,7,2732,1151,14066
