start,geometry,clip,blit,flush,end,hwnd,surface,thread,outcome,width,height,commit
171883162802271,171883162825180,171883162835944,171883162838058,171883162851152,171883162851250,265650,93825186940240,4375639744,7,2732,1151,11902
171883171125320,171883171140467,171883171150625,171883171152441,171883171160169,171883171160236,265650,93825186940240,4375639744,7,2732,1151,11903
171883179702456,171883179722404,171883179736084,171883179738836,171883179746029,171883179746101,265650,93825186940240,4375639744,7,2732,1151,11904
171883188038903,171883188053559,171883188064415,171883188066517,171883188071351,171883188071542,265650,93825186940240,4375639744,7,2732,1151,11905
171883196367808,171883196384631,171883196397964,171883196399840,171883196404935,171883196405137,265650,93825186940240,4375639744,7,2732,1151,11906
171883204715896,171883204735280,171883204746822,171883204749783,171883204759268,171883204759358,265650,93825186940240,4375639744,7,2732,1151,11907
171883213043141,171883213053893,171883213062642,171883213063887,171883213067942,171883213068009,265650,93825186940240,4375639744,7,2732,1151,11908
171883222297840,171883222306641,171883222314828,171883222316252,171883222319418,171883222319479,265650,93825186940240,4375639744,7,2732,1151,11909
171883230661813,171883230686286,171883230699709,171883230704735,171883230717021,171883230717104,265650,93825186940240,4375639744,7,2732,1151,11910
171883238975240,171883238988651,171883238998472,171883239003340,171883239007706,171883239007773,265650,93825186940240,4375639744,7,2732,1151,11911
171883253749759,171883253781952,171883253800505,171883253804397,171883253808236,171883253808312,265650,93825186940240,4375639744,7,2732,1151,11912
171883262033804,171883262048645,171883262059479,171883262061592,171883262071017,171883262071089,265650,93825186940240,4375639744,7,2732,1151,11913
171883270398950,171883270416883,171883270428156,171883270430670,171883270444318,171883270444393,265650,93825186940240,4375639744,7,2732,1151,11914
171883278676950,171883278693913,171883278704728,171883278706590,171883278714269,171883278714346,265650,93825186940240,4375639744,7,2732,1151,11915
171883287043130,171883287059959,171883287070624,171883287072658,171883287081623,171883287081678,265650,93825186940240,4375639744,7,2732,1151,11916
171883295409557,171883295425567,171883295436009,171883295437963,171883295449911,171883295450006,265650,93825186940240,4375639744,7,2732,1151,11917
171883303691891,171883303708772,171883303719173,171883303721161,171883303731588,171883303731662,265650,93825186940240,4375639744,7,2732,1151,11918
171883312045082,171883312064752,171883312075230,171883312077336,171883312085783,171883312085829,265650,93825186940240,4375639744,7,2732,1151,11919
171883320360971,171883320379023,171883320389421,171883320391674,171883320400441,171883320400520,265650,93825186940240,4375639744,7,2732,1151,11920
171883328757712,171883328781986,171883328794523,171883328797906,171883328810399,171883328810494,265650,93825186940240,4375639744,7,2732,1151,11921
171883337039493,171883337058093,171883337069027,171883337070936,171883337077880,171883337077955,265650,93825186940240,4375639744,7,2732,1151,11922
171883345367180,171883345384316,171883345396183,171883345398289,171883345404909,171883345404975,265650,93825186940240,4375639744,7,2732,1151,11923
171883353702041,171883353718071,171883353728582,171883353730370,171883353744922,171883353744997,265650,93825186940240,4375639744,7,2732,1151,11924
171883362046451,171883362063646,171883362074970,171883362077068,171883362084508,171883362084588,265650,93825186940240,4375639744,7,2732,1151,11925
171883370367921,171883370384205,171883370394562,171883370396293,171883370406725,171883370406770,265650,93825186940240,4375639744,7,2732,1151,11926
171883378739478,171883378756214,171883378767246,171883378769088,171883378777755,171883378777817,265650,93825186940240,4375639744,7,2732,1151,11927
171883387049411,171883387067412,171883387078352,171883387080329,171883387088680,171883387088758,265650,93825186940240,4375639744,7,2732,1151,11928
171883395443880,171883395466468,171883395477954,171883395481255,171883395496875,171883395496936,265650,93825186940240,4375639744,7,2732,1151,11929
171883403739449,171883403756623,171883403767572,171883403769828,171883403778974,171883403779124,265650,93825186940240,4375639744,7,2732,1151,11930
171883412046830,171883412065669,171883412077435,171883412079681,171883412086683,171883412086782,265650,93825186940240,4375639744,7,2732,1151,11931
171883420404731,171883420425999,171883420437861,171883420440890,171883420452601,171883420452672,265650,93825186940240,4375639744,7,2732,1151,11932
171883428759125,171883428777540,171883428788029,171883428790185,171883428798802,171883428798866,265650,93825186940240,4375639744,7,2732,1151,11933
171883437038448,171883437053941,171883437064498,171883437066407,171883437074137,171883437074201,265650,93825186940240,4375639744,7,2732,1151,11934
171883445372592,171883445394484,171883445405916,171883445408160,171883445413177,171883445413229,265650,93825186940240,4375639744,7,2732,1151,11935
171883453709331,171883453725966,171883453736721,171883453738589,171883453742173,171883453742228,265650,93825186940240,4375639744,7,2732,1151,11936
171883462036733,171883462054941,171883462066023,171883462067890,171883462076654,171883462076754,265650,93825186940240,4375639744,7,2732,1151,11937
171883470375159,171883470391903,171883470403014,171883470405009,171883470415273,171883470415368,265650,93825186940240,4375639744,7,2732,1151,11938
171883478708649,171883478727139,171883478738300,171883478740367,171883478746556,171883478746630,265650,93825186940240,4375639744,7,2732,1151,11939
171883487097272,171883487114096,171883487125260,171883487127684,171883487135279,171883487135372,265650,93825186940240,4375639744,7,2732,1151,11940
171883495431421,171883495446567,171883495458455,171883495460832,171883495470243,171883495470337,265650,93825186940240,4375639744,7,2732,1151,11941
171883503705581,171883503720703,171883503731376,171883503733198,171883503741284,171883503741360,265650,93825186940240,4375639744,7,2732,1151,11942
171883512038915,171883512056289,171883512067356,171883512068916,171883512076283,171883512076347,265650,93825186940240,4375639744,7,2732,1151,11943
171883520417388,171883520434292,171883520445253,171883520447504,171883520456146,171883520456220,265650,93825186940240,4375639744,7,2732,1151,11944
171883528756335,171883528772455,171883528783633,171883528786259,171883528794402,171883528794476,265650,93825186940240,4375639744,7,2732,1151,11945
171883537058290,171883537076001,171883537086846,171883537088916,171883537093419,171883537093481,265650,93825186940240,4375639744,7,2732,1151,11946
171883545395043,171883545410808,171883545422666,171883545425654,171883545433175,171883545433237,265650,93825186940240,4375639744,7,2732,1151,11947
171883553766412,171883553782796,171883553793642,171883553795251,171883553803500,171883553803550,265650,93825186940240,4375639744,7,2732,1151,11948
171883562040673,171883562056382,171883562067473,171883562069309,171883562075016,171883562075087,265650,93825186940240,4375639744,7,2732,1151,11949
171883570381137,171883570397514,171883570408107,171883570419858,171883570428527,171883570428588,265650,93825186940240,4375639744,7,2732,1151,11950
171883578747077,171883578763548,171883578774335,171883578776153,171883578783584,171883578783639,265650,93825186940240,4375639744,7,2732,1151,11951
171883587063569,171883587080438,171883587090910,171883587092786,171883587100912,171883587100968,265650,93825186940240,4375639744,7,2732,1151,11952
171883595380090,171883595397492,171883595408905,171883595411783,171883595423126,171883595423194,265650,93825186940240,4375639744,7,2732,1151,11953
171883603737941,171883603754805,171883603765933,171883603767776,171883603777003,171883603777063,265650,93825186940240,4375639744,7,2732,1151,11954
171883612089273,171883612105417,171883612116707,171883612118600,171883612127066,171883612127124,265650,93825186940240,4375639744,7,2732,1151,11955
171883620421322,171883620437451,171883620447891,171883620449762,171883620457896,171883620457948,265650,93825186940240,4375639744,7,2732,1151,11956
171883628719885,171883628736255,171883628746819,171883628748989,171883628757716,171883628757770,265650,93825186940240,4375639744,7,2732,1151,11957
171883637060361,171883637078255,171883637090010,171883637092257,171883637099397,171883637099499,265650,93825186940240,4375639744,7,2732,1151,11958
171883645417548,171883645436225,171883645447464,171883645449580,171883645457581,171883645457654,265650,93825186940240,4375639744,7,2732,1151,11959
171883653759794,171883653777949,171883653788865,171883653791372,171883653799814,171883653799886,265650,93825186940240,4375639744,7,2732,1151,11960
171883662059520,171883662077985,171883662089126,171883662091270,171883662096618,171883662096707,265650,93825186940240,4375639744,7,2732,1151,11961
171883670386592,171883670402639,171883670413284,171883670415486,171883670422487,171883670422557,265650,93825186940240,4375639744,7,2732,1151,11962
171883678762693,171883678778658,171883678789262,171883678790969,171883678797933,171883678798021,265650,93825186940240,4375639744,7,2732,1151,11963
171883687048239,171883687065159,171883687076468,171883687078430,171883687085766,171883687085839,265650,93825186940240,4375639744,7,2732,1151,11964
171883695427712,171883695445341,171883695456156,171883695458103,171883695464582,171883695464635,265650,93825186940240,4375639744,7,2732,1151,11965
171883703713314,171883703731109,171883703741789,171883703743738,171883703750876,171883703750942,265650,93825186940240,4375639744,7,2732,1151,11966
171883712072243,171883712102340,171883712113633,171883712115892,171883712124525,171883712124604,265650,93825186940240,4375639744,7,2732,1151,11967
171883720481506,171883720504353,171883720516298,171883720519808,171883720531345,171883720531411,265650,93825186940240,4375639744,7,2732,1151,11968
171883728725635,171883728741190,171883728773317,171883728775339,171883728785030,171883728785110,265650,93825186940240,4375639744,7,2732,1151,11969
171883737124690,171883737141822,171883737152935,171883737155052,171883737162854,171883737162917,265650,93825186940240,4375639744,7,2732,1151,11970
171883745415602,171883745432150,171883745443012,171883745445248,171883745452768,171883745452844,265650,93825186940240,4375639744,7,2732,1151,11971
171883753735751,171883753753202,171883753764742,171883753767292,171883753774851,171883753774963,265650,93825186940240,4375639744,7,2732,1151,11972
171883762066789,171883762083938,171883762095098,171883762097448,171883762104531,171883762104623,265650,93825186940240,4375639744,7,2732,1151,11973
171883770350996,171883770369230,171883770380379,171883770382852,171883770391532,171883770391753,265650,93825186940240,4375639744,7,2732,1151,11974
171883778783791,171883778801787,171883778816383,171883778818454,171883778825891,171883778826083,265650,93825186940240,4375639744,7,2732,1151,11975
171883787235387,171883787252371,171883787264011,171883787265292,171883787270138,171883787270226,265650,93825186940240,4375639744,7,2732,1151,11976
171883795403042,171883795415310,171883795426102,171883795427204,171883795434673,171883795434767,265650,93825186940240,4375639744,7,2732,1151,11977
171883803830208,171883803864829,171883803875562,171883803876514,171883803881300,171883803881417,265650,93825186940240,4375639744,7,2732,1151,11978
171883812070361,171883812080184,171883812088375,171883812089272,171883812094131,171883812094201,265650,93825186940240,4375639744,7,2732,1151,11979
171883820552611,171883820568584,171883820579774,171883820581651,171883820585897,171883820585978,265650,93825186940240,4375639744,7,2732,1151,11980
171883828793991,171883828807269,171883828817910,171883828819420,171883828827174,171883828827265,265650,93825186940240,4375639744,7,2732,1151,11981
171883837184449,171883837196127,171883837206440,171883837207316,171883837212712,171883837212799,265650,93825186940240,4375639744,7,2732,1151,11982
171883845456920,171883845467995,171883845477025,171883845478154,171883845484721,171883845484794,265650,93825186940240,4375639744,7,2732,1151,11983
171883853832109,171883853843697,171883853854097,171883853854924,171883853861113,171883853861200,265650,93825186940240,4375639744,7,2732,1151,11984
171883862138318,171883862150126,171883862160397,171883862161345,171883862166618,171883862166701,265650,93825186940240,4375639744,7,2732,1151,11985
171883870515454,171883870556730,171883870566986,171883870567941,171883870574159,171883870574249,265650,93825186940240,4375639744,7,2732,1151,11986
171883878670975,171883878680469,171883878688646,171883878689343,171883878693745,171883878693808,265650,93825186940240,4375639744,7,2732,1151,11987
171883887183428,171883887195616,171883887205865,171883887206785,171883887212777,171883887212863,265650,93825186940240,4375639744,7,2732,1151,11988
171883895453943,171883895463965,171883895472724,171883895473448,171883895478759,171883895478817,265650,93825186940240,4375639744,7,2732,1151,11989
171883903790098,171883903801577,171883903811632,171883903812470,171883903817787,171883903817879,265650,93825186940240,4375639744,7,2732,1151,11990
171883912048546,171883912057922,171883912065768,171883912066426,171883912070148,171883912070196,265650,93825186940240,4375639744,7,2732,1151,11991
171883920461531,171883920471471,171883920479589,171883920480387,171883920485991,171883920486043,265650,93825186940240,4375639744,7,2732,1151,11992
171883928717212,171883928729696,171883928739965,171883928740937,171883928748594,171883928748662,265650,93825186940240,4375639744,7,2732,1151,11993
171883937192226,171883937242118,171883937252104,171883937253059,171883937260213,171883937260284,265650,93825186940240,4375639744,7,2732,1151,11994
171883945400945,171883945420746,171883945432294,171883945435089,171883945443878,171883945443987,265650,93825186940240,4375639744,7,2732,1151,11995
171883953923652,171883953938942,171883953952389,171883953954130,171883953961820,171883953961907,265650,93825186940240,4375639744,7,2732,1151,11996
171883962125966,171883962136060,171883962144969,171883962145856,171883962151319,171883962151382,265650,93825186940240,4375639744,7,2732,1151,11997
171883970418228,171883970427509,171883970435873,171883970436508,171883970441691,171883970441765,265650,93825186940240,4375639744,7,2732,1151,11998
171883978730500,171883978741003,171883978749088,171883978749874,171883978754450,171883978754512,265650,93825186940240,4375639744,7,2732,1151,11999
171883987234489,171883987249065,171883987260279,171883987261554,171883987269111,171883987269200,265650,93825186940240,4375639744,7,2732,1151,12000
171883995449677,171883995459349,171883995467681,171883995468613,171883995475150,171883995475231,265650,93825186940240,4375639744,7,2732,1151,12001
171884003788035,171884003807521,171884003818498,171884003820975,171884003831740,171884003831820,265650,93825186940240,4375639744,7,2732,1151,12002
171884012065543,171884012082206,171884012094122,171884012096329,171884012102138,171884012102227,265650,93825186940240,4375639744,7,2732,1151,12003
171884020395611,171884020411160,171884020421767,171884020423681,171884020428692,171884020428755,265650,93825186940240,4375639744,7,2732,1151,12004
171884028726928,171884028742373,171884028753205,171884028755007,171884028761618,171884028761679,265650,93825186940240,4375639744,7,2732,1151,12005
171884037053570,171884037070123,171884037080835,171884037082618,171884037087816,171884037087879,265650,93825186940240,4375639744,7,2732,1151,12006
171884045388081,171884045404791,171884045415113,171884045416861,171884045422624,171884045422713,265650,93825186940240,4375639744,7,2732,1151,12007
171884053798928,171884053817404,171884053829401,171884053831514,171884053837971,171884053838084,265650,93825186940240,4375639744,7,2732,1151,12008
171884062079624,171884062096674,171884062107487,171884062109380,171884062117778,171884062117863,265650,93825186940240,4375639744,7,2732,1151,12009
171884070417665,171884070439767,171884070451736,171884070454453,171884070461907,171884070461986,265650,93825186940240,4375639744,7,2732,1151,12010
171884078714490,171884078729365,171884078740167,171884078741853,171884078749052,171884078749118,265650,93825186940240,4375639744,7,2732,1151,12011
171884087070849,171884087087609,171884087098365,171884087100083,171884087107656,171884087107721,265650,93825186940240,4375639744,7,2732,1151,12012
171884095590059,171884095604294,171884095615558,171884095617112,171884095624792,171884095624876,265650,93825186940240,4375639744,7,2732,1151,12013
171884103857793,171884103887183,171884103897692,171884103898844,171884103904107,171884103904182,265650,93825186940240,4375639744,7,2732,1151,12014
171884112176513,171884112190188,171884112200772,171884112201919,171884112207414,171884112207486,265650,93825186940240,4375639744,7,2732,1151,12015
171884120538104,171884120565287,171884120575562,171884120576686,171884120583724,171884120583801,265650,93825186940240,4375639744,7,2732,1151,12016
171884128858721,171884128873863,171884128884982,171884128886591,171884128893679,171884128893771,265650,93825186940240,4375639744,7,2732,1151,12017
171884137087981,171884137098206,171884137107150,171884137108091,171884137113133,171884137113207,265650,93825186940240,4375639744,7,2732,1151,12018
171884145473789,171884145486162,171884145495523,171884145496688,171884145503522,171884145503587,265650,93825186940240,4375639744,7,2732,1151,12019
171884153781439,171884153794178,171884153805021,171884153806339,171884153814340,171884153814406,265650,93825186940240,4375639744,7,2732,1151,12020
171884162138826,171884162150698,171884162160930,171884162162200,171884162168936,171884162169003,265650,93825186940240,4375639744,7,2732,1151,12021
171884170453400,171884170463740,171884170472129,171884170472898,171884170478830,171884170478888,265650,93825186940240,4375639744,7,2732,1151,12022
171884178840303,171884178852391,171884178862743,171884178863719,171884178868209,171884178868283,265650,93825186940240,4375639744,7,2732,1151,12023
171884187181126,171884187192887,171884187203035,171884187203898,171884187209042,171884187209117,265650,93825186940240,4375639744,7,2732,1151,12024
171884195520734,171884195561539,171884195571769,171884195572825,171884195579792,171884195579869,265650,93825186940240,4375639744,7,2732,1151,12025
171884203887650,171884203907342,171884203918022,171884203919351,171884203927651,171884203927722,265650,93825186940240,4375639744,7,2732,1151,12026
171884212226076,171884212266357,171884212277112,171884212278548,171884212286300,171884212286366,265650,93825186940240,4375639744,7,2732,1151,12027
171884220490231,171884220503103,171884220511449,171884220513116,171884220522669,171884220522723,265650,93825186940240,4375639744,7,2732,1151,12028
171884229232076,171884229248898,171884229261052,171884229264047,171884229267492,171884229267578,265650,93825186940240,4375639744,7,2732,1151,12029
171884237640344,171884237660107,171884237671344,171884237673835,171884237683600,171884237683679,265650,93825186940240,4375639744,7,2732,1151,12030
171884245916203,171884245935727,171884245947030,171884245949747,171884245959058,171884245959154,265650,93825186940240,4375639744,7,2732,1151,12031
171884254198216,171884254215708,171884254226727,171884254228770,171884254234301,171884254234390,265650,93825186940240,4375639744,7,2732,1151,12032
171884262615786,171884262637500,171884262649420,171884262652183,171884262659246,171884262659325,265650,93825186940240,4375639744,7,2732,1151,12033
171884270853726,171884270870484,171884270881262,171884270883219,171884270887466,171884270887540,265650,93825186940240,4375639744,7,2732,1151,12034
171884279185414,171884279201426,171884279212328,171884279214206,171884279218611,171884279218684,265650,93825186940240,4375639744,7,2732,1151,12035
171884287547336,171884287570464,171884287583654,171884287586493,171884287593510,171884287593575,265650,93825186940240,4375639744,7,2732,1151,12036
171884295849987,171884295865546,171884295876211,171884295878015,171884295881663,171884295881739,265650,93825186940240,4375639744,7,2732,1151,12037
171884304196453,171884304211571,171884304222171,171884304224024,171884304229373,171884304229454,265650,93825186940240,4375639744,7,2732,1151,12038
171884312551968,171884312568646,171884312579382,171884312581348,171884312588417,171884312588502,265650,93825186940240,4375639744,7,2732,1151,12039
171884320904340,171884320922033,171884320933212,171884320935780,171884320944433,171884320944522,265650,93825186940240,4375639744,7,2732,1151,12040
171884329196935,171884329213373,171884329224451,171884329226623,171884329231468,171884329231523,265650,93825186940240,4375639744,7,2732,1151,12041
171884337557696,171884337574021,171884337584756,171884337586844,171884337591763,171884337591831,265650,93825186940240,4375639744,7,2732,1151,12042
171884345904471,171884345921107,171884345931771,171884345933862,171884345938459,171884345938528,265650,93825186940240,4375639744,7,2732,1151,12043
171884354195883,171884354212313,171884354232450,171884354234440,171884354239422,171884354239506,265650,93825186940240,4375639744,7,2732,1151,12044
171884362571339,171884362587343,171884362597873,171884362599617,171884362608399,171884362608468,265650,93825186940240,4375639744,7,2732,1151,12045
171884370874107,171884370891602,171884370902557,171884370904565,171884370911167,171884370911238,265650,93825186940240,4375639744,7,2732,1151,12046
171884379201067,171884379216367,171884379227100,171884379229088,171884379235830,171884379235904,265650,93825186940240,4375639744,7,2732,1151,12047
171884387538889,171884387554893,171884387566160,171884387568678,171884387579142,171884387579225,265650,93825186940240,4375639744,7,2732,1151,12048
171884395862997,171884395879539,171884395890657,171884395892724,171884395897726,171884395897779,265650,93825186940240,4375639744,7,2732,1151,12049
171884404195299,171884404210601,171884404221297,171884404223263,171884404228112,171884404228191,265650,93825186940240,4375639744,7,2732,1151,12050
171884412539456,171884412556225,171884412567169,171884412569008,171884412576161,171884412576243,265650,93825186940240,4375639744,7,2732,1151,12051
171884420884183,171884420904486,171884420915789,171884420918425,171884420927937,171884420928005,265650,93825186940240,4375639744,7,2732,1151,12052
171884429265373,171884429296866,171884429308751,171884429311627,171884429321780,171884429321873,265650,93825186940240,4375639744,7,2732,1151,12053
171884437543021,171884437560033,171884437571631,171884437573807,171884437580389,171884437580467,265650,93825186940240,4375639744,7,2732,1151,12054
171884445872444,171884445890448,171884445901552,171884445903522,171884445907526,171884445907610,265650,93825186940240,4375639744,7,2732,1151,12055
171884454208975,171884454224850,171884454236552,171884454238499,171884454244976,171884454245042,265650,93825186940240,4375639744,7,2732,1151,12056
171884462580903,171884462595970,171884462606662,171884462608709,171884462614953,171884462615021,265650,93825186940240,4375639744,7,2732,1151,12057
171884470888228,171884470906566,171884470917455,171884470919375,171884470925940,171884470926016,265650,93825186940240,4375639744,7,2732,1151,12058
171884479216921,171884479235602,171884479246940,171884479249143,171884479256685,171884479256763,265650,93825186940240,4375639744,7,2732,1151,12059
171884487561245,171884487583906,171884487597350,171884487600502,171884487613215,171884487613297,265650,93825186940240,4375639744,7,2732,1151,12060
171884495926879,171884495948988,171884495961877,171884495964988,171884495972337,171884495972405,265650,93825186940240,4375639744,7,2732,1151,12061
171884504220850,171884504238376,171884504250210,171884504252390,171884504258659,171884504258720,265650,93825186940240,4375639744,7,2732,1151,12062
171884512563294,171884512586343,171884512598332,171884512601328,171884512612760,171884512612832,265650,93825186940240,4375639744,7,2732,1151,12063
171884520896242,171884520916954,171884520929281,171884520932449,171884520946970,171884520947047,265650,93825186940240,4375639744,7,2732,1151,12064
171884529197602,171884529213099,171884529223420,171884529225384,171884529245837,171884529245904,265650,93825186940240,4375639744,7,2732,1151,12065
171884537534586,171884537550865,171884537561984,171884537563891,171884537570137,171884537570202,265650,93825186940240,4375639744,7,2732,1151,12066
171884545955699,171884545977266,171884545988828,171884545991290,171884546002728,171884546002794,265650,93825186940240,4375639744,7,2732,1151,12067
171884554224938,171884554240506,171884554252131,171884554254044,171884554261678,171884554261737,265650,93825186940240,4375639744,7,2732,1151,12068
171884562560752,171884562579840,171884562590808,171884562593516,171884562600262,171884562600314,265650,93825186940240,4375639744,7,2732,1151,12069
171884570907791,171884570923152,171884570934023,171884570935704,171884570942850,171884570943012,265650,93825186940240,4375639744,7,2732,1151,12070
171884579212370,171884579229492,171884579240413,171884579242455,171884579247569,171884579247652,265650,93825186940240,4375639744,7,2732,1151,12071
171884587540084,171884587556760,171884587568030,171884587569768,171884587576166,171884587576232,265650,93825186940240,4375639744,7,2732,1151,12072
171884595907596,171884595924912,171884595936149,171884595938494,171884595946773,171884595946849,265650,93825186940240,4375639744,7,2732,1151,12073
171884604220292,171884604238134,171884604249195,171884604251091,171884604256876,171884604256953,265650,93825186940240,4375639744,7,2732,1151,12074
171884612545040,171884612562591,171884612574061,171884612575977,171884612583479,171884612583553,265650,93825186940240,4375639744,7,2732,1151,12075
171884620932413,171884620955765,171884620968010,171884620970882,171884620981962,171884620982049,265650,93825186940240,4375639744,7,2732,1151,12076
171884629258131,171884629271520,171884629282424,171884629284552,171884629292099,171884629292182,265650,93825186940240,4375639744,7,2732,1151,12077
171884637549082,171884637567014,171884637578822,171884637580827,171884637586415,171884637586487,265650,93825186940240,4375639744,7,2732,1151,12078
171884645877188,171884645894018,171884645905268,171884645907350,171884645913708,171884645913781,265650,93825186940240,4375639744,7,2732,1151,12079
171884654206751,171884654222655,171884654233534,171884654235237,171884654240090,171884654240187,265650,93825186940240,4375639744,7,2732,1151,12080
171884662545408,171884662560798,171884662571762,171884662573535,171884662579456,171884662579662,265650,93825186940240,4375639744,7,2732,1151,12081
171884670888913,171884670907059,171884670917457,171884670919343,171884670924516,171884670924576,265650,93825186940240,4375639744,7,2732,1151,12082
171884679171986,171884679190931,171884679201852,171884679204053,171884679212675,171884679212765,265650,93825186940240,4375639744,7,2732,1151,12083
171884687535187,171884687549999,171884687561405,171884687563550,171884687569852,171884687569910,265650,93825186940240,4375639744,7,2732,1151,12084
171884695895719,171884695914632,171884695926884,171884695929598,171884695936072,171884695936140,265650,93825186940240,4375639744,7,2732,1151,12085
171884704218703,171884704235664,171884704246245,171884704248207,171884704256394,171884704256478,265650,93825186940240,4375639744,7,2732,1151,12086
171884712564811,171884712582059,171884712593486,171884712595821,171884712602833,171884712602878,265650,93825186940240,4375639744,7,2732,1151,12087
171884720885000,171884720901658,171884720913619,171884720915682,171884720925911,171884720925975,265650,93825186940240,4375639744,7,2732,1151,12088
171884729203012,171884729217789,171884729228848,171884729230925,171884729236533,171884729236598,265650,93825186940240,4375639744,7,2732,1151,12089
171884737553323,171884737569922,171884737580609,171884737582317,171884737591668,171884737591732,265650,93825186940240,4375639744,7,2732,1151,12090
171884745936143,171884745953551,171884745964619,171884745966631,171884745972214,171884745972276,265650,93825186940240,4375639744,7,2732,1151,12091
171884754210255,171884754225294,171884754236801,171884754238977,171884754245319,171884754245374,265650,93825186940240,4375639744,7,2732,1151,12092
171884762565950,171884762585465,171884762598243,171884762600882,171884762610570,171884762610615,265650,93825186940240,4375639744,7,2732,1151,12093
171884770885863,171884770905480,171884770917781,171884770920694,171884770927619,171884770927684,265650,93825186940240,4375639744,7,2732,1151,12094
171884779270231,171884779285154,171884779296448,171884779297863,171884779304926,171884779305021,265650,93825186940240,4375639744,7,2732,1151,12095
171884787647084,171884787705245,171884787715922,171884787717210,171884787724036,171884787724124,265650,93825186940240,4375639744,7,2732,1151,12096
171884796028488,171884796074021,171884796084579,171884796085963,171884796092891,171884796092961,265650,93825186940240,4375639744,7,2732,1151,12097
171884804212468,171884804223074,171884804231394,171884804232485,171884804238051,171884804238103,265650,93825186940240,4375639744,7,2732,1151,12098
171884812640120,171884812652589,171884812663309,171884812664599,171884812670579,171884812670649,265650,93825186940240,4375639744,7,2732,1151,12099
171884820909030,171884820917912,171884820925794,171884820926571,171884820931441,171884820931493,265650,93825186940240,4375639744,7,2732,1151,12100
171884829275148,171884829287230,171884829297704,171884829298647,171884829303465,171884829303542,265650,93825186940240,4375639744,7,2732,1151,12101
171884837581871,171884837591099,171884837598999,171884837599924,171884837605002,171884837605059,265650,93825186940240,4375639744,7,2732,1151,12102
171884845940468,171884845959780,171884845971152,171884845973668,171884845985540,171884845985735,265650,93825186940240,4375639744,7,2732,1151,12103
171884854227940,171884854245116,171884854256228,171884854258053,171884854268170,171884854268251,265650,93825186940240,4375639744,7,2732,1151,12104
171884862608638,171884862622858,171884862633887,171884862635744,171884862642619,171884862642692,265650,93825186940240,4375639744,7,2732,1151,12105
171884870889020,171884870904576,171884870915321,171884870917113,171884870927805,171884870927873,265650,93825186940240,4375639744,7,2732,1151,12106
171884879218691,171884879232398,171884879243108,171884879245279,171884879252152,171884879252213,265650,93825186940240,4375639744,7,2732,1151,12107
171884887592910,171884887614252,171884887630808,171884887632574,171884887642714,171884887642774,265650,93825186940240,4375639744,7,2732,1151,12108
171884895942658,171884895959745,171884895970525,171884895972386,171884895982125,171884895982171,265650,93825186940240,4375639744,7,2732,1151,12109
171884904216373,171884904232833,171884904243286,171884904245093,171884904251954,171884904252019,265650,93825186940240,4375639744,7,2732,1151,12110
171884912607616,171884912623769,171884912634445,171884912636414,171884912644704,171884912644777,265650,93825186940240,4375639744,7,2732,1151,12111
171884920885204,171884920901746,171884920912828,171884920914690,171884920924002,171884920924061,265650,93825186940240,4375639744,7,2732,1151,12112
171884929218013,171884929232110,171884929242562,171884929244464,171884929251483,171884929251544,265650,93825186940240,4375639744,7,2732,1151,12113
171884937579136,171884937590820,171884937600915,171884937602579,171884937610663,171884937610723,265650,93825186940240,4375639744,7,2732,1151,12114
171884945871225,171884945885641,171884945896017,171884945897688,171884945902286,171884945902375,265650,93825186940240,4375639744,7,2732,1151,12115
171884954203378,171884954216320,171884954227100,171884954228943,171884954233108,171884954233164,265650,93825186940240,4375639744,7,2732,1151,12116
171884962533744,171884962546808,171884962557029,171884962558313,171884962562100,171884962562170,265650,93825186940240,4375639744,7,2732,1151,12117
171884970873277,171884970887798,171884970899611,171884970902003,171884970908901,171884970908965,265650,93825186940240,4375639744,7,2732,1151,12118
171884979224638,171884979239828,171884979250178,171884979251827,171884979261442,171884979261503,265650,93825186940240,4375639744,7,2732,1151,12119
171884987597245,171884987620694,171884987633710,171884987637346,171884987648708,171884987648816,265650,93825186940240,4375639744,7,2732,1151,12120
171884995906914,171884995924517,171884995935983,171884995938300,171884995953469,171884995953672,265650,93825186940240,4375639744,7,2732,1151,12121
171885004272197,171885004290165,171885004300286,171885004302569,171885004309423,171885004309511,265650,93825186940240,4375639744,7,2732,1151,12122
171885012775390,171885012792519,171885012804374,171885012807483,171885012815423,171885012815502,265650,93825186940240,4375639744,7,2732,1151,12123
171885021079336,171885021102186,171885021113841,171885021116535,171885021128364,171885021128446,265650,93825186940240,4375639744,7,2732,1151,12124
171885029266019,171885029286756,171885029298647,171885029301608,171885029312743,171885029312856,265650,93825186940240,4375639744,7,2732,1151,12125
171885037585562,171885037605235,171885037616955,171885037620926,171885037635136,171885037635231,265650,93825186940240,4375639744,7,2732,1151,12126
171885045902633,171885045920533,171885045931806,171885045933951,171885045943141,171885045943224,265650,93825186940240,4375639744,7,2732,1151,12127
171885054242358,171885054260831,171885054272059,171885054274198,171885054282330,171885054282390,265650,93825186940240,4375639744,7,2732,1151,12128
171885062567727,171885062587542,171885062607842,171885062611059,171885062617197,171885062617259,265650,93825186940240,4375639744,7,2732,1151,12129
171885070899098,171885070916500,171885070927331,171885070929614,171885070936978,171885070937040,265650,93825186940240,4375639744,7,2732,1151,12130
171885079218399,171885079233873,171885079244628,171885079246476,171885079250189,171885079250250,265650,93825186940240,4375639744,7,2732,1151,12131
171885087645307,171885087660212,171885087671760,171885087673354,171885087677151,171885087677246,265650,93825186940240,4375639744,7,2732,1151,12132
171885096044812,171885096080331,171885096090954,171885096091920,171885096096375,171885096096461,265650,93825186940240,4375639744,7,2732,1151,12133
171885104331255,171885104343123,171885104353805,171885104354735,171885104358590,171885104358668,265650,93825186940240,4375639744,7,2732,1151,12134
171885112635354,171885112648721,171885112659514,171885112661082,171885112668543,171885112668628,265650,93825186940240,4375639744,7,2732,1151,12135
171885121049492,171885121071560,171885121082361,171885121083734,171885121092929,171885121093018,265650,93825186940240,4375639744,7,2732,1151,12136
171885129260187,171885129272958,171885129283979,171885129284893,171885129289727,171885129289810,265650,93825186940240,4375639744,7,2732,1151,12137
171885137591179,171885137601289,171885137609985,171885137610707,171885137614583,171885137614649,265650,93825186940240,4375639744,7,2732,1151,12138
171885145944893,171885145971152,171885145993349,171885145995955,171885146006463,171885146006810,265650,93825186940240,4375639744,7,2732,1151,12139
171885154230276,171885154246828,171885154257989,171885154260035,171885154270411,171885154270464,265650,93825186940240,4375639744,7,2732,1151,12140
171885162614857,171885162631599,171885162642140,171885162643827,171885162650146,171885162650217,265650,93825186940240,4375639744,7,2732,1151,12141
171885170891832,171885170909249,171885170919779,171885170921473,171885170926270,171885170926351,265650,93825186940240,4375639744,7,2732,1151,12142
171885179227430,171885179240930,171885179251296,171885179253104,171885179258131,171885179258252,265650,93825186940240,4375639744,7,2732,1151,12143
171885187579701,171885187598987,171885187610313,171885187612549,171885187625807,171885187625885,265650,93825186940240,4375639744,7,2732,1151,12144
171885195924746,171885195945970,171885195957818,171885195960476,171885195974446,171885195974514,265650,93825186940240,4375639744,7,2732,1151,12145
171885204231083,171885204247892,171885204258805,171885204260516,171885204267330,171885204267390,265650,93825186940240,4375639744,7,2732,1151,12146
171885212570175,171885212587809,171885212599366,171885212601152,171885212607398,171885212607468,265650,93825186940240,4375639744,7,2732,1151,12147
171885220950429,171885220967507,171885220978577,171885220980987,171885220986228,171885220986291,265650,93825186940240,4375639744,7,2732,1151,12148
171885229231662,171885229256172,171885229267245,171885229269146,171885229274862,171885229274904,265650,93825186940240,4375639744,7,2732,1151,12149
171885237565661,171885237583087,171885237595666,171885237598857,171885237618307,171885237618376,265650,93825186940240,4375639744,7,2732,1151,12150
171885245907562,171885245922627,171885245933329,171885245935253,171885245940559,171885245940624,265650,93825186940240,4375639744,7,2732,1151,12151
171885254273375,171885254292784,171885254303946,171885254306445,171885254314887,171885254314955,265650,93825186940240,4375639744,7,2732,1151,12152
171885262614768,171885262633554,171885262645217,171885262647337,171885262669637,171885262669729,265650,93825186940240,4375639744,7,2732,1151,12153
171885270968703,171885270986896,171885270998452,171885271008534,171885271014171,171885271014273,265650,93825186940240,4375639744,7,2732,1151,12154
171885279363372,171885279375662,171885279385373,171885279386782,171885279391729,171885279391789,265650,93825186940240,4375639744,7,2732,1151,12155
171885290643700,171885290659124,171885290670259,171885290671875,171885290678249,171885290678340,265650,93825186940240,4375639744,7,2732,1151,12156
171885304943466,171885304965344,171885304976962,171885304979611,171885304986867,171885304986956,265650,93825186940240,4375639744,7,2732,1151,12157
171885313267553,171885313289024,171885313301624,171885313305710,171885313331755,171885313331834,265650,93825186940240,4375639744,7,2732,1151,12158
171885321614995,171885321636457,171885321647995,171885321650964,171885321661866,171885321661955,265650,93825186940240,4375639744,7,2732,1151,12159
171885329879907,171885329898615,171885329910401,171885329913357,171885329923100,171885329923146,265650,93825186940240,4375639744,7,2732,1151,12160
171885338214890,171885338231492,171885338242546,171885338244453,171885338250716,171885338250768,265650,93825186940240,4375639744,7,2732,1151,12161
171885346556762,171885346573595,171885346584748,171885346587122,171885346592542,171885346592605,265650,93825186940240,4375639744,7,2732,1151,12162
171885354874012,171885354890973,171885354902436,171885354904661,171885354921086,171885354921149,265650,93825186940240,4375639744,7,2732,1151,12163
171885363215404,171885363230854,171885363242477,171885363244618,171885363250034,171885363250094,265650,93825186940240,4375639744,7,2732,1151,12164
171885371575451,171885371617864,171885371629830,171885371632218,171885371638225,171885371638302,265650,93825186940240,4375639744,7,2732,1151,12165
171885379903930,171885379926074,171885379937900,171885379941169,171885379955127,171885379955222,265650,93825186940240,4375639744,7,2732,1151,12166
171885388226282,171885388244609,171885388255846,171885388258006,171885388270171,171885388270233,265650,93825186940240,4375639744,7,2732,1151,12167
171885396549567,171885396568342,171885396579859,171885396581940,171885396592235,171885396592307,265650,93825186940240,4375639744,7,2732,1151,12168
171885404908993,171885404926935,171885404938763,171885404940941,171885404948250,171885404948318,265650,93825186940240,4375639744,7,2732,1151,12169
171885413209634,171885413226820,171885413237949,171885413240016,171885413247180,171885413247239,265650,93825186940240,4375639744,7,2732,1151,12170
171885421576051,171885421602876,171885421615208,171885421618890,171885421637257,171885421637347,265650,93825186940240,4375639744,7,2732,1151,12171
171885429973691,171885429995444,171885430011467,171885430014174,171885430033369,171885430033468,265650,93825186940240,4375639744,7,2732,1151,12172
171885438254326,171885438276385,171885438288087,171885438290710,171885438299647,171885438299732,265650,93825186940240,4375639744,7,2732,1151,12173
171885446616405,171885446632214,171885446643680,171885446645619,171885446657658,171885446657703,265650,93825186940240,4375639744,7,2732,1151,12174
171885454949077,171885454966549,171885454977965,171885454980204,171885454989369,171885454989430,265650,93825186940240,4375639744,7,2732,1151,12175
171885463218996,171885463234479,171885463245408,171885463247254,171885463266767,171885463266816,265650,93825186940240,4375639744,7,2732,1151,12176
171885471552400,171885471573073,171885471585320,171885471588021,171885471597661,171885471597712,265650,93825186940240,4375639744,7,2732,1151,12177
171885479867685,171885479880515,171885479891252,171885479892847,171885479898032,171885479898075,265650,93825186940240,4375639744,7,2732,1151,12178
171885488218643,171885488235058,171885488246112,171885488248113,171885488258325,171885488258393,265650,93825186940240,4375639744,7,2732,1151,12179
171885496548720,171885496561889,171885496572626,171885496574299,171885496582860,171885496582905,265650,93825186940240,4375639744,7,2732,1151,12180
171885504897260,171885504917242,171885504928979,171885504931690,171885504941078,171885504941127,265650,93825186940240,4375639744,7,2732,1151,12181
171885513217839,171885513233258,171885513244009,171885513245658,171885513254102,171885513254161,265650,93825186940240,4375639744,7,2732,1151,12182
171885521553320,171885521569985,171885521589167,171885521591081,171885521598495,171885521598539,265650,93825186940240,4375639744,7,2732,1151,12183
171885529896300,171885529912516,171885529923264,171885529924910,171885529932007,171885529932086,265650,93825186940240,4375639744,7,2732,1151,12184
171885538223813,171885538239464,171885538250343,171885538251772,171885538262671,171885538262724,265650,93825186940240,4375639744,7,2732,1151,12185
171885546608516,171885546626256,171885546637045,171885546638634,171885546645551,171885546645599,265650,93825186940240,4375639744,7,2732,1151,12186
171885554893491,171885554910623,171885554922079,171885554924406,171885554938276,171885554938388,265650,93825186940240,4375639744,7,2732,1151,12187
171885563238896,171885563256999,171885563268289,171885563270543,171885563281827,171885563281905,265650,93825186940240,4375639744,7,2732,1151,12188
171885571569389,171885571587259,171885571598486,171885571600918,171885571609268,171885571609355,265650,93825186940240,4375639744,7,2732,1151,12189
171885579880801,171885579918227,171885579929779,171885579932184,171885579937708,171885579937767,265650,93825186940240,4375639744,7,2732,1151,12190
171885588215657,171885588232475,171885588243300,171885588245225,171885588251821,171885588251892,265650,93825186940240,4375639744,7,2732,1151,12191
171885596559332,171885596576185,171885596587128,171885596588825,171885596594838,171885596595044,265650,93825186940240,4375639744,7,2732,1151,12192
171885604918719,171885604932985,171885604944612,171885604946162,171885604954424,171885604954513,265650,93825186940240,4375639744,7,2732,1151,12193
171885613309695,171885613321959,171885613332665,171885613333791,171885613339070,171885613339158,265650,93825186940240,4375639744,7,2732,1151,12194
171885621612651,171885621632518,171885621644511,171885621646995,171885621656881,171885621656975,265650,93825186940240,4375639744,7,2732,1151,12195
171885629885481,171885629900547,171885629911309,171885629913120,171885629925148,171885629925209,265650,93825186940240,4375639744,7,2732,1151,12196
171885638236627,171885638254126,171885638265372,171885638267174,171885638277479,171885638277576,265650,93825186940240,4375639744,7,2732,1151,12197
171885646593292,171885646610491,171885646621678,171885646624267,171885646632068,171885646632162,265650,93825186940240,4375639744,7,2732,1151,12198
171885654898423,171885654914279,171885654924962,171885654926840,171885654933729,171885654933809,265650,93825186940240,4375639744,7,2732,1151,12199
171885663238126,171885663255581,171885663266667,171885663268539,171885663276271,171885663276326,265650,93825186940240,4375639744,7,2732,1151,12200
171885671569076,171885671586792,171885671597664,171885671599520,171885671608071,171885671608133,265650,93825186940240,4375639744,7,2732,1151,12201
171885679889248,171885679907173,171885679918179,171885679919977,171885679929073,171885679929136,265650,93825186940240,4375639744,7,2732,1151,12202
171885688223381,171885688237374,171885688248106,171885688250100,171885688261335,171885688261419,265650,93825186940240,4375639744,7,2732,1151,12203
171885696554030,171885696568045,171885696578968,171885696580849,171885696589112,171885696589170,265650,93825186940240,4375639744,7,2732,1151,12204
171885704894252,171885704911430,171885704922933,171885704924988,171885704932003,171885704932097,265650,93825186940240,4375639744,7,2732,1151,12205
171885713282361,171885713300512,171885713312658,171885713314434,171885713323203,171885713323264,265650,93825186940240,4375639744,7,2732,1151,12206
171885721562348,171885721579946,171885721590571,171885721592531,171885721599765,171885721599825,265650,93825186940240,4375639744,7,2732,1151,12207
171885729893676,171885729909649,171885729920686,171885729922733,171885729928403,171885729928460,265650,93825186940240,4375639744,7,2732,1151,12208
171885738205592,171885738224160,171885738235325,171885738237592,171885738246274,171885738246362,265650,93825186940240,4375639744,7,2732,1151,12209
171885746569935,171885746587663,171885746598236,171885746599949,171885746606344,171885746606420,265650,93825186940240,4375639744,7,2732,1151,12210
171885754909923,171885754921432,171885754930640,171885754931916,171885754937621,171885754937691,265650,93825186940240,4375639744,7,2732,1151,12211
171885763230227,171885763240679,171885763249031,171885763250120,171885763253976,171885763254044,265650,93825186940240,4375639744,7,2732,1151,12212
171885771554169,171885771564880,171885771573025,171885771573943,171885771577806,171885771577874,265650,93825186940240,4375639744,7,2732,1151,12213
171885779967467,171885779982629,171885779993678,171885779995314,171885780003324,171885780003415,265650,93825186940240,4375639744,7,2732,1151,12214
171885788406280,171885788454630,171885788465330,171885788466452,171885788472671,171885788472750,265650,93825186940240,4375639744,7,2732,1151,12215
171885796602134,171885796612023,171885796619825,171885796620637,171885796624991,171885796625050,265650,93825186940240,4375639744,7,2732,1151,12216
171885804996215,171885805011689,171885805022490,171885805023548,171885805029524,171885805029596,265650,93825186940240,4375639744,7,2732,1151,12217
171885813384478,171885813397004,171885813407657,171885813408768,171885813413943,171885813414015,265650,93825186940240,4375639744,7,2732,1151,12218
171885821623883,171885821639556,171885821650692,171885821652133,171885821658085,171885821658179,265650,93825186940240,4375639744,7,2732,1151,12219
171885829899660,171885829911053,171885829919267,171885829920269,171885829927401,171885829927472,265650,93825186940240,4375639744,7,2732,1151,12220
171885838235817,171885838247239,171885838255885,171885838256884,171885838264480,171885838264560,265650,93825186940240,4375639744,7,2732,1151,12221
171885846670832,171885846684120,171885846695423,171885846696488,171885846702777,171885846702865,265650,93825186940240,4375639744,7,2732,1151,12222
171885854997684,171885855013215,171885855023837,171885855024781,171885855030923,171885855031021,265650,93825186940240,4375639744,7,2732,1151,12223
171885863234081,171885863246351,171885863256868,171885863257699,171885863263842,171885863263933,265650,93825186940240,4375639744,7,2732,1151,12224
171885871613136,171885871622499,171885871630226,171885871630793,171885871635881,171885871635928,265650,93825186940240,4375639744,7,2732,1151,12225
171885880026260,171885880081387,171885880091754,171885880092464,171885880097676,171885880097777,265650,93825186940240,4375639744,7,2732,1151,12226
171885888266431,171885888284946,171885888296582,171885888298979,171885888304145,171885888304212,265650,93825186940240,4375639744,7,2732,1151,12227
171885896729071,171885896746499,171885896757056,171885896758024,171885896763231,171885896763301,265650,93825186940240,4375639744,7,2732,1151,12228
171885905004632,171885905018690,171885905029468,171885905030657,171885905038256,171885905038325,265650,93825186940240,4375639744,7,2732,1151,12229
171885913380720,171885913403864,171885913414445,171885913415440,171885913420590,171885913420662,265650,93825186940240,4375639744,7,2732,1151,12230
171885921616157,171885921626361,171885921634606,171885921635350,171885921640338,171885921640392,265650,93825186940240,4375639744,7,2732,1151,12231
171885929993071,171885930008033,171885930018584,171885930019448,171885930024783,171885930024850,265650,93825186940240,4375639744,7,2732,1151,12232
171885938233755,171885938246588,171885938257101,171885938258019,171885938264027,171885938264096,265650,93825186940240,4375639744,7,2732,1151,12233
171885946652706,171885946664372,171885946674781,171885946675742,171885946681978,171885946682054,265650,93825186940240,4375639744,7,2732,1151,12234
171885955017348,171885955029287,171885955039554,171885955040270,171885955046031,171885955046106,265650,93825186940240,4375639744,7,2732,1151,12235
171885963272444,171885963289989,171885963301337,171885963303611,171885963313346,171885963313407,265650,93825186940240,4375639744,7,2732,1151,12236
171885971566886,171885971583762,171885971594842,171885971597156,171885971604066,171885971604134,265650,93825186940240,4375639744,7,2732,1151,12237
171885979938660,171885979952968,171885979963454,171885979965095,171885979970222,171885979970284,265650,93825186940240,4375639744,7,2732,1151,12238
171885988235061,171885988253131,171885988264137,171885988266554,171885988270830,171885988270893,265650,93825186940240,4375639744,7,2732,1151,12239
171885996566409,171885996583724,171885996594406,171885996595995,171885996603906,171885996603967,265650,93825186940240,4375639744,7,2732,1151,12240
171886004928676,171886004950786,171886004962058,171886004964984,171886004974598,171886004974656,265650,93825186940240,4375639744,7,2732,1151,12241
171886013233655,171886013249340,171886013260484,171886013262644,171886013267383,171886013267454,265650,93825186940240,4375639744,7,2732,1151,12242
171886021578796,171886021597356,171886021609585,171886021612142,171886021619708,171886021619768,265650,93825186940240,4375639744,7,2732,1151,12243
171886029884282,171886029897799,171886029908259,171886029909899,171886029914451,171886029914514,265650,93825186940240,4375639744,7,2732,1151,12244
171886038258776,171886038282041,171886038295042,171886038298210,171886038304881,171886038304951,265650,93825186940240,4375639744,7,2732,1151,12245
171886046608614,171886046622990,171886046635165,171886046638051,171886046645925,171886046645972,265650,93825186940240,4375639744,7,2732,1151,12246
171886054911678,171886054930754,171886054942676,171886054945424,171886054953793,171886054953857,265650,93825186940240,4375639744,7,2732,1151,12247
171886063222632,171886063235581,171886063246210,171886063247855,171886063252290,171886063252357,265650,93825186940240,4375639744,7,2732,1151,12248
171886071559622,171886071574851,171886071585547,171886071587353,171886071592541,171886071592585,265650,93825186940240,4375639744,7,2732,1151,12249
171886079887925,171886079901179,171886079912117,171886079913576,171886079919402,171886079919478,265650,93825186940240,4375639744,7,2732,1151,12250
171886088226676,171886088241661,171886088251935,171886088253825,171886088271497,171886088271583,265650,93825186940240,4375639744,7,2732,1151,12251
171886096562392,171886096577752,171886096588661,171886096590395,171886096596079,171886096596142,265650,93825186940240,4375639744,7,2732,1151,12252
171886104938788,171886104959430,171886104971391,171886104973912,171886104989727,171886104989786,265650,93825186940240,4375639744,7,2732,1151,12253
171886113243664,171886113259416,171886113270121,171886113272194,171886113282441,171886113282506,265650,93825186940240,4375639744,7,2732,1151,12254
171886121697459,171886121715657,171886121727217,171886121728744,171886121735100,171886121735186,265650,93825186940240,4375639744,7,2732,1151,12255
171886130025280,171886130094582,171886130105316,171886130106474,171886130110641,171886130110724,265650,93825186940240,4375639744,7,2732,1151,12256
171886138297686,171886138307477,171886138315618,171886138316403,171886138321174,171886138321236,265650,93825186940240,4375639744,7,2732,1151,12257
171886146682362,171886146694755,171886146705196,171886146706281,171886146712025,171886146712109,265650,93825186940240,4375639744,7,2732,1151,12258
171886155055693,171886155068254,171886155078613,171886155079495,171886155084349,171886155084431,265650,93825186940240,4375639744,7,2732,1151,12259
171886163235908,171886163248388,171886163259079,171886163260059,171886163265590,171886163265665,265650,93825186940240,4375639744,7,2732,1151,12260
171886171612063,171886171621486,171886171629351,171886171630145,171886171636251,171886171636300,265650,93825186940240,4375639744,7,2732,1151,12261
171886179901518,171886179910571,171886179918389,171886179919138,171886179923472,171886179923522,265650,93825186940240,4375639744,7,2732,1151,12262
171886188335411,171886188347627,171886188358019,171886188358935,171886188364535,171886188364606,265650,93825186940240,4375639744,7,2732,1151,12263
171886196666003,171886196677838,171886196688220,171886196689135,171886196693890,171886196693962,265650,93825186940240,4375639744,7,2732,1151,12264
171886205052662,171886205066900,171886205077797,171886205079262,171886205087499,171886205087607,265650,93825186940240,4375639744,7,2732,1151,12265
171886213274284,171886213287234,171886213297783,171886213298749,171886213304700,171886213304774,265650,93825186940240,4375639744,7,2732,1151,12266
171886221678833,171886221691274,171886221701767,171886221702651,171886221708939,171886221709014,265650,93825186940240,4375639744,7,2732,1151,12267
171886229949878,171886229959177,171886229967164,171886229967752,171886229971901,171886229971956,265650,93825186940240,4375639744,7,2732,1151,12268
171886238338554,171886238349023,171886238357138,171886238358041,171886238364425,171886238364487,265650,93825186940240,4375639744,7,2732,1151,12269
171886246654021,171886246664095,171886246672331,171886246673092,171886246680808,171886246680862,265650,93825186940240,4375639744,7,2732,1151,12270
171886255076209,171886255090096,171886255100743,171886255101711,171886255108135,171886255108216,265650,93825186940240,4375639744,7,2732,1151,12271
171886263320939,171886263333078,171886263343578,171886263344454,171886263349739,171886263349807,265650,93825186940240,4375639744,7,2732,1151,12272
171886271665199,171886271674362,171886271682110,171886271682829,171886271687547,171886271687599,265650,93825186940240,4375639744,7,2732,1151,12273
171886280045443,171886280139818,171886280166338,171886280167234,171886280172964,171886280173035,265650,93825186940240,4375639744,7,2732,1151,12274
171886288325146,171886288340136,171886288351272,171886288352795,171886288357795,171886288357892,265650,93825186940240,4375639744,7,2732,1151,12275
171886296639217,171886296660871,171886296672465,171886296675510,171886296681825,171886296681926,265650,93825186940240,4375639744,7,2732,1151,12276
171886304959889,171886304984155,171886304995751,171886304999032,171886305015425,171886305015543,265650,93825186940240,4375639744,7,2732,1151,12277
171886313271576,171886313285894,171886313297019,171886313298576,171886313305363,171886313305454,265650,93825186940240,4375639744,7,2732,1151,12278
171886321595157,171886321607881,171886321616738,171886321618173,171886321623410,171886321623486,265650,93825186940240,4375639744,7,2732,1151,12279
171886329910176,171886329919866,171886329928510,171886329929612,171886329933856,171886329933922,265650,93825186940240,4375639744,7,2732,1151,12280
171886338252684,171886338265559,171886338276264,171886338277275,171886338281446,171886338281543,265650,93825186940240,4375639744,7,2732,1151,12281
171886346633002,171886346644759,171886346653602,171886346654967,171886346660391,171886346660479,265650,93825186940240,4375639744,7,2732,1151,12282
171886355017348,171886355029885,171886355040495,171886355041775,171886355046010,171886355046099,265650,93825186940240,4375639744,7,2732,1151,12283
171886366725434,171886366755943,171886366768251,171886366770708,171886366784764,171886366784852,265650,93825186940240,4375639744,7,2732,1151,12284
171886378175876,171886378199463,171886378211309,171886378214084,171886378225065,171886378225166,265650,93825186940240,4375639744,7,2732,1151,12285
171886386432410,171886386447039,171886386456450,171886386457947,171886386462457,171886386462539,265650,93825186940240,4375639744,7,2732,1151,12286
171886394800010,171886394814245,171886394823709,171886394825587,171886394831808,171886394831881,265650,93825186940240,4375639744,7,2732,1151,12287
171886403192575,171886403221092,171886403233026,171886403234647,171886403243812,171886403243906,265650,93825186940240,4375639744,7,2732,1151,12288
171886411509206,171886411522096,171886411532863,171886411534231,171886411539726,171886411539805,265650,93825186940240,4375639744,7,2732,1151,12289
171886419791541,171886419802854,171886419812014,171886419812919,171886419818017,171886419818095,265650,93825186940240,4375639744,7,2732,1151,12290
171886428164769,171886428178572,171886428189956,171886428191437,171886428197502,171886428197580,265650,93825186940240,4375639744,7,2732,1151,12291
171886436443867,171886436453821,171886436462201,171886436463170,171886436469281,171886436469338,265650,93825186940240,4375639744,7,2732,1151,12292
171886444863743,171886444940606,171886444953027,171886444954191,171886444959259,171886444959336,265650,93825186940240,4375639744,7,2732,1151,12293
171886453070415,171886453089077,171886453100168,171886453102747,171886453110904,171886453110984,265650,93825186940240,4375639744,7,2732,1151,12294
171886461411049,171886461427812,171886461439052,171886461441163,171886461448815,171886461448865,265650,93825186940240,4375639744,7,2732,1151,12295
171886469743839,171886469760391,171886469771486,171886469773273,171886469784116,171886469784190,265650,93825186940240,4375639744,7,2732,1151,12296
171886478063676,171886478077824,171886478088623,171886478090834,171886478101184,171886478101244,265650,93825186940240,4375639744,7,2732,1151,12297
171886486451972,171886486468641,171886486479615,171886486481658,171886486488578,171886486488641,265650,93825186940240,4375639744,7,2732,1151,12298
171886494760981,171886494773689,171886494784045,171886494785679,171886494793176,171886494793240,265650,93825186940240,4375639744,7,2732,1151,12299
171886503063882,171886503080480,171886503090849,171886503092679,171886503100424,171886503100494,265650,93825186940240,4375639744,7,2732,1151,12300
171886511415305,171886511432811,171886511443408,171886511445271,171886511452138,171886511452202,265650,93825186940240,4375639744,7,2732,1151,12301
171886519780488,171886519795704,171886519806368,171886519808060,171886519816063,171886519816128,265650,93825186940240,4375639744,7,2732,1151,12302
171886528063194,171886528079850,171886528090288,171886528092005,171886528098272,171886528098341,265650,93825186940240,4375639744,7,2732,1151,12303
171886536412112,171886536429457,171886536440645,171886536442588,171886536450903,171886536450979,265650,93825186940240,4375639744,7,2732,1151,12304
171886544808967,171886544825601,171886544836843,171886544838731,171886544848722,171886544848781,265650,93825186940240,4375639744,7,2732,1151,12305
171886553062015,171886553077673,171886553089157,171886553091034,171886553101547,171886553101610,265650,93825186940240,4375639744,7,2732,1151,12306
171886561454965,171886561471520,171886561483004,171886561485179,171886561491133,171886561491195,265650,93825186940240,4375639744,7,2732,1151,12307
171886569748464,171886569766706,171886569777629,171886569779399,171886569786764,171886569786825,265650,93825186940240,4375639744,7,2732,1151,12308
171886578054479,171886578070615,171886578081570,171886578083132,171886578089424,171886578089488,265650,93825186940240,4375639744,7,2732,1151,12309
171886586422877,171886586438471,171886586449554,171886586451449,171886586463758,171886586463819,265650,93825186940240,4375639744,7,2732,1151,12310
171886594755931,171886594772016,171886594783087,171886594785103,171886594796201,171886594796261,265650,93825186940240,4375639744,7,2732,1151,12311
171886603061247,171886603078945,171886603089906,171886603091716,171886603100023,171886603100089,265650,93825186940240,4375639744,7,2732,1151,12312
171886611416301,171886611433296,171886611444718,171886611447189,171886611453302,171886611453368,265650,93825186940240,4375639744,7,2732,1151,12313
171886619776855,171886619799531,171886619811564,171886619815680,171886619828315,171886619828377,265650,93825186940240,4375639744,7,2732,1151,12314
171886628078953,171886628096020,171886628107590,171886628109682,171886628117705,171886628117764,265650,93825186940240,4375639744,7,2732,1151,12315
171886636418271,171886636436812,171886636447894,171886636449976,171886636457476,171886636457544,265650,93825186940240,4375639744,7,2732,1151,12316
171886644767035,171886644784473,171886644797186,171886644800095,171886644809986,171886644810039,265650,93825186940240,4375639744,7,2732,1151,12317
171886653139308,171886653156521,171886653167718,171886653170633,171886653185303,171886653185390,265650,93825186940240,4375639744,7,2732,1151,12318
171886661472161,171886661489503,171886661500754,171886661502705,171886661512538,171886661512613,265650,93825186940240,4375639744,7,2732,1151,12319
171886669759329,171886669776651,171886669787461,171886669789188,171886669798032,171886669798092,265650,93825186940240,4375639744,7,2732,1151,12320
171886678096905,171886678112392,171886678123092,171886678125000,171886678134977,171886678135037,265650,93825186940240,4375639744,7,2732,1151,12321
171886686467774,171886686484911,171886686495822,171886686497963,171886686505487,171886686505563,265650,93825186940240,4375639744,7,2732,1151,12322
171886694804288,171886694820999,171886694832218,171886694834133,171886694839805,171886694839875,265650,93825186940240,4375639744,7,2732,1151,12323
171886703063603,171886703080296,171886703091419,171886703093039,171886703101958,171886703102019,265650,93825186940240,4375639744,7,2732,1151,12324
171886711475748,171886711492692,171886711504088,171886711506271,171886711512406,171886711512475,265650,93825186940240,4375639744,7,2732,1151,12325
171886719759820,171886719778713,171886719790144,171886719792416,171886719801667,171886719801713,265650,93825186940240,4375639744,7,2732,1151,12326
171886728065208,171886728081504,171886728092958,171886728094708,171886728101855,171886728101910,265650,93825186940240,4375639744,7,2732,1151,12327
171886736425989,171886736444920,171886736456060,171886736458286,171886736466517,171886736466614,265650,93825186940240,4375639744,7,2732,1151,12328
171886744801320,171886744815740,171886744826272,171886744828545,171886744839862,171886744839935,265650,93825186940240,4375639744,7,2732,1151,12329
171886753056791,171886753074812,171886753086029,171886753088124,171886753096826,171886753096887,265650,93825186940240,4375639744,7,2732,1151,12330
171886761411718,171886761426524,171886761437129,171886761439006,171886761445521,171886761445582,265650,93825186940240,4375639744,7,2732,1151,12331
171886769895155,171886769940186,171886769951704,171886769953382,171886769958068,171886769958180,265650,93825186940240,4375639744,7,2732,1151,12332
171886778124596,171886778137479,171886778148582,171886778149682,171886778155595,171886778155691,265650,93825186940240,4375639744,7,2732,1151,12333
171886786468905,171886786478466,171886786486348,171886786487286,171886786492430,171886786492510,265650,93825186940240,4375639744,7,2732,1151,12334
171886794847107,171886794860118,171886794870937,171886794872517,171886794879880,171886794879975,265650,93825186940240,4375639744,7,2732,1151,12335
171886803153702,171886803166666,171886803177480,171886803178568,171886803184656,171886803184745,265650,93825186940240,4375639744,7,2732,1151,12336
171886811462619,171886811472228,171886811480419,171886811481209,171886811486579,171886811486646,265650,93825186940240,4375639744,7,2732,1151,12337
171886819814927,171886819826902,171886819837267,171886819838285,171886819844016,171886819844102,265650,93825186940240,4375639744,7,2732,1151,12338
171886828140786,171886828152979,171886828163620,171886828164606,171886828170590,171886828170670,265650,93825186940240,4375639744,7,2732,1151,12339
171886836477917,171886836487125,171886836495333,171886836496106,171886836501620,171886836501683,265650,93825186940240,4375639744,7,2732,1151,12340
171886844818749,171886844830772,171886844841287,171886844842295,171886844849843,171886844849935,265650,93825186940240,4375639744,7,2732,1151,12341
171886853194314,171886853206983,171886853217940,171886853218940,171886853225486,171886853225564,265650,93825186940240,4375639744,7,2732,1151,12342
171886861461524,171886861471744,171886861479661,171886861480507,171886861488040,171886861488095,265650,93825186940240,4375639744,7,2732,1151,12343
171886869796620,171886869810383,171886869821255,171886869822284,171886869830559,171886869830645,265650,93825186940240,4375639744,7,2732,1151,12344
171886878146077,171886878189878,171886878200513,171886878201465,171886878206922,171886878207012,265650,93825186940240,4375639744,7,2732,1151,12345
171886886450952,171886886461203,171886886470196,171886886470893,171886886476959,171886886477018,265650,93825186940240,4375639744,7,2732,1151,12346
171886894812401,171886894824413,171886894834880,171886894835712,171886894843259,171886894843342,265650,93825186940240,4375639744,7,2732,1151,12347
171886903157202,171886903171159,171886903181715,171886903182798,171886903190614,171886903190694,265650,93825186940240,4375639744,7,2732,1151,12348
171886911444618,171886911455175,171886911463788,171886911464473,171886911469825,171886911469887,265650,93825186940240,4375639744,7,2732,1151,12349
171886919824463,171886919836386,171886919846753,171886919847623,171886919854473,171886919854554,265650,93825186940240,4375639744,7,2732,1151,12350
171886928153499,171886928254092,171886928282596,171886928283527,171886928288839,171886928288906,265650,93825186940240,4375639744,7,2732,1151,12351
171886936453890,171886936464078,171886936472922,171886936473617,171886936478550,171886936478611,265650,93825186940240,4375639744,7,2732,1151,12352
171886944856293,171886944867733,171886944877916,171886944878624,171886944883356,171886944883428,265650,93825186940240,4375639744,7,2732,1151,12353
171886953082391,171886953093766,171886953104179,171886953104799,171886953109423,171886953109494,265650,93825186940240,4375639744,7,2732,1151,12354
171886961461471,171886961481358,171886961493343,171886961495857,171886961502196,171886961502296,265650,93825186940240,4375639744,7,2732,1151,12355
171886969769188,171886969787483,171886969798948,171886969800972,171886969808691,171886969808800,265650,93825186940240,4375639744,7,2732,1151,12356
171886978068481,171886978084459,171886978095773,171886978097713,171886978106256,171886978106345,265650,93825186940240,4375639744,7,2732,1151,12357
171886986455489,171886986477024,171886986489115,171886986491854,171886986502971,171886986503030,265650,93825186940240,4375639744,7,2732,1151,12358
171886994820254,171886994838535,171886994848940,171886994850749,171886994861555,171886994861632,265650,93825186940240,4375639744,7,2732,1151,12359
171887003067936,171887003084322,171887003094998,171887003096634,171887003104380,171887003104429,265650,93825186940240,4375639744,7,2732,1151,12360
171887011435886,171887011452123,171887011463224,171887011465222,171887011472501,171887011472546,265650,93825186940240,4375639744,7,2732,1151,12361
171887019790835,171887019811211,171887019823178,171887019825914,171887019834469,171887019834540,265650,93825186940240,4375639744,7,2732,1151,12362
171887028061541,171887028078171,171887028088930,171887028090668,171887028097617,171887028097673,265650,93825186940240,4375639744,7,2732,1151,12363
171887036435863,171887036451357,171887036462073,171887036463801,171887036472004,171887036472077,265650,93825186940240,4375639744,7,2732,1151,12364
171887044784071,171887044803981,171887044815274,171887044817827,171887044828575,171887044828639,265650,93825186940240,4375639744,7,2732,1151,12365
171887053111411,171887053135843,171887053147758,171887053150919,171887053163836,171887053163927,265650,93825186940240,4375639744,7,2732,1151,12366
171887061412667,171887061435047,171887061449324,171887061452191,171887061465407,171887061465511,265650,93825186940240,4375639744,7,2732,1151,12367
171887069794456,171887069814026,171887069825886,171887069828784,171887069840450,171887069840560,265650,93825186940240,4375639744,7,2732,1151,12368
171887078075073,171887078095406,171887078106523,171887078109084,171887078118308,171887078118393,265650,93825186940240,4375639744,7,2732,1151,12369
171887086511698,171887086527377,171887086537371,171887086539621,171887086547765,171887086547830,265650,93825186940240,4375639744,7,2732,1151,12370
171887094945919,171887094962673,171887094974394,171887094976335,171887094987490,171887094987572,265650,93825186940240,4375639744,7,2732,1151,12371
171887103168967,171887103187325,171887103199560,171887103202921,171887103214216,171887103214314,265650,93825186940240,4375639744,7,2732,1151,12372
171887111629466,171887111653972,171887111665739,171887111667532,171887111673998,171887111674083,265650,93825186940240,4375639744,7,2732,1151,12373
171887119870586,171887119883532,171887119895203,171887119896562,171887119902002,171887119902091,265650,93825186940240,4375639744,7,2732,1151,12374
171887128121446,171887128134184,171887128145044,171887128145985,171887128161576,171887128161698,265650,93825186940240,4375639744,7,2732,1151,12375
171887136485395,171887136496222,171887136505124,171887136505939,171887136510812,171887136510878,265650,93825186940240,4375639744,7,2732,1151,12376
171887144849866,171887144862577,171887144871516,171887144872893,171887144883600,171887144883668,265650,93825186940240,4375639744,7,2732,1151,12377
171887153229420,171887153278028,171887153289217,171887153290619,171887153298457,171887153298542,265650,93825186940240,4375639744,7,2732,1151,12378
171887161451576,171887161462064,171887161471290,171887161472210,171887161479463,171887161479534,265650,93825186940240,4375639744,7,2732,1151,12379
171887169816914,171887169830769,171887169841665,171887169842687,171887169850246,171887169850335,265650,93825186940240,4375639744,7,2732,1151,12380
171887178187277,171887178208912,171887178219930,171887178221060,171887178227689,171887178227766,265650,93825186940240,4375639744,7,2732,1151,12381
171887186561771,171887186574775,171887186585627,171887186586883,171887186592591,171887186592671,265650,93825186940240,4375639744,7,2732,1151,12382
171887194885155,171887194897838,171887194908486,171887194909504,171887194914194,171887194914278,265650,93825186940240,4375639744,7,2732,1151,12383
171887203151674,171887203165243,171887203176229,171887203177428,171887203183576,171887203183667,265650,93825186940240,4375639744,7,2732,1151,12384
171887211469718,171887211479096,171887211487375,171887211488267,171887211492771,171887211492842,265650,93825186940240,4375639744,7,2732,1151,12385
171887219850715,171887219860607,171887219868467,171887219869218,171887219873391,171887219873455,265650,93825186940240,4375639744,7,2732,1151,12386
171887228184679,171887228196937,171887228207473,171887228208392,171887228213121,171887228213204,265650,93825186940240,4375639744,7,2732,1151,12387
171887236592236,171887236618615,171887236629438,171887236630331,171887236635952,171887236636037,265650,93825186940240,4375639744,7,2732,1151,12388
171887244822360,171887244834934,171887244845574,171887244846451,171887244852202,171887244852288,265650,93825186940240,4375639744,7,2732,1151,12389
171887253134403,171887253146605,171887253157103,171887253157919,171887253162188,171887253162256,265650,93825186940240,4375639744,7,2732,1151,12390
171887261510050,171887261522526,171887261533138,171887261533963,171887261540073,171887261540147,265650,93825186940240,4375639744,7,2732,1151,12391
171887269902742,171887269914901,171887269925319,171887269926391,171887269930618,171887269930693,265650,93825186940240,4375639744,7,2732,1151,12392
171887278203358,171887278215979,171887278226400,171887278227195,171887278231621,171887278231694,265650,93825186940240,4375639744,7,2732,1151,12393
171887286531530,171887286541005,171887286549368,171887286550022,171887286554070,171887286554131,265650,93825186940240,4375639744,7,2732,1151,12394
171887294863056,171887294874699,171887294885220,171887294885904,171887294890166,171887294890237,265650,93825186940240,4375639744,7,2732,1151,12395
171887303199886,171887303212551,171887303223055,171887303223989,171887303228708,171887303228777,265650,93825186940240,4375639744,7,2732,1151,12396
171887311531438,171887311565821,171887311576207,171887311576941,171887311581924,171887311581996,265650,93825186940240,4375639744,7,2732,1151,12397
171887319894783,171887319909504,171887319920898,171887319921971,171887319928281,171887319928356,265650,93825186940240,4375639744,7,2732,1151,12398
171887328150966,171887328163630,171887328174446,171887328175416,171887328180704,171887328180779,265650,93825186940240,4375639744,7,2732,1151,12399
171887336541989,171887336555212,171887336566261,171887336567288,171887336583131,171887336583203,265650,93825186940240,4375639744,7,2732,1151,12400
171887344880143,171887344893044,171887344903819,171887344904803,171887344911120,171887344911195,265650,93825186940240,4375639744,7,2732,1151,12401
171887353219404,171887353242313,171887353253108,171887353254092,171887353259658,171887353259732,265650,93825186940240,4375639744,7,2732,1151,12402
171887361582393,171887361597650,171887361608327,171887361609786,171887361614480,171887361614566,265650,93825186940240,4375639744,7,2732,1151,12403
171887369859326,171887369871242,171887369881743,171887369882798,171887369888034,171887369888121,265650,93825186940240,4375639744,7,2732,1151,12404
171887378171121,171887378183134,171887378193604,171887378194450,171887378199673,171887378199754,265650,93825186940240,4375639744,7,2732,1151,12405
171887386555242,171887386573178,171887386584554,171887386586806,171887386600513,171887386600593,265650,93825186940240,4375639744,7,2732,1151,12406
171887394835517,171887394850674,171887394861805,171887394864076,171887394876958,171887394877047,265650,93825186940240,4375639744,7,2732,1151,12407
171887403123616,171887403141671,171887403152850,171887403154797,171887403164472,171887403164567,265650,93825186940240,4375639744,7,2732,1151,12408
171887411475401,171887411493223,171887411504332,171887411506617,171887411518083,171887411518302,265650,93825186940240,4375639744,7,2732,1151,12409
171887419820912,171887419840975,171887419852520,171887419855264,171887419865977,171887419866028,265650,93825186940240,4375639744,7,2732,1151,12410
171887430332375,171887430353800,171887430364438,171887430367636,171887430380581,171887430380639,265650,93825186940240,4375639744,7,2732,1151,12411
171887438729437,171887438744033,171887438753916,171887438755973,171887438763853,171887438763925,265650,93825186940240,4375639744,7,2732,1151,12412
171887447016980,171887447030864,171887447041989,171887447043819,171887447050540,171887447050625,265650,93825186940240,4375639744,7,2732,1151,12413
171887455319168,171887455331714,171887455340007,171887455340643,171887455345722,171887455345788,265650,93825186940240,4375639744,7,2732,1151,12414
171887463697634,171887463717594,171887463729430,171887463732249,171887463738475,171887463738548,265650,93825186940240,4375639744,7,2732,1151,12415
171887472011964,171887472035966,171887472047499,171887472049723,171887472057133,171887472057189,265650,93825186940240,4375639744,7,2732,1151,12416
171887480311706,171887480329349,171887480340417,171887480342512,171887480349417,171887480349493,265650,93825186940240,4375639744,7,2732,1151,12417
171887488690091,171887488705965,171887488717136,171887488719001,171887488728423,171887488728469,265650,93825186940240,4375639744,7,2732,1151,12418
171887496970446,171887496985850,171887496996594,171887496998240,171887497011435,171887497011496,265650,93825186940240,4375639744,7,2732,1151,12419
171887505299750,171887505314579,171887505324850,171887505326443,171887505336887,171887505336950,265650,93825186940240,4375639744,7,2732,1151,12420
171887513692500,171887513709412,171887513720078,171887513721647,171887513729260,171887513729482,265650,93825186940240,4375639744,7,2732,1151,12421
171887522033389,171887522048044,171887522058279,171887522060081,171887522070732,171887522070810,265650,93825186940240,4375639744,7,2732,1151,12422
171887530296303,171887530311402,171887530322194,171887530323905,171887530332258,171887530332328,265650,93825186940240,4375639744,7,2732,1151,12423
171887538680482,171887538696457,171887538707239,171887538708983,171887538717319,171887538717381,265650,93825186940240,4375639744,7,2732,1151,12424
171887547033009,171887547047901,171887547058757,171887547060554,171887547080274,171887547080340,265650,93825186940240,4375639744,7,2732,1151,12425
171887555313013,171887555328766,171887555339219,171887555340944,171887555350179,171887555350248,265650,93825186940240,4375639744,7,2732,1151,12426
171887563675416,171887563692328,171887563711255,171887563712925,171887563720030,171887563720101,265650,93825186940240,4375639744,7,2732,1151,12427
171887571984579,171887572004697,171887572015110,171887572017148,171887572027085,171887572027150,265650,93825186940240,4375639744,7,2732,1151,12428
171887580307379,171887580332790,171887580343295,171887580345138,171887580350236,171887580350304,265650,93825186940240,4375639744,7,2732,1151,12429
171887588699889,171887588715308,171887588725941,171887588727902,171887588732698,171887588732756,265650,93825186940240,4375639744,7,2732,1151,12430
171887596967527,171887596983707,171887596994425,171887597010120,171887597015415,171887597015513,265650,93825186940240,4375639744,7,2732,1151,12431
171887605328427,171887605345669,171887605356228,171887605358181,171887605365488,171887605365557,265650,93825186940240,4375639744,7,2732,1151,12432
171887613660880,171887613677050,171887613687565,171887613689368,171887613699224,171887613699288,265650,93825186940240,4375639744,7,2732,1151,12433
171887622014793,171887622029088,171887622039792,171887622041783,171887622048339,171887622048403,265650,93825186940240,4375639744,7,2732,1151,12434
171887630303764,171887630317031,171887630327403,171887630329333,171887630335039,171887630335101,265650,93825186940240,4375639744,7,2732,1151,12435
171887638650569,171887638668919,171887638679918,171887638682200,171887638689247,171887638689326,265650,93825186940240,4375639744,7,2732,1151,12436
171887646973536,171887646988985,171887647002224,171887647004134,171887647010233,171887647010297,265650,93825186940240,4375639744,7,2732,1151,12437
171887655318651,171887655335362,171887655345919,171887655347865,171887655357333,171887655357395,265650,93825186940240,4375639744,7,2732,1151,12438
171887663655176,171887663672404,171887663683448,171887663685047,171887663693168,171887663693254,265650,93825186940240,4375639744,7,2732,1151,12439
171887671979673,171887671997503,171887672011163,171887672012778,171887672019267,171887672019337,265650,93825186940240,4375639744,7,2732,1151,12440
171887680318260,171887680335356,171887680345962,171887680347595,171887680355961,171887680356024,265650,93825186940240,4375639744,7,2732,1151,12441
171887688644957,171887688660262,171887688670965,171887688672631,171887688678552,171887688678615,265650,93825186940240,4375639744,7,2732,1151,12442
171887696979729,171887696995920,171887697009540,171887697011208,171887697019484,171887697019543,265650,93825186940240,4375639744,7,2732,1151,12443
171887705332565,171887705350995,171887705362793,171887705364539,171887705367882,171887705367974,265650,93825186940240,4375639744,7,2732,1151,12444
171887713775240,171887713823204,171887713834195,171887713835472,171887713841042,171887713841134,265650,93825186940240,4375639744,7,2732,1151,12445
171887722103964,171887722116812,171887722127606,171887722128754,171887722133190,171887722133275,265650,93825186940240,4375639744,7,2732,1151,12446
171887730310339,171887730322689,171887730333115,171887730333972,171887730339441,171887730339526,265650,93825186940240,4375639744,7,2732,1151,12447
171887738705288,171887738714401,171887738722223,171887738722938,171887738727442,171887738727496,265650,93825186940240,4375639744,7,2732,1151,12448
171887746976764,171887746989536,171887747003356,171887747004421,171887747009592,171887747009664,265650,93825186940240,4375639744,7,2732,1151,12449
171887755309686,171887755318897,171887755326838,171887755327542,171887755332477,171887755332531,265650,93825186940240,4375639744,7,2732,1151,12450
171887763672131,171887763686544,171887763697887,171887763699852,171887763706491,171887763706595,265650,93825186940240,4375639744,7,2732,1151,12451
171887772041506,171887772054963,171887772064137,171887772065114,171887772070644,171887772070708,265650,93825186940240,4375639744,7,2732,1151,12452
171887780318832,171887780330954,171887780340112,171887780341212,171887780345989,171887780346094,265650,93825186940240,4375639744,7,2732,1151,12453
171887788744565,171887788758136,171887788768998,171887788770531,171887788777027,171887788777124,265650,93825186940240,4375639744,7,2732,1151,12454
171887797093831,171887797173516,171887797184161,171887797185170,171887797190180,171887797190265,265650,93825186940240,4375639744,7,2732,1151,12455
171887805323577,171887805342810,171887805354348,171887805356891,171887805364354,171887805364444,265650,93825186940240,4375639744,7,2732,1151,12456
171887813676861,171887813694163,171887813704832,171887813706569,171887813713590,171887813713647,265650,93825186940240,4375639744,7,2732,1151,12457
171887821980065,171887821992416,171887822009813,171887822011178,171887822015687,171887822015756,265650,93825186940240,4375639744,7,2732,1151,12458
171887830306778,171887830320553,171887830331336,171887830332778,171887830336663,171887830336727,265650,93825186940240,4375639744,7,2732,1151,12459
171887838670605,171887838686037,171887838697092,171887838698852,171887838703796,171887838703856,265650,93825186940240,4375639744,7,2732,1151,12460
171887847027568,171887847044241,171887847054545,171887847056184,171887847061495,171887847061537,265650,93825186940240,4375639744,7,2732,1151,12461
171887855432790,171887855446914,171887855458207,171887855459789,171887855464961,171887855465060,265650,93825186940240,4375639744,7,2732,1151,12462
171887863674854,171887863689932,171887863700976,171887863702625,171887863720190,171887863720259,265650,93825186940240,4375639744,7,2732,1151,12463
171887872115521,171887872128399,171887872139408,171887872140452,171887872146404,171887872146485,265650,93825186940240,4375639744,7,2732,1151,12464
171887880325329,171887880336854,171887880345576,171887880347279,171887880355728,171887880355804,265650,93825186940240,4375639744,7,2732,1151,12465
171887888688565,171887888698389,171887888706123,171887888707211,171887888713089,171887888713155,265650,93825186940240,4375639744,7,2732,1151,12466
171887897132850,171887897146579,171887897157544,171887897158889,171887897166466,171887897166548,265650,93825186940240,4375639744,7,2732,1151,12467
171887905329684,171887905344250,171887905355289,171887905356763,171887905365271,171887905365349,265650,93825186940240,4375639744,7,2732,1151,12468
171887913768466,171887913782585,171887913793738,171887913795065,171887913802801,171887913802890,265650,93825186940240,4375639744,7,2732,1151,12469
171887922122950,171887922136595,171887922147447,171887922148582,171887922156348,171887922156429,265650,93825186940240,4375639744,7,2732,1151,12470
171887930422065,171887930437505,171887930448688,171887930449819,171887930455670,171887930455760,265650,93825186940240,4375639744,7,2732,1151,12471
171887938762007,171887938808703,171887938819424,171887938820419,171887938825315,171887938825393,265650,93825186940240,4375639744,7,2732,1151,12472
171887947124110,171887947176630,171887947187972,171887947188999,171887947194626,171887947194714,265650,93825186940240,4375639744,7,2732,1151,12473
171887955330960,171887955342913,171887955350739,171887955351432,171887955355153,171887955355205,265650,93825186940240,4375639744,7,2732,1151,12474
171887963735257,171887963748349,171887963759233,171887963760297,171887963767278,171887963767361,265650,93825186940240,4375639744,7,2732,1151,12475
171887972006589,171887972026462,171887972037498,171887972040292,171887972060348,171887972060449,265650,93825186940240,4375639744,7,2732,1151,12476
171887980330404,171887980347735,171887980358691,171887980360912,171887980369376,171887980369438,265650,93825186940240,4375639744,7,2732,1151,12477
171887988714871,171887988735935,171887988747669,171887988750287,171887988760597,171887988760657,265650,93825186940240,4375639744,7,2732,1151,12478
171887997014203,171887997031086,171887997041644,171887997043513,171887997050167,171887997050215,265650,93825186940240,4375639744,7,2732,1151,12479
171888005313058,171888005330743,171888005341935,171888005344032,171888005353518,171888005353619,265650,93825186940240,4375639744,7,2732,1151,12480
171888013799956,171888013814556,171888013826225,171888013827824,171888013835062,171888013835154,265650,93825186940240,4375639744,7,2732,1151,12481
171888022122023,171888022134228,171888022144825,171888022145822,171888022151012,171888022151105,265650,93825186940240,4375639744,7,2732,1151,12482
171888030453338,171888030512641,171888030523038,171888030524047,171888030529742,171888030529825,265650,93825186940240,4375639744,7,2732,1151,12483
171888038742047,171888038762784,171888038774130,171888038777138,171888038782861,171888038782937,265650,93825186940240,4375639744,7,2732,1151,12484
171888047007654,171888047023287,171888047034112,171888047036044,171888047048315,171888047048380,265650,93825186940240,4375639744,7,2732,1151,12485
171888055341242,171888055361400,171888055373556,171888055376185,171888055390822,171888055390900,265650,93825186940240,4375639744,7,2732,1151,12486
171888063653515,171888063668296,171888063678695,171888063680516,171888063686269,171888063686328,265650,93825186940240,4375639744,7,2732,1151,12487
171888071994790,171888072018199,171888072028624,171888072030268,171888072037666,171888072037721,265650,93825186940240,4375639744,7,2732,1151,12488
171888080320562,171888080333810,171888080344554,171888080346294,171888080362461,171888080362523,265650,93825186940240,4375639744,7,2732,1151,12489
171888088684845,171888088706049,171888088717554,171888088720073,171888088729414,171888088729477,265650,93825186940240,4375639744,7,2732,1151,12490
171888096994374,171888097014172,171888097025153,171888097026878,171888097032888,171888097032939,265650,93825186940240,4375639744,7,2732,1151,12491
171888105331904,171888105355020,171888105366869,171888105369348,171888105380572,171888105380629,265650,93825186940240,4375639744,7,2732,1151,12492
171888113661000,171888113677857,171888113688103,171888113689708,171888113694331,171888113694397,265650,93825186940240,4375639744,7,2732,1151,12493
171888121995328,171888122015467,171888122025989,171888122027555,171888122033851,171888122033907,265650,93825186940240,4375639744,7,2732,1151,12494
171888130328110,171888130344695,171888130355205,171888130356907,171888130362664,171888130362716,265650,93825186940240,4375639744,7,2732,1151,12495
171888138725072,171888138743164,171888138753551,171888138755312,171888138760136,171888138760197,265650,93825186940240,4375639744,7,2732,1151,12496
171888146996942,171888147017424,171888147028018,171888147029777,171888147036334,171888147036409,265650,93825186940240,4375639744,7,2732,1151,12497
171888155322603,171888155336550,171888155347451,171888155349195,171888155353006,171888155353051,265650,93825186940240,4375639744,7,2732,1151,12498
171888163698588,171888163712364,171888163722444,171888163724129,171888163729268,171888163729331,265650,93825186940240,4375639744,7,2732,1151,12499
171888171996392,171888172016674,171888172027182,171888172029235,171888172035059,171888172035117,265650,93825186940240,4375639744,7,2732,1151,12500
171888180364328,171888180381205,171888180392182,171888180393918,171888180399138,171888180399205,265650,93825186940240,4375639744,7,2732,1151,12501
171888188705054,171888188721365,171888188732338,171888188734374,171888188739853,171888188739925,265650,93825186940240,4375639744,7,2732,1151,12502
171888197040156,171888197056880,171888197067640,171888197069907,171888197075940,171888197076000,265650,93825186940240,4375639744,7,2732,1151,12503
171888205335665,171888205353298,171888205364629,171888205366554,171888205372242,171888205372311,265650,93825186940240,4375639744,7,2732,1151,12504
171888213662214,171888213679090,171888213689469,171888213691223,171888213696291,171888213696354,265650,93825186940240,4375639744,7,2732,1151,12505
171888221997298,171888222017943,171888222029457,171888222032442,171888222040114,171888222040182,265650,93825186940240,4375639744,7,2732,1151,12506
171888230384959,171888230396382,171888230405206,171888230406516,171888230414684,171888230414756,265650,93825186940240,4375639744,7,2732,1151,12507
171888238736437,171888238755002,171888238766214,171888238768556,171888238774133,171888238774204,265650,93825186940240,4375639744,7,2732,1151,12508
171888247022491,171888247037976,171888247048443,171888247050190,171888247056497,171888247056560,265650,93825186940240,4375639744,7,2732,1151,12509
171888255342037,171888255362642,171888255373954,171888255376824,171888255384788,171888255384849,265650,93825186940240,4375639744,7,2732,1151,12510
171888263701420,171888263714277,171888263724993,171888263726589,171888263730328,171888263730395,265650,93825186940240,4375639744,7,2732,1151,12511
171888272006849,171888272023982,171888272034473,171888272036510,171888272045403,171888272045492,265650,93825186940240,4375639744,7,2732,1151,12512
171888280335115,171888280352084,171888280362514,171888280364230,171888280373770,171888280373823,265650,93825186940240,4375639744,7,2732,1151,12513
171888288732888,171888288756173,171888288767958,171888288770839,171888288793906,171888288793962,265650,93825186940240,4375639744,7,2732,1151,12514
171888296997436,171888297015263,171888297025808,171888297027636,171888297033045,171888297033105,265650,93825186940240,4375639744,7,2732,1151,12515
171888305347228,171888305364059,171888305375391,171888305377861,171888305384405,171888305384465,265650,93825186940240,4375639744,7,2732,1151,12516
171888313678545,171888313689630,171888313698382,171888313699600,171888313705849,171888313705908,265650,93825186940240,4375639744,7,2732,1151,12517
171888322112496,171888322127705,171888322138930,171888322140696,171888322145752,171888322145840,265650,93825186940240,4375639744,7,2732,1151,12518
171888330340874,171888330350602,171888330358802,171888330359664,171888330363356,171888330363423,265650,93825186940240,4375639744,7,2732,1151,12519
171888338754182,171888338766845,171888338777556,171888338778482,171888338784591,171888338784685,265650,93825186940240,4375639744,7,2732,1151,12520
171888347059544,171888347080131,171888347091744,171888347093977,171888347099636,171888347099703,265650,93825186940240,4375639744,7,2732,1151,12521
171888355341634,171888355359370,171888355371259,171888355374210,171888355384172,171888355384227,265650,93825186940240,4375639744,7,2732,1151,12522
171888363672314,171888363687624,171888363698525,171888363700420,171888363705574,171888363705635,265650,93825186940240,4375639744,7,2732,1151,12523
171888371995591,171888372013266,171888372023662,171888372025644,171888372030691,171888372030756,265650,93825186940240,4375639744,7,2732,1151,12524
171888380340563,171888380357845,171888380368588,171888380370257,171888380377364,171888380377428,265650,93825186940240,4375639744,7,2732,1151,12525
171888388723956,171888388740723,171888388751404,171888388753301,171888388758337,171888388758401,265650,93825186940240,4375639744,7,2732,1151,12526
171888397011771,171888397028460,171888397039436,171888397041554,171888397049118,171888397049184,265650,93825186940240,4375639744,7,2732,1151,12527
171888405344817,171888405360700,171888405371270,171888405373158,171888405381236,171888405381300,265650,93825186940240,4375639744,7,2732,1151,12528
171888413674738,171888413688446,171888413698717,171888413700670,171888413709475,171888413709674,265650,93825186940240,4375639744,7,2732,1151,12529
171888422028151,171888422041611,171888422050820,171888422052459,171888422057936,171888422058002,265650,93825186940240,4375639744,7,2732,1151,12530
171888430372279,171888430385283,171888430396081,171888430397194,171888430402716,171888430402797,265650,93825186940240,4375639744,7,2732,1151,12531
171888438822376,171888438835089,171888438846082,171888438847076,171888438851861,171888438851951,265650,93825186940240,4375639744,7,2732,1151,12532
171888447066762,171888447079531,171888447090310,171888447091593,171888447097979,171888447098058,265650,93825186940240,4375639744,7,2732,1151,12533
171888455411721,171888455432924,171888455444707,171888455447287,171888455454259,171888455454342,265650,93825186940240,4375639744,7,2732,1151,12534
171888463803912,171888463820293,171888463832139,171888463833574,171888463840362,171888463840446,265650,93825186940240,4375639744,7,2732,1151,12535
171888472086603,171888472098120,171888472106075,171888472106907,171888472112281,171888472112343,265650,93825186940240,4375639744,7,2732,1151,12536
171888480337709,171888480350450,171888480360915,171888480361843,171888480367223,171888480367310,265650,93825186940240,4375639744,7,2732,1151,12537
171888488763048,171888488776097,171888488786651,171888488787542,171888488794303,171888488794385,265650,93825186940240,4375639744,7,2732,1151,12538
171888506046332,171888506065451,171888506076808,171888506079151,171888506090165,171888506090265,265650,93825186940240,4375639744,7,2732,1151,12539
171888514333420,171888514353713,171888514365846,171888514368417,171888514379316,171888514379404,265650,93825186940240,4375639744,7,2732,1151,12540
171888522760188,171888522785687,171888522797826,171888522801595,171888522821099,171888522821177,265650,93825186940240,4375639744,7,2732,1151,12541
171888531024317,171888531040373,171888531051489,171888531053427,171888531063121,171888531063190,265650,93825186940240,4375639744,7,2732,1151,12542
171888539327439,171888539339967,171888539349130,171888539350849,171888539355935,171888539356001,265650,93825186940240,4375639744,7,2732,1151,12543
171888547768090,171888547780670,171888547791730,171888547792877,171888547797568,171888547797654,265650,93825186940240,4375639744,7,2732,1151,12544
171888556056712,171888556068752,171888556079180,171888556080128,171888556084888,171888556084980,265650,93825186940240,4375639744,7,2732,1151,12545
171888564390477,171888564402987,171888564413348,171888564414249,171888564418649,171888564418728,265650,93825186940240,4375639744,7,2732,1151,12546
171888572748179,171888572760319,171888572770657,171888572771569,171888572777842,171888572777927,265650,93825186940240,4375639744,7,2732,1151,12547
171888581113159,171888581157593,171888581167852,171888581168744,171888581173633,171888581173710,265650,93825186940240,4375639744,7,2732,1151,12548
171888589301010,171888589310004,171888589317960,171888589318516,171888589324044,171888589324101,265650,93825186940240,4375639744,7,2732,1151,12549
171888597708997,171888597718290,171888597725958,171888597726531,171888597732188,171888597732236,265650,93825186940240,4375639744,7,2732,1151,12550
171888606065058,171888606078404,171888606088962,171888606090103,171888606098875,171888606098950,265650,93825186940240,4375639744,7,2732,1151,12551
171888614309572,171888614322457,171888614333225,171888614334227,171888614339884,171888614339955,265650,93825186940240,4375639744,7,2732,1151,12552
171888622714792,171888622726495,171888622736545,171888622737379,171888622743733,171888622743806,265650,93825186940240,4375639744,7,2732,1151,12553
171888631123316,171888631136009,171888631146513,171888631147570,171888631156122,171888631156202,265650,93825186940240,4375639744,7,2732,1151,12554
171888639354966,171888639365370,171888639373617,171888639374346,171888639378489,171888639378544,265650,93825186940240,4375639744,7,2732,1151,12555
171888647788331,171888647806381,171888647816699,171888647817771,171888647824391,171888647824461,265650,93825186940240,4375639744,7,2732,1151,12556
171888656022048,171888656035554,171888656046210,171888656047233,171888656052957,171888656053029,265650,93825186940240,4375639744,7,2732,1151,12557
171888664309089,171888664321907,171888664332431,171888664333347,171888664339141,171888664339209,265650,93825186940240,4375639744,7,2732,1151,12558
171888672679730,171888672690796,171888672699841,171888672700829,171888672707427,171888672707490,265650,93825186940240,4375639744,7,2732,1151,12559
171888681085944,171888681097381,171888681107512,171888681108480,171888681114992,171888681115062,265650,93825186940240,4375639744,7,2732,1151,12560
171888689307527,171888689319326,171888689329962,171888689330743,171888689335982,171888689336051,265650,93825186940240,4375639744,7,2732,1151,12561
171888697725869,171888697738367,171888697748520,171888697749315,171888697755485,171888697755555,265650,93825186940240,4375639744,7,2732,1151,12562
171888706051951,171888706065066,171888706075377,171888706076532,171888706131746,171888706133945,265650,93825186940240,4375639744,7,2732,1151,12563
171888714317623,171888714330750,171888714341889,171888714343178,171888714350851,171888714350923,265650,93825186940240,4375639744,7,2732,1151,12564
171888722732726,171888722746763,171888722757558,171888722758822,171888722765589,171888722765679,265650,93825186940240,4375639744,7,2732,1151,12565
171888731121107,171888731134108,171888731144754,171888731145890,171888731153270,171888731153364,265650,93825186940240,4375639744,7,2732,1151,12566
171888739313130,171888739323433,171888739332576,171888739333900,171888739339645,171888739339718,265650,93825186940240,4375639744,7,2732,1151,12567
171888747727368,171888747753010,171888747765546,171888747769783,171888747777936,171888747778031,265650,93825186940240,4375639744,7,2732,1151,12568
171888755976838,171888755993044,171888756008222,171888756010253,171888756014534,171888756014596,265650,93825186940240,4375639744,7,2732,1151,12569
171888764309384,171888764325845,171888764338035,171888764341661,171888764348744,171888764348795,265650,93825186940240,4375639744,7,2732,1151,12570
171888772640948,171888772656409,171888772667387,171888772669159,171888772674434,171888772674497,265650,93825186940240,4375639744,7,2732,1151,12571
171888781133078,171888781148143,171888781159711,171888781161175,171888781170449,171888781170542,265650,93825186940240,4375639744,7,2732,1151,12572
171888789319824,171888789329317,171888789338126,171888789338827,171888789343477,171888789343534,265650,93825186940240,4375639744,7,2732,1151,12573
171888797775170,171888797796123,171888797806364,171888797807098,171888797812835,171888797812919,265650,93825186940240,4375639744,7,2732,1151,12574
171888806147778,171888806160307,171888806170686,171888806171472,171888806177908,171888806177975,265650,93825186940240,4375639744,7,2732,1151,12575
171888814342821,171888814355299,171888814364555,171888814365721,171888814370265,171888814370434,265650,93825186940240,4375639744,7,2732,1151,12576
171888822769752,171888822795888,171888822807596,171888822810701,171888822817191,171888822817276,265650,93825186940240,4375639744,7,2732,1151,12577
171888830999947,171888831024725,171888831035407,171888831037445,171888831043489,171888831043556,265650,93825186940240,4375639744,7,2732,1151,12578
171888839318315,171888839335206,171888839347033,171888839348954,171888839354650,171888839354708,265650,93825186940240,4375639744,7,2732,1151,12579
171888847662795,171888847680896,171888847692092,171888847694361,171888847703122,171888847703202,265650,93825186940240,4375639744,7,2732,1151,12580
171888855992738,171888856013527,171888856024640,171888856026631,171888856032110,171888856032167,265650,93825186940240,4375639744,7,2732,1151,12581
171888864330556,171888864346243,171888864357104,171888864359021,171888864366366,171888864366430,265650,93825186940240,4375639744,7,2732,1151,12582
171888872736319,171888872759410,171888872771664,171888872774490,171888872786397,171888872786463,265650,93825186940240,4375639744,7,2732,1151,12583
171888881009995,171888881027925,171888881039576,171888881041528,171888881052462,171888881052527,265650,93825186940240,4375639744,7,2732,1151,12584
171888889334298,171888889351666,171888889363090,171888889365018,171888889372251,171888889372309,265650,93825186940240,4375639744,7,2732,1151,12585
171888897751439,171888897773123,171888897786273,171888897789271,171888897799786,171888897799844,265650,93825186940240,4375639744,7,2732,1151,12586
171888906054116,171888906071722,171888906083164,171888906085834,171888906090742,171888906090818,265650,93825186940240,4375639744,7,2732,1151,12587
171888914327651,171888914344571,171888914356162,171888914358294,171888914364294,171888914364355,265650,93825186940240,4375639744,7,2732,1151,12588
171888922667329,171888922684735,171888922695493,171888922697671,171888922703764,171888922703840,265650,93825186940240,4375639744,7,2732,1151,12589
171888930991494,171888931010880,171888931021965,171888931024002,171888931031407,171888931031452,265650,93825186940240,4375639744,7,2732,1151,12590
171888939343065,171888939361928,171888939374559,171888939377894,171888939385240,171888939385294,265650,93825186940240,4375639744,7,2732,1151,12591
171888947723706,171888947745742,171888947758173,171888947761132,171888947770881,171888947770934,265650,93825186940240,4375639744,7,2732,1151,12592
171888956068236,171888956084712,171888956095397,171888956097118,171888956101830,171888956101884,265650,93825186940240,4375639744,7,2732,1151,12593
171888964321915,171888964339148,171888964349852,171888964351899,171888964356673,171888964356717,265650,93825186940240,4375639744,7,2732,1151,12594
171888972730973,171888972753869,171888972766031,171888972769089,171888972776677,171888972776724,265650,93825186940240,4375639744,7,2732,1151,12595
171888981012683,171888981030229,171888981041223,171888981043866,171888981051530,171888981051593,265650,93825186940240,4375639744,7,2732,1151,12596
171888989347319,171888989367631,171888989379364,171888989381759,171888989391993,171888989392054,265650,93825186940240,4375639744,7,2732,1151,12597
171888997747544,171888997763598,171888997774251,171888997776632,171888997783370,171888997783428,265650,93825186940240,4375639744,7,2732,1151,12598
171889006043620,171889006069838,171889006080418,171889006082020,171889006085436,171889006085501,265650,93825186940240,4375639744,7,2732,1151,12599
171889014329450,171889014347314,171889014366277,171889014368224,171889014373056,171889014373122,265650,93825186940240,4375639744,7,2732,1151,12600
171889022729423,171889022750568,171889022762632,171889022766254,171889022772962,171889022773009,265650,93825186940240,4375639744,7,2732,1151,12601
171889031068452,171889031084516,171889031095654,171889031097630,171889031104108,171889031104176,265650,93825186940240,4375639744,7,2732,1151,12602
171889039329053,171889039342547,171889039353200,171889039355137,171889039361507,171889039361564,265650,93825186940240,4375639744,7,2732,1151,12603
171889047670759,171889047688623,171889047699380,171889047701349,171889047705138,171889047705204,265650,93825186940240,4375639744,7,2732,1151,12604
171889056058434,171889056075614,171889056086478,171889056088116,171889056094545,171889056094612,265650,93825186940240,4375639744,7,2732,1151,12605
171889064334678,171889064353259,171889064363864,171889064365534,171889064370693,171889064370755,265650,93825186940240,4375639744,7,2732,1151,12606
171889072670300,171889072688827,171889072699428,171889072701301,171889072704988,171889072705055,265650,93825186940240,4375639744,7,2732,1151,12607
171889081066222,171889081083719,171889081095217,171889081097187,171889081102787,171889081102845,265650,93825186940240,4375639744,7,2732,1151,12608
171889089382318,171889089398616,171889089409110,171889089410815,171889089418945,171889089418995,265650,93825186940240,4375639744,7,2732,1151,12609
171889097693666,171889097715396,171889097726999,171889097729847,171889097738711,171889097738797,265650,93825186940240,4375639744,7,2732,1151,12610
171889106070263,171889106093267,171889106105205,171889106108414,171889106117965,171889106118059,265650,93825186940240,4375639744,7,2732,1151,12611
171889114379693,171889114401243,171889114412859,171889114415301,171889114425479,171889114425553,265650,93825186940240,4375639744,7,2732,1151,12612
171889122697695,171889122717511,171889122729042,171889122731782,171889122740043,171889122740100,265650,93825186940240,4375639744,7,2732,1151,12613
171889131041324,171889131060427,171889131071433,171889131074032,171889131082054,171889131082101,265650,93825186940240,4375639744,7,2732,1151,12614
171889139407580,171889139424460,171889139435235,171889139437426,171889139444778,171889139444856,265650,93825186940240,4375639744,7,2732,1151,12615
171889147838725,171889147856097,171889147868284,171889147870602,171889147880213,171889147880307,265650,93825186940240,4375639744,7,2732,1151,12616
171889156085893,171889156107257,171889156118758,171889156121713,171889156130571,171889156130665,265650,93825186940240,4375639744,7,2732,1151,12617
171889164354321,171889164370761,171889164381793,171889164384007,171889164393911,171889164393985,265650,93825186940240,4375639744,7,2732,1151,12618
171889172678091,171889172692291,171889172702897,171889172704766,171889172712838,171889172712880,265650,93825186940240,4375639744,7,2732,1151,12619
171889181023410,171889181041195,171889181052503,171889181054567,171889181060736,171889181060815,265650,93825186940240,4375639744,7,2732,1151,12620
171889189347150,171889189363861,171889189374809,171889189376530,171889189388347,171889189388417,265650,93825186940240,4375639744,7,2732,1151,12621
171889197816412,171889197915442,171889197927264,171889197929162,171889197935666,171889197935747,265650,93825186940240,4375639744,7,2732,1151,12622
171889206127987,171889206147526,171889206159907,171889206161801,171889206172358,171889206172434,265650,93825186940240,4375639744,7,2732,1151,12623
171889214346710,171889214362208,171889214373206,171889214375191,171889214381799,171889214381871,265650,93825186940240,4375639744,7,2732,1151,12624
171889222689236,171889222707361,171889222718191,171889222720265,171889222729660,171889222729730,265650,93825186940240,4375639744,7,2732,1151,12625
171889231077794,171889231096534,171889231107602,171889231110031,171889231116766,171889231116823,265650,93825186940240,4375639744,7,2732,1151,12626
171889239395579,171889239413413,171889239424182,171889239426309,171889239431236,171889239431302,265650,93825186940240,4375639744,7,2732,1151,12627
171889247680269,171889247695459,171889247706453,171889247708929,171889247717135,171889247717189,265650,93825186940240,4375639744,7,2732,1151,12628
171889256035422,171889256053430,171889256064678,171889256066800,171889256072582,171889256072627,265650,93825186940240,4375639744,7,2732,1151,12629
171889264349863,171889264368189,171889264378879,171889264380825,171889264388044,171889264388092,265650,93825186940240,4375639744,7,2732,1151,12630
171889272740369,171889272758119,171889272769665,171889272772526,171889272781864,171889272781923,265650,93825186940240,4375639744,7,2732,1151,12631
171889281074356,171889281093553,171889281104877,171889281107903,171889281118095,171889281118158,265650,93825186940240,4375639744,7,2732,1151,12632
171889289363181,171889289386976,171889289398875,171889289401774,171889289408911,171889289408955,265650,93825186940240,4375639744,7,2732,1151,12633
171889297746512,171889297765134,171889297775812,171889297778293,171889297784407,171889297784453,265650,93825186940240,4375639744,7,2732,1151,12634
171889306019766,171889306036664,171889306047579,171889306049393,171889306055845,171889306055907,265650,93825186940240,4375639744,7,2732,1151,12635
171889314387457,171889314405724,171889314416469,171889314418621,171889314429865,171889314429934,265650,93825186940240,4375639744,7,2732,1151,12636
171889322752182,171889322776445,171889322788266,171889322791265,171889322801166,171889322801231,265650,93825186940240,4375639744,7,2732,1151,12637
171889331067830,171889331081680,171889331091935,171889331093944,171889331096854,171889331096922,265650,93825186940240,4375639744,7,2732,1151,12638
171889339336574,171889339349838,171889339360463,171889339362266,171889339365536,171889339365598,265650,93825186940240,4375639744,7,2732,1151,12639
171889347718312,171889347733964,171889347745865,171889347748600,171889347753633,171889347753700,265650,93825186940240,4375639744,7,2732,1151,12640
171889356111154,171889356125861,171889356137554,171889356139160,171889356145115,171889356145211,265650,93825186940240,4375639744,7,2732,1151,12641
171889364417115,171889364429921,171889364439203,171889364440281,171889364445761,171889364445829,265650,93825186940240,4375639744,7,2732,1151,12642
171889372825210,171889372874347,171889372885430,171889372886618,171889372892905,171889372892996,265650,93825186940240,4375639744,7,2732,1151,12643
171889381193584,171889381266024,171889381276968,171889381278225,171889381285238,171889381285315,265650,93825186940240,4375639744,7,2732,1151,12644
171889389417194,171889389430723,171889389441457,171889389442944,171889389448829,171889389448907,265650,93825186940240,4375639744,7,2732,1151,12645
171889397787804,171889397800912,171889397811609,171889397812989,171889397818801,171889397818879,265650,93825186940240,4375639744,7,2732,1151,12646
171889406036476,171889406055254,171889406066973,171889406069420,171889406077159,171889406077297,265650,93825186940240,4375639744,7,2732,1151,12647
171889414358884,171889414376630,171889414396619,171889414398602,171889414403335,171889414403427,265650,93825186940240,4375639744,7,2732,1151,12648
171889422690460,171889422707747,171889422719029,171889422721274,171889422726646,171889422726718,265650,93825186940240,4375639744,7,2732,1151,12649
171889431037672,171889431055926,171889431067067,171889431068977,171889431091839,171889431091908,265650,93825186940240,4375639744,7,2732,1151,12650
171889439450321,171889439470109,171889439482222,171889439485024,171889439498667,171889439498733,265650,93825186940240,4375639744,7,2732,1151,12651
171889447699048,171889447716213,171889447726785,171889447728692,171889447739301,171889447739385,265650,93825186940240,4375639744,7,2732,1151,12652
171889456087383,171889456104681,171889456115776,171889456117956,171889456123241,171889456123313,265650,93825186940240,4375639744,7,2732,1151,12653
171889464367617,171889464384981,171889464396261,171889464398405,171889464403440,171889464403499,265650,93825186940240,4375639744,7,2732,1151,12654
171889472752149,171889472776755,171889472788267,171889472791042,171889472800980,171889472801059,265650,93825186940240,4375639744,7,2732,1151,12655
171889481078772,171889481096986,171889481107756,171889481109481,171889481114263,171889481114328,265650,93825186940240,4375639744,7,2732,1151,12656
171889489378133,171889489394341,171889489404796,171889489406679,171889489417209,171889489417272,265650,93825186940240,4375639744,7,2732,1151,12657
171889497697942,171889497714510,171889497725063,171889497727040,171889497738532,171889497738617,265650,93825186940240,4375639744,7,2732,1151,12658
171889506082281,171889506098895,171889506109621,171889506111361,171889506120368,171889506120427,265650,93825186940240,4375639744,7,2732,1151,12659
171889514366752,171889514383759,171889514394436,171889514396421,171889514407172,171889514407353,265650,93825186940240,4375639744,7,2732,1151,12660
171889522706598,171889522725970,171889522736959,171889522739081,171889522749075,171889522749175,265650,93825186940240,4375639744,7,2732,1151,12661
171889531097860,171889531118692,171889531130070,171889531132378,171889531144532,171889531144621,265650,93825186940240,4375639744,7,2732,1151,12662
171889539443260,171889539461998,171889539473546,171889539475771,171889539489221,171889539489304,265650,93825186940240,4375639744,7,2732,1151,12663
171889547714606,171889547734161,171889547745531,171889547748145,171889547758171,171889547758261,265650,93825186940240,4375639744,7,2732,1151,12664
171889556134309,171889556158596,171889556171062,171889556174597,171889556190612,171889556190706,265650,93825186940240,4375639744,7,2732,1151,12665
171889578638926,171889578650965,171889578660219,171889578661898,171889578668140,171889578668205,265650,93825186940240,4375639744,7,2732,1151,12666
171889586944294,171889586957919,171889586969351,171889586970802,171889586975914,171889586975991,265650,93825186940240,4375639744,7,2732,1151,12667
171889595181754,171889595193405,171889595202211,171889595203616,171889595210402,171889595210469,265650,93825186940240,4375639744,7,2732,1151,12668
171889603597437,171889603693510,171889603757810,171889603759191,171889603767408,171889603767500,265650,93825186940240,4375639744,7,2732,1151,12669
171889611901771,171889611921482,171889611933205,171889611935704,171889611943921,171889611944042,265650,93825186940240,4375639744,7,2732,1151,12670
171889620182168,171889620198494,171889620208987,171889620210755,171889620217586,171889620217652,265650,93825186940240,4375639744,7,2732,1151,12671
171889628514551,171889628531445,171889628543180,171889628545266,171889628550852,171889628550917,265650,93825186940240,4375639744,7,2732,1151,12672
171889636891003,171889636905824,171889636917157,171889636918925,171889636924765,171889636924819,265650,93825186940240,4375639744,7,2732,1151,12673
171889645230508,171889645247628,171889645258698,171889645260889,171889645271257,171889645271322,265650,93825186940240,4375639744,7,2732,1151,12674
171889653518751,171889653536216,171889653547711,171889653550764,171889653561556,171889653561608,265650,93825186940240,4375639744,7,2732,1151,12675
171889661910159,171889661927457,171889661938498,171889661941408,171889661951229,171889661951293,265650,93825186940240,4375639744,7,2732,1151,12676
171889670161753,171889670179728,171889670190902,171889670193258,171889670197915,171889670198012,265650,93825186940240,4375639744,7,2732,1151,12677
171889678520531,171889678536578,171889678547887,171889678550404,171889678556568,171889678556645,265650,93825186940240,4375639744,7,2732,1151,12678
171889686876410,171889686896386,171889686907880,171889686910913,171889686917761,171889686917806,265650,93825186940240,4375639744,7,2732,1151,12679
171889695184959,171889695199483,171889695210042,171889695211886,171889695216379,171889695216450,265650,93825186940240,4375639744,7,2732,1151,12680
171889703565149,171889703583342,171889703593984,171889703595840,171889703602073,171889703602135,265650,93825186940240,4375639744,7,2732,1151,12681
171889711892544,171889711910056,171889711921059,171889711922921,171889711930848,171889711930916,265650,93825186940240,4375639744,7,2732,1151,12682
171889720191704,171889720209766,171889720221197,171889720223663,171889720229914,171889720229984,265650,93825186940240,4375639744,7,2732,1151,12683
171889728517719,171889728531911,171889728543012,171889728544993,171889728550090,171889728550159,265650,93825186940240,4375639744,7,2732,1151,12684
171889736929632,171889736952300,171889736964911,171889736967893,171889736980059,171889736980135,265650,93825186940240,4375639744,7,2732,1151,12685
171889745185740,171889745203425,171889745214154,171889745216495,171889745224051,171889745224120,265650,93825186940240,4375639744,7,2732,1151,12686
171889753484684,171889753502653,171889753513898,171889753516240,171889753525626,171889753525698,265650,93825186940240,4375639744,7,2732,1151,12687
171889761897373,171889761914439,171889761925484,171889761927466,171889761937919,171889761937996,265650,93825186940240,4375639744,7,2732,1151,12688
171889770194210,171889770209540,171889770220389,171889770222621,171889770232547,171889770232643,265650,93825186940240,4375639744,7,2732,1151,12689
171889778521623,171889778535156,171889778545640,171889778547447,171889778555082,171889778555148,265650,93825186940240,4375639744,7,2732,1151,12690
171889786867430,171889786886923,171889786897985,171889786900389,171889786905833,171889786905904,265650,93825186940240,4375639744,7,2732,1151,12691
171889795204451,171889795224713,171889795237276,171889795239782,171889795247608,171889795247667,265650,93825186940240,4375639744,7,2732,1151,12692
171889803538763,171889803559348,171889803572352,171889803574645,171889803581546,171889803581614,265650,93825186940240,4375639744,7,2732,1151,12693
171889811917013,171889811936298,171889811947317,171889811950118,171889811956696,171889811956769,265650,93825186940240,4375639744,7,2732,1151,12694
171889820200290,171889820219137,171889820229904,171889820231849,171889820241560,171889820241616,265650,93825186940240,4375639744,7,2732,1151,12695
171889828590135,171889828607785,171889828619508,171889828623018,171889828634169,171889828634214,265650,93825186940240,4375639744,7,2732,1151,12696
171889836857068,171889836873801,171889836884380,171889836886556,171889836894611,171889836894684,265650,93825186940240,4375639744,7,2732,1151,12697
171889845191275,171889845207643,171889845217924,171889845219979,171889845225988,171889845226035,265650,93825186940240,4375639744,7,2732,1151,12698
171889853576588,171889853593435,171889853604221,171889853606420,171889853614160,171889853614209,265650,93825186940240,4375639744,7,2732,1151,12699
171889861913578,171889861931949,171889861942706,171889861945130,171889861955716,171889861955798,265650,93825186940240,4375639744,7,2732,1151,12700
171889870196532,171889870222038,171889870232627,171889870234480,171889870243197,171889870243239,265650,93825186940240,4375639744,7,2732,1151,12701
171889878497905,171889878515383,171889878527082,171889878529437,171889878535684,171889878535760,265650,93825186940240,4375639744,7,2732,1151,12702
171889886913842,171889886930863,171889886942316,171889886944187,171889886950526,171889886950610,265650,93825186940240,4375639744,7,2732,1151,12703
171889895198497,171889895216018,171889895227011,171889895229280,171889895238499,171889895238570,265650,93825186940240,4375639744,7,2732,1151,12704
171889903531980,171889903549288,171889903560103,171889903562100,171889903570655,171889903570718,265650,93825186940240,4375639744,7,2732,1151,12705
171889911907452,171889911924536,171889911935495,171889911937402,171889911943855,171889911943904,265650,93825186940240,4375639744,7,2732,1151,12706
171889920197158,171889920215614,171889920226624,171889920228606,171889920235705,171889920235767,265650,93825186940240,4375639744,7,2732,1151,12707
171889928529024,171889928545082,171889928555695,171889928557443,171889928567768,171889928567831,265650,93825186940240,4375639744,7,2732,1151,12708
171889936924930,171889936941632,171889936952456,171889936954221,171889936961637,171889936961716,265650,93825186940240,4375639744,7,2732,1151,12709
171889945197928,171889945216012,171889945227061,171889945229300,171889945236376,171889945236424,265650,93825186940240,4375639744,7,2732,1151,12710
171889953527658,171889953543160,171889953554077,171889953556125,171889953563121,171889953563204,265650,93825186940240,4375639744,7,2732,1151,12711
171889961914844,171889961932486,171889961943298,171889961945210,171889961950886,171889961950955,265650,93825186940240,4375639744,7,2732,1151,12712
171889970202325,171889970221776,171889970232534,171889970234474,171889970242091,171889970242141,265650,93825186940240,4375639744,7,2732,1151,12713
171889978535760,171889978554059,171889978565411,171889978567315,171889978575610,171889978575698,265650,93825186940240,4375639744,7,2732,1151,12714
171889986916374,171889986934504,171889986945485,171889986947528,171889986958895,171889986958964,265650,93825186940240,4375639744,7,2732,1151,12715
171889995200070,171889995217673,171889995228705,171889995230528,171889995239945,171889995240007,265650,93825186940240,4375639744,7,2732,1151,12716
171890003560492,171890003583273,171890003594412,171890003596624,171890003606365,171890003606413,265650,93825186940240,4375639744,7,2732,1151,12717
171890011937623,171890011957058,171890011967833,171890011970568,171890011976587,171890011976661,265650,93825186940240,4375639744,7,2732,1151,12718
171890020199601,171890020217449,171890020228644,171890020230730,171890020238526,171890020238596,265650,93825186940240,4375639744,7,2732,1151,12719
171890028560719,171890028584729,171890028597672,171890028601218,171890028609687,171890028609748,265650,93825186940240,4375639744,7,2732,1151,12720
171890036922803,171890036944360,171890036957022,171890036959690,171890036966059,171890036966111,265650,93825186940240,4375639744,7,2732,1151,12721
171890045199640,171890045217432,171890045228270,171890045230255,171890045236154,171890045236211,265650,93825186940240,4375639744,7,2732,1151,12722
171890053530659,171890053547215,171890053558667,171890053560498,171890053566662,171890053566725,265650,93825186940240,4375639744,7,2732,1151,12723
171890061919746,171890061937668,171890061949057,171890061951455,171890061957858,171890061957901,265650,93825186940240,4375639744,7,2732,1151,12724
171890070200054,171890070216457,171890070227238,171890070229660,171890070236693,171890070236753,265650,93825186940240,4375639744,7,2732,1151,12725
171890078603047,171890078623524,171890078634932,171890078636889,171890078646691,171890078646749,265650,93825186940240,4375639744,7,2732,1151,12726
171890086921668,171890086941283,171890086952932,171890086955907,171890086962155,171890086962217,265650,93825186940240,4375639744,7,2732,1151,12727
171890095248428,171890095265259,171890095276229,171890095278115,171890095283804,171890095283881,265650,93825186940240,4375639744,7,2732,1151,12728
171890103599703,171890103621861,171890103633547,171890103636293,171890103651296,171890103651355,265650,93825186940240,4375639744,7,2732,1151,12729
171890111868313,171890111885440,171890111896330,171890111898216,171890111905374,171890111905440,265650,93825186940240,4375639744,7,2732,1151,12730
171890120201877,171890120218372,171890120229314,171890120231033,171890120238779,171890120238840,265650,93825186940240,4375639744,7,2732,1151,12731
171890128533455,171890128549510,171890128559977,171890128561656,171890128569335,171890128569415,265650,93825186940240,4375639744,7,2732,1151,12732
171890136912760,171890136934957,171890136945832,171890136947581,171890136954641,171890136954687,265650,93825186940240,4375639744,7,2732,1151,12733
171890145206166,171890145224259,171890145234980,171890145237059,171890145243496,171890145243557,265650,93825186940240,4375639744,7,2732,1151,12734
171890153583528,171890153601848,171890153612793,171890153614563,171890153620682,171890153620739,265650,93825186940240,4375639744,7,2732,1151,12735
171890161916669,171890161934687,171890161945737,171890161947624,171890161952678,171890161952744,265650,93825186940240,4375639744,7,2732,1151,12736
171890170207560,171890170225329,171890170236004,171890170237653,171890170244059,171890170244123,265650,93825186940240,4375639744,7,2732,1151,12737
171890178609577,171890178629682,171890178640662,171890178643352,171890178652967,171890178653023,265650,93825186940240,4375639744,7,2732,1151,12738
171890186931688,171890186952159,171890186965068,171890186968701,171890186975192,171890186975256,265650,93825186940240,4375639744,7,2732,1151,12739
171890195206457,171890195222051,171890195232898,171890195234471,171890195242058,171890195242120,265650,93825186940240,4375639744,7,2732,1151,12740
171890203592834,171890203610821,171890203621295,171890203623054,171890203631061,171890203631124,265650,93825186940240,4375639744,7,2732,1151,12741
171890211912962,171890211929029,171890211939990,171890211941728,171890211948859,171890211948923,265650,93825186940240,4375639744,7,2732,1151,12742
171890220207121,171890220223012,171890220234046,171890220235911,171890220243229,171890220243287,265650,93825186940240,4375639744,7,2732,1151,12743
171890228533441,171890228550780,171890228563653,171890228566291,171890228578958,171890228579016,265650,93825186940240,4375639744,7,2732,1151,12744
171890236932305,171890236953877,171890236966318,171890236969332,171890236977842,171890236977908,265650,93825186940240,4375639744,7,2732,1151,12745
171890245215063,171890245231571,171890245242179,171890245243923,171890245252240,171890245252303,265650,93825186940240,4375639744,7,2732,1151,12746
171890253600490,171890253623202,171890253635737,171890253638782,171890253650322,171890253650384,265650,93825186940240,4375639744,7,2732,1151,12747
171890261921839,171890261937639,171890261948180,171890261949560,171890261958878,171890261958921,265650,93825186940240,4375639744,7,2732,1151,12748
171890270205657,171890270220878,171890270231385,171890270232957,171890270240874,171890270240943,265650,93825186940240,4375639744,7,2732,1151,12749
171890278537169,171890278553310,171890278564337,171890278566135,171890278573805,171890278573857,265650,93825186940240,4375639744,7,2732,1151,12750
171890286871930,171890286887212,171890286897436,171890286899369,171890286907180,171890286907251,265650,93825186940240,4375639744,7,2732,1151,12751
171890295238565,171890295257636,171890295270168,171890295271840,171890295277381,171890295277494,265650,93825186940240,4375639744,7,2732,1151,12752
171890303614254,171890303632359,171890303644066,171890303646405,171890303654987,171890303655082,265650,93825186940240,4375639744,7,2732,1151,12753
171890311948648,171890311965171,171890311976048,171890311977981,171890311983589,171890311983670,265650,93825186940240,4375639744,7,2732,1151,12754
171890320228713,171890320247545,171890320259083,171890320261441,171890320269074,171890320269164,265650,93825186940240,4375639744,7,2732,1151,12755
171890328556849,171890328578036,171890328589790,171890328592306,171890328606452,171890328606508,265650,93825186940240,4375639744,7,2732,1151,12756
171890336962133,171890336983622,171890336995182,171890336998634,171890337012327,171890337012519,265650,93825186940240,4375639744,7,2732,1151,12757
171890345226673,171890345243756,171890345254948,171890345256986,171890345264306,171890345264377,265650,93825186940240,4375639744,7,2732,1151,12758
171890353574930,171890353598003,171890353611414,171890353614479,171890353625912,171890353625998,265650,93825186940240,4375639744,7,2732,1151,12759
171890361915539,171890361938041,171890361950181,171890361953007,171890361961845,171890361961932,265650,93825186940240,4375639744,7,2732,1151,12760
171890370220264,171890370236005,171890370246761,171890370248721,171890370255457,171890370255526,265650,93825186940240,4375639744,7,2732,1151,12761
171890378611468,171890378632252,171890378644589,171890378647132,171890378654078,171890378654147,265650,93825186940240,4375639744,7,2732,1151,12762
171890386924983,171890386946315,171890386957615,171890386959754,171890386969644,171890386969723,265650,93825186940240,4375639744,7,2732,1151,12763
171890395224418,171890395240423,171890395251193,171890395253127,171890395261760,171890395261833,265650,93825186940240,4375639744,7,2732,1151,12764
171890403631403,171890403650983,171890403661706,171890403664047,171890403672414,171890403672481,265650,93825186940240,4375639744,7,2732,1151,12765
171890411913658,171890411933371,171890411943931,171890411945838,171890411955836,171890411955916,265650,93825186940240,4375639744,7,2732,1151,12766
171890420232514,171890420249094,171890420260430,171890420262618,171890420268849,171890420268919,265650,93825186940240,4375639744,7,2732,1151,12767
171890428614489,171890428631552,171890428642803,171890428645337,171890428653031,171890428653118,265650,93825186940240,4375639744,7,2732,1151,12768
171890436961161,171890436981379,171890436993048,171890436996735,171890437004695,171890437004775,265650,93825186940240,4375639744,7,2732,1151,12769
171890445231419,171890445249332,171890445259934,171890445261767,171890445270423,171890445270493,265650,93825186940240,4375639744,7,2732,1151,12770
171890453585984,171890453602622,171890453613848,171890453616201,171890453620905,171890453620983,265650,93825186940240,4375639744,7,2732,1151,12771
171890461959248,171890461980305,171890461992993,171890461996118,171890462015097,171890462015175,265650,93825186940240,4375639744,7,2732,1151,12772
171890470223101,171890470238749,171890470249553,171890470251536,171890470261668,171890470261746,265650,93825186940240,4375639744,7,2732,1151,12773
171890478578061,171890478595551,171890478607433,171890478609925,171890478615474,171890478615577,265650,93825186940240,4375639744,7,2732,1151,12774
171890486896385,171890486913376,171890486924641,171890486926828,171890486933529,171890486933608,265650,93825186940240,4375639744,7,2732,1151,12775
171890495248581,171890495265437,171890495276371,171890495278299,171890495287086,171890495287145,265650,93825186940240,4375639744,7,2732,1151,12776
171890503564298,171890503583808,171890503594797,171890503596984,171890503603875,171890503603933,265650,93825186940240,4375639744,7,2732,1151,12777
171890511943961,171890511961601,171890511972321,171890511974071,171890511982798,171890511982867,265650,93825186940240,4375639744,7,2732,1151,12778
171890520230050,171890520248646,171890520259287,171890520261576,171890520266543,171890520266617,265650,93825186940240,4375639744,7,2732,1151,12779
171890528558542,171890528575951,171890528587350,171890528589363,171890528595353,171890528595416,265650,93825186940240,4375639744,7,2732,1151,12780
171890536948767,171890536971471,171890536983824,171890536986427,171890536997036,171890536997092,265650,93825186940240,4375639744,7,2732,1151,12781
171890545245689,171890545264550,171890545275383,171890545277455,171890545282600,171890545282663,265650,93825186940240,4375639744,7,2732,1151,12782
171890553610275,171890553627957,171890553639897,171890553643374,171890553650615,171890553650673,265650,93825186940240,4375639744,7,2732,1151,12783
171890561948473,171890561963717,171890561974720,171890561976716,171890561981911,171890561981972,265650,93825186940240,4375639744,7,2732,1151,12784
171890570225538,171890570242385,171890570253108,171890570254857,171890570261525,171890570261585,265650,93825186940240,4375639744,7,2732,1151,12785
171890578614932,171890578635162,171890578646783,171890578648588,171890578655216,171890578655278,265650,93825186940240,4375639744,7,2732,1151,12786
171890586931824,171890586952546,171890586964793,171890586967530,171890586976641,171890586976700,265650,93825186940240,4375639744,7,2732,1151,12787
171890595223256,171890595239503,171890595250423,171890595252372,171890595257699,171890595257762,265650,93825186940240,4375639744,7,2732,1151,12788
171890603615798,171890603639339,171890603650377,171890603651963,171890603659037,171890603659094,265650,93825186940240,4375639744,7,2732,1151,12789
171890611957085,171890611980983,171890611993458,171890611996491,171890612016980,171890612017072,265650,93825186940240,4375639744,7,2732,1151,12790
171890620299312,171890620318355,171890620330150,171890620332918,171890620341219,171890620341317,265650,93825186940240,4375639744,7,2732,1151,12791
171890628632757,171890628651853,171890628663446,171890628665741,171890628674737,171890628674818,265650,93825186940240,4375639744,7,2732,1151,12792
171890637010055,171890637029388,171890637041201,171890637043626,171890637059108,171890637059197,265650,93825186940240,4375639744,7,2732,1151,12793
171890657638366,171890657660086,171890657671677,171890657674099,171890657682029,171890657682108,265650,93825186940240,4375639744,7,2732,1151,12794
171890665904103,171890665925069,171890665936676,171890665939319,171890665950391,171890665950478,265650,93825186940240,4375639744,7,2732,1151,12795
171890674241364,171890674262337,171890674274034,171890674276587,171890674289716,171890674289797,265650,93825186940240,4375639744,7,2732,1151,12796
171890682590865,171890682607213,171890682619007,171890682620713,171890682626229,171890682626315,265650,93825186940240,4375639744,7,2732,1151,12797
171890690955590,171890690968826,171890690980175,171890690981157,171890690986373,171890690986462,265650,93825186940240,4375639744,7,2732,1151,12798
171890699195231,171890699208283,171890699219237,171890699220355,171890699226063,171890699226140,265650,93825186940240,4375639744,7,2732,1151,12799
171890707646274,171890707659035,171890707670117,171890707670959,171890707676079,171890707676160,265650,93825186940240,4375639744,7,2732,1151,12800
171890716015357,171890716030154,171890716041218,171890716042307,171890716047868,171890716047948,265650,93825186940240,4375639744,7,2732,1151,12801
171890724248378,171890724262813,171890724273841,171890724274949,171890724283816,171890724283892,265650,93825186940240,4375639744,7,2732,1151,12802
171890732686241,171890732701172,171890732712299,171890732713316,171890732718715,171890732718791,265650,93825186940240,4375639744,7,2732,1151,12803
171890740980503,171890740994851,171890741010167,171890741011542,171890741018094,171890741018165,265650,93825186940240,4375639744,7,2732,1151,12804
171890749240671,171890749254127,171890749265147,171890749266350,171890749271131,171890749271205,265650,93825186940240,4375639744,7,2732,1151,12805
171890757634876,171890757647612,171890757658500,171890757659538,171890757663839,171890757663913,265650,93825186940240,4375639744,7,2732,1151,12806
171890765946425,171890765958340,171890765969056,171890765969929,171890765974916,171890765974993,265650,93825186940240,4375639744,7,2732,1151,12807
171890774310272,171890774323044,171890774334072,171890774334865,171890774339945,171890774340017,265650,93825186940240,4375639744,7,2732,1151,12808
171890782675066,171890782716008,171890782727011,171890782728170,171890782735449,171890782735523,265650,93825186940240,4375639744,7,2732,1151,12809
171890790992958,171890791009165,171890791019860,171890791020726,171890791025619,171890791025689,265650,93825186940240,4375639744,7,2732,1151,12810
171890799291243,171890799303531,171890799314110,171890799314966,171890799319406,171890799319473,265650,93825186940240,4375639744,7,2732,1151,12811
171890807619026,171890807629181,171890807637295,171890807638142,171890807645287,171890807645354,265650,93825186940240,4375639744,7,2732,1151,12812
171890815991458,171890816008558,171890816019601,171890816020905,171890816026841,171890816026910,265650,93825186940240,4375639744,7,2732,1151,12813
171890824192340,171890824201499,171890824209273,171890824210069,171890824215693,171890824215754,265650,93825186940240,4375639744,7,2732,1151,12814
171890832600335,171890832613127,171890832623834,171890832625097,171890832630534,171890832630627,265650,93825186940240,4375639744,7,2732,1151,12815
171890840939101,171890840951958,171890840962742,171890840963772,171890840968732,171890840968814,265650,93825186940240,4375639744,7,2732,1151,12816
171890849224734,171890849235776,171890849243742,171890849244615,171890849252699,171890849252761,265650,93825186940240,4375639744,7,2732,1151,12817
171890857624932,171890857719787,171890857732086,171890857733096,171890857738798,171890857738868,265650,93825186940240,4375639744,7,2732,1151,12818
171890865983746,171890865997842,171890866013335,171890866014556,171890866021987,171890866022066,265650,93825186940240,4375639744,7,2732,1151,12819
171890874239924,171890874252013,171890874262745,171890874263712,171890874269534,171890874269612,265650,93825186940240,4375639744,7,2732,1151,12820
171890882655353,171890882736429,171890882747541,171890882748699,171890882754784,171890882754853,265650,93825186940240,4375639744,7,2732,1151,12821
171890890935152,171890890945059,171890890953897,171890890954872,171890890959654,171890890959711,265650,93825186940240,4375639744,7,2732,1151,12822
171890899247221,171890899259783,171890899270660,171890899271739,171890899277615,171890899277689,265650,93825186940240,4375639744,7,2732,1151,12823
171890907648605,171890907660695,171890907671452,171890907672644,171890907677948,171890907678022,265650,93825186940240,4375639744,7,2732,1151,12824
171890915999508,171890916070717,171890916081960,171890916083152,171890916089400,171890916089478,265650,93825186940240,4375639744,7,2732,1151,12825
171890924204815,171890924217585,171890924228304,171890924229197,171890924234881,171890924234960,265650,93825186940240,4375639744,7,2732,1151,12826
171890932613829,171890932626294,171890932637211,171890932638268,171890932644249,171890932644326,265650,93825186940240,4375639744,7,2732,1151,12827
171890940934918,171890940947434,171890940958130,171890940959029,171890940963455,171890940963530,265650,93825186940240,4375639744,7,2732,1151,12828
171890949221410,171890949241137,171890949252553,171890949255062,171890949261988,171890949262100,265650,93825186940240,4375639744,7,2732,1151,12829
171890957558243,171890957574796,171890957585424,171890957587162,171890957599207,171890957599291,265650,93825186940240,4375639744,7,2732,1151,12830
171890965878494,171890965895530,171890965906669,171890965908582,171890965914748,171890965914802,265650,93825186940240,4375639744,7,2732,1151,12831
171890974212120,171890974227966,171890974238643,171890974240226,171890974250859,171890974250903,265650,93825186940240,4375639744,7,2732,1151,12832
171890982605749,171890982628357,171890982639604,171890982641397,171890982647202,171890982647253,265650,93825186940240,4375639744,7,2732,1151,12833
171890990880906,171890990898377,171890990909240,171890990911276,171890990918444,171890990918490,265650,93825186940240,4375639744,7,2732,1151,12834
171890999206402,171890999222578,171890999232794,171890999234328,171890999243119,171890999243166,265650,93825186940240,4375639744,7,2732,1151,12835
171891007554272,171891007571671,171891007582396,171891007584414,171891007595583,171891007595637,265650,93825186940240,4375639744,7,2732,1151,12836
171891015920433,171891015937638,171891015948393,171891015950489,171891015957249,171891015957311,265650,93825186940240,4375639744,7,2732,1151,12837
171891024205082,171891024220854,171891024231375,171891024233165,171891024238351,171891024238397,265650,93825186940240,4375639744,7,2732,1151,12838
171891032595669,171891032612913,171891032625202,171891032628206,171891032635064,171891032635106,265650,93825186940240,4375639744,7,2732,1151,12839
171891040908149,171891040925760,171891040936628,171891040938479,171891040946874,171891040946934,265650,93825186940240,4375639744,7,2732,1151,12840
171891049267029,171891049283720,171891049294770,171891049296452,171891049307020,171891049307092,265650,93825186940240,4375639744,7,2732,1151,12841
171891057588064,171891057604134,171891057615004,171891057616682,171891057622541,171891057622592,265650,93825186940240,4375639744,7,2732,1151,12842
171891065869828,171891065884870,171891065895706,171891065897362,171891065904532,171891065904589,265650,93825186940240,4375639744,7,2732,1151,12843
171891074201908,171891074217086,171891074227436,171891074229147,171891074234655,171891074234724,265650,93825186940240,4375639744,7,2732,1151,12844
171891082533214,171891082546572,171891082557361,171891082558954,171891082563401,171891082563457,265650,93825186940240,4375639744,7,2732,1151,12845
171891090865715,171891090878240,171891090888782,171891090890210,171891090894762,171891090894820,265650,93825186940240,4375639744,7,2732,1151,12846
171891099193881,171891099206192,171891099216614,171891099218063,171891099221799,171891099221841,265650,93825186940240,4375639744,7,2732,1151,12847
171891107522658,171891107542123,171891107554218,171891107557371,171891107567337,171891107567457,265650,93825186940240,4375639744,7,2732,1151,12848
171891115937423,171891115952836,171891115963755,171891115965800,171891115974694,171891115974775,265650,93825186940240,4375639744,7,2732,1151,12849
171891124210498,171891124222856,171891124233000,171891124234870,171891124243090,171891124243147,265650,93825186940240,4375639744,7,2732,1151,12850
171891132562135,171891132579297,171891132589861,171891132591635,171891132603041,171891132603091,265650,93825186940240,4375639744,7,2732,1151,12851
171891140936346,171891140953349,171891140964220,171891140966233,171891140972906,171891140972966,265650,93825186940240,4375639744,7,2732,1151,12852
171891149227731,171891149245860,171891149257196,171891149259949,171891149271093,171891149271163,265650,93825186940240,4375639744,7,2732,1151,12853
171891157652108,171891157669164,171891157678916,171891157681328,171891157691381,171891157691456,265650,93825186940240,4375639744,7,2732,1151,12854
171891165956910,171891165972130,171891165983890,171891165986170,171891165992784,171891165992886,265650,93825186940240,4375639744,7,2732,1151,12855
171891174272116,171891174307920,171891174319300,171891174321429,171891174329226,171891174329322,265650,93825186940240,4375639744,7,2732,1151,12856
171891182614779,171891182628569,171891182637091,171891182639135,171891182644472,171891182644540,265650,93825186940240,4375639744,7,2732,1151,12857
171891190919456,171891190934590,171891190943588,171891190945894,171891190952798,171891190952867,265650,93825186940240,4375639744,7,2732,1151,12858
171891199242434,171891199257005,171891199266763,171891199268639,171891199274607,171891199274678,265650,93825186940240,4375639744,7,2732,1151,12859
171891207519921,171891207531803,171891207540856,171891207542336,171891207548528,171891207548600,265650,93825186940240,4375639744,7,2732,1151,12860
171891215891584,171891215903976,171891215914941,171891215915972,171891215922448,171891215922544,265650,93825186940240,4375639744,7,2732,1151,12861
171891224232415,171891224245282,171891224256308,171891224257316,171891224261876,171891224261969,265650,93825186940240,4375639744,7,2732,1151,12862
171891232591380,171891232604126,171891232615099,171891232616240,171891232622285,171891232622369,265650,93825186940240,4375639744,7,2732,1151,12863
171891240918492,171891240927766,171891240935897,171891240936578,171891240942135,171891240942195,265650,93825186940240,4375639744,7,2732,1151,12864
171891249264452,171891249273897,171891249281969,171891249282622,171891249285712,171891249285766,265650,93825186940240,4375639744,7,2732,1151,12865
171891257599154,171891257616836,171891257628464,171891257630906,171891257641415,171891257641515,265650,93825186940240,4375639744,7,2732,1151,12866
171891265893418,171891265909993,171891265920566,171891265922375,171891265931141,171891265931197,265650,93825186940240,4375639744,7,2732,1151,12867
171891274217603,171891274233456,171891274243628,171891274245159,171891274254181,171891274254230,265650,93825186940240,4375639744,7,2732,1151,12868
171891282574688,171891282597546,171891282609893,171891282612881,171891282622312,171891282622378,265650,93825186940240,4375639744,7,2732,1151,12869
