start,geometry,clip,blit,flush,end,hwnd,surface,thread,outcome,width,height,commit
171804822726595,171804822745968,171804822756528,171804822757949,171804822767264,171804822767327,265650,93825186940240,4375639744,7,2732,1151,9537
171804831056611,171804831073083,171804831083528,171804831085291,171804831095394,171804831095455,265650,93825186940240,4375639744,7,2732,1151,9538
171804839319408,171804839334874,171804839346015,171804839348204,171804839359665,171804839359749,265650,93825186940240,4375639744,7,2732,1151,9539
171804847689000,171804847703615,171804847714174,171804847716062,171804847724678,171804847724738,265650,93825186940240,4375639744,7,2732,1151,9540
171804856003650,171804856019138,171804856029642,171804856031272,171804856040220,171804856040279,265650,93825186940240,4375639744,7,2732,1151,9541
171804864339020,171804864362762,171804864374776,171804864378142,171804864388191,171804864388304,265650,93825186940240,4375639744,7,2732,1151,9542
171804872722660,171804872739041,171804872750520,171804872752664,171804872761565,171804872761639,265650,93825186940240,4375639744,7,2732,1151,9543
171804880998729,171804881019119,171804881030447,171804881033170,171804881041994,171804881042070,265650,93825186940240,4375639744,7,2732,1151,9544
171804889375909,171804889402644,171804889415904,171804889420383,171804889429094,171804889429171,265650,93825186940240,4375639744,7,2732,1151,9545
171804897753513,171804897768048,171804897777789,171804897779958,171804897788762,171804897788827,265650,93825186940240,4375639744,7,2732,1151,9546
171804906203459,171804906220007,171804906231527,171804906233974,171804906242003,171804906242094,265650,93825186940240,4375639744,7,2732,1151,9547
171804914353549,171804914365798,171804914379001,171804914380990,171804914386942,171804914387016,265650,93825186940240,4375639744,7,2732,1151,9548
171804922769867,171804922783725,171804922795140,171804922797228,171804922804824,171804922804913,265650,93825186940240,4375639744,7,2732,1151,9549
171804931109708,171804931131723,171804931143473,171804931146051,171804931156390,171804931156490,265650,93825186940240,4375639744,7,2732,1151,9550
171804939352211,171804939367182,171804939378721,171804939382295,171804939387810,171804939387872,265650,93825186940240,4375639744,7,2732,1151,9551
171804947733935,171804947746290,171804947757564,171804947760189,171804947765228,171804947765301,265650,93825186940240,4375639744,7,2732,1151,9552
171804956005252,171804956016568,171804956026895,171804956028507,171804956035358,171804956035418,265650,93825186940240,4375639744,7,2732,1151,9553
171804965033813,171804965044780,171804965055729,171804965057890,171804965066695,171804965066752,265650,93825186940240,4375639744,7,2732,1151,9554
171804973392845,171804973403807,171804973414936,171804973417390,171804973423369,171804973423440,265650,93825186940240,4375639744,7,2732,1151,9555
171804981735069,171804981746707,171804981758060,171804981760469,171804981767611,171804981767667,265650,93825186940240,4375639744,7,2732,1151,9556
171804992605149,171804992615683,171804992626381,171804992628089,171804992632337,171804992632400,265650,93825186940240,4375639744,7,2732,1151,9557
171805001086884,171805001099106,171805001110539,171805001112352,171805001122164,171805001122249,265650,93825186940240,4375639744,7,2732,1151,9558
171805009266652,171805009275897,171805009284265,171805009285260,171805009290343,171805009290393,265650,93825186940240,4375639744,7,2732,1151,9559
171805018530157,171805018541626,171805018552832,171805018555308,171805018561006,171805018561118,265650,93825186940240,4375639744,7,2732,1151,9560
171805026848694,171805026861271,171805026872122,171805026874632,171805026882275,171805026882366,265650,93825186940240,4375639744,7,2732,1151,9561
171805035183324,171805035195015,171805035205770,171805035207855,171805035213894,171805035213997,265650,93825186940240,4375639744,7,2732,1151,9562
171805043574555,171805043585218,171805043596046,171805043598193,171805043603454,171805043603523,265650,93825186940240,4375639744,7,2732,1151,9563
171805051854145,171805051872159,171805051883373,171805051885332,171805051891079,171805051891160,265650,93825186940240,4375639744,7,2732,1151,9564
171805060257456,171805060266803,171805060276582,171805060278590,171805060283555,171805060283630,265650,93825186940240,4375639744,7,2732,1151,9565
171805068621162,171805068702362,171805068713062,171805068714149,171805068717494,171805068717577,265650,93825186940240,4375639744,7,2732,1151,9566
171805076931630,171805076943216,171805076953500,171805076954464,171805076959292,171805076959375,265650,93825186940240,4375639744,7,2732,1151,9567
171805085225442,171805085238151,171805085249902,171805085251993,171805085257181,171805085257264,265650,93825186940240,4375639744,7,2732,1151,9568
171805093624725,171805093640758,171805093658035,171805093658748,171805093662834,171805093662900,265650,93825186940240,4375639744,7,2732,1151,9569
171805102037723,171805102049725,171805102061246,171805102062721,171805102068220,171805102068304,265650,93825186940240,4375639744,7,2732,1151,9570
171805110182683,171805110193506,171805110202428,171805110203436,171805110209436,171805110209499,265650,93825186940240,4375639744,7,2732,1151,9571
171805118589604,171805118598426,171805118606547,171805118607584,171805118612301,171805118612363,265650,93825186940240,4375639744,7,2732,1151,9572
171805127019660,171805127057173,171805127068195,171805127069421,171805127075143,171805127075226,265650,93825186940240,4375639744,7,2732,1151,9573
171805135244868,171805135253863,171805135262194,171805135262888,171805135266260,171805135266322,265650,93825186940240,4375639744,7,2732,1151,9574
171805143564880,171805143573217,171805143581037,171805143581584,171805143591528,171805143591575,265650,93825186940240,4375639744,7,2732,1151,9575
171805151915282,171805151927313,171805151938108,171805151939307,171805151943576,171805151943654,265650,93825186940240,4375639744,7,2732,1151,9576
171805160179561,171805160188759,171805160196533,171805160197258,171805160201005,171805160201053,265650,93825186940240,4375639744,7,2732,1151,9577
171805168835359,171805168844723,171805168853335,171805168854263,171805168858585,171805168858650,265650,93825186940240,4375639744,7,2732,1151,9578
171805177227190,171805177242792,171805177254418,171805177256741,171805177260184,171805177260269,265650,93825186940240,4375639744,7,2732,1151,9579
171805185559953,171805185571667,171805185582138,171805185584072,171805185588419,171805185588512,265650,93825186940240,4375639744,7,2732,1151,9580
171805194117917,171805194128746,171805194138919,171805194140920,171805194145792,171805194145872,265650,93825186940240,4375639744,7,2732,1151,9581
171805202466993,171805202477193,171805202485812,171805202486839,171805202490995,171805202491059,265650,93825186940240,4375639744,7,2732,1151,9582
171805210908517,171805210930165,171805210941115,171805210942259,171805210948672,171805210948771,265650,93825186940240,4375639744,7,2732,1151,9583
171805219112402,171805219124400,171805219135597,171805219136700,171805219142638,171805219142720,265650,93825186940240,4375639744,7,2732,1151,9584
171805227467989,171805227477384,171805227486142,171805227487161,171805227491362,171805227491437,265650,93825186940240,4375639744,7,2732,1151,9585
171805235869777,171805235882412,171805235893406,171805235894480,171805235902382,171805235902475,265650,93825186940240,4375639744,7,2732,1151,9586
171805244135812,171805244147581,171805244158331,171805244159406,171805244164596,171805244164691,265650,93825186940240,4375639744,7,2732,1151,9587
171805252464509,171805252476238,171805252486561,171805252487524,171805252492776,171805252492859,265650,93825186940240,4375639744,7,2732,1151,9588
171805260890953,171805260922349,171805260932875,171805260933923,171805260938196,171805260938281,265650,93825186940240,4375639744,7,2732,1151,9589
171805269137725,171805269149621,171805269160192,171805269161070,171805269165445,171805269165530,265650,93825186940240,4375639744,7,2732,1151,9590
171805277486244,171805277495634,171805277504313,171805277505038,171805277510155,171805277510213,265650,93825186940240,4375639744,7,2732,1151,9591
171805285892268,171805285961382,171805285971742,171805285972663,171805285977763,171805285977850,265650,93825186940240,4375639744,7,2732,1151,9592
171805294165899,171805294194493,171805294204863,171805294205597,171805294209785,171805294209864,265650,93825186940240,4375639744,7,2732,1151,9593
171805302506274,171805302515846,171805302524743,171805302525376,171805302529084,171805302529156,265650,93825186940240,4375639744,7,2732,1151,9594
171805310850024,171805310858206,171805310866063,171805310866561,171805310869684,171805310869745,265650,93825186940240,4375639744,7,2732,1151,9595
171805321162964,171805321179364,171805321190412,171805321192818,171805321197268,171805321197342,265650,93825186940240,4375639744,7,2732,1151,9596
171805330426658,171805330437836,171805330448473,171805330450351,171805330457941,171805330458043,265650,93825186940240,4375639744,7,2732,1151,9597
171805340734895,171805340745890,171805340756523,171805340758560,171805340764570,171805340764645,265650,93825186940240,4375639744,7,2732,1151,9598
171805350888288,171805350898846,171805350910925,171805350914199,171805350919070,171805350919129,265650,93825186940240,4375639744,7,2732,1151,9599
171805359215278,171805359228067,171805359238841,171805359240998,171805359248518,171805359248621,265650,93825186940240,4375639744,7,2732,1151,9600
171805367596639,171805367607718,171805367618299,171805367620155,171805367628432,171805367628520,265650,93825186940240,4375639744,7,2732,1151,9601
171805376431470,171805376442844,171805376453292,171805376454999,171805376460475,171805376460549,265650,93825186940240,4375639744,7,2732,1151,9602
171805384739397,171805384751590,171805384762342,171805384764573,171805384770362,171805384770416,265650,93825186940240,4375639744,7,2732,1151,9603
171805393076000,171805393089607,171805393100754,171805393103327,171805393107341,171805393107404,265650,93825186940240,4375639744,7,2732,1151,9604
171805401414037,171805401428809,171805401440136,171805401442310,171805401446782,171805401446876,265650,93825186940240,4375639744,7,2732,1151,9605
171805409744395,171805409756808,171805409767683,171805409770594,171805409776055,171805409776127,265650,93825186940240,4375639744,7,2732,1151,9606
171805429768129,171805429784067,171805429793068,171805429795398,171805429799336,171805429799403,265650,93825186940240,4375639744,7,2732,1151,9607
171805438083064,171805438117553,171805438128643,171805438130142,171805438137453,171805438137530,265650,93825186940240,4375639744,7,2732,1151,9608
171805446299512,171805446310848,171805446319255,171805446320192,171805446324510,171805446324564,265650,93825186940240,4375639744,7,2732,1151,9609
171805454721946,171805454734118,171805454744429,171805454745328,171805454749620,171805454749697,265650,93825186940240,4375639744,7,2732,1151,9610
171805463010774,171805463020626,171805463029014,171805463029699,171805463033753,171805463033812,265650,93825186940240,4375639744,7,2732,1151,9611
171805471329061,171805471359828,171805471376278,171805471377244,171805471382927,171805471382997,265650,93825186940240,4375639744,7,2732,1151,9612
171805479713864,171805479807364,171805479830045,171805479830897,171805479836257,171805479836322,265650,93825186940240,4375639744,7,2732,1151,9613
171805488018477,171805488034515,171805488045922,171805488048454,171805488053999,171805488054095,265650,93825186940240,4375639744,7,2732,1151,9614
171805496329827,171805496347731,171805496358718,171805496360698,171805496367631,171805496367720,265650,93825186940240,4375639744,7,2732,1151,9615
171805504680654,171805504697702,171805504708949,171805504711093,171805504718616,171805504718680,265650,93825186940240,4375639744,7,2732,1151,9616
171805513013815,171805513029498,171805513039818,171805513041851,171805513047644,171805513047703,265650,93825186940240,4375639744,7,2732,1151,9617
171805521302859,171805521319295,171805521330781,171805521333623,171805521341914,171805521341964,265650,93825186940240,4375639744,7,2732,1151,9618
171805529696433,171805529716701,171805529729255,171805529732346,171805529741305,171805529741351,265650,93825186940240,4375639744,7,2732,1151,9619
171805538017970,171805538039705,171805538051094,171805538053047,171805538057802,171805538057863,265650,93825186940240,4375639744,7,2732,1151,9620
171805546300943,171805546316546,171805546326871,171805546328761,171805546333630,171805546333692,265650,93825186940240,4375639744,7,2732,1151,9621
171805554659145,171805554682410,171805554695065,171805554697982,171805554727749,171805554727834,265650,93825186940240,4375639744,7,2732,1151,9622
171805563015948,171805563038426,171805563049742,171805563052008,171805563061579,171805563061663,265650,93825186940240,4375639744,7,2732,1151,9623
171805571290350,171805571300571,171805571309242,171805571310317,171805571317070,171805571317151,265650,93825186940240,4375639744,7,2732,1151,9624
171805579703290,171805579716465,171805579727387,171805579728643,171805579734210,171805579734294,265650,93825186940240,4375639744,7,2732,1151,9625
171805588038141,171805588051854,171805588063480,171805588064639,171805588070668,171805588070738,265650,93825186940240,4375639744,7,2732,1151,9626
171805596302682,171805596312938,171805596320959,171805596321935,171805596329820,171805596329872,265650,93825186940240,4375639744,7,2732,1151,9627
171805604747143,171805604760005,171805604770794,171805604772024,171805604776511,171805604776583,265650,93825186940240,4375639744,7,2732,1151,9628
171805613067437,171805613081345,171805613092316,171805613093503,171805613100672,171805613100764,265650,93825186940240,4375639744,7,2732,1151,9629
171805621303496,171805621316003,171805621326856,171805621327836,171805621334012,171805621334096,265650,93825186940240,4375639744,7,2732,1151,9630
171805629783001,171805629795484,171805629806177,171805629807252,171805629813212,171805629813305,265650,93825186940240,4375639744,7,2732,1151,9631
171805638080505,171805638092606,171805638103266,171805638104299,171805638110893,171805638110987,265650,93825186940240,4375639744,7,2732,1151,9632
171805646442054,171805646459265,171805646469947,171805646470856,171805646475156,171805646475238,265650,93825186940240,4375639744,7,2732,1151,9633
171805654766742,171805654778795,171805654789347,171805654790265,171805654796084,171805654796162,265650,93825186940240,4375639744,7,2732,1151,9634
171805663139167,171805663152315,171805663163235,171805663164412,171805663170068,171805663170155,265650,93825186940240,4375639744,7,2732,1151,9635
171805671310993,171805671320096,171805671328108,171805671329455,171805671336084,171805671336150,265650,93825186940240,4375639744,7,2732,1151,9636
171805679817571,171805679830571,171805679841130,171805679842069,171805679846294,171805679846365,265650,93825186940240,4375639744,7,2732,1151,9637
171805688040324,171805688049293,171805688057274,171805688057890,171805688062897,171805688062952,265650,93825186940240,4375639744,7,2732,1151,9638
171805696328363,171805696341707,171805696352903,171805696353881,171805696360854,171805696360932,265650,93825186940240,4375639744,7,2732,1151,9639
171805704677878,171805704687816,171805704695711,171805704696909,171805704704900,171805704704957,265650,93825186940240,4375639744,7,2732,1151,9640
171805713119469,171805713132743,171805713143528,171805713144644,171805713151201,171805713151279,265650,93825186940240,4375639744,7,2732,1151,9641
171805721304998,171805721314780,171805721322825,171805721323596,171805721330398,171805721330451,265650,93825186940240,4375639744,7,2732,1151,9642
171805729727060,171805729746433,171805729757884,171805729761221,171805729769807,171805729769890,265650,93825186940240,4375639744,7,2732,1151,9643
171805737990465,171805738011462,171805738025127,171805738029122,171805738038640,171805738038734,265650,93825186940240,4375639744,7,2732,1151,9644
171805746311119,171805746324431,171805746336065,171805746339827,171805746345168,171805746345283,265650,93825186940240,4375639744,7,2732,1151,9645
171805754634778,171805754650281,171805754661029,171805754662922,171805754667635,171805754667705,265650,93825186940240,4375639744,7,2732,1151,9646
171805762981367,171805762996861,171805763013478,171805763016414,171805763028719,171805763028773,265650,93825186940240,4375639744,7,2732,1151,9647
171805771318838,171805771341183,171805771353689,171805771357243,171805771366003,171805771366075,265650,93825186940240,4375639744,7,2732,1151,9648
171805779688402,171805779700890,171805779712374,171805779715015,171805779719847,171805779719903,265650,93825186940240,4375639744,7,2732,1151,9649
171805788020409,171805788040859,171805788051844,171805788053920,171805788057123,171805788057196,265650,93825186940240,4375639744,7,2732,1151,9650
171805796328178,171805796339435,171805796348801,171805796350335,171805796355438,171805796355514,265650,93825186940240,4375639744,7,2732,1151,9651
171805804683947,171805804692509,171805804700261,171805804700956,171805804706383,171805804706444,265650,93825186940240,4375639744,7,2732,1151,9652
171805813091074,171805813106599,171805813119289,171805813121666,171805813128418,171805813128499,265650,93825186940240,4375639744,7,2732,1151,9653
171805821394073,171805821406089,171805821417034,171805821418436,171805821423608,171805821423703,265650,93825186940240,4375639744,7,2732,1151,9654
171805829659412,171805829671966,171805829682980,171805829684163,171805829690182,171805829690265,265650,93825186940240,4375639744,7,2732,1151,9655
171805837980834,171805837992388,171805838005421,171805838006913,171805838013587,171805838013664,265650,93825186940240,4375639744,7,2732,1151,9656
171805846309714,171805846321831,171805846332658,171805846334017,171805846340142,171805846340223,265650,93825186940240,4375639744,7,2732,1151,9657
171805854718338,171805854734487,171805854745863,171805854748369,171805854751104,171805854751180,265650,93825186940240,4375639744,7,2732,1151,9658
171805863049592,171805863063526,171805863074518,171805863076415,171805863093419,171805863093607,265650,93825186940240,4375639744,7,2732,1151,9659
171805871324568,171805871336876,171805871347638,171805871349656,171805871353946,171805871354029,265650,93825186940240,4375639744,7,2732,1151,9660
171805879702769,171805879714092,171805879725075,171805879727944,171805879734591,171805879734653,265650,93825186940240,4375639744,7,2732,1151,9661
171805887972783,171805887983992,171805887994604,171805887996611,171805888006736,171805888006796,265650,93825186940240,4375639744,7,2732,1151,9662
171805896410874,171805896421972,171805896432474,171805896434306,171805896438594,171805896438662,265650,93825186940240,4375639744,7,2732,1151,9663
171805904786795,171805904797770,171805904807703,171805904809494,171805904816913,171805904816982,265650,93825186940240,4375639744,7,2732,1151,9664
171805913124713,171805913135840,171805913146098,171805913148236,171805913157025,171805913157108,265650,93825186940240,4375639744,7,2732,1151,9665
171805921419916,171805921431985,171805921443067,171805921445810,171805921455075,171805921455132,265650,93825186940240,4375639744,7,2732,1151,9666
171805929813985,171805929826866,171805929838756,171805929841920,171805929849355,171805929849407,265650,93825186940240,4375639744,7,2732,1151,9667
171805938116558,171805938127591,171805938137647,171805938139495,171805938144671,171805938144731,265650,93825186940240,4375639744,7,2732,1151,9668
171805946409748,171805946420260,171805946430848,171805946432861,171805946438003,171805946438073,265650,93825186940240,4375639744,7,2732,1151,9669
171805954801433,171805954812541,171805954823961,171805954826995,171805954832901,171805954832943,265650,93825186940240,4375639744,7,2732,1151,9670
171805963099747,171805963110418,171805963121633,171805963123307,171805963129257,171805963129309,265650,93825186940240,4375639744,7,2732,1151,9671
171805971746592,171805971757137,171805971767744,171805971769475,171805971773091,171805971773136,265650,93825186940240,4375639744,7,2732,1151,9672
171805980063793,171805980074888,171805980085416,171805980087056,171805980092090,171805980092141,265650,93825186940240,4375639744,7,2732,1151,9673
171805988468451,171805988479175,171805988489380,171805988490919,171805988495078,171805988495135,265650,93825186940240,4375639744,7,2732,1151,9674
171805997207371,171805997217900,171805997228558,171805997230421,171805997235551,171805997235594,265650,93825186940240,4375639744,7,2732,1151,9675
171806005526523,171806005537959,171806005548888,171806005551661,171806005559175,171806005559236,265650,93825186940240,4375639744,7,2732,1151,9676
171806013903111,171806013913971,171806013924675,171806013926642,171806013933967,171806013934030,265650,93825186940240,4375639744,7,2732,1151,9677
171806022392747,171806022403822,171806022414462,171806022416189,171806022422008,171806022422073,265650,93825186940240,4375639744,7,2732,1151,9678
171806030732103,171806030743120,171806030753416,171806030755102,171806030759715,171806030759775,265650,93825186940240,4375639744,7,2732,1151,9679
171806039078167,171806039088995,171806039098811,171806039100150,171806039104953,171806039105018,265650,93825186940240,4375639744,7,2732,1151,9680
171806047965261,171806047976286,171806047986516,171806047988000,171806047991838,171806047991883,265650,93825186940240,4375639744,7,2732,1151,9681
171806056251548,171806056262379,171806056273602,171806056276397,171806056283448,171806056283499,265650,93825186940240,4375639744,7,2732,1151,9682
171806064608246,171806064619200,171806064630698,171806064633352,171806064641317,171806064641375,265650,93825186940240,4375639744,7,2732,1151,9683
171806072897956,171806072908793,171806072918716,171806072920347,171806072924978,171806072925039,265650,93825186940240,4375639744,7,2732,1151,9684
171806081372585,171806081440306,171806081451727,171806081453473,171806081456959,171806081457051,265650,93825186940240,4375639744,7,2732,1151,9685
171806089656474,171806089668043,171806089680956,171806089684932,171806089695939,171806089696027,265650,93825186940240,4375639744,7,2732,1151,9686
171806098631399,171806098643156,171806098654045,171806098656644,171806098661983,171806098662047,265650,93825186940240,4375639744,7,2732,1151,9687
171806107800181,171806107810991,171806107821748,171806107823583,171806107828643,171806107828710,265650,93825186940240,4375639744,7,2732,1151,9688
171806116087091,171806116098267,171806116108940,171806116111169,171806116115374,171806116115431,265650,93825186940240,4375639744,7,2732,1151,9689
171806125428060,171806125439341,171806125451110,171806125453859,171806125458745,171806125458829,265650,93825186940240,4375639744,7,2732,1151,9690
171806133758713,171806133770044,171806133782438,171806133784984,171806133790264,171806133790337,265650,93825186940240,4375639744,7,2732,1151,9691
171806142060516,171806142073874,171806142086604,171806142089750,171806142093989,171806142094049,265650,93825186940240,4375639744,7,2732,1151,9692
171806150445109,171806150457931,171806150470216,171806150472393,171806150480609,171806150480686,265650,93825186940240,4375639744,7,2732,1151,9693
171806158818723,171806158829866,171806158840051,171806158841449,171806158846406,171806158846470,265650,93825186940240,4375639744,7,2732,1151,9694
171806168172732,171806168184934,171806168195896,171806168197827,171806168202584,171806168202648,265650,93825186940240,4375639744,7,2732,1151,9695
171806177610240,171806177620710,171806177631222,171806177632882,171806177636155,171806177636217,265650,93825186940240,4375639744,7,2732,1151,9696
171806185978625,171806185989375,171806186005271,171806186008175,171806186014889,171806186014946,265650,93825186940240,4375639744,7,2732,1151,9697
171806194286568,171806194297975,171806194309624,171806194312551,171806194318767,171806194318814,265650,93825186940240,4375639744,7,2732,1151,9698
171806202574151,171806202584610,171806202594722,171806202596488,171806202600352,171806202600411,265650,93825186940240,4375639744,7,2732,1151,9699
171806210903458,171806210916117,171806210926668,171806210928780,171806210933514,171806210933591,265650,93825186940240,4375639744,7,2732,1151,9700
171806219236285,171806219246796,171806219257238,171806219259193,171806219263221,171806219263280,265650,93825186940240,4375639744,7,2732,1151,9701
171806227591874,171806227605443,171806227616410,171806227618968,171806227627203,171806227627262,265650,93825186940240,4375639744,7,2732,1151,9702
171806235917631,171806235928905,171806235939078,171806235941261,171806235946010,171806235946088,265650,93825186940240,4375639744,7,2732,1151,9703
171806244256537,171806244267412,171806244278671,171806244281294,171806244290764,171806244290842,265650,93825186940240,4375639744,7,2732,1151,9704
171806254109738,171806254120651,171806254131285,171806254133788,171806254139662,171806254139723,265650,93825186940240,4375639744,7,2732,1151,9705
171806262436571,171806262448490,171806262459405,171806262461624,171806262470548,171806262470646,265650,93825186940240,4375639744,7,2732,1151,9706
171806270808013,171806270819656,171806270830521,171806270832402,171806270837861,171806270837936,265650,93825186940240,4375639744,7,2732,1151,9707
171806279100635,171806279111731,171806279122164,171806279124047,171806279128247,171806279128308,265650,93825186940240,4375639744,7,2732,1151,9708
171806287448434,171806287460275,171806287472200,171806287475156,171806287483014,171806287483077,265650,93825186940240,4375639744,7,2732,1151,9709
171806295765253,171806295776159,171806295786363,171806295788159,171806295793312,171806295793376,265650,93825186940240,4375639744,7,2732,1151,9710
171806304048521,171806304059258,171806304069658,171806304071328,171806304076259,171806304076322,265650,93825186940240,4375639744,7,2732,1151,9711
171806312489097,171806312501602,171806312513694,171806312516462,171806312525516,171806312525573,265650,93825186940240,4375639744,7,2732,1151,9712
171806320786039,171806320797299,171806320808711,171806320811489,171806320823032,171806320823092,265650,93825186940240,4375639744,7,2732,1151,9713
171806330284389,171806330295478,171806330305875,171806330307930,171806330316081,171806330316139,265650,93825186940240,4375639744,7,2732,1151,9714
171806338655921,171806338667919,171806338681096,171806338685276,171806338694630,171806338694691,265650,93825186940240,4375639744,7,2732,1151,9715
171806347014367,171806347025154,171806347035423,171806347037166,171806347044566,171806347044627,265650,93825186940240,4375639744,7,2732,1151,9716
171806355283741,171806355294591,171806355305915,171806355308860,171806355319280,171806355319356,265650,93825186940240,4375639744,7,2732,1151,9717
171806363648847,171806363661585,171806363672333,171806363674423,171806363678936,171806363678995,265650,93825186940240,4375639744,7,2732,1151,9718
171806371996950,171806372014127,171806372025449,171806372028574,171806372034879,171806372034965,265650,93825186940240,4375639744,7,2732,1151,9719
171806380571824,171806380583666,171806380613166,171806380618170,171806380623433,171806380623498,265650,93825186940240,4375639744,7,2732,1151,9720
171806388905689,171806388923507,171806388934685,171806388937335,171806388941560,171806388941631,265650,93825186940240,4375639744,7,2732,1151,9721
171806397231008,171806397243326,171806397254041,171806397256186,171806397260021,171806397260093,265650,93825186940240,4375639744,7,2732,1151,9722
171806405580880,171806405593249,171806405604674,171806405607588,171806405612548,171806405612599,265650,93825186940240,4375639744,7,2732,1151,9723
171806413934006,171806413946212,171806413959516,171806413964201,171806413972065,171806413972109,265650,93825186940240,4375639744,7,2732,1151,9724
171806422274143,171806422286956,171806422302164,171806422307865,171806422321396,171806422321443,265650,93825186940240,4375639744,7,2732,1151,9725
171806432593380,171806432605800,171806432616663,171806432619063,171806432623166,171806432623235,265650,93825186940240,4375639744,7,2732,1151,9726
171806440930817,171806440942723,171806440954132,171806440956850,171806440960457,171806440960551,265650,93825186940240,4375639744,7,2732,1151,9727
171806449263337,171806449275077,171806449286486,171806449288800,171806449293355,171806449293423,265650,93825186940240,4375639744,7,2732,1151,9728
171806458053529,171806458064615,171806458075591,171806458077740,171806458081940,171806458082026,265650,93825186940240,4375639744,7,2732,1151,9729
171806466421432,171806466434117,171806466444835,171806466446947,171806466451740,171806466451804,265650,93825186940240,4375639744,7,2732,1151,9730
171806474755425,171806474767653,171806474778386,171806474780543,171806474786687,171806474786753,265650,93825186940240,4375639744,7,2732,1151,9731
171806492650712,171806492680919,171806492692199,171806492694898,171806492701000,171806492701060,265650,93825186940240,4375639744,7,2732,1151,9732
171806500942336,171806500960261,171806500971746,171806500973914,171806500982452,171806500982521,265650,93825186940240,4375639744,7,2732,1151,9733
171806509277877,171806509295698,171806509307475,171806509310016,171806509317439,171806509317506,265650,93825186940240,4375639744,7,2732,1151,9734
171806517667328,171806517686137,171806517704209,171806517709319,171806517722953,171806517723045,265650,93825186940240,4375639744,7,2732,1151,9735
171806525977007,171806525996715,171806526015348,171806526018392,171806526029163,171806526029252,265650,93825186940240,4375639744,7,2732,1151,9736
171806534286284,171806534304770,171806534315660,171806534317820,171806534325380,171806534325462,265650,93825186940240,4375639744,7,2732,1151,9737
171806542612387,171806542629196,171806542639986,171806542641852,171806542646651,171806542646700,265650,93825186940240,4375639744,7,2732,1151,9738
171806550946209,171806550961639,171806550975156,171806550977693,171806550982780,171806550982841,265650,93825186940240,4375639744,7,2732,1151,9739
171806559282720,171806559300684,171806559311960,171806559314706,171806559324336,171806559324397,265650,93825186940240,4375639744,7,2732,1151,9740
171806567677364,171806567696533,171806567708807,171806567711918,171806567718307,171806567718354,265650,93825186940240,4375639744,7,2732,1151,9741
171806575945058,171806575960052,171806575970890,171806575972596,171806575977479,171806575977538,265650,93825186940240,4375639744,7,2732,1151,9742
171806584421414,171806584434414,171806584443810,171806584445419,171806584451966,171806584452046,265650,93825186940240,4375639744,7,2732,1151,9743
171806592670991,171806592681341,171806592689740,171806592690841,171806592696752,171806592696823,265650,93825186940240,4375639744,7,2732,1151,9744
171806601008156,171806601021646,171806601032563,171806601033784,171806601039985,171806601040073,265650,93825186940240,4375639744,7,2732,1151,9745
171806609367564,171806609381007,171806609391964,171806609393286,171806609401047,171806609401130,265650,93825186940240,4375639744,7,2732,1151,9746
171806617739173,171806617791383,171806617802186,171806617803299,171806617810401,171806617810482,265650,93825186940240,4375639744,7,2732,1151,9747
171806626007068,171806626016801,171806626024517,171806626025318,171806626030948,171806626031007,265650,93825186940240,4375639744,7,2732,1151,9748
171806634302962,171806634313057,171806634320890,171806634321679,171806634328928,171806634328993,265650,93825186940240,4375639744,7,2732,1151,9749
171806642635323,171806642644664,171806642652487,171806642653331,171806642658491,171806642658549,265650,93825186940240,4375639744,7,2732,1151,9750
171806651101767,171806651158184,171806651169214,171806651170263,171806651174907,171806651174976,265650,93825186940240,4375639744,7,2732,1151,9751
171806659289928,171806659301571,171806659310901,171806659311900,171806659317277,171806659317333,265650,93825186940240,4375639744,7,2732,1151,9752
171806667699432,171806667711154,171806667721878,171806667722778,171806667728216,171806667728289,265650,93825186940240,4375639744,7,2732,1151,9753
171806676100282,171806676112122,171806676122716,171806676123536,171806676128709,171806676128786,265650,93825186940240,4375639744,7,2732,1151,9754
171806684361968,171806684444806,171806684455354,171806684456484,171806684462174,171806684462259,265650,93825186940240,4375639744,7,2732,1151,9755
171806692618643,171806692628055,171806692635980,171806692636665,171806692641179,171806692641244,265650,93825186940240,4375639744,7,2732,1151,9756
171806701059015,171806701071112,171806701081555,171806701082350,171806701088021,171806701088101,265650,93825186940240,4375639744,7,2732,1151,9757
171806709277735,171806709290994,171806709301972,171806709303055,171806709307689,171806709307768,265650,93825186940240,4375639744,7,2732,1151,9758
171806717765507,171806717786895,171806717797890,171806717798953,171806717803003,171806717803085,265650,93825186940240,4375639744,7,2732,1151,9759
171806726099315,171806726164767,171806726175409,171806726176353,171806726180981,171806726181062,265650,93825186940240,4375639744,7,2732,1151,9760
171806734295108,171806734305773,171806734313982,171806734314883,171806734321393,171806734321454,265650,93825186940240,4375639744,7,2732,1151,9761
171806742753702,171806742802377,171806742812878,171806742813953,171806742819848,171806742819930,265650,93825186940240,4375639744,7,2732,1151,9762
171806750971709,171806750984560,171806750995564,171806750996464,171806751004035,171806751004104,265650,93825186940240,4375639744,7,2732,1151,9763
171806759320729,171806759333421,171806759344378,171806759345222,171806759350296,171806759350378,265650,93825186940240,4375639744,7,2732,1151,9764
171806767701723,171806767715137,171806767725719,171806767727211,171806767734041,171806767734112,265650,93825186940240,4375639744,7,2732,1151,9765
171806776094282,171806776110614,171806776121217,171806776122167,171806776127640,171806776127708,265650,93825186940240,4375639744,7,2732,1151,9766
171806784385325,171806784406485,171806784416931,171806784417765,171806784422424,171806784422507,265650,93825186940240,4375639744,7,2732,1151,9767
171806792711886,171806792726391,171806792737892,171806792739564,171806792747686,171806792747787,265650,93825186940240,4375639744,7,2732,1151,9768
171806801088041,171806801101318,171806801112330,171806801113913,171806801119767,171806801119860,265650,93825186940240,4375639744,7,2732,1151,9769
171806809291862,171806809300869,171806809309219,171806809310080,171806809313581,171806809313649,265650,93825186940240,4375639744,7,2732,1151,9770
171806817653340,171806817662107,171806817669684,171806817670300,171806817675721,171806817675777,265650,93825186940240,4375639744,7,2732,1151,9771
171806826131891,171806826244282,171806826272142,171806826273563,171806826277999,171806826278090,265650,93825186940240,4375639744,7,2732,1151,9772
171806834376961,171806834390450,171806834401502,171806834402888,171806834407478,171806834407562,265650,93825186940240,4375639744,7,2732,1151,9773
171806842725885,171806842738313,171806842749115,171806842750223,171806842756857,171806842756946,265650,93825186940240,4375639744,7,2732,1151,9774
171806850990429,171806851010662,171806851019506,171806851021058,171806851028293,171806851028364,265650,93825186940240,4375639744,7,2732,1151,9775
171806859286446,171806859296625,171806859304493,171806859305492,171806859312184,171806859312250,265650,93825186940240,4375639744,7,2732,1151,9776
171806867684789,171806867708093,171806867720198,171806867723240,171806867730496,171806867730587,265650,93825186940240,4375639744,7,2732,1151,9777
171806875998536,171806876027422,171806876038690,171806876040914,171806876046122,171806876046178,265650,93825186940240,4375639744,7,2732,1151,9778
171806884291937,171806884308837,171806884320244,171806884321989,171806884326320,171806884326401,265650,93825186940240,4375639744,7,2732,1151,9779
171806892629909,171806892647163,171806892659152,171806892662171,171806892671295,171806892671367,265650,93825186940240,4375639744,7,2732,1151,9780
171806900956434,171806900973169,171806900985066,171806900987147,171806900991303,171806900991385,265650,93825186940240,4375639744,7,2732,1151,9781
171806909288359,171806909304678,171806909315477,171806909317140,171806909322680,171806909322752,265650,93825186940240,4375639744,7,2732,1151,9782
171806917638257,171806917656849,171806917667981,171806917669997,171806917673847,171806917673914,265650,93825186940240,4375639744,7,2732,1151,9783
171806925965123,171806925981981,171806925992557,171806925994264,171806925999449,171806925999509,265650,93825186940240,4375639744,7,2732,1151,9784
171806934281080,171806934293580,171806934304993,171806934307294,171806934315291,171806934315337,265650,93825186940240,4375639744,7,2732,1151,9785
171806942716144,171806942739495,171806942752043,171806942755909,171806942766460,171806942766538,265650,93825186940240,4375639744,7,2732,1151,9786
171806950995815,171806951033891,171806951046160,171806951048945,171806951055900,171806951055985,265650,93825186940240,4375639744,7,2732,1151,9787
171806959348196,171806959368784,171806959380574,171806959383632,171806959393508,171806959393583,265650,93825186940240,4375639744,7,2732,1151,9788
171806967644082,171806967658580,171806967669740,171806967672160,171806967677872,171806967677952,265650,93825186940240,4375639744,7,2732,1151,9789
171806975997684,171806976019972,171806976031652,171806976034462,171806976044000,171806976044086,265650,93825186940240,4375639744,7,2732,1151,9790
171806984432493,171806984449640,171806984461905,171806984464251,171806984471513,171806984471610,265650,93825186940240,4375639744,7,2732,1151,9791
171806992646011,171806992662039,171806992673200,171806992675998,171806992678383,171806992678463,265650,93825186940240,4375639744,7,2732,1151,9792
171807001018434,171807001030425,171807001040595,171807001042748,171807001047293,171807001047346,265650,93825186940240,4375639744,7,2732,1151,9793
171807011917616,171807011928907,171807011939754,171807011942687,171807011946135,171807011946192,265650,93825186940240,4375639744,7,2732,1151,9794
171807020209215,171807020219881,171807020230289,171807020232225,171807020235074,171807020235128,265650,93825186940240,4375639744,7,2732,1151,9795
171807028606201,171807028618405,171807028629110,171807028631647,171807028637513,171807028637590,265650,93825186940240,4375639744,7,2732,1151,9796
171807036883166,171807036894509,171807036905090,171807036906959,171807036914315,171807036914385,265650,93825186940240,4375639744,7,2732,1151,9797
171807045212843,171807045224833,171807045235929,171807045238202,171807045241362,171807045241432,265650,93825186940240,4375639744,7,2732,1151,9798
171807053585631,171807053596601,171807053607246,171807053609277,171807053615343,171807053615424,265650,93825186940240,4375639744,7,2732,1151,9799
171807062071468,171807062082478,171807062093087,171807062094888,171807062100095,171807062100157,265650,93825186940240,4375639744,7,2732,1151,9800
171807070391811,171807070402807,171807070413373,171807070414828,171807070419384,171807070419438,265650,93825186940240,4375639744,7,2732,1151,9801
171807078790474,171807078801132,171807078811418,171807078812861,171807078817974,171807078818028,265650,93825186940240,4375639744,7,2732,1151,9802
171807087863680,171807087874661,171807087885301,171807087887215,171807087893086,171807087893145,265650,93825186940240,4375639744,7,2732,1151,9803
171807097199557,171807097210464,171807097221000,171807097222646,171807097229106,171807097229169,265650,93825186940240,4375639744,7,2732,1151,9804
171807105548300,171807105559796,171807105569959,171807105571876,171807105575361,171807105575448,265650,93825186940240,4375639744,7,2732,1151,9805
171807118421534,171807118432163,171807118441363,171807118442956,171807118445615,171807118445672,265650,93825186940240,4375639744,7,2732,1151,9806
171807127105495,171807127117367,171807127125781,171807127126624,171807127131760,171807127131814,265650,93825186940240,4375639744,7,2732,1151,9807
171807135590331,171807135622439,171807135633380,171807135634479,171807135639445,171807135639524,265650,93825186940240,4375639744,7,2732,1151,9808
171807143822064,171807143831113,171807143839528,171807143841032,171807143846283,171807143846348,265650,93825186940240,4375639744,7,2732,1151,9809
171807152104575,171807152113340,171807152121618,171807152122444,171807152126696,171807152126762,265650,93825186940240,4375639744,7,2732,1151,9810
171807161716336,171807161727835,171807161738344,171807161739276,171807161744448,171807161744513,265650,93825186940240,4375639744,7,2732,1151,9811
171807171789193,171807171801418,171807171809710,171807171810732,171807171815804,171807171815860,265650,93825186940240,4375639744,7,2732,1151,9812
171807180112586,171807180126508,171807180137947,171807180139102,171807180143934,171807180144030,265650,93825186940240,4375639744,7,2732,1151,9813
171807188443969,171807188452839,171807188460938,171807188462026,171807188467296,171807188467354,265650,93825186940240,4375639744,7,2732,1151,9814
171807196856205,171807196948335,171807196985953,171807196986883,171807196992234,171807196992312,265650,93825186940240,4375639744,7,2732,1151,9815
171807205228401,171807205241250,171807205251972,171807205252984,171807205258488,171807205258560,265650,93825186940240,4375639744,7,2732,1151,9816
171807213619892,171807213632686,171807213643417,171807213644387,171807213651236,171807213651308,265650,93825186940240,4375639744,7,2732,1151,9817
171807221866053,171807221884992,171807221907335,171807221908659,171807221912228,171807221912302,265650,93825186940240,4375639744,7,2732,1151,9818
171807230218026,171807230231645,171807230242447,171807230243824,171807230249879,171807230250102,265650,93825186940240,4375639744,7,2732,1151,9819
171807238590612,171807238603150,171807238613989,171807238615571,171807238622044,171807238622115,265650,93825186940240,4375639744,7,2732,1151,9820
171807246826305,171807246838852,171807246850273,171807246853175,171807246860188,171807246860265,265650,93825186940240,4375639744,7,2732,1151,9821
171807255124072,171807255141344,171807255153457,171807255156408,171807255162434,171807255162499,265650,93825186940240,4375639744,7,2732,1151,9822
171807263466892,171807263482956,171807263496473,171807263499906,171807263505359,171807263505412,265650,93825186940240,4375639744,7,2732,1151,9823
171807271790663,171807271806203,171807271817729,171807271820598,171807271832183,171807271832259,265650,93825186940240,4375639744,7,2732,1151,9824
171807280110963,171807280125694,171807280136566,171807280138501,171807280141441,171807280141498,265650,93825186940240,4375639744,7,2732,1151,9825
171807288448794,171807288460978,171807288472109,171807288473961,171807288477473,171807288477518,265650,93825186940240,4375639744,7,2732,1151,9826
171807296790092,171807296804403,171807296815636,171807296818457,171807296827597,171807296827642,265650,93825186940240,4375639744,7,2732,1151,9827
171807305109237,171807305124984,171807305136041,171807305137954,171807305141897,171807305141948,265650,93825186940240,4375639744,7,2732,1151,9828
171807313502190,171807313515333,171807313527938,171807313530973,171807313535271,171807313535349,265650,93825186940240,4375639744,7,2732,1151,9829
171807321790563,171807321803921,171807321819350,171807321822378,171807321830740,171807321830797,265650,93825186940240,4375639744,7,2732,1151,9830
171807330107663,171807330119748,171807330130997,171807330133014,171807330136188,171807330136256,265650,93825186940240,4375639744,7,2732,1151,9831
171807338442529,171807338455676,171807338467050,171807338469065,171807338472987,171807338473059,265650,93825186940240,4375639744,7,2732,1151,9832
171807346834953,171807346846904,171807346858022,171807346860079,171807346868865,171807346868924,265650,93825186940240,4375639744,7,2732,1151,9833
171807355166435,171807355182995,171807355194380,171807355196420,171807355203452,171807355203503,265650,93825186940240,4375639744,7,2732,1151,9834
171807363459563,171807363477164,171807363489546,171807363493385,171807363509223,171807363509294,265650,93825186940240,4375639744,7,2732,1151,9835
171807371775536,171807371790853,171807371802556,171807371804837,171807371814462,171807371814523,265650,93825186940240,4375639744,7,2732,1151,9836
171807380150761,171807380163601,171807380173936,171807380175825,171807380179805,171807380179850,265650,93825186940240,4375639744,7,2732,1151,9837
171807388432383,171807388445408,171807388456196,171807388457772,171807388466626,171807388466703,265650,93825186940240,4375639744,7,2732,1151,9838
171807396775622,171807396790255,171807396801296,171807396803394,171807396814275,171807396814341,265650,93825186940240,4375639744,7,2732,1151,9839
171807405129541,171807405145108,171807405156302,171807405158253,171807405162742,171807405162803,265650,93825186940240,4375639744,7,2732,1151,9840
171807413491132,171807413503195,171807413515253,171807413517131,171807413522868,171807413522928,265650,93825186940240,4375639744,7,2732,1151,9841
171807421847019,171807421865826,171807421877186,171807421879784,171807421891229,171807421891314,265650,93825186940240,4375639744,7,2732,1151,9842
171807430160710,171807430180341,171807430191800,171807430194557,171807430203175,171807430203248,265650,93825186940240,4375639744,7,2732,1151,9843
171807438542370,171807438554472,171807438566922,171807438569842,171807438579243,171807438579325,265650,93825186940240,4375639744,7,2732,1151,9844
171807446821449,171807446833801,171807446844650,171807446846349,171807446853355,171807446853441,265650,93825186940240,4375639744,7,2732,1151,9845
171807455113821,171807455125078,171807455135792,171807455137703,171807455143150,171807455143219,265650,93825186940240,4375639744,7,2732,1151,9846
171807466258020,171807466268951,171807466279694,171807466281497,171807466286046,171807466286111,265650,93825186940240,4375639744,7,2732,1151,9847
171807475969923,171807475981243,171807475992022,171807475993984,171807475998904,171807475998997,265650,93825186940240,4375639744,7,2732,1151,9848
171807484304153,171807484315883,171807484327182,171807484329886,171807484335243,171807484335343,265650,93825186940240,4375639744,7,2732,1151,9849
171807494383858,171807494395447,171807494407381,171807494410359,171807494416213,171807494416289,265650,93825186940240,4375639744,7,2732,1151,9850
171807503213172,171807503224183,171807503234762,171807503236478,171807503240682,171807503240753,265650,93825186940240,4375639744,7,2732,1151,9851
171807513297868,171807513308782,171807513319321,171807513321106,171807513325668,171807513325742,265650,93825186940240,4375639744,7,2732,1151,9852
171807521651820,171807521663995,171807521676040,171807521680343,171807521687294,171807521687362,265650,93825186940240,4375639744,7,2732,1151,9853
171807530014039,171807530025066,171807530035609,171807530037397,171807530040378,171807530040457,265650,93825186940240,4375639744,7,2732,1151,9854
171807539527272,171807539538164,171807539550544,171807539552471,171807539556690,171807539556753,265650,93825186940240,4375639744,7,2732,1151,9855
171807556592245,171807556604279,171807556615136,171807556617933,171807556623328,171807556623389,265650,93825186940240,4375639744,7,2732,1151,9856
171807564903806,171807564918849,171807564929617,171807564931619,171807564940752,171807564940812,265650,93825186940240,4375639744,7,2732,1151,9857
171807573237003,171807573249656,171807573270891,171807573273766,171807573280931,171807573280996,265650,93825186940240,4375639744,7,2732,1151,9858
171807581589726,171807581608035,171807581619463,171807581621699,171807581637287,171807581637347,265650,93825186940240,4375639744,7,2732,1151,9859
171807589874134,171807589890265,171807589901546,171807589903721,171807589912642,171807589912714,265650,93825186940240,4375639744,7,2732,1151,9860
171807598239240,171807598254946,171807598266590,171807598268736,171807598281073,171807598281172,265650,93825186940240,4375639744,7,2732,1151,9861
171807606644521,171807606668426,171807606680802,171807606684073,171807606700556,171807606700646,265650,93825186940240,4375639744,7,2732,1151,9862
171807614973429,171807614992247,171807615008256,171807615012162,171807615020068,171807615020129,265650,93825186940240,4375639744,7,2732,1151,9863
171807623238637,171807623254265,171807623264877,171807623267282,171807623273263,171807623273343,265650,93825186940240,4375639744,7,2732,1151,9864
171807631567524,171807631581556,171807631591976,171807631593917,171807631598528,171807631598598,265650,93825186940240,4375639744,7,2732,1151,9865
171807639952314,171807639966454,171807639976662,171807639978378,171807639981985,171807639982060,265650,93825186940240,4375639744,7,2732,1151,9866
171807648247971,171807648263629,171807648274544,171807648276268,171807648286787,171807648286886,265650,93825186940240,4375639744,7,2732,1151,9867
171807656579256,171807656595987,171807656606803,171807656608607,171807656616638,171807656616712,265650,93825186940240,4375639744,7,2732,1151,9868
171807664981175,171807664999114,171807665015503,171807665018286,171807665030509,171807665030577,265650,93825186940240,4375639744,7,2732,1151,9869
171807673232178,171807673246415,171807673256868,171807673258849,171807673267425,171807673267474,265650,93825186940240,4375639744,7,2732,1151,9870
171807681579319,171807681597248,171807681608761,171807681611073,171807681621008,171807681621079,265650,93825186940240,4375639744,7,2732,1151,9871
171807689967176,171807689982696,171807689993246,171807689994816,171807690010027,171807690010214,265650,93825186940240,4375639744,7,2732,1151,9872
171807698239034,171807698253151,171807698264561,171807698267010,171807698279883,171807698279943,265650,93825186940240,4375639744,7,2732,1151,9873
171807706623168,171807706637558,171807706647789,171807706649712,171807706659932,171807706660037,265650,93825186940240,4375639744,7,2732,1151,9874
171807714924307,171807714940641,171807714952028,171807714954732,171807714966610,171807714966673,265650,93825186940240,4375639744,7,2732,1151,9875
171807723241456,171807723255564,171807723266059,171807723268463,171807723277262,171807723277338,265650,93825186940240,4375639744,7,2732,1151,9876
171807731587115,171807731602727,171807731613572,171807731616049,171807731626813,171807731626872,265650,93825186940240,4375639744,7,2732,1151,9877
171807739916229,171807739933162,171807739944824,171807739947039,171807739956626,171807739956691,265650,93825186940240,4375639744,7,2732,1151,9878
171807748224837,171807748237255,171807748247418,171807748248921,171807748255138,171807748255207,265650,93825186940240,4375639744,7,2732,1151,9879
171807756590669,171807756608798,171807756619890,171807756622135,171807756628279,171807756628345,265650,93825186940240,4375639744,7,2732,1151,9880
171807764921996,171807764936288,171807764945272,171807764946406,171807764953945,171807764954015,265650,93825186940240,4375639744,7,2732,1151,9881
171807773262630,171807773284763,171807773294556,171807773295655,171807773300378,171807773300454,265650,93825186940240,4375639744,7,2732,1151,9882
171807781623016,171807781635972,171807781646934,171807781648030,171807781654362,171807781654456,265650,93825186940240,4375639744,7,2732,1151,9883
171807789966081,171807789978561,171807789992321,171807789993273,171807789999404,171807789999496,265650,93825186940240,4375639744,7,2732,1151,9884
171807798247114,171807798271832,171807798283999,171807798285039,171807798293095,171807798293191,265650,93825186940240,4375639744,7,2732,1151,9885
171807806651904,171807806664118,171807806675112,171807806676055,171807806682764,171807806682857,265650,93825186940240,4375639744,7,2732,1151,9886
171807814951350,171807814976766,171807814988416,171807814991071,171807814995755,171807814995841,265650,93825186940240,4375639744,7,2732,1151,9887
171807823293583,171807823307259,171807823316706,171807823318377,171807823323556,171807823323637,265650,93825186940240,4375639744,7,2732,1151,9888
171807831665011,171807831677534,171807831688251,171807831689198,171807831693728,171807831693825,265650,93825186940240,4375639744,7,2732,1151,9889
171807839952785,171807839965075,171807839976185,171807839977074,171807839982008,171807839982091,265650,93825186940240,4375639744,7,2732,1151,9890
171807848271818,171807848281587,171807848289880,171807848290651,171807848293341,171807848293425,265650,93825186940240,4375639744,7,2732,1151,9891
171807856758971,171807856771918,171807856782333,171807856783380,171807856788391,171807856788470,265650,93825186940240,4375639744,7,2732,1151,9892
171807864960786,171807864973145,171807864983749,171807864984766,171807864988678,171807864988751,265650,93825186940240,4375639744,7,2732,1151,9893
171807873255529,171807873267740,171807873278300,171807873279277,171807873283915,171807873283984,265650,93825186940240,4375639744,7,2732,1151,9894
171807881706605,171807881742517,171807881752842,171807881753638,171807881758467,171807881758530,265650,93825186940240,4375639744,7,2732,1151,9895
171807890076877,171807890088326,171807890098670,171807890099483,171807890103665,171807890103734,265650,93825186940240,4375639744,7,2732,1151,9896
171807898297633,171807898309504,171807898320138,171807898320882,171807898325562,171807898325630,265650,93825186940240,4375639744,7,2732,1151,9897
171807906660516,171807906672443,171807906683054,171807906683874,171807906688045,171807906688122,265650,93825186940240,4375639744,7,2732,1151,9898
171807915072138,171807915089530,171807915101180,171807915103545,171807915118332,171807915118432,265650,93825186940240,4375639744,7,2732,1151,9899
171807923276821,171807923297124,171807923308187,171807923310032,171807923320513,171807923320587,265650,93825186940240,4375639744,7,2732,1151,9900
171807931618175,171807931633450,171807931644395,171807931646329,171807931652196,171807931652306,265650,93825186940240,4375639744,7,2732,1151,9901
171807939960619,171807939981185,171807939993187,171807939995851,171807940009869,171807940009986,265650,93825186940240,4375639744,7,2732,1151,9902
171807948255259,171807948270102,171807948281016,171807948282732,171807948289905,171807948289988,265650,93825186940240,4375639744,7,2732,1151,9903
171807956588088,171807956607876,171807956620163,171807956623296,171807956632611,171807956632657,265650,93825186940240,4375639744,7,2732,1151,9904
171807964984553,171807964999174,171807965012453,171807965014114,171807965018702,171807965018760,265650,93825186940240,4375639744,7,2732,1151,9905
171807973247430,171807973262158,171807973273294,171807973275833,171807973284954,171807973285017,265650,93825186940240,4375639744,7,2732,1151,9906
171807981646132,171807981666486,171807981677865,171807981680796,171807981690189,171807981690258,265650,93825186940240,4375639744,7,2732,1151,9907
171807990094666,171807990113630,171807990125447,171807990127281,171807990133314,171807990133410,265650,93825186940240,4375639744,7,2732,1151,9908
171807998257570,171807998269682,171807998278053,171807998278982,171807998285672,171807998285736,265650,93825186940240,4375639744,7,2732,1151,9909
171808006710352,171808006732033,171808006743122,171808006744856,171808006751676,171808006751766,265650,93825186940240,4375639744,7,2732,1151,9910
171808015072160,171808015106935,171808015117903,171808015119346,171808015125910,171808015126001,265650,93825186940240,4375639744,7,2732,1151,9911
171808023346534,171808023358917,171808023369923,171808023371402,171808023379673,171808023379763,265650,93825186940240,4375639744,7,2732,1151,9912
171808031672111,171808031685679,171808031694931,171808031695882,171808031699568,171808031699638,265650,93825186940240,4375639744,7,2732,1151,9913
171808040049163,171808040081758,171808040113312,171808040114377,171808040119486,171808040119571,265650,93825186940240,4375639744,7,2732,1151,9914
171808048264603,171808048296219,171808048311989,171808048315037,171808048321150,171808048321243,265650,93825186940240,4375639744,7,2732,1151,9915
171808056609986,171808056625158,171808056637012,171808056639821,171808056644718,171808056644792,265650,93825186940240,4375639744,7,2732,1151,9916
171808064995025,171808065017641,171808065028297,171808065030265,171808065041644,171808065041847,265650,93825186940240,4375639744,7,2732,1151,9917
171808073251822,171808073265293,171808073276113,171808073278193,171808073282483,171808073282547,265650,93825186940240,4375639744,7,2732,1151,9918
171808081655865,171808081666336,171808081675239,171808081676296,171808081682794,171808081682857,265650,93825186940240,4375639744,7,2732,1151,9919
171808090075500,171808090089150,171808090100415,171808090101626,171808090109160,171808090109241,265650,93825186940240,4375639744,7,2732,1151,9920
171808098255327,171808098269214,171808098280416,171808098281751,171808098288692,171808098288777,265650,93825186940240,4375639744,7,2732,1151,9921
171808106645359,171808106658828,171808106670134,171808106671535,171808106679162,171808106679245,265650,93825186940240,4375639744,7,2732,1151,9922
171808114955761,171808114965287,171808114973574,171808114974534,171808114980330,171808114980391,265650,93825186940240,4375639744,7,2732,1151,9923
171808123274085,171808123284033,171808123292289,171808123293217,171808123299745,171808123299806,265650,93825186940240,4375639744,7,2732,1151,9924
171808131670672,171808131680444,171808131688083,171808131689084,171808131696554,171808131696609,265650,93825186940240,4375639744,7,2732,1151,9925
171808140049799,171808140062387,171808140073195,171808140074429,171808140082041,171808140082128,265650,93825186940240,4375639744,7,2732,1151,9926
171808148250412,171808148262665,171808148273320,171808148274176,171808148277637,171808148277723,265650,93825186940240,4375639744,7,2732,1151,9927
171808156707636,171808156720342,171808156730968,171808156731846,171808156736579,171808156736668,265650,93825186940240,4375639744,7,2732,1151,9928
171808164991553,171808165008848,171808165020254,171808165022130,171808165027957,171808165028039,265650,93825186940240,4375639744,7,2732,1151,9929
171808173255833,171808173268465,171808173279541,171808173280721,171808173285821,171808173285901,265650,93825186940240,4375639744,7,2732,1151,9930
171808181688702,171808181700448,171808181711074,171808181712300,171808181717753,171808181717834,265650,93825186940240,4375639744,7,2732,1151,9931
171808190039498,171808190052417,171808190063195,171808190064319,171808190069064,171808190069144,265650,93825186940240,4375639744,7,2732,1151,9932
171808198301603,171808198314068,171808198324722,171808198325883,171808198330825,171808198330903,265650,93825186940240,4375639744,7,2732,1151,9933
171808206667095,171808206678635,171808206689295,171808206690365,171808206695168,171808206695236,265650,93825186940240,4375639744,7,2732,1151,9934
171808215032267,171808215043833,171808215054387,171808215055397,171808215059893,171808215059960,265650,93825186940240,4375639744,7,2732,1151,9935
171808223405662,171808223417860,171808223428541,171808223429677,171808223434582,171808223434650,265650,93825186940240,4375639744,7,2732,1151,9936
171808231672236,171808231683947,171808231694705,171808231695837,171808231701165,171808231701240,265650,93825186940240,4375639744,7,2732,1151,9937
171808240067416,171808240079592,171808240090640,171808240091861,171808240097051,171808240097128,265650,93825186940240,4375639744,7,2732,1151,9938
171808248332506,171808248344313,171808248355196,171808248356282,171808248361555,171808248361622,265650,93825186940240,4375639744,7,2732,1151,9939
171808256605944,171808256615195,171808256623503,171808256624460,171808256626366,171808256626421,265650,93825186940240,4375639744,7,2732,1151,9940
171808265014987,171808265026742,171808265037744,171808265039126,171808265043364,171808265043443,265650,93825186940240,4375639744,7,2732,1151,9941
171808274732659,171808274741372,171808274749441,171808274750323,171808274754797,171808274754852,265650,93825186940240,4375639744,7,2732,1151,9942
171808283108439,171808283120419,171808283131407,171808283132671,171808283137907,171808283137984,265650,93825186940240,4375639744,7,2732,1151,9943
171808291327713,171808291340775,171808291352523,171808291355438,171808291361417,171808291361520,265650,93825186940240,4375639744,7,2732,1151,9944
171808300233639,171808300244677,171808300255168,171808300256872,171808300261819,171808300261863,265650,93825186940240,4375639744,7,2732,1151,9945
171808308633122,171808308645297,171808308656582,171808308659195,171808308666471,171808308666521,265650,93825186940240,4375639744,7,2732,1151,9946
171808316898835,171808316909622,171808316920310,171808316922129,171808316931127,171808316931200,265650,93825186940240,4375639744,7,2732,1151,9947
171808325231372,171808325242318,171808325252687,171808325254350,171808325261892,171808325261937,265650,93825186940240,4375639744,7,2732,1151,9948
171808333667739,171808333679437,171808333690652,171808333693147,171808333703907,171808333703952,265650,93825186940240,4375639744,7,2732,1151,9949
171808341959646,171808341971217,171808341983038,171808341985556,171808341995170,171808341995231,265650,93825186940240,4375639744,7,2732,1151,9950
171808352866542,171808352877447,171808352887824,171808352889591,171808352895005,171808352895062,265650,93825186940240,4375639744,7,2732,1151,9951
171808361162357,171808361173633,171808361184011,171808361185942,171808361190219,171808361190281,265650,93825186940240,4375639744,7,2732,1151,9952
171808369557195,171808369568135,171808369578418,171808369580274,171808369586833,171808369586902,265650,93825186940240,4375639744,7,2732,1151,9953
171808377891575,171808377902154,171808377912323,171808377913744,171808377921529,171808377921581,265650,93825186940240,4375639744,7,2732,1151,9954
171808386170572,171808386182858,171808386193524,171808386195121,171808386202351,171808386202398,265650,93825186940240,4375639744,7,2732,1151,9955
171808394544557,171808394557787,171808394569154,171808394572307,171808394585815,171808394586038,265650,93825186940240,4375639744,7,2732,1151,9956
171808403818820,171808403829493,171808403840085,171808403842185,171808403847110,171808403847179,265650,93825186940240,4375639744,7,2732,1151,9957
171808412135603,171808412147402,171808412158075,171808412159829,171808412164553,171808412164606,265650,93825186940240,4375639744,7,2732,1151,9958
171808420507828,171808420531254,171808420542682,171808420545193,171808420554806,171808420554903,265650,93825186940240,4375639744,7,2732,1151,9959
171808429027610,171808429042041,171808429053526,171808429056216,171808429070365,171808429070457,265650,93825186940240,4375639744,7,2732,1151,9960
171808437330237,171808437341863,171808437353168,171808437355600,171808437366798,171808437366884,265650,93825186940240,4375639744,7,2732,1151,9961
171808445674135,171808445687904,171808445700451,171808445702807,171808445707167,171808445707249,265650,93825186940240,4375639744,7,2732,1151,9962
171808454567381,171808454576702,171808454585121,171808454586455,171808454590492,171808454590558,265650,93825186940240,4375639744,7,2732,1151,9963
171808462953826,171808462966007,171808462976777,171808462978050,171808462981814,171808462981909,265650,93825186940240,4375639744,7,2732,1151,9964
171808471249243,171808471261447,171808471272840,171808471274001,171808471280422,171808471280517,265650,93825186940240,4375639744,7,2732,1151,9965
171808480270872,171808480279854,171808480288474,171808480289722,171808480293681,171808480293741,265650,93825186940240,4375639744,7,2732,1151,9966
171808490009843,171808490019286,171808490027982,171808490029155,171808490033525,171808490033590,265650,93825186940240,4375639744,7,2732,1151,9967
171808498288463,171808498300617,171808498311128,171808498312248,171808498317117,171808498317197,265650,93825186940240,4375639744,7,2732,1151,9968
171808507542792,171808507552387,171808507561245,171808507561974,171808507565947,171808507566016,265650,93825186940240,4375639744,7,2732,1151,9969
171808515921727,171808515933201,171808515943634,171808515944844,171808515950555,171808515950624,265650,93825186940240,4375639744,7,2732,1151,9970
171808524198985,171808524208236,171808524216944,171808524218860,171808524223308,171808524223379,265650,93825186940240,4375639744,7,2732,1151,9971
171808533993586,171808534004931,171808534013056,171808534013897,171808534018853,171808534018913,265650,93825186940240,4375639744,7,2732,1151,9972
171808542300776,171808542316361,171808542327736,171808542330204,171808542333721,171808542333807,265650,93825186940240,4375639744,7,2732,1151,9973
171808550618582,171808550631738,171808550642341,171808550644419,171808550649803,171808550649893,265650,93825186940240,4375639744,7,2732,1151,9974
171808558954651,171808558969317,171808558980356,171808558982926,171808558998411,171808558998773,265650,93825186940240,4375639744,7,2732,1151,9975
171808567276063,171808567289819,171808567300396,171808567302082,171808567309717,171808567309799,265650,93825186940240,4375639744,7,2732,1151,9976
171808575621196,171808575635771,171808575646741,171808575648957,171808575657173,171808575657259,265650,93825186940240,4375639744,7,2732,1151,9977
171808583965125,171808583981464,171808583992156,171808583994220,171808584008321,171808584008383,265650,93825186940240,4375639744,7,2732,1151,9978
171808592303322,171808592320150,171808592330719,171808592332665,171808592341754,171808592341833,265650,93825186940240,4375639744,7,2732,1151,9979
171808600668440,171808600685354,171808600696154,171808600697994,171808600703576,171808600703618,265650,93825186940240,4375639744,7,2732,1151,9980
171808609111973,171808609197469,171808609209781,171808609212327,171808609221281,171808609221366,265650,93825186940240,4375639744,7,2732,1151,9981
171808621065486,171808621076678,171808621085736,171808621087381,171808621096689,171808621096749,265650,93825186940240,4375639744,7,2732,1151,9982
171808629316201,171808629326158,171808629335202,171808629336292,171808629343475,171808629343552,265650,93825186940240,4375639744,7,2732,1151,9983
171808637722045,171808637736617,171808637747757,171808637749255,171808637758230,171808637758325,265650,93825186940240,4375639744,7,2732,1151,9984
171808646111772,171808646131264,171808646143331,171808646145368,171808646153296,171808646153398,265650,93825186940240,4375639744,7,2732,1151,9985
171808654332386,171808654346710,171808654357859,171808654359087,171808654364057,171808654364142,265650,93825186940240,4375639744,7,2732,1151,9986
171808662767047,171808662779568,171808662790700,171808662791700,171808662797329,171808662797430,265650,93825186940240,4375639744,7,2732,1151,9987
171808671116345,171808671129196,171808671140046,171808671141005,171808671146582,171808671146668,265650,93825186940240,4375639744,7,2732,1151,9988
171808679323246,171808679332558,171808679340843,171808679342107,171808679346537,171808679346601,265650,93825186940240,4375639744,7,2732,1151,9989
171808687750716,171808687763000,171808687773993,171808687775108,171808687780108,171808687780205,265650,93825186940240,4375639744,7,2732,1151,9990
171808696090188,171808696100365,171808696109458,171808696110543,171808696115448,171808696115513,265650,93825186940240,4375639744,7,2732,1151,9991
171808704332419,171808704346251,171808704358043,171808704360762,171808704370880,171808704370980,265650,93825186940240,4375639744,7,2732,1151,9992
171808712713802,171808712728773,171808712739789,171808712742208,171808712750837,171808712750916,265650,93825186940240,4375639744,7,2732,1151,9993
171808721041343,171808721053849,171808721065155,171808721067296,171808721073283,171808721073348,265650,93825186940240,4375639744,7,2732,1151,9994
171808729331017,171808729349502,171808729361028,171808729364003,171808729369944,171808729370013,265650,93825186940240,4375639744,7,2732,1151,9995
171808737657244,171808737673491,171808737684867,171808737687676,171808737699823,171808737699889,265650,93825186940240,4375639744,7,2732,1151,9996
171808746011670,171808746025962,171808746036792,171808746039616,171808746050918,171808746050983,265650,93825186940240,4375639744,7,2732,1151,9997
171808754312837,171808754325431,171808754335840,171808754337828,171808754345856,171808754345907,265650,93825186940240,4375639744,7,2732,1151,9998
171808762698161,171808762712428,171808762722721,171808762724587,171808762733249,171808762733313,265650,93825186940240,4375639744,7,2732,1151,9999
171808771064860,171808771083279,171808771094527,171808771096946,171808771107964,171808771108040,265650,93825186940240,4375639744,7,2732,1151,10000
171808779332879,171808779352437,171808779363960,171808779367095,171808779381872,171808779381944,265650,93825186940240,4375639744,7,2732,1151,10001
171808787731834,171808787752964,171808787764759,171808787767713,171808787781469,171808787781533,265650,93825186940240,4375639744,7,2732,1151,10002
171808796077450,171808796097970,171808796109027,171808796111256,171808796119901,171808796119959,265650,93825186940240,4375639744,7,2732,1151,10003
171808804338380,171808804355020,171808804366554,171808804368814,171808804377193,171808804377288,265650,93825186940240,4375639744,7,2732,1151,10004
171808812662007,171808812677332,171808812688456,171808812690646,171808812697562,171808812697654,265650,93825186940240,4375639744,7,2732,1151,10005
171808821058674,171808821074740,171808821085202,171808821087057,171808821094617,171808821094690,265650,93825186940240,4375639744,7,2732,1151,10006
171808829333393,171808829350303,171808829360919,171808829362846,171808829374741,171808829374841,265650,93825186940240,4375639744,7,2732,1151,10007
171808837700406,171808837727655,171808837738658,171808837740647,171808837748781,171808837748859,265650,93825186940240,4375639744,7,2732,1151,10008
171808845996029,171808846014552,171808846025539,171808846027957,171808846038206,171808846038287,265650,93825186940240,4375639744,7,2732,1151,10009
171808854355088,171808854374937,171808854387197,171808854390639,171808854409556,171808854409645,265650,93825186940240,4375639744,7,2732,1151,10010
171808862680379,171808862700647,171808862712109,171808862714411,171808862723257,171808862723325,265650,93825186940240,4375639744,7,2732,1151,10011
171808871055165,171808871072324,171808871083218,171808871085087,171808871095598,171808871095657,265650,93825186940240,4375639744,7,2732,1151,10012
171808879333293,171808879350337,171808879361615,171808879363524,171808879371247,171808879371395,265650,93825186940240,4375639744,7,2732,1151,10013
171808887674228,171808887690425,171808887701241,171808887703090,171808887710180,171808887710265,265650,93825186940240,4375639744,7,2732,1151,10014
171808896230660,171808896250353,171808896262494,171808896264607,171808896270619,171808896270710,265650,93825186940240,4375639744,7,2732,1151,10015
171808904362997,171808904376424,171808904387226,171808904388730,171808904394380,171808904394457,265650,93825186940240,4375639744,7,2732,1151,10016
171808912742680,171808912755832,171808912766682,171808912767732,171808912772906,171808912772998,265650,93825186940240,4375639744,7,2732,1151,10017
171808921020929,171808921034361,171808921045133,171808921046385,171808921053037,171808921053126,265650,93825186940240,4375639744,7,2732,1151,10018
171808929322617,171808929335217,171808929346022,171808929346968,171808929351527,171808929351613,265650,93825186940240,4375639744,7,2732,1151,10019
171808937772153,171808937812557,171808937823379,171808937824401,171808937829019,171808937829101,265650,93825186940240,4375639744,7,2732,1151,10020
171808946143596,171808946164414,171808946174918,171808946175748,171808946179829,171808946179899,265650,93825186940240,4375639744,7,2732,1151,10021
171808954398252,171808954410129,171808954420598,171808954421217,171808954426120,171808954426180,265650,93825186940240,4375639744,7,2732,1151,10022
171808962757131,171808962768966,171808962779446,171808962780277,171808962784437,171808962784505,265650,93825186940240,4375639744,7,2732,1151,10023
171808971135840,171808971152746,171808971163055,171808971163802,171808971168560,171808971168635,265650,93825186940240,4375639744,7,2732,1151,10024
171808979405766,171808979417728,171808979428280,171808979429085,171808979434322,171808979434391,265650,93825186940240,4375639744,7,2732,1151,10025
171808987762095,171808987775088,171808987785499,171808987786390,171808987790783,171808987790856,265650,93825186940240,4375639744,7,2732,1151,10026
171808996060597,171808996075497,171808996084696,171808996086667,171808996093443,171808996093530,265650,93825186940240,4375639744,7,2732,1151,10027
171809004354089,171809004366784,171809004375843,171809004378365,171809004385271,171809004385339,265650,93825186940240,4375639744,7,2732,1151,10028
171809012767161,171809012787062,171809012799199,171809012802090,171809012812857,171809012812955,265650,93825186940240,4375639744,7,2732,1151,10029
171809021034112,171809021048988,171809021061698,171809021064353,171809021070715,171809021070787,265650,93825186940240,4375639744,7,2732,1151,10030
171809029353930,171809029373378,171809029385191,171809029387700,171809029393715,171809029393823,265650,93825186940240,4375639744,7,2732,1151,10031
171809037685789,171809037703576,171809037715026,171809037717685,171809037725143,171809037725225,265650,93825186940240,4375639744,7,2732,1151,10032
171809046008402,171809046019658,171809046030924,171809046033272,171809046041722,171809046041827,265650,93825186940240,4375639744,7,2732,1151,10033
171809054371605,171809054385560,171809054396952,171809054399987,171809054413863,171809054413932,265650,93825186940240,4375639744,7,2732,1151,10034
171809062708126,171809062719598,171809062730204,171809062732175,171809062739747,171809062739807,265650,93825186940240,4375639744,7,2732,1151,10035
171809071058118,171809071069130,171809071079261,171809071080676,171809071087203,171809071087267,265650,93825186940240,4375639744,7,2732,1151,10036
171809079389829,171809079400283,171809079410377,171809079411701,171809079418027,171809079418106,265650,93825186940240,4375639744,7,2732,1151,10037
171809087663823,171809087674652,171809087684878,171809087686487,171809087693259,171809087693308,265650,93825186940240,4375639744,7,2732,1151,10038
171809095989202,171809096006110,171809096017236,171809096018901,171809096023829,171809096024015,265650,93825186940240,4375639744,7,2732,1151,10039
171809104374485,171809104385435,171809104395972,171809104397670,171809104401955,171809104402012,265650,93825186940240,4375639744,7,2732,1151,10040
171809112775880,171809112788325,171809112800101,171809112803409,171809112815792,171809112815857,265650,93825186940240,4375639744,7,2732,1151,10041
171809121056459,171809121066780,171809121077039,171809121079186,171809121085328,171809121085390,265650,93825186940240,4375639744,7,2732,1151,10042
171809130072620,171809130083450,171809130094032,171809130095797,171809130102339,171809130102398,265650,93825186940240,4375639744,7,2732,1151,10043
171809142537002,171809142548084,171809142558469,171809142560522,171809142565467,171809142565567,265650,93825186940240,4375639744,7,2732,1151,10044
171809150934053,171809150949280,171809150961597,171809150965468,171809150977266,171809150977344,265650,93825186940240,4375639744,7,2732,1151,10045
171809160012035,171809160022509,171809160033083,171809160034849,171809160047153,171809160047212,265650,93825186940240,4375639744,7,2732,1151,10046
171809169233799,171809169243789,171809169253072,171809169254520,171809169259548,171809169259605,265650,93825186940240,4375639744,7,2732,1151,10047
171809177603592,171809177612951,171809177621437,171809177622241,171809177627448,171809177627521,265650,93825186940240,4375639744,7,2732,1151,10048
171809185987104,171809185999020,171809186012263,171809186013374,171809186018903,171809186018981,265650,93825186940240,4375639744,7,2732,1151,10049
171809194257347,171809194269268,171809194279972,171809194281048,171809194286566,171809194286648,265650,93825186940240,4375639744,7,2732,1151,10050
171809202637924,171809202650243,171809202660573,171809202661499,171809202666171,171809202666244,265650,93825186940240,4375639744,7,2732,1151,10051
171809210875881,171809210890149,171809210904359,171809210905433,171809210910751,171809210910823,265650,93825186940240,4375639744,7,2732,1151,10052
171809219250418,171809219263017,171809219274062,171809219275011,171809219281807,171809219281882,265650,93825186940240,4375639744,7,2732,1151,10053
171809227769234,171809227874716,171809227886020,171809227887339,171809227894162,171809227894255,265650,93825186940240,4375639744,7,2732,1151,10054
171809235895311,171809235907795,171809235918661,171809235919936,171809235926635,171809235926727,265650,93825186940240,4375639744,7,2732,1151,10055
171809244220519,171809244244168,171809244266318,171809244267597,171809244273732,171809244273821,265650,93825186940240,4375639744,7,2732,1151,10056
171809252627071,171809252639957,171809252650954,171809252652030,171809252658122,171809252658206,265650,93825186940240,4375639744,7,2732,1151,10057
171809260946885,171809260958422,171809260968981,171809260970154,171809260975181,171809260975271,265650,93825186940240,4375639744,7,2732,1151,10058
171809269204450,171809269216412,171809269227348,171809269228619,171809269234622,171809269234717,265650,93825186940240,4375639744,7,2732,1151,10059
171809277645911,171809277657881,171809277668684,171809277669707,171809277675353,171809277675424,265650,93825186940240,4375639744,7,2732,1151,10060
171809286004389,171809286016960,171809286027847,171809286028815,171809286032961,171809286033036,265650,93825186940240,4375639744,7,2732,1151,10061
171809294253167,171809294266465,171809294277241,171809294278464,171809294284571,171809294284645,265650,93825186940240,4375639744,7,2732,1151,10062
171809302641341,171809302654042,171809302664938,171809302666257,171809302670620,171809302670697,265650,93825186940240,4375639744,7,2732,1151,10063
171809310975338,171809310987261,171809310998033,171809310999156,171809311006503,171809311006576,265650,93825186940240,4375639744,7,2732,1151,10064
171809320044716,171809320061339,171809320072914,171809320075345,171809320081453,171809320081543,265650,93825186940240,4375639744,7,2732,1151,10065
171809328363057,171809328376087,171809328387133,171809328389871,171809328399249,171809328399425,265650,93825186940240,4375639744,7,2732,1151,10066
171809336737627,171809336749279,171809336760426,171809336763097,171809336769884,171809336769950,265650,93825186940240,4375639744,7,2732,1151,10067
171809345446885,171809345458696,171809345469144,171809345471191,171809345476406,171809345476515,265650,93825186940240,4375639744,7,2732,1151,10068
171809353749068,171809353761058,171809353772280,171809353774162,171809353779720,171809353779793,265650,93825186940240,4375639744,7,2732,1151,10069
171809362101551,171809362112902,171809362123353,171809362125225,171809362128976,171809362129035,265650,93825186940240,4375639744,7,2732,1151,10070
171809370587421,171809370617453,171809370629355,171809370631314,171809370638366,171809370638441,265650,93825186940240,4375639744,7,2732,1151,10071
171809378861068,171809378872449,171809378882872,171809378883805,171809378889134,171809378889204,265650,93825186940240,4375639744,7,2732,1151,10072
171809387143044,171809387155544,171809387166856,171809387168425,171809387173960,171809387174046,265650,93825186940240,4375639744,7,2732,1151,10073
171809395471181,171809395479635,171809395487571,171809395488357,171809395492592,171809395492645,265650,93825186940240,4375639744,7,2732,1151,10074
171809403855263,171809403867522,171809403878233,171809403879349,171809403883128,171809403883212,265650,93825186940240,4375639744,7,2732,1151,10075
171809412126495,171809412138822,171809412149532,171809412150615,171809412155530,171809412155600,265650,93825186940240,4375639744,7,2732,1151,10076
171809420450309,171809420460429,171809420468877,171809420469949,171809420474707,171809420474765,265650,93825186940240,4375639744,7,2732,1151,10077
171809428778436,171809428789702,171809428797913,171809428798677,171809428803306,171809428803368,265650,93825186940240,4375639744,7,2732,1151,10078
171809437057391,171809437065883,171809437073665,171809437074321,171809437079006,171809437079060,265650,93825186940240,4375639744,7,2732,1151,10079
171809445659883,171809445669759,171809445678585,171809445679470,171809445683170,171809445683244,265650,93825186940240,4375639744,7,2732,1151,10080
171809456073951,171809456096905,171809456108757,171809456111325,171809456120449,171809456120544,265650,93825186940240,4375639744,7,2732,1151,10081
171809466008201,171809466019944,171809466031039,171809466032652,171809466038128,171809466038202,265650,93825186940240,4375639744,7,2732,1151,10082
171809474367815,171809474380128,171809474391298,171809474394440,171809474400354,171809474400565,265650,93825186940240,4375639744,7,2732,1151,10083
171809482751314,171809482762298,171809482773306,171809482776122,171809482789777,171809482789836,265650,93825186940240,4375639744,7,2732,1151,10084
171809491630910,171809491641376,171809491651640,171809491653194,171809491660077,171809491660140,265650,93825186940240,4375639744,7,2732,1151,10085
171809499935110,171809499945984,171809499956341,171809499957883,171809499961731,171809499961787,265650,93825186940240,4375639744,7,2732,1151,10086
171809510219881,171809510231448,171809510241958,171809510243503,171809510249261,171809510249329,265650,93825186940240,4375639744,7,2732,1151,10087
171809520844278,171809520855087,171809520865729,171809520867599,171809520872267,171809520872326,265650,93825186940240,4375639744,7,2732,1151,10088
171809531445916,171809531454987,171809531463721,171809531465180,171809531472468,171809531472531,265650,93825186940240,4375639744,7,2732,1151,10089
171809539898580,171809539968468,171809539979386,171809539980360,171809539985562,171809539985634,265650,93825186940240,4375639744,7,2732,1151,10090
171809548165945,171809548177624,171809548188060,171809548188900,171809548195352,171809548195422,265650,93825186940240,4375639744,7,2732,1151,10091
171809557163990,171809557173783,171809557183006,171809557184011,171809557188913,171809557188983,265650,93825186940240,4375639744,7,2732,1151,10092
171809565598664,171809565610977,171809565621519,171809565622448,171809565627581,171809565627659,265650,93825186940240,4375639744,7,2732,1151,10093
171809573924835,171809573979310,171809573990471,171809573991995,171809573999725,171809573999804,265650,93825186940240,4375639744,7,2732,1151,10094
171809582172439,171809582206954,171809582218540,171809582219692,171809582225788,171809582225862,265650,93825186940240,4375639744,7,2732,1151,10095
171809590573097,171809590581501,171809590589052,171809590589607,171809590593501,171809590593547,265650,93825186940240,4375639744,7,2732,1151,10096
171809598973947,171809598990778,171809599005479,171809599006803,171809599010109,171809599010198,265650,93825186940240,4375639744,7,2732,1151,10097
171809607258817,171809607271478,171809607282778,171809607284123,171809607288825,171809607288909,265650,93825186940240,4375639744,7,2732,1151,10098
171809615615643,171809615661020,171809615671936,171809615673080,171809615688882,171809615688966,265650,93825186940240,4375639744,7,2732,1151,10099
171809623891737,171809623904696,171809623915934,171809623917301,171809623922532,171809623922624,265650,93825186940240,4375639744,7,2732,1151,10100
171809632184824,171809632197714,171809632208647,171809632209808,171809632216386,171809632216473,265650,93825186940240,4375639744,7,2732,1151,10101
171809640543115,171809640552222,171809640560463,171809640561217,171809640565538,171809640565600,265650,93825186940240,4375639744,7,2732,1151,10102
171809648884007,171809648901234,171809648912783,171809648915570,171809648920768,171809648920862,265650,93825186940240,4375639744,7,2732,1151,10103
171809657523357,171809657534856,171809657545139,171809657547212,171809657552244,171809657552330,265650,93825186940240,4375639744,7,2732,1151,10104
171809665831993,171809665843900,171809665854051,171809665855828,171809665861149,171809665861198,265650,93825186940240,4375639744,7,2732,1151,10105
171809684837889,171809684885229,171809684918006,171809684921070,171809684925652,171809684925724,265650,93825186940240,4375639744,7,2732,1151,10106
171809693224966,171809693239070,171809693250464,171809693252414,171809693259672,171809693259765,265650,93825186940240,4375639744,7,2732,1151,10107
171809701453078,171809701471710,171809701483680,171809701486724,171809701501150,171809701501215,265650,93825186940240,4375639744,7,2732,1151,10108
171809709953871,171809709972318,171809709984026,171809709985884,171809709994031,171809709994121,265650,93825186940240,4375639744,7,2732,1151,10109
171809718181610,171809718194977,171809718205765,171809718207340,171809718213180,171809718213262,265650,93825186940240,4375639744,7,2732,1151,10110
171809726498690,171809726509526,171809726517739,171809726518446,171809726523623,171809726523685,265650,93825186940240,4375639744,7,2732,1151,10111
171809734858070,171809734870666,171809734881293,171809734882125,171809734888594,171809734888679,265650,93825186940240,4375639744,7,2732,1151,10112
171809743143872,171809743155493,171809743165855,171809743166745,171809743171878,171809743171964,265650,93825186940240,4375639744,7,2732,1151,10113
171809751500959,171809751510581,171809751518921,171809751519618,171809751525396,171809751525478,265650,93825186940240,4375639744,7,2732,1151,10114
171809759864531,171809759875904,171809759886381,171809759887075,171809759892407,171809759892573,265650,93825186940240,4375639744,7,2732,1151,10115
171809768193598,171809768228176,171809768238450,171809768239362,171809768245537,171809768245615,265650,93825186940240,4375639744,7,2732,1151,10116
171809776516566,171809776526027,171809776534290,171809776534859,171809776539626,171809776539692,265650,93825186940240,4375639744,7,2732,1151,10117
171809784782419,171809784795966,171809784806673,171809784807687,171809784815196,171809784815264,265650,93825186940240,4375639744,7,2732,1151,10118
171809793128595,171809793141208,171809793151818,171809793152830,171809793158620,171809793158695,265650,93825186940240,4375639744,7,2732,1151,10119
171809801447572,171809801460067,171809801469358,171809801470198,171809801474482,171809801474552,265650,93825186940240,4375639744,7,2732,1151,10120
171809809797793,171809809809269,171809809819549,171809809820513,171809809826287,171809809826364,265650,93825186940240,4375639744,7,2732,1151,10121
171809818069903,171809818083343,171809818094025,171809818095304,171809818100260,171809818100340,265650,93825186940240,4375639744,7,2732,1151,10122
171809826493751,171809826506197,171809826516153,171809826517028,171809826531340,171809826531397,265650,93825186940240,4375639744,7,2732,1151,10123
171809834813267,171809834824256,171809834832604,171809834833732,171809834839647,171809834839698,265650,93825186940240,4375639744,7,2732,1151,10124
171809843208336,171809843220909,171809843231660,171809843232895,171809843237511,171809843237577,265650,93825186940240,4375639744,7,2732,1151,10125
171809851566946,171809851583637,171809851595928,171809851597866,171809851603454,171809851603583,265650,93825186940240,4375639744,7,2732,1151,10126
171809859762299,171809859774638,171809859785813,171809859786802,171809859792964,171809859793061,265650,93825186940240,4375639744,7,2732,1151,10127
171809868172803,171809868186689,171809868198162,171809868199260,171809868206513,171809868206617,265650,93825186940240,4375639744,7,2732,1151,10128
171809876457451,171809876470611,171809876481755,171809876482937,171809876489793,171809876489894,265650,93825186940240,4375639744,7,2732,1151,10129
171809884883661,171809884938884,171809884949756,171809884950866,171809884957411,171809884957505,265650,93825186940240,4375639744,7,2732,1151,10130
171809893147557,171809893221023,171809893231777,171809893232871,171809893238040,171809893238134,265650,93825186940240,4375639744,7,2732,1151,10131
171809901503106,171809901516009,171809901527136,171809901528131,171809901534781,171809901534880,265650,93825186940240,4375639744,7,2732,1151,10132
171809909873029,171809909935811,171809909946689,171809909947645,171809909953158,171809909953254,265650,93825186940240,4375639744,7,2732,1151,10133
171809918128515,171809918141360,171809918152288,171809918153271,171809918160349,171809918160445,265650,93825186940240,4375639744,7,2732,1151,10134
171809926473079,171809926484229,171809926493297,171809926494290,171809926502423,171809926502491,265650,93825186940240,4375639744,7,2732,1151,10135
171809934887318,171809934906780,171809934918317,171809934919710,171809934928012,171809934928108,265650,93825186940240,4375639744,7,2732,1151,10136
171809943132618,171809943146304,171809943157436,171809943158772,171809943167261,171809943167361,265650,93825186940240,4375639744,7,2732,1151,10137
171809951548330,171809951610654,171809951621400,171809951622490,171809951628101,171809951628199,265650,93825186940240,4375639744,7,2732,1151,10138
171809959870596,171809959884314,171809959895550,171809959897071,171809959905280,171809959905368,265650,93825186940240,4375639744,7,2732,1151,10139
171809968089176,171809968099244,171809968107347,171809968108276,171809968115084,171809968115151,265650,93825186940240,4375639744,7,2732,1151,10140
171809976563797,171809976587636,171809976598840,171809976599895,171809976606360,171809976606451,265650,93825186940240,4375639744,7,2732,1151,10141
171809984821652,171809984834825,171809984846015,171809984847226,171809984853530,171809984853623,265650,93825186940240,4375639744,7,2732,1151,10142
171809993128949,171809993142258,171809993153535,171809993154728,171809993161826,171809993161923,265650,93825186940240,4375639744,7,2732,1151,10143
171810001446708,171810001456505,171810001464441,171810001465209,171810001470761,171810001470827,265650,93825186940240,4375639744,7,2732,1151,10144
171810009914135,171810009937707,171810009949002,171810009950126,171810009957446,171810009957543,265650,93825186940240,4375639744,7,2732,1151,10145
171810018036317,171810018046003,171810018054122,171810018054932,171810018059937,171810018060003,265650,93825186940240,4375639744,7,2732,1151,10146
171810026565987,171810026608962,171810026620191,171810026621250,171810026628002,171810026628099,265650,93825186940240,4375639744,7,2732,1151,10147
171810034832453,171810034846055,171810034857230,171810034858353,171810034865759,171810034865855,265650,93825186940240,4375639744,7,2732,1151,10148
171810043098767,171810043108077,171810043116107,171810043117042,171810043123432,171810043123500,265650,93825186940240,4375639744,7,2732,1151,10149
171810051442476,171810051453052,171810051461408,171810051462182,171810051467801,171810051467872,265650,93825186940240,4375639744,7,2732,1151,10150
171810059902674,171810059944557,171810059955807,171810059956837,171810059963938,171810059964031,265650,93825186940240,4375639744,7,2732,1151,10151
171810068026308,171810068036064,171810068044108,171810068044864,171810068050100,171810068050169,265650,93825186940240,4375639744,7,2732,1151,10152
171810076500932,171810076511955,171810076520459,171810076521401,171810076527091,171810076527167,265650,93825186940240,4375639744,7,2732,1151,10153
171810084836259,171810084848333,171810084859145,171810084860076,171810084865703,171810084865790,265650,93825186940240,4375639744,7,2732,1151,10154
171810093138465,171810093171536,171810093193478,171810093194620,171810093200240,171810093200315,265650,93825186940240,4375639744,7,2732,1151,10155
171810101417196,171810101427747,171810101447324,171810101448142,171810101452867,171810101452943,265650,93825186940240,4375639744,7,2732,1151,10156
171810109925592,171810109938768,171810109950025,171810109951235,171810109956043,171810109956118,265650,93825186940240,4375639744,7,2732,1151,10157
171810118083279,171810118115425,171810118132818,171810118136421,171810118144693,171810118144790,265650,93825186940240,4375639744,7,2732,1151,10158
171810126471086,171810126482832,171810126492053,171810126493889,171810126498193,171810126498258,265650,93825186940240,4375639744,7,2732,1151,10159
171810134735846,171810134759168,171810134770254,171810134771524,171810134774738,171810134774812,265650,93825186940240,4375639744,7,2732,1151,10160
171810143184954,171810143198375,171810143209822,171810143211062,171810143216043,171810143216121,265650,93825186940240,4375639744,7,2732,1151,10161
171810151611456,171810151669957,171810151681358,171810151682465,171810151687978,171810151688154,265650,93825186940240,4375639744,7,2732,1151,10162
171810159854411,171810159873657,171810159885544,171810159888070,171810159895617,171810159895719,265650,93825186940240,4375639744,7,2732,1151,10163
171810168173414,171810168186689,171810168198371,171810168199749,171810168207918,171810168208009,265650,93825186940240,4375639744,7,2732,1151,10164
171810176491379,171810176509814,171810176521564,171810176523714,171810176527214,171810176527282,265650,93825186940240,4375639744,7,2732,1151,10165
171810184849182,171810184873116,171810184885763,171810184889125,171810184897763,171810184897820,265650,93825186940240,4375639744,7,2732,1151,10166
171810193104753,171810193120643,171810193131502,171810193133509,171810193138166,171810193138211,265650,93825186940240,4375639744,7,2732,1151,10167
171810201484355,171810201510437,171810201522235,171810201525230,171810201533798,171810201533843,265650,93825186940240,4375639744,7,2732,1151,10168
171810209762005,171810209775223,171810209785641,171810209787210,171810209791883,171810209791929,265650,93825186940240,4375639744,7,2732,1151,10169
171810218068243,171810218084523,171810218095213,171810218096733,171810218103441,171810218103499,265650,93825186940240,4375639744,7,2732,1151,10170
171810226491801,171810226512881,171810226524038,171810226526245,171810226535927,171810226536004,265650,93825186940240,4375639744,7,2732,1151,10171
171810234840335,171810234866616,171810234879099,171810234883405,171810234905306,171810234905405,265650,93825186940240,4375639744,7,2732,1151,10172
171810243082841,171810243100959,171810243111643,171810243114413,171810243130458,171810243130555,265650,93825186940240,4375639744,7,2732,1151,10173
171810251507981,171810251521614,171810251530413,171810251531969,171810251539239,171810251539301,265650,93825186940240,4375639744,7,2732,1151,10174
171810259890346,171810259911676,171810259924387,171810259928418,171810259942831,171810259942917,265650,93825186940240,4375639744,7,2732,1151,10175
171810268061359,171810268074776,171810268085240,171810268086918,171810268094320,171810268094378,265650,93825186940240,4375639744,7,2732,1151,10176
171810276459441,171810276478812,171810276490785,171810276493856,171810276506903,171810276506959,265650,93825186940240,4375639744,7,2732,1151,10177
171810284783905,171810284800526,171810284811548,171810284814146,171810284826227,171810284826290,265650,93825186940240,4375639744,7,2732,1151,10178
171810293099229,171810293112050,171810293127897,171810293129344,171810293138210,171810293138382,265650,93825186940240,4375639744,7,2732,1151,10179
171810301453040,171810301469563,171810301481410,171810301484051,171810301496937,171810301497001,265650,93825186940240,4375639744,7,2732,1151,10180
171810309753471,171810309766330,171810309776860,171810309778607,171810309785263,171810309785327,265650,93825186940240,4375639744,7,2732,1151,10181
171810318114085,171810318126871,171810318138011,171810318139597,171810318145812,171810318145892,265650,93825186940240,4375639744,7,2732,1151,10182
171810326525207,171810326534505,171810326543198,171810326544068,171810326547984,171810326548052,265650,93825186940240,4375639744,7,2732,1151,10183
171810334878675,171810334890760,171810334901249,171810334902132,171810334907582,171810334907651,265650,93825186940240,4375639744,7,2732,1151,10184
171810343180965,171810343210301,171810343220808,171810343221716,171810343236011,171810343236080,265650,93825186940240,4375639744,7,2732,1151,10185
171810351550607,171810351642507,171810351690216,171810351691014,171810351694892,171810351694969,265650,93825186940240,4375639744,7,2732,1151,10186
171810359817402,171810359825885,171810359833433,171810359834170,171810359839819,171810359839870,265650,93825186940240,4375639744,7,2732,1151,10187
171810368203498,171810368215032,171810368225650,171810368226341,171810368231680,171810368231745,265650,93825186940240,4375639744,7,2732,1151,10188
171810376509638,171810376517877,171810376525800,171810376526547,171810376530741,171810376530793,265650,93825186940240,4375639744,7,2732,1151,10189
171810384865179,171810384876641,171810384887446,171810384889994,171810384896306,171810384896391,265650,93825186940240,4375639744,7,2732,1151,10190
171810394776018,171810394786948,171810394797526,171810394799109,171810394803570,171810394803633,265650,93825186940240,4375639744,7,2732,1151,10191
171810403099726,171810403110563,171810403121214,171810403123348,171810403127416,171810403127481,265650,93825186940240,4375639744,7,2732,1151,10192
171810411437232,171810411450598,171810411461334,171810411463273,171810411467876,171810411467942,265650,93825186940240,4375639744,7,2732,1151,10193
171810419860653,171810419880280,171810419891333,171810419894045,171810419906340,171810419906397,265650,93825186940240,4375639744,7,2732,1151,10194
171810428181232,171810428196134,171810428208346,171810428210205,171810428214012,171810428214099,265650,93825186940240,4375639744,7,2732,1151,10195
171810436543055,171810436555330,171810436567043,171810436568522,171810436574290,171810436574368,265650,93825186940240,4375639744,7,2732,1151,10196
171810446767890,171810446785120,171810446796730,171810446799438,171810446806560,171810446806646,265650,93825186940240,4375639744,7,2732,1151,10197
171810455070753,171810455083247,171810455094250,171810455096587,171810455106093,171810455106182,265650,93825186940240,4375639744,7,2732,1151,10198
171810463398027,171810463413689,171810463425613,171810463428876,171810463441040,171810463441114,265650,93825186940240,4375639744,7,2732,1151,10199
171810472920718,171810472931383,171810472942086,171810472943959,171810472949218,171810472949278,265650,93825186940240,4375639744,7,2732,1151,10200
171810481249106,171810481263491,171810481274329,171810481276481,171810481282542,171810481282598,265650,93825186940240,4375639744,7,2732,1151,10201
171810489641025,171810489652846,171810489663758,171810489666006,171810489674389,171810489674503,265650,93825186940240,4375639744,7,2732,1151,10202
171810497909081,171810497920229,171810497930507,171810497932289,171810497940313,171810497940381,265650,93825186940240,4375639744,7,2732,1151,10203
171810506252487,171810506264305,171810506275588,171810506277385,171810506284515,171810506284578,265650,93825186940240,4375639744,7,2732,1151,10204
171810514987355,171810515005176,171810515017513,171810515019462,171810515024130,171810515024220,265650,93825186940240,4375639744,7,2732,1151,10205
171810523263240,171810523272206,171810523280027,171810523280994,171810523284788,171810523284847,265650,93825186940240,4375639744,7,2732,1151,10206
171810532308199,171810532316983,171810532324927,171810532325620,171810532329502,171810532329550,265650,93825186940240,4375639744,7,2732,1151,10207
171810540753326,171810540780952,171810540791776,171810540792587,171810540796628,171810540796700,265650,93825186940240,4375639744,7,2732,1151,10208
171810550485152,171810550493598,171810550501545,171810550502376,171810550506307,171810550506355,265650,93825186940240,4375639744,7,2732,1151,10209
171810558781391,171810558792989,171810558803681,171810558804554,171810558808588,171810558808660,265650,93825186940240,4375639744,7,2732,1151,10210
171810567090815,171810567103089,171810567114363,171810567115302,171810567120226,171810567120302,265650,93825186940240,4375639744,7,2732,1151,10211
171810575527063,171810575597899,171810575619521,171810575620342,171810575626089,171810575626164,265650,93825186940240,4375639744,7,2732,1151,10212
171810583816002,171810583853745,171810583864350,171810583865102,171810583869821,171810583869895,265650,93825186940240,4375639744,7,2732,1151,10213
171810592175909,171810592234347,171810592251846,171810592252602,171810592257472,171810592257546,265650,93825186940240,4375639744,7,2732,1151,10214
171810600427385,171810600436790,171810600445325,171810600446067,171810600450361,171810600450419,265650,93825186940240,4375639744,7,2732,1151,10215
171810608771339,171810608780361,171810608788669,171810608789221,171810608793998,171810608794091,265650,93825186940240,4375639744,7,2732,1151,10216
171810617229584,171810617250471,171810617261911,171810617263041,171810617270019,171810617270098,265650,93825186940240,4375639744,7,2732,1151,10217
171810625450560,171810625460770,171810625469366,171810625470179,171810625475762,171810625475816,265650,93825186940240,4375639744,7,2732,1151,10218
171810633837252,171810633850534,171810633861735,171810633862721,171810633869265,171810633869346,265650,93825186940240,4375639744,7,2732,1151,10219
171810642159402,171810642171833,171810642182792,171810642183828,171810642188610,171810642188683,265650,93825186940240,4375639744,7,2732,1151,10220
171810650467535,171810650477092,171810650485490,171810650486216,171810650490845,171810650490923,265650,93825186940240,4375639744,7,2732,1151,10221
171810658763324,171810658775506,171810658786141,171810658786938,171810658791261,171810658791330,265650,93825186940240,4375639744,7,2732,1151,10222
171810667178467,171810667190785,171810667201827,171810667202686,171810667207295,171810667207364,265650,93825186940240,4375639744,7,2732,1151,10223
171810675445905,171810675454298,171810675461821,171810675462397,171810675466542,171810675466595,265650,93825186940240,4375639744,7,2732,1151,10224
171810683787717,171810683797111,171810683804986,171810683805806,171810683813444,171810683813503,265650,93825186940240,4375639744,7,2732,1151,10225
171810692079903,171810692090627,171810692099015,171810692099849,171810692103480,171810692103537,265650,93825186940240,4375639744,7,2732,1151,10226
171810700400602,171810700410334,171810700418283,171810700419150,171810700422792,171810700422856,265650,93825186940240,4375639744,7,2732,1151,10227
171810708741077,171810708752662,171810708761007,171810708762568,171810708768062,171810708768137,265650,93825186940240,4375639744,7,2732,1151,10228
171810717109617,171810717132396,171810717143585,171810717146313,171810717158015,171810717158104,265650,93825186940240,4375639744,7,2732,1151,10229
171810725431857,171810725448139,171810725458896,171810725461035,171810725466910,171810725467007,265650,93825186940240,4375639744,7,2732,1151,10230
171810733727301,171810733742347,171810733753438,171810733755950,171810733766086,171810733766185,265650,93825186940240,4375639744,7,2732,1151,10231
171810748330591,171810748348072,171810748359062,171810748361377,171810748368821,171810748368893,265650,93825186940240,4375639744,7,2732,1151,10232
171810756674710,171810756690442,171810756701676,171810756704211,171810756715208,171810756715259,265650,93825186940240,4375639744,7,2732,1151,10233
171810765051401,171810765073976,171810765085504,171810765088132,171810765098977,171810765099062,265650,93825186940240,4375639744,7,2732,1151,10234
171810773351600,171810773375711,171810773388251,171810773391571,171810773403286,171810773403364,265650,93825186940240,4375639744,7,2732,1151,10235
171810781672656,171810781690603,171810781701731,171810781703820,171810781713342,171810781713432,265650,93825186940240,4375639744,7,2732,1151,10236
171810789993725,171810790012413,171810790023399,171810790025203,171810790031656,171810790031744,265650,93825186940240,4375639744,7,2732,1151,10237
171810798369859,171810798388007,171810798400553,171810798402277,171810798409344,171810798409431,265650,93825186940240,4375639744,7,2732,1151,10238
171810806656506,171810806673240,171810806684542,171810806686380,171810806694060,171810806694122,265650,93825186940240,4375639744,7,2732,1151,10239
171810815026969,171810815047320,171810815058485,171810815060358,171810815070241,171810815070292,265650,93825186940240,4375639744,7,2732,1151,10240
171810823321613,171810823336684,171810823347917,171810823350749,171810823364870,171810823364951,265650,93825186940240,4375639744,7,2732,1151,10241
171810831743572,171810831764967,171810831777889,171810831780367,171810831791195,171810831791261,265650,93825186940240,4375639744,7,2732,1151,10242
171810839998520,171810840018072,171810840029178,171810840031421,171810840042477,171810840042584,265650,93825186940240,4375639744,7,2732,1151,10243
171810848337437,171810848357907,171810848369186,171810848372387,171810848381265,171810848381338,265650,93825186940240,4375639744,7,2732,1151,10244
171810856724465,171810856742887,171810856753832,171810856756149,171810856765385,171810856765466,265650,93825186940240,4375639744,7,2732,1151,10245
171810865084475,171810865102379,171810865113577,171810865116033,171810865139373,171810865139595,265650,93825186940240,4375639744,7,2732,1151,10246
171810873342768,171810873360367,171810873371606,171810873373866,171810873384050,171810873384131,265650,93825186940240,4375639744,7,2732,1151,10247
171810881742450,171810881764331,171810881776085,171810881779205,171810881792861,171810881792923,265650,93825186940240,4375639744,7,2732,1151,10248
171810890057012,171810890074116,171810890085021,171810890087090,171810890098735,171810890098822,265650,93825186940240,4375639744,7,2732,1151,10249
171810898327750,171810898341567,171810898352298,171810898354031,171810898361814,171810898361877,265650,93825186940240,4375639744,7,2732,1151,10250
171810906748942,171810906769746,171810906778590,171810906780161,171810906784366,171810906784424,265650,93825186940240,4375639744,7,2732,1151,10251
171810914988075,171810915006031,171810915014053,171810915015365,171810915021700,171810915021767,265650,93825186940240,4375639744,7,2732,1151,10252
171810923407708,171810923421514,171810923432775,171810923433947,171810923439888,171810923439982,265650,93825186940240,4375639744,7,2732,1151,10253
171810931775104,171810931789720,171810931801070,171810931802295,171810931809116,171810931809202,265650,93825186940240,4375639744,7,2732,1151,10254
171810940100377,171810940112771,171810940123546,171810940124649,171810940131018,171810940131108,265650,93825186940240,4375639744,7,2732,1151,10255
171810948359129,171810948371733,171810948382499,171810948383507,171810948389104,171810948389185,265650,93825186940240,4375639744,7,2732,1151,10256
171810956824690,171810956838566,171810956849538,171810956850717,171810956855656,171810956855746,265650,93825186940240,4375639744,7,2732,1151,10257
171810965103171,171810965116634,171810965127790,171810965128952,171810965134198,171810965134291,265650,93825186940240,4375639744,7,2732,1151,10258
171810973347029,171810973360405,171810973371463,171810973372543,171810973376638,171810973376729,265650,93825186940240,4375639744,7,2732,1151,10259
171810981838265,171810981874464,171810981885469,171810981886504,171810981892753,171810981892843,265650,93825186940240,4375639744,7,2732,1151,10260
171810990123014,171810990133230,171810990142714,171810990143867,171810990149676,171810990149734,265650,93825186940240,4375639744,7,2732,1151,10261
171810998409897,171810998420059,171810998428683,171810998429499,171810998433975,171810998434030,265650,93825186940240,4375639744,7,2732,1151,10262
171811006700218,171811006711752,171811006722603,171811006723670,171811006727782,171811006727854,265650,93825186940240,4375639744,7,2732,1151,10263
171811016449557,171811016458541,171811016466714,171811016467481,171811016471635,171811016471691,265650,93825186940240,4375639744,7,2732,1151,10264
171811024761941,171811024771938,171811024779841,171811024780757,171811024785418,171811024785473,265650,93825186940240,4375639744,7,2732,1151,10265
171811033205209,171811033252202,171811033264732,171811033265777,171811033271003,171811033271080,265650,93825186940240,4375639744,7,2732,1151,10266
171811042315763,171811042332429,171811042343420,171811042346150,171811042350381,171811042350470,265650,93825186940240,4375639744,7,2732,1151,10267
171811052161232,171811052173690,171811052185661,171811052188351,171811052193094,171811052193188,265650,93825186940240,4375639744,7,2732,1151,10268
171811061795850,171811061809535,171811061821239,171811061824393,171811061829376,171811061829458,265650,93825186940240,4375639744,7,2732,1151,10269
171811070082775,171811070101118,171811070112907,171811070117485,171811070127448,171811070127547,265650,93825186940240,4375639744,7,2732,1151,10270
171811078750547,171811078761995,171811078772802,171811078775220,171811078779682,171811078779766,265650,93825186940240,4375639744,7,2732,1151,10271
171811087198499,171811087209741,171811087219051,171811087221158,171811087227675,171811087227739,265650,93825186940240,4375639744,7,2732,1151,10272
171811095414666,171811095425134,171811095432993,171811095434732,171811095440419,171811095440476,265650,93825186940240,4375639744,7,2732,1151,10273
171811104265639,171811104277171,171811104288277,171811104290569,171811104297745,171811104297830,265650,93825186940240,4375639744,7,2732,1151,10274
171811112636755,171811112650231,171811112661062,171811112663345,171811112671002,171811112671097,265650,93825186940240,4375639744,7,2732,1151,10275
171811120933083,171811120947201,171811120959531,171811120962870,171811120969701,171811120969770,265650,93825186940240,4375639744,7,2732,1151,10276
171811129554804,171811129565640,171811129576105,171811129578071,171811129583070,171811129583145,265650,93825186940240,4375639744,7,2732,1151,10277
171811137894405,171811137909942,171811137921315,171811137923641,171811137928793,171811137928873,265650,93825186940240,4375639744,7,2732,1151,10278
171811146216163,171811146227446,171811146238024,171811146239950,171811146243572,171811146243628,265650,93825186940240,4375639744,7,2732,1151,10279
171811155004881,171811155021986,171811155034434,171811155036055,171811155042223,171811155042307,265650,93825186940240,4375639744,7,2732,1151,10280
171811165512379,171811165520935,171811165528825,171811165529633,171811165534328,171811165534392,265650,93825186940240,4375639744,7,2732,1151,10281
171811173804304,171811173813408,171811173822011,171811173823746,171811173827181,171811173827244,265650,93825186940240,4375639744,7,2732,1151,10282
171811183911014,171811183922821,171811183932515,171811183933347,171811183937329,171811183937397,265650,93825186940240,4375639744,7,2732,1151,10283
171811192677988,171811192687059,171811192695276,171811192696003,171811192699311,171811192699373,265650,93825186940240,4375639744,7,2732,1151,10284
171811203116324,171811203128174,171811203138835,171811203139699,171811203144107,171811203144175,265650,93825186940240,4375639744,7,2732,1151,10285
171811212964431,171811212973802,171811212982028,171811212982703,171811212986452,171811212986513,265650,93825186940240,4375639744,7,2732,1151,10286
171811221282435,171811221291976,171811221300790,171811221301455,171811221305743,171811221305805,265650,93825186940240,4375639744,7,2732,1151,10287
171811231510564,171811231520277,171811231529550,171811231530352,171811231533794,171811231533850,265650,93825186940240,4375639744,7,2732,1151,10288
171811239946005,171811239986461,171811239997183,171811239998126,171811240005912,171811240005984,265650,93825186940240,4375639744,7,2732,1151,10289
171811248210405,171811248222499,171811248233464,171811248234415,171811248239154,171811248239230,265650,93825186940240,4375639744,7,2732,1151,10290
171811256635954,171811256668807,171811256680383,171811256681749,171811256686909,171811256687001,265650,93825186940240,4375639744,7,2732,1151,10291
171811264899641,171811264911400,171811264922505,171811264923520,171811264928603,171811264928679,265650,93825186940240,4375639744,7,2732,1151,10292
171811273189998,171811273202828,171811273214012,171811273214982,171811273220291,171811273220367,265650,93825186940240,4375639744,7,2732,1151,10293
171811281605404,171811281617961,171811281628619,171811281629553,171811281634216,171811281634296,265650,93825186940240,4375639744,7,2732,1151,10294
171811289894059,171811289910776,171811289921957,171811289924161,171811289932316,171811289932424,265650,93825186940240,4375639744,7,2732,1151,10295
171811298174533,171811298222038,171811298233150,171811298235473,171811298242640,171811298242723,265650,93825186940240,4375639744,7,2732,1151,10296
171811306483214,171811306495114,171811306506239,171811306508145,171811306517353,171811306517405,265650,93825186940240,4375639744,7,2732,1151,10297
171811314871229,171811314888906,171811314900864,171811314903085,171811314911950,171811314912039,265650,93825186940240,4375639744,7,2732,1151,10298
171811323158080,171811323176257,171811323187219,171811323189808,171811323203592,171811323203655,265650,93825186940240,4375639744,7,2732,1151,10299
171811331486305,171811331504484,171811331515386,171811331517550,171811331529277,171811331529371,265650,93825186940240,4375639744,7,2732,1151,10300
171811339818517,171811339834269,171811339845642,171811339847279,171811339858330,171811339858388,265650,93825186940240,4375639744,7,2732,1151,10301
171811348137206,171811348150335,171811348169444,171811348171331,171811348177725,171811348177780,265650,93825186940240,4375639744,7,2732,1151,10302
171811356477896,171811356491169,171811356504751,171811356507002,171811356513988,171811356514091,265650,93825186940240,4375639744,7,2732,1151,10303
171811364865539,171811364879306,171811364891306,171811364893955,171811364902127,171811364902212,265650,93825186940240,4375639744,7,2732,1151,10304
171811373153643,171811373166025,171811373177198,171811373179027,171811373185503,171811373185578,265650,93825186940240,4375639744,7,2732,1151,10305
171811381477505,171811381498368,171811381509761,171811381511810,171811381517341,171811381517405,265650,93825186940240,4375639744,7,2732,1151,10306
171811389838352,171811389857129,171811389867603,171811389869247,171811389874824,171811389874888,265650,93825186940240,4375639744,7,2732,1151,10307
171811398170474,171811398186375,171811398197139,171811398198755,171811398207009,171811398207059,265650,93825186940240,4375639744,7,2732,1151,10308
171811406582035,171811406596798,171811406610481,171811406614146,171811406633461,171811406633655,265650,93825186940240,4375639744,7,2732,1151,10309
171811414975602,171811414996114,171811415012499,171811415015508,171811415034085,171811415034186,265650,93825186940240,4375639744,7,2732,1151,10310
171811423307700,171811423381398,171811423394433,171811423398375,171811423405182,171811423405275,265650,93825186940240,4375639744,7,2732,1151,10311
171811431505420,171811431514428,171811431522729,171811431524302,171811431530918,171811431530987,265650,93825186940240,4375639744,7,2732,1151,10312
171811441088188,171811441105879,171811441117527,171811441120032,171811441126000,171811441126096,265650,93825186940240,4375639744,7,2732,1151,10313
171811449457626,171811449470823,171811449481953,171811449483980,171811449490014,171811449490076,265650,93825186940240,4375639744,7,2732,1151,10314
171811457784141,171811457793238,171811457801950,171811457803354,171811457807462,171811457807525,265650,93825186940240,4375639744,7,2732,1151,10315
171811466206748,171811466218444,171811466229165,171811466230174,171811466234703,171811466234794,265650,93825186940240,4375639744,7,2732,1151,10316
171811474455768,171811474466199,171811474474212,171811474474896,171811474479558,171811474479625,265650,93825186940240,4375639744,7,2732,1151,10317
171811482755473,171811482764773,171811482773040,171811482773667,171811482777095,171811482777162,265650,93825186940240,4375639744,7,2732,1151,10318
171811491221498,171811491237084,171811491248401,171811491250971,171811491256587,171811491256671,265650,93825186940240,4375639744,7,2732,1151,10319
171811499432665,171811499446860,171811499458585,171811499461283,171811499471438,171811499471511,265650,93825186940240,4375639744,7,2732,1151,10320
171811507727745,171811507742490,171811507753181,171811507755354,171811507760649,171811507760719,265650,93825186940240,4375639744,7,2732,1151,10321
171811516106212,171811516118817,171811516129815,171811516131645,171811516137613,171811516137667,265650,93825186940240,4375639744,7,2732,1151,10322
171811524435323,171811524447817,171811524459882,171811524462329,171811524470054,171811524470130,265650,93825186940240,4375639744,7,2732,1151,10323
171811532709520,171811532721149,171811532731459,171811532732542,171811532736467,171811532736542,265650,93825186940240,4375639744,7,2732,1151,10324
171811541060874,171811541074062,171811541085454,171811541087790,171811541093376,171811541093486,265650,93825186940240,4375639744,7,2732,1151,10325
171811550532486,171811550544388,171811550555174,171811550557134,171811550561482,171811550561569,265650,93825186940240,4375639744,7,2732,1151,10326
171811558983623,171811559001741,171811559013873,171811559015470,171811559019897,171811559019992,265650,93825186940240,4375639744,7,2732,1151,10327
171811567873598,171811567889259,171811567900293,171811567901567,171811567905978,171811567906059,265650,93825186940240,4375639744,7,2732,1151,10328
171811576080335,171811576089224,171811576097306,171811576098556,171811576101635,171811576101693,265650,93825186940240,4375639744,7,2732,1151,10329
171811585590706,171811585599318,171811585607215,171811585608165,171811585611031,171811585611089,265650,93825186940240,4375639744,7,2732,1151,10330
171811597684245,171811597695678,171811597706562,171811597709104,171811597714579,171811597714683,265650,93825186940240,4375639744,7,2732,1151,10331
171811606042993,171811606055572,171811606067256,171811606070197,171811606078295,171811606078364,265650,93825186940240,4375639744,7,2732,1151,10332
171811614486486,171811614497370,171811614508133,171811614512132,171811614520020,171811614520081,265650,93825186940240,4375639744,7,2732,1151,10333
171811625241144,171811625251626,171811625262133,171811625263698,171811625270426,171811625270484,265650,93825186940240,4375639744,7,2732,1151,10334
171811634836013,171811634846644,171811634857383,171811634859045,171811634863125,171811634863182,265650,93825186940240,4375639744,7,2732,1151,10335
171811643167924,171811643179424,171811643189671,171811643191819,171811643196756,171811643196826,265650,93825186940240,4375639744,7,2732,1151,10336
171811651495920,171811651509351,171811651519891,171811651522192,171811651529418,171811651529590,265650,93825186940240,4375639744,7,2732,1151,10337
171811659869713,171811659881063,171811659891345,171811659892696,171811659899854,171811659899912,265650,93825186940240,4375639744,7,2732,1151,10338
171811668155525,171811668166092,171811668176024,171811668177349,171811668181485,171811668181543,265650,93825186940240,4375639744,7,2732,1151,10339
171811676571163,171811676592662,171811676605482,171811676608570,171811676622752,171811676622824,265650,93825186940240,4375639744,7,2732,1151,10340
171811684856429,171811684867804,171811684879024,171811684881779,171811684889706,171811684889786,265650,93825186940240,4375639744,7,2732,1151,10341
171811693161794,171811693173098,171811693183973,171811693185583,171811693190309,171811693190398,265650,93825186940240,4375639744,7,2732,1151,10342
171811701532014,171811701544038,171811701554612,171811701556385,171811701561657,171811701561717,265650,93825186940240,4375639744,7,2732,1151,10343
171811709880371,171811709894174,171811709905483,171811709907528,171811709913804,171811709913851,265650,93825186940240,4375639744,7,2732,1151,10344
171811718172538,171811718183484,171811718194230,171811718195864,171811718200779,171811718200839,265650,93825186940240,4375639744,7,2732,1151,10345
171811726566274,171811726577291,171811726588124,171811726590140,171811726595197,171811726595259,265650,93825186940240,4375639744,7,2732,1151,10346
171811734851712,171811734862599,171811734873678,171811734876053,171811734885181,171811734885253,265650,93825186940240,4375639744,7,2732,1151,10347
171811743226665,171811743241852,171811743253736,171811743255295,171811743259031,171811743259116,265650,93825186940240,4375639744,7,2732,1151,10348
171811751488082,171811751506563,171811751517739,171811751521993,171811751526967,171811751527059,265650,93825186940240,4375639744,7,2732,1151,10349
171811760189168,171811760239168,171811760250548,171811760252215,171811760257596,171811760257691,265650,93825186940240,4375639744,7,2732,1151,10350
171811768378149,171811768389437,171811768397838,171811768399190,171811768404218,171811768404297,265650,93825186940240,4375639744,7,2732,1151,10351
171811776734226,171811776744473,171811776753062,171811776754531,171811776760410,171811776760475,265650,93825186940240,4375639744,7,2732,1151,10352
171811785149551,171811785160895,171811785171473,171811785173930,171811785178396,171811785178464,265650,93825186940240,4375639744,7,2732,1151,10353
171811793526711,171811793539784,171811793550668,171811793552467,171811793555909,171811793555961,265650,93825186940240,4375639744,7,2732,1151,10354
171811801814670,171811801827781,171811801839570,171811801842585,171811801846894,171811801846950,265650,93825186940240,4375639744,7,2732,1151,10355
171811814545788,171811814565988,171811814575723,171811814577836,171811814589496,171811814589561,265650,93825186940240,4375639744,7,2732,1151,10356
171811822974837,171811822994119,171811823011138,171811823014192,171811823023687,171811823023787,265650,93825186940240,4375639744,7,2732,1151,10357
171811831149552,171811831176087,171811831187692,171811831190841,171811831196807,171811831196883,265650,93825186940240,4375639744,7,2732,1151,10358
171811839441938,171811839456709,171811839467498,171811839478472,171811839483971,171811839484057,265650,93825186940240,4375639744,7,2732,1151,10359
171811847798794,171811847822968,171811847835020,171811847838142,171811847853171,171811847853242,265650,93825186940240,4375639744,7,2732,1151,10360
171811856118766,171811856136325,171811856147432,171811856149545,171811856157998,171811856158043,265650,93825186940240,4375639744,7,2732,1151,10361
171811864443682,171811864472515,171811864483642,171811864485698,171811864493603,171811864493670,265650,93825186940240,4375639744,7,2732,1151,10362
171811872793380,171811872810661,171811872822237,171811872824276,171811872829069,171811872829171,265650,93825186940240,4375639744,7,2732,1151,10363
171811881108572,171811881123545,171811881134480,171811881136914,171811881144239,171811881144299,265650,93825186940240,4375639744,7,2732,1151,10364
171811889469204,171811889486469,171811889497343,171811889499744,171811889507508,171811889507570,265650,93825186940240,4375639744,7,2732,1151,10365
171811897789620,171811897806864,171811897817669,171811897819570,171811897823609,171811897823667,265650,93825186940240,4375639744,7,2732,1151,10366
171811906279841,171811906305441,171811906317996,171811906319548,171811906325701,171811906325784,265650,93825186940240,4375639744,7,2732,1151,10367
171811914512156,171811914522766,171811914548706,171811914549790,171811914554210,171811914554281,265650,93825186940240,4375639744,7,2732,1151,10368
171811922836798,171811922856300,171811922868193,171811922870893,171811922882511,171811922882571,265650,93825186940240,4375639744,7,2732,1151,10369
171811931129650,171811931147809,171811931158895,171811931160945,171811931166663,171811931166737,265650,93825186940240,4375639744,7,2732,1151,10370
171811939472594,171811939488299,171811939498844,171811939500636,171811939506592,171811939506656,265650,93825186940240,4375639744,7,2732,1151,10371
171811947787203,171811947803652,171811947815948,171811947819115,171811947832372,171811947832442,265650,93825186940240,4375639744,7,2732,1151,10372
171811956119395,171811956135073,171811956145730,171811956147444,171811956158974,171811956159036,265650,93825186940240,4375639744,7,2732,1151,10373
171811964509784,171811964527194,171811964538367,171811964540221,171811964551065,171811964551146,265650,93825186940240,4375639744,7,2732,1151,10374
171811972946352,171811973008279,171811973019816,171811973021073,171811973024842,171811973024930,265650,93825186940240,4375639744,7,2732,1151,10375
171811981165627,171811981177796,171811981188643,171811981189593,171811981195014,171811981195099,265650,93825186940240,4375639744,7,2732,1151,10376
171811989531073,171811989540661,171811989548924,171811989549671,171811989554084,171811989554152,265650,93825186940240,4375639744,7,2732,1151,10377
171811997846721,171811997858963,171811997869204,171811997869871,171811997874674,171811997874737,265650,93825186940240,4375639744,7,2732,1151,10378
171812006148460,171812006160944,171812006171709,171812006172670,171812006177156,171812006177240,265650,93825186940240,4375639744,7,2732,1151,10379
171812014586061,171812014626983,171812014637667,171812014638510,171812014644185,171812014644259,265650,93825186940240,4375639744,7,2732,1151,10380
171812022833719,171812022846228,171812022856819,171812022858037,171812022862691,171812022862764,265650,93825186940240,4375639744,7,2732,1151,10381
171812031151484,171812031163079,171812031173537,171812031174468,171812031182381,171812031182453,265650,93825186940240,4375639744,7,2732,1151,10382
171812039551405,171812039572091,171812039584816,171812039589062,171812039602678,171812039602776,265650,93825186940240,4375639744,7,2732,1151,10383
171812047865973,171812047886407,171812047898987,171812047904078,171812047920904,171812047920989,265650,93825186940240,4375639744,7,2732,1151,10384
171812056135842,171812056158261,171812056172338,171812056176060,171812056184668,171812056184752,265650,93825186940240,4375639744,7,2732,1151,10385
171812064507785,171812064523824,171812064534641,171812064536229,171812064542284,171812064542374,265650,93825186940240,4375639744,7,2732,1151,10386
171812072790859,171812072806660,171812072818023,171812072819912,171812072827947,171812072828030,265650,93825186940240,4375639744,7,2732,1151,10387
171812081183500,171812081201838,171812081213198,171812081214960,171812081224138,171812081224219,265650,93825186940240,4375639744,7,2732,1151,10388
171812089497174,171812089511576,171812089522543,171812089524450,171812089529807,171812089529873,265650,93825186940240,4375639744,7,2732,1151,10389
171812097835312,171812097852604,171812097863086,171812097864970,171812097875282,171812097875352,265650,93825186940240,4375639744,7,2732,1151,10390
171812106131996,171812106148840,171812106159520,171812106162023,171812106169574,171812106169653,265650,93825186940240,4375639744,7,2732,1151,10391
171812114463569,171812114480606,171812114491884,171812114494097,171812114502560,171812114502618,265650,93825186940240,4375639744,7,2732,1151,10392
171812122829270,171812122844047,171812122855365,171812122857268,171812122862186,171812122862253,265650,93825186940240,4375639744,7,2732,1151,10393
171812131124059,171812131140580,171812131151734,171812131153734,171812131160200,171812131160282,265650,93825186940240,4375639744,7,2732,1151,10394
171812139452892,171812139482485,171812139492903,171812139495019,171812139500900,171812139500956,265650,93825186940240,4375639744,7,2732,1151,10395
171812147814149,171812147830725,171812147842397,171812147844912,171812147851055,171812147851099,265650,93825186940240,4375639744,7,2732,1151,10396
171812156120477,171812156136737,171812156149125,171812156151040,171812156158967,171812156159028,265650,93825186940240,4375639744,7,2732,1151,10397
171812164462967,171812164495215,171812164505818,171812164508017,171812164520121,171812164520215,265650,93825186940240,4375639744,7,2732,1151,10398
171812172789534,171812172806593,171812172817920,171812172820215,171812172826645,171812172826740,265650,93825186940240,4375639744,7,2732,1151,10399
171812181145513,171812181162386,171812181173395,171812181175649,171812181185405,171812181185477,265650,93825186940240,4375639744,7,2732,1151,10400
171812189498335,171812189511151,171812189521593,171812189523889,171812189529596,171812189529669,265650,93825186940240,4375639744,7,2732,1151,10401
171812197839332,171812197852189,171812197863311,171812197866059,171812197873394,171812197873469,265650,93825186940240,4375639744,7,2732,1151,10402
171812206132220,171812206146574,171812206157709,171812206159895,171812206166639,171812206166695,265650,93825186940240,4375639744,7,2732,1151,10403
171812214493810,171812214505889,171812214516322,171812214518219,171812214524590,171812214524661,265650,93825186940240,4375639744,7,2732,1151,10404
171812222852207,171812222866889,171812222878208,171812222880376,171812222887149,171812222887212,265650,93825186940240,4375639744,7,2732,1151,10405
171812231127627,171812231139935,171812231150188,171812231152644,171812231159221,171812231159282,265650,93825186940240,4375639744,7,2732,1151,10406
171812239516614,171812239527962,171812239540886,171812239544093,171812239551041,171812239551101,265650,93825186940240,4375639744,7,2732,1151,10407
171812247820904,171812247831686,171812247842395,171812247844368,171812247850630,171812247850697,265650,93825186940240,4375639744,7,2732,1151,10408
171812256161397,171812256172220,171812256184217,171812256186861,171812256195275,171812256195332,265650,93825186940240,4375639744,7,2732,1151,10409
171812264490329,171812264501131,171812264511282,171812264513428,171812264517180,171812264517296,265650,93825186940240,4375639744,7,2732,1151,10410
171812272885372,171812272896735,171812272906815,171812272908329,171812272911457,171812272911519,265650,93825186940240,4375639744,7,2732,1151,10411
171812282305887,171812282317021,171812282327699,171812282329564,171812282336066,171812282336129,265650,93825186940240,4375639744,7,2732,1151,10412
171812291672091,171812291683945,171812291695467,171812291697918,171812291705909,171812291705992,265650,93825186940240,4375639744,7,2732,1151,10413
171812299976758,171812299989148,171812300004960,171812300008645,171812300015575,171812300015661,265650,93825186940240,4375639744,7,2732,1151,10414
171812308302535,171812308313972,171812308324320,171812308326375,171812308330033,171812308330108,265650,93825186940240,4375639744,7,2732,1151,10415
171812317464477,171812317479643,171812317490632,171812317493116,171812317497731,171812317497795,265650,93825186940240,4375639744,7,2732,1151,10416
171812325824933,171812325836802,171812325848123,171812325850634,171812325855120,171812325855201,265650,93825186940240,4375639744,7,2732,1151,10417
171812334061033,171812334072262,171812334083315,171812334085684,171812334093250,171812334093307,265650,93825186940240,4375639744,7,2732,1151,10418
171812342493994,171812342507790,171812342518704,171812342521199,171812342526427,171812342526506,265650,93825186940240,4375639744,7,2732,1151,10419
171812350780705,171812350802652,171812350815522,171812350818705,171812350828966,171812350829043,265650,93825186940240,4375639744,7,2732,1151,10420
171812359119611,171812359133146,171812359144374,171812359146456,171812359152136,171812359152241,265650,93825186940240,4375639744,7,2732,1151,10421
171812367433741,171812367447916,171812367458848,171812367460925,171812367466967,171812367467011,265650,93825186940240,4375639744,7,2732,1151,10422
171812375815157,171812375832251,171812375843332,171812375845319,171812375850386,171812375850432,265650,93825186940240,4375639744,7,2732,1151,10423
171812384069840,171812384082646,171812384093472,171812384095882,171812384105042,171812384105148,265650,93825186940240,4375639744,7,2732,1151,10424
171812392514459,171812392533398,171812392546292,171812392549636,171812392554906,171812392554986,265650,93825186940240,4375639744,7,2732,1151,10425
171812400825061,171812400837070,171812400847630,171812400851670,171812400858337,171812400858405,265650,93825186940240,4375639744,7,2732,1151,10426
171812409065829,171812409077113,171812409087548,171812409089325,171812409093329,171812409093385,265650,93825186940240,4375639744,7,2732,1151,10427
171812418208529,171812418223343,171812418232679,171812418234679,171812418241047,171812418241128,265650,93825186940240,4375639744,7,2732,1151,10428
171812426581117,171812426595666,171812426604293,171812426606237,171812426615210,171812426615275,265650,93825186940240,4375639744,7,2732,1151,10429
171812435011909,171812435024898,171812435036698,171812435037661,171812435044979,171812435045075,265650,93825186940240,4375639744,7,2732,1151,10430
171812444144321,171812444155933,171812444166931,171812444169414,171812444174291,171812444174366,265650,93825186940240,4375639744,7,2732,1151,10431
171812452490518,171812452506350,171812452517185,171812452519180,171812452524497,171812452524560,265650,93825186940240,4375639744,7,2732,1151,10432
171812460846488,171812460857494,171812460868614,171812460871409,171812460878400,171812460878470,265650,93825186940240,4375639744,7,2732,1151,10433
171812469109380,171812469121657,171812469132263,171812469134611,171812469138689,171812469138782,265650,93825186940240,4375639744,7,2732,1151,10434
171812477513170,171812477526968,171812477539187,171812477542327,171812477549347,171812477549425,265650,93825186940240,4375639744,7,2732,1151,10435
171812485827549,171812485842335,171812485853052,171812485855133,171812485858135,171812485858194,265650,93825186940240,4375639744,7,2732,1151,10436
171812494153005,171812494168718,171812494180723,171812494183542,171812494190512,171812494190576,265650,93825186940240,4375639744,7,2732,1151,10437
171812502476285,171812502491317,171812502504787,171812502508559,171812502512723,171812502512797,265650,93825186940240,4375639744,7,2732,1151,10438
171812510838125,171812510849439,171812510861618,171812510864770,171812510875954,171812510876021,265650,93825186940240,4375639744,7,2732,1151,10439
171812519617117,171812519628432,171812519638783,171812519641154,171812519649369,171812519649448,265650,93825186940240,4375639744,7,2732,1151,10440
171812527999000,171812528015814,171812528027623,171812528030722,171812528053487,171812528053590,265650,93825186940240,4375639744,7,2732,1151,10441
171812536480709,171812536491564,171812536501940,171812536504208,171812536510711,171812536510787,265650,93825186940240,4375639744,7,2732,1151,10442
171812546192036,171812546201961,171812546211247,171812546211998,171812546216564,171812546216642,265650,93825186940240,4375639744,7,2732,1151,10443
171812554501710,171812554513531,171812554524118,171812554524978,171812554530028,171812554530116,265650,93825186940240,4375639744,7,2732,1151,10444
171812562890262,171812562901766,171812562912282,171812562913157,171812562917959,171812562918044,265650,93825186940240,4375639744,7,2732,1151,10445
171812571156193,171812571169393,171812571193571,171812571194366,171812571199403,171812571199490,265650,93825186940240,4375639744,7,2732,1151,10446
171812579580206,171812579601755,171812579612169,171812579613127,171812579619046,171812579619134,265650,93825186940240,4375639744,7,2732,1151,10447
171812587885935,171812587896053,171812587904707,171812587906262,171812587911838,171812587911899,265650,93825186940240,4375639744,7,2732,1151,10448
171812596181538,171812596193446,171812596204548,171812596205554,171812596211171,171812596211257,265650,93825186940240,4375639744,7,2732,1151,10449
171812604558496,171812604637153,171812604647978,171812604648918,171812604655452,171812604655541,265650,93825186940240,4375639744,7,2732,1151,10450
171812612939582,171812613012666,171812613023659,171812613024483,171812613029131,171812613029215,265650,93825186940240,4375639744,7,2732,1151,10451
171812621131518,171812621141829,171812621149951,171812621150897,171812621157755,171812621157817,265650,93825186940240,4375639744,7,2732,1151,10452
171812629523206,171812629536703,171812629548143,171812629549451,171812629557791,171812629557883,265650,93825186940240,4375639744,7,2732,1151,10453
171812637891528,171812637916545,171812637940180,171812637941705,171812637949270,171812637949359,265650,93825186940240,4375639744,7,2732,1151,10454
171812646139375,171812646153353,171812646166705,171812646167822,171812646174106,171812646174198,265650,93825186940240,4375639744,7,2732,1151,10455
171812654582371,171812654596184,171812654618911,171812654620053,171812654625840,171812654625933,265650,93825186940240,4375639744,7,2732,1151,10456
171812662888887,171812662903218,171812662914520,171812662915708,171812662920082,171812662920170,265650,93825186940240,4375639744,7,2732,1151,10457
171812671166940,171812671187840,171812671199718,171812671202805,171812671209382,171812671209470,265650,93825186940240,4375639744,7,2732,1151,10458
171812679498184,171812679516910,171812679529547,171812679532541,171812679537156,171812679537227,265650,93825186940240,4375639744,7,2732,1151,10459
171812687841070,171812687854321,171812687864823,171812687866609,171812687871838,171812687871880,265650,93825186940240,4375639744,7,2732,1151,10460
171812696144255,171812696161638,171812696172740,171812696174404,171812696178939,171812696179012,265650,93825186940240,4375639744,7,2732,1151,10461
171812704485209,171812704507683,171812704520092,171812704522603,171812704535463,171812704535542,265650,93825186940240,4375639744,7,2732,1151,10462
171812712859718,171812712878121,171812712890054,171812712893060,171812712901374,171812712901442,265650,93825186940240,4375639744,7,2732,1151,10463
171812721188656,171812721202441,171812721212772,171812721214204,171812721219517,171812721219587,265650,93825186940240,4375639744,7,2732,1151,10464
171812729516988,171812729533264,171812729543833,171812729545614,171812729550661,171812729550720,265650,93825186940240,4375639744,7,2732,1151,10465
171812737825084,171812737844487,171812737859774,171812737861602,171812737868345,171812737868418,265650,93825186940240,4375639744,7,2732,1151,10466
171812746140722,171812746155777,171812746166867,171812746168985,171812746174934,171812746174994,265650,93825186940240,4375639744,7,2732,1151,10467
171812754481381,171812754495611,171812754507450,171812754509778,171812754517583,171812754517647,265650,93825186940240,4375639744,7,2732,1151,10468
171812762866729,171812762882412,171812762893511,171812762895672,171812762901668,171812762901727,265650,93825186940240,4375639744,7,2732,1151,10469
171812771193383,171812771210328,171812771221268,171812771223822,171812771229568,171812771229666,265650,93825186940240,4375639744,7,2732,1151,10470
171812779519637,171812779532143,171812779543166,171812779545575,171812779549979,171812779550065,265650,93825186940240,4375639744,7,2732,1151,10471
171812787821311,171812787833718,171812787845840,171812787848780,171812787854734,171812787854812,265650,93825186940240,4375639744,7,2732,1151,10472
171812796154887,171812796170529,171812796182729,171812796184876,171812796189412,171812796189500,265650,93825186940240,4375639744,7,2732,1151,10473
171812804496046,171812804515630,171812804527528,171812804530552,171812804536751,171812804536838,265650,93825186940240,4375639744,7,2732,1151,10474
171812812803157,171812812814051,171812812824853,171812812828013,171812812833665,171812812833739,265650,93825186940240,4375639744,7,2732,1151,10475
171812821213755,171812821229423,171812821241099,171812821243023,171812821248596,171812821248690,265650,93825186940240,4375639744,7,2732,1151,10476
171812829485154,171812829501618,171812829513021,171812829515371,171812829520164,171812829520224,265650,93825186940240,4375639744,7,2732,1151,10477
171812837808601,171812837819746,171812837830216,171812837832401,171812837837410,171812837837489,265650,93825186940240,4375639744,7,2732,1151,10478
171812846141267,171812846152647,171812846163255,171812846165534,171812846168702,171812846168745,265650,93825186940240,4375639744,7,2732,1151,10479
171812854528290,171812854540194,171812854550793,171812854552982,171812854557199,171812854557271,265650,93825186940240,4375639744,7,2732,1151,10480
171812864390437,171812864401820,171812864412401,171812864415044,171812864420635,171812864420692,265650,93825186940240,4375639744,7,2732,1151,10481
171812879725405,171812879750598,171812879809828,171812879817081,171812879827699,171812879827792,265650,93825186940240,4375639744,7,2732,1151,10482
171812888048823,171812888064265,171812888075312,171812888077584,171812888082818,171812888082879,265650,93825186940240,4375639744,7,2732,1151,10483
171812896397778,171812896432141,171812896452215,171812896454924,171812896463228,171812896463319,265650,93825186940240,4375639744,7,2732,1151,10484
171812904747042,171812904762907,171812904775060,171812904778072,171812904789538,171812904789624,265650,93825186940240,4375639744,7,2732,1151,10485
171812913102346,171812913122666,171812913136419,171812913138708,171812913143799,171812913143864,265650,93825186940240,4375639744,7,2732,1151,10486
171812921371683,171812921388681,171812921399175,171812921401111,171812921405917,171812921405971,265650,93825186940240,4375639744,7,2732,1151,10487
171812929739503,171812929752076,171812929762400,171812929764174,171812929768401,171812929768456,265650,93825186940240,4375639744,7,2732,1151,10488
171812938049033,171812938065327,171812938076572,171812938079245,171812938085203,171812938085270,265650,93825186940240,4375639744,7,2732,1151,10489
171812946375101,171812946391453,171812946403745,171812946406577,171812946414087,171812946414177,265650,93825186940240,4375639744,7,2732,1151,10490
