start,geometry,clip,blit,flush,end,hwnd,surface,thread,outcome,width,height,commit
171627551537905,171627551549930,171627551561615,171627551564623,171627551572725,171627551572771,265650,93825186940240,4375639744,7,2732,1151,3662
171627560840993,171627560851842,171627560863094,171627560865054,171627560869686,171627560869744,265650,93825186940240,4375639744,7,2732,1151,3663
171627569177099,171627569189885,171627569201024,171627569203124,171627569208477,171627569208540,265650,93825186940240,4375639744,7,2732,1151,3664
171627592982191,171627592994932,171627593018512,171627593021456,171627593026258,171627593026360,265650,93825186940240,4375639744,7,2732,1151,3665
171627601319798,171627601335115,171627601346697,171627601349047,171627601356388,171627601356448,265650,93825186940240,4375639744,7,2732,1151,3666
171627614524093,171627614537914,171627614574625,171627614576646,171627614580636,171627614580707,265650,93825186940240,4375639744,7,2732,1151,3667
171627622997871,171627623015668,171627623027585,171627623028806,171627623033426,171627623033516,265650,93825186940240,4375639744,7,2732,1151,3668
171627631170392,171627631184124,171627631196464,171627631197625,171627631203844,171627631203928,265650,93825186940240,4375639744,7,2732,1151,3669
171627640422881,171627640458601,171627640467210,171627640468710,171627640474915,171627640474981,265650,93825186940240,4375639744,7,2732,1151,3670
171627648795477,171627648815118,171627648826677,171627648829373,171627648838507,171627648838597,265650,93825186940240,4375639744,7,2732,1151,3671
171627657116238,171627657135883,171627657147368,171627657149758,171627657156498,171627657156559,265650,93825186940240,4375639744,7,2732,1151,3672
171627679756578,171627679767884,171627679779236,171627679781985,171627679788391,171627679788481,265650,93825186940240,4375639744,7,2732,1151,3673
171627688118930,171627688136940,171627688147967,171627688150535,171627688161261,171627688161335,265650,93825186940240,4375639744,7,2732,1151,3674
171627696419322,171627696437388,171627696448393,171627696450354,171627696464934,171627696465039,265650,93825186940240,4375639744,7,2732,1151,3675
171627704909316,171627704927671,171627704940120,171627704941961,171627704948913,171627704949013,265650,93825186940240,4375639744,7,2732,1151,3676
171627713179451,171627713235917,171627713247156,171627713248495,171627713254418,171627713254521,265650,93825186940240,4375639744,7,2732,1151,3677
171627721454120,171627721467074,171627721478240,171627721479239,171627721484571,171627721484665,265650,93825186940240,4375639744,7,2732,1151,3678
171627729838986,171627729870031,171627729881054,171627729882066,171627729886964,171627729887067,265650,93825186940240,4375639744,7,2732,1151,3679
171627738161840,171627738228938,171627738240029,171627738241084,171627738246148,171627738246241,265650,93825186940240,4375639744,7,2732,1151,3680
171627746470029,171627746479744,171627746487685,171627746488487,171627746492934,171627746493003,265650,93825186940240,4375639744,7,2732,1151,3681
171627754782438,171627754794867,171627754805791,171627754806707,171627754811578,171627754811672,265650,93825186940240,4375639744,7,2732,1151,3682
171627763069455,171627763081513,171627763090498,171627763091593,171627763096860,171627763096928,265650,93825186940240,4375639744,7,2732,1151,3683
171627771469102,171627771478852,171627771486927,171627771487705,171627771493264,171627771493324,265650,93825186940240,4375639744,7,2732,1151,3684
171627779905816,171627779932197,171627779943478,171627779944597,171627779950619,171627779950709,265650,93825186940240,4375639744,7,2732,1151,3685
171627788140796,171627788153910,171627788164969,171627788165986,171627788171314,171627788171393,265650,93825186940240,4375639744,7,2732,1151,3686
171627796525367,171627796537646,171627796548835,171627796549787,171627796555103,171627796555181,265650,93825186940240,4375639744,7,2732,1151,3687
171627804802661,171627804824736,171627804837096,171627804839949,171627804849379,171627804849478,265650,93825186940240,4375639744,7,2732,1151,3688
171627813105905,171627813122800,171627813134685,171627813136921,171627813144077,171627813144164,265650,93825186940240,4375639744,7,2732,1151,3689
171627821449130,171627821469405,171627821481328,171627821484010,171627821500508,171627821500588,265650,93825186940240,4375639744,7,2732,1151,3690
171627829748682,171627829768277,171627829780954,171627829783735,171627829799545,171627829799604,265650,93825186940240,4375639744,7,2732,1151,3691
171627838131820,171627838152746,171627838164818,171627838167888,171627838182806,171627838182910,265650,93825186940240,4375639744,7,2732,1151,3692
171627846431072,171627846452956,171627846464424,171627846466522,171627846477710,171627846477802,265650,93825186940240,4375639744,7,2732,1151,3693
171627854768703,171627854784683,171627854796175,171627854799295,171627854808152,171627854808228,265650,93825186940240,4375639744,7,2732,1151,3694
171627863080430,171627863094054,171627863105718,171627863110048,171627863119707,171627863119803,265650,93825186940240,4375639744,7,2732,1151,3695
171627871523802,171627871539502,171627871550019,171627871551763,171627871558009,171627871558066,265650,93825186940240,4375639744,7,2732,1151,3696
171627879821052,171627879831310,171627879839959,171627879841372,171627879848508,171627879848577,265650,93825186940240,4375639744,7,2732,1151,3697
171627888157633,171627888215859,171627888227006,171627888228057,171627888234287,171627888234377,265650,93825186940240,4375639744,7,2732,1151,3698
171627896452564,171627896462290,171627896470474,171627896471132,171627896476220,171627896476284,265650,93825186940240,4375639744,7,2732,1151,3699
171627904843817,171627904857506,171627904868710,171627904870210,171627904876699,171627904876783,265650,93825186940240,4375639744,7,2732,1151,3700
171627913119927,171627913132623,171627913143689,171627913144801,171627913151647,171627913151732,265650,93825186940240,4375639744,7,2732,1151,3701
171627921523007,171627921535869,171627921546853,171627921548154,171627921553939,171627921554031,265650,93825186940240,4375639744,7,2732,1151,3702
171627929916926,171627929929680,171627929940705,171627929941797,171627929948103,171627929948195,265650,93825186940240,4375639744,7,2732,1151,3703
171627938181360,171627938195679,171627938207097,171627938208447,171627938217143,171627938217240,265650,93825186940240,4375639744,7,2732,1151,3704
171627946494206,171627946504410,171627946512819,171627946514080,171627946520992,171627946521058,265650,93825186940240,4375639744,7,2732,1151,3705
171627954776957,171627954786336,171627954794133,171627954795059,171627954801308,171627954801371,265650,93825186940240,4375639744,7,2732,1151,3706
171627963091975,171627963106739,171627963118198,171627963119303,171627963126527,171627963126625,265650,93825186940240,4375639744,7,2732,1151,3707
171627971439154,171627971472380,171627971497098,171627971497729,171627971502673,171627971502742,265650,93825186940240,4375639744,7,2732,1151,3708
171627979792403,171627979805157,171627979816084,171627979817201,171627979822837,171627979822930,265650,93825186940240,4375639744,7,2732,1151,3709
171627988202047,171627988214964,171627988226407,171627988227700,171627988234751,171627988234842,265650,93825186940240,4375639744,7,2732,1151,3710
171627996496190,171627996518718,171627996530632,171627996533128,171627996539560,171627996539662,265650,93825186940240,4375639744,7,2732,1151,3711
171628004794429,171628004811802,171628004823944,171628004827796,171628004837557,171628004837646,265650,93825186940240,4375639744,7,2732,1151,3712
171628013200119,171628013215921,171628013227203,171628013228680,171628013233831,171628013233922,265650,93825186940240,4375639744,7,2732,1151,3713
171628021542991,171628021619755,171628021630478,171628021631641,171628021637258,171628021637350,265650,93825186940240,4375639744,7,2732,1151,3714
171628029821165,171628029832454,171628029843160,171628029844186,171628029849807,171628029849898,265650,93825186940240,4375639744,7,2732,1151,3715
171628038055902,171628038064481,171628038072353,171628038072961,171628038077357,171628038077405,265650,93825186940240,4375639744,7,2732,1151,3716
171628049236388,171628049245327,171628049254114,171628049255643,171628049260900,171628049260966,265650,93825186940240,4375639744,7,2732,1151,3717
171628057645970,171628057658532,171628057669123,171628057670572,171628057676666,171628057676759,265650,93825186940240,4375639744,7,2732,1151,3718
171628066007856,171628066019620,171628066030653,171628066031816,171628066037505,171628066037597,265650,93825186940240,4375639744,7,2732,1151,3719
171628075241839,171628075257884,171628075269351,171628075271941,171628075274554,171628075274640,265650,93825186940240,4375639744,7,2732,1151,3720
171628083567762,171628083582346,171628083593631,171628083595899,171628083601158,171628083601237,265650,93825186940240,4375639744,7,2732,1151,3721
171628091877550,171628091889520,171628091900611,171628091902594,171628091906461,171628091906524,265650,93825186940240,4375639744,7,2732,1151,3722
171628100222088,171628100235105,171628100245900,171628100247961,171628100253468,171628100253529,265650,93825186940240,4375639744,7,2732,1151,3723
171628108582140,171628108600162,171628108612026,171628108616181,171628108626435,171628108626483,265650,93825186940240,4375639744,7,2732,1151,3724
171628116920783,171628116937690,171628116949845,171628116953387,171628116962692,171628116962762,265650,93825186940240,4375639744,7,2732,1151,3725
171628125317669,171628125328797,171628125339532,171628125341997,171628125347180,171628125347246,265650,93825186940240,4375639744,7,2732,1151,3726
171628133677195,171628133695584,171628133707246,171628133710423,171628133720429,171628133720505,265650,93825186940240,4375639744,7,2732,1151,3727
171628142211631,171628142233590,171628142247547,171628142252160,171628142260623,171628142260718,265650,93825186940240,4375639744,7,2732,1151,3728
171628150320191,171628150329661,171628150338330,171628150339747,171628150347342,171628150347408,265650,93825186940240,4375639744,7,2732,1151,3729
171628158711823,171628158724708,171628158736265,171628158737502,171628158742788,171628158742880,265650,93825186940240,4375639744,7,2732,1151,3730
171628167090246,171628167102458,171628167113567,171628167114734,171628167120539,171628167120630,265650,93825186940240,4375639744,7,2732,1151,3731
171628175330058,171628175342779,171628175353964,171628175354844,171628175360561,171628175360633,265650,93825186940240,4375639744,7,2732,1151,3732
171628183697481,171628183709737,171628183720883,171628183721698,171628183726876,171628183727033,265650,93825186940240,4375639744,7,2732,1151,3733
171628192174803,171628192187410,171628192199812,171628192202114,171628192209258,171628192209370,265650,93825186940240,4375639744,7,2732,1151,3734
171628200347079,171628200355833,171628200363823,171628200364573,171628200368277,171628200368340,265650,93825186940240,4375639744,7,2732,1151,3735
171628208690143,171628208708002,171628208719769,171628208722603,171628208728085,171628208728161,265650,93825186940240,4375639744,7,2732,1151,3736
171628217006856,171628217019081,171628217030417,171628217032950,171628217037078,171628217037161,265650,93825186940240,4375639744,7,2732,1151,3737
171628225299955,171628225311544,171628225323467,171628225326360,171628225331395,171628225331464,265650,93825186940240,4375639744,7,2732,1151,3738
171628233644807,171628233657063,171628233667988,171628233670845,171628233674733,171628233674822,265650,93825186940240,4375639744,7,2732,1151,3739
171628242042006,171628242052957,171628242064543,171628242066241,171628242070665,171628242070725,265650,93825186940240,4375639744,7,2732,1151,3740
171628250310341,171628250321825,171628250333370,171628250336701,171628250344181,171628250344255,265650,93825186940240,4375639744,7,2732,1151,3741
171628258686439,171628258699869,171628258711891,171628258714821,171628258720899,171628258720954,265650,93825186940240,4375639744,7,2732,1151,3742
171628267049014,171628267065579,171628267076962,171628267079516,171628267088875,171628267088941,265650,93825186940240,4375639744,7,2732,1151,3743
171628275300501,171628275311722,171628275322081,171628275323623,171628275329516,171628275329577,265650,93825186940240,4375639744,7,2732,1151,3744
171628284785744,171628284797334,171628284807794,171628284809684,171628284813710,171628284813785,265650,93825186940240,4375639744,7,2732,1151,3745
171628293629086,171628293639847,171628293650332,171628293652023,171628293658142,171628293658206,265650,93825186940240,4375639744,7,2732,1151,3746
171628303283125,171628303293834,171628303304664,171628303306710,171628303311184,171628303311248,265650,93825186940240,4375639744,7,2732,1151,3747
171628312918034,171628312928679,171628312939136,171628312941328,171628312946155,171628312946214,265650,93825186940240,4375639744,7,2732,1151,3748
171628324058296,171628324070061,171628324081277,171628324083416,171628324086808,171628324086904,265650,93825186940240,4375639744,7,2732,1151,3749
171628334078494,171628334087900,171628334096989,171628334098514,171628334103833,171628334103901,265650,93825186940240,4375639744,7,2732,1151,3750
171628342412592,171628342426311,171628342435342,171628342436330,171628342440258,171628342440334,265650,93825186940240,4375639744,7,2732,1151,3751
171628350710999,171628350719699,171628350727746,171628350728514,171628350734483,171628350734554,265650,93825186940240,4375639744,7,2732,1151,3752
171628359190425,171628359200635,171628359209154,171628359210801,171628359214997,171628359215061,265650,93825186940240,4375639744,7,2732,1151,3753
171628368360425,171628368369378,171628368378326,171628368380362,171628368385887,171628368385970,265650,93825186940240,4375639744,7,2732,1151,3754
171628376758664,171628376777371,171628376790608,171628376796423,171628376810095,171628376810196,265650,93825186940240,4375639744,7,2732,1151,3755
171628385277894,171628385306092,171628385319890,171628385324387,171628385329367,171628385329450,265650,93825186940240,4375639744,7,2732,1151,3756
171628393611632,171628393623844,171628393635843,171628393638753,171628393645375,171628393645441,265650,93825186940240,4375639744,7,2732,1151,3757
171628401910367,171628401921884,171628401934007,171628401936929,171628401942427,171628401942487,265650,93825186940240,4375639744,7,2732,1151,3758
171628412269110,171628412281362,171628412292583,171628412295468,171628412302967,171628412303057,265650,93825186940240,4375639744,7,2732,1151,3759
171628420640837,171628420660475,171628420672167,171628420675858,171628420685070,171628420685161,265650,93825186940240,4375639744,7,2732,1151,3760
171628428938903,171628428957347,171628428969026,171628428972194,171628428978114,171628428978194,265650,93825186940240,4375639744,7,2732,1151,3761
171628437273481,171628437288457,171628437306057,171628437308475,171628437315473,171628437315542,265650,93825186940240,4375639744,7,2732,1151,3762
171628445682341,171628445696469,171628445707820,171628445710422,171628445717678,171628445717749,265650,93825186940240,4375639744,7,2732,1151,3763
171628453895681,171628453909507,171628453921110,171628453923396,171628453927950,171628453928020,265650,93825186940240,4375639744,7,2732,1151,3764
171628462266268,171628462297144,171628462308285,171628462310502,171628462325059,171628462325136,265650,93825186940240,4375639744,7,2732,1151,3765
171628470648472,171628470660405,171628470671787,171628470674975,171628470681180,171628470681268,265650,93825186940240,4375639744,7,2732,1151,3766
171628478928490,171628478939655,171628478951236,171628478954145,171628478959890,171628478959949,265650,93825186940240,4375639744,7,2732,1151,3767
171628487261783,171628487274107,171628487284667,171628487286632,171628487290865,171628487290917,265650,93825186940240,4375639744,7,2732,1151,3768
171628495593781,171628495604688,171628495615425,171628495617332,171628495621694,171628495621751,265650,93825186940240,4375639744,7,2732,1151,3769
171628503954972,171628503966660,171628503978466,171628503982233,171628503989079,171628503989152,265650,93825186940240,4375639744,7,2732,1151,3770
171628512820442,171628512831603,171628512842490,171628512845185,171628512850626,171628512850680,265650,93825186940240,4375639744,7,2732,1151,3771
171628521150799,171628521161755,171628521172786,171628521174565,171628521178888,171628521178937,265650,93825186940240,4375639744,7,2732,1151,3772
171628529488823,171628529500448,171628529511196,171628529513170,171628529516138,171628529516206,265650,93825186940240,4375639744,7,2732,1151,3773
171628538578111,171628538588760,171628538599396,171628538601157,171628538605687,171628538605744,265650,93825186940240,4375639744,7,2732,1151,3774
171628546928937,171628546942854,171628546955555,171628546958328,171628546962641,171628546962701,265650,93825186940240,4375639744,7,2732,1151,3775
171628555248443,171628555260249,171628555270998,171628555272978,171628555276682,171628555276750,265650,93825186940240,4375639744,7,2732,1151,3776
171628563577014,171628563588997,171628563599325,171628563601357,171628563604946,171628563605014,265650,93825186940240,4375639744,7,2732,1151,3777
171628571914403,171628571936544,171628571951543,171628571953627,171628571956778,171628571956847,265650,93825186940240,4375639744,7,2732,1151,3778
171628580244901,171628580256542,171628580267515,171628580269236,171628580272270,171628580272330,265650,93825186940240,4375639744,7,2732,1151,3779
171628588566150,171628588578619,171628588589084,171628588590441,171628588596094,171628588596156,265650,93825186940240,4375639744,7,2732,1151,3780
171628597004207,171628597022932,171628597037280,171628597039217,171628597045018,171628597045090,265650,93825186940240,4375639744,7,2732,1151,3781
171628605315801,171628605335120,171628605346878,171628605348394,171628605356121,171628605356224,265650,93825186940240,4375639744,7,2732,1151,3782
171628613598820,171628613609444,171628613618840,171628613619979,171628613624834,171628613624905,265650,93825186940240,4375639744,7,2732,1151,3783
171628622081481,171628622094473,171628622105519,171628622106618,171628622111783,171628622111883,265650,93825186940240,4375639744,7,2732,1151,3784
171628630250618,171628630263041,171628630273773,171628630274550,171628630279868,171628630279947,265650,93825186940240,4375639744,7,2732,1151,3785
171628638669009,171628638681233,171628638692019,171628638693053,171628638697425,171628638697518,265650,93825186940240,4375639744,7,2732,1151,3786
171628647050708,171628647062876,171628647073538,171628647074518,171628647079846,171628647079919,265650,93825186940240,4375639744,7,2732,1151,3787
171628655319864,171628655331670,171628655342418,171628655343542,171628655349749,171628655349820,265650,93825186940240,4375639744,7,2732,1151,3788
171628663663847,171628663675690,171628663686484,171628663687269,171628663692285,171628663692355,265650,93825186940240,4375639744,7,2732,1151,3789
171628672053427,171628672065164,171628672075850,171628672076860,171628672082064,171628672082139,265650,93825186940240,4375639744,7,2732,1151,3790
171628680251515,171628680263537,171628680274330,171628680275392,171628680281246,171628680281318,265650,93825186940240,4375639744,7,2732,1151,3791
171628688606142,171628688623456,171628688635355,171628688637895,171628688643966,171628688644064,265650,93825186940240,4375639744,7,2732,1151,3792
171628696937437,171628696949904,171628696960643,171628696962981,171628696969511,171628696969623,265650,93825186940240,4375639744,7,2732,1151,3793
171628705263604,171628705275867,171628705287991,171628705290671,171628705295218,171628705295311,265650,93825186940240,4375639744,7,2732,1151,3794
171628714617767,171628714634376,171628714644411,171628714646161,171628714650241,171628714650303,265650,93825186940240,4375639744,7,2732,1151,3795
171628723080242,171628723128505,171628723139703,171628723141241,171628723148353,171628723148445,265650,93825186940240,4375639744,7,2732,1151,3796
171628743295186,171628743304727,171628743313768,171628743316293,171628743320841,171628743320906,265650,93825186940240,4375639744,7,2732,1151,3797
171628751597482,171628751607795,171628751616829,171628751618592,171628751625249,171628751625319,265650,93825186940240,4375639744,7,2732,1151,3798
171628760065551,171628760081727,171628760093601,171628760095396,171628760105520,171628760105605,265650,93825186940240,4375639744,7,2732,1151,3799
171628768361648,171628768375896,171628768387351,171628768388706,171628768395584,171628768395669,265650,93825186940240,4375639744,7,2732,1151,3800
171628776686305,171628776699517,171628776710254,171628776711237,171628776716755,171628776716835,265650,93825186940240,4375639744,7,2732,1151,3801
171628785105115,171628785118771,171628785129996,171628785131023,171628785137285,171628785137372,265650,93825186940240,4375639744,7,2732,1151,3802
171628793406784,171628793447392,171628793458314,171628793459332,171628793465665,171628793465739,265650,93825186940240,4375639744,7,2732,1151,3803
171628801683960,171628801693651,171628801702039,171628801702884,171628801708757,171628801708823,265650,93825186940240,4375639744,7,2732,1151,3804
171628809964156,171628809977178,171628809988207,171628809989212,171628809994763,171628809994839,265650,93825186940240,4375639744,7,2732,1151,3805
171628818284503,171628818300229,171628818311924,171628818313728,171628818324112,171628818324201,265650,93825186940240,4375639744,7,2732,1151,3806
171628826707655,171628826743616,171628826754978,171628826756226,171628826765089,171628826765187,265650,93825186940240,4375639744,7,2732,1151,3807
171628834989695,171628835004642,171628835015739,171628835016818,171628835023592,171628835023684,265650,93825186940240,4375639744,7,2732,1151,3808
171628843328657,171628843341608,171628843352434,171628843353407,171628843359896,171628843359978,265650,93825186940240,4375639744,7,2732,1151,3809
171628851701816,171628851734331,171628851745114,171628851746020,171628851750862,171628851750935,265650,93825186940240,4375639744,7,2732,1151,3810
171628859930599,171628859942102,171628859950884,171628859951647,171628859958876,171628859958943,265650,93825186940240,4375639744,7,2732,1151,3811
171628868335539,171628868345313,171628868353637,171628868354721,171628868360279,171628868360337,265650,93825186940240,4375639744,7,2732,1151,3812
171628876672928,171628876685867,171628876696756,171628876697966,171628876705267,171628876705343,265650,93825186940240,4375639744,7,2732,1151,3813
171628884997155,171628885012143,171628885023091,171628885023990,171628885029676,171628885029757,265650,93825186940240,4375639744,7,2732,1151,3814
171628893310192,171628893323150,171628893334150,171628893335001,171628893339914,171628893339992,265650,93825186940240,4375639744,7,2732,1151,3815
171628901656190,171628901675732,171628901687892,171628901690427,171628901699295,171628901699385,265650,93825186940240,4375639744,7,2732,1151,3816
171628910005409,171628910028243,171628910039236,171628910041117,171628910050013,171628910050070,265650,93825186940240,4375639744,7,2732,1151,3817
171628918282877,171628918304430,171628918316935,171628918320017,171628918326244,171628918326307,265650,93825186940240,4375639744,7,2732,1151,3818
171628926623023,171628926643899,171628926656800,171628926659965,171628926666470,171628926666525,265650,93825186940240,4375639744,7,2732,1151,3819
171628934909256,171628934927090,171628934940880,171628934943972,171628934949304,171628934949393,265650,93825186940240,4375639744,7,2732,1151,3820
171628943267409,171628943284453,171628943295469,171628943297525,171628943302665,171628943302753,265650,93825186940240,4375639744,7,2732,1151,3821
171628951651323,171628951668938,171628951681774,171628951683780,171628951691002,171628951691080,265650,93825186940240,4375639744,7,2732,1151,3822
171628959959400,171628959978862,171628959991831,171628959994882,171628960002856,171628960002916,265650,93825186940240,4375639744,7,2732,1151,3823
171628968258493,171628968274043,171628968285055,171628968286911,171628968291795,171628968291856,265650,93825186940240,4375639744,7,2732,1151,3824
171628976595105,171628976610157,171628976620559,171628976622213,171628976626813,171628976626871,265650,93825186940240,4375639744,7,2732,1151,3825
171628984970150,171628984986324,171628984999078,171628985004620,171628985012540,171628985012633,265650,93825186940240,4375639744,7,2732,1151,3826
171628993309419,171628993323942,171628993335514,171628993336736,171628993343815,171628993343919,265650,93825186940240,4375639744,7,2732,1151,3827
171629001741804,171629001775090,171629001786054,171629001787347,171629001794694,171629001794784,265650,93825186940240,4375639744,7,2732,1151,3828
171629010043806,171629010057475,171629010068814,171629010070028,171629010075432,171629010075526,265650,93825186940240,4375639744,7,2732,1151,3829
171629018272105,171629018286496,171629018298126,171629018299462,171629018305582,171629018305677,265650,93825186940240,4375639744,7,2732,1151,3830
171629026759731,171629026772405,171629026783510,171629026784531,171629026790014,171629026790110,265650,93825186940240,4375639744,7,2732,1151,3831
171629035026423,171629035039548,171629035050867,171629035051848,171629035057685,171629035057783,265650,93825186940240,4375639744,7,2732,1151,3832
171629043418899,171629043437806,171629043448746,171629043449655,171629043455368,171629043455461,265650,93825186940240,4375639744,7,2732,1151,3833
171629051679833,171629051693660,171629051704855,171629051706252,171629051713591,171629051713681,265650,93825186940240,4375639744,7,2732,1151,3834
171629059936849,171629059946828,171629059955849,171629059956823,171629059961437,171629059961511,265650,93825186940240,4375639744,7,2732,1151,3835
171629068294950,171629068304153,171629068312363,171629068313068,171629068318851,171629068318920,265650,93825186940240,4375639744,7,2732,1151,3836
171629076703363,171629076715854,171629076726782,171629076727779,171629076732567,171629076732669,265650,93825186940240,4375639744,7,2732,1151,3837
171629085045120,171629085058218,171629085069480,171629085070474,171629085075345,171629085075434,265650,93825186940240,4375639744,7,2732,1151,3838
171629093287061,171629093296568,171629093305497,171629093306260,171629093311294,171629093311358,265650,93825186940240,4375639744,7,2732,1151,3839
171629101758394,171629101772688,171629101783818,171629101784855,171629101791088,171629101791165,265650,93825186940240,4375639744,7,2732,1151,3840
171629109963219,171629109973446,171629109982318,171629109983146,171629109987810,171629109987874,265650,93825186940240,4375639744,7,2732,1151,3841
171629118362432,171629118375394,171629118386589,171629118387597,171629118391824,171629118391906,265650,93825186940240,4375639744,7,2732,1151,3842
171629126683250,171629126695920,171629126704448,171629126705822,171629126710643,171629126710698,265650,93825186940240,4375639744,7,2732,1151,3843
171629135011547,171629135024159,171629135035446,171629135036449,171629135040896,171629135040978,265650,93825186940240,4375639744,7,2732,1151,3844
171629143268978,171629143282604,171629143295931,171629143297039,171629143302421,171629143302513,265650,93825186940240,4375639744,7,2732,1151,3845
171629151783156,171629151844478,171629151889500,171629151890597,171629151894954,171629151895030,265650,93825186940240,4375639744,7,2732,1151,3846
171629160050594,171629160062920,171629160073978,171629160074946,171629160080018,171629160080097,265650,93825186940240,4375639744,7,2732,1151,3847
171629168263089,171629168277011,171629168288448,171629168289352,171629168295288,171629168295365,265650,93825186940240,4375639744,7,2732,1151,3848
171629176675105,171629176684842,171629176693171,171629176693976,171629176698116,171629176698175,265650,93825186940240,4375639744,7,2732,1151,3849
171629184997617,171629185012881,171629185023769,171629185024851,171629185030529,171629185030602,265650,93825186940240,4375639744,7,2732,1151,3850
171629193263562,171629193273104,171629193281208,171629193281936,171629193286299,171629193286350,265650,93825186940240,4375639744,7,2732,1151,3851
171629201620619,171629201629476,171629201637558,171629201638264,171629201642293,171629201642347,265650,93825186940240,4375639744,7,2732,1151,3852
171629209976751,171629209986625,171629209995595,171629209996319,171629209999634,171629209999694,265650,93825186940240,4375639744,7,2732,1151,3853
171629218288802,171629218305452,171629218315309,171629218317452,171629218323807,171629218323887,265650,93825186940240,4375639744,7,2732,1151,3854
171629226592988,171629226620021,171629226629251,171629226630281,171629226635326,171629226635403,265650,93825186940240,4375639744,7,2732,1151,3855
171629234980509,171629234990040,171629234998138,171629234999061,171629235005922,171629235005982,265650,93825186940240,4375639744,7,2732,1151,3856
171629243265085,171629243278350,171629243289468,171629243290352,171629243295571,171629243295661,265650,93825186940240,4375639744,7,2732,1151,3857
171629251717310,171629251731207,171629251745577,171629251746497,171629251751416,171629251751489,265650,93825186940240,4375639744,7,2732,1151,3858
171629260053577,171629260066477,171629260077633,171629260078669,171629260083434,171629260083508,265650,93825186940240,4375639744,7,2732,1151,3859
171629268266225,171629268279444,171629268290643,171629268291529,171629268296522,171629268296597,265650,93825186940240,4375639744,7,2732,1151,3860
171629276704377,171629276790257,171629276801165,171629276802072,171629276806674,171629276806748,265650,93825186940240,4375639744,7,2732,1151,3861
171629285042281,171629285054290,171629285065465,171629285066289,171629285071028,171629285071104,265650,93825186940240,4375639744,7,2732,1151,3862
171629293267871,171629293280671,171629293291983,171629293292819,171629293297660,171629293297735,265650,93825186940240,4375639744,7,2732,1151,3863
171629301700613,171629301714993,171629301723742,171629301724561,171629301730206,171629301730272,265650,93825186940240,4375639744,7,2732,1151,3864
171629310056695,171629310069220,171629310080154,171629310081044,171629310086147,171629310086223,265650,93825186940240,4375639744,7,2732,1151,3865
171629318267759,171629318280548,171629318291769,171629318292646,171629318297774,171629318297828,265650,93825186940240,4375639744,7,2732,1151,3866
171629326638238,171629326648077,171629326656759,171629326657425,171629326661885,171629326661946,265650,93825186940240,4375639744,7,2732,1151,3867
171629335041771,171629335053558,171629335064244,171629335065019,171629335069437,171629335069514,265650,93825186940240,4375639744,7,2732,1151,3868
171629343332873,171629343345910,171629343357209,171629343358138,171629343363196,171629343363254,265650,93825186940240,4375639744,7,2732,1151,3869
171629351736630,171629351792848,171629351804116,171629351805051,171629351810479,171629351810557,265650,93825186940240,4375639744,7,2732,1151,3870
171629360062131,171629360096096,171629360140471,171629360141551,171629360148102,171629360148172,265650,93825186940240,4375639744,7,2732,1151,3871
171629368301571,171629368314092,171629368325280,171629368326214,171629368331293,171629368331367,265650,93825186940240,4375639744,7,2732,1151,3872
171629376602902,171629376612344,171629376620509,171629376621430,171629376626875,171629376626938,265650,93825186940240,4375639744,7,2732,1151,3873
171629384949440,171629384966206,171629384977473,171629384979923,171629384994925,171629384995144,265650,93825186940240,4375639744,7,2732,1151,3874
171629393284017,171629393304855,171629393328015,171629393331459,171629393340560,171629393340674,265650,93825186940240,4375639744,7,2732,1151,3875
171629401652627,171629401674914,171629401686659,171629401689415,171629401704769,171629401704862,265650,93825186940240,4375639744,7,2732,1151,3876
171629409994270,171629410022655,171629410034049,171629410037117,171629410051508,171629410051586,265650,93825186940240,4375639744,7,2732,1151,3877
171629418378943,171629418400436,171629418412450,171629418415059,171629418429464,171629418429558,265650,93825186940240,4375639744,7,2732,1151,3878
171629426717986,171629426738267,171629426750069,171629426752640,171629426764890,171629426764964,265650,93825186940240,4375639744,7,2732,1151,3879
171629435039078,171629435056226,171629435066969,171629435069057,171629435082523,171629435082616,265650,93825186940240,4375639744,7,2732,1151,3880
171629443295064,171629443314645,171629443325737,171629443327975,171629443333250,171629443333308,265650,93825186940240,4375639744,7,2732,1151,3881
171629451659327,171629451680212,171629451691686,171629451694677,171629451712754,171629451712838,265650,93825186940240,4375639744,7,2732,1151,3882
171629459970805,171629459990946,171629460005475,171629460007819,171629460020967,171629460021050,265650,93825186940240,4375639744,7,2732,1151,3883
171629468289006,171629468306008,171629468317686,171629468320109,171629468330508,171629468330595,265650,93825186940240,4375639744,7,2732,1151,3884
171629476627642,171629476647936,171629476659246,171629476662123,171629476666636,171629476666718,265650,93825186940240,4375639744,7,2732,1151,3885
171629484952245,171629484970191,171629484981058,171629484983337,171629484995271,171629484995359,265650,93825186940240,4375639744,7,2732,1151,3886
171629493286151,171629493299410,171629493310733,171629493313448,171629493318266,171629493318324,265650,93825186940240,4375639744,7,2732,1151,3887
171629501643166,171629501666218,171629501678574,171629501681697,171629501697367,171629501697422,265650,93825186940240,4375639744,7,2732,1151,3888
171629509978461,171629509995213,171629510009158,171629510011139,171629510020641,171629510020695,265650,93825186940240,4375639744,7,2732,1151,3889
171629518317957,171629518329850,171629518339212,171629518341217,171629518347418,171629518347489,265650,93825186940240,4375639744,7,2732,1151,3890
171629526739325,171629526754523,171629526766469,171629526768407,171629526778014,171629526778123,265650,93825186940240,4375639744,7,2732,1151,3891
171629535168300,171629535270777,171629535282447,171629535283867,171629535288158,171629535288246,265650,93825186940240,4375639744,7,2732,1151,3892
171629543319079,171629543333654,171629543342352,171629543343936,171629543349553,171629543349619,265650,93825186940240,4375639744,7,2732,1151,3893
171629551711394,171629551729814,171629551740998,171629551743481,171629551751177,171629551751271,265650,93825186940240,4375639744,7,2732,1151,3894
171629560040817,171629560059061,171629560070164,171629560072419,171629560078851,171629560078941,265650,93825186940240,4375639744,7,2732,1151,3895
171629568294525,171629568310257,171629568321942,171629568324315,171629568334733,171629568334867,265650,93825186940240,4375639744,7,2732,1151,3896
171629576661012,171629576677362,171629576688667,171629576691035,171629576695054,171629576695222,265650,93825186940240,4375639744,7,2732,1151,3897
171629585015471,171629585030916,171629585042214,171629585044951,171629585050804,171629585050867,265650,93825186940240,4375639744,7,2732,1151,3898
171629593277245,171629593291552,171629593302460,171629593304155,171629593309719,171629593309765,265650,93825186940240,4375639744,7,2732,1151,3899
171629601633955,171629601651203,171629601662642,171629601665322,171629601673270,171629601673318,265650,93825186940240,4375639744,7,2732,1151,3900
171629609977115,171629610004841,171629610017253,171629610020331,171629610035391,171629610035566,265650,93825186940240,4375639744,7,2732,1151,3901
171629618284177,171629618310437,171629618322484,171629618325255,171629618338625,171629618338694,265650,93825186940240,4375639744,7,2732,1151,3902
171629626631094,171629626647915,171629626659298,171629626661743,171629626669173,171629626669334,265650,93825186940240,4375639744,7,2732,1151,3903
171629634984068,171629635010305,171629635022901,171629635026038,171629635042054,171629635042104,265650,93825186940240,4375639744,7,2732,1151,3904
171629643276290,171629643290529,171629643301480,171629643303371,171629643313679,171629643313747,265650,93825186940240,4375639744,7,2732,1151,3905
171629651666214,171629651691728,171629651704507,171629651708246,171629651717848,171629651717942,265650,93825186940240,4375639744,7,2732,1151,3906
171629659965531,171629659984226,171629659995375,171629659997968,171629660012833,171629660012962,265650,93825186940240,4375639744,7,2732,1151,3907
171629668290670,171629668308408,171629668319710,171629668322339,171629668329126,171629668329214,265650,93825186940240,4375639744,7,2732,1151,3908
171629676855420,171629676893550,171629676906862,171629676909925,171629676919856,171629676919948,265650,93825186940240,4375639744,7,2732,1151,3909
171629685087379,171629685105339,171629685116976,171629685118443,171629685123472,171629685123575,265650,93825186940240,4375639744,7,2732,1151,3910
171629693343509,171629693362416,171629693386545,171629693388026,171629693392264,171629693392354,265650,93825186940240,4375639744,7,2732,1151,3911
171629701741002,171629701753950,171629701764594,171629701765687,171629701771883,171629701771970,265650,93825186940240,4375639744,7,2732,1151,3912
171629709938201,171629709963345,171629710015148,171629710016051,171629710020625,171629710020693,265650,93825186940240,4375639744,7,2732,1151,3913
171629718309378,171629718321716,171629718332792,171629718333808,171629718338907,171629718339002,265650,93825186940240,4375639744,7,2732,1151,3914
171629726755310,171629726801549,171629726812235,171629726813134,171629726818464,171629726818555,265650,93825186940240,4375639744,7,2732,1151,3915
171629735004843,171629735017860,171629735025730,171629735026406,171629735033266,171629735033328,265650,93825186940240,4375639744,7,2732,1151,3916
171629743299209,171629743308215,171629743316900,171629743317704,171629743321699,171629743321759,265650,93825186940240,4375639744,7,2732,1151,3917
171629751667206,171629751679863,171629751691721,171629751693605,171629751698152,171629751698243,265650,93825186940240,4375639744,7,2732,1151,3918
171629760078620,171629760094142,171629760105862,171629760107152,171629760115723,171629760115817,265650,93825186940240,4375639744,7,2732,1151,3919
171629768300240,171629768312994,171629768322240,171629768323355,171629768327792,171629768327867,265650,93825186940240,4375639744,7,2732,1151,3920
171629776728385,171629776745001,171629776756719,171629776759430,171629776762448,171629776762538,265650,93825186940240,4375639744,7,2732,1151,3921
171629784998302,171629785013121,171629785023979,171629785025819,171629785029287,171629785029337,265650,93825186940240,4375639744,7,2732,1151,3922
171629793281004,171629793297903,171629793309154,171629793311264,171629793314716,171629793314805,265650,93825186940240,4375639744,7,2732,1151,3923
171629808038546,171629808050867,171629808061879,171629808064213,171629808067875,171629808068056,265650,93825186940240,4375639744,7,2732,1151,3924
171629816406185,171629816424999,171629816436818,171629816439381,171629816446515,171629816446615,265650,93825186940240,4375639744,7,2732,1151,3925
171629824724268,171629824739804,171629824752006,171629824754590,171629824762147,171629824762232,265650,93825186940240,4375639744,7,2732,1151,3926
171629833074744,171629833090398,171629833102069,171629833104442,171629833112373,171629833112442,265650,93825186940240,4375639744,7,2732,1151,3927
171629841382083,171629841396575,171629841407931,171629841410114,171629841413925,171629841414037,265650,93825186940240,4375639744,7,2732,1151,3928
171629849745357,171629849757561,171629849770455,171629849774665,171629849783440,171629849783511,265650,93825186940240,4375639744,7,2732,1151,3929
171629858066734,171629858077551,171629858088644,171629858090457,171629858094054,171629858094144,265650,93825186940240,4375639744,7,2732,1151,3930
171629867704940,171629867718054,171629867727451,171629867728789,171629867733171,171629867733238,265650,93825186940240,4375639744,7,2732,1151,3931
171629879216069,171629879229972,171629879239023,171629879240430,171629879244457,171629879244519,265650,93825186940240,4375639744,7,2732,1151,3932
171629887637309,171629887646247,171629887654583,171629887655438,171629887658198,171629887658256,265650,93825186940240,4375639744,7,2732,1151,3933
171629897619980,171629897628903,171629897636864,171629897637718,171629897641898,171629897641961,265650,93825186940240,4375639744,7,2732,1151,3934
171629906013329,171629906025035,171629906035962,171629906036999,171629906041164,171629906041247,265650,93825186940240,4375639744,7,2732,1151,3935
171629914269465,171629914278234,171629914286196,171629914286787,171629914289755,171629914289806,265650,93825186940240,4375639744,7,2732,1151,3936
171629922694487,171629922763438,171629922774250,171629922775050,171629922780041,171629922780116,265650,93825186940240,4375639744,7,2732,1151,3937
171629931071951,171629931111938,171629931122580,171629931123371,171629931127305,171629931127377,265650,93825186940240,4375639744,7,2732,1151,3938
171629939336090,171629939350073,171629939362289,171629939363908,171629939369746,171629939369836,265650,93825186940240,4375639744,7,2732,1151,3939
171629947764165,171629947790124,171629947801721,171629947803178,171629947809300,171629947809378,265650,93825186940240,4375639744,7,2732,1151,3940
171629956007471,171629956019708,171629956030585,171629956031890,171629956037384,171629956037462,265650,93825186940240,4375639744,7,2732,1151,3941
171629964265688,171629964279754,171629964291199,171629964293788,171629964297835,171629964297932,265650,93825186940240,4375639744,7,2732,1151,3942
171629972617830,171629972630042,171629972640512,171629972642522,171629972646817,171629972646901,265650,93825186940240,4375639744,7,2732,1151,3943
171629980981144,171629980993293,171629981006287,171629981008428,171629981011257,171629981011344,265650,93825186940240,4375639744,7,2732,1151,3944
171629989261418,171629989272653,171629989283730,171629989285414,171629989288057,171629989288134,265650,93825186940240,4375639744,7,2732,1151,3945
171629999459877,171629999470707,171629999482001,171629999484489,171629999488201,171629999488263,265650,93825186940240,4375639744,7,2732,1151,3946
171630008777097,171630008787975,171630008798625,171630008800518,171630008803726,171630008803790,265650,93825186940240,4375639744,7,2732,1151,3947
171630017723527,171630017734763,171630017745832,171630017748131,171630017755167,171630017755249,265650,93825186940240,4375639744,7,2732,1151,3948
171630027173186,171630027184889,171630027196202,171630027198332,171630027204443,171630027204510,265650,93825186940240,4375639744,7,2732,1151,3949
171630035508381,171630035519219,171630035529775,171630035531484,171630035537347,171630035537413,265650,93825186940240,4375639744,7,2732,1151,3950
171630046276878,171630046289214,171630046298233,171630046299775,171630046305067,171630046305132,265650,93825186940240,4375639744,7,2732,1151,3951
171630054661111,171630054673568,171630054685018,171630054686100,171630054691941,171630054692033,265650,93825186940240,4375639744,7,2732,1151,3952
171630063004534,171630063017463,171630063028544,171630063029719,171630063034886,171630063034975,265650,93825186940240,4375639744,7,2732,1151,3953
171630072192688,171630072201893,171630072210163,171630072210974,171630072215974,171630072216035,265650,93825186940240,4375639744,7,2732,1151,3954
171630080643291,171630080663305,171630080675203,171630080677956,171630080681605,171630080681704,265650,93825186940240,4375639744,7,2732,1151,3955
171630088842789,171630088856665,171630088867947,171630088870013,171630088876491,171630088876560,265650,93825186940240,4375639744,7,2732,1151,3956
171630097178051,171630097192283,171630097203336,171630097205391,171630097209520,171630097209721,265650,93825186940240,4375639744,7,2732,1151,3957
171630105527292,171630105538445,171630105549039,171630105550985,171630105554833,171630105554897,265650,93825186940240,4375639744,7,2732,1151,3958
171630113874096,171630113885379,171630113896166,171630113897944,171630113901291,171630113901357,265650,93825186940240,4375639744,7,2732,1151,3959
171630122183447,171630122194768,171630122205935,171630122208295,171630122214376,171630122214463,265650,93825186940240,4375639744,7,2732,1151,3960
171630130520576,171630130532416,171630130543073,171630130544975,171630130551629,171630130551689,265650,93825186940240,4375639744,7,2732,1151,3961
171630138856903,171630138868888,171630138880129,171630138882357,171630138887959,171630138888019,265650,93825186940240,4375639744,7,2732,1151,3962
171630147176700,171630147187596,171630147198118,171630147199980,171630147203744,171630147203806,265650,93825186940240,4375639744,7,2732,1151,3963
171630157663114,171630157675144,171630157684679,171630157686303,171630157691144,171630157691213,265650,93825186940240,4375639744,7,2732,1151,3964
171630167850077,171630167863038,171630167874329,171630167876904,171630167885112,171630167885218,265650,93825186940240,4375639744,7,2732,1151,3965
171630177409697,171630177422049,171630177434472,171630177439325,171630177448193,171630177448287,265650,93825186940240,4375639744,7,2732,1151,3966
171630185867607,171630185878865,171630185890028,171630185892374,171630185898118,171630185898205,265650,93825186940240,4375639744,7,2732,1151,3967
171630194272952,171630194284922,171630194294463,171630194296538,171630194301463,171630194301534,265650,93825186940240,4375639744,7,2732,1151,3968
171630203769576,171630203782156,171630203793564,171630203796940,171630203809143,171630203809247,265650,93825186940240,4375639744,7,2732,1151,3969
171630212100047,171630212111877,171630212124047,171630212127918,171630212133608,171630212133691,265650,93825186940240,4375639744,7,2732,1151,3970
171630220545206,171630220556645,171630220567427,171630220569613,171630220573803,171630220573865,265650,93825186940240,4375639744,7,2732,1151,3971
171630230315773,171630230332193,171630230342015,171630230343800,171630230350323,171630230350392,265650,93825186940240,4375639744,7,2732,1151,3972
171630238720892,171630238733510,171630238744724,171630238745948,171630238753722,171630238753820,265650,93825186940240,4375639744,7,2732,1151,3973
171630246969468,171630246981395,171630246992436,171630246993401,171630246998513,171630246998603,265650,93825186940240,4375639744,7,2732,1151,3974
171630256428325,171630256438056,171630256446988,171630256447960,171630256452492,171630256452554,265650,93825186940240,4375639744,7,2732,1151,3975
171630264796064,171630264882704,171630264893972,171630264894824,171630264901253,171630264901341,265650,93825186940240,4375639744,7,2732,1151,3976
171630273132101,171630273144199,171630273155227,171630273156638,171630273164273,171630273164402,265650,93825186940240,4375639744,7,2732,1151,3977
171630282244423,171630282256391,171630282267464,171630282268405,171630282273014,171630282273088,265650,93825186940240,4375639744,7,2732,1151,3978
171630290697223,171630290760832,171630290771697,171630290772617,171630290776785,171630290776853,265650,93825186940240,4375639744,7,2732,1151,3979
171630299016515,171630299035378,171630299045655,171630299048830,171630299054817,171630299054885,265650,93825186940240,4375639744,7,2732,1151,3980
171630307513013,171630307522826,171630307531907,171630307532777,171630307536072,171630307536133,265650,93825186940240,4375639744,7,2732,1151,3981
171630316005754,171630316020669,171630316032549,171630316034143,171630316040079,171630316040166,265650,93825186940240,4375639744,7,2732,1151,3982
171630324282594,171630324295298,171630324306846,171630324307947,171630324316166,171630324316257,265650,93825186940240,4375639744,7,2732,1151,3983
171630334168231,171630334177200,171630334185238,171630334186100,171630334190724,171630334190793,265650,93825186940240,4375639744,7,2732,1151,3984
171630342517765,171630342527677,171630342536567,171630342537674,171630342543643,171630342543699,265650,93825186940240,4375639744,7,2732,1151,3985
171630350955515,171630350976596,171630350987758,171630350989134,171630350995123,171630350995206,265650,93825186940240,4375639744,7,2732,1151,3986
171630359776707,171630359786829,171630359796024,171630359797212,171630359802398,171630359802462,265650,93825186940240,4375639744,7,2732,1151,3987
171630368117423,171630368129726,171630368140589,171630368141671,171630368146978,171630368147054,265650,93825186940240,4375639744,7,2732,1151,3988
171630376489079,171630376498227,171630376506721,171630376507486,171630376512204,171630376512264,265650,93825186940240,4375639744,7,2732,1151,3989
171630384977804,171630384989852,171630385004224,171630385005189,171630385010736,171630385010812,265650,93825186940240,4375639744,7,2732,1151,3990
171630393290320,171630393299133,171630393307251,171630393307788,171630393313004,171630393313059,265650,93825186940240,4375639744,7,2732,1151,3991
171630401760869,171630401775483,171630401787117,171630401788455,171630401793336,171630401793415,265650,93825186940240,4375639744,7,2732,1151,3992
171630411323059,171630411331986,171630411340469,171630411342403,171630411348076,171630411348148,265650,93825186940240,4375639744,7,2732,1151,3993
171630419770026,171630419782371,171630419794096,171630419796099,171630419803126,171630419803212,265650,93825186940240,4375639744,7,2732,1151,3994
171630428046996,171630428072930,171630428084722,171630428088872,171630428094394,171630428094498,265650,93825186940240,4375639744,7,2732,1151,3995
171630438716827,171630438734625,171630438746020,171630438747213,171630438750789,171630438750857,265650,93825186940240,4375639744,7,2732,1151,3996
171630447005841,171630447018607,171630447028834,171630447029647,171630447033228,171630447033289,265650,93825186940240,4375639744,7,2732,1151,3997
171630455365434,171630455377697,171630455388702,171630455389898,171630455395849,171630455395920,265650,93825186940240,4375639744,7,2732,1151,3998
171630463977454,171630463989082,171630463998444,171630463999186,171630464025655,171630464025757,265650,93825186940240,4375639744,7,2732,1151,3999
171630472333688,171630472345771,171630472356510,171630472357250,171630472361697,171630472361774,265650,93825186940240,4375639744,7,2732,1151,4000
171630480640575,171630480649354,171630480656931,171630480657940,171630480661717,171630480661768,265650,93825186940240,4375639744,7,2732,1151,4001
171630489061534,171630489085208,171630489106589,171630489107645,171630489112861,171630489112942,265650,93825186940240,4375639744,7,2732,1151,4002
171630497353594,171630497365584,171630497376695,171630497377787,171630497381859,171630497381934,265650,93825186940240,4375639744,7,2732,1151,4003
171630505752755,171630505784370,171630505795543,171630505796761,171630505801899,171630505801976,265650,93825186940240,4375639744,7,2732,1151,4004
171630514066174,171630514078347,171630514089324,171630514090370,171630514094247,171630514094325,265650,93825186940240,4375639744,7,2732,1151,4005
171630522275699,171630522288543,171630522299837,171630522301509,171630522307082,171630522307168,265650,93825186940240,4375639744,7,2732,1151,4006
171630530674476,171630530686651,171630530697421,171630530698350,171630530703305,171630530703395,265650,93825186940240,4375639744,7,2732,1151,4007
171630539052481,171630539084867,171630539096155,171630539097484,171630539102510,171630539102601,265650,93825186940240,4375639744,7,2732,1151,4008
171630547409040,171630547476221,171630547487252,171630547488342,171630547492870,171630547492965,265650,93825186940240,4375639744,7,2732,1151,4009
171630555714334,171630555726205,171630555737147,171630555738412,171630555742502,171630555742592,265650,93825186940240,4375639744,7,2732,1151,4010
171630564465215,171630564473914,171630564481899,171630564482869,171630564486534,171630564486594,265650,93825186940240,4375639744,7,2732,1151,4011
171630572761634,171630572773763,171630572784687,171630572785876,171630572791515,171630572791590,265650,93825186940240,4375639744,7,2732,1151,4012
171630581106565,171630581115503,171630581123862,171630581124640,171630581128065,171630581128121,265650,93825186940240,4375639744,7,2732,1151,4013
171630590084077,171630590095824,171630590106743,171630590107699,171630590111966,171630590112041,265650,93825186940240,4375639744,7,2732,1151,4014
171630598559217,171630598587812,171630598598648,171630598599732,171630598604643,171630598604727,265650,93825186940240,4375639744,7,2732,1151,4015
171630606817229,171630606829186,171630606840396,171630606841474,171630606846473,171630606846548,265650,93825186940240,4375639744,7,2732,1151,4016
171630615167825,171630615180376,171630615191348,171630615192316,171630615197510,171630615197584,265650,93825186940240,4375639744,7,2732,1151,4017
171630639567119,171630639577255,171630639585463,171630639586960,171630639596758,171630639596806,265650,93825186940240,4375639744,7,2732,1151,4018
171630647916444,171630647932370,171630647944807,171630647947333,171630647952280,171630647952352,265650,93825186940240,4375639744,7,2732,1151,4019
171630656225212,171630656242381,171630656254906,171630656256865,171630656262806,171630656262899,265650,93825186940240,4375639744,7,2732,1151,4020
171630665376818,171630665423861,171630665445591,171630665447063,171630665450999,171630665451081,265650,93825186940240,4375639744,7,2732,1151,4021
171630673773538,171630673786672,171630673798223,171630673799349,171630673804445,171630673804545,265650,93825186940240,4375639744,7,2732,1151,4022
171630682078559,171630682088966,171630682097090,171630682098027,171630682101348,171630682101403,265650,93825186940240,4375639744,7,2732,1151,4023
171630690502801,171630690518078,171630690526686,171630690527954,171630690531772,171630690531839,265650,93825186940240,4375639744,7,2732,1151,4024
171630698958980,171630698972822,171630698984458,171630698985733,171630698992226,171630698992315,265650,93825186940240,4375639744,7,2732,1151,4025
171630707321398,171630707394597,171630707406487,171630707407587,171630707410525,171630707410594,265650,93825186940240,4375639744,7,2732,1151,4026
171630716907564,171630716916269,171630716924227,171630716925203,171630716928976,171630716929030,265650,93825186940240,4375639744,7,2732,1151,4027
171630725181987,171630725201179,171630725213200,171630725215919,171630725222000,171630725222086,265650,93825186940240,4375639744,7,2732,1151,4028
171630733562164,171630733579490,171630733590766,171630733592730,171630733599776,171630733599846,265650,93825186940240,4375639744,7,2732,1151,4029
171630742816906,171630742831852,171630742843777,171630742845071,171630742849845,171630742849925,265650,93825186940240,4375639744,7,2732,1151,4030
171630751014180,171630751027387,171630751038949,171630751040076,171630751044452,171630751044529,265650,93825186940240,4375639744,7,2732,1151,4031
171630764743824,171630764760524,171630764771997,171630764774424,171630764780178,171630764780269,265650,93825186940240,4375639744,7,2732,1151,4032
171630773035311,171630773051088,171630773062667,171630773065446,171630773074605,171630773074687,265650,93825186940240,4375639744,7,2732,1151,4033
171630781359550,171630781375775,171630781386996,171630781388908,171630781395660,171630781395749,265650,93825186940240,4375639744,7,2732,1151,4034
171630790243255,171630790272974,171630790282451,171630790284071,171630790287226,171630790287285,265650,93825186940240,4375639744,7,2732,1151,4035
171630798531798,171630798545362,171630798553973,171630798555799,171630798558974,171630798559048,265650,93825186940240,4375639744,7,2732,1151,4036
171630806895539,171630806915011,171630806926570,171630806929139,171630806938478,171630806938543,265650,93825186940240,4375639744,7,2732,1151,4037
171630816320397,171630816334264,171630816352632,171630816354557,171630816361886,171630816361985,265650,93825186940240,4375639744,7,2732,1151,4038
171630824602227,171630824619623,171630824631505,171630824633359,171630824639058,171630824639140,265650,93825186940240,4375639744,7,2732,1151,4039
171630832988061,171630833009897,171630833021601,171630833023739,171630833032724,171630833032807,265650,93825186940240,4375639744,7,2732,1151,4040
171630842514259,171630842525719,171630842534947,171630842536511,171630842541705,171630842541781,265650,93825186940240,4375639744,7,2732,1151,4041
171630850755755,171630850772092,171630850783889,171630850786299,171630850798712,171630850798792,265650,93825186940240,4375639744,7,2732,1151,4042
171630859078349,171630859097796,171630859109477,171630859111860,171630859123361,171630859123567,265650,93825186940240,4375639744,7,2732,1151,4043
171630873752119,171630873769207,171630873780910,171630873784192,171630873786814,171630873786871,265650,93825186940240,4375639744,7,2732,1151,4044
171630882173663,171630882197154,171630882210725,171630882213217,171630882221825,171630882221944,265650,93825186940240,4375639744,7,2732,1151,4045
171630890345636,171630890359834,171630890369226,171630890371320,171630890379619,171630890379699,265650,93825186940240,4375639744,7,2732,1151,4046
171630898801387,171630898813622,171630898824497,171630898825542,171630898832154,171630898832236,265650,93825186940240,4375639744,7,2732,1151,4047
171630907106971,171630907119371,171630907130369,171630907131305,171630907137289,171630907137363,265650,93825186940240,4375639744,7,2732,1151,4048
171630915381680,171630915394109,171630915405233,171630915406101,171630915411706,171630915411778,265650,93825186940240,4375639744,7,2732,1151,4049
171630923822714,171630923869111,171630923880016,171630923881220,171630923888654,171630923888741,265650,93825186940240,4375639744,7,2732,1151,4050
171630932061029,171630932074055,171630932084947,171630932085879,171630932091189,171630932091261,265650,93825186940240,4375639744,7,2732,1151,4051
171630940473881,171630940488687,171630940500078,171630940501467,171630940509368,171630940509464,265650,93825186940240,4375639744,7,2732,1151,4052
171630948698097,171630948718419,171630948739167,171630948741937,171630948750486,171630948750579,265650,93825186940240,4375639744,7,2732,1151,4053
171630957014993,171630957028791,171630957039340,171630957041527,171630957047035,171630957047082,265650,93825186940240,4375639744,7,2732,1151,4054
171630965347630,171630965362046,171630965372685,171630965374322,171630965377860,171630965377904,265650,93825186940240,4375639744,7,2732,1151,4055
171630973787197,171630973804189,171630973815166,171630973816938,171630973825033,171630973825083,265650,93825186940240,4375639744,7,2732,1151,4056
171630982079802,171630982096330,171630982107427,171630982109374,171630982118261,171630982118309,265650,93825186940240,4375639744,7,2732,1151,4057
171630990387189,171630990409524,171630990421797,171630990424785,171630990435835,171630990435903,265650,93825186940240,4375639744,7,2732,1151,4058
171630998705983,171630998718404,171630998727407,171630998728722,171630998735918,171630998735988,265650,93825186940240,4375639744,7,2732,1151,4059
171631007149757,171631007163668,171631007175187,171631007176510,171631007181937,171631007182032,265650,93825186940240,4375639744,7,2732,1151,4060
171631015492099,171631015507485,171631015519024,171631015520359,171631015526385,171631015526481,265650,93825186940240,4375639744,7,2732,1151,4061
171631023696915,171631023714719,171631023726446,171631023730130,171631023746325,171631023746407,265650,93825186940240,4375639744,7,2732,1151,4062
171631032078140,171631032093507,171631032104645,171631032106568,171631032115860,171631032115909,265650,93825186940240,4375639744,7,2732,1151,4063
171631040390078,171631040406830,171631040417559,171631040419788,171631040432334,171631040432435,265650,93825186940240,4375639744,7,2732,1151,4064
171631048681658,171631048696138,171631048707521,171631048709731,171631048718888,171631048719000,265650,93825186940240,4375639744,7,2732,1151,4065
171631057009309,171631057023585,171631057037066,171631057038994,171631057044821,171631057044891,265650,93825186940240,4375639744,7,2732,1151,4066
171631065382923,171631065394141,171631065405131,171631065406886,171631065411505,171631065411575,265650,93825186940240,4375639744,7,2732,1151,4067
171631073756538,171631073769350,171631073780263,171631073782138,171631073787119,171631073787191,265650,93825186940240,4375639744,7,2732,1151,4068
171631082038120,171631082052903,171631082064740,171631082067065,171631082072367,171631082072433,265650,93825186940240,4375639744,7,2732,1151,4069
171631090404146,171631090416474,171631090427893,171631090429409,171631090435341,171631090435429,265650,93825186940240,4375639744,7,2732,1151,4070
171631098757390,171631098769276,171631098780340,171631098781413,171631098785792,171631098785881,265650,93825186940240,4375639744,7,2732,1151,4071
171631107197007,171631107220024,171631107231058,171631107232519,171631107237756,171631107237843,265650,93825186940240,4375639744,7,2732,1151,4072
171631115355353,171631115367605,171631115378325,171631115379473,171631115384220,171631115384318,265650,93825186940240,4375639744,7,2732,1151,4073
171631124665547,171631124674903,171631124683547,171631124685375,171631124690467,171631124690524,265650,93825186940240,4375639744,7,2732,1151,4074
171631132949036,171631132959039,171631132967613,171631132968796,171631132974533,171631132974607,265650,93825186940240,4375639744,7,2732,1151,4075
171631141278419,171631141287121,171631141295766,171631141296872,171631141300985,171631141301051,265650,93825186940240,4375639744,7,2732,1151,4076
171631149642983,171631149651458,171631149659268,171631149660043,171631149664118,171631149664184,265650,93825186940240,4375639744,7,2732,1151,4077
171631158022241,171631158034375,171631158045606,171631158046833,171631158053187,171631158053262,265650,93825186940240,4375639744,7,2732,1151,4078
171631166277311,171631166286183,171631166294086,171631166294918,171631166299358,171631166299424,265650,93825186940240,4375639744,7,2732,1151,4079
171631175179720,171631175191501,171631175201909,171631175202639,171631175207185,171631175207253,265650,93825186940240,4375639744,7,2732,1151,4080
171631183631027,171631183648166,171631183658905,171631183659747,171631183664872,171631183664945,265650,93825186940240,4375639744,7,2732,1151,4081
171631192432687,171631192443002,171631192451881,171631192452753,171631192456680,171631192456743,265650,93825186940240,4375639744,7,2732,1151,4082
171631201508788,171631201517307,171631201525289,171631201525920,171631201530538,171631201530593,265650,93825186940240,4375639744,7,2732,1151,4083
171631209933511,171631210047185,171631210058297,171631210059036,171631210063972,171631210064135,265650,93825186940240,4375639744,7,2732,1151,4084
171631218171770,171631218183572,171631218194506,171631218197600,171631218204643,171631218204745,265650,93825186940240,4375639744,7,2732,1151,4085
171631228667647,171631228680279,171631228692489,171631228696158,171631228704665,171631228704757,265650,93825186940240,4375639744,7,2732,1151,4086
171631237032648,171631237044335,171631237056900,171631237058770,171631237065106,171631237065183,265650,93825186940240,4375639744,7,2732,1151,4087
171631245312373,171631245323733,171631245334726,171631245336968,171631245340284,171631245340343,265650,93825186940240,4375639744,7,2732,1151,4088
171631255315161,171631255325228,171631255335914,171631255338110,171631255342430,171631255342500,265650,93825186940240,4375639744,7,2732,1151,4089
171631263750589,171631263762744,171631263773539,171631263774640,171631263780706,171631263780786,265650,93825186940240,4375639744,7,2732,1151,4090
171631272067918,171631272081237,171631272093223,171631272094786,171631272100099,171631272100194,265650,93825186940240,4375639744,7,2732,1151,4091
171631281470666,171631281479020,171631281486701,171631281487465,171631281491304,171631281491370,265650,93825186940240,4375639744,7,2732,1151,4092
171631289936129,171631289948521,171631289959678,171631289960914,171631289965941,171631289966040,265650,93825186940240,4375639744,7,2732,1151,4093
171631298268653,171631298306984,171631298318703,171631298320101,171631298323981,171631298324067,265650,93825186940240,4375639744,7,2732,1151,4094
171631306748082,171631306757430,171631306765720,171631306766861,171631306772591,171631306772659,265650,93825186940240,4375639744,7,2732,1151,4095
171631315129567,171631315148706,171631315161132,171631315164232,171631315167492,171631315167582,265650,93825186940240,4375639744,7,2732,1151,4096
171631323901683,171631323912975,171631323923687,171631323925746,171631323930053,171631323930122,265650,93825186940240,4375639744,7,2732,1151,4097
171631332200932,171631332212860,171631332224099,171631332225917,171631332230264,171631332230339,265650,93825186940240,4375639744,7,2732,1151,4098
171631340543476,171631340567206,171631340578159,171631340580176,171631340583386,171631340583446,265650,93825186940240,4375639744,7,2732,1151,4099
171631348881350,171631348894650,171631348905742,171631348907506,171631348913954,171631348914004,265650,93825186940240,4375639744,7,2732,1151,4100
171631357213048,171631357227584,171631357239145,171631357240584,171631357244809,171631357244902,265650,93825186940240,4375639744,7,2732,1151,4101
171631365535698,171631365570228,171631365583987,171631365585129,171631365589736,171631365589810,265650,93825186940240,4375639744,7,2732,1151,4102
171631373973377,171631374039368,171631374050853,171631374052068,171631374058665,171631374058877,265650,93825186940240,4375639744,7,2732,1151,4103
171631382256543,171631382270671,171631382281889,171631382284094,171631382293193,171631382293288,265650,93825186940240,4375639744,7,2732,1151,4104
171631390525987,171631390535969,171631390543909,171631390545125,171631390550804,171631390550878,265650,93825186940240,4375639744,7,2732,1151,4105
171631398953336,171631398996670,171631399028264,171631399029633,171631399046511,171631399046602,265650,93825186940240,4375639744,7,2732,1151,4106
171631407313330,171631407324792,171631407333428,171631407334476,171631407340013,171631407340080,265650,93825186940240,4375639744,7,2732,1151,4107
171631415675330,171631415703920,171631415715130,171631415716432,171631415723454,171631415723545,265650,93825186940240,4375639744,7,2732,1151,4108
171631424037207,171631424115885,171631424153458,171631424154668,171631424160883,171631424160980,265650,93825186940240,4375639744,7,2732,1151,4109
171631432218713,171631432234679,171631432246003,171631432247675,171631432252708,171631432252795,265650,93825186940240,4375639744,7,2732,1151,4110
171631440715348,171631440728557,171631440739340,171631440740813,171631440746729,171631440746817,265650,93825186940240,4375639744,7,2732,1151,4111
171631448983155,171631448995781,171631449015614,171631449016695,171631449023700,171631449023791,265650,93825186940240,4375639744,7,2732,1151,4112
171631457245877,171631457258162,171631457268937,171631457270150,171631457275374,171631457275463,265650,93825186940240,4375639744,7,2732,1151,4113
171631465609896,171631465620527,171631465629047,171631465629970,171631465635698,171631465635770,265650,93825186940240,4375639744,7,2732,1151,4114
171631473860536,171631473872809,171631473881037,171631473881887,171631473887447,171631473887505,265650,93825186940240,4375639744,7,2732,1151,4115
171631482209661,171631482219120,171631482227373,171631482228198,171631482232099,171631482232172,265650,93825186940240,4375639744,7,2732,1151,4116
171631490619044,171631490630991,171631490641450,171631490642348,171631490647353,171631490647420,265650,93825186940240,4375639744,7,2732,1151,4117
171631498971732,171631498986381,171631498997791,171631498999283,171631499005495,171631499005578,265650,93825186940240,4375639744,7,2732,1151,4118
171631507214160,171631507226152,171631507237389,171631507238773,171631507245501,171631507245577,265650,93825186940240,4375639744,7,2732,1151,4119
171631515591375,171631515603478,171631515611679,171631515612514,171631515617434,171631515617490,265650,93825186940240,4375639744,7,2732,1151,4120
171631523969246,171631524012279,171631524023282,171631524024273,171631524029018,171631524029088,265650,93825186940240,4375639744,7,2732,1151,4121
171631532170483,171631532181562,171631532190148,171631532191010,171631532195343,171631532195407,265650,93825186940240,4375639744,7,2732,1151,4122
171631540560473,171631540572949,171631540584156,171631540585142,171631540590424,171631540590518,265650,93825186940240,4375639744,7,2732,1151,4123
171631548982236,171631549092100,171631549103289,171631549104509,171631549110518,171631549110589,265650,93825186940240,4375639744,7,2732,1151,4124
171631557222663,171631557235387,171631557246691,171631557247755,171631557253452,171631557253523,265650,93825186940240,4375639744,7,2732,1151,4125
171631565656400,171631565719614,171631565729968,171631565730687,171631565735335,171631565735400,265650,93825186940240,4375639744,7,2732,1151,4126
171631573922810,171631573936006,171631573945539,171631573946671,171631573951342,171631573951412,265650,93825186940240,4375639744,7,2732,1151,4127
171631582218525,171631582232416,171631582243805,171631582245029,171631582252151,171631582252245,265650,93825186940240,4375639744,7,2732,1151,4128
171631590635926,171631590648426,171631590659302,171631590660298,171631590665611,171631590665704,265650,93825186940240,4375639744,7,2732,1151,4129
171631598980877,171631598989969,171631598998155,171631598999009,171631599006620,171631599006689,265650,93825186940240,4375639744,7,2732,1151,4130
171631607252975,171631607266262,171631607277385,171631607278801,171631607285089,171631607285170,265650,93825186940240,4375639744,7,2732,1151,4131
171631615591300,171631615600113,171631615607791,171631615608570,171631615614327,171631615614393,265650,93825186940240,4375639744,7,2732,1151,4132
171631623983135,171631623995967,171631624009793,171631624011084,171631624015976,171631624016063,265650,93825186940240,4375639744,7,2732,1151,4133
171631632217287,171631632226294,171631632236518,171631632237469,171631632243419,171631632243478,265650,93825186940240,4375639744,7,2732,1151,4134
171631640637322,171631640649397,171631640660478,171631640661432,171631640666490,171631640666573,265650,93825186940240,4375639744,7,2732,1151,4135
171631649052572,171631649065037,171631649076089,171631649077357,171631649083104,171631649083186,265650,93825186940240,4375639744,7,2732,1151,4136
171631657656167,171631657664886,171631657673114,171631657673963,171631657679217,171631657679279,265650,93825186940240,4375639744,7,2732,1151,4137
171631666056629,171631666069421,171631666080748,171631666081771,171631666087820,171631666087902,265650,93825186940240,4375639744,7,2732,1151,4138
171631674242900,171631674251581,171631674259860,171631674260581,171631674264048,171631674264105,265650,93825186940240,4375639744,7,2732,1151,4139
171631682717112,171631682807405,171631682819054,171631682820076,171631682825735,171631682825813,265650,93825186940240,4375639744,7,2732,1151,4140
171631690970914,171631690982578,171631690993557,171631690994357,171631690998862,171631690998948,265650,93825186940240,4375639744,7,2732,1151,4141
171631699341523,171631699353507,171631699364672,171631699365524,171631699371275,171631699371357,265650,93825186940240,4375639744,7,2732,1151,4142
171631707807329,171631707816437,171631707825017,171631707825708,171631707829692,171631707829753,265650,93825186940240,4375639744,7,2732,1151,4143
171631716208549,171631716221554,171631716232830,171631716233886,171631716239772,171631716239853,265650,93825186940240,4375639744,7,2732,1151,4144
171631725323420,171631725332738,171631725341408,171631725342189,171631725346004,171631725346068,265650,93825186940240,4375639744,7,2732,1151,4145
171631733716992,171631733729276,171631733740499,171631733741652,171631733746439,171631733746516,265650,93825186940240,4375639744,7,2732,1151,4146
171631742098639,171631742110482,171631742121504,171631742122343,171631742126867,171631742126944,265650,93825186940240,4375639744,7,2732,1151,4147
171631751137027,171631751151813,171631751162827,171631751165326,171631751168161,171631751168233,265650,93825186940240,4375639744,7,2732,1151,4148
171631759437127,171631759454043,171631759465650,171631759468143,171631759478522,171631759478613,265650,93825186940240,4375639744,7,2732,1151,4149
171631767800764,171631767815986,171631767827425,171631767830221,171631767834661,171631767834732,265650,93825186940240,4375639744,7,2732,1151,4150
171631777313626,171631777325138,171631777334384,171631777335559,171631777342532,171631777342587,265650,93825186940240,4375639744,7,2732,1151,4151
171631785695326,171631785707217,171631785718227,171631785719292,171631785724097,171631785724172,265650,93825186940240,4375639744,7,2732,1151,4152
171631794044522,171631794111736,171631794122876,171631794123745,171631794128075,171631794128147,265650,93825186940240,4375639744,7,2732,1151,4153
171631802911468,171631802919966,171631802927983,171631802928869,171631802933054,171631802933108,265650,93825186940240,4375639744,7,2732,1151,4154
171631812114832,171631812126743,171631812137909,171631812138820,171631812143011,171631812143065,265650,93825186940240,4375639744,7,2732,1151,4155
171631822091980,171631822101696,171631822111071,171631822112944,171631822119003,171631822119072,265650,93825186940240,4375639744,7,2732,1151,4156
171631831674212,171631831682255,171631831689846,171631831690580,171631831694726,171631831694783,265650,93825186940240,4375639744,7,2732,1151,4157
171631840901074,171631840909319,171631840916992,171631840917749,171631840922062,171631840922119,265650,93825186940240,4375639744,7,2732,1151,4158
171631851395734,171631851407672,171631851416989,171631851417903,171631851422396,171631851422465,265650,93825186940240,4375639744,7,2732,1151,4159
171631860735354,171631860743993,171631860753142,171631860755911,171631860761261,171631860761328,265650,93825186940240,4375639744,7,2732,1151,4160
171631870090320,171631870099083,171631870107341,171631870108058,171631870109900,171631870109961,265650,93825186940240,4375639744,7,2732,1151,4161
171631879587721,171631879596022,171631879603485,171631879604184,171631879607882,171631879607934,265650,93825186940240,4375639744,7,2732,1151,4162
171631888590948,171631888601210,171631888610725,171631888611902,171631888616408,171631888616485,265650,93825186940240,4375639744,7,2732,1151,4163
171631899110152,171631899129483,171631899141337,171631899143862,171631899148394,171631899148494,265650,93825186940240,4375639744,7,2732,1151,4164
171631907471004,171631907481888,171631907492021,171631907494213,171631907503816,171631907503885,265650,93825186940240,4375639744,7,2732,1151,4165
171631915818862,171631915832707,171631915844519,171631915845946,171631915850912,171631915851009,265650,93825186940240,4375639744,7,2732,1151,4166
171631924165133,171631924179481,171631924205304,171631924208212,171631924217005,171631924217078,265650,93825186940240,4375639744,7,2732,1151,4167
171631937891587,171631937953559,171631937965710,171631937968247,171631937985424,171631937985515,265650,93825186940240,4375639744,7,2732,1151,4168
171631946124508,171631946140300,171631946151987,171631946153923,171631946162324,171631946162414,265650,93825186940240,4375639744,7,2732,1151,4169
171631954454273,171631954475604,171631954487499,171631954490512,171631954497958,171631954498058,265650,93825186940240,4375639744,7,2732,1151,4170
171631962829191,171631962852630,171631962864652,171631962867541,171631962874238,171631962874311,265650,93825186940240,4375639744,7,2732,1151,4171
171631971052061,171631971067054,171631971078206,171631971080361,171631971087664,171631971087750,265650,93825186940240,4375639744,7,2732,1151,4172
171631979453107,171631979468673,171631979479542,171631979481181,171631979488887,171631979488976,265650,93825186940240,4375639744,7,2732,1151,4173
171631987788366,171631987804710,171631987815355,171631987817335,171631987824603,171631987824671,265650,93825186940240,4375639744,7,2732,1151,4174
171631996114275,171631996129560,171631996140841,171631996142798,171631996150007,171631996150074,265650,93825186940240,4375639744,7,2732,1151,4175
171632004451561,171632004466863,171632004477684,171632004479633,171632004490962,171632004491045,265650,93825186940240,4375639744,7,2732,1151,4176
171632012820296,171632012840119,171632012851502,171632012853715,171632012862953,171632012863026,265650,93825186940240,4375639744,7,2732,1151,4177
171632021060962,171632021075119,171632021085839,171632021087595,171632021096284,171632021096349,265650,93825186940240,4375639744,7,2732,1151,4178
171632029420544,171632029438286,171632029450325,171632029453544,171632029467786,171632029467883,265650,93825186940240,4375639744,7,2732,1151,4179
171632037732107,171632037745013,171632037755503,171632037757171,171632037761284,171632037761350,265650,93825186940240,4375639744,7,2732,1151,4180
171632046073463,171632046089623,171632046100323,171632046101992,171632046109967,171632046110015,265650,93825186940240,4375639744,7,2732,1151,4181
171632054476854,171632054498865,171632054511384,171632054514152,171632054522366,171632054522420,265650,93825186940240,4375639744,7,2732,1151,4182
171632062803245,171632062821222,171632062832815,171632062835812,171632062849990,171632062850041,265650,93825186940240,4375639744,7,2732,1151,4183
171632071094467,171632071108861,171632071120168,171632071121869,171632071126803,171632071126872,265650,93825186940240,4375639744,7,2732,1151,4184
171632079461945,171632079478385,171632079489228,171632079491173,171632079500390,171632079500460,265650,93825186940240,4375639744,7,2732,1151,4185
171632087735047,171632087747833,171632087758625,171632087760435,171632087769742,171632087769813,265650,93825186940240,4375639744,7,2732,1151,4186
171632096174702,171632096216978,171632096235493,171632096238384,171632096244188,171632096244281,265650,93825186940240,4375639744,7,2732,1151,4187
171632104426497,171632104447500,171632104469325,171632104470256,171632104474154,171632104474216,265650,93825186940240,4375639744,7,2732,1151,4188
171632112792706,171632112804819,171632112815999,171632112816998,171632112820818,171632112820904,265650,93825186940240,4375639744,7,2732,1151,4189
171632121205067,171632121228272,171632121239912,171632121241343,171632121245844,171632121245966,265650,93825186940240,4375639744,7,2732,1151,4190
171632129507169,171632129516054,171632129524135,171632129525006,171632129528642,171632129528701,265650,93825186940240,4375639744,7,2732,1151,4191
171632137895238,171632137924675,171632137936024,171632137937026,171632137942434,171632137942515,265650,93825186940240,4375639744,7,2732,1151,4192
171632146219356,171632146234965,171632146246922,171632146248267,171632146256129,171632146256200,265650,93825186940240,4375639744,7,2732,1151,4193
171632154533351,171632154581187,171632154592163,171632154593617,171632154598049,171632154598125,265650,93825186940240,4375639744,7,2732,1151,4194
171632162827101,171632162839407,171632162850692,171632162851715,171632162855178,171632162855255,265650,93825186940240,4375639744,7,2732,1151,4195
171632171201788,171632171214516,171632171226053,171632171227411,171632171233721,171632171233810,265650,93825186940240,4375639744,7,2732,1151,4196
171632179446467,171632179463679,171632179476714,171632179481910,171632179500691,171632179500785,265650,93825186940240,4375639744,7,2732,1151,4197
171632187827953,171632187840721,171632187851248,171632187853367,171632187858268,171632187858331,265650,93825186940240,4375639744,7,2732,1151,4198
171632196691070,171632196704418,171632196714827,171632196716928,171632196723739,171632196723789,265650,93825186940240,4375639744,7,2732,1151,4199
171632207723851,171632207734720,171632207744916,171632207746758,171632207751908,171632207751969,265650,93825186940240,4375639744,7,2732,1151,4200
171632217092284,171632217104261,171632217115638,171632217118183,171632217124711,171632217124804,265650,93825186940240,4375639744,7,2732,1151,4201
171632225472925,171632225485946,171632225497193,171632225500458,171632225512449,171632225512568,265650,93825186940240,4375639744,7,2732,1151,4202
171632238081072,171632238090199,171632238099177,171632238100978,171632238107470,171632238107529,265650,93825186940240,4375639744,7,2732,1151,4203
171632246450888,171632246469542,171632246481657,171632246484408,171632246495613,171632246495714,265650,93825186940240,4375639744,7,2732,1151,4204
171632254638604,171632254655338,171632254667357,171632254670225,171632254681705,171632254681800,265650,93825186940240,4375639744,7,2732,1151,4205
171632263530937,171632263544079,171632263555829,171632263558575,171632263566471,171632263566555,265650,93825186940240,4375639744,7,2732,1151,4206
171632271916396,171632271934942,171632271946659,171632271949702,171632271958510,171632271958584,265650,93825186940240,4375639744,7,2732,1151,4207
171632280152991,171632280166586,171632280177829,171632280179940,171632280185747,171632280185792,265650,93825186940240,4375639744,7,2732,1151,4208
171632288501944,171632288521613,171632288532645,171632288535362,171632288543315,171632288543401,265650,93825186940240,4375639744,7,2732,1151,4209
171632296824469,171632296854184,171632296867837,171632296869226,171632296874238,171632296874323,265650,93825186940240,4375639744,7,2732,1151,4210
171632305241520,171632305255212,171632305266685,171632305268095,171632305273645,171632305273744,265650,93825186940240,4375639744,7,2732,1151,4211
171632313480726,171632313493763,171632313505446,171632313508255,171632313513490,171632313513561,265650,93825186940240,4375639744,7,2732,1151,4212
171632321820928,171632321834760,171632321846016,171632321848351,171632321856774,171632321856845,265650,93825186940240,4375639744,7,2732,1151,4213
171632330144530,171632330158766,171632330169844,171632330171857,171632330177557,171632330177613,265650,93825186940240,4375639744,7,2732,1151,4214
171632338476656,171632338491047,171632338501578,171632338503464,171632338508086,171632338508152,265650,93825186940240,4375639744,7,2732,1151,4215
171632346869827,171632346881718,171632346892887,171632346894943,171632346899449,171632346899540,265650,93825186940240,4375639744,7,2732,1151,4216
171632355153878,171632355165059,171632355175915,171632355177938,171632355183553,171632355183750,265650,93825186940240,4375639744,7,2732,1151,4217
171632363695996,171632363713384,171632363727006,171632363728781,171632363735737,171632363735834,265650,93825186940240,4375639744,7,2732,1151,4218
171632372093492,171632372106706,171632372118351,171632372119741,171632372123764,171632372123848,265650,93825186940240,4375639744,7,2732,1151,4219
171632380278519,171632380291450,171632380302677,171632380304013,171632380307526,171632380307617,265650,93825186940240,4375639744,7,2732,1151,4220
171632388611528,171632388620377,171632388628498,171632388629832,171632388633604,171632388633670,265650,93825186940240,4375639744,7,2732,1151,4221
171632397002202,171632397010792,171632397018903,171632397019665,171632397023544,171632397023596,265650,93825186940240,4375639744,7,2732,1151,4222
171632405517409,171632405541126,171632405553070,171632405555647,171632405575373,171632405575462,265650,93825186940240,4375639744,7,2732,1151,4223
171632415272257,171632415283729,171632415295047,171632415297473,171632415302914,171632415303004,265650,93825186940240,4375639744,7,2732,1151,4224
171632423626635,171632423639097,171632423651985,171632423655587,171632423661632,171632423661896,265650,93825186940240,4375639744,7,2732,1151,4225
171632431969918,171632431981462,171632431992099,171632431994014,171632431999034,171632431999106,265650,93825186940240,4375639744,7,2732,1151,4226
171632440249953,171632440260461,171632440271028,171632440272824,171632440277819,171632440277876,265650,93825186940240,4375639744,7,2732,1151,4227
171632448617088,171632448649706,171632448660728,171632448662335,171632448666718,171632448666769,265650,93825186940240,4375639744,7,2732,1151,4228
171632456956378,171632456972463,171632456983561,171632456985472,171632456989833,171632456989879,265650,93825186940240,4375639744,7,2732,1151,4229
171632465244781,171632465267663,171632465288516,171632465290355,171632465294821,171632465294877,265650,93825186940240,4375639744,7,2732,1151,4230
171632473584129,171632473597679,171632473609272,171632473611256,171632473614945,171632473614991,265650,93825186940240,4375639744,7,2732,1151,4231
171632481913370,171632481926432,171632481937561,171632481939421,171632481944707,171632481944770,265650,93825186940240,4375639744,7,2732,1151,4232
171632490267354,171632490284667,171632490295497,171632490297911,171632490303435,171632490303485,265650,93825186940240,4375639744,7,2732,1151,4233
171632498751834,171632498792780,171632498805753,171632498807618,171632498811498,171632498811589,265650,93825186940240,4375639744,7,2732,1151,4234
171632506996393,171632507012042,171632507023686,171632507024844,171632507029421,171632507029512,265650,93825186940240,4375639744,7,2732,1151,4235
171632515255780,171632515268085,171632515279116,171632515280097,171632515285435,171632515285525,265650,93825186940240,4375639744,7,2732,1151,4236
171632523696657,171632523714001,171632523725146,171632523727741,171632523732058,171632523732121,265650,93825186940240,4375639744,7,2732,1151,4237
171632531981252,171632531995592,171632532009322,171632532011092,171632532015719,171632532015809,265650,93825186940240,4375639744,7,2732,1151,4238
171632540250540,171632540261740,171632540272342,171632540274214,171632540279594,171632540279684,265650,93825186940240,4375639744,7,2732,1151,4239
171632548629665,171632548641192,171632548651615,171632548653359,171632548658321,171632548658395,265650,93825186940240,4375639744,7,2732,1151,4240
171632556945438,171632556956655,171632556968165,171632556970833,171632556977975,171632556978040,265650,93825186940240,4375639744,7,2732,1151,4241
171632565729899,171632565739023,171632565748053,171632565749171,171632565754387,171632565754446,265650,93825186940240,4375639744,7,2732,1151,4242
171632574140092,171632574150036,171632574159132,171632574159996,171632574163994,171632574164066,265650,93825186940240,4375639744,7,2732,1151,4243
171632582458258,171632582467771,171632582475800,171632582476680,171632582481500,171632582481571,265650,93825186940240,4375639744,7,2732,1151,4244
171632591409032,171632591418220,171632591427554,171632591429288,171632591433207,171632591433267,265650,93825186940240,4375639744,7,2732,1151,4245
171632599832876,171632599887642,171632599898375,171632599899182,171632599903334,171632599903408,265650,93825186940240,4375639744,7,2732,1151,4246
171632607999753,171632608010041,171632608017499,171632608017966,171632608021791,171632608021847,265650,93825186940240,4375639744,7,2732,1151,4247
171632617164510,171632617173558,171632617182101,171632617183765,171632617190381,171632617190457,265650,93825186940240,4375639744,7,2732,1151,4248
171632625600605,171632625609351,171632625617252,171632625618396,171632625623113,171632625623185,265650,93825186940240,4375639744,7,2732,1151,4249
171632633943269,171632633957616,171632633968822,171632633969976,171632633975527,171632633975605,265650,93825186940240,4375639744,7,2732,1151,4250
171632642198218,171632642210245,171632642221042,171632642221982,171632642227498,171632642227573,265650,93825186940240,4375639744,7,2732,1151,4251
171632666046659,171632666055807,171632666064561,171632666066230,171632666074488,171632666074557,265650,93825186940240,4375639744,7,2732,1151,4252
171632674358237,171632674375041,171632674386154,171632674388497,171632674392740,171632674392818,265650,93825186940240,4375639744,7,2732,1151,4253
171632682712361,171632682736118,171632682748934,171632682751803,171632682763188,171632682763289,265650,93825186940240,4375639744,7,2732,1151,4254
171632691094785,171632691105506,171632691114385,171632691115516,171632691119044,171632691119107,265650,93825186940240,4375639744,7,2732,1151,4255
171632699497374,171632699507150,171632699516483,171632699517389,171632699522904,171632699522968,265650,93825186940240,4375639744,7,2732,1151,4256
171632707793281,171632707810593,171632707822047,171632707824589,171632707827979,171632707828062,265650,93825186940240,4375639744,7,2732,1151,4257
171632717164087,171632717192066,171632717213146,171632717214398,171632717219057,171632717219135,265650,93825186940240,4375639744,7,2732,1151,4258
171632725443813,171632725547771,171632725559822,171632725560974,171632725566196,171632725566270,265650,93825186940240,4375639744,7,2732,1151,4259
171632733734510,171632733747719,171632733758842,171632733760047,171632733765680,171632733765761,265650,93825186940240,4375639744,7,2732,1151,4260
171632742641153,171632742650253,171632742658671,171632742659544,171632742663451,171632742663506,265650,93825186940240,4375639744,7,2732,1151,4261
171632751069154,171632751084570,171632751097387,171632751098771,171632751103047,171632751103152,265650,93825186940240,4375639744,7,2732,1151,4262
171632759300969,171632759320599,171632759333521,171632759336376,171632759346357,171632759346439,265650,93825186940240,4375639744,7,2732,1151,4263
171632768924163,171632768940987,171632768954789,171632768956656,171632768963926,171632768964018,265650,93825186940240,4375639744,7,2732,1151,4264
171632777221807,171632777237012,171632777248071,171632777249955,171632777256744,171632777256827,265650,93825186940240,4375639744,7,2732,1151,4265
171632791693469,171632791705106,171632791715970,171632791717943,171632791724834,171632791724910,265650,93825186940240,4375639744,7,2732,1151,4266
171632800003623,171632800019409,171632800031513,171632800034659,171632800044833,171632800044902,265650,93825186940240,4375639744,7,2732,1151,4267
171632808387428,171632808404548,171632808417838,171632808419884,171632808428593,171632808428682,265650,93825186940240,4375639744,7,2732,1151,4268
171632818494781,171632818506262,171632818517002,171632818519120,171632818523509,171632818523597,265650,93825186940240,4375639744,7,2732,1151,4269
171632826905654,171632826976107,171632826989855,171632826991847,171632826995310,171632826995409,265650,93825186940240,4375639744,7,2732,1151,4270
171632835193672,171632835208475,171632835220159,171632835221469,171632835224556,171632835224653,265650,93825186940240,4375639744,7,2732,1151,4271
171632843559996,171632843572673,171632843583913,171632843584987,171632843588325,171632843588419,265650,93825186940240,4375639744,7,2732,1151,4272
171632851876340,171632851896782,171632851908732,171632851911683,171632851920608,171632851920691,265650,93825186940240,4375639744,7,2732,1151,4273
171632860161951,171632860189272,171632860201972,171632860204162,171632860212893,171632860212975,265650,93825186940240,4375639744,7,2732,1151,4274
171632868534555,171632868547849,171632868558817,171632868561081,171632868568171,171632868568222,265650,93825186940240,4375639744,7,2732,1151,4275
171632876868269,171632876884350,171632876895990,171632876897710,171632876902250,171632876902316,265650,93825186940240,4375639744,7,2732,1151,4276
171632885156154,171632885172216,171632885183024,171632885184954,171632885188689,171632885188744,265650,93825186940240,4375639744,7,2732,1151,4277
171632893545532,171632893561843,171632893572729,171632893574830,171632893579706,171632893579761,265650,93825186940240,4375639744,7,2732,1151,4278
171632901881873,171632901896137,171632901906210,171632901907910,171632901914262,171632901914311,265650,93825186940240,4375639744,7,2732,1151,4279
171632910150230,171632910164810,171632910175287,171632910177195,171632910184341,171632910184400,265650,93825186940240,4375639744,7,2732,1151,4280
171632918565487,171632918587153,171632918599542,171632918602555,171632918614303,171632918614362,265650,93825186940240,4375639744,7,2732,1151,4281
171632926860525,171632926881176,171632926893225,171632926895954,171632926906991,171632926907060,265650,93825186940240,4375639744,7,2732,1151,4282
171632935163198,171632935179521,171632935191059,171632935194238,171632935210568,171632935210656,265650,93825186940240,4375639744,7,2732,1151,4283
171632943495951,171632943511889,171632943522981,171632943524754,171632943533002,171632943533079,265650,93825186940240,4375639744,7,2732,1151,4284
171632951883138,171632951905704,171632951918231,171632951920958,171632951927506,171632951927561,265650,93825186940240,4375639744,7,2732,1151,4285
171632960153571,171632960170580,171632960181705,171632960183813,171632960189990,171632960190077,265650,93825186940240,4375639744,7,2732,1151,4286
171632968488338,171632968515949,171632968527864,171632968530148,171632968538103,171632968538221,265650,93825186940240,4375639744,7,2732,1151,4287
171632976827468,171632976846018,171632976857540,171632976859700,171632976865632,171632976865723,265650,93825186940240,4375639744,7,2732,1151,4288
171632985164851,171632985182743,171632985193663,171632985196167,171632985201313,171632985201397,265650,93825186940240,4375639744,7,2732,1151,4289
171632993489831,171632993510923,171632993529145,171632993531700,171632993536785,171632993536846,265650,93825186940240,4375639744,7,2732,1151,4290
171633002042761,171633002067634,171633002079358,171633002082297,171633002087146,171633002087203,265650,93825186940240,4375639744,7,2732,1151,4291
171633010383016,171633010403519,171633010415259,171633010417948,171633010425171,171633010425267,265650,93825186940240,4375639744,7,2732,1151,4292
171633018750072,171633018766403,171633018779713,171633018781560,171633018793123,171633018793223,265650,93825186940240,4375639744,7,2732,1151,4293
171633027157103,171633027175941,171633027187244,171633027190101,171633027196996,171633027197081,265650,93825186940240,4375639744,7,2732,1151,4294
171633035422414,171633035434868,171633035445584,171633035448475,171633035460827,171633035460891,265650,93825186940240,4375639744,7,2732,1151,4295
171633043718147,171633043735634,171633043746875,171633043749226,171633043757066,171633043757113,265650,93825186940240,4375639744,7,2732,1151,4296
171633052076941,171633052094231,171633052105139,171633052107271,171633052116044,171633052116089,265650,93825186940240,4375639744,7,2732,1151,4297
171633060427267,171633060442916,171633060454095,171633060456437,171633060463519,171633060463591,265650,93825186940240,4375639744,7,2732,1151,4298
171633068749367,171633068764465,171633068776623,171633068779061,171633068786547,171633068786605,265650,93825186940240,4375639744,7,2732,1151,4299
171633077085890,171633077103505,171633077116272,171633077118184,171633077127147,171633077127211,265650,93825186940240,4375639744,7,2732,1151,4300
171633085371853,171633085389414,171633085400298,171633085402361,171633085409727,171633085409805,265650,93825186940240,4375639744,7,2732,1151,4301
171633093701698,171633093717607,171633093728748,171633093730892,171633093736160,171633093736223,265650,93825186940240,4375639744,7,2732,1151,4302
171633102062438,171633102078028,171633102088836,171633102090729,171633102096137,171633102096205,265650,93825186940240,4375639744,7,2732,1151,4303
171633110365139,171633110379465,171633110390083,171633110391835,171633110396191,171633110396260,265650,93825186940240,4375639744,7,2732,1151,4304
171633118837927,171633118853385,171633118865334,171633118867011,171633118873400,171633118873483,265650,93825186940240,4375639744,7,2732,1151,4305
171633127221053,171633127233262,171633127244692,171633127245705,171633127249847,171633127249935,265650,93825186940240,4375639744,7,2732,1151,4306
171633135409876,171633135418805,171633135426654,171633135427352,171633135431909,171633135431978,265650,93825186940240,4375639744,7,2732,1151,4307
171633143784089,171633143796467,171633143807378,171633143808460,171633143813832,171633143813926,265650,93825186940240,4375639744,7,2732,1151,4308
171633152182154,171633152194668,171633152205841,171633152206920,171633152212715,171633152212803,265650,93825186940240,4375639744,7,2732,1151,4309
171633160438385,171633160450237,171633160461078,171633160461819,171633160466910,171633160466985,265650,93825186940240,4375639744,7,2732,1151,4310
171633168860886,171633168881935,171633168893551,171633168895321,171633168910764,171633168910856,265650,93825186940240,4375639744,7,2732,1151,4311
171633177122109,171633177134824,171633177146210,171633177147694,171633177154382,171633177154468,265650,93825186940240,4375639744,7,2732,1151,4312
171633185658374,171633185668389,171633185676906,171633185677970,171633185683616,171633185683694,265650,93825186940240,4375639744,7,2732,1151,4313
171633193788222,171633193800128,171633193811177,171633193812160,171633193817365,171633193817436,265650,93825186940240,4375639744,7,2732,1151,4314
171633202137413,171633202149186,171633202160025,171633202161001,171633202166443,171633202166505,265650,93825186940240,4375639744,7,2732,1151,4315
171633210502987,171633210515153,171633210526242,171633210527311,171633210533427,171633210533502,265650,93825186940240,4375639744,7,2732,1151,4316
171633218843352,171633218910711,171633218921604,171633218922392,171633218927244,171633218927316,265650,93825186940240,4375639744,7,2732,1151,4317
171633227115832,171633227128166,171633227138983,171633227139772,171633227145285,171633227145358,265650,93825186940240,4375639744,7,2732,1151,4318
171633235443316,171633235455424,171633235466174,171633235467099,171633235472427,171633235472499,265650,93825186940240,4375639744,7,2732,1151,4319
171633243789004,171633243802246,171633243813146,171633243814575,171633243820349,171633243820421,265650,93825186940240,4375639744,7,2732,1151,4320
171633252119578,171633252142826,171633252155794,171633252158763,171633252165445,171633252165571,265650,93825186940240,4375639744,7,2732,1151,4321
171633260381523,171633260393881,171633260404907,171633260407092,171633260414054,171633260414123,265650,93825186940240,4375639744,7,2732,1151,4322
171633268760769,171633268773217,171633268783629,171633268785493,171633268791307,171633268791355,265650,93825186940240,4375639744,7,2732,1151,4323
171633277088844,171633277100450,171633277111093,171633277113063,171633277119641,171633277119699,265650,93825186940240,4375639744,7,2732,1151,4324
171633285403206,171633285417385,171633285428792,171633285431846,171633285441360,171633285441419,265650,93825186940240,4375639744,7,2732,1151,4325
171633293701621,171633293712687,171633293722992,171633293724924,171633293731277,171633293731340,265650,93825186940240,4375639744,7,2732,1151,4326
171633302048635,171633302062733,171633302073815,171633302076507,171633302081759,171633302081869,265650,93825186940240,4375639744,7,2732,1151,4327
171633310430212,171633310444119,171633310455191,171633310457833,171633310462912,171633310462985,265650,93825186940240,4375639744,7,2732,1151,4328
171633318709015,171633318720445,171633318731716,171633318733963,171633318737981,171633318738088,265650,93825186940240,4375639744,7,2732,1151,4329
171633327188352,171633327201081,171633327212646,171633327214569,171633327221048,171633327221131,265650,93825186940240,4375639744,7,2732,1151,4330
171633335484748,171633335496686,171633335507848,171633335508938,171633335514746,171633335514843,265650,93825186940240,4375639744,7,2732,1151,4331
171633343810962,171633343823591,171633343855200,171633343856205,171633343862005,171633343862095,265650,93825186940240,4375639744,7,2732,1151,4332
171633352197154,171633352209524,171633352220180,171633352221350,171633352227234,171633352227326,265650,93825186940240,4375639744,7,2732,1151,4333
171633360464443,171633360576125,171633360659432,171633360660664,171633360667014,171633360667106,265650,93825186940240,4375639744,7,2732,1151,4334
171633368810174,171633368833082,171633368843849,171633368844806,171633368851006,171633368851085,265650,93825186940240,4375639744,7,2732,1151,4335
171633377229182,171633377241328,171633377251970,171633377252810,171633377258561,171633377258635,265650,93825186940240,4375639744,7,2732,1151,4336
171633385548782,171633385588016,171633385598663,171633385599642,171633385607416,171633385607488,265650,93825186940240,4375639744,7,2732,1151,4337
171633393801126,171633393813357,171633393823704,171633393824480,171633393831622,171633393831689,265650,93825186940240,4375639744,7,2732,1151,4338
171633402213553,171633402227114,171633402238030,171633402239268,171633402248505,171633402248579,265650,93825186940240,4375639744,7,2732,1151,4339
171633410473180,171633410486904,171633410496051,171633410497592,171633410505891,171633410505951,265650,93825186940240,4375639744,7,2732,1151,4340
171633418841887,171633418854959,171633418865709,171633418866927,171633418874664,171633418874768,265650,93825186940240,4375639744,7,2732,1151,4341
171633427149759,171633427164405,171633427176143,171633427177971,171633427187074,171633427187171,265650,93825186940240,4375639744,7,2732,1151,4342
171633435422183,171633435432611,171633435441247,171633435443205,171633435451821,171633435451893,265650,93825186940240,4375639744,7,2732,1151,4343
171633443731079,171633443740867,171633443749002,171633443749813,171633443756881,171633443756948,265650,93825186940240,4375639744,7,2732,1151,4344
171633452133236,171633452148351,171633452159732,171633452161177,171633452169321,171633452169413,265650,93825186940240,4375639744,7,2732,1151,4345
171633460398551,171633460423710,171633460432631,171633460433549,171633460438715,171633460438787,265650,93825186940240,4375639744,7,2732,1151,4346
171633468798501,171633468811415,171633468822622,171633468823787,171633468830246,171633468830339,265650,93825186940240,4375639744,7,2732,1151,4347
171633477320890,171633477397733,171633477409136,171633477410641,171633477414776,171633477414871,265650,93825186940240,4375639744,7,2732,1151,4348
171633485354516,171633485364900,171633485373319,171633485374365,171633485378843,171633485378909,265650,93825186940240,4375639744,7,2732,1151,4349
171633493729438,171633493742546,171633493754853,171633493757639,171633493763853,171633493763944,265650,93825186940240,4375639744,7,2732,1151,4350
171633502065359,171633502077171,171633502088303,171633502090078,171633502095962,171633502096026,265650,93825186940240,4375639744,7,2732,1151,4351
171633510434260,171633510445273,171633510455990,171633510457715,171633510463576,171633510463651,265650,93825186940240,4375639744,7,2732,1151,4352
171633518706786,171633518717978,171633518727885,171633518729393,171633518735605,171633518735667,265650,93825186940240,4375639744,7,2732,1151,4353
171633527096485,171633527108992,171633527119890,171633527122207,171633527127975,171633527128044,265650,93825186940240,4375639744,7,2732,1151,4354
171633535937991,171633535949260,171633535959337,171633535961153,171633535965397,171633535965458,265650,93825186940240,4375639744,7,2732,1151,4355
171633544221732,171633544232870,171633544242651,171633544244325,171633544248021,171633544248090,265650,93825186940240,4375639744,7,2732,1151,4356
171633552760979,171633552771579,171633552781802,171633552783906,171633552786746,171633552786815,265650,93825186940240,4375639744,7,2732,1151,4357
171633562771811,171633562782549,171633562792739,171633562794483,171633562797152,171633562797215,265650,93825186940240,4375639744,7,2732,1151,4358
171633571103652,171633571114871,171633571125596,171633571127353,171633571129670,171633571129782,265650,93825186940240,4375639744,7,2732,1151,4359
171633579463293,171633579474745,171633579486695,171633579489405,171633579497119,171633579497176,265650,93825186940240,4375639744,7,2732,1151,4360
171633587983253,171633587994323,171633588009198,171633588011051,171633588016310,171633588016366,265650,93825186940240,4375639744,7,2732,1151,4361
171633596322996,171633596336014,171633596348119,171633596351172,171633596354651,171633596354719,265650,93825186940240,4375639744,7,2732,1151,4362
171633604663587,171633604675362,171633604689567,171633604692774,171633604695485,171633604695549,265650,93825186940240,4375639744,7,2732,1151,4363
171633613474664,171633613485196,171633613496387,171633613499236,171633613502274,171633613502333,265650,93825186940240,4375639744,7,2732,1151,4364
171633621827373,171633621843041,171633621856368,171633621860113,171633621870680,171633621870782,265650,93825186940240,4375639744,7,2732,1151,4365
171633630141802,171633630152819,171633630163556,171633630165384,171633630169036,171633630169095,265650,93825186940240,4375639744,7,2732,1151,4366
171633639858837,171633639870100,171633639881445,171633639884263,171633639887162,171633639887222,265650,93825186940240,4375639744,7,2732,1151,4367
171633648175086,171633648186548,171633648197581,171633648199299,171633648202449,171633648202507,265650,93825186940240,4375639744,7,2732,1151,4368
171633656571547,171633656581983,171633656593142,171633656596027,171633656600697,171633656600756,265650,93825186940240,4375639744,7,2732,1151,4369
171633666281635,171633666304228,171633666316734,171633666318467,171633666325584,171633666325672,265650,93825186940240,4375639744,7,2732,1151,4370
171633674470510,171633674480934,171633674490181,171633674491404,171633674498490,171633674498564,265650,93825186940240,4375639744,7,2732,1151,4371
171633682921327,171633682994766,171633683009025,171633683010645,171633683020107,171633683020197,265650,93825186940240,4375639744,7,2732,1151,4372
171633691488054,171633691497288,171633691506165,171633691507875,171633691513488,171633691513551,265650,93825186940240,4375639744,7,2732,1151,4373
171633701436583,171633701449101,171633701460586,171633701461685,171633701467143,171633701467236,265650,93825186940240,4375639744,7,2732,1151,4374
171633713089368,171633713099775,171633713109614,171633713110703,171633713115185,171633713115250,265650,93825186940240,4375639744,7,2732,1151,4375
171633722759370,171633722768842,171633722777425,171633722778542,171633722783591,171633722783649,265650,93825186940240,4375639744,7,2732,1151,4376
171633732048004,171633732064756,171633732075817,171633732078424,171633732083602,171633732083698,265650,93825186940240,4375639744,7,2732,1151,4377
171633743740428,171633743751792,171633743762472,171633743764532,171633743767568,171633743767634,265650,93825186940240,4375639744,7,2732,1151,4378
171633753676529,171633753687524,171633753698537,171633753700059,171633753706680,171633753706748,265650,93825186940240,4375639744,7,2732,1151,4379
171633763208259,171633763219284,171633763230018,171633763232893,171633763239434,171633763239496,265650,93825186940240,4375639744,7,2732,1151,4380
171633773081517,171633773092555,171633773102687,171633773104655,171633773111303,171633773111349,265650,93825186940240,4375639744,7,2732,1151,4381
171633784296581,171633784307380,171633784318126,171633784320194,171633784324247,171633784324313,265650,93825186940240,4375639744,7,2732,1151,4382
171633794707580,171633794719161,171633794731175,171633794733511,171633794738806,171633794738867,265650,93825186940240,4375639744,7,2732,1151,4383
171633803054975,171633803065578,171633803076261,171633803078608,171633803083132,171633803083210,265650,93825186940240,4375639744,7,2732,1151,4384
171633811741071,171633811752155,171633811762651,171633811764369,171633811768499,171633811768560,265650,93825186940240,4375639744,7,2732,1151,4385
171633823186414,171633823196912,171633823207408,171633823209506,171633823214126,171633823214192,265650,93825186940240,4375639744,7,2732,1151,4386
171633831538451,171633831549728,171633831560843,171633831562688,171633831567385,171633831567449,265650,93825186940240,4375639744,7,2732,1151,4387
171633840366036,171633840377061,171633840387532,171633840389522,171633840393332,171633840393395,265650,93825186940240,4375639744,7,2732,1151,4388
171633851918954,171633851929822,171633851940877,171633851942760,171633851945759,171633851945825,265650,93825186940240,4375639744,7,2732,1151,4389
171633860258933,171633860271974,171633860283382,171633860285690,171633860290147,171633860290226,265650,93825186940240,4375639744,7,2732,1151,4390
171633868938809,171633868949830,171633868960513,171633868962581,171633868968556,171633868968645,265650,93825186940240,4375639744,7,2732,1151,4391
171633880266380,171633880277116,171633880287712,171633880289579,171633880295984,171633880296038,265650,93825186940240,4375639744,7,2732,1151,4392
171633888630672,171633888642515,171633888653096,171633888655237,171633888660599,171633888660663,265650,93825186940240,4375639744,7,2732,1151,4393
171633897385605,171633897396457,171633897407351,171633897409119,171633897413247,171633897413306,265650,93825186940240,4375639744,7,2732,1151,4394
171633908700335,171633908711175,171633908721694,171633908723375,171633908727420,171633908727476,265650,93825186940240,4375639744,7,2732,1151,4395
171633917039705,171633917056293,171633917067806,171633917070267,171633917077133,171633917077198,265650,93825186940240,4375639744,7,2732,1151,4396
171633925370171,171633925381426,171633925392149,171633925394791,171633925401815,171633925402003,265650,93825186940240,4375639744,7,2732,1151,4397
171633936490422,171633936500991,171633936511480,171633936513530,171633936520265,171633936520336,265650,93825186940240,4375639744,7,2732,1151,4398
171633945772497,171633945783451,171633945793741,171633945795354,171633945801680,171633945801765,265650,93825186940240,4375639744,7,2732,1151,4399
171633955642082,171633955657615,171633955668637,171633955670440,171633955675183,171633955675258,265650,93825186940240,4375639744,7,2732,1151,4400
171633966883426,171633966893877,171633966903545,171633966904427,171633966908747,171633966908817,265650,93825186940240,4375639744,7,2732,1151,4401
171633975267361,171633975284722,171633975296215,171633975297972,171633975302257,171633975302349,265650,93825186940240,4375639744,7,2732,1151,4402
171633984197898,171633984208104,171633984217310,171633984218353,171633984223427,171633984223501,265650,93825186940240,4375639744,7,2732,1151,4403
171633995680112,171633995691368,171633995701743,171633995702630,171633995709178,171633995709260,265650,93825186940240,4375639744,7,2732,1151,4404
171634003924403,171634003934829,171634003944294,171634003945306,171634003950700,171634003950773,265650,93825186940240,4375639744,7,2732,1151,4405
171634013223136,171634013233931,171634013243636,171634013244517,171634013249097,171634013249171,265650,93825186940240,4375639744,7,2732,1151,4406
171634025102965,171634025121659,171634025133167,171634025136723,171634025143020,171634025143135,265650,93825186940240,4375639744,7,2732,1151,4407
171634033399082,171634033410548,171634033421377,171634033423887,171634033427309,171634033427395,265650,93825186940240,4375639744,7,2732,1151,4408
171634042518613,171634042529960,171634042540681,171634042542767,171634042547728,171634042547826,265650,93825186940240,4375639744,7,2732,1151,4409
171634054084892,171634054096112,171634054106985,171634054109401,171634054114465,171634054114553,265650,93825186940240,4375639744,7,2732,1151,4410
171634074640506,171634074651988,171634074662663,171634074665380,171634074669732,171634074669815,265650,93825186940240,4375639744,7,2732,1151,4411
171634082946188,171634082959602,171634082972012,171634082974211,171634082980306,171634082980381,265650,93825186940240,4375639744,7,2732,1151,4412
171634091305466,171634091327549,171634091340041,171634091342821,171634091351615,171634091351708,265650,93825186940240,4375639744,7,2732,1151,4413
171634102679184,171634102705193,171634102731806,171634102734061,171634102737531,171634102737609,265650,93825186940240,4375639744,7,2732,1151,4414
171634111048254,171634111064762,171634111076323,171634111077582,171634111081421,171634111081517,265650,93825186940240,4375639744,7,2732,1151,4415
171634126131429,171634126151460,171634126162626,171634126163753,171634126173176,171634126173260,265650,93825186940240,4375639744,7,2732,1151,4416
171634134418422,171634134431297,171634134442916,171634134444367,171634134449226,171634134449321,265650,93825186940240,4375639744,7,2732,1151,4417
171634142796451,171634142819045,171634142832889,171634142835969,171634142851861,171634142851969,265650,93825186940240,4375639744,7,2732,1151,4418
171634156062387,171634156074815,171634156097584,171634156100350,171634156107776,171634156107958,265650,93825186940240,4375639744,7,2732,1151,4419
171634164394225,171634164417771,171634164430373,171634164433555,171634164446062,171634164446143,265650,93825186940240,4375639744,7,2732,1151,4420
171634180172120,171634180189759,171634180201978,171634180204239,171634180213058,171634180213141,265650,93825186940240,4375639744,7,2732,1151,4421
171634188485379,171634188504542,171634188517172,171634188520145,171634188526925,171634188527027,265650,93825186940240,4375639744,7,2732,1151,4422
171634204059182,171634204077515,171634204094762,171634204097657,171634204102638,171634204102727,265650,93825186940240,4375639744,7,2732,1151,4423
171634212388068,171634212405968,171634212418872,171634212421173,171634212427707,171634212427799,265650,93825186940240,4375639744,7,2732,1151,4424
171634228015798,171634228028660,171634228052147,171634228054709,171634228061460,171634228061576,265650,93825186940240,4375639744,7,2732,1151,4425
171634236406887,171634236422839,171634236435538,171634236437448,171634236446394,171634236446516,265650,93825186940240,4375639744,7,2732,1151,4426
171634244688303,171634244704851,171634244717704,171634244720079,171634244727106,171634244727207,265650,93825186940240,4375639744,7,2732,1151,4427
171634253021603,171634253043249,171634253055593,171634253058036,171634253066395,171634253066495,265650,93825186940240,4375639744,7,2732,1151,4428
171634261351030,171634261369909,171634261382756,171634261384763,171634261390623,171634261390692,265650,93825186940240,4375639744,7,2732,1151,4429
171634269693493,171634269714739,171634269727215,171634269729312,171634269736035,171634269736098,265650,93825186940240,4375639744,7,2732,1151,4430
171634278061662,171634278084378,171634278096712,171634278099361,171634278112690,171634278112778,265650,93825186940240,4375639744,7,2732,1151,4431
171634286415063,171634286438180,171634286451108,171634286453395,171634286460210,171634286460301,265650,93825186940240,4375639744,7,2732,1151,4432
171634294828604,171634294873254,171634294918513,171634294921448,171634294929370,171634294929465,265650,93825186940240,4375639744,7,2732,1151,4433
171634303079499,171634303104314,171634303117608,171634303120791,171634303128753,171634303128843,265650,93825186940240,4375639744,7,2732,1151,4434
171634311406766,171634311429378,171634311443145,171634311446063,171634311456766,171634311456886,265650,93825186940240,4375639744,7,2732,1151,4435
171634319705733,171634319720334,171634319733003,171634319735738,171634319742818,171634319742906,265650,93825186940240,4375639744,7,2732,1151,4436
171634330244793,171634330258763,171634330272196,171634330274520,171634330281895,171634330282001,265650,93825186940240,4375639744,7,2732,1151,4437
171634343200438,171634343213995,171634343226914,171634343229078,171634343234923,171634343235014,265650,93825186940240,4375639744,7,2732,1151,4438
171634352809619,171634352823294,171634352835988,171634352837629,171634352842105,171634352842206,265650,93825186940240,4375639744,7,2732,1151,4439
171634363187200,171634363200285,171634363212099,171634363213768,171634363220268,171634363220367,265650,93825186940240,4375639744,7,2732,1151,4440
171634374792879,171634374808551,171634374822857,171634374824383,171634374830541,171634374830760,265650,93825186940240,4375639744,7,2732,1151,4441
171634385296715,171634385310252,171634385323269,171634385326354,171634385332584,171634385332714,265650,93825186940240,4375639744,7,2732,1151,4442
171634396948735,171634396968122,171634396981125,171634396982771,171634396987607,171634396987705,265650,93825186940240,4375639744,7,2732,1151,4443
171634408906477,171634408919756,171634408932739,171634408934622,171634408941854,171634408941954,265650,93825186940240,4375639744,7,2732,1151,4444
171634418838591,171634418852500,171634418865416,171634418867116,171634418874215,171634418874315,265650,93825186940240,4375639744,7,2732,1151,4445
171634429512667,171634429526050,171634429538871,171634429540526,171634429545581,171634429545680,265650,93825186940240,4375639744,7,2732,1151,4446
171634440552136,171634440565472,171634440577659,171634440578725,171634440583384,171634440583467,265650,93825186940240,4375639744,7,2732,1151,4447
171634451437262,171634451465234,171634451479582,171634451482656,171634451492449,171634451492571,265650,93825186940240,4375639744,7,2732,1151,4448
171634462695239,171634462709941,171634462723791,171634462726850,171634462732875,171634462733004,265650,93825186940240,4375639744,7,2732,1151,4449
171634474135238,171634474149865,171634474163208,171634474165002,171634474172080,171634474172190,265650,93825186940240,4375639744,7,2732,1151,4450
171634484584983,171634484598723,171634484611149,171634484612333,171634484617569,171634484617681,265650,93825186940240,4375639744,7,2732,1151,4451
171634496117788,171634496144338,171634496158904,171634496161986,171634496169460,171634496169549,265650,93825186940240,4375639744,7,2732,1151,4452
171634509003818,171634509020977,171634509034347,171634509036164,171634509040440,171634509040542,265650,93825186940240,4375639744,7,2732,1151,4453
171634520025056,171634520040241,171634520053615,171634520056048,171634520063425,171634520063549,265650,93825186940240,4375639744,7,2732,1151,4454
171634530931474,171634530946238,171634530959922,171634530962347,171634530968781,171634530968851,265650,93825186940240,4375639744,7,2732,1151,4455
171634543151148,171634543165401,171634543178857,171634543181323,171634543188253,171634543188360,265650,93825186940240,4375639744,7,2732,1151,4456
171634554212728,171634554226948,171634554240708,171634554243441,171634554250773,171634554250875,265650,93825186940240,4375639744,7,2732,1151,4457
171634565375091,171634565390003,171634565419483,171634565435386,171634565445027,171634565445109,265650,93825186940240,4375639744,7,2732,1151,4458
171634578239098,171634578253660,171634578267474,171634578270254,171634578281066,171634578281152,265650,93825186940240,4375639744,7,2732,1151,4459
171634588085497,171634588099678,171634588113251,171634588115680,171634588127328,171634588127431,265650,93825186940240,4375639744,7,2732,1151,4460
171634599601699,171634599616126,171634599629718,171634599632048,171634599639409,171634599639491,265650,93825186940240,4375639744,7,2732,1151,4461
171634612349964,171634612365734,171634612380105,171634612382723,171634612387924,171634612388047,265650,93825186940240,4375639744,7,2732,1151,4462
171634622787865,171634622802963,171634622817401,171634622820414,171634622828866,171634622828946,265650,93825186940240,4375639744,7,2732,1151,4463
171634635449230,171634635464431,171634635478903,171634635481170,171634635487687,171634635487812,265650,93825186940240,4375639744,7,2732,1151,4464
171634647483912,171634647499111,171634647513018,171634647515080,171634647520807,171634647520910,265650,93825186940240,4375639744,7,2732,1151,4465
171634658696571,171634658711389,171634658724778,171634658726225,171634658731441,171634658731553,265650,93825186940240,4375639744,7,2732,1151,4466
171634668650798,171634668665415,171634668678691,171634668680163,171634668687045,171634668687161,265650,93825186940240,4375639744,7,2732,1151,4467
171634682147099,171634682162478,171634682176101,171634682177691,171634682185001,171634682185097,265650,93825186940240,4375639744,7,2732,1151,4468
171634693321324,171634693336369,171634693350388,171634693352257,171634693360384,171634693360498,265650,93825186940240,4375639744,7,2732,1151,4469
171634704274472,171634704290331,171634704304768,171634704306576,171634704318252,171634704318357,265650,93825186940240,4375639744,7,2732,1151,4470
171634715915573,171634715934413,171634715948986,171634715950843,171634715955335,171634715955452,265650,93825186940240,4375639744,7,2732,1151,4471
171634726106597,171634726122145,171634726136514,171634726138569,171634726145392,171634726145509,265650,93825186940240,4375639744,7,2732,1151,4472
171634737932079,171634737948949,171634737965005,171634737968192,171634737981556,171634737981672,265650,93825186940240,4375639744,7,2732,1151,4473
171634751956893,171634751972663,171634751988254,171634751990456,171634751997873,171634751997975,265650,93825186940240,4375639744,7,2732,1151,4474
171634762696243,171634762712840,171634762728541,171634762730785,171634762738841,171634762738966,265650,93825186940240,4375639744,7,2732,1151,4475
171634774589059,171634774604807,171634774619695,171634774621377,171634774628086,171634774628214,265650,93825186940240,4375639744,7,2732,1151,4476
171634786902610,171634786918354,171634786933051,171634786934696,171634786942132,171634786942256,265650,93825186940240,4375639744,7,2732,1151,4477
171634798609089,171634798624945,171634798639511,171634798640864,171634798647612,171634798647711,265650,93825186940240,4375639744,7,2732,1151,4478
171634810668330,171634810684775,171634810700005,171634810701354,171634810707176,171634810707284,265650,93825186940240,4375639744,7,2732,1151,4479
171634823360803,171634823377328,171634823392398,171634823394350,171634823399936,171634823400049,265650,93825186940240,4375639744,7,2732,1151,4480
171634834844887,171634834860601,171634834875018,171634834876390,171634834882873,171634834882999,265650,93825186940240,4375639744,7,2732,1151,4481
171634847206507,171634847228542,171634847244903,171634847248042,171634847251609,171634847251732,265650,93825186940240,4375639744,7,2732,1151,4482
171634860253491,171634860274471,171634860292829,171634860295050,171634860300649,171634860300778,265650,93825186940240,4375639744,7,2732,1151,4483
171634871079395,171634871095631,171634871110625,171634871112386,171634871117352,171634871117460,265650,93825186940240,4375639744,7,2732,1151,4484
171634883218264,171634883234983,171634883250186,171634883251969,171634883259004,171634883259129,265650,93825186940240,4375639744,7,2732,1151,4485
171634896112502,171634896129435,171634896145010,171634896146855,171634896153963,171634896154210,265650,93825186940240,4375639744,7,2732,1151,4486
171634907796536,171634907812551,171634907827329,171634907828673,171634907834342,171634907834457,265650,93825186940240,4375639744,7,2732,1151,4487
171634920215302,171634920232254,171634920247804,171634920249335,171634920256026,171634920256134,265650,93825186940240,4375639744,7,2732,1151,4488
171634933460658,171634933477186,171634933492183,171634933493643,171634933497145,171634933497247,265650,93825186940240,4375639744,7,2732,1151,4489
171634944854824,171634944871636,171634944887377,171634944888904,171634944895022,171634944895127,265650,93825186940240,4375639744,7,2732,1151,4490
171634957439080,171634957455388,171634957470403,171634957471775,171634957477526,171634957477632,265650,93825186940240,4375639744,7,2732,1151,4491
171634969937107,171634969953412,171634969968783,171634969970184,171634969976889,171634969976991,265650,93825186940240,4375639744,7,2732,1151,4492
171634981481975,171634981499079,171634981514953,171634981516384,171634981522536,171634981522640,265650,93825186940240,4375639744,7,2732,1151,4493
171634994452938,171634994475435,171634994492575,171634994496216,171634994500256,171634994500376,265650,93825186940240,4375639744,7,2732,1151,4494
171635007888835,171635007905714,171635007921837,171635007924098,171635007930386,171635007930500,265650,93825186940240,4375639744,7,2732,1151,4495
171635019935312,171635019955556,171635019971881,171635019974534,171635019982141,171635019982256,265650,93825186940240,4375639744,7,2732,1151,4496
171635032619722,171635032637295,171635032653678,171635032656350,171635032666694,171635032666849,265650,93825186940240,4375639744,7,2732,1151,4497
171635045047934,171635045073254,171635045090414,171635045092381,171635045098895,171635045099010,265650,93825186940240,4375639744,7,2732,1151,4498
171635056930656,171635056949017,171635056965448,171635056967423,171635056974557,171635056974680,265650,93825186940240,4375639744,7,2732,1151,4499
171635069712924,171635069730482,171635069747095,171635069749715,171635069756345,171635069756468,265650,93825186940240,4375639744,7,2732,1151,4500
171635082971277,171635082988658,171635083009167,171635083010505,171635083017282,171635083017405,265650,93825186940240,4375639744,7,2732,1151,4501
171635095108478,171635095126099,171635095142104,171635095143968,171635095150657,171635095150769,265650,93825186940240,4375639744,7,2732,1151,4502
171635108065545,171635108084232,171635108100435,171635108102055,171635108109834,171635108109938,265650,93825186940240,4375639744,7,2732,1151,4503
171635121573983,171635121591874,171635121608679,171635121610955,171635121620293,171635121620405,265650,93825186940240,4375639744,7,2732,1151,4504
171635133550532,171635133579360,171635133597440,171635133601233,171635133606822,171635133606989,265650,93825186940240,4375639744,7,2732,1151,4505
171635146433460,171635146453123,171635146471149,171635146475038,171635146481698,171635146481838,265650,93825186940240,4375639744,7,2732,1151,4506
171635172146475,171635172170018,171635172189732,171635172193373,171635172206698,171635172206792,265650,93825186940240,4375639744,7,2732,1151,4507
171635180518127,171635180545309,171635180563898,171635180566842,171635180576126,171635180576295,265650,93825186940240,4375639744,7,2732,1151,4508
171635188933262,171635188953211,171635188974020,171635188977318,171635188982845,171635188982981,265650,93825186940240,4375639744,7,2732,1151,4509
171635201203510,171635201223036,171635201240700,171635201242917,171635201250524,171635201250722,265650,93825186940240,4375639744,7,2732,1151,4510
171635212430049,171635212448724,171635212466147,171635212467984,171635212474212,171635212474360,265650,93825186940240,4375639744,7,2732,1151,4511
171635228654093,171635228674979,171635228693938,171635228696371,171635228705923,171635228706079,265650,93825186940240,4375639744,7,2732,1151,4512
171635241621741,171635241647506,171635241667163,171635241670615,171635241675711,171635241675867,265650,93825186940240,4375639744,7,2732,1151,4513
171635254593829,171635254614533,171635254633128,171635254635358,171635254640076,171635254640223,265650,93825186940240,4375639744,7,2732,1151,4514
171635268170820,171635268190730,171635268208618,171635268210793,171635268218163,171635268218310,265650,93825186940240,4375639744,7,2732,1151,4515
171635282215600,171635282247213,171635282267449,171635282271265,171635282281266,171635282281411,265650,93825186940240,4375639744,7,2732,1151,4516
171635295512882,171635295533769,171635295553119,171635295556240,171635295567045,171635295567213,265650,93825186940240,4375639744,7,2732,1151,4517
171635309186520,171635309206647,171635309225356,171635309227904,171635309239286,171635309239446,265650,93825186940240,4375639744,7,2732,1151,4518
171635323368123,171635323388774,171635323407851,171635323410916,171635323423722,171635323423922,265650,93825186940240,4375639744,7,2732,1151,4519
171635336739267,171635336758978,171635336777448,171635336780596,171635336791494,171635336791772,265650,93825186940240,4375639744,7,2732,1151,4520
171635350294716,171635350314420,171635350332515,171635350335069,171635350346420,171635350346550,265650,93825186940240,4375639744,7,2732,1151,4521
171635364552104,171635364572281,171635364591120,171635364594292,171635364602035,171635364602130,265650,93825186940240,4375639744,7,2732,1151,4522
171635379875133,171635379895881,171635379915393,171635379918346,171635379925931,171635379926099,265650,93825186940240,4375639744,7,2732,1151,4523
171635393503522,171635393523953,171635393542891,171635393545526,171635393552413,171635393552554,265650,93825186940240,4375639744,7,2732,1151,4524
171635408071233,171635408091844,171635408111007,171635408113862,171635408120834,171635408121002,265650,93825186940240,4375639744,7,2732,1151,4525
171635422628826,171635422650487,171635422670049,171635422672898,171635422679286,171635422679403,265650,93825186940240,4375639744,7,2732,1151,4526
171635436406885,171635436427604,171635436446556,171635436449520,171635436456473,171635436456592,265650,93825186940240,4375639744,7,2732,1151,4527
171635451028877,171635451049586,171635451068957,171635451071672,171635451078860,171635451078988,265650,93825186940240,4375639744,7,2732,1151,4528
171635464955142,171635464977051,171635464996934,171635465008794,171635465014858,171635465015077,265650,93825186940240,4375639744,7,2732,1151,4529
171635479048449,171635479068957,171635479088410,171635479091062,171635479098114,171635479098235,265650,93825186940240,4375639744,7,2732,1151,4530
171635494359870,171635494380766,171635494400477,171635494403540,171635494410973,171635494411079,265650,93825186940240,4375639744,7,2732,1151,4531
171635508493900,171635508523643,171635508544876,171635508548174,171635508555687,171635508555862,265650,93825186940240,4375639744,7,2732,1151,4532
171635523177073,171635523203128,171635523223877,171635523226788,171635523233035,171635523233198,265650,93825186940240,4375639744,7,2732,1151,4533
171635536835323,171635536863646,171635536884770,171635536888927,171635536903147,171635536903340,265650,93825186940240,4375639744,7,2732,1151,4534
171635550825031,171635550847695,171635550868234,171635550871847,171635550884329,171635550884453,265650,93825186940240,4375639744,7,2732,1151,4535
171635567080887,171635567105306,171635567126231,171635567129764,171635567137730,171635567137864,265650,93825186940240,4375639744,7,2732,1151,4536
171635582577855,171635582600991,171635582621639,171635582625700,171635582640998,171635582641162,265650,93825186940240,4375639744,7,2732,1151,4537
171635595286836,171635595309219,171635595329971,171635595333144,171635595343531,171635595343697,265650,93825186940240,4375639744,7,2732,1151,4538
171635609784756,171635609805960,171635609826559,171635609829740,171635609837639,171635609837765,265650,93825186940240,4375639744,7,2732,1151,4539
171635625884354,171635625907839,171635625932967,171635625936452,171635625954093,171635625954301,265650,93825186940240,4375639744,7,2732,1151,4540
171635641790549,171635641813832,171635641835375,171635641839315,171635641851430,171635641851602,265650,93825186940240,4375639744,7,2732,1151,4541
171635655707915,171635655730422,171635655751455,171635655754786,171635655764494,171635655764617,265650,93825186940240,4375639744,7,2732,1151,4542
171635671378168,171635671406714,171635671430245,171635671434192,171635671444489,171635671444684,265650,93825186940240,4375639744,7,2732,1151,4543
171635683196444,171635683220011,171635683241733,171635683245790,171635683258603,171635683258735,265650,93825186940240,4375639744,7,2732,1151,4544
