start,geometry,clip,blit,flush,end,hwnd,surface,thread,outcome,width,height,commit
171793654861490,171793654875624,171793654890676,171793654892822,171793654899201,171793654899288,265650,93825186940240,4375639744,7,2732,1151,8357
171793663153903,171793663170306,171793663182129,171793663184219,171793663193729,171793663193821,265650,93825186940240,4375639744,7,2732,1151,8358
171793671506531,171793671520839,171793671531900,171793671534017,171793671543041,171793671543126,265650,93825186940240,4375639744,7,2732,1151,8359
171793679979372,171793680014341,171793680024530,171793680026541,171793680031414,171793680031483,265650,93825186940240,4375639744,7,2732,1151,8360
171793688199399,171793688219153,171793688230765,171793688233339,171793688240401,171793688240539,265650,93825186940240,4375639744,7,2732,1151,8361
171793696662538,171793696715336,171793696754275,171793696756425,171793696768435,171793696768522,265650,93825186940240,4375639744,7,2732,1151,8362
171793708636632,171793708646874,171793708671720,171793708673075,171793708679047,171793708679117,265650,93825186940240,4375639744,7,2732,1151,8363
171793717095846,171793717109927,171793717121356,171793717122955,171793717132526,171793717132619,265650,93825186940240,4375639744,7,2732,1151,8364
171793725260108,171793725270125,171793725278586,171793725279722,171793725285539,171793725285601,265650,93825186940240,4375639744,7,2732,1151,8365
171793733648050,171793733664272,171793733676150,171793733679034,171793733689543,171793733689631,265650,93825186940240,4375639744,7,2732,1151,8366
171793741978613,171793741995959,171793742009888,171793742012346,171793742022087,171793742022216,265650,93825186940240,4375639744,7,2732,1151,8367
171793750323263,171793750343188,171793750355300,171793750358241,171793750366748,171793750366834,265650,93825186940240,4375639744,7,2732,1151,8368
171793758649385,171793758664563,171793758675930,171793758678786,171793758686149,171793758686230,265650,93825186940240,4375639744,7,2732,1151,8369
171793766988960,171793767019864,171793767031211,171793767033651,171793767036937,171793767037040,265650,93825186940240,4375639744,7,2732,1151,8370
171793775280240,171793775292821,171793775303677,171793775306614,171793775310750,171793775310837,265650,93825186940240,4375639744,7,2732,1151,8371
171793783667050,171793783682405,171793783693021,171793783695258,171793783700302,171793783700384,265650,93825186940240,4375639744,7,2732,1151,8372
171793792106647,171793792126690,171793792138781,171793792140708,171793792152196,171793792152334,265650,93825186940240,4375639744,7,2732,1151,8373
171793800339714,171793800349207,171793800357482,171793800358407,171793800362364,171793800362431,265650,93825186940240,4375639744,7,2732,1151,8374
171793810277710,171793810287535,171793810296714,171793810297701,171793810303531,171793810303602,265650,93825186940240,4375639744,7,2732,1151,8375
171793818756724,171793818779458,171793818790738,171793818793416,171793818801436,171793818801643,265650,93825186940240,4375639744,7,2732,1151,8376
171793826949289,171793826960759,171793826972074,171793826974670,171793826977688,171793826977780,265650,93825186940240,4375639744,7,2732,1151,8377
171793836465872,171793836479779,171793836489048,171793836490170,171793836495526,171793836495602,265650,93825186940240,4375639744,7,2732,1151,8378
171793844792640,171793844803138,171793844812057,171793844813286,171793844818840,171793844818912,265650,93825186940240,4375639744,7,2732,1151,8379
171793853220418,171793853232100,171793853242655,171793853243667,171793853248925,171793853249013,265650,93825186940240,4375639744,7,2732,1151,8380
171793862044226,171793862053171,171793862061543,171793862062329,171793862066550,171793862066612,265650,93825186940240,4375639744,7,2732,1151,8381
171793870345420,171793870357465,171793870367846,171793870368923,171793870372983,171793870373063,265650,93825186940240,4375639744,7,2732,1151,8382
171793878790469,171793878801801,171793878811987,171793878813050,171793878818709,171793878818912,265650,93825186940240,4375639744,7,2732,1151,8383
171793887965326,171793887975185,171793887984234,171793887985064,171793887989055,171793887989118,265650,93825186940240,4375639744,7,2732,1151,8384
171793897127814,171793897136713,171793897144910,171793897146059,171793897152848,171793897152914,265650,93825186940240,4375639744,7,2732,1151,8385
171793905460969,171793905477540,171793905488904,171793905491384,171793905495410,171793905495515,265650,93825186940240,4375639744,7,2732,1151,8386
171793916263516,171793916274994,171793916285605,171793916287500,171793916291307,171793916291392,265650,93825186940240,4375639744,7,2732,1151,8387
171793924586102,171793924597246,171793924607957,171793924609805,171793924617093,171793924617170,265650,93825186940240,4375639744,7,2732,1151,8388
171793932963332,171793932975103,171793932985869,171793932988572,171793932991498,171793932991565,265650,93825186940240,4375639744,7,2732,1151,8389
171793942832120,171793942842763,171793942853254,171793942854873,171793942859140,171793942859208,265650,93825186940240,4375639744,7,2732,1151,8390
171793952018221,171793952029248,171793952040513,171793952043042,171793952047391,171793952047453,265650,93825186940240,4375639744,7,2732,1151,8391
171793962129619,171793962140234,171793962150500,171793962152007,171793962158337,171793962158415,265650,93825186940240,4375639744,7,2732,1151,8392
171793971909636,171793971920110,171793971930399,171793971932061,171793971935871,171793971935931,265650,93825186940240,4375639744,7,2732,1151,8393
171793980239584,171793980250519,171793980261070,171793980262814,171793980269050,171793980269112,265650,93825186940240,4375639744,7,2732,1151,8394
171793990906819,171793990917484,171793990927606,171793990929416,171793990935404,171793990935501,265650,93825186940240,4375639744,7,2732,1151,8395
171793999214378,171793999226054,171793999236170,171793999238045,171793999242132,171793999242189,265650,93825186940240,4375639744,7,2732,1151,8396
171794007592704,171794007603532,171794007614159,171794007615888,171794007619558,171794007619621,265650,93825186940240,4375639744,7,2732,1151,8397
171794015943313,171794015955850,171794015967342,171794015968918,171794015977107,171794015977213,265650,93825186940240,4375639744,7,2732,1151,8398
171794024229876,171794024254585,171794024265984,171794024267212,171794024273599,171794024273695,265650,93825186940240,4375639744,7,2732,1151,8399
171794032691006,171794032703036,171794032714841,171794032717320,171794032722231,171794032722309,265650,93825186940240,4375639744,7,2732,1151,8400
171794040996108,171794041055793,171794041066350,171794041067318,171794041071794,171794041071876,265650,93825186940240,4375639744,7,2732,1151,8401
171794049239243,171794049251971,171794049262355,171794049263413,171794049269158,171794049269238,265650,93825186940240,4375639744,7,2732,1151,8402
171794057641983,171794057653978,171794057664178,171794057664939,171794057670485,171794057670561,265650,93825186940240,4375639744,7,2732,1151,8403
171794065985106,171794065996891,171794066010061,171794066010842,171794066016115,171794066016190,265650,93825186940240,4375639744,7,2732,1151,8404
171794074265624,171794074277941,171794074288531,171794074289273,171794074294900,171794074294974,265650,93825186940240,4375639744,7,2732,1151,8405
171794082681001,171794082692801,171794082702937,171794082703723,171794082709355,171794082709430,265650,93825186940240,4375639744,7,2732,1151,8406
171794090963103,171794090974833,171794090985214,171794090986022,171794090991542,171794090991624,265650,93825186940240,4375639744,7,2732,1151,8407
171794099226121,171794099235456,171794099243693,171794099245066,171794099251888,171794099251957,265650,93825186940240,4375639744,7,2732,1151,8408
171794107619930,171794107666504,171794107711163,171794107713007,171794107719332,171794107719416,265650,93825186940240,4375639744,7,2732,1151,8409
171794115968666,171794115977570,171794115985836,171794115986831,171794115991649,171794115991716,265650,93825186940240,4375639744,7,2732,1151,8410
171794124219518,171794124231282,171794124241739,171794124242826,171794124246467,171794124246537,265650,93825186940240,4375639744,7,2732,1151,8411
171794132761443,171794132808087,171794132819139,171794132820280,171794132825762,171794132825836,265650,93825186940240,4375639744,7,2732,1151,8412
171794140951939,171794140964402,171794140974885,171794140976211,171794140980844,171794140980918,265650,93825186940240,4375639744,7,2732,1151,8413
171794149310674,171794149322348,171794149332685,171794149333657,171794149338172,171794149338244,265650,93825186940240,4375639744,7,2732,1151,8414
171794157643015,171794157722762,171794157733198,171794157734597,171794157739525,171794157739599,265650,93825186940240,4375639744,7,2732,1151,8415
171794165971189,171794165983529,171794165994113,171794165995137,171794166007091,171794166007168,265650,93825186940240,4375639744,7,2732,1151,8416
171794174525130,171794174533776,171794174541653,171794174542341,171794174546562,171794174546611,265650,93825186940240,4375639744,7,2732,1151,8417
171794183076268,171794183085053,171794183093187,171794183093946,171794183098755,171794183098813,265650,93825186940240,4375639744,7,2732,1151,8418
171794194527735,171794194536763,171794194544770,171794194546050,171794194550214,171794194550270,265650,93825186940240,4375639744,7,2732,1151,8419
171794204057084,171794204065912,171794204074475,171794204076249,171794204080859,171794204080924,265650,93825186940240,4375639744,7,2732,1151,8420
171794212422002,171794212433266,171794212443534,171794212444535,171794212449544,171794212449614,265650,93825186940240,4375639744,7,2732,1151,8421
171794220808441,171794220819910,171794220830019,171794220831074,171794220835703,171794220835777,265650,93825186940240,4375639744,7,2732,1151,8422
171794229106439,171794229117720,171794229127854,171794229128950,171794229133927,171794229133995,265650,93825186940240,4375639744,7,2732,1151,8423
171794237401947,171794237412007,171794237420991,171794237422044,171794237426728,171794237426788,265650,93825186940240,4375639744,7,2732,1151,8424
171794245766093,171794245775565,171794245784038,171794245785636,171794245788401,171794245788457,265650,93825186940240,4375639744,7,2732,1151,8425
171794254133668,171794254145752,171794254157063,171794254158918,171794254163407,171794254163479,265650,93825186940240,4375639744,7,2732,1151,8426
171794262381015,171794262392945,171794262403913,171794262405087,171794262410768,171794262410843,265650,93825186940240,4375639744,7,2732,1151,8427
171794270759730,171794270770723,171794270781177,171794270782192,171794270786475,171794270786553,265650,93825186940240,4375639744,7,2732,1151,8428
171794279083780,171794279095703,171794279106235,171794279107114,171794279112119,171794279112190,265650,93825186940240,4375639744,7,2732,1151,8429
171794287365141,171794287374906,171794287383792,171794287384526,171794287388697,171794287388758,265650,93825186940240,4375639744,7,2732,1151,8430
171794295838033,171794295938584,171794295984844,171794295986012,171794295989457,171794295989529,265650,93825186940240,4375639744,7,2732,1151,8431
171794304173235,171794304185160,171794304195560,171794304197043,171794304202397,171794304202482,265650,93825186940240,4375639744,7,2732,1151,8432
171794312361637,171794312371212,171794312379599,171794312380861,171794312386633,171794312386693,265650,93825186940240,4375639744,7,2732,1151,8433
171794320902743,171794320914305,171794320924653,171794320925607,171794320931022,171794320931093,265650,93825186940240,4375639744,7,2732,1151,8434
171794329214247,171794329234345,171794329245288,171794329246585,171794329254306,171794329254410,265650,93825186940240,4375639744,7,2732,1151,8435
171794337588813,171794337606399,171794337618289,171794337621114,171794337627976,171794337628051,265650,93825186940240,4375639744,7,2732,1151,8436
171794347806064,171794347817142,171794347828066,171794347830392,171794347833653,171794347833716,265650,93825186940240,4375639744,7,2732,1151,8437
171794356668880,171794356679629,171794356690170,171794356691966,171794356699457,171794356699515,265650,93825186940240,4375639744,7,2732,1151,8438
171794366455935,171794366466712,171794366475974,171794366477386,171794366481210,171794366481279,265650,93825186940240,4375639744,7,2732,1151,8439
171794374812482,171794374828954,171794374840321,171794374842712,171794374845718,171794374845792,265650,93825186940240,4375639744,7,2732,1151,8440
171794383108480,171794383120681,171794383131711,171794383133805,171794383137505,171794383137592,265650,93825186940240,4375639744,7,2732,1151,8441
171794391963492,171794391974220,171794391984912,171794391986975,171794391992112,171794391992195,265650,93825186940240,4375639744,7,2732,1151,8442
171794400323093,171794400340259,171794400352783,171794400354515,171794400360377,171794400360461,265650,93825186940240,4375639744,7,2732,1151,8443
171794408769346,171794408783240,171794408794120,171794408795419,171794408800765,171794408800847,265650,93825186940240,4375639744,7,2732,1151,8444
171794418090718,171794418100163,171794418108073,171794418109182,171794418114135,171794418114206,265650,93825186940240,4375639744,7,2732,1151,8445
171794426426995,171794426440044,171794426451364,171794426452840,171794426456746,171794426456833,265650,93825186940240,4375639744,7,2732,1151,8446
171794434852597,171794434866404,171794434877215,171794434878396,171794434884052,171794434884123,265650,93825186940240,4375639744,7,2732,1151,8447
171794443170940,171794443182599,171794443193045,171794443194158,171794443200044,171794443200131,265650,93825186940240,4375639744,7,2732,1151,8448
171794451570681,171794451582922,171794451593834,171794451595052,171794451600022,171794451600108,265650,93825186940240,4375639744,7,2732,1151,8449
171794459839755,171794459851490,171794459862176,171794459863135,171794459869195,171794459869287,265650,93825186940240,4375639744,7,2732,1151,8450
171794468401024,171794468410693,171794468419702,171794468420627,171794468425181,171794468425245,265650,93825186940240,4375639744,7,2732,1151,8451
171794476782183,171794476793710,171794476804026,171794476804936,171794476809263,171794476809351,265650,93825186940240,4375639744,7,2732,1151,8452
171794485177504,171794485212369,171794485222874,171794485224304,171794485228274,171794485228364,265650,93825186940240,4375639744,7,2732,1151,8453
171794494128610,171794494139453,171794494148549,171794494149361,171794494154622,171794494154694,265650,93825186940240,4375639744,7,2732,1151,8454
171794502523154,171794502557316,171794502567357,171794502568147,171794502573735,171794502573821,265650,93825186940240,4375639744,7,2732,1151,8455
171794510881935,171794510893812,171794510904283,171794510905443,171794510910353,171794510910442,265650,93825186940240,4375639744,7,2732,1151,8456
171794519237305,171794519259026,171794519270120,171794519271451,171794519276222,171794519276315,265650,93825186940240,4375639744,7,2732,1151,8457
171794527579173,171794527625857,171794527636874,171794527638029,171794527642485,171794527642564,265650,93825186940240,4375639744,7,2732,1151,8458
171794535811950,171794535828672,171794535840032,171794535842810,171794535845442,171794535845528,265650,93825186940240,4375639744,7,2732,1151,8459
171794544532469,171794544543953,171794544554648,171794544556487,171794544563204,171794544563290,265650,93825186940240,4375639744,7,2732,1151,8460
171794552850876,171794552861868,171794552873093,171794552874923,171794552879963,171794552880038,265650,93825186940240,4375639744,7,2732,1151,8461
171794561193495,171794561212244,171794561223681,171794561226925,171794561232842,171794561232926,265650,93825186940240,4375639744,7,2732,1151,8462
171794570276823,171794570286102,171794570295104,171794570296211,171794570302465,171794570302529,265650,93825186940240,4375639744,7,2732,1151,8463
171794578673025,171794578682765,171794578691087,171794578692031,171794578695188,171794578695255,265650,93825186940240,4375639744,7,2732,1151,8464
171794586975900,171794586985730,171794586994427,171794586995441,171794586998958,171794586999008,265650,93825186940240,4375639744,7,2732,1151,8465
171794595586081,171794595602406,171794595613643,171794595616065,171794595622613,171794595622720,265650,93825186940240,4375639744,7,2732,1151,8466
171794603901244,171794603920338,171794603932770,171794603936459,171794603948600,171794603948656,265650,93825186940240,4375639744,7,2732,1151,8467
171794612244394,171794612256009,171794612266882,171794612269417,171794612273915,171794612273988,265650,93825186940240,4375639744,7,2732,1151,8468
171794621205814,171794621216622,171794621227808,171794621230847,171794621236262,171794621236326,265650,93825186940240,4375639744,7,2732,1151,8469
171794629594555,171794629604564,171794629614000,171794629615482,171794629621352,171794629621421,265650,93825186940240,4375639744,7,2732,1151,8470
171794638364099,171794638380306,171794638391487,171794638394012,171794638396581,171794638396661,265650,93825186940240,4375639744,7,2732,1151,8471
171794648248051,171794648257081,171794648266282,171794648268276,171794648275644,171794648275712,265650,93825186940240,4375639744,7,2732,1151,8472
171794656573033,171794656587954,171794656599013,171794656601847,171794656608513,171794656608712,265650,93825186940240,4375639744,7,2732,1151,8473
171794664948688,171794664959588,171794664970275,171794664972709,171794664979586,171794664979674,265650,93825186940240,4375639744,7,2732,1151,8474
171794673218422,171794673229506,171794673240511,171794673242732,171794673248525,171794673248582,265650,93825186940240,4375639744,7,2732,1151,8475
171794681594366,171794681606132,171794681617060,171794681618961,171794681624434,171794681624488,265650,93825186940240,4375639744,7,2732,1151,8476
171794689881426,171794689892690,171794689903345,171794689905154,171794689911487,171794689911627,265650,93825186940240,4375639744,7,2732,1151,8477
171794698229567,171794698244540,171794698255265,171794698257320,171794698264466,171794698264524,265650,93825186940240,4375639744,7,2732,1151,8478
171794706609410,171794706620380,171794706632226,171794706634600,171794706640647,171794706640707,265650,93825186940240,4375639744,7,2732,1151,8479
171794714888438,171794714899834,171794714911348,171794714913742,171794714921160,171794714921219,265650,93825186940240,4375639744,7,2732,1151,8480
171794724296127,171794724305123,171794724313833,171794724315346,171794724319721,171794724319782,265650,93825186940240,4375639744,7,2732,1151,8481
171794732635194,171794732644410,171794732653291,171794732654955,171794732659882,171794732659955,265650,93825186940240,4375639744,7,2732,1151,8482
171794741012743,171794741025284,171794741036286,171794741037703,171794741043041,171794741043124,265650,93825186940240,4375639744,7,2732,1151,8483
171794749285638,171794749305858,171794749317615,171794749320801,171794749323779,171794749323866,265650,93825186940240,4375639744,7,2732,1151,8484
171794757612065,171794757623203,171794757634627,171794757636782,171794757643004,171794757643091,265650,93825186940240,4375639744,7,2732,1151,8485
171794765976485,171794765985931,171794765994997,171794765996514,171794766003552,171794766003623,265650,93825186940240,4375639744,7,2732,1151,8486
171794785743477,171794785779586,171794785793293,171794785796117,171794785802678,171794785802845,265650,93825186940240,4375639744,7,2732,1151,8487
171794794173508,171794794187823,171794794199174,171794794200572,171794794205233,171794794205320,265650,93825186940240,4375639744,7,2732,1151,8488
171794802456912,171794802476172,171794802487081,171794802489275,171794802498904,171794802498991,265650,93825186940240,4375639744,7,2732,1151,8489
171794810749273,171794810773443,171794810785387,171794810788305,171794810802713,171794810802777,265650,93825186940240,4375639744,7,2732,1151,8490
171794819042492,171794819057601,171794819068382,171794819070208,171794819079460,171794819079515,265650,93825186940240,4375639744,7,2732,1151,8491
171794827354097,171794827369696,171794827380384,171794827382080,171794827392387,171794827392453,265650,93825186940240,4375639744,7,2732,1151,8492
171794835743240,171794835766129,171794835777885,171794835780803,171794835799260,171794835799309,265650,93825186940240,4375639744,7,2732,1151,8493
171794844061805,171794844078220,171794844088813,171794844090579,171794844100940,171794844101002,265650,93825186940240,4375639744,7,2732,1151,8494
171794852364030,171794852381001,171794852392120,171794852393785,171794852404451,171794852404508,265650,93825186940240,4375639744,7,2732,1151,8495
171794860716762,171794860737004,171794860748612,171794860750601,171794860761587,171794860761650,265650,93825186940240,4375639744,7,2732,1151,8496
171794869196634,171794869213000,171794869224645,171794869226454,171794869230797,171794869230887,265650,93825186940240,4375639744,7,2732,1151,8497
171794877440421,171794877450122,171794877457996,171794877458798,171794877462119,171794877462198,265650,93825186940240,4375639744,7,2732,1151,8498
171794885823529,171794885835957,171794885846579,171794885847643,171794885851172,171794885851259,265650,93825186940240,4375639744,7,2732,1151,8499
171794894129537,171794894141874,171794894152438,171794894153771,171794894158501,171794894158573,265650,93825186940240,4375639744,7,2732,1151,8500
171794902354650,171794902364885,171794902373976,171794902374919,171794902380460,171794902380526,265650,93825186940240,4375639744,7,2732,1151,8501
171794910828705,171794910840467,171794910850956,171794910851798,171794910857128,171794910857196,265650,93825186940240,4375639744,7,2732,1151,8502
171794919097199,171794919108983,171794919119446,171794919120308,171794919124711,171794919124787,265650,93825186940240,4375639744,7,2732,1151,8503
171794927402702,171794927414608,171794927425039,171794927425912,171794927430406,171794927430476,265650,93825186940240,4375639744,7,2732,1151,8504
171794935717389,171794935726840,171794935734613,171794935735312,171794935739816,171794935739874,265650,93825186940240,4375639744,7,2732,1151,8505
171794944063358,171794944072638,171794944080787,171794944081477,171794944084761,171794944084816,265650,93825186940240,4375639744,7,2732,1151,8506
171794952513193,171794952532600,171794952544418,171794952547012,171794952556344,171794952556448,265650,93825186940240,4375639744,7,2732,1151,8507
171794960733562,171794960749281,171794960760615,171794960762704,171794960767131,171794960767208,265650,93825186940240,4375639744,7,2732,1151,8508
171794969064100,171794969083403,171794969095150,171794969097132,171794969111265,171794969111335,265650,93825186940240,4375639744,7,2732,1151,8509
171794977383855,171794977401537,171794977412804,171794977415613,171794977426842,171794977426908,265650,93825186940240,4375639744,7,2732,1151,8510
171794985706079,171794985722936,171794985734863,171794985737554,171794985747770,171794985747874,265650,93825186940240,4375639744,7,2732,1151,8511
171794994087139,171794994103598,171794994114385,171794994117031,171794994127096,171794994127200,265650,93825186940240,4375639744,7,2732,1151,8512
171795002407615,171795002423966,171795002436105,171795002439028,171795002447941,171795002448025,265650,93825186940240,4375639744,7,2732,1151,8513
171795010747578,171795010764821,171795010776357,171795010778402,171795010786685,171795010786787,265650,93825186940240,4375639744,7,2732,1151,8514
171795019067429,171795019082648,171795019093587,171795019095353,171795019101036,171795019101094,265650,93825186940240,4375639744,7,2732,1151,8515
171795027405444,171795027424422,171795027435559,171795027437597,171795027442885,171795027442943,265650,93825186940240,4375639744,7,2732,1151,8516
171795035750477,171795035766637,171795035777151,171795035778883,171795035785736,171795035785795,265650,93825186940240,4375639744,7,2732,1151,8517
171795044031797,171795044048753,171795044059737,171795044061524,171795044068193,171795044068259,265650,93825186940240,4375639744,7,2732,1151,8518
171795052362733,171795052378987,171795052389638,171795052391756,171795052396810,171795052396920,265650,93825186940240,4375639744,7,2732,1151,8519
171795060718580,171795060746763,171795060758969,171795060762331,171795060774215,171795060774313,265650,93825186940240,4375639744,7,2732,1151,8520
171795069050538,171795069061878,171795069070552,171795069071744,171795069076428,171795069076497,265650,93825186940240,4375639744,7,2732,1151,8521
171795077485136,171795077577058,171795077587870,171795077589098,171795077594430,171795077594517,265650,93825186940240,4375639744,7,2732,1151,8522
171795085803275,171795085815558,171795085825990,171795085826978,171795085830451,171795085830540,265650,93825186940240,4375639744,7,2732,1151,8523
171795094114200,171795094123746,171795094131744,171795094132369,171795094136110,171795094136167,265650,93825186940240,4375639744,7,2732,1151,8524
171795102359808,171795102370371,171795102378465,171795102379484,171795102382095,171795102382160,265650,93825186940240,4375639744,7,2732,1151,8525
171795110817055,171795110917168,171795110935445,171795110936354,171795110940876,171795110940954,265650,93825186940240,4375639744,7,2732,1151,8526
171795119041771,171795119053690,171795119064097,171795119065001,171795119069999,171795119070075,265650,93825186940240,4375639744,7,2732,1151,8527
171795127357936,171795127366957,171795127374889,171795127375514,171795127379412,171795127379469,265650,93825186940240,4375639744,7,2732,1151,8528
171795135764166,171795135782306,171795135793330,171795135795732,171795135807685,171795135807774,265650,93825186940240,4375639744,7,2732,1151,8529
171795144044091,171795144060554,171795144071274,171795144073454,171795144081867,171795144081948,265650,93825186940240,4375639744,7,2732,1151,8530
171795152416155,171795152433794,171795152445969,171795152448885,171795152461078,171795152461162,265650,93825186940240,4375639744,7,2732,1151,8531
171795160687280,171795160701650,171795160712734,171795160714209,171795160736064,171795160736179,265650,93825186940240,4375639744,7,2732,1151,8532
171795169029495,171795169043560,171795169054192,171795169056139,171795169064028,171795169064112,265650,93825186940240,4375639744,7,2732,1151,8533
171795177361340,171795177375850,171795177387688,171795177390234,171795177404447,171795177404513,265650,93825186940240,4375639744,7,2732,1151,8534
171795185714665,171795185729657,171795185746151,171795185748071,171795185754632,171795185754708,265650,93825186940240,4375639744,7,2732,1151,8535
171795194077861,171795194092871,171795194103568,171795194105886,171795194122953,171795194123026,265650,93825186940240,4375639744,7,2732,1151,8536
171795202434306,171795202450341,171795202461554,171795202463788,171795202468145,171795202468217,265650,93825186940240,4375639744,7,2732,1151,8537
171795210744623,171795210760207,171795210770986,171795210772720,171795210779727,171795210779801,265650,93825186940240,4375639744,7,2732,1151,8538
171795219047536,171795219063628,171795219074717,171795219076730,171795219083453,171795219083516,265650,93825186940240,4375639744,7,2732,1151,8539
171795227409375,171795227423361,171795227433421,171795227435060,171795227439843,171795227439906,265650,93825186940240,4375639744,7,2732,1151,8540
171795235745225,171795235760464,171795235770632,171795235772126,171795235777781,171795235777846,265650,93825186940240,4375639744,7,2732,1151,8541
171795244111957,171795244130588,171795244141530,171795244143759,171795244153684,171795244153746,265650,93825186940240,4375639744,7,2732,1151,8542
171795252397037,171795252420539,171795252432474,171795252435702,171795252447181,171795252447239,265650,93825186940240,4375639744,7,2732,1151,8543
171795260769559,171795260785543,171795260796139,171795260798350,171795260805159,171795260805216,265650,93825186940240,4375639744,7,2732,1151,8544
171795269089952,171795269111747,171795269139484,171795269141336,171795269146830,171795269146892,265650,93825186940240,4375639744,7,2732,1151,8545
171795277377724,171795277392406,171795277402920,171795277404671,171795277411712,171795277411770,265650,93825186940240,4375639744,7,2732,1151,8546
171795285748745,171795285761708,171795285771687,171795285773271,171795285779578,171795285779637,265650,93825186940240,4375639744,7,2732,1151,8547
171795294084410,171795294098188,171795294108548,171795294110102,171795294115656,171795294115721,265650,93825186940240,4375639744,7,2732,1151,8548
171795302412432,171795302427783,171795302439750,171795302442711,171795302450943,171795302451035,265650,93825186940240,4375639744,7,2732,1151,8549
171795310732106,171795310750432,171795310761408,171795310763758,171795310774725,171795310774790,265650,93825186940240,4375639744,7,2732,1151,8550
171795319061246,171795319079042,171795319090089,171795319091918,171795319100794,171795319100849,265650,93825186940240,4375639744,7,2732,1151,8551
171795327423281,171795327434343,171795327444261,171795327445561,171795327450637,171795327450705,265650,93825186940240,4375639744,7,2732,1151,8552
171795335721646,171795335734098,171795335744703,171795335746279,171795335753326,171795335753416,265650,93825186940240,4375639744,7,2732,1151,8553
171795344042134,171795344053195,171795344063207,171795344064048,171795344070979,171795344071051,265650,93825186940240,4375639744,7,2732,1151,8554
171795352366854,171795352379647,171795352391825,171795352395164,171795352410810,171795352410985,265650,93825186940240,4375639744,7,2732,1151,8555
171795360732117,171795360749910,171795360761609,171795360764509,171795360780718,171795360780782,265650,93825186940240,4375639744,7,2732,1151,8556
171795369034279,171795369047729,171795369058260,171795369060043,171795369070645,171795369070711,265650,93825186940240,4375639744,7,2732,1151,8557
171795377374100,171795377388433,171795377400223,171795377402946,171795377416286,171795377416342,265650,93825186940240,4375639744,7,2732,1151,8558
171795385722292,171795385739954,171795385750991,171795385753086,171795385762914,171795385763000,265650,93825186940240,4375639744,7,2732,1151,8559
171795394095807,171795394110841,171795394121271,171795394123395,171795394133251,171795394133309,265650,93825186940240,4375639744,7,2732,1151,8560
171795402383167,171795402398087,171795402408505,171795402410852,171795402419709,171795402419771,265650,93825186940240,4375639744,7,2732,1151,8561
171795410756089,171795410768296,171795410778321,171795410779809,171795410785816,171795410785876,265650,93825186940240,4375639744,7,2732,1151,8562
171795419111140,171795419127007,171795419137750,171795419139678,171795419145819,171795419145874,265650,93825186940240,4375639744,7,2732,1151,8563
171795427386043,171795427401177,171795427412579,171795427414825,171795427419306,171795427419370,265650,93825186940240,4375639744,7,2732,1151,8564
171795435764678,171795435782477,171795435794087,171795435797413,171795435806937,171795435806992,265650,93825186940240,4375639744,7,2732,1151,8565
171795444098066,171795444114208,171795444124784,171795444126723,171795444136824,171795444137012,265650,93825186940240,4375639744,7,2732,1151,8566
171795452408809,171795452428166,171795452440140,171795452443116,171795452461092,171795452461186,265650,93825186940240,4375639744,7,2732,1151,8567
171795460729780,171795460747845,171795460760054,171795460763145,171795460775843,171795460775920,265650,93825186940240,4375639744,7,2732,1151,8568
171795469103038,171795469118557,171795469129348,171795469131390,171795469139155,171795469139231,265650,93825186940240,4375639744,7,2732,1151,8569
171795477402122,171795477420390,171795477431991,171795477435092,171795477452164,171795477452270,265650,93825186940240,4375639744,7,2732,1151,8570
171795485789817,171795485810733,171795485823111,171795485825998,171795485839782,171795485839868,265650,93825186940240,4375639744,7,2732,1151,8571
171795494068138,171795494083803,171795494094396,171795494096448,171795494106424,171795494106612,265650,93825186940240,4375639744,7,2732,1151,8572
171795502405452,171795502424268,171795502435712,171795502437565,171795502444188,171795502444291,265650,93825186940240,4375639744,7,2732,1151,8573
171795510753575,171795510766598,171795510776850,171795510778502,171795510784388,171795510784451,265650,93825186940240,4375639744,7,2732,1151,8574
171795519065754,171795519082295,171795519093574,171795519095445,171795519103117,171795519103161,265650,93825186940240,4375639744,7,2732,1151,8575
171795527379838,171795527392709,171795527402964,171795527404797,171795527410157,171795527410207,265650,93825186940240,4375639744,7,2732,1151,8576
171795535760064,171795535778863,171795535790588,171795535793829,171795535803782,171795535803844,265650,93825186940240,4375639744,7,2732,1151,8577
171795544097931,171795544113097,171795544124116,171795544125812,171795544130911,171795544131041,265650,93825186940240,4375639744,7,2732,1151,8578
171795552401354,171795552418310,171795552429143,171795552431346,171795552438166,171795552438245,265650,93825186940240,4375639744,7,2732,1151,8579
171795560746251,171795560769956,171795560781462,171795560785171,171795560800477,171795560800534,265650,93825186940240,4375639744,7,2732,1151,8580
171795569105612,171795569119710,171795569130772,171795569133227,171795569138207,171795569138274,265650,93825186940240,4375639744,7,2732,1151,8581
171795577394170,171795577410930,171795577422817,171795577425566,171795577435720,171795577435847,265650,93825186940240,4375639744,7,2732,1151,8582
171795585751837,171795585773184,171795585785417,171795585788549,171795585797879,171795585797960,265650,93825186940240,4375639744,7,2732,1151,8583
171795594105083,171795594120771,171795594131987,171795594133653,171795594142430,171795594142475,265650,93825186940240,4375639744,7,2732,1151,8584
171795602386245,171795602400918,171795602413819,171795602415797,171795602426438,171795602426508,265650,93825186940240,4375639744,7,2732,1151,8585
171795610761881,171795610776564,171795610788572,171795610791157,171795610804104,171795610804156,265650,93825186940240,4375639744,7,2732,1151,8586
171795619066407,171795619094334,171795619104900,171795619106431,171795619114763,171795619114815,265650,93825186940240,4375639744,7,2732,1151,8587
171795627381562,171795627396940,171795627408119,171795627410301,171795627422840,171795627422903,265650,93825186940240,4375639744,7,2732,1151,8588
171795635786031,171795635805703,171795635817279,171795635820160,171795635831286,171795635831337,265650,93825186940240,4375639744,7,2732,1151,8589
171795644119877,171795644135735,171795644146512,171795644148783,171795644155318,171795644155380,265650,93825186940240,4375639744,7,2732,1151,8590
171795652404146,171795652421803,171795652432824,171795652434406,171795652440984,171795652441048,265650,93825186940240,4375639744,7,2732,1151,8591
171795660757544,171795660773924,171795660785217,171795660787975,171795660797188,171795660797250,265650,93825186940240,4375639744,7,2732,1151,8592
171795669104949,171795669118005,171795669128596,171795669130097,171795669135827,171795669135871,265650,93825186940240,4375639744,7,2732,1151,8593
171795677409731,171795677425072,171795677436274,171795677438126,171795677449958,171795677450052,265650,93825186940240,4375639744,7,2732,1151,8594
171795685760870,171795685776757,171795685787396,171795685789470,171795685800031,171795685800098,265650,93825186940240,4375639744,7,2732,1151,8595
171795694110344,171795694125283,171795694135715,171795694137484,171795694145272,171795694145343,265650,93825186940240,4375639744,7,2732,1151,8596
171795702394968,171795702409151,171795702420064,171795702421599,171795702429800,171795702429880,265650,93825186940240,4375639744,7,2732,1151,8597
171795710775400,171795710787901,171795710797055,171795710798902,171795710802263,171795710802331,265650,93825186940240,4375639744,7,2732,1151,8598
171795719130798,171795719142962,171795719153465,171795719154437,171795719159103,171795719159188,265650,93825186940240,4375639744,7,2732,1151,8599
171795727396652,171795727433266,171795727441934,171795727442727,171795727449390,171795727449452,265650,93825186940240,4375639744,7,2732,1151,8600
171795735851905,171795735864085,171795735874334,171795735875352,171795735878863,171795735878934,265650,93825186940240,4375639744,7,2732,1151,8601
171795744085085,171795744095868,171795744104988,171795744106221,171795744112692,171795744112758,265650,93825186940240,4375639744,7,2732,1151,8602
171795752439252,171795752451358,171795752460144,171795752460918,171795752466656,171795752466709,265650,93825186940240,4375639744,7,2732,1151,8603
171795760820648,171795760832117,171795760842145,171795760843036,171795760847160,171795760847232,265650,93825186940240,4375639744,7,2732,1151,8604
171795769176968,171795769200652,171795769212107,171795769213276,171795769217876,171795769217942,265650,93825186940240,4375639744,7,2732,1151,8605
171795777499897,171795777510265,171795777519140,171795777520029,171795777524815,171795777524871,265650,93825186940240,4375639744,7,2732,1151,8606
171795785834833,171795785847051,171795785857079,171795785858174,171795785862205,171795785862277,265650,93825186940240,4375639744,7,2732,1151,8607
171795794159685,171795794171435,171795794181543,171795794182578,171795794185922,171795794185999,265650,93825186940240,4375639744,7,2732,1151,8608
171795802455574,171795802468542,171795802500258,171795802501213,171795802506003,171795802506052,265650,93825186940240,4375639744,7,2732,1151,8609
171795810807468,171795810819543,171795810829641,171795810830843,171795810835915,171795810835977,265650,93825186940240,4375639744,7,2732,1151,8610
171795819205484,171795819230825,171795819241730,171795819243354,171795819250271,171795819250336,265650,93825186940240,4375639744,7,2732,1151,8611
171795827440954,171795827450869,171795827460040,171795827462229,171795827468158,171795827468338,265650,93825186940240,4375639744,7,2732,1151,8612
171795835779565,171795835790140,171795835798367,171795835799692,171795835805408,171795835805465,265650,93825186940240,4375639744,7,2732,1151,8613
171795844130244,171795844142104,171795844151033,171795844153295,171795844160164,171795844160218,265650,93825186940240,4375639744,7,2732,1151,8614
171795855109564,171795855118889,171795855127773,171795855129545,171795855135351,171795855135405,265650,93825186940240,4375639744,7,2732,1151,8615
171795863473749,171795863504859,171795863517576,171795863520952,171795863529631,171795863529712,265650,93825186940240,4375639744,7,2732,1151,8616
171795871835581,171795871853190,171795871866313,171795871870428,171795871886051,171795871886311,265650,93825186940240,4375639744,7,2732,1151,8617
171795880102932,171795880118867,171795880129950,171795880132017,171795880135947,171795880136023,265650,93825186940240,4375639744,7,2732,1151,8618
171795888568722,171795888635622,171795888647372,171795888648892,171795888655540,171795888655614,265650,93825186940240,4375639744,7,2732,1151,8619
171795896793982,171795896802930,171795896810707,171795896811476,171795896817168,171795896817223,265650,93825186940240,4375639744,7,2732,1151,8620
171795905197377,171795905251543,171795905262440,171795905263262,171795905266916,171795905266986,265650,93825186940240,4375639744,7,2732,1151,8621
171795913620495,171795913632007,171795913642243,171795913643267,171795913648269,171795913648339,265650,93825186940240,4375639744,7,2732,1151,8622
171795921841677,171795921857421,171795921869146,171795921870722,171795921876143,171795921876245,265650,93825186940240,4375639744,7,2732,1151,8623
171795930064179,171795930076394,171795930087178,171795930088243,171795930094545,171795930094625,265650,93825186940240,4375639744,7,2732,1151,8624
171795938438337,171795938447524,171795938455798,171795938456463,171795938461085,171795938461151,265650,93825186940240,4375639744,7,2732,1151,8625
171795946889680,171795946948907,171795946959641,171795946960442,171795946964983,171795946965058,265650,93825186940240,4375639744,7,2732,1151,8626
171795955174224,171795955185740,171795955196064,171795955196809,171795955201923,171795955202014,265650,93825186940240,4375639744,7,2732,1151,8627
171795963531442,171795963543217,171795963551596,171795963552761,171795963558007,171795963558062,265650,93825186940240,4375639744,7,2732,1151,8628
171795971832633,171795971844193,171795971854598,171795971855978,171795971862836,171795971862925,265650,93825186940240,4375639744,7,2732,1151,8629
171795980164184,171795980176261,171795980186717,171795980187563,171795980192717,171795980192790,265650,93825186940240,4375639744,7,2732,1151,8630
171795988496753,171795988507105,171795988515974,171795988517481,171795988522264,171795988522329,265650,93825186940240,4375639744,7,2732,1151,8631
171795996883053,171795996931764,171795996942192,171795996943524,171795996948403,171795996948489,265650,93825186940240,4375639744,7,2732,1151,8632
171796005246261,171796005283989,171796005294494,171796005295571,171796005299760,171796005299846,265650,93825186940240,4375639744,7,2732,1151,8633
171796013546046,171796013557907,171796013568833,171796013569697,171796013573620,171796013573687,265650,93825186940240,4375639744,7,2732,1151,8634
171796021827451,171796021836638,171796021844418,171796021845191,171796021849181,171796021849234,265650,93825186940240,4375639744,7,2732,1151,8635
171796030170587,171796030181960,171796030192150,171796030192988,171796030197050,171796030197116,265650,93825186940240,4375639744,7,2732,1151,8636
171796038589355,171796038601759,171796038612401,171796038613823,171796038620541,171796038620612,265650,93825186940240,4375639744,7,2732,1151,8637
171796046889904,171796046922804,171796046933181,171796046934030,171796046941377,171796046941450,265650,93825186940240,4375639744,7,2732,1151,8638
171796055113443,171796055135681,171796055158453,171796055159258,171796055162876,171796055162951,265650,93825186940240,4375639744,7,2732,1151,8639
171796063521328,171796063532573,171796063542668,171796063543399,171796063548840,171796063548911,265650,93825186940240,4375639744,7,2732,1151,8640
171796071917991,171796071952281,171796071962374,171796071963040,171796071968954,171796071969023,265650,93825186940240,4375639744,7,2732,1151,8641
171796080169274,171796080180813,171796080191040,171796080191749,171796080196811,171796080196886,265650,93825186940240,4375639744,7,2732,1151,8642
171796088514003,171796088525272,171796088535389,171796088536093,171796088541414,171796088541485,265650,93825186940240,4375639744,7,2732,1151,8643
171796096881582,171796096892711,171796096902850,171796096903664,171796096908889,171796096908959,265650,93825186940240,4375639744,7,2732,1151,8644
171796105235592,171796105248296,171796105260424,171796105261304,171796105265628,171796105265701,265650,93825186940240,4375639744,7,2732,1151,8645
171796113460286,171796113470399,171796113494395,171796113495082,171796113499181,171796113499241,265650,93825186940240,4375639744,7,2732,1151,8646
171796121866962,171796121877886,171796121888039,171796121888743,171796121893830,171796121893901,265650,93825186940240,4375639744,7,2732,1151,8647
171796130110488,171796130119226,171796130127380,171796130127910,171796130132457,171796130132508,265650,93825186940240,4375639744,7,2732,1151,8648
171796138502448,171796138510702,171796138518178,171796138518715,171796138522856,171796138522910,265650,93825186940240,4375639744,7,2732,1151,8649
171796146886589,171796146906816,171796146916859,171796146917445,171796146922399,171796146922466,265650,93825186940240,4375639744,7,2732,1151,8650
171796155191485,171796155244983,171796155255032,171796155255625,171796155260523,171796155260592,265650,93825186940240,4375639744,7,2732,1151,8651
171796163498954,171796163653239,171796163670626,171796163671342,171796163676211,171796163676284,265650,93825186940240,4375639744,7,2732,1151,8652
171796171889666,171796171941355,171796171951329,171796171951923,171796171956265,171796171956337,265650,93825186940240,4375639744,7,2732,1151,8653
171796180167251,171796180178876,171796180189771,171796180190458,171796180195746,171796180195822,265650,93825186940240,4375639744,7,2732,1151,8654
171796188505313,171796188514111,171796188521957,171796188522371,171796188527046,171796188527100,265650,93825186940240,4375639744,7,2732,1151,8655
171796196847118,171796196858634,171796196868725,171796196869366,171796196873954,171796196874023,265650,93825186940240,4375639744,7,2732,1151,8656
171796205186937,171796205198495,171796205208795,171796205209373,171796205214855,171796205214922,265650,93825186940240,4375639744,7,2732,1151,8657
171796213545679,171796213572574,171796213582610,171796213583331,171796213588056,171796213588122,265650,93825186940240,4375639744,7,2732,1151,8658
171796221803982,171796221815680,171796221825825,171796221826567,171796221829654,171796221829723,265650,93825186940240,4375639744,7,2732,1151,8659
171796230163771,171796230191380,171796230200407,171796230202157,171796230207429,171796230207507,265650,93825186940240,4375639744,7,2732,1151,8660
171796238502809,171796238514006,171796238524731,171796238525585,171796238529053,171796238529120,265650,93825186940240,4375639744,7,2732,1151,8661
171796246768463,171796246777644,171796246807035,171796246808004,171796246811628,171796246811688,265650,93825186940240,4375639744,7,2732,1151,8662
171796255234292,171796255282987,171796255293203,171796255294097,171796255298062,171796255298224,265650,93825186940240,4375639744,7,2732,1151,8663
171796263523498,171796263533383,171796263542088,171796263543102,171796263549129,171796263549190,265650,93825186940240,4375639744,7,2732,1151,8664
171796271845448,171796271872658,171796271894491,171796271896005,171796271902637,171796271902723,265650,93825186940240,4375639744,7,2732,1151,8665
171796280159895,171796280171246,171796280181532,171796280182379,171796280187736,171796280187821,265650,93825186940240,4375639744,7,2732,1151,8666
171796288471174,171796288481018,171796288489834,171796288490475,171796288495753,171796288495809,265650,93825186940240,4375639744,7,2732,1151,8667
171796296896331,171796296944062,171796296954233,171796296954886,171796296960132,171796296960199,265650,93825186940240,4375639744,7,2732,1151,8668
171796305176209,171796305187277,171796305197290,171796305198117,171796305202530,171796305202595,265650,93825186940240,4375639744,7,2732,1151,8669
171796313601101,171796313619838,171796313630100,171796313631501,171796313636769,171796313636840,265650,93825186940240,4375639744,7,2732,1151,8670
171796321909643,171796321967253,171796321977420,171796321978239,171796321983589,171796321983656,265650,93825186940240,4375639744,7,2732,1151,8671
171796330181964,171796330193177,171796330203633,171796330204461,171796330210119,171796330210190,265650,93825186940240,4375639744,7,2732,1151,8672
171796338855626,171796338866211,171796338876120,171796338876745,171796338881179,171796338881250,265650,93825186940240,4375639744,7,2732,1151,8673
171796347217045,171796347227728,171796347237687,171796347238336,171796347242739,171796347242803,265650,93825186940240,4375639744,7,2732,1151,8674
171796359282427,171796359292423,171796359301399,171796359302202,171796359306730,171796359306791,265650,93825186940240,4375639744,7,2732,1151,8675
171796367696765,171796367704748,171796367712378,171796367713039,171796367717507,171796367717558,265650,93825186940240,4375639744,7,2732,1151,8676
171796378269503,171796378280315,171796378290232,171796378291269,171796378295512,171796378295577,265650,93825186940240,4375639744,7,2732,1151,8677
171796387749227,171796387758040,171796387765907,171796387766696,171796387769985,171796387770034,265650,93825186940240,4375639744,7,2732,1151,8678
171796396203857,171796396229887,171796396241586,171796396243241,171796396246939,171796396247021,265650,93825186940240,4375639744,7,2732,1151,8679
171796406425072,171796406433641,171796406441661,171796406442531,171796406447199,171796406447263,265650,93825186940240,4375639744,7,2732,1151,8680
171796414758240,171796414767416,171796414775920,171796414776541,171796414778688,171796414778746,265650,93825186940240,4375639744,7,2732,1151,8681
171796425094889,171796425110579,171796425121940,171796425124660,171796425127422,171796425127511,265650,93825186940240,4375639744,7,2732,1151,8682
171796433482395,171796433494952,171796433508130,171796433512597,171796433517761,171796433517850,265650,93825186940240,4375639744,7,2732,1151,8683
171796441762058,171796441775264,171796441786110,171796441788598,171796441792804,171796441792874,265650,93825186940240,4375639744,7,2732,1151,8684
171796450926511,171796450937378,171796450947939,171796450949820,171796450953154,171796450953216,265650,93825186940240,4375639744,7,2732,1151,8685
171796459302853,171796459313491,171796459323790,171796459325543,171796459329088,171796459329148,265650,93825186940240,4375639744,7,2732,1151,8686
171796467662551,171796467673739,171796467683967,171796467686070,171796467689389,171796467689449,265650,93825186940240,4375639744,7,2732,1151,8687
171796476576807,171796476587542,171796476597934,171796476600241,171796476605659,171796476605742,265650,93825186940240,4375639744,7,2732,1151,8688
171796484936950,171796484947341,171796484957926,171796484959825,171796484962806,171796484962875,265650,93825186940240,4375639744,7,2732,1151,8689
171796493249129,171796493260437,171796493273059,171796493275720,171796493279678,171796493279744,265650,93825186940240,4375639744,7,2732,1151,8690
171796503011344,171796503022584,171796503032913,171796503034921,171796503039461,171796503039519,265650,93825186940240,4375639744,7,2732,1151,8691
171796511343654,171796511356738,171796511367641,171796511369494,171796511376480,171796511376540,265650,93825186940240,4375639744,7,2732,1151,8692
171796519736602,171796519748346,171796519760242,171796519762357,171796519765607,171796519765676,265650,93825186940240,4375639744,7,2732,1151,8693
171796529243562,171796529253174,171796529262307,171796529264091,171796529268252,171796529268332,265650,93825186940240,4375639744,7,2732,1151,8694
171796537633483,171796537645031,171796537656277,171796537658282,171796537663880,171796537663963,265650,93825186940240,4375639744,7,2732,1151,8695
171796545827146,171796545838213,171796545846774,171796545847939,171796545852224,171796545852293,265650,93825186940240,4375639744,7,2732,1151,8696
171796554379535,171796554389022,171796554397750,171796554398726,171796554402501,171796554402576,265650,93825186940240,4375639744,7,2732,1151,8697
171796562747166,171796562758172,171796562768233,171796562769119,171796562774078,171796562774166,265650,93825186940240,4375639744,7,2732,1151,8698
171796571076610,171796571087711,171796571097899,171796571098755,171796571103396,171796571103478,265650,93825186940240,4375639744,7,2732,1151,8699
171796579968357,171796579985915,171796579997059,171796579999854,171796580007904,171796580007991,265650,93825186940240,4375639744,7,2732,1151,8700
171796588281717,171796588293017,171796588303583,171796588305574,171796588312648,171796588312734,265650,93825186940240,4375639744,7,2732,1151,8701
171796596598768,171796596610620,171796596621286,171796596623021,171796596625836,171796596625890,265650,93825186940240,4375639744,7,2732,1151,8702
171796605373053,171796605382383,171796605391175,171796605392248,171796605396667,171796605396733,265650,93825186940240,4375639744,7,2732,1151,8703
171796613785438,171796613797044,171796613807849,171796613809027,171796613813558,171796613813739,265650,93825186940240,4375639744,7,2732,1151,8704
171796622145636,171796622192441,171796622203334,171796622204377,171796622209113,171796622209203,265650,93825186940240,4375639744,7,2732,1151,8705
171796630390099,171796630399609,171796630407903,171796630408924,171796630413340,171796630413404,265650,93825186940240,4375639744,7,2732,1151,8706
171796638791572,171796638803212,171796638814042,171796638814885,171796638820533,171796638820606,265650,93825186940240,4375639744,7,2732,1151,8707
171796647192182,171796647203795,171796647214737,171796647216921,171796647222730,171796647222795,265650,93825186940240,4375639744,7,2732,1151,8708
171796655413363,171796655505775,171796655567463,171796655568141,171796655573385,171796655573445,265650,93825186940240,4375639744,7,2732,1151,8709
171796664310249,171796664324894,171796664336496,171796664340129,171796664346562,171796664346656,265650,93825186940240,4375639744,7,2732,1151,8710
171796672790521,171796672804328,171796672817198,171796672820438,171796672830128,171796672830213,265650,93825186940240,4375639744,7,2732,1151,8711
171796681335222,171796681359284,171796681371630,171796681374491,171796681381113,171796681381198,265650,93825186940240,4375639744,7,2732,1151,8712
171796690358616,171796690367744,171796690376892,171796690378608,171796690383961,171796690384033,265650,93825186940240,4375639744,7,2732,1151,8713
171796698812881,171796698826805,171796698838459,171796698842079,171796698847528,171796698847637,265650,93825186940240,4375639744,7,2732,1151,8714
171796707870469,171796707906818,171796707919319,171796707922290,171796707928218,171796707928316,265650,93825186940240,4375639744,7,2732,1151,8715
171796717095085,171796717107165,171796717118585,171796717121306,171796717126735,171796717126829,265650,93825186940240,4375639744,7,2732,1151,8716
171796725367769,171796725380914,171796725391903,171796725394634,171796725398754,171796725398946,265650,93825186940240,4375639744,7,2732,1151,8717
171796733666373,171796733678215,171796733688833,171796733691179,171796733698214,171796733698290,265650,93825186940240,4375639744,7,2732,1151,8718
171796742117530,171796742132320,171796742143675,171796742146601,171796742155915,171796742156004,265650,93825186940240,4375639744,7,2732,1151,8719
171796750355903,171796750368582,171796750380400,171796750382655,171796750389376,171796750389450,265650,93825186940240,4375639744,7,2732,1151,8720
171796758683441,171796758695115,171796758706565,171796758708891,171796758716891,171796758716956,265650,93825186940240,4375639744,7,2732,1151,8721
171796767068762,171796767080475,171796767091206,171796767093229,171796767100245,171796767100407,265650,93825186940240,4375639744,7,2732,1151,8722
171796775394434,171796775408041,171796775421273,171796775425522,171796775433616,171796775433701,265650,93825186940240,4375639744,7,2732,1151,8723
171796783720992,171796783732272,171796783743553,171796783745987,171796783751929,171796783752002,265650,93825186940240,4375639744,7,2732,1151,8724
171796792089037,171796792103235,171796792115202,171796792116880,171796792121846,171796792121926,265650,93825186940240,4375639744,7,2732,1151,8725
171796800359483,171796800371575,171796800382570,171796800383989,171796800391415,171796800391499,265650,93825186940240,4375639744,7,2732,1151,8726
171796810689502,171796810698268,171796810706790,171796810707639,171796810711365,171796810711423,265650,93825186940240,4375639744,7,2732,1151,8727
171796819067526,171796819084367,171796819095657,171796819098447,171796819101126,171796819101214,265650,93825186940240,4375639744,7,2732,1151,8728
171796827306654,171796827316172,171796827325205,171796827326056,171796827330083,171796827330144,265650,93825186940240,4375639744,7,2732,1151,8729
171796836233983,171796836243850,171796836253061,171796836254020,171796836258606,171796836258678,265650,93825186940240,4375639744,7,2732,1151,8730
171796844695191,171796844723241,171796844734475,171796844735642,171796844740777,171796844740863,265650,93825186940240,4375639744,7,2732,1151,8731
171796852903310,171796852916877,171796852927531,171796852928800,171796852934352,171796852934429,265650,93825186940240,4375639744,7,2732,1151,8732
171796862984403,171796862993381,171796863005115,171796863006226,171796863011088,171796863011151,265650,93825186940240,4375639744,7,2732,1151,8733
171796871236692,171796871248334,171796871258843,171796871259930,171796871266048,171796871266127,265650,93825186940240,4375639744,7,2732,1151,8734
171796879661615,171796879674217,171796879685045,171796879686464,171796879694171,171796879694254,265650,93825186940240,4375639744,7,2732,1151,8735
171796888171077,171796888185795,171796888195488,171796888197042,171796888202469,171796888202542,265650,93825186940240,4375639744,7,2732,1151,8736
171796896591137,171796896603309,171796896614024,171796896615030,171796896620808,171796896620895,265650,93825186940240,4375639744,7,2732,1151,8737
171796904869460,171796904885211,171796904896970,171796904899195,171796904910063,171796904910151,265650,93825186940240,4375639744,7,2732,1151,8738
171796919483629,171796919504427,171796919516610,171796919519964,171796919525057,171796919525157,265650,93825186940240,4375639744,7,2732,1151,8739
171796927773279,171796927790690,171796927802715,171796927805263,171796927809872,171796927809960,265650,93825186940240,4375639744,7,2732,1151,8740
171796936230401,171796936249779,171796936262458,171796936264458,171796936271728,171796936271818,265650,93825186940240,4375639744,7,2732,1151,8741
171796946348719,171796946358370,171796946366422,171796946367219,171796946372330,171796946372389,265650,93825186940240,4375639744,7,2732,1151,8742
171796954849746,171796954861471,171796954871893,171796954872883,171796954878086,171796954878164,265650,93825186940240,4375639744,7,2732,1151,8743
171796963159916,171796963171547,171796963181741,171796963182584,171796963189806,171796963189878,265650,93825186940240,4375639744,7,2732,1151,8744
171796971366845,171796971378554,171796971388583,171796971389258,171796971395388,171796971395459,265650,93825186940240,4375639744,7,2732,1151,8745
171796979810075,171796979844038,171796979854216,171796979854870,171796979860094,171796979860160,265650,93825186940240,4375639744,7,2732,1151,8746
171796988077416,171796988087711,171796988095966,171796988096985,171796988104103,171796988104174,265650,93825186940240,4375639744,7,2732,1151,8747
171796996385343,171796996397773,171796996408047,171796996409006,171796996416568,171796996416648,265650,93825186940240,4375639744,7,2732,1151,8748
171797004723815,171797004734645,171797004743041,171797004744072,171797004751094,171797004751149,265650,93825186940240,4375639744,7,2732,1151,8749
171797013070742,171797013080210,171797013088186,171797013089047,171797013094853,171797013094908,265650,93825186940240,4375639744,7,2732,1151,8750
171797021380940,171797021390833,171797021398692,171797021399559,171797021406055,171797021406109,265650,93825186940240,4375639744,7,2732,1151,8751
171797029824776,171797029837516,171797029848578,171797029849831,171797029859259,171797029859331,265650,93825186940240,4375639744,7,2732,1151,8752
171797038102609,171797038115709,171797038126349,171797038127874,171797038135834,171797038135909,265650,93825186940240,4375639744,7,2732,1151,8753
171797046375983,171797046385816,171797046394309,171797046395123,171797046401511,171797046401579,265650,93825186940240,4375639744,7,2732,1151,8754
171797054814071,171797054827400,171797054838409,171797054839890,171797054848444,171797054848532,265650,93825186940240,4375639744,7,2732,1151,8755
171797063126078,171797063139206,171797063149484,171797063150868,171797063157076,171797063157150,265650,93825186940240,4375639744,7,2732,1151,8756
171797071503149,171797071562257,171797071583756,171797071584726,171797071591431,171797071591509,265650,93825186940240,4375639744,7,2732,1151,8757
171797079862322,171797079873890,171797079884029,171797079884864,171797079890762,171797079890843,265650,93825186940240,4375639744,7,2732,1151,8758
171797088083012,171797088093662,171797088101996,171797088103188,171797088110109,171797088110173,265650,93825186940240,4375639744,7,2732,1151,8759
171797096352534,171797096443950,171797096571939,171797096580246,171797096608407,171797096609157,265650,93825186940240,4375639744,7,2732,1151,8760
171797104855399,171797104876773,171797104888668,171797104893397,171797104900990,171797104901085,265650,93825186940240,4375639744,7,2732,1151,8761
171797113043523,171797113060958,171797113072281,171797113074662,171797113079276,171797113079356,265650,93825186940240,4375639744,7,2732,1151,8762
171797121365164,171797121382360,171797121393477,171797121395653,171797121402679,171797121402754,265650,93825186940240,4375639744,7,2732,1151,8763
171797129734010,171797129752702,171797129765220,171797129768404,171797129772665,171797129772712,265650,93825186940240,4375639744,7,2732,1151,8764
171797138072275,171797138088799,171797138101242,171797138103297,171797138108085,171797138108149,265650,93825186940240,4375639744,7,2732,1151,8765
171797146397249,171797146411372,171797146422480,171797146424333,171797146427860,171797146427929,265650,93825186940240,4375639744,7,2732,1151,8766
171797154743986,171797154759395,171797154770560,171797154772236,171797154775689,171797154775741,265650,93825186940240,4375639744,7,2732,1151,8767
171797163070444,171797163086391,171797163097695,171797163099871,171797163103458,171797163103519,265650,93825186940240,4375639744,7,2732,1151,8768
171797171365645,171797171407675,171797171427222,171797171429322,171797171433837,171797171433901,265650,93825186940240,4375639744,7,2732,1151,8769
171797179705074,171797179727790,171797179745913,171797179748206,171797179750499,171797179750560,265650,93825186940240,4375639744,7,2732,1151,8770
171797188045895,171797188062785,171797188074130,171797188076229,171797188080844,171797188080902,265650,93825186940240,4375639744,7,2732,1151,8771
171797196420638,171797196435931,171797196446505,171797196448382,171797196451611,171797196451685,265650,93825186940240,4375639744,7,2732,1151,8772
171797204691157,171797204711257,171797204723199,171797204726102,171797204730676,171797204730735,265650,93825186940240,4375639744,7,2732,1151,8773
171797213047010,171797213062826,171797213073821,171797213075493,171797213078966,171797213079027,265650,93825186940240,4375639744,7,2732,1151,8774
171797221373080,171797221390163,171797221400864,171797221402691,171797221407281,171797221407333,265650,93825186940240,4375639744,7,2732,1151,8775
171797229696525,171797229710423,171797229721178,171797229723165,171797229725779,171797229725846,265650,93825186940240,4375639744,7,2732,1151,8776
171797238193072,171797238263732,171797238275813,171797238277507,171797238287172,171797238287262,265650,93825186940240,4375639744,7,2732,1151,8777
171797246403258,171797246413460,171797246421870,171797246423112,171797246430458,171797246430524,265650,93825186940240,4375639744,7,2732,1151,8778
171797254852587,171797254877981,171797254889285,171797254890799,171797254900126,171797254900213,265650,93825186940240,4375639744,7,2732,1151,8779
171797263102778,171797263112992,171797263121253,171797263122293,171797263130335,171797263130399,265650,93825186940240,4375639744,7,2732,1151,8780
171797271374246,171797271383934,171797271392242,171797271393141,171797271398862,171797271398927,265650,93825186940240,4375639744,7,2732,1151,8781
171797279752389,171797279761647,171797279769646,171797279770485,171797279776467,171797279776530,265650,93825186940240,4375639744,7,2732,1151,8782
171797288138801,171797288152833,171797288164394,171797288165711,171797288173946,171797288174035,265650,93825186940240,4375639744,7,2732,1151,8783
171797296544623,171797296559546,171797296570937,171797296572446,171797296578887,171797296578989,265650,93825186940240,4375639744,7,2732,1151,8784
171797304787793,171797304800535,171797304811481,171797304812656,171797304818513,171797304818590,265650,93825186940240,4375639744,7,2732,1151,8785
171797313146051,171797313159890,171797313170600,171797313171920,171797313178833,171797313178921,265650,93825186940240,4375639744,7,2732,1151,8786
171797321419658,171797321429323,171797321437528,171797321438560,171797321444291,171797321444358,265650,93825186940240,4375639744,7,2732,1151,8787
171797329819617,171797329832425,171797329843059,171797329844382,171797329850933,171797329851009,265650,93825186940240,4375639744,7,2732,1151,8788
171797338090568,171797338102751,171797338113499,171797338114656,171797338119974,171797338120065,265650,93825186940240,4375639744,7,2732,1151,8789
171797347531486,171797347543783,171797347555031,171797347557869,171797347561237,171797347561324,265650,93825186940240,4375639744,7,2732,1151,8790
171797355841285,171797355855315,171797355866426,171797355868937,171797355874392,171797355874465,265650,93825186940240,4375639744,7,2732,1151,8791
171797364174659,171797364187514,171797364200500,171797364202885,171797364210141,171797364210236,265650,93825186940240,4375639744,7,2732,1151,8792
171797372494464,171797372506760,171797372517419,171797372521498,171797372529721,171797372529782,265650,93825186940240,4375639744,7,2732,1151,8793
171797380839174,171797380854056,171797380866239,171797380868944,171797380876512,171797380876596,265650,93825186940240,4375639744,7,2732,1151,8794
171797389477731,171797389489282,171797389500472,171797389502545,171797389505955,171797389506114,265650,93825186940240,4375639744,7,2732,1151,8795
171797397859424,171797397870747,171797397881997,171797397884619,171797397887868,171797397887941,265650,93825186940240,4375639744,7,2732,1151,8796
171797406140890,171797406151916,171797406162483,171797406164331,171797406167530,171797406167603,265650,93825186940240,4375639744,7,2732,1151,8797
171797414677357,171797414688528,171797414699205,171797414701249,171797414704730,171797414704827,265650,93825186940240,4375639744,7,2732,1151,8798
171797425358784,171797425368198,171797425377328,171797425379059,171797425386682,171797425386754,265650,93825186940240,4375639744,7,2732,1151,8799
171797433768497,171797433780252,171797433791047,171797433792321,171797433797504,171797433797582,265650,93825186940240,4375639744,7,2732,1151,8800
171797442162052,171797442174127,171797442185272,171797442186720,171797442191456,171797442191543,265650,93825186940240,4375639744,7,2732,1151,8801
171797450364849,171797450376898,171797450386660,171797450387418,171797450391038,171797450391111,265650,93825186940240,4375639744,7,2732,1151,8802
171797458877964,171797458910209,171797458921358,171797458922871,171797458929162,171797458929246,265650,93825186940240,4375639744,7,2732,1151,8803
171797467144191,171797467155720,171797467166216,171797467167269,171797467172890,171797467172968,265650,93825186940240,4375639744,7,2732,1151,8804
171797475359881,171797475371568,171797475382012,171797475383032,171797475389058,171797475389123,265650,93825186940240,4375639744,7,2732,1151,8805
171797483894951,171797483906302,171797483915682,171797483916656,171797483921547,171797483921612,265650,93825186940240,4375639744,7,2732,1151,8806
171797493378467,171797493388439,171797493397651,171797493398597,171797493403421,171797493403488,265650,93825186940240,4375639744,7,2732,1151,8807
171797502318637,171797502328931,171797502338816,171797502340507,171797502346143,171797502346217,265650,93825186940240,4375639744,7,2732,1151,8808
171797510780478,171797510832668,171797510843197,171797510844026,171797510848866,171797510848937,265650,93825186940240,4375639744,7,2732,1151,8809
171797519009828,171797519021115,171797519031631,171797519032533,171797519036796,171797519036879,265650,93825186940240,4375639744,7,2732,1151,8810
171797529615413,171797529623976,171797529631959,171797529632615,171797529636494,171797529636545,265650,93825186940240,4375639744,7,2732,1151,8811
171797537943469,171797537955478,171797537966529,171797537967453,171797537973155,171797537973234,265650,93825186940240,4375639744,7,2732,1151,8812
171797546219880,171797546237679,171797546248661,171797546250053,171797546254243,171797546254308,265650,93825186940240,4375639744,7,2732,1151,8813
171797555682462,171797555691421,171797555699676,171797555700540,171797555703389,171797555703441,265650,93825186940240,4375639744,7,2732,1151,8814
171797564123468,171797564135483,171797564146677,171797564147817,171797564152380,171797564152461,265650,93825186940240,4375639744,7,2732,1151,8815
171797572389710,171797572403481,171797572436181,171797572440895,171797572450734,171797572450795,265650,93825186940240,4375639744,7,2732,1151,8816
171797580759745,171797580770331,171797580780104,171797580780951,171797580785808,171797580785869,265650,93825186940240,4375639744,7,2732,1151,8817
171797589097208,171797589110198,171797589120794,171797589121917,171797589128288,171797589128364,265650,93825186940240,4375639744,7,2732,1151,8818
171797597347696,171797597389218,171797597411800,171797597412764,171797597418121,171797597418187,265650,93825186940240,4375639744,7,2732,1151,8819
171797605737684,171797605749196,171797605759828,171797605760646,171797605765909,171797605765979,265650,93825186940240,4375639744,7,2732,1151,8820
171797614105591,171797614119237,171797614152105,171797614152963,171797614157685,171797614157758,265650,93825186940240,4375639744,7,2732,1151,8821
171797622334260,171797622347392,171797622356125,171797622357777,171797622363226,171797622363295,265650,93825186940240,4375639744,7,2732,1151,8822
171797630757738,171797630770910,171797630781756,171797630782793,171797630787244,171797630787332,265650,93825186940240,4375639744,7,2732,1151,8823
171797639148818,171797639161821,171797639172625,171797639173642,171797639179291,171797639179386,265650,93825186940240,4375639744,7,2732,1151,8824
171797647384461,171797647396786,171797647407395,171797647408417,171797647413832,171797647413923,265650,93825186940240,4375639744,7,2732,1151,8825
171797655753474,171797655765762,171797655776313,171797655777279,171797655781205,171797655781296,265650,93825186940240,4375639744,7,2732,1151,8826
171797663992840,171797664010922,171797664021655,171797664023682,171797664031440,171797664031531,265650,93825186940240,4375639744,7,2732,1151,8827
171797672326778,171797672340091,171797672350661,171797672352830,171797672358055,171797672358133,265650,93825186940240,4375639744,7,2732,1151,8828
171797680706336,171797680719286,171797680729402,171797680731297,171797680738524,171797680738602,265650,93825186940240,4375639744,7,2732,1151,8829
171797689061940,171797689077179,171797689087473,171797689089256,171797689095406,171797689095480,265650,93825186940240,4375639744,7,2732,1151,8830
171797697376942,171797697393843,171797697404683,171797697406617,171797697413359,171797697413432,265650,93825186940240,4375639744,7,2732,1151,8831
171797705663672,171797705678794,171797705689415,171797705691327,171797705696082,171797705696143,265650,93825186940240,4375639744,7,2732,1151,8832
171797714018613,171797714035439,171797714047121,171797714049736,171797714065195,171797714065262,265650,93825186940240,4375639744,7,2732,1151,8833
171797722328553,171797722345304,171797722357010,171797722359467,171797722372460,171797722372522,265650,93825186940240,4375639744,7,2732,1151,8834
171797730674151,171797730690247,171797730702223,171797730704340,171797730707648,171797730707743,265650,93825186940240,4375639744,7,2732,1151,8835
171797739056417,171797739070438,171797739081184,171797739083875,171797739092090,171797739092161,265650,93825186940240,4375639744,7,2732,1151,8836
171797747332128,171797747346677,171797747371487,171797747373105,171797747379213,171797747379287,265650,93825186940240,4375639744,7,2732,1151,8837
171797755669602,171797755682520,171797755693129,171797755694666,171797755701308,171797755701374,265650,93825186940240,4375639744,7,2732,1151,8838
171797764153559,171797764165881,171797764174786,171797764176202,171797764181951,171797764182014,265650,93825186940240,4375639744,7,2732,1151,8839
171797772351133,171797772369680,171797772381924,171797772383640,171797772387124,171797772387186,265650,93825186940240,4375639744,7,2732,1151,8840
171797780681888,171797780695456,171797780705887,171797780707819,171797780713517,171797780713582,265650,93825186940240,4375639744,7,2732,1151,8841
171797789010669,171797789022360,171797789033009,171797789034950,171797789041403,171797789041470,265650,93825186940240,4375639744,7,2732,1151,8842
171797797336892,171797797348564,171797797359644,171797797361617,171797797364597,171797797364691,265650,93825186940240,4375639744,7,2732,1151,8843
171797805737588,171797805748568,171797805759970,171797805762680,171797805766255,171797805766314,265650,93825186940240,4375639744,7,2732,1151,8844
171797814875959,171797814888134,171797814900712,171797814904437,171797814908153,171797814908209,265650,93825186940240,4375639744,7,2732,1151,8845
171797823187710,171797823198592,171797823209579,171797823211330,171797823215131,171797823215192,265650,93825186940240,4375639744,7,2732,1151,8846
171797832570731,171797832586381,171797832596402,171797832598193,171797832605432,171797832605505,265650,93825186940240,4375639744,7,2732,1151,8847
171797840917507,171797840928571,171797840937121,171797840938471,171797840942032,171797840942093,265650,93825186940240,4375639744,7,2732,1151,8848
171797853153608,171797853162946,171797853171285,171797853172347,171797853177089,171797853177149,265650,93825186940240,4375639744,7,2732,1151,8849
171797862013198,171797862021383,171797862028739,171797862029428,171797862033771,171797862033824,265650,93825186940240,4375639744,7,2732,1151,8850
171797870434457,171797870463235,171797870475637,171797870476583,171797870479906,171797870479983,265650,93825186940240,4375639744,7,2732,1151,8851
171797878715980,171797878724863,171797878733103,171797878733816,171797878737843,171797878737902,265650,93825186940240,4375639744,7,2732,1151,8852
171797887027754,171797887041600,171797887053734,171797887056434,171797887061160,171797887061252,265650,93825186940240,4375639744,7,2732,1151,8853
171797895352253,171797895364094,171797895374920,171797895377144,171797895381115,171797895381274,265650,93825186940240,4375639744,7,2732,1151,8854
171797903668465,171797903679341,171797903689602,171797903691878,171797903696497,171797903696567,265650,93825186940240,4375639744,7,2732,1151,8855
171797912014610,171797912027433,171797912037704,171797912039341,171797912043352,171797912043410,265650,93825186940240,4375639744,7,2732,1151,8856
171797920389800,171797920409877,171797920421581,171797920424993,171797920433265,171797920433316,265650,93825186940240,4375639744,7,2732,1151,8857
171797928700117,171797928712353,171797928724148,171797928727181,171797928731675,171797928731733,265650,93825186940240,4375639744,7,2732,1151,8858
171797937007619,171797937018812,171797937029076,171797937030816,171797937034280,171797937034342,265650,93825186940240,4375639744,7,2732,1151,8859
171797945355358,171797945367433,171797945377936,171797945380338,171797945385736,171797945385799,265650,93825186940240,4375639744,7,2732,1151,8860
171797953690537,171797953701696,171797953712775,171797953715660,171797953719291,171797953719350,265650,93825186940240,4375639744,7,2732,1151,8861
171797962966058,171797962977954,171797962988686,171797962990890,171797962994042,171797962994102,265650,93825186940240,4375639744,7,2732,1151,8862
171797983639835,171797983694675,171797983727713,171797983731111,171797983745663,171797983745744,265650,93825186940240,4375639744,7,2732,1151,8863
171797991873422,171797991890016,171797991901324,171797991903818,171797991914419,171797991914495,265650,93825186940240,4375639744,7,2732,1151,8864
171798000122643,171798000144543,171798000158949,171798000161678,171798000168727,171798000168811,265650,93825186940240,4375639744,7,2732,1151,8865
171798008446268,171798008459270,171798008470850,171798008472918,171798008476350,171798008476435,265650,93825186940240,4375639744,7,2732,1151,8866
171798016782014,171798016795198,171798016806484,171798016808622,171798016812060,171798016812143,265650,93825186940240,4375639744,7,2732,1151,8867
171798025118974,171798025135645,171798025146736,171798025148584,171798025153000,171798025153046,265650,93825186940240,4375639744,7,2732,1151,8868
171798033510849,171798033523320,171798033535264,171798033539533,171798033544658,171798033544728,265650,93825186940240,4375639744,7,2732,1151,8869
171798041818977,171798041830899,171798041842351,171798041844964,171798041847982,171798041848041,265650,93825186940240,4375639744,7,2732,1151,8870
171798050138845,171798050155159,171798050166360,171798050168665,171798050173042,171798050173092,265650,93825186940240,4375639744,7,2732,1151,8871
171798062991404,171798063011462,171798063021823,171798063023628,171798063029536,171798063029610,265650,93825186940240,4375639744,7,2732,1151,8872
171798071336311,171798071353226,171798071364591,171798071367022,171798071370624,171798071370721,265650,93825186940240,4375639744,7,2732,1151,8873
171798079666031,171798079678014,171798079690488,171798079693739,171798079698743,171798079698831,265650,93825186940240,4375639744,7,2732,1151,8874
171798088014313,171798088030023,171798088041843,171798088044973,171798088052161,171798088052252,265650,93825186940240,4375639744,7,2732,1151,8875
171798096321299,171798096347290,171798096360611,171798096365973,171798096383404,171798096383475,265650,93825186940240,4375639744,7,2732,1151,8876
171798104642154,171798104658724,171798104671087,171798104674128,171798104679842,171798104679907,265650,93825186940240,4375639744,7,2732,1151,8877
171798112966157,171798112983639,171798112995351,171798112998445,171798113017610,171798113017681,265650,93825186940240,4375639744,7,2732,1151,8878
171798121408798,171798121424544,171798121437432,171798121439183,171798121449095,171798121449180,265650,93825186940240,4375639744,7,2732,1151,8879
171798129778450,171798129789894,171798129800448,171798129801888,171798129808473,171798129808560,265650,93825186940240,4375639744,7,2732,1151,8880
171798138020212,171798138031738,171798138044042,171798138046557,171798138049881,171798138049967,265650,93825186940240,4375639744,7,2732,1151,8881
171798146286984,171798146298383,171798146308842,171798146310660,171798146314168,171798146314255,265650,93825186940240,4375639744,7,2732,1151,8882
171798154622183,171798154633659,171798154645501,171798154647609,171798154651328,171798154651392,265650,93825186940240,4375639744,7,2732,1151,8883
171798163457984,171798163468817,171798163479233,171798163480976,171798163484230,171798163484290,265650,93825186940240,4375639744,7,2732,1151,8884
171798171786443,171798171797549,171798171808038,171798171810039,171798171813129,171798171813201,265650,93825186940240,4375639744,7,2732,1151,8885
171798181123593,171798181134795,171798181145276,171798181147195,171798181153985,171798181154071,265650,93825186940240,4375639744,7,2732,1151,8886
171798189460363,171798189471149,171798189481375,171798189483556,171798189486312,171798189486377,265650,93825186940240,4375639744,7,2732,1151,8887
171798198468774,171798198480253,171798198490596,171798198491973,171798198496097,171798198496161,265650,93825186940240,4375639744,7,2732,1151,8888
171798207391666,171798207402276,171798207412604,171798207414389,171798207418631,171798207418696,265650,93825186940240,4375639744,7,2732,1151,8889
171798215739216,171798215750281,171798215761887,171798215764668,171798215769395,171798215769622,265650,93825186940240,4375639744,7,2732,1151,8890
171798224063276,171798224074311,171798224084870,171798224086871,171798224091473,171798224091530,265650,93825186940240,4375639744,7,2732,1151,8891
171798233549932,171798233561006,171798233571637,171798233573422,171798233579890,171798233579952,265650,93825186940240,4375639744,7,2732,1151,8892
171798241940691,171798241951093,171798241961698,171798241964200,171798241968169,171798241968232,265650,93825186940240,4375639744,7,2732,1151,8893
171798250679753,171798250756174,171798250767653,171798250769468,171798250775647,171798250775738,265650,93825186940240,4375639744,7,2732,1151,8894
171798260248551,171798260257232,171798260265485,171798260266935,171798260272431,171798260272496,265650,93825186940240,4375639744,7,2732,1151,8895
171798268683208,171798268773673,171798268784485,171798268785339,171798268789161,171798268789244,265650,93825186940240,4375639744,7,2732,1151,8896
171798277015578,171798277027939,171798277039010,171798277040143,171798277046742,171798277046827,265650,93825186940240,4375639744,7,2732,1151,8897
171798286505723,171798286514528,171798286522860,171798286523966,171798286529428,171798286529495,265650,93825186940240,4375639744,7,2732,1151,8898
171798295931208,171798295939984,171798295948225,171798295949258,171798295952589,171798295952651,265650,93825186940240,4375639744,7,2732,1151,8899
171798304305593,171798304317107,171798304327386,171798304328221,171798304333663,171798304333745,265650,93825186940240,4375639744,7,2732,1151,8900
171798314030541,171798314045491,171798314056272,171798314058842,171798314066524,171798314066596,265650,93825186940240,4375639744,7,2732,1151,8901
171798322380793,171798322396461,171798322409302,171798322412865,171798322418861,171798322418929,265650,93825186940240,4375639744,7,2732,1151,8902
171798330638724,171798330650406,171798330661280,171798330662945,171798330667220,171798330667283,265650,93825186940240,4375639744,7,2732,1151,8903
171798340014778,171798340026129,171798340037239,171798340038990,171798340043669,171798340043725,265650,93825186940240,4375639744,7,2732,1151,8904
171798348395473,171798348408840,171798348421188,171798348423857,171798348428453,171798348428510,265650,93825186940240,4375639744,7,2732,1151,8905
171798356748440,171798356763763,171798356775117,171798356778573,171798356785064,171798356785123,265650,93825186940240,4375639744,7,2732,1151,8906
171798365012494,171798365024786,171798365036036,171798365038392,171798365042090,171798365042152,265650,93825186940240,4375639744,7,2732,1151,8907
171798373333357,171798373347016,171798373357822,171798373359626,171798373363918,171798373363970,265650,93825186940240,4375639744,7,2732,1151,8908
171798381723326,171798381739175,171798381749917,171798381751751,171798381757388,171798381757476,265650,93825186940240,4375639744,7,2732,1151,8909
171798390010982,171798390023149,171798390033703,171798390035670,171798390039946,171798390040011,265650,93825186940240,4375639744,7,2732,1151,8910
171798398415539,171798398427466,171798398439226,171798398442189,171798398446179,171798398446242,265650,93825186940240,4375639744,7,2732,1151,8911
171798406730765,171798406743467,171798406756344,171798406759800,171798406763170,171798406763225,265650,93825186940240,4375639744,7,2732,1151,8912
171798415980611,171798415991350,171798416006864,171798416008802,171798416011917,171798416011976,265650,93825186940240,4375639744,7,2732,1151,8913
171798424293219,171798424304500,171798424315285,171798424317203,171798424323849,171798424323906,265650,93825186940240,4375639744,7,2732,1151,8914
171798432682926,171798432693838,171798432704951,171798432707612,171798432710738,171798432710797,265650,93825186940240,4375639744,7,2732,1151,8915
171798441559046,171798441569644,171798441580067,171798441581902,171798441584901,171798441584962,265650,93825186940240,4375639744,7,2732,1151,8916
171798449891189,171798449908986,171798449919875,171798449921804,171798449925523,171798449925589,265650,93825186940240,4375639744,7,2732,1151,8917
171798458199506,171798458209924,171798458220042,171798458221720,171798458237039,171798458237176,265650,93825186940240,4375639744,7,2732,1151,8918
171798466545453,171798466557366,171798466568631,171798466571046,171798466575638,171798466575687,265650,93825186940240,4375639744,7,2732,1151,8919
171798474851422,171798474862693,171798474873468,171798474874694,171798474878244,171798474878300,265650,93825186940240,4375639744,7,2732,1151,8920
171798483219716,171798483236447,171798483247672,171798483250165,171798483255768,171798483255831,265650,93825186940240,4375639744,7,2732,1151,8921
171798491537242,171798491551710,171798491562594,171798491564956,171798491568909,171798491568976,265650,93825186940240,4375639744,7,2732,1151,8922
171798499885001,171798499899747,171798499910990,171798499913273,171798499917940,171798499918023,265650,93825186940240,4375639744,7,2732,1151,8923
171798508257628,171798508272660,171798508284207,171798508286387,171798508291933,171798508292022,265650,93825186940240,4375639744,7,2732,1151,8924
171798516622826,171798516634850,171798516645566,171798516646611,171798516652841,171798516652919,265650,93825186940240,4375639744,7,2732,1151,8925
171798524996504,171798525012221,171798525023728,171798525025570,171798525032853,171798525032946,265650,93825186940240,4375639744,7,2732,1151,8926
171798533208832,171798533221191,171798533232120,171798533233270,171798533238812,171798533238906,265650,93825186940240,4375639744,7,2732,1151,8927
171798541618303,171798541630079,171798541640808,171798541642088,171798541647239,171798541647329,265650,93825186940240,4375639744,7,2732,1151,8928
171798550043063,171798550063864,171798550075293,171798550078199,171798550083492,171798550083582,265650,93825186940240,4375639744,7,2732,1151,8929
171798558208781,171798558220652,171798558231475,171798558233679,171798558238366,171798558238424,265650,93825186940240,4375639744,7,2732,1151,8930
171798567917498,171798567929381,171798567940435,171798567942533,171798567946224,171798567946325,265650,93825186940240,4375639744,7,2732,1151,8931
171798576255734,171798576270449,171798576280973,171798576282891,171798576288078,171798576288135,265650,93825186940240,4375639744,7,2732,1151,8932
171798584624316,171798584641786,171798584665380,171798584667706,171798584676454,171798584676528,265650,93825186940240,4375639744,7,2732,1151,8933
171798592929906,171798592942864,171798592953493,171798592955252,171798592963125,171798592963185,265650,93825186940240,4375639744,7,2732,1151,8934
171798601267311,171798601282982,171798601293663,171798601295683,171798601301841,171798601301905,265650,93825186940240,4375639744,7,2732,1151,8935
171798609641732,171798609656825,171798609667207,171798609668767,171798609676824,171798609676884,265650,93825186940240,4375639744,7,2732,1151,8936
171798617932093,171798617954317,171798617992378,171798617994213,171798618003544,171798618003612,265650,93825186940240,4375639744,7,2732,1151,8937
171798626258750,171798626270772,171798626281445,171798626283104,171798626288696,171798626288760,265650,93825186940240,4375639744,7,2732,1151,8938
171798634663117,171798634675218,171798634686099,171798634687712,171798634694117,171798634694182,265650,93825186940240,4375639744,7,2732,1151,8939
171798643106870,171798643121890,171798643133058,171798643134625,171798643137837,171798643137922,265650,93825186940240,4375639744,7,2732,1151,8940
171798651254489,171798651266161,171798651274768,171798651276818,171798651282972,171798651283047,265650,93825186940240,4375639744,7,2732,1151,8941
171798659702232,171798659713941,171798659724560,171798659725954,171798659731054,171798659731142,265650,93825186940240,4375639744,7,2732,1151,8942
171798668063094,171798668074756,171798668085950,171798668088835,171798668096954,171798668097029,265650,93825186940240,4375639744,7,2732,1151,8943
171798676262226,171798676273763,171798676285051,171798676287004,171798676294391,171798676294493,265650,93825186940240,4375639744,7,2732,1151,8944
171798684612921,171798684624336,171798684637367,171798684640686,171798684650402,171798684650476,265650,93825186940240,4375639744,7,2732,1151,8945
171798692924428,171798692935312,171798692946102,171798692947962,171798692954743,171798692954817,265650,93825186940240,4375639744,7,2732,1151,8946
171798701261680,171798701273885,171798701284472,171798701286210,171798701291046,171798701291108,265650,93825186940240,4375639744,7,2732,1151,8947
171798709647769,171798709669584,171798709682282,171798709685517,171798709702262,171798709702328,265650,93825186940240,4375639744,7,2732,1151,8948
171798719775951,171798719788304,171798719804418,171798719806446,171798719808861,171798719808927,265650,93825186940240,4375639744,7,2732,1151,8949
171798728169868,171798728194194,171798728206112,171798728209452,171798728219294,171798728219384,265650,93825186940240,4375639744,7,2732,1151,8950
171798736434691,171798736446557,171798736456326,171798736458493,171798736464482,171798736464542,265650,93825186940240,4375639744,7,2732,1151,8951
171798744871708,171798744888049,171798744896729,171798744898441,171798744904201,171798744904263,265650,93825186940240,4375639744,7,2732,1151,8952
171798753230489,171798753250288,171798753262149,171798753264261,171798753272718,171798753272811,265650,93825186940240,4375639744,7,2732,1151,8953
171798761452304,171798761467152,171798761476033,171798761478081,171798761485719,171798761485780,265650,93825186940240,4375639744,7,2732,1151,8954
171798769778128,171798769803101,171798769811942,171798769814341,171798769821151,171798769821225,265650,93825186940240,4375639744,7,2732,1151,8955
171798778079780,171798778092353,171798778103528,171798778105289,171798778110426,171798778110511,265650,93825186940240,4375639744,7,2732,1151,8956
171798786563044,171798786586154,171798786597181,171798786598255,171798786602801,171798786602881,265650,93825186940240,4375639744,7,2732,1151,8957
171798794863742,171798794894301,171798794906103,171798794908005,171798794910471,171798794910548,265650,93825186940240,4375639744,7,2732,1151,8958
171798803147090,171798803159314,171798803170119,171798803171304,171798803175870,171798803175961,265650,93825186940240,4375639744,7,2732,1151,8959
171798811424529,171798811433604,171798811441896,171798811442658,171798811446538,171798811446607,265650,93825186940240,4375639744,7,2732,1151,8960
171798819864697,171798819877860,171798819889167,171798819890860,171798819897093,171798819897176,265650,93825186940240,4375639744,7,2732,1151,8961
171798828160660,171798828173397,171798828184546,171798828185986,171798828190308,171798828190381,265650,93825186940240,4375639744,7,2732,1151,8962
171798836541251,171798836606726,171798836617665,171798836618892,171798836623136,171798836623212,265650,93825186940240,4375639744,7,2732,1151,8963
171798844825957,171798844838246,171798844849174,171798844850153,171798844854395,171798844854469,265650,93825186940240,4375639744,7,2732,1151,8964
171798853187684,171798853200635,171798853211351,171798853212436,171798853216734,171798853216807,265650,93825186940240,4375639744,7,2732,1151,8965
171798861519370,171798861531246,171798861542287,171798861543417,171798861549405,171798861549481,265650,93825186940240,4375639744,7,2732,1151,8966
171798869800343,171798869812587,171798869823278,171798869824712,171798869830430,171798869830506,265650,93825186940240,4375639744,7,2732,1151,8967
171798878184211,171798878196497,171798878207349,171798878210418,171798878215272,171798878215347,265650,93825186940240,4375639744,7,2732,1151,8968
171798886569592,171798886584515,171798886595666,171798886597103,171798886600889,171798886600975,265650,93825186940240,4375639744,7,2732,1151,8969
171798894843304,171798894855373,171798894866029,171798894867387,171798894872986,171798894873070,265650,93825186940240,4375639744,7,2732,1151,8970
171798903224620,171798903244944,171798903255646,171798903256748,171798903261867,171798903261943,265650,93825186940240,4375639744,7,2732,1151,8971
171798911422034,171798911431035,171798911439299,171798911440368,171798911445568,171798911445623,265650,93825186940240,4375639744,7,2732,1151,8972
171798919891323,171798919960230,171798919971191,171798919972647,171798919978455,171798919978534,265650,93825186940240,4375639744,7,2732,1151,8973
171798928085602,171798928094667,171798928102982,171798928103800,171798928108106,171798928108162,265650,93825186940240,4375639744,7,2732,1151,8974
171798936964656,171798936974425,171798936983544,171798936984475,171798936989854,171798936989913,265650,93825186940240,4375639744,7,2732,1151,8975
171798946268753,171798946283788,171798946294796,171798946296567,171798946301586,171798946301674,265650,93825186940240,4375639744,7,2732,1151,8976
171798954682724,171798954694643,171798954707172,171798954710641,171798954719879,171798954719969,265650,93825186940240,4375639744,7,2732,1151,8977
171798963023139,171798963034207,171798963044791,171798963046798,171798963051189,171798963051253,265650,93825186940240,4375639744,7,2732,1151,8978
171798972463417,171798972474362,171798972484984,171798972486740,171798972491713,171798972491781,265650,93825186940240,4375639744,7,2732,1151,8979
171798980949209,171798980963515,171798980974896,171798980976150,171798980980246,171798980980327,265650,93825186940240,4375639744,7,2732,1151,8980
171798989140026,171798989152097,171798989162658,171798989163747,171798989166771,171798989166842,265650,93825186940240,4375639744,7,2732,1151,8981
171798997779530,171798997788360,171798997796650,171798997797702,171798997802362,171798997802431,265650,93825186940240,4375639744,7,2732,1151,8982
171799006153696,171799006166336,171799006177277,171799006178492,171799006184412,171799006184494,265650,93825186940240,4375639744,7,2732,1151,8983
171799014487664,171799014496896,171799014505963,171799014507107,171799014512530,171799014512605,265650,93825186940240,4375639744,7,2732,1151,8984
171799023578827,171799023589909,171799023600762,171799023603131,171799023610288,171799023610380,265650,93825186940240,4375639744,7,2732,1151,8985
171799031950890,171799031965918,171799031976904,171799031979442,171799031985955,171799031986116,265650,93825186940240,4375639744,7,2732,1151,8986
171799046291008,171799046302442,171799046313013,171799046316037,171799046320000,171799046320064,265650,93825186940240,4375639744,7,2732,1151,8987
171799054594300,171799054610881,171799054622756,171799054625643,171799054634270,171799054634331,265650,93825186940240,4375639744,7,2732,1151,8988
171799062991527,171799063019665,171799063031039,171799063034227,171799063040518,171799063040575,265650,93825186940240,4375639744,7,2732,1151,8989
171799071260969,171799071278531,171799071289394,171799071291258,171799071299732,171799071299801,265650,93825186940240,4375639744,7,2732,1151,8990
171799079654956,171799079670593,171799079680779,171799079682598,171799079701372,171799079701432,265650,93825186940240,4375639744,7,2732,1151,8991
171799087934727,171799087952251,171799087962738,171799087964609,171799087971545,171799087971587,265650,93825186940240,4375639744,7,2732,1151,8992
171799096304984,171799096322374,171799096333337,171799096335574,171799096343079,171799096343135,265650,93825186940240,4375639744,7,2732,1151,8993
171799104642287,171799104660810,171799104671875,171799104673921,171799104680081,171799104680124,265650,93825186940240,4375639744,7,2732,1151,8994
171799112921193,171799112938165,171799112948825,171799112950772,171799112955476,171799112955541,265650,93825186940240,4375639744,7,2732,1151,8995
171799121255202,171799121271751,171799121283478,171799121285830,171799121291831,171799121291891,265650,93825186940240,4375639744,7,2732,1151,8996
171799129578369,171799129592265,171799129602667,171799129604183,171799129610893,171799129610938,265650,93825186940240,4375639744,7,2732,1151,8997
171799138059183,171799138080268,171799138092262,171799138094137,171799138100914,171799138101110,265650,93825186940240,4375639744,7,2732,1151,8998
171799146274257,171799146290460,171799146299562,171799146300980,171799146305641,171799146305701,265650,93825186940240,4375639744,7,2732,1151,8999
171799154682634,171799154742538,171799154779869,171799154780922,171799154785673,171799154785768,265650,93825186940240,4375639744,7,2732,1151,9000
171799163054412,171799163066788,171799163077032,171799163077839,171799163082151,171799163082216,265650,93825186940240,4375639744,7,2732,1151,9001
171799171278279,171799171299931,171799171311796,171799171314246,171799171326626,171799171326727,265650,93825186940240,4375639744,7,2732,1151,9002
171799179670450,171799179693628,171799179705671,171799179709179,171799179717670,171799179717744,265650,93825186940240,4375639744,7,2732,1151,9003
171799187995710,171799188019875,171799188031080,171799188033695,171799188043830,171799188043896,265650,93825186940240,4375639744,7,2732,1151,9004
171799197841151,171799197853073,171799197864507,171799197867841,171799197876080,171799197876176,265650,93825186940240,4375639744,7,2732,1151,9005
171799206137006,171799206152778,171799206163996,171799206166302,171799206173525,171799206173593,265650,93825186940240,4375639744,7,2732,1151,9006
171799214512923,171799214528925,171799214539411,171799214541353,171799214548710,171799214548780,265650,93825186940240,4375639744,7,2732,1151,9007
171799222831181,171799222848150,171799222858858,171799222860810,171799222867993,171799222868051,265650,93825186940240,4375639744,7,2732,1151,9008
171799231132377,171799231147884,171799231158014,171799231159762,171799231166768,171799231166872,265650,93825186940240,4375639744,7,2732,1151,9009
171799239463344,171799239478574,171799239489025,171799239490712,171799239496092,171799239496154,265650,93825186940240,4375639744,7,2732,1151,9010
171799247795262,171799247811395,171799247821638,171799247823519,171799247830469,171799247830525,265650,93825186940240,4375639744,7,2732,1151,9011
171799256142970,171799256157265,171799256167338,171799256169467,171799256175584,171799256175647,265650,93825186940240,4375639744,7,2732,1151,9012
171799264479553,171799264498683,171799264510052,171799264511816,171799264520981,171799264521050,265650,93825186940240,4375639744,7,2732,1151,9013
171799272842983,171799272860600,171799272870733,171799272872508,171799272879051,171799272879111,265650,93825186940240,4375639744,7,2732,1151,9014
171799281116917,171799281131747,171799281142517,171799281144262,171799281152071,171799281152132,265650,93825186940240,4375639744,7,2732,1151,9015
171799289460111,171799289473408,171799289483959,171799289486058,171799289495079,171799289495171,265650,93825186940240,4375639744,7,2732,1151,9016
171799297835708,171799297856276,171799297868985,171799297872262,171799297885299,171799297885376,265650,93825186940240,4375639744,7,2732,1151,9017
171799306128472,171799306142648,171799306153070,171799306154738,171799306163128,171799306163203,265650,93825186940240,4375639744,7,2732,1151,9018
171799314459701,171799314473401,171799314483919,171799314485697,171799314496130,171799314496295,265650,93825186940240,4375639744,7,2732,1151,9019
171799322798934,171799322817622,171799322828139,171799322830131,171799322837784,171799322837960,265650,93825186940240,4375639744,7,2732,1151,9020
171799331142583,171799331157998,171799331168584,171799331170795,171799331177566,171799331177657,265650,93825186940240,4375639744,7,2732,1151,9021
171799339527826,171799339539631,171799339551551,171799339554353,171799339561846,171799339561914,265650,93825186940240,4375639744,7,2732,1151,9022
171799347853022,171799347863475,171799347874198,171799347875854,171799347880625,171799347880682,265650,93825186940240,4375639744,7,2732,1151,9023
171799356130321,171799356142716,171799356153055,171799356154897,171799356159166,171799356159229,265650,93825186940240,4375639744,7,2732,1151,9024
171799364465401,171799364476134,171799364486797,171799364488344,171799364493621,171799364493676,265650,93825186940240,4375639744,7,2732,1151,9025
171799373396967,171799373408083,171799373419523,171799373421671,171799373429128,171799373429188,265650,93825186940240,4375639744,7,2732,1151,9026
171799383900622,171799383911650,171799383922550,171799383924876,171799383933559,171799383933656,265650,93825186940240,4375639744,7,2732,1151,9027
171799392227081,171799392238753,171799392249580,171799392251445,171799392256992,171799392257069,265650,93825186940240,4375639744,7,2732,1151,9028
171799400625547,171799400636722,171799400648041,171799400650840,171799400660968,171799400661049,265650,93825186940240,4375639744,7,2732,1151,9029
171799408900884,171799408912393,171799408923138,171799408925509,171799408936795,171799408936861,265650,93825186940240,4375639744,7,2732,1151,9030
171799417214452,171799417227322,171799417238225,171799417240310,171799417246181,171799417246266,265650,93825186940240,4375639744,7,2732,1151,9031
171799425677669,171799425692224,171799425703539,171799425705618,171799425713211,171799425713300,265650,93825186940240,4375639744,7,2732,1151,9032
171799434022698,171799434058430,171799434069292,171799434070641,171799434074969,171799434075058,265650,93825186940240,4375639744,7,2732,1151,9033
171799442225930,171799442237795,171799442248157,171799442249091,171799442252195,171799442252288,265650,93825186940240,4375639744,7,2732,1151,9034
171799450685654,171799450699013,171799450709738,171799450710762,171799450714571,171799450714648,265650,93825186940240,4375639744,7,2732,1151,9035
171799458909987,171799458931354,171799458939970,171799458940750,171799458945082,171799458945154,265650,93825186940240,4375639744,7,2732,1151,9036
171799467225903,171799467238230,171799467248547,171799467249491,171799467254659,171799467254737,265650,93825186940240,4375639744,7,2732,1151,9037
171799475652156,171799475660809,171799475668976,171799475669733,171799475675373,171799475675430,265650,93825186940240,4375639744,7,2732,1151,9038
171799483964331,171799483976304,171799483987581,171799483988635,171799483993119,171799483993204,265650,93825186940240,4375639744,7,2732,1151,9039
171799492250303,171799492271258,171799492282772,171799492285465,171799492287580,171799492287664,265650,93825186940240,4375639744,7,2732,1151,9040
171799500577186,171799500590853,171799500602326,171799500605030,171799500611132,171799500611194,265650,93825186940240,4375639744,7,2732,1151,9041
171799508906749,171799508919911,171799508930934,171799508933009,171799508937612,171799508937731,265650,93825186940240,4375639744,7,2732,1151,9042
171799517245273,171799517257718,171799517268850,171799517271883,171799517278970,171799517279056,265650,93825186940240,4375639744,7,2732,1151,9043
171799526403897,171799526414670,171799526425627,171799526427829,171799526433591,171799526433658,265650,93825186940240,4375639744,7,2732,1151,9044
171799535666059,171799535676785,171799535686620,171799535688452,171799535693458,171799535693526,265650,93825186940240,4375639744,7,2732,1151,9045
171799545724221,171799545735040,171799545746492,171799545748714,171799545753799,171799545753878,265650,93825186940240,4375639744,7,2732,1151,9046
171799556014560,171799556025137,171799556035437,171799556037033,171799556042212,171799556042276,265650,93825186940240,4375639744,7,2732,1151,9047
171799564600074,171799564610684,171799564621125,171799564622760,171799564626419,171799564626479,265650,93825186940240,4375639744,7,2732,1151,9048
171799574946442,171799574957222,171799574967964,171799574969719,171799574974061,171799574974117,265650,93825186940240,4375639744,7,2732,1151,9049
171799584327870,171799584338463,171799584348775,171799584350361,171799584355024,171799584355083,265650,93825186940240,4375639744,7,2732,1151,9050
171799592693582,171799592704974,171799592715829,171799592717107,171799592722533,171799592722597,265650,93825186940240,4375639744,7,2732,1151,9051
171799600976132,171799600987454,171799600997768,171799600999291,171799601006942,171799601007010,265650,93825186940240,4375639744,7,2732,1151,9052
171799609329431,171799609344806,171799609356222,171799609358381,171799609363342,171799609363438,265650,93825186940240,4375639744,7,2732,1151,9053
171799617628603,171799617650952,171799617666072,171799617667586,171799617677535,171799617677611,265650,93825186940240,4375639744,7,2732,1151,9054
171799625964624,171799625976793,171799625987169,171799625988436,171799625996551,171799625996629,265650,93825186940240,4375639744,7,2732,1151,9055
171799634321715,171799634338262,171799634349215,171799634350844,171799634359785,171799634359844,265650,93825186940240,4375639744,7,2732,1151,9056
171799642653069,171799642669325,171799642688288,171799642689951,171799642699550,171799642699610,265650,93825186940240,4375639744,7,2732,1151,9057
171799651044165,171799651059879,171799651070310,171799651072104,171799651079817,171799651079885,265650,93825186940240,4375639744,7,2732,1151,9058
171799659316233,171799659331556,171799659341866,171799659343628,171799659352511,171799659352577,265650,93825186940240,4375639744,7,2732,1151,9059
171799667644936,171799667659860,171799667670801,171799667672722,171799667679861,171799667679921,265650,93825186940240,4375639744,7,2732,1151,9060
171799676041518,171799676056939,171799676067363,171799676068843,171799676075225,171799676075269,265650,93825186940240,4375639744,7,2732,1151,9061
171799684313264,171799684326895,171799684337030,171799684338704,171799684341511,171799684341581,265650,93825186940240,4375639744,7,2732,1151,9062
171799692714964,171799692735683,171799692747742,171799692750026,171799692757609,171799692757665,265650,93825186940240,4375639744,7,2732,1151,9063
171799701007761,171799701024456,171799701035473,171799701037653,171799701043278,171799701043366,265650,93825186940240,4375639744,7,2732,1151,9064
171799709319816,171799709338506,171799709359903,171799709361960,171799709367478,171799709367569,265650,93825186940240,4375639744,7,2732,1151,9065
171799717692237,171799717708534,171799717718809,171799717720549,171799717729760,171799717729841,265650,93825186940240,4375639744,7,2732,1151,9066
171799726053430,171799726068055,171799726078340,171799726080140,171799726091645,171799726091721,265650,93825186940240,4375639744,7,2732,1151,9067
171799734330050,171799734350112,171799734361339,171799734364253,171799734377076,171799734377154,265650,93825186940240,4375639744,7,2732,1151,9068
171799742674869,171799742691506,171799742702393,171799742704632,171799742717339,171799742717409,265650,93825186940240,4375639744,7,2732,1151,9069
171799751062316,171799751077837,171799751089099,171799751091103,171799751103535,171799751103609,265650,93825186940240,4375639744,7,2732,1151,9070
171799759327489,171799759347106,171799759358982,171799759362079,171799759378629,171799759378693,265650,93825186940240,4375639744,7,2732,1151,9071
171799767675857,171799767698235,171799767711254,171799767713798,171799767724558,171799767724624,265650,93825186940240,4375639744,7,2732,1151,9072
171799775992499,171799776010540,171799776021273,171799776023362,171799776030027,171799776030091,265650,93825186940240,4375639744,7,2732,1151,9073
171799784343805,171799784361039,171799784372381,171799784374473,171799784382209,171799784382278,265650,93825186940240,4375639744,7,2732,1151,9074
171799792724675,171799792747942,171799792760856,171799792764219,171799792774129,171799792774199,265650,93825186940240,4375639744,7,2732,1151,9075
171799801059168,171799801076936,171799801088062,171799801090510,171799801097196,171799801097263,265650,93825186940240,4375639744,7,2732,1151,9076
171799809345327,171799809361926,171799809372405,171799809374180,171799809381365,171799809381456,265650,93825186940240,4375639744,7,2732,1151,9077
171799817676663,171799817692565,171799817703164,171799817705081,171799817713390,171799817713452,265650,93825186940240,4375639744,7,2732,1151,9078
171799826040264,171799826054094,171799826065017,171799826066790,171799826073745,171799826073903,265650,93825186940240,4375639744,7,2732,1151,9079
171799834353013,171799834370763,171799834382654,171799834385980,171799834398515,171799834398577,265650,93825186940240,4375639744,7,2732,1151,9080
171799842754986,171799842776705,171799842789095,171799842792393,171799842803786,171799842803859,265650,93825186940240,4375639744,7,2732,1151,9081
171799851020748,171799851032466,171799851042844,171799851044668,171799851048040,171799851048103,265650,93825186940240,4375639744,7,2732,1151,9082
171799860990999,171799861012332,171799861023987,171799861027505,171799861033000,171799861033245,265650,93825186940240,4375639744,7,2732,1151,9083
171799869305663,171799869317178,171799869328007,171799869330119,171799869335428,171799869335488,265650,93825186940240,4375639744,7,2732,1151,9084
171799877653131,171799877664390,171799877675359,171799877678395,171799877681364,171799877681440,265650,93825186940240,4375639744,7,2732,1151,9085
171799885993328,171799886013259,171799886024841,171799886027610,171799886032968,171799886033044,265650,93825186940240,4375639744,7,2732,1151,9086
171799894311466,171799894323550,171799894334748,171799894336191,171799894341561,171799894341638,265650,93825186940240,4375639744,7,2732,1151,9087
171799902730346,171799902746766,171799902757815,171799902760197,171799902763062,171799902763127,265650,93825186940240,4375639744,7,2732,1151,9088
171799911019917,171799911033586,171799911044456,171799911046760,171799911064176,171799911064285,265650,93825186940240,4375639744,7,2732,1151,9089
171799919312315,171799919326295,171799919337628,171799919339611,171799919348951,171799919349029,265650,93825186940240,4375639744,7,2732,1151,9090
171799927845840,171799927862200,171799927874130,171799927875628,171799927880256,171799927880343,265650,93825186940240,4375639744,7,2732,1151,9091
171799936092757,171799936161921,171799936172731,171799936173887,171799936179844,171799936179932,265650,93825186940240,4375639744,7,2732,1151,9092
171799944295611,171799944307249,171799944317936,171799944318817,171799944323392,171799944323475,265650,93825186940240,4375639744,7,2732,1151,9093
171799952755730,171799952767263,171799952777678,171799952778733,171799952784142,171799952784229,265650,93825186940240,4375639744,7,2732,1151,9094
171799961089477,171799961100807,171799961111280,171799961112151,171799961116877,171799961116963,265650,93825186940240,4375639744,7,2732,1151,9095
171799969360334,171799969372360,171799969384963,171799969389354,171799969397956,171799969398048,265650,93825186940240,4375639744,7,2732,1151,9096
171799977664033,171799977675487,171799977687576,171799977692312,171799977700372,171799977700430,265650,93825186940240,4375639744,7,2732,1151,9097
171799986051554,171799986062810,171799986073521,171799986075605,171799986079347,171799986079427,265650,93825186940240,4375639744,7,2732,1151,9098
171799994320811,171799994334521,171799994345821,171799994348471,171799994353552,171799994353638,265650,93825186940240,4375639744,7,2732,1151,9099
171800002649242,171800002666869,171800002678530,171800002681635,171800002688210,171800002688294,265650,93825186940240,4375639744,7,2732,1151,9100
171800011239779,171800011251164,171800011261885,171800011264236,171800011270081,171800011270143,265650,93825186940240,4375639744,7,2732,1151,9101
171800019554741,171800019566725,171800019577197,171800019578934,171800019584687,171800019584744,265650,93825186940240,4375639744,7,2732,1151,9102
171800027958099,171800027969535,171800027981250,171800027984024,171800027992434,171800027992505,265650,93825186940240,4375639744,7,2732,1151,9103
171800036322314,171800036332743,171800036343231,171800036344780,171800036350052,171800036350118,265650,93825186940240,4375639744,7,2732,1151,9104
171800044720408,171800044732511,171800044744308,171800044747562,171800044755562,171800044755624,265650,93825186940240,4375639744,7,2732,1151,9105
171800053007515,171800053019620,171800053031520,171800053034859,171800053038999,171800053039089,265650,93825186940240,4375639744,7,2732,1151,9106
171800062877016,171800062888283,171800062898562,171800062900440,171800062903533,171800062903625,265650,93825186940240,4375639744,7,2732,1151,9107
171800071156163,171800071169055,171800071179846,171800071181919,171800071186436,171800071186507,265650,93825186940240,4375639744,7,2732,1151,9108
171800079531042,171800079542150,171800079552551,171800079554662,171800079559072,171800079559155,265650,93825186940240,4375639744,7,2732,1151,9109
171800088969602,171800088982349,171800088992985,171800088995132,171800089005490,171800089005542,265650,93825186940240,4375639744,7,2732,1151,9110
171800097289543,171800097301450,171800097312969,171800097317438,171800097323523,171800097323589,265650,93825186940240,4375639744,7,2732,1151,9111
171800110496927,171800110509250,171800110520230,171800110523063,171800110526861,171800110526926,265650,93825186940240,4375639744,7,2732,1151,9112
171800118862563,171800118878438,171800118889301,171800118891522,171800118900755,171800118900804,265650,93825186940240,4375639744,7,2732,1151,9113
171800127152018,171800127168083,171800127178728,171800127180757,171800127184974,171800127185047,265650,93825186940240,4375639744,7,2732,1151,9114
171800135597743,171800135664965,171800135682932,171800135684369,171800135688100,171800135688188,265650,93825186940240,4375639744,7,2732,1151,9115
171800143886399,171800143898516,171800143909325,171800143910655,171800143917141,171800143917219,265650,93825186940240,4375639744,7,2732,1151,9116
171800152179372,171800152193140,171800152204108,171800152205604,171800152212728,171800152212810,265650,93825186940240,4375639744,7,2732,1151,9117
171800160474118,171800160494371,171800160503027,171800160503819,171800160508996,171800160509057,265650,93825186940240,4375639744,7,2732,1151,9118
171800168889463,171800168902558,171800168913122,171800168914377,171800168920324,171800168920389,265650,93825186940240,4375639744,7,2732,1151,9119
171800177239071,171800177283283,171800177293467,171800177294545,171800177300095,171800177300161,265650,93825186940240,4375639744,7,2732,1151,9120
171800185471415,171800185480726,171800185488740,171800185489463,171800185496335,171800185496391,265650,93825186940240,4375639744,7,2732,1151,9121
171800193884641,171800193896604,171800193907013,171800193907951,171800193913028,171800193913100,265650,93825186940240,4375639744,7,2732,1151,9122
171800202184558,171800202205968,171800202217680,171800202220737,171800202226514,171800202226611,265650,93825186940240,4375639744,7,2732,1151,9123
171800210508947,171800210526832,171800210537988,171800210540019,171800210543507,171800210543606,265650,93825186940240,4375639744,7,2732,1151,9124
171800218821048,171800218834541,171800218845685,171800218847924,171800218856462,171800218856531,265650,93825186940240,4375639744,7,2732,1151,9125
171800227202883,171800227220224,171800227232294,171800227233889,171800227240168,171800227240270,265650,93825186940240,4375639744,7,2732,1151,9126
171800235619732,171800235629509,171800235637725,171800235638841,171800235642172,171800235642240,265650,93825186940240,4375639744,7,2732,1151,9127
171800243894001,171800243906661,171800243917320,171800243918488,171800243924250,171800243924349,265650,93825186940240,4375639744,7,2732,1151,9128
171800252272809,171800252285133,171800252295790,171800252297093,171800252302726,171800252302808,265650,93825186940240,4375639744,7,2732,1151,9129
171800260670009,171800260682937,171800260693513,171800260694722,171800260700363,171800260700448,265650,93825186940240,4375639744,7,2732,1151,9130
171800268977598,171800268989501,171800269003593,171800269004762,171800269010843,171800269010921,265650,93825186940240,4375639744,7,2732,1151,9131
171800277265538,171800277277856,171800277288320,171800277289238,171800277295405,171800277295486,265650,93825186940240,4375639744,7,2732,1151,9132
171800285475363,171800285489892,171800285498742,171800285499539,171800285503753,171800285503811,265650,93825186940240,4375639744,7,2732,1151,9133
171800293825191,171800293838905,171800293850232,171800293851348,171800293858585,171800293858656,265650,93825186940240,4375639744,7,2732,1151,9134
171800302197887,171800302209566,171800302218424,171800302220040,171800302228717,171800302228796,265650,93825186940240,4375639744,7,2732,1151,9135
171800310481859,171800310493160,171800310501405,171800310502765,171800310510371,171800310510440,265650,93825186940240,4375639744,7,2732,1151,9136
171800318890370,171800318903161,171800318914258,171800318915356,171800318922647,171800318922740,265650,93825186940240,4375639744,7,2732,1151,9137
171800327258518,171800327271506,171800327282417,171800327283488,171800327290903,171800327290989,265650,93825186940240,4375639744,7,2732,1151,9138
171800335626879,171800335680695,171800335691561,171800335692730,171800335698957,171800335699042,265650,93825186940240,4375639744,7,2732,1151,9139
171800343851863,171800343861869,171800343870022,171800343870865,171800343876656,171800343876722,265650,93825186940240,4375639744,7,2732,1151,9140
171800352147153,171800352157975,171800352186322,171800352188524,171800352194227,171800352194354,265650,93825186940240,4375639744,7,2732,1151,9141
171800360471369,171800360482259,171800360491393,171800360492435,171800360497901,171800360497972,265650,93825186940240,4375639744,7,2732,1151,9142
171800368945378,171800368976492,171800368986962,171800368987774,171800368993252,171800368993342,265650,93825186940240,4375639744,7,2732,1151,9143
171800377183445,171800377195552,171800377206318,171800377207150,171800377211849,171800377211920,265650,93825186940240,4375639744,7,2732,1151,9144
171800385493099,171800385506083,171800385517179,171800385518650,171800385524703,171800385524789,265650,93825186940240,4375639744,7,2732,1151,9145
171800393848843,171800393857731,171800393865503,171800393866194,171800393870694,171800393870759,265650,93825186940240,4375639744,7,2732,1151,9146
171800402219789,171800402242046,171800402254319,171800402256865,171800402263111,171800402263208,265650,93825186940240,4375639744,7,2732,1151,9147
171800410537688,171800410550724,171800410561748,171800410564027,171800410569421,171800410569518,265650,93825186940240,4375639744,7,2732,1151,9148
171800418834791,171800418846569,171800418855095,171800418856400,171800418860045,171800418860113,265650,93825186940240,4375639744,7,2732,1151,9149
171800427160510,171800427170886,171800427179835,171800427180810,171800427185589,171800427185672,265650,93825186940240,4375639744,7,2732,1151,9150
171800435551902,171800435561477,171800435569366,171800435570388,171800435576793,171800435576862,265650,93825186940240,4375639744,7,2732,1151,9151
171800443944162,171800443956263,171800443968114,171800443970095,171800443974690,171800443974778,265650,93825186940240,4375639744,7,2732,1151,9152
171800452269187,171800452281930,171800452291486,171800452292575,171800452296279,171800452296348,265650,93825186940240,4375639744,7,2732,1151,9153
171800460592427,171800460628282,171800460638962,171800460640555,171800460646407,171800460646491,265650,93825186940240,4375639744,7,2732,1151,9154
171800468874989,171800468886640,171800468896852,171800468897651,171800468902903,171800468902984,265650,93825186940240,4375639744,7,2732,1151,9155
171800477267125,171800477320980,171800477331630,171800477332590,171800477337639,171800477337723,265650,93825186940240,4375639744,7,2732,1151,9156
171800485517808,171800485529308,171800485539712,171800485540508,171800485546318,171800485546385,265650,93825186940240,4375639744,7,2732,1151,9157
171800493854456,171800493865879,171800493876122,171800493876797,171800493881777,171800493881859,265650,93825186940240,4375639744,7,2732,1151,9158
171800502286210,171800502298487,171800502309783,171800502311260,171800502317053,171800502317138,265650,93825186940240,4375639744,7,2732,1151,9159
171800510641739,171800510703260,171800510714060,171800510715164,171800510719511,171800510719590,265650,93825186940240,4375639744,7,2732,1151,9160
171800518877151,171800518893612,171800518905305,171800518907851,171800518910349,171800518910438,265650,93825186940240,4375639744,7,2732,1151,9161
171800527157198,171800527168925,171800527179650,171800527181640,171800527185065,171800527185132,265650,93825186940240,4375639744,7,2732,1151,9162
171800535548922,171800535560026,171800535571036,171800535573997,171800535577994,171800535578065,265650,93825186940240,4375639744,7,2732,1151,9163
171800544198480,171800544209672,171800544220212,171800544222227,171800544225775,171800544225837,265650,93825186940240,4375639744,7,2732,1151,9164
171800552916804,171800552927314,171800552938752,171800552941698,171800552945064,171800552945121,265650,93825186940240,4375639744,7,2732,1151,9165
171800563005952,171800563017336,171800563027936,171800563029842,171800563032918,171800563032975,265650,93825186940240,4375639744,7,2732,1151,9166
171800572944276,171800572954855,171800572962832,171800572963510,171800572968678,171800572968728,265650,93825186940240,4375639744,7,2732,1151,9167
171800581151387,171800581160431,171800581168898,171800581170075,171800581172981,171800581173041,265650,93825186940240,4375639744,7,2732,1151,9168
171800590719993,171800590728969,171800590736994,171800590738004,171800590743651,171800590743712,265650,93825186940240,4375639744,7,2732,1151,9169
171800599066725,171800599084228,171800599095677,171800599098339,171800599105050,171800599105137,265650,93825186940240,4375639744,7,2732,1151,9170
171800609201024,171800609212366,171800609222926,171800609225197,171800609228406,171800609228478,265650,93825186940240,4375639744,7,2732,1151,9171
171800617570779,171800617582067,171800617593118,171800617595224,171800617603103,171800617603187,265650,93825186940240,4375639744,7,2732,1151,9172
171800625902140,171800625913254,171800625923756,171800625925253,171800625931220,171800625931284,265650,93825186940240,4375639744,7,2732,1151,9173
171800634952377,171800634962942,171800634973642,171800634975525,171800634982357,171800634982418,265650,93825186940240,4375639744,7,2732,1151,9174
171800643264061,171800643274645,171800643284503,171800643286153,171800643292016,171800643292092,265650,93825186940240,4375639744,7,2732,1151,9175
171800652311712,171800652322245,171800652334683,171800652338100,171800652344413,171800652344477,265650,93825186940240,4375639744,7,2732,1151,9176
171800662023077,171800662034013,171800662044448,171800662046211,171800662051942,171800662052001,265650,93825186940240,4375639744,7,2732,1151,9177
171800670371487,171800670384796,171800670397080,171800670399616,171800670405964,171800670406028,265650,93825186940240,4375639744,7,2732,1151,9178
171800678813367,171800678924778,171800678972702,171800678974425,171800678979420,171800678979518,265650,93825186940240,4375639744,7,2732,1151,9179
171800687132523,171800687144972,171800687156430,171800687157933,171800687165354,171800687165482,265650,93825186940240,4375639744,7,2732,1151,9180
171800695411086,171800695419925,171800695427798,171800695428605,171800695433706,171800695433771,265650,93825186940240,4375639744,7,2732,1151,9181
171800703713983,171800703726251,171800703737071,171800703738247,171800703742244,171800703742332,265650,93825186940240,4375639744,7,2732,1151,9182
171800712086032,171800712103812,171800712116196,171800712120562,171800712125045,171800712125137,265650,93825186940240,4375639744,7,2732,1151,9183
171800720358372,171800720371934,171800720383787,171800720385954,171800720391885,171800720391979,265650,93825186940240,4375639744,7,2732,1151,9184
171800728743561,171800728754621,171800728765262,171800728767636,171800728773440,171800728773518,265650,93825186940240,4375639744,7,2732,1151,9185
171800737501266,171800737512199,171800737522767,171800737525042,171800737531370,171800737531448,265650,93825186940240,4375639744,7,2732,1151,9186
171800745858030,171800745870705,171800745881576,171800745884604,171800745891773,171800745891852,265650,93825186940240,4375639744,7,2732,1151,9187
171800754140394,171800754151525,171800754162420,171800754164684,171800754170689,171800754170759,265650,93825186940240,4375639744,7,2732,1151,9188
171800765714645,171800765728572,171800765740349,171800765741924,171800765746255,171800765746348,265650,93825186940240,4375639744,7,2732,1151,9189
171800774024052,171800774037092,171800774048332,171800774049802,171800774056633,171800774056723,265650,93825186940240,4375639744,7,2732,1151,9190
171800782320882,171800782334355,171800782344157,171800782345832,171800782352938,171800782353015,265650,93825186940240,4375639744,7,2732,1151,9191
171800790698194,171800790745306,171800790759150,171800790764027,171800790785377,171800790785489,265650,93825186940240,4375639744,7,2732,1151,9192
171800798977361,171800798993366,171800799008471,171800799011423,171800799015885,171800799015956,265650,93825186940240,4375639744,7,2732,1151,9193
171800807306102,171800807318704,171800807330882,171800807333029,171800807339097,171800807339188,265650,93825186940240,4375639744,7,2732,1151,9194
171800815676073,171800815696614,171800815708309,171800815710960,171800815714638,171800815714720,265650,93825186940240,4375639744,7,2732,1151,9195
171800824024727,171800824046632,171800824058431,171800824061234,171800824067031,171800824067112,265650,93825186940240,4375639744,7,2732,1151,9196
171800832295620,171800832307449,171800832318449,171800832321159,171800832327663,171800832327734,265650,93825186940240,4375639744,7,2732,1151,9197
171800840703955,171800840718710,171800840730516,171800840734438,171800840743365,171800840743447,265650,93825186940240,4375639744,7,2732,1151,9198
171800848955577,171800848967010,171800848977313,171800848979314,171800848983754,171800848983808,265650,93825186940240,4375639744,7,2732,1151,9199
171800857296211,171800857309306,171800857320719,171800857323684,171800857331296,171800857331377,265650,93825186940240,4375639744,7,2732,1151,9200
171800865688615,171800865699800,171800865710469,171800865712725,171800865718505,171800865718578,265650,93825186940240,4375639744,7,2732,1151,9201
171800873994531,171800874014433,171800874027098,171800874030753,171800874037556,171800874037625,265650,93825186940240,4375639744,7,2732,1151,9202
171800882295762,171800882308707,171800882319101,171800882321066,171800882328796,171800882328854,265650,93825186940240,4375639744,7,2732,1151,9203
171800892147148,171800892158519,171800892169610,171800892171732,171800892178378,171800892178476,265650,93825186940240,4375639744,7,2732,1151,9204
171800900466161,171800900478298,171800900489233,171800900491660,171800900496842,171800900496935,265650,93825186940240,4375639744,7,2732,1151,9205
171800908804213,171800908815650,171800908827527,171800908830658,171800908840421,171800908840507,265650,93825186940240,4375639744,7,2732,1151,9206
171800917134638,171800917146134,171800917156617,171800917158833,171800917162313,171800917162400,265650,93825186940240,4375639744,7,2732,1151,9207
171800925483228,171800925494165,171800925504625,171800925506891,171800925513544,171800925513629,265650,93825186940240,4375639744,7,2732,1151,9208
171800933834046,171800933846306,171800933856890,171800933858990,171800933865259,171800933865343,265650,93825186940240,4375639744,7,2732,1151,9209
171800942138674,171800942151287,171800942161823,171800942163926,171800942170840,171800942170909,265650,93825186940240,4375639744,7,2732,1151,9210
171800950569663,171800950584553,171800950596349,171800950599040,171800950608572,171800950608669,265650,93825186940240,4375639744,7,2732,1151,9211
171800958853868,171800958867898,171800958879852,171800958881696,171800958886898,171800958886991,265650,93825186940240,4375639744,7,2732,1151,9212
171800967207933,171800967219945,171800967230834,171800967232093,171800967237322,171800967237412,265650,93825186940240,4375639744,7,2732,1151,9213
171800975466448,171800975474978,171800975482905,171800975483925,171800975487858,171800975487922,265650,93825186940240,4375639744,7,2732,1151,9214
171800983971552,171800983985937,171800983997562,171800983999026,171800984008602,171800984008693,265650,93825186940240,4375639744,7,2732,1151,9215
171800992209972,171800992221659,171800992232344,171800992233542,171800992239612,171800992239687,265650,93825186940240,4375639744,7,2732,1151,9216
171801000508604,171801000517627,171801000525591,171801000526262,171801000531663,171801000531738,265650,93825186940240,4375639744,7,2732,1151,9217
171801008865775,171801008877096,171801008887392,171801008888412,171801008894071,171801008894159,265650,93825186940240,4375639744,7,2732,1151,9218
171801017401593,171801017413057,171801017424109,171801017426830,171801017430350,171801017430455,265650,93825186940240,4375639744,7,2732,1151,9219
171801025687522,171801025698703,171801025709921,171801025711936,171801025718728,171801025718813,265650,93825186940240,4375639744,7,2732,1151,9220
171801034046883,171801034060340,171801034071658,171801034073676,171801034080296,171801034080403,265650,93825186940240,4375639744,7,2732,1151,9221
171801042577589,171801042594578,171801042605609,171801042607113,171801042612849,171801042612933,265650,93825186940240,4375639744,7,2732,1151,9222
171801050846931,171801050859063,171801050869598,171801050870547,171801050875229,171801050875315,265650,93825186940240,4375639744,7,2732,1151,9223
171801059201107,171801059212732,171801059222999,171801059223965,171801059229846,171801059229929,265650,93825186940240,4375639744,7,2732,1151,9224
171801068279524,171801068289230,171801068298366,171801068299464,171801068304770,171801068304846,265650,93825186940240,4375639744,7,2732,1151,9225
171801076726307,171801076738096,171801076748977,171801076750659,171801076756978,171801076757062,265650,93825186940240,4375639744,7,2732,1151,9226
171801084937282,171801084946235,171801084954807,171801084955940,171801084961705,171801084961773,265650,93825186940240,4375639744,7,2732,1151,9227
171801094087445,171801094096454,171801094104577,171801094105710,171801094111736,171801094111805,265650,93825186940240,4375639744,7,2732,1151,9228
171801102456737,171801102465499,171801102473327,171801102474112,171801102478938,171801102478993,265650,93825186940240,4375639744,7,2732,1151,9229
171801111256380,171801111267744,171801111278715,171801111279565,171801111284022,171801111284100,265650,93825186940240,4375639744,7,2732,1151,9230
171801120664292,171801120673117,171801120681156,171801120681859,171801120686273,171801120686333,265650,93825186940240,4375639744,7,2732,1151,9231
171801129089261,171801129102139,171801129112606,171801129113604,171801129119044,171801129119124,265650,93825186940240,4375639744,7,2732,1151,9232
171801137350813,171801137370051,171801137381561,171801137383206,171801137390580,171801137390656,265650,93825186940240,4375639744,7,2732,1151,9233
171801146188236,171801146197084,171801146205155,171801146205915,171801146210283,171801146210344,265650,93825186940240,4375639744,7,2732,1151,9234
171801154593251,171801154605502,171801154614354,171801154615858,171801154620051,171801154620114,265650,93825186940240,4375639744,7,2732,1151,9235
171801171824114,171801171846837,171801171856789,171801171858555,171801171870066,171801171870131,265650,93825186940240,4375639744,7,2732,1151,9236
171801180148593,171801180167278,171801180179203,171801180182049,171801180191371,171801180191466,265650,93825186940240,4375639744,7,2732,1151,9237
171801188470526,171801188485329,171801188496814,171801188500576,171801188508300,171801188508396,265650,93825186940240,4375639744,7,2732,1151,9238
171801196910689,171801196931171,171801196947647,171801196949197,171801196957682,171801196957779,265650,93825186940240,4375639744,7,2732,1151,9239
171801205193535,171801205206126,171801205216855,171801205218209,171801205227833,171801205227922,265650,93825186940240,4375639744,7,2732,1151,9240
171801213596218,171801213633622,171801213644622,171801213645591,171801213652837,171801213652916,265650,93825186940240,4375639744,7,2732,1151,9241
171801221908463,171801221921770,171801221932640,171801221933819,171801221942400,171801221942487,265650,93825186940240,4375639744,7,2732,1151,9242
171801230161664,171801230181389,171801230192477,171801230195390,171801230201165,171801230201262,265650,93825186940240,4375639744,7,2732,1151,9243
171801238474145,171801238492703,171801238504278,171801238507003,171801238513396,171801238513464,265650,93825186940240,4375639744,7,2732,1151,9244
171801246921812,171801247021032,171801247033104,171801247034963,171801247041154,171801247041249,265650,93825186940240,4375639744,7,2732,1151,9245
171801255124306,171801255136920,171801255147962,171801255149080,171801255155192,171801255155287,265650,93825186940240,4375639744,7,2732,1151,9246
171801263518031,171801263530777,171801263541574,171801263542591,171801263548678,171801263548770,265650,93825186940240,4375639744,7,2732,1151,9247
171801271888430,171801271901094,171801271911951,171801271912891,171801271919373,171801271919463,265650,93825186940240,4375639744,7,2732,1151,9248
171801280160355,171801280174127,171801280184985,171801280186044,171801280194015,171801280194103,265650,93825186940240,4375639744,7,2732,1151,9249
171801288596214,171801288629222,171801288639873,171801288640724,171801288647785,171801288647872,265650,93825186940240,4375639744,7,2732,1151,9250
171801296887146,171801296927174,171801296937922,171801296938866,171801296943774,171801296943870,265650,93825186940240,4375639744,7,2732,1151,9251
171801305205216,171801305217825,171801305228536,171801305229389,171801305234101,171801305234194,265650,93825186940240,4375639744,7,2732,1151,9252
171801313540306,171801313552118,171801313560370,171801313561741,171801313566333,171801313566395,265650,93825186940240,4375639744,7,2732,1151,9253
171801321821474,171801321846615,171801321857933,171801321858829,171801321863966,171801321864050,265650,93825186940240,4375639744,7,2732,1151,9254
171801330178760,171801330191006,171801330202518,171801330203727,171801330209389,171801330209466,265650,93825186940240,4375639744,7,2732,1151,9255
171801338522545,171801338532123,171801338540009,171801338540802,171801338544608,171801338544659,265650,93825186940240,4375639744,7,2732,1151,9256
171801346939744,171801346952100,171801346962972,171801346963872,171801346968493,171801346968563,265650,93825186940240,4375639744,7,2732,1151,9257
171801355158670,171801355171113,171801355180342,171801355181384,171801355186146,171801355186204,265650,93825186940240,4375639744,7,2732,1151,9258
171801363589070,171801363601453,171801363612020,171801363613398,171801363620500,171801363620574,265650,93825186940240,4375639744,7,2732,1151,9259
171801371949601,171801371961922,171801371972467,171801371973605,171801371978522,171801371978596,265650,93825186940240,4375639744,7,2732,1151,9260
171801380195963,171801380208045,171801380218774,171801380219775,171801380224738,171801380224811,265650,93825186940240,4375639744,7,2732,1151,9261
171801388475987,171801388485902,171801388494762,171801388495921,171801388501213,171801388501270,265650,93825186940240,4375639744,7,2732,1151,9262
171801396838051,171801396850076,171801396860693,171801396861793,171801396868212,171801396868288,265650,93825186940240,4375639744,7,2732,1151,9263
171801405112865,171801405135853,171801405145509,171801405146388,171801405150439,171801405150497,265650,93825186940240,4375639744,7,2732,1151,9264
171801413589462,171801413602131,171801413612859,171801413613786,171801413618706,171801413618780,265650,93825186940240,4375639744,7,2732,1151,9265
171801421907493,171801421933627,171801421946550,171801421951058,171801421975734,171801421975821,265650,93825186940240,4375639744,7,2732,1151,9266
171801430142831,171801430159055,171801430170979,171801430173446,171801430176965,171801430177081,265650,93825186940240,4375639744,7,2732,1151,9267
171801438529493,171801438541633,171801438552236,171801438554401,171801438558304,171801438558413,265650,93825186940240,4375639744,7,2732,1151,9268
171801446793914,171801446805541,171801446815839,171801446817687,171801446820914,171801446821007,265650,93825186940240,4375639744,7,2732,1151,9269
171801455130117,171801455142165,171801455152925,171801455154711,171801455160526,171801455160615,265650,93825186940240,4375639744,7,2732,1151,9270
171801463463100,171801463474736,171801463485599,171801463487867,171801463493321,171801463493369,265650,93825186940240,4375639744,7,2732,1151,9271
171801471844302,171801471856763,171801471869050,171801471872597,171801471880399,171801471880467,265650,93825186940240,4375639744,7,2732,1151,9272
171801480191547,171801480222379,171801480258709,171801480260074,171801480265471,171801480265550,265650,93825186940240,4375639744,7,2732,1151,9273
171801488555233,171801488565314,171801488590944,171801488592881,171801488597818,171801488597876,265650,93825186940240,4375639744,7,2732,1151,9274
171801496839145,171801496848825,171801496856716,171801496857746,171801496863534,171801496863589,265650,93825186940240,4375639744,7,2732,1151,9275
171801505270443,171801505305893,171801505316677,171801505317590,171801505322293,171801505322364,265650,93825186940240,4375639744,7,2732,1151,9276
171801513590318,171801513614473,171801513625086,171801513626022,171801513630684,171801513630757,265650,93825186940240,4375639744,7,2732,1151,9277
171801521933995,171801522004243,171801522022266,171801522022960,171801522027487,171801522027559,265650,93825186940240,4375639744,7,2732,1151,9278
171801530239684,171801530303616,171801530347392,171801530348224,171801530352498,171801530352573,265650,93825186940240,4375639744,7,2732,1151,9279
171801538614401,171801538658218,171801538668825,171801538669683,171801538674240,171801538674313,265650,93825186940240,4375639744,7,2732,1151,9280
171801546871161,171801546890723,171801546903423,171801546906272,171801546910921,171801546910997,265650,93825186940240,4375639744,7,2732,1151,9281
171801555193973,171801555205257,171801555216191,171801555217822,171801555222386,171801555222451,265650,93825186940240,4375639744,7,2732,1151,9282
171801563528191,171801563539993,171801563550387,171801563552053,171801563556783,171801563556824,265650,93825186940240,4375639744,7,2732,1151,9283
171801571850750,171801571865327,171801571876067,171801571877609,171801571883260,171801571883319,265650,93825186940240,4375639744,7,2732,1151,9284
171801580132916,171801580144417,171801580155210,171801580157113,171801580162132,171801580162192,265650,93825186940240,4375639744,7,2732,1151,9285
171801588459925,171801588471111,171801588481366,171801588483356,171801588487244,171801588487320,265650,93825186940240,4375639744,7,2732,1151,9286
171801596869403,171801596880413,171801596891684,171801596894006,171801596898093,171801596898152,265650,93825186940240,4375639744,7,2732,1151,9287
171801605785656,171801605796634,171801605806992,171801605808589,171801605811929,171801605811987,265650,93825186940240,4375639744,7,2732,1151,9288
171801614045767,171801614056616,171801614066841,171801614068869,171801614072214,171801614072266,265650,93825186940240,4375639744,7,2732,1151,9289
171801622463556,171801622474672,171801622485578,171801622487531,171801622491436,171801622491520,265650,93825186940240,4375639744,7,2732,1151,9290
171801630797756,171801630808725,171801630818917,171801630820729,171801630824974,171801630825034,265650,93825186940240,4375639744,7,2732,1151,9291
171801639045461,171801639056335,171801639067078,171801639068614,171801639072226,171801639072289,265650,93825186940240,4375639744,7,2732,1151,9292
171801647421657,171801647433145,171801647443752,171801647445299,171801647450541,171801647450604,265650,93825186940240,4375639744,7,2732,1151,9293
171801655801231,171801655811728,171801655822442,171801655824053,171801655827816,171801655827872,265650,93825186940240,4375639744,7,2732,1151,9294
171801664098978,171801664113844,171801664122957,171801664124451,171801664127761,171801664127818,265650,93825186940240,4375639744,7,2732,1151,9295
171801672841742,171801672850476,171801672858775,171801672859574,171801672864357,171801672864413,265650,93825186940240,4375639744,7,2732,1151,9296
171801681184158,171801681199102,171801681210204,171801681211391,171801681215574,171801681215651,265650,93825186940240,4375639744,7,2732,1151,9297
171801689512618,171801689521204,171801689528655,171801689529324,171801689533633,171801689533690,265650,93825186940240,4375639744,7,2732,1151,9298
171801700145349,171801700154345,171801700162068,171801700162931,171801700167329,171801700167383,265650,93825186940240,4375639744,7,2732,1151,9299
171801708483947,171801708492710,171801708500659,171801708501402,171801708505281,171801708505331,265650,93825186940240,4375639744,7,2732,1151,9300
171801716784801,171801716798770,171801716813722,171801716818073,171801716827821,171801716827910,265650,93825186940240,4375639744,7,2732,1151,9301
171801725057059,171801725068365,171801725078826,171801725080588,171801725086464,171801725086530,265650,93825186940240,4375639744,7,2732,1151,9302
171801733418365,171801733434752,171801733445566,171801733447677,171801733455767,171801733455834,265650,93825186940240,4375639744,7,2732,1151,9303
171801741738980,171801741752082,171801741762618,171801741764807,171801741769083,171801741769179,265650,93825186940240,4375639744,7,2732,1151,9304
171801750119638,171801750131250,171801750141963,171801750143881,171801750147993,171801750148091,265650,93825186940240,4375639744,7,2732,1151,9305
171801758403406,171801758415321,171801758426717,171801758428530,171801758432528,171801758432597,265650,93825186940240,4375639744,7,2732,1151,9306
171801766762306,171801766776331,171801766787060,171801766788771,171801766794548,171801766794611,265650,93825186940240,4375639744,7,2732,1151,9307
171801775052994,171801775064310,171801775074786,171801775076559,171801775081660,171801775081704,265650,93825186940240,4375639744,7,2732,1151,9308
