start,geometry,clip,blit,flush,end,hwnd,surface,thread,outcome,width,height,commit
171815998775566,171815998786976,171815998797479,171815998799426,171815998805056,171815998805114,265650,93825186940240,4375639744,7,2732,1151,10717
171816007468128,171816007478603,171816007489118,171816007491313,171816007497134,171816007497186,265650,93825186940240,4375639744,7,2732,1151,10718
171816015780103,171816015791268,171816015802206,171816015804132,171816015809941,171816015809999,265650,93825186940240,4375639744,7,2732,1151,10719
171816041997724,171816042018753,171816042032911,171816042035769,171816042043143,171816042043235,265650,93825186940240,4375639744,7,2732,1151,10720
171816050309886,171816050328796,171816050340612,171816050342938,171816050353327,171816050353422,265650,93825186940240,4375639744,7,2732,1151,10721
171816070453312,171816070465060,171816070476370,171816070479083,171816070485135,171816070485219,265650,93825186940240,4375639744,7,2732,1151,10722
171816078798429,171816078819647,171816078831263,171816078834220,171816078842131,171816078842190,265650,93825186940240,4375639744,7,2732,1151,10723
171816087058428,171816087075388,171816087086998,171816087089249,171816087103900,171816087103962,265650,93825186940240,4375639744,7,2732,1151,10724
171816095427610,171816095444878,171816095455887,171816095457803,171816095467230,171816095467290,265650,93825186940240,4375639744,7,2732,1151,10725
171816103795390,171816103806975,171816103815938,171816103817240,171816103822653,171816103822718,265650,93825186940240,4375639744,7,2732,1151,10726
171816112087290,171816112100798,171816112110091,171816112111887,171816112120226,171816112120288,265650,93825186940240,4375639744,7,2732,1151,10727
171816120469061,171816120508817,171816120531025,171816120532658,171816120537948,171816120538010,265650,93825186940240,4375639744,7,2732,1151,10728
171816128803166,171816128812206,171816128820792,171816128821579,171816128826266,171816128826324,265650,93825186940240,4375639744,7,2732,1151,10729
171816137194409,171816137207508,171816137218486,171816137219522,171816137224636,171816137224722,265650,93825186940240,4375639744,7,2732,1151,10730
171816145467995,171816145480526,171816145491372,171816145492422,171816145498497,171816145498586,265650,93825186940240,4375639744,7,2732,1151,10731
171816153882414,171816153974350,171816153991414,171816153992166,171816153996395,171816153996474,265650,93825186940240,4375639744,7,2732,1151,10732
171816162085580,171816162094933,171816162102849,171816162103363,171816162108232,171816162108285,265650,93825186940240,4375639744,7,2732,1151,10733
171816170496366,171816170505315,171816170512842,171816170513523,171816170518744,171816170518794,265650,93825186940240,4375639744,7,2732,1151,10734
171816178794855,171816178804359,171816178812449,171816178813090,171816178817031,171816178817083,265650,93825186940240,4375639744,7,2732,1151,10735
171816187060008,171816187073699,171816187082250,171816187084211,171816187092807,171816187092873,265650,93825186940240,4375639744,7,2732,1151,10736
171816195530413,171816195550309,171816195561665,171816195563765,171816195569863,171816195569945,265650,93825186940240,4375639744,7,2732,1151,10737
171816203792629,171816203810116,171816203821475,171816203823853,171816203831313,171816203831384,265650,93825186940240,4375639744,7,2732,1151,10738
171816212103858,171816212119575,171816212130516,171816212132407,171816212141861,171816212141908,265650,93825186940240,4375639744,7,2732,1151,10739
171816220486078,171816220502822,171816220513648,171816220515610,171816220524856,171816220524902,265650,93825186940240,4375639744,7,2732,1151,10740
171816228772861,171816228789429,171816228800103,171816228801985,171816228808038,171816228808089,265650,93825186940240,4375639744,7,2732,1151,10741
171816237098327,171816237114251,171816237124765,171816237126962,171816237132375,171816237132444,265650,93825186940240,4375639744,7,2732,1151,10742
171816245530986,171816245552776,171816245564917,171816245568088,171816245577529,171816245577596,265650,93825186940240,4375639744,7,2732,1151,10743
171816253785161,171816253802591,171816253814210,171816253816309,171816253826971,171816253827029,265650,93825186940240,4375639744,7,2732,1151,10744
171816262128872,171816262146672,171816262157960,171816262160378,171816262170492,171816262170576,265650,93825186940240,4375639744,7,2732,1151,10745
171816270473440,171816270493240,171816270505434,171816270508289,171816270515790,171816270515842,265650,93825186940240,4375639744,7,2732,1151,10746
171816278787454,171816278804891,171816278815909,171816278817910,171816278823284,171816278823349,265650,93825186940240,4375639744,7,2732,1151,10747
171816287116629,171816287132690,171816287143622,171816287145609,171816287150442,171816287150505,265650,93825186940240,4375639744,7,2732,1151,10748
171816295494005,171816295508050,171816295518640,171816295520406,171816295525214,171816295525278,265650,93825186940240,4375639744,7,2732,1151,10749
171816303767755,171816303781022,171816303791491,171816303793300,171816303797470,171816303797532,265650,93825186940240,4375639744,7,2732,1151,10750
171816312118068,171816312135360,171816312146105,171816312152147,171816312160625,171816312160918,265650,93825186940240,4375639744,7,2732,1151,10751
171816320447253,171816320463333,171816320473777,171816320475310,171816320480373,171816320480432,265650,93825186940240,4375639744,7,2732,1151,10752
171816328770916,171816328784455,171816328794925,171816328796723,171816328802188,171816328802305,265650,93825186940240,4375639744,7,2732,1151,10753
171816337165971,171816337178461,171816337187815,171816337203162,171816337207826,171816337208061,265650,93825186940240,4375639744,7,2732,1151,10754
171816345618555,171816345632407,171816345643530,171816345644814,171816345651527,171816345651621,265650,93825186940240,4375639744,7,2732,1151,10755
171816353798973,171816353813046,171816353822386,171816353823378,171816353829042,171816353829115,265650,93825186940240,4375639744,7,2732,1151,10756
171816362145229,171816362158984,171816362172843,171816362173810,171816362177202,171816362177286,265650,93825186940240,4375639744,7,2732,1151,10757
171816370573792,171816370586297,171816370596840,171816370597892,171816370603639,171816370603834,265650,93825186940240,4375639744,7,2732,1151,10758
171816378854081,171816378863666,171816378872278,171816378873048,171816378877840,171816378877913,265650,93825186940240,4375639744,7,2732,1151,10759
171816387257029,171816387272661,171816387300134,171816387301351,171816387306844,171816387306932,265650,93825186940240,4375639744,7,2732,1151,10760
171816395586657,171816395598681,171816395607873,171816395608892,171816395613188,171816395613262,265650,93825186940240,4375639744,7,2732,1151,10761
171816403936589,171816403949683,171816403960467,171816403961574,171816403967221,171816403967315,265650,93825186940240,4375639744,7,2732,1151,10762
171816412158632,171816412171181,171816412182146,171816412183332,171816412187730,171816412187803,265650,93825186940240,4375639744,7,2732,1151,10763
171816420570574,171816420644265,171816420654638,171816420655484,171816420660886,171816420660960,265650,93825186940240,4375639744,7,2732,1151,10764
171816428854404,171816428867125,171816428877602,171816428878502,171816428883355,171816428883421,265650,93825186940240,4375639744,7,2732,1151,10765
171816437160037,171816437186685,171816437197520,171816437198866,171816437207122,171816437207199,265650,93825186940240,4375639744,7,2732,1151,10766
171816445499016,171816445523128,171816445544020,171816445545672,171816445550075,171816445550159,265650,93825186940240,4375639744,7,2732,1151,10767
171816453880879,171816453987986,171816454030404,171816454031528,171816454037393,171816454037490,265650,93825186940240,4375639744,7,2732,1151,10768
171816462158708,171816462170514,171816462180887,171816462181794,171816462186450,171816462186528,265650,93825186940240,4375639744,7,2732,1151,10769
171816470562165,171816470576949,171816470587687,171816470588557,171816470592495,171816470592569,265650,93825186940240,4375639744,7,2732,1151,10770
171816478845864,171816478863435,171816478875521,171816478878640,171816478881702,171816478881785,265650,93825186940240,4375639744,7,2732,1151,10771
171816487133366,171816487151210,171816487162935,171816487165670,171816487170861,171816487170940,265650,93825186940240,4375639744,7,2732,1151,10772
171816495517690,171816495531010,171816495543431,171816495546801,171816495550434,171816495550529,265650,93825186940240,4375639744,7,2732,1151,10773
171816503834688,171816503851195,171816503863436,171816503865237,171816503871239,171816503871333,265650,93825186940240,4375639744,7,2732,1151,10774
171816512140498,171816512155899,171816512167711,171816512171777,171816512178362,171816512178449,265650,93825186940240,4375639744,7,2732,1151,10775
171816522754508,171816522765475,171816522776123,171816522778242,171816522782255,171816522782337,265650,93825186940240,4375639744,7,2732,1151,10776
171816531064569,171816531076344,171816531087032,171816531089345,171816531093881,171816531093959,265650,93825186940240,4375639744,7,2732,1151,10777
171816540548997,171816540559915,171816540571764,171816540574626,171816540579176,171816540579236,265650,93825186940240,4375639744,7,2732,1151,10778
171816549516388,171816549527050,171816549537685,171816549539734,171816549543815,171816549543894,265650,93825186940240,4375639744,7,2732,1151,10779
171816559597860,171816559608858,171816559619311,171816559621539,171816559624841,171816559624899,265650,93825186940240,4375639744,7,2732,1151,10780
171816569552202,171816569562853,171816569573290,171816569575099,171816569578449,171816569578525,265650,93825186940240,4375639744,7,2732,1151,10781
171816577968045,171816577978722,171816577988928,171816577990833,171816577996916,171816577996976,265650,93825186940240,4375639744,7,2732,1151,10782
171816587288170,171816587299108,171816587309591,171816587311515,171816587314353,171816587314413,265650,93825186940240,4375639744,7,2732,1151,10783
171816595978591,171816595989326,171816595999520,171816596006073,171816596011776,171816596011834,265650,93825186940240,4375639744,7,2732,1151,10784
171816604317014,171816604334127,171816604346647,171816604349682,171816604363598,171816604363675,265650,93825186940240,4375639744,7,2732,1151,10785
171816613842564,171816613860781,171816613871778,171816613874764,171816613887468,171816613887536,265650,93825186940240,4375639744,7,2732,1151,10786
171816622742412,171816622754454,171816622765527,171816622768037,171816622775216,171816622775308,265650,93825186940240,4375639744,7,2732,1151,10787
171816631083311,171816631099614,171816631111608,171816631115247,171816631125383,171816631125461,265650,93825186940240,4375639744,7,2732,1151,10788
171816639451193,171816639462355,171816639473807,171816639476660,171816639484325,171816639484397,265650,93825186940240,4375639744,7,2732,1151,10789
171816649302680,171816649313885,171816649324681,171816649326677,171816649332611,171816649332692,265650,93825186940240,4375639744,7,2732,1151,10790
171816657620525,171816657633721,171816657644608,171816657646727,171816657652406,171816657652490,265650,93825186940240,4375639744,7,2732,1151,10791
171816666080312,171816666095353,171816666108776,171816666111067,171816666117827,171816666117916,265650,93825186940240,4375639744,7,2732,1151,10792
171816674289048,171816674298976,171816674308236,171816674309737,171816674315552,171816674315621,265650,93825186940240,4375639744,7,2732,1151,10793
171816682700766,171816682713736,171816682725291,171816682726412,171816682732252,171816682732336,265650,93825186940240,4375639744,7,2732,1151,10794
171816691025272,171816691037446,171816691048545,171816691049612,171816691055097,171816691055178,265650,93825186940240,4375639744,7,2732,1151,10795
171816699324088,171816699335774,171816699346511,171816699347343,171816699351292,171816699351341,265650,93825186940240,4375639744,7,2732,1151,10796
171816707743829,171816707781779,171816707792840,171816707793615,171816707798959,171816707799051,265650,93825186940240,4375639744,7,2732,1151,10797
171816716156439,171816716169285,171816716180641,171816716181582,171816716186237,171816716186319,265650,93825186940240,4375639744,7,2732,1151,10798
171816724460771,171816724491623,171816724503169,171816724504720,171816724510366,171816724510446,265650,93825186940240,4375639744,7,2732,1151,10799
171816732955731,171816732966022,171816732975409,171816732976510,171816732981708,171816732981782,265650,93825186940240,4375639744,7,2732,1151,10800
171816741265570,171816741278383,171816741289858,171816741291136,171816741295989,171816741296070,265650,93825186940240,4375639744,7,2732,1151,10801
171816749712583,171816749724283,171816749735100,171816749736729,171816749742516,171816749742594,265650,93825186940240,4375639744,7,2732,1151,10802
171816757975695,171816757987234,171816757998044,171816757999297,171816758007858,171816758007936,265650,93825186940240,4375639744,7,2732,1151,10803
171816766215177,171816766227152,171816766236203,171816766237356,171816766241773,171816766241836,265650,93825186940240,4375639744,7,2732,1151,10804
171816774691805,171816774714873,171816774727006,171816774730018,171816774735398,171816774735477,265650,93825186940240,4375639744,7,2732,1151,10805
171816782903598,171816782914815,171816782925199,171816782927128,171816782935459,171816782935539,265650,93825186940240,4375639744,7,2732,1151,10806
171816791218347,171816791231180,171816791241952,171816791243938,171816791247528,171816791247587,265650,93825186940240,4375639744,7,2732,1151,10807
171816799556180,171816799569136,171816799581428,171816799583986,171816799589233,171816799589292,265650,93825186940240,4375639744,7,2732,1151,10808
171816807896882,171816807908034,171816807919178,171816807921342,171816807927176,171816807927256,265650,93825186940240,4375639744,7,2732,1151,10809
171816816207204,171816816218878,171816816229258,171816816230826,171816816236171,171816816236218,265650,93825186940240,4375639744,7,2732,1151,10810
171816824605688,171816824618352,171816824629865,171816824632084,171816824639136,171816824639193,265650,93825186940240,4375639744,7,2732,1151,10811
171816834636403,171816834647225,171816834657484,171816834659330,171816834664600,171816834664676,265650,93825186940240,4375639744,7,2732,1151,10812
171816842975158,171816842987168,171816842997223,171816842998951,171816843006102,171816843006163,265650,93825186940240,4375639744,7,2732,1151,10813
171816851281686,171816851296569,171816851307059,171816851309216,171816851315157,171816851315224,265650,93825186940240,4375639744,7,2732,1151,10814
171816859727433,171816859767226,171816859792341,171816859794250,171816859803117,171816859803203,265650,93825186940240,4375639744,7,2732,1151,10815
171816868092805,171816868104601,171816868115454,171816868116372,171816868121196,171816868121266,265650,93825186940240,4375639744,7,2732,1151,10816
171816876306181,171816876325126,171816876336579,171816876339805,171816876343346,171816876343439,265650,93825186940240,4375639744,7,2732,1151,10817
171816884608333,171816884621777,171816884632304,171816884634217,171816884639946,171816884640026,265650,93825186940240,4375639744,7,2732,1151,10818
171816893011876,171816893023690,171816893034313,171816893036148,171816893041669,171816893041753,265650,93825186940240,4375639744,7,2732,1151,10819
171816901273196,171816901284984,171816901295929,171816901297807,171816901302116,171816901302169,265650,93825186940240,4375639744,7,2732,1151,10820
171816910594423,171816910605570,171816910615980,171816910617722,171816910622932,171816910623016,265650,93825186940240,4375639744,7,2732,1151,10821
171816918994783,171816919013220,171816919024344,171816919027162,171816919032914,171816919032971,265650,93825186940240,4375639744,7,2732,1151,10822
171816927249676,171816927260630,171816927270907,171816927272518,171816927277901,171816927277965,265650,93825186940240,4375639744,7,2732,1151,10823
171816935750868,171816935761608,171816935772032,171816935773568,171816935789095,171816935789163,265650,93825186940240,4375639744,7,2732,1151,10824
171816944045942,171816944058745,171816944069808,171816944071435,171816944076163,171816944076225,265650,93825186940240,4375639744,7,2732,1151,10825
171816952467038,171816952479881,171816952491889,171816952495446,171816952502276,171816952502362,265650,93825186940240,4375639744,7,2732,1151,10826
171816960724854,171816960737509,171816960748715,171816960750284,171816960757182,171816960757239,265650,93825186940240,4375639744,7,2732,1151,10827
171816969051494,171816969063566,171816969074981,171816969077128,171816969083725,171816969083779,265650,93825186940240,4375639744,7,2732,1151,10828
171816977404515,171816977424418,171816977448155,171816977449981,171816977455399,171816977455489,265650,93825186940240,4375639744,7,2732,1151,10829
171816985816197,171816985835679,171816985846579,171816985849059,171816985857691,171816985857732,265650,93825186940240,4375639744,7,2732,1151,10830
171816994096163,171816994109727,171816994120630,171816994122939,171816994126485,171816994126531,265650,93825186940240,4375639744,7,2732,1151,10831
171817002419493,171817002433751,171817002444229,171817002446179,171817002451995,171817002452057,265650,93825186940240,4375639744,7,2732,1151,10832
171817010789175,171817010801435,171817010812703,171817010814557,171817010819077,171817010819130,265650,93825186940240,4375639744,7,2732,1151,10833
171817019063976,171817019075598,171817019086162,171817019087878,171817019094020,171817019094075,265650,93825186940240,4375639744,7,2732,1151,10834
171817027444789,171817027456623,171817027467888,171817027470490,171817027476396,171817027476463,265650,93825186940240,4375639744,7,2732,1151,10835
171817036071163,171817036081985,171817036092215,171817036093824,171817036098820,171817036098870,265650,93825186940240,4375639744,7,2732,1151,10836
171817044452440,171817044465411,171817044475837,171817044477426,171817044482371,171817044482429,265650,93825186940240,4375639744,7,2732,1151,10837
171817052773265,171817052784436,171817052795592,171817052797340,171817052802430,171817052802493,265650,93825186940240,4375639744,7,2732,1151,10838
171817061960899,171817061971761,171817061981936,171817061983464,171817061988432,171817061988494,265650,93825186940240,4375639744,7,2732,1151,10839
171817070284695,171817070297499,171817070309077,171817070311764,171817070319458,171817070319517,265650,93825186940240,4375639744,7,2732,1151,10840
171817078652842,171817078664543,171817078675034,171817078676710,171817078681271,171817078681329,265650,93825186940240,4375639744,7,2732,1151,10841
171817087303891,171817087315276,171817087325677,171817087327565,171817087334978,171817087335042,265650,93825186940240,4375639744,7,2732,1151,10842
171817095620187,171817095633687,171817095644672,171817095646412,171817095651176,171817095651235,265650,93825186940240,4375639744,7,2732,1151,10843
171817103967922,171817103981496,171817103992463,171817103994883,171817104004755,171817104004821,265650,93825186940240,4375639744,7,2732,1151,10844
171817112296380,171817112329122,171817112346749,171817112349160,171817112355887,171817112355957,265650,93825186940240,4375639744,7,2732,1151,10845
171817120638685,171817120649472,171817120660318,171817120663100,171817120671732,171817120671796,265650,93825186940240,4375639744,7,2732,1151,10846
171817135182486,171817135208350,171817135231522,171817135234655,171817135244290,171817135244394,265650,93825186940240,4375639744,7,2732,1151,10847
171817143504003,171817143524360,171817143535908,171817143538170,171817143543696,171817143543767,265650,93825186940240,4375639744,7,2732,1151,10848
171817151840557,171817151854529,171817151867608,171817151871210,171817151876383,171817151876463,265650,93825186940240,4375639744,7,2732,1151,10849
171817160194493,171817160216307,171817160229017,171817160231443,171817160243001,171817160243088,265650,93825186940240,4375639744,7,2732,1151,10850
171817168491097,171817168504519,171817168515549,171817168517139,171817168522662,171817168522736,265650,93825186940240,4375639744,7,2732,1151,10851
171817176846130,171817176863615,171817176874712,171817176876393,171817176885618,171817176885683,265650,93825186940240,4375639744,7,2732,1151,10852
171817185173356,171817185191734,171817185202575,171817185204791,171817185210081,171817185210133,265650,93825186940240,4375639744,7,2732,1151,10853
171817193509791,171817193533745,171817193545530,171817193548083,171817193557088,171817193557134,265650,93825186940240,4375639744,7,2732,1151,10854
171817201858115,171817201882435,171817201894803,171817201898007,171817201907178,171817201907296,265650,93825186940240,4375639744,7,2732,1151,10855
171817210239381,171817210268121,171817210281282,171817210284196,171817210290204,171817210290295,265650,93825186940240,4375639744,7,2732,1151,10856
171817218635245,171817218658469,171817218669996,171817218673194,171817218683655,171817218683761,265650,93825186940240,4375639744,7,2732,1151,10857
171817226866123,171817226882449,171817226893849,171817226896319,171817226909959,171817226910034,265650,93825186940240,4375639744,7,2732,1151,10858
171817235218940,171817235245412,171817235257317,171817235260510,171817235274735,171817235274830,265650,93825186940240,4375639744,7,2732,1151,10859
171817243549135,171817243562591,171817243572386,171817243574521,171817243580787,171817243580854,265650,93825186940240,4375639744,7,2732,1151,10860
171817251885846,171817251898719,171817251908672,171817251911067,171817251919014,171817251919081,265650,93825186940240,4375639744,7,2732,1151,10861
171817260184672,171817260196012,171817260205070,171817260206729,171817260214210,171817260214276,265650,93825186940240,4375639744,7,2732,1151,10862
171817268510790,171817268521678,171817268562704,171817268564673,171817268570748,171817268570820,265650,93825186940240,4375639744,7,2732,1151,10863
171817276907865,171817276917674,171817276925410,171817276926120,171817276931182,171817276931245,265650,93825186940240,4375639744,7,2732,1151,10864
171817285219967,171817285241025,171817285252746,171817285255519,171817285273576,171817285273671,265650,93825186940240,4375639744,7,2732,1151,10865
171817293555091,171817293576510,171817293587677,171817293590811,171817293603767,171817293603867,265650,93825186940240,4375639744,7,2732,1151,10866
171817301889399,171817301906066,171817301916673,171817301918697,171817301924190,171817301924242,265650,93825186940240,4375639744,7,2732,1151,10867
171817310171161,171817310188135,171817310204835,171817310206579,171817310212668,171817310212733,265650,93825186940240,4375639744,7,2732,1151,10868
171817318583090,171817318626960,171817318638223,171817318639924,171817318645451,171817318645519,265650,93825186940240,4375639744,7,2732,1151,10869
171817326844194,171817326860913,171817326871585,171817326873364,171817326880903,171817326881106,265650,93825186940240,4375639744,7,2732,1151,10870
171817335166429,171817335181509,171817335192345,171817335194192,171817335202372,171817335202452,265650,93825186940240,4375639744,7,2732,1151,10871
171817343521968,171817343539314,171817343550257,171817343552306,171817343558690,171817343558752,265650,93825186940240,4375639744,7,2732,1151,10872
171817351861732,171817351879177,171817351890015,171817351891930,171817351899932,171817351899994,265650,93825186940240,4375639744,7,2732,1151,10873
171817360180902,171817360195093,171817360206019,171817360207777,171817360215482,171817360215539,265650,93825186940240,4375639744,7,2732,1151,10874
171817368569510,171817368597887,171817368608708,171817368610536,171817368616131,171817368616192,265650,93825186940240,4375639744,7,2732,1151,10875
171817376901091,171817376921573,171817376934215,171817376937264,171817376945103,171817376945166,265650,93825186940240,4375639744,7,2732,1151,10876
171817385189265,171817385205317,171817385215990,171817385218048,171817385226482,171817385226549,265650,93825186940240,4375639744,7,2732,1151,10877
171817393565548,171817393586983,171817393599149,171817393602074,171817393609596,171817393609641,265650,93825186940240,4375639744,7,2732,1151,10878
171817401912483,171817401928803,171817401939194,171817401941143,171817401948729,171817401948804,265650,93825186940240,4375639744,7,2732,1151,10879
171817410200707,171817410219699,171817410231257,171817410233789,171817410240968,171817410241041,265650,93825186940240,4375639744,7,2732,1151,10880
171817418580606,171817418599152,171817418610423,171817418612669,171817418621954,171817418622038,265650,93825186940240,4375639744,7,2732,1151,10881
171817426933047,171817426957915,171817426969914,171817426972991,171817426979785,171817426979874,265650,93825186940240,4375639744,7,2732,1151,10882
171817435224401,171817435246608,171817435258963,171817435261587,171817435270687,171817435270730,265650,93825186940240,4375639744,7,2732,1151,10883
171817443575215,171817443593878,171817443604953,171817443607207,171817443611757,171817443611805,265650,93825186940240,4375639744,7,2732,1151,10884
171817451909517,171817451927469,171817451938814,171817451940819,171817451949600,171817451949651,265650,93825186940240,4375639744,7,2732,1151,10885
171817460194725,171817460209588,171817460220632,171817460223174,171817460230100,171817460230169,265650,93825186940240,4375639744,7,2732,1151,10886
171817468532001,171817468553015,171817468564296,171817468567505,171817468576843,171817468576931,265650,93825186940240,4375639744,7,2732,1151,10887
171817476901092,171817476915983,171817476927160,171817476928988,171817476934900,171817476934940,265650,93825186940240,4375639744,7,2732,1151,10888
171817485199437,171817485222560,171817485232867,171817485234534,171817485240708,171817485240771,265650,93825186940240,4375639744,7,2732,1151,10889
171817493516399,171817493529109,171817493540059,171817493542800,171817493550994,171817493551062,265650,93825186940240,4375639744,7,2732,1151,10890
171817501874825,171817501888838,171817501900218,171817501903028,171817501910450,171817501910516,265650,93825186940240,4375639744,7,2732,1151,10891
171817510186135,171817510197682,171817510208204,171817510209895,171817510215699,171817510215766,265650,93825186940240,4375639744,7,2732,1151,10892
171817518823970,171817518834634,171817518844907,171817518846703,171817518851502,171817518851566,265650,93825186940240,4375639744,7,2732,1151,10893
171817527158538,171817527169308,171817527179516,171817527181211,171817527184978,171817527185050,265650,93825186940240,4375639744,7,2732,1151,10894
171817535539019,171817535551410,171817535562989,171817535565091,171817535568916,171817535568995,265650,93825186940240,4375639744,7,2732,1151,10895
171817544723444,171817544732565,171817544741552,171817544742837,171817544747934,171817544747992,265650,93825186940240,4375639744,7,2732,1151,10896
171817553162802,171817553174514,171817553185284,171817553186240,171817553191044,171817553191134,265650,93825186940240,4375639744,7,2732,1151,10897
171817561357666,171817561366738,171817561374569,171817561375257,171817561380287,171817561380350,265650,93825186940240,4375639744,7,2732,1151,10898
171817571285524,171817571297343,171817571308072,171817571308935,171817571313617,171817571313705,265650,93825186940240,4375639744,7,2732,1151,10899
171817579646135,171817579654285,171817579661649,171817579662403,171817579665589,171817579665652,265650,93825186940240,4375639744,7,2732,1151,10900
171817587946903,171817587958592,171817587969205,171817587970169,171817587975282,171817587975368,265650,93825186940240,4375639744,7,2732,1151,10901
171817596248367,171817596258457,171817596267535,171817596268332,171817596273408,171817596273489,265650,93825186940240,4375639744,7,2732,1151,10902
171817604701272,171817604793583,171817604804162,171817604805320,171817604810573,171817604810656,265650,93825186940240,4375639744,7,2732,1151,10903
171817612934895,171817612946445,171817612957163,171817612958260,171817612963069,171817612963186,265650,93825186940240,4375639744,7,2732,1151,10904
171817622271499,171817622282920,171817622292200,171817622292867,171817622297744,171817622297810,265650,93825186940240,4375639744,7,2732,1151,10905
171817630654399,171817630663949,171817630672596,171817630673452,171817630679052,171817630679124,265650,93825186940240,4375639744,7,2732,1151,10906
171817638965893,171817638974970,171817638983046,171817638984183,171817638986217,171817638986289,265650,93825186940240,4375639744,7,2732,1151,10907
171817648367429,171817648377375,171817648386342,171817648387408,171817648392673,171817648392748,265650,93825186940240,4375639744,7,2732,1151,10908
171817656769071,171817656780988,171817656791946,171817656792927,171817656798055,171817656798142,265650,93825186940240,4375639744,7,2732,1151,10909
171817665155130,171817665167607,171817665178849,171817665180076,171817665186534,171817665186632,265650,93825186940240,4375639744,7,2732,1151,10910
171817674607478,171817674616404,171817674624851,171817674626181,171817674629298,171817674629367,265650,93825186940240,4375639744,7,2732,1151,10911
171817682929846,171817682938458,171817682946411,171817682947272,171817682952394,171817682952470,265650,93825186940240,4375639744,7,2732,1151,10912
171817691265289,171817691289799,171817691301644,171817691304419,171817691311384,171817691311471,265650,93825186940240,4375639744,7,2732,1151,10913
171817699551351,171817699563684,171817699575479,171817699578427,171817699585963,171817699586053,265650,93825186940240,4375639744,7,2732,1151,10914
171817707913198,171817707925097,171817707936000,171817707938277,171817707942301,171817707942410,265650,93825186940240,4375639744,7,2732,1151,10915
171817718283377,171817718300170,171817718312386,171817718314312,171817718321960,171817718322054,265650,93825186940240,4375639744,7,2732,1151,10916
171817727494709,171817727507005,171817727518105,171817727521448,171817727529682,171817727529798,265650,93825186940240,4375639744,7,2732,1151,10917
171817735838936,171817735850390,171817735861273,171817735863446,171817735870156,171817735870239,265650,93825186940240,4375639744,7,2732,1151,10918
171817744128115,171817744139570,171817744150380,171817744152257,171817744157840,171817744157917,265650,93825186940240,4375639744,7,2732,1151,10919
171817752552062,171817752566418,171817752579279,171817752582465,171817752597389,171817752597470,265650,93825186940240,4375639744,7,2732,1151,10920
171817760860874,171817760873749,171817760884408,171817760886555,171817760893463,171817760893671,265650,93825186940240,4375639744,7,2732,1151,10921
171817769130948,171817769142086,171817769152968,171817769155237,171817769159595,171817769159663,265650,93825186940240,4375639744,7,2732,1151,10922
171817777509649,171817777521256,171817777532169,171817777534711,171817777540493,171817777540574,265650,93825186940240,4375639744,7,2732,1151,10923
171817786872829,171817786884024,171817786894786,171817786896764,171817786901666,171817786901725,265650,93825186940240,4375639744,7,2732,1151,10924
171817797157276,171817797168028,171817797181314,171817797184203,171817797188811,171817797188880,265650,93825186940240,4375639744,7,2732,1151,10925
171817806168585,171817806180611,171817806191347,171817806193672,171817806197496,171817806197587,265650,93825186940240,4375639744,7,2732,1151,10926
171817814534866,171817814548006,171817814559829,171817814562612,171817814567662,171817814567735,265650,93825186940240,4375639744,7,2732,1151,10927
171817822828402,171817822839385,171817822849720,171817822851573,171817822855510,171817822855580,265650,93825186940240,4375639744,7,2732,1151,10928
171817832257541,171817832270664,171817832279982,171817832281407,171817832286207,171817832286273,265650,93825186940240,4375639744,7,2732,1151,10929
171817840535162,171817840547704,171817840559426,171817840560655,171817840566046,171817840566158,265650,93825186940240,4375639744,7,2732,1151,10930
171817848951618,171817848960765,171817848969043,171817848970349,171817848972643,171817848972718,265650,93825186940240,4375639744,7,2732,1151,10931
171817859182805,171817859195461,171817859204452,171817859205479,171817859210145,171817859210225,265650,93825186940240,4375639744,7,2732,1151,10932
171817867669411,171817867698166,171817867708868,171817867709776,171817867715571,171817867715661,265650,93825186940240,4375639744,7,2732,1151,10933
171817876042525,171817876054840,171817876066527,171817876068385,171817876074261,171817876074374,265650,93825186940240,4375639744,7,2732,1151,10934
171817884153523,171817884167961,171817884184068,171817884186205,171817884192484,171817884192598,265650,93825186940240,4375639744,7,2732,1151,10935
171817892623767,171817892641834,171817892653033,171817892655615,171817892667730,171817892667813,265650,93825186940240,4375639744,7,2732,1151,10936
171817900865729,171817900881112,171817900891631,171817900893556,171817900901876,171817900901962,265650,93825186940240,4375639744,7,2732,1151,10937
171817909199585,171817909218066,171817909228990,171817909231169,171817909241069,171817909241143,265650,93825186940240,4375639744,7,2732,1151,10938
171817917575430,171817917591468,171817917602752,171817917604607,171817917614312,171817917614381,265650,93825186940240,4375639744,7,2732,1151,10939
171817925904078,171817925923352,171817925934578,171817925937383,171817925951013,171817925951259,265650,93825186940240,4375639744,7,2732,1151,10940
171817934238702,171817934255233,171817934266229,171817934268226,171817934276128,171817934276194,265650,93825186940240,4375639744,7,2732,1151,10941
171817942604836,171817942628253,171817942640516,171817942643186,171817942657358,171817942657421,265650,93825186940240,4375639744,7,2732,1151,10942
171817950863065,171817950878897,171817950890294,171817950892568,171817950901868,171817950901935,265650,93825186940240,4375639744,7,2732,1151,10943
171817959244378,171817959256282,171817959265120,171817959266422,171817959271358,171817959271418,265650,93825186940240,4375639744,7,2732,1151,10944
171817967655054,171817967666999,171817967677592,171817967678561,171817967682967,171817967683049,265650,93825186940240,4375639744,7,2732,1151,10945
171817975944437,171817975956824,171817975967471,171817975968453,171817975975537,171817975975626,265650,93825186940240,4375639744,7,2732,1151,10946
171817984245156,171817984257205,171817984267858,171817984268865,171817984281910,171817984281994,265650,93825186940240,4375639744,7,2732,1151,10947
171817992652567,171817992678285,171817992688916,171817992689733,171817992696424,171817992696503,265650,93825186940240,4375639744,7,2732,1151,10948
171818000996951,171818001032615,171818001044097,171818001045845,171818001057957,171818001058036,265650,93825186940240,4375639744,7,2732,1151,10949
171818009209950,171818009222914,171818009234140,171818009235629,171818009240269,171818009240355,265650,93825186940240,4375639744,7,2732,1151,10950
171818017520058,171818017561653,171818017570105,171818017570898,171818017574919,171818017574985,265650,93825186940240,4375639744,7,2732,1151,10951
171818025899227,171818025926047,171818025938049,171818025940528,171818025946409,171818025946495,265650,93825186940240,4375639744,7,2732,1151,10952
171818034205657,171818034221642,171818034232596,171818034234569,171818034246182,171818034246262,265650,93825186940240,4375639744,7,2732,1151,10953
171818042571643,171818042587677,171818042598044,171818042599888,171818042610383,171818042610441,265650,93825186940240,4375639744,7,2732,1151,10954
171818050913496,171818050927949,171818050938419,171818050940139,171818050952422,171818050952502,265650,93825186940240,4375639744,7,2732,1151,10955
171818059201814,171818059219418,171818059230158,171818059232311,171818059239473,171818059239555,265650,93825186940240,4375639744,7,2732,1151,10956
171818067529509,171818067549389,171818067561260,171818067563923,171818067574013,171818067574087,265650,93825186940240,4375639744,7,2732,1151,10957
171818075902094,171818075915235,171818075925205,171818075927057,171818075933459,171818075933571,265650,93825186940240,4375639744,7,2732,1151,10958
171818084199595,171818084216826,171818084227827,171818084229959,171818084237538,171818084237607,265650,93825186940240,4375639744,7,2732,1151,10959
171818092564808,171818092584246,171818092596022,171818092598749,171818092614447,171818092614536,265650,93825186940240,4375639744,7,2732,1151,10960
171818100850436,171818100864471,171818100875043,171818100876813,171818100885772,171818100885832,265650,93825186940240,4375639744,7,2732,1151,10961
171818109200315,171818109215788,171818109229910,171818109233135,171818109239817,171818109239907,265650,93825186940240,4375639744,7,2732,1151,10962
171818117607770,171818117629727,171818117642012,171818117644874,171818117661026,171818117661095,265650,93825186940240,4375639744,7,2732,1151,10963
171818125905241,171818125918895,171818125930010,171818125932291,171818125936867,171818125936931,265650,93825186940240,4375639744,7,2732,1151,10964
171818134196036,171818134212921,171818134223781,171818134225651,171818134232964,171818134233017,265650,93825186940240,4375639744,7,2732,1151,10965
171818142573944,171818142594877,171818142607173,171818142610523,171818142616637,171818142616683,265650,93825186940240,4375639744,7,2732,1151,10966
171818150906171,171818150921313,171818150931349,171818150933019,171818150939349,171818150939414,265650,93825186940240,4375639744,7,2732,1151,10967
171818159177803,171818159189600,171818159199255,171818159200721,171818159204169,171818159204236,265650,93825186940240,4375639744,7,2732,1151,10968
171818167576666,171818167591871,171818167602903,171818167604799,171818167610206,171818167610280,265650,93825186940240,4375639744,7,2732,1151,10969
171818175924672,171818175950488,171818175966827,171818175969485,171818175974438,171818175974519,265650,93825186940240,4375639744,7,2732,1151,10970
171818184220267,171818184237410,171818184248328,171818184250595,171818184264144,171818184264209,265650,93825186940240,4375639744,7,2732,1151,10971
171818193449891,171818193466940,171818193478140,171818193480848,171818193486440,171818193486513,265650,93825186940240,4375639744,7,2732,1151,10972
171818201730234,171818201743567,171818201754419,171818201756152,171818201764439,171818201764504,265650,93825186940240,4375639744,7,2732,1151,10973
171818210076625,171818210096227,171818210107841,171818210111081,171818210120127,171818210120222,265650,93825186940240,4375639744,7,2732,1151,10974
171818218420939,171818218436092,171818218447293,171818218449496,171818218457368,171818218457421,265650,93825186940240,4375639744,7,2732,1151,10975
171818226738276,171818226764313,171818226779014,171818226781224,171818226786338,171818226786403,265650,93825186940240,4375639744,7,2732,1151,10976
171818235078317,171818235095546,171818235106648,171818235109043,171818235114068,171818235114161,265650,93825186940240,4375639744,7,2732,1151,10977
171818243421996,171818243437664,171818243449321,171818243452337,171818243466136,171818243466225,265650,93825186940240,4375639744,7,2732,1151,10978
171818251770827,171818251796475,171818251819253,171818251821688,171818251826313,171818251826389,265650,93825186940240,4375639744,7,2732,1151,10979
171818260112158,171818260125943,171818260137120,171818260139022,171818260146288,171818260146333,265650,93825186940240,4375639744,7,2732,1151,10980
171818268406180,171818268419421,171818268430078,171818268431699,171818268436026,171818268436099,265650,93825186940240,4375639744,7,2732,1151,10981
171818276741720,171818276769400,171818276787632,171818276789640,171818276797132,171818276797224,265650,93825186940240,4375639744,7,2732,1151,10982
171818285065664,171818285081107,171818285093490,171818285096550,171818285104270,171818285104326,265650,93825186940240,4375639744,7,2732,1151,10983
171818293479013,171818293496415,171818293507565,171818293509846,171818293517024,171818293517091,265650,93825186940240,4375639744,7,2732,1151,10984
171818301748377,171818301764263,171818301775165,171818301776891,171818301781996,171818301782070,265650,93825186940240,4375639744,7,2732,1151,10985
171818310088328,171818310100110,171818310109899,171818310111162,171818310117432,171818310117518,265650,93825186940240,4375639744,7,2732,1151,10986
171818318479902,171818318502459,171818318514350,171818318517032,171818318525630,171818318525689,265650,93825186940240,4375639744,7,2732,1151,10987
171818326753940,171818326769356,171818326780975,171818326783549,171818326788105,171818326788176,265650,93825186940240,4375639744,7,2732,1151,10988
171818335144638,171818335157734,171818335169084,171818335170294,171818335175902,171818335175978,265650,93825186940240,4375639744,7,2732,1151,10989
171818343467036,171818343477500,171818343486339,171818343487372,171818343493190,171818343493253,265650,93825186940240,4375639744,7,2732,1151,10990
171818351776689,171818351797677,171818351814589,171818351815593,171818351820778,171818351820835,265650,93825186940240,4375639744,7,2732,1151,10991
171818360179994,171818360193043,171818360203682,171818360204988,171818360211232,171818360211306,265650,93825186940240,4375639744,7,2732,1151,10992
171818368545102,171818368559835,171818368571321,171818368572899,171818368576935,171818368577023,265650,93825186940240,4375639744,7,2732,1151,10993
171818376754016,171818376774547,171818376793140,171818376794193,171818376798865,171818376798931,265650,93825186940240,4375639744,7,2732,1151,10994
171818385128391,171818385141300,171818385152119,171818385153303,171818385157447,171818385157538,265650,93825186940240,4375639744,7,2732,1151,10995
171818393470850,171818393480354,171818393488203,171818393489237,171818393494366,171818393494426,265650,93825186940240,4375639744,7,2732,1151,10996
171818401839233,171818401859689,171818401871079,171818401872215,171818401876799,171818401876893,265650,93825186940240,4375639744,7,2732,1151,10997
171818410175809,171818410250900,171818410261595,171818410262855,171818410267876,171818410267957,265650,93825186940240,4375639744,7,2732,1151,10998
171818418448362,171818418459230,171818418468110,171818418469936,171818418481031,171818418481094,265650,93825186940240,4375639744,7,2732,1151,10999
171818426858628,171818426883272,171818426894437,171818426895925,171818426901148,171818426901241,265650,93825186940240,4375639744,7,2732,1151,11000
171818435048105,171818435057434,171818435065702,171818435066425,171818435069344,171818435069408,265650,93825186940240,4375639744,7,2732,1151,11001
171818443412328,171818443421675,171818443429965,171818443430750,171818443435370,171818443435440,265650,93825186940240,4375639744,7,2732,1151,11002
171818451781748,171818451796554,171818451807610,171818451808907,171818451813362,171818451813454,265650,93825186940240,4375639744,7,2732,1151,11003
171818460037439,171818460047781,171818460055975,171818460057017,171818460062848,171818460062916,265650,93825186940240,4375639744,7,2732,1151,11004
171818468426788,171818468438009,171818468446329,171818468447369,171818468455172,171818468455239,265650,93825186940240,4375639744,7,2732,1151,11005
171818476741678,171818476757636,171818476769028,171818476771002,171818476776465,171818476776532,265650,93825186940240,4375639744,7,2732,1151,11006
171818485068268,171818485085372,171818485096579,171818485098954,171818485104958,171818485105023,265650,93825186940240,4375639744,7,2732,1151,11007
171818493416059,171818493429164,171818493440343,171818493442628,171818493449166,171818493449228,265650,93825186940240,4375639744,7,2732,1151,11008
171818501975594,171818502010036,171818502021557,171818502023058,171818502027956,171818502028048,265650,93825186940240,4375639744,7,2732,1151,11009
171818510061462,171818510076804,171818510088185,171818510090590,171818510096031,171818510096117,265650,93825186940240,4375639744,7,2732,1151,11010
171818518411724,171818518424511,171818518435455,171818518437593,171818518442835,171818518442927,265650,93825186940240,4375639744,7,2732,1151,11011
171818526756779,171818526770947,171818526782085,171818526784330,171818526791369,171818526791461,265650,93825186940240,4375639744,7,2732,1151,11012
171818535105667,171818535117127,171818535127733,171818535129574,171818535138193,171818535138263,265650,93825186940240,4375639744,7,2732,1151,11013
171818543435911,171818543450376,171818543462193,171818543465397,171818543480917,171818543481000,265650,93825186940240,4375639744,7,2732,1151,11014
171818551788500,171818551804347,171818551815707,171818551819112,171818551828745,171818551828814,265650,93825186940240,4375639744,7,2732,1151,11015
171818560097683,171818560109474,171818560120037,171818560122169,171818560127401,171818560127461,265650,93825186940240,4375639744,7,2732,1151,11016
171818568433664,171818568444829,171818568455379,171818568457170,171818568461640,171818568461691,265650,93825186940240,4375639744,7,2732,1151,11017
171818576754306,171818576766070,171818576776448,171818576778282,171818576781982,171818576782026,265650,93825186940240,4375639744,7,2732,1151,11018
171818585073470,171818585084883,171818585095144,171818585097079,171818585101539,171818585101601,265650,93825186940240,4375639744,7,2732,1151,11019
171818593490047,171818593505321,171818593517033,171818593520119,171818593530707,171818593530757,265650,93825186940240,4375639744,7,2732,1151,11020
171818601776953,171818601790620,171818601802320,171818601804972,171818601811985,171818601812038,265650,93825186940240,4375639744,7,2732,1151,11021
171818611595229,171818611606177,171818611616366,171818611618217,171818611622825,171818611622885,265650,93825186940240,4375639744,7,2732,1151,11022
171818619961489,171818619972536,171818619983535,171818619985618,171818619990669,171818619990730,265650,93825186940240,4375639744,7,2732,1151,11023
171818628288327,171818628299003,171818628309445,171818628311358,171818628315619,171818628315714,265650,93825186940240,4375639744,7,2732,1151,11024
171818637106385,171818637117895,171818637129472,171818637131440,171818637136255,171818637136310,265650,93825186940240,4375639744,7,2732,1151,11025
171818645453407,171818645465075,171818645476445,171818645479537,171818645490562,171818645490631,265650,93825186940240,4375639744,7,2732,1151,11026
171818656090527,171818656101033,171818656111539,171818656113599,171818656118089,171818656118156,265650,93825186940240,4375639744,7,2732,1151,11027
171818664369878,171818664380529,171818664391320,171818664393919,171818664398400,171818664398460,265650,93825186940240,4375639744,7,2732,1151,11028
171818674935103,171818674945946,171818674956623,171818674958461,171818674963439,171818674963493,265650,93825186940240,4375639744,7,2732,1151,11029
171818685118574,171818685138232,171818685150298,171818685152362,171818685158954,171818685159047,265650,93825186940240,4375639744,7,2732,1151,11030
171818693493594,171818693502336,171818693511063,171818693513430,171818693518749,171818693518809,265650,93825186940240,4375639744,7,2732,1151,11031
171818703438361,171818703456170,171818703468073,171818703471524,171818703476051,171818703476134,265650,93825186940240,4375639744,7,2732,1151,11032
171818712362388,171818712373651,171818712383988,171818712385823,171818712389643,171818712389718,265650,93825186940240,4375639744,7,2732,1151,11033
171818722578389,171818722589793,171818722600294,171818722602173,171818722606381,171818722606466,265650,93825186940240,4375639744,7,2732,1151,11034
171818731076454,171818731156539,171818731168793,171818731170279,171818731175981,171818731176067,265650,93825186940240,4375639744,7,2732,1151,11035
171818739228818,171818739238165,171818739246577,171818739247624,171818739250530,171818739250600,265650,93825186940240,4375639744,7,2732,1151,11036
171818749088309,171818749099705,171818749110735,171818749113225,171818749117828,171818749117911,265650,93825186940240,4375639744,7,2732,1151,11037
171818757409965,171818757421152,171818757431981,171818757433687,171818757437716,171818757437779,265650,93825186940240,4375639744,7,2732,1151,11038
171818765715514,171818765726556,171818765737448,171818765740332,171818765746175,171818765746258,265650,93825186940240,4375639744,7,2732,1151,11039
171818774058031,171818774069652,171818774080782,171818774083279,171818774092728,171818774092825,265650,93825186940240,4375639744,7,2732,1151,11040
171818782444939,171818782460580,171818782472970,171818782476518,171818782490452,171818782490529,265650,93825186940240,4375639744,7,2732,1151,11041
171818790813984,171818790830362,171818790842710,171818790844861,171818790848533,171818790848620,265650,93825186940240,4375639744,7,2732,1151,11042
171818799028676,171818799037349,171818799045447,171818799046551,171818799049005,171818799049070,265650,93825186940240,4375639744,7,2732,1151,11043
171818807433557,171818807447782,171818807458836,171818807460277,171818807463144,171818807463238,265650,93825186940240,4375639744,7,2732,1151,11044
171818815776375,171818815784891,171818815792927,171818815794107,171818815798123,171818815798186,265650,93825186940240,4375639744,7,2732,1151,11045
171818824168955,171818824181191,171818824192154,171818824193377,171818824198705,171818824198792,265650,93825186940240,4375639744,7,2732,1151,11046
171818832411440,171818832423118,171818832431385,171818832432626,171818832435098,171818832435165,265650,93825186940240,4375639744,7,2732,1151,11047
171818840717122,171818840728798,171818840740545,171818840743503,171818840751457,171818840751544,265650,93825186940240,4375639744,7,2732,1151,11048
171818850279139,171818850290195,171818850300702,171818850302352,171818850306670,171818850306735,265650,93825186940240,4375639744,7,2732,1151,11049
171818858627295,171818858641474,171818858653601,171818858656614,171818858662091,171818858662150,265650,93825186940240,4375639744,7,2732,1151,11050
171818867017480,171818867028653,171818867041340,171818867044790,171818867054025,171818867054081,265650,93825186940240,4375639744,7,2732,1151,11051
171818876354345,171818876365530,171818876376119,171818876377823,171818876383290,171818876383397,265650,93825186940240,4375639744,7,2732,1151,11052
171818884725118,171818884736600,171818884748437,171818884751150,171818884763218,171818884763304,265650,93825186940240,4375639744,7,2732,1151,11053
171818892997862,171818893014811,171818893026295,171818893028711,171818893033938,171818893033993,265650,93825186940240,4375639744,7,2732,1151,11054
171818901324718,171818901338142,171818901350045,171818901352004,171818901361511,171818901361575,265650,93825186940240,4375639744,7,2732,1151,11055
171818909883168,171818909894181,171818909905327,171818909907445,171818909913018,171818909913082,265650,93825186940240,4375639744,7,2732,1151,11056
171818918222781,171818918234531,171818918247009,171818918249690,171818918256271,171818918256331,265650,93825186940240,4375639744,7,2732,1151,11057
171818926725402,171818926736333,171818926747123,171818926749238,171818926754859,171818926754913,265650,93825186940240,4375639744,7,2732,1151,11058
171818935033249,171818935048931,171818935060205,171818935062639,171818935067096,171818935067183,265650,93825186940240,4375639744,7,2732,1151,11059
171818943405599,171818943417083,171818943428821,171818943431801,171818943442512,171818943442593,265650,93825186940240,4375639744,7,2732,1151,11060
171818951895497,171818951906886,171818951917481,171818951919395,171818951927150,171818951927242,265650,93825186940240,4375639744,7,2732,1151,11061
171818960220387,171818960232711,171818960243069,171818960244960,171818960254982,171818960255049,265650,93825186940240,4375639744,7,2732,1151,11062
171818968604013,171818968616612,171818968627344,171818968629255,171818968634649,171818968634710,265650,93825186940240,4375639744,7,2732,1151,11063
171818977950660,171818977961734,171818977973877,171818977975763,171818977980730,171818977980793,265650,93825186940240,4375639744,7,2732,1151,11064
171818986258943,171818986270930,171818986281563,171818986283437,171818986287310,171818986287365,265650,93825186940240,4375639744,7,2732,1151,11065
171818994589630,171818994601613,171818994612668,171818994614813,171818994618908,171818994618971,265650,93825186940240,4375639744,7,2732,1151,11066
171819002968844,171819002984916,171819002995980,171819002998070,171819003005723,171819003005782,265650,93825186940240,4375639744,7,2732,1151,11067
171819011254642,171819011266053,171819011276623,171819011278736,171819011282156,171819011282211,265650,93825186940240,4375639744,7,2732,1151,11068
171819019617146,171819019628877,171819019640133,171819019642139,171819019644930,171819019644998,265650,93825186940240,4375639744,7,2732,1151,11069
171819027935728,171819027947649,171819027958746,171819027960457,171819027964170,171819027964212,265650,93825186940240,4375639744,7,2732,1151,11070
171819036259714,171819036272553,171819036283632,171819036285824,171819036289365,171819036289426,265650,93825186940240,4375639744,7,2732,1151,11071
171819044640615,171819044651516,171819044663062,171819044666222,171819044671265,171819044671311,265650,93825186940240,4375639744,7,2732,1151,11072
171819053175642,171819053186230,171819053196890,171819053199086,171819053203856,171819053203914,265650,93825186940240,4375639744,7,2732,1151,11073
171819061480814,171819061493415,171819061504595,171819061506183,171819061511206,171819061511272,265650,93825186940240,4375639744,7,2732,1151,11074
171819069867206,171819069879696,171819069890553,171819069892545,171819069896032,171819069896135,265650,93825186940240,4375639744,7,2732,1151,11075
171819078147365,171819078158031,171819078168647,171819078170643,171819078175599,171819078175641,265650,93825186940240,4375639744,7,2732,1151,11076
171819086532981,171819086544227,171819086555755,171819086558714,171819086562535,171819086562594,265650,93825186940240,4375639744,7,2732,1151,11077
171819094864592,171819094875576,171819094886718,171819094888719,171819094892108,171819094892167,265650,93825186940240,4375639744,7,2732,1151,11078
171819103451207,171819103462026,171819103472596,171819103474563,171819103479721,171819103479781,265650,93825186940240,4375639744,7,2732,1151,11079
171819111772893,171819111784430,171819111795015,171819111796877,171819111801818,171819111801875,265650,93825186940240,4375639744,7,2732,1151,11080
171819120050661,171819120061924,171819120072247,171819120074052,171819120078081,171819120078142,265650,93825186940240,4375639744,7,2732,1151,11081
171819128753054,171819128763710,171819128774319,171819128776171,171819128780840,171819128780901,265650,93825186940240,4375639744,7,2732,1151,11082
171819137151438,171819137169550,171819137180164,171819137182080,171819137187915,171819137187958,265650,93825186940240,4375639744,7,2732,1151,11083
171819145563027,171819145574103,171819145584927,171819145587399,171819145599223,171819145599301,265650,93825186940240,4375639744,7,2732,1151,11084
171819153886651,171819153898169,171819153909782,171819153912540,171819153916276,171819153916364,265650,93825186940240,4375639744,7,2732,1151,11085
171819162150488,171819162162004,171819162173490,171819162175172,171819162183422,171819162183483,265650,93825186940240,4375639744,7,2732,1151,11086
171819170461984,171819170473750,171819170484302,171819170486351,171819170489680,171819170489743,265650,93825186940240,4375639744,7,2732,1151,11087
171819178863361,171819178875206,171819178886983,171819178891442,171819178902265,171819178902328,265650,93825186940240,4375639744,7,2732,1151,11088
171819187513930,171819187524676,171819187535406,171819187537464,171819187560154,171819187560213,265650,93825186940240,4375639744,7,2732,1151,11089
171819195911110,171819195923786,171819195935259,171819195937792,171819195941980,171819195942038,265650,93825186940240,4375639744,7,2732,1151,11090
171819204255491,171819204266370,171819204276949,171819204278999,171819204282333,171819204282409,265650,93825186940240,4375639744,7,2732,1151,11091
171819212588496,171819212600855,171819212611816,171819212613900,171819212619401,171819212619575,265650,93825186940240,4375639744,7,2732,1151,11092
171819221022515,171819221041176,171819221053298,171819221055856,171819221063395,171819221063463,265650,93825186940240,4375639744,7,2732,1151,11093
171819231329294,171819231341492,171819231352583,171819231355082,171819231362272,171819231362361,265650,93825186940240,4375639744,7,2732,1151,11094
171819239653824,171819239665566,171819239676892,171819239679585,171819239684531,171819239684625,265650,93825186940240,4375639744,7,2732,1151,11095
171819248044680,171819248057007,171819248068414,171819248070664,171819248076470,171819248076546,265650,93825186940240,4375639744,7,2732,1151,11096
171819265268498,171819265284370,171819265304437,171819265307819,171819265317070,171819265317155,265650,93825186940240,4375639744,7,2732,1151,11097
171819273556805,171819273573324,171819273584992,171819273587765,171819273595380,171819273595464,265650,93825186940240,4375639744,7,2732,1151,11098
171819281891195,171819281910803,171819281922770,171819281925453,171819281936834,171819281936911,265650,93825186940240,4375639744,7,2732,1151,11099
171819290214531,171819290234171,171819290245705,171819290248354,171819290259535,171819290259629,265650,93825186940240,4375639744,7,2732,1151,11100
171819298560471,171819298580885,171819298592198,171819298595152,171819298606117,171819298606195,265650,93825186940240,4375639744,7,2732,1151,11101
171819306924669,171819306950123,171819306962905,171819306966316,171819306983308,171819306983396,265650,93825186940240,4375639744,7,2732,1151,11102
171819315229478,171819315249370,171819315261023,171819315263602,171819315274406,171819315274506,265650,93825186940240,4375639744,7,2732,1151,11103
171819323609805,171819323630332,171819323641707,171819323644872,171819323655321,171819323655409,265650,93825186940240,4375639744,7,2732,1151,11104
171819331910073,171819331926928,171819331938010,171819331940263,171819331947717,171819331947817,265650,93825186940240,4375639744,7,2732,1151,11105
171819340194144,171819340209789,171819340221016,171819340222703,171819340229833,171819340229917,265650,93825186940240,4375639744,7,2732,1151,11106
171819348532048,171819348550524,171819348562453,171819348565152,171819348582293,171819348582386,265650,93825186940240,4375639744,7,2732,1151,11107
171819356870628,171819356886042,171819356897965,171819356899788,171819356908850,171819356908925,265650,93825186940240,4375639744,7,2732,1151,11108
171819365175823,171819365188817,171819365199271,171819365200626,171819365207090,171819365207155,265650,93825186940240,4375639744,7,2732,1151,11109
171819373568484,171819373587109,171819373598659,171819373601441,171819373610111,171819373610166,265650,93825186940240,4375639744,7,2732,1151,11110
171819381860842,171819381875237,171819381885973,171819381888299,171819381897801,171819381897866,265650,93825186940240,4375639744,7,2732,1151,11111
171819390192153,171819390213086,171819390230837,171819390233022,171819390241377,171819390241473,265650,93825186940240,4375639744,7,2732,1151,11112
171819398576136,171819398592137,171819398603173,171819398605212,171819398611342,171819398611421,265650,93825186940240,4375639744,7,2732,1151,11113
171819406934245,171819406958120,171819406970373,171819406975818,171819406989560,171819406989641,265650,93825186940240,4375639744,7,2732,1151,11114
171819415229548,171819415249917,171819415261287,171819415263821,171819415274563,171819415274639,265650,93825186940240,4375639744,7,2732,1151,11115
171819423588855,171819423604438,171819423614786,171819423619623,171819423638893,171819423639037,265650,93825186940240,4375639744,7,2732,1151,11116
171819431931003,171819431944036,171819431953549,171819431955374,171819431961862,171819431961934,265650,93825186940240,4375639744,7,2732,1151,11117
171819440193777,171819440203004,171819440211031,171819440212274,171819440216597,171819440216667,265650,93825186940240,4375639744,7,2732,1151,11118
171819448620203,171819448633569,171819448644741,171819448646399,171819448654493,171819448654585,265650,93825186940240,4375639744,7,2732,1151,11119
171819456857863,171819456867834,171819456876277,171819456877358,171819456883826,171819456883890,265650,93825186940240,4375639744,7,2732,1151,11120
171819465218723,171819465248381,171819465260358,171819465261540,171819465266815,171819465266887,265650,93825186940240,4375639744,7,2732,1151,11121
171819473623750,171819473657290,171819473668911,171819473671336,171819473680736,171819473680827,265650,93825186940240,4375639744,7,2732,1151,11122
171819481876813,171819481906491,171819481920653,171819481922483,171819481925757,171819481925836,265650,93825186940240,4375639744,7,2732,1151,11123
171819490227563,171819490239385,171819490254514,171819490255651,171819490258627,171819490258700,265650,93825186940240,4375639744,7,2732,1151,11124
171819498658896,171819498672875,171819498684596,171819498686160,171819498692692,171819498692790,265650,93825186940240,4375639744,7,2732,1151,11125
171819506913413,171819506927023,171819506938071,171819506939778,171819506947183,171819506947279,265650,93825186940240,4375639744,7,2732,1151,11126
171819515278392,171819515291648,171819515302654,171819515304002,171819515309810,171819515309911,265650,93825186940240,4375639744,7,2732,1151,11127
171819523614642,171819523627824,171819523638799,171819523639794,171819523643728,171819523643827,265650,93825186940240,4375639744,7,2732,1151,11128
171819531966447,171819531979052,171819531989743,171819531990698,171819531994800,171819531994887,265650,93825186940240,4375639744,7,2732,1151,11129
171819540245514,171819540257381,171819540267753,171819540268623,171819540273689,171819540273784,265650,93825186940240,4375639744,7,2732,1151,11130
171819548550246,171819548561274,171819548570278,171819548571013,171819548575243,171819548575317,265650,93825186940240,4375639744,7,2732,1151,11131
171819556966756,171819556979138,171819556989560,171819556990474,171819556996112,171819556996193,265650,93825186940240,4375639744,7,2732,1151,11132
171819565249871,171819565286079,171819565296876,171819565297679,171819565303869,171819565303940,265650,93825186940240,4375639744,7,2732,1151,11133
171819573617749,171819573630035,171819573640449,171819573641285,171819573646731,171819573646797,265650,93825186940240,4375639744,7,2732,1151,11134
171819581957099,171819581968964,171819581979368,171819581980100,171819581985519,171819581985596,265650,93825186940240,4375639744,7,2732,1151,11135
171819590227061,171819590236826,171819590257004,171819590257805,171819590264257,171819590264312,265650,93825186940240,4375639744,7,2732,1151,11136
171819598619531,171819598631524,171819598641902,171819598642657,171819598647298,171819598647372,265650,93825186940240,4375639744,7,2732,1151,11137
171819607129982,171819607155349,171819607180329,171819607181985,171819607184800,171819607184879,265650,93825186940240,4375639744,7,2732,1151,11138
171819615216003,171819615228459,171819615239522,171819615240586,171819615245222,171819615245312,265650,93825186940240,4375639744,7,2732,1151,11139
171819623617579,171819623625941,171819623633677,171819623634430,171819623638389,171819623638449,265650,93825186940240,4375639744,7,2732,1151,11140
171819631960007,171819631972332,171819631983194,171819631984146,171819631989066,171819631989138,265650,93825186940240,4375639744,7,2732,1151,11141
171819640199760,171819640209509,171819640218142,171819640218822,171819640222704,171819640222762,265650,93825186940240,4375639744,7,2732,1151,11142
171819648620839,171819648632855,171819648643629,171819648644300,171819648669014,171819648669088,265650,93825186940240,4375639744,7,2732,1151,11143
171819656984730,171819657022620,171819657033625,171819657034692,171819657040165,171819657040242,265650,93825186940240,4375639744,7,2732,1151,11144
171819665214061,171819665226221,171819665237033,171819665237890,171819665241992,171819665242065,265650,93825186940240,4375639744,7,2732,1151,11145
171819673620785,171819673632163,171819673642880,171819673643690,171819673648162,171819673648234,265650,93825186940240,4375639744,7,2732,1151,11146
171819681866272,171819681874245,171819681881783,171819681882356,171819681885437,171819681885491,265650,93825186940240,4375639744,7,2732,1151,11147
171819690213672,171819690225744,171819690236765,171819690237987,171819690242852,171819690242925,265650,93825186940240,4375639744,7,2732,1151,11148
171819698597898,171819698610031,171819698621514,171819698622773,171819698627455,171819698627570,265650,93825186940240,4375639744,7,2732,1151,11149
171819706996976,171819707011234,171819707021892,171819707022851,171819707027404,171819707027470,265650,93825186940240,4375639744,7,2732,1151,11150
171819715304498,171819715317903,171819715328909,171819715330087,171819715336312,171819715336399,265650,93825186940240,4375639744,7,2732,1151,11151
171819723723492,171819723738350,171819723750021,171819723751419,171819723758292,171819723758388,265650,93825186940240,4375639744,7,2732,1151,11152
171819731928689,171819731944716,171819731955967,171819731959281,171819731967076,171819731967170,265650,93825186940240,4375639744,7,2732,1151,11153
171819740208588,171819740225086,171819740236517,171819740238663,171819740243486,171819740243562,265650,93825186940240,4375639744,7,2732,1151,11154
171819748559303,171819748572613,171819748583126,171819748585036,171819748591310,171819748591361,265650,93825186940240,4375639744,7,2732,1151,11155
171819756951623,171819756973212,171819756985863,171819756988778,171819756997075,171819756997124,265650,93825186940240,4375639744,7,2732,1151,11156
171819765205868,171819765220166,171819765230483,171819765232367,171819765242606,171819765242698,265650,93825186940240,4375639744,7,2732,1151,11157
171819773550085,171819773565421,171819773576796,171819773579052,171819773593699,171819773593961,265650,93825186940240,4375639744,7,2732,1151,11158
171819781906819,171819781920690,171819781931596,171819781933804,171819781946023,171819781946088,265650,93825186940240,4375639744,7,2732,1151,11159
171819790210958,171819790227459,171819790238375,171819790240598,171819790252083,171819790252141,265650,93825186940240,4375639744,7,2732,1151,11160
171819798579776,171819798598759,171819798610675,171819798613531,171819798628221,171819798628292,265650,93825186940240,4375639744,7,2732,1151,11161
171819806886751,171819806904732,171819806918026,171819806921050,171819806936954,171819806937020,265650,93825186940240,4375639744,7,2732,1151,11162
171819815348224,171819815366874,171819815378844,171819815380599,171819815387722,171819815387813,265650,93825186940240,4375639744,7,2732,1151,11163
171819823618761,171819823636403,171819823648031,171819823650829,171819823663418,171819823663635,265650,93825186940240,4375639744,7,2732,1151,11164
171819831907675,171819831923078,171819831934743,171819831937988,171819831953703,171819831953973,265650,93825186940240,4375639744,7,2732,1151,11165
171819840220734,171819840237403,171819840248329,171819840250349,171819840259897,171819840259953,265650,93825186940240,4375639744,7,2732,1151,11166
171819848628464,171819848650872,171819848662483,171819848664964,171819848676842,171819848676923,265650,93825186940240,4375639744,7,2732,1151,11167
171819856897932,171819856920766,171819856932336,171819856935051,171819856968713,171819856968775,265650,93825186940240,4375639744,7,2732,1151,11168
171819865243378,171819865266667,171819865278508,171819865282119,171819865300417,171819865300493,265650,93825186940240,4375639744,7,2732,1151,11169
171819873665554,171819873684796,171819873697182,171819873699261,171819873707998,171819873708093,265650,93825186940240,4375639744,7,2732,1151,11170
171819882029442,171819882042597,171819882053769,171819882055119,171819882059546,171819882059632,265650,93825186940240,4375639744,7,2732,1151,11171
171819890278775,171819890318481,171819890331568,171819890333909,171819890339519,171819890339614,265650,93825186940240,4375639744,7,2732,1151,11172
171819898688736,171819898732180,171819898743089,171819898744199,171819898749983,171819898750071,265650,93825186940240,4375639744,7,2732,1151,11173
171819906949175,171819906973254,171819906985022,171819906985989,171819906993640,171819906993731,265650,93825186940240,4375639744,7,2732,1151,11174
171819915234608,171819915246846,171819915257552,171819915258457,171819915263771,171819915263840,265650,93825186940240,4375639744,7,2732,1151,11175
171819923640750,171819923653392,171819923664434,171819923665469,171819923671040,171819923671112,265650,93825186940240,4375639744,7,2732,1151,11176
171819931994239,171819932036378,171819932072470,171819932073390,171819932078801,171819932078876,265650,93825186940240,4375639744,7,2732,1151,11177
171819940211143,171819940222830,171819940233383,171819940234158,171819940238305,171819940238380,265650,93825186940240,4375639744,7,2732,1151,11178
171819948603273,171819948620628,171819948632126,171819948634868,171819948647060,171819948647134,265650,93825186940240,4375639744,7,2732,1151,11179
171819956904164,171819956918411,171819956930079,171819956933210,171819956946976,171819956947040,265650,93825186940240,4375639744,7,2732,1151,11180
171819965249806,171819965264884,171819965276346,171819965278296,171819965289928,171819965290014,265650,93825186940240,4375639744,7,2732,1151,11181
171819973686110,171819973793551,171819973805503,171819973807047,171819973814060,171819973814150,265650,93825186940240,4375639744,7,2732,1151,11182
171819981974046,171819981990007,171819982004192,171819982005172,171819982010207,171819982010346,265650,93825186940240,4375639744,7,2732,1151,11183
171819990214677,171819990227911,171819990238998,171819990240122,171819990244445,171819990244538,265650,93825186940240,4375639744,7,2732,1151,11184
171819998667716,171819998731174,171819998741691,171819998742634,171819998747265,171819998747338,265650,93825186940240,4375639744,7,2732,1151,11185
171820006847065,171820006859210,171820006867817,171820006869927,171820006877243,171820006877311,265650,93825186940240,4375639744,7,2732,1151,11186
171820015273404,171820015295555,171820015307779,171820015310748,171820015320499,171820015320607,265650,93825186940240,4375639744,7,2732,1151,11187
171820023677169,171820023692978,171820023705453,171820023707733,171820023719858,171820023719976,265650,93825186940240,4375639744,7,2732,1151,11188
171820031946294,171820031970157,171820031982271,171820031985395,171820031998500,171820031998606,265650,93825186940240,4375639744,7,2732,1151,11189
171820040220998,171820040239806,171820040251403,171820040253648,171820040265099,171820040265180,265650,93825186940240,4375639744,7,2732,1151,11190
171820048610507,171820048627319,171820048638423,171820048641056,171820048646479,171820048646539,265650,93825186940240,4375639744,7,2732,1151,11191
171820056906725,171820056918692,171820056929755,171820056932400,171820056941634,171820056941692,265650,93825186940240,4375639744,7,2732,1151,11192
171820065243750,171820065259133,171820065270523,171820065273170,171820065283921,171820065284006,265650,93825186940240,4375639744,7,2732,1151,11193
171820073563579,171820073574596,171820073585346,171820073587778,171820073596282,171820073596327,265650,93825186940240,4375639744,7,2732,1151,11194
171820081895713,171820081906816,171820081918140,171820081919671,171820081926795,171820081926855,265650,93825186940240,4375639744,7,2732,1151,11195
171820090223373,171820090235112,171820090245723,171820090247753,171820090255378,171820090255435,265650,93825186940240,4375639744,7,2732,1151,11196
171820098569584,171820098582814,171820098593898,171820098596254,171820098606466,171820098606543,265650,93825186940240,4375639744,7,2732,1151,11197
171820107069492,171820107082344,171820107093176,171820107095518,171820107099845,171820107099945,265650,93825186940240,4375639744,7,2732,1151,11198
171820115412560,171820115429673,171820115441520,171820115443321,171820115447928,171820115448021,265650,93825186940240,4375639744,7,2732,1151,11199
171820123869213,171820123905359,171820123916748,171820123917985,171820123921125,171820123921219,265650,93825186940240,4375639744,7,2732,1151,11200
171820132673165,171820132682051,171820132689951,171820132690978,171820132696314,171820132696380,265650,93825186940240,4375639744,7,2732,1151,11201
171820141081824,171820141094300,171820141105752,171820141107482,171820141112577,171820141112682,265650,93825186940240,4375639744,7,2732,1151,11202
171820149354746,171820149382277,171820149393802,171820149397738,171820149402936,171820149403015,265650,93825186940240,4375639744,7,2732,1151,11203
171820161210861,171820161223816,171820161236087,171820161239751,171820161249197,171820161249292,265650,93825186940240,4375639744,7,2732,1151,11204
171820170537813,171820170548412,171820170558701,171820170561093,171820170566314,171820170566402,265650,93825186940240,4375639744,7,2732,1151,11205
171820178848096,171820178859061,171820178869325,171820178871130,171820178875901,171820178875970,265650,93825186940240,4375639744,7,2732,1151,11206
171820188752784,171820188762147,171820188770694,171820188772195,171820188777657,171820188777719,265650,93825186940240,4375639744,7,2732,1151,11207
171820197481556,171820197491311,171820197500150,171820197501136,171820197505638,171820197505700,265650,93825186940240,4375639744,7,2732,1151,11208
171820205918328,171820205930259,171820205941506,171820205942442,171820205948260,171820205948340,265650,93825186940240,4375639744,7,2732,1151,11209
171820215087264,171820215096125,171820215104571,171820215106320,171820215111503,171820215111568,265650,93825186940240,4375639744,7,2732,1151,11210
171820224104527,171820224114653,171820224124020,171820224125209,171820224130863,171820224130927,265650,93825186940240,4375639744,7,2732,1151,11211
171820232494959,171820232505005,171820232513689,171820232514716,171820232519995,171820232520060,265650,93825186940240,4375639744,7,2732,1151,11212
171820240769983,171820240778725,171820240786726,171820240787759,171820240792299,171820240792367,265650,93825186940240,4375639744,7,2732,1151,11213
171820249059891,171820249072540,171820249083459,171820249084983,171820249090416,171820249090497,265650,93825186940240,4375639744,7,2732,1151,11214
171820257444440,171820257453578,171820257462045,171820257463131,171820257467282,171820257467344,265650,93825186940240,4375639744,7,2732,1151,11215
171820265829098,171820265841056,171820265852189,171820265853347,171820265859041,171820265859131,265650,93825186940240,4375639744,7,2732,1151,11216
171820274061834,171820274070767,171820274079019,171820274079746,171820274084112,171820274084169,265650,93825186940240,4375639744,7,2732,1151,11217
171820282453295,171820282462497,171820282470723,171820282471402,171820282477009,171820282477067,265650,93825186940240,4375639744,7,2732,1151,11218
171820290837528,171820290851984,171820290863263,171820290864641,171820290870004,171820290870085,265650,93825186940240,4375639744,7,2732,1151,11219
171820299204860,171820299276794,171820299288162,171820299289720,171820299296405,171820299296490,265650,93825186940240,4375639744,7,2732,1151,11220
171820307547791,171820307560684,171820307572443,171820307573745,171820307580224,171820307580298,265650,93825186940240,4375639744,7,2732,1151,11221
171820328612424,171820328628360,171820328639600,171820328642299,171820328647727,171820328647810,265650,93825186940240,4375639744,7,2732,1151,11222
171820336907568,171820336921081,171820336931706,171820336933460,171820336941362,171820336941413,265650,93825186940240,4375639744,7,2732,1151,11223
171820345249831,171820345263466,171820345274319,171820345276803,171820345282423,171820345282482,265650,93825186940240,4375639744,7,2732,1151,11224
171820353592874,171820353606329,171820353616898,171820353619166,171820353625151,171820353625209,265650,93825186940240,4375639744,7,2732,1151,11225
171820362012557,171820362036401,171820362048901,171820362050904,171820362063574,171820362063636,265650,93825186940240,4375639744,7,2732,1151,11226
171820370255457,171820370272969,171820370283905,171820370286239,171820370293890,171820370293946,265650,93825186940240,4375639744,7,2732,1151,11227
171820378606050,171820378629835,171820378641164,171820378643773,171820378650154,171820378650212,265650,93825186940240,4375639744,7,2732,1151,11228
171820386981708,171820387007885,171820387019908,171820387022444,171820387032541,171820387032632,265650,93825186940240,4375639744,7,2732,1151,11229
171820395259138,171820395275285,171820395285803,171820395287692,171820395298306,171820395298368,265650,93825186940240,4375639744,7,2732,1151,11230
171820403649474,171820403668076,171820403679664,171820403681908,171820403689392,171820403689462,265650,93825186940240,4375639744,7,2732,1151,11231
171820411922874,171820411943324,171820411954174,171820411956374,171820411965691,171820411965747,265650,93825186940240,4375639744,7,2732,1151,11232
171820420249512,171820420264228,171820420275330,171820420277268,171820420283502,171820420283570,265650,93825186940240,4375639744,7,2732,1151,11233
171820428601783,171820428622732,171820428634189,171820428636721,171820428645071,171820428645130,265650,93825186940240,4375639744,7,2732,1151,11234
171820436956110,171820436973576,171820436986187,171820436988525,171820437005422,171820437005513,265650,93825186940240,4375639744,7,2732,1151,11235
171820445311495,171820445328485,171820445340751,171820445344736,171820445351366,171820445351440,265650,93825186940240,4375639744,7,2732,1151,11236
171820453632076,171820453648630,171820453659380,171820453661205,171820453668501,171820453668594,265650,93825186940240,4375639744,7,2732,1151,11237
171820461920325,171820461936431,171820461947035,171820461948801,171820461955620,171820461955842,265650,93825186940240,4375639744,7,2732,1151,11238
171820470263886,171820470278383,171820470289126,171820470290766,171820470297777,171820470297876,265650,93825186940240,4375639744,7,2732,1151,11239
171820478588715,171820478608241,171820478619809,171820478622741,171820478632754,171820478632817,265650,93825186940240,4375639744,7,2732,1151,11240
171820486910910,171820486925384,171820486935814,171820486937577,171820486947233,171820486947307,265650,93825186940240,4375639744,7,2732,1151,11241
171820495241889,171820495255858,171820495266017,171820495267599,171820495274906,171820495274970,265650,93825186940240,4375639744,7,2732,1151,11242
171820503678743,171820503697167,171820503708174,171820503710067,171820503717247,171820503717294,265650,93825186940240,4375639744,7,2732,1151,11243
171820511982169,171820512007031,171820512018544,171820512021198,171820512036368,171820512036414,265650,93825186940240,4375639744,7,2732,1151,11244
171820520248875,171820520262658,171820520273138,171820520274779,171820520281782,171820520281831,265650,93825186940240,4375639744,7,2732,1151,11245
171820528635228,171820528655531,171820528666724,171820528668551,171820528675462,171820528675514,265650,93825186940240,4375639744,7,2732,1151,11246
171820536930095,171820536945737,171820536956462,171820536958154,171820536965322,171820536965381,265650,93825186940240,4375639744,7,2732,1151,11247
171820545269929,171820545288205,171820545299521,171820545301583,171820545309394,171820545309466,265650,93825186940240,4375639744,7,2732,1151,11248
171820553582699,171820553595823,171820553606386,171820553608002,171820553612462,171820553612525,265650,93825186940240,4375639744,7,2732,1151,11249
171820561963700,171820561979907,171820561991152,171820561993096,171820562005046,171820562005118,265650,93825186940240,4375639744,7,2732,1151,11250
171820570256737,171820570271327,171820570281753,171820570283354,171820570291628,171820570291689,265650,93825186940240,4375639744,7,2732,1151,11251
171820578590002,171820578605279,171820578616574,171820578618535,171820578622780,171820578622844,265650,93825186940240,4375639744,7,2732,1151,11252
171820586930013,171820586945325,171820586955916,171820586957785,171820586965611,171820586965677,265650,93825186940240,4375639744,7,2732,1151,11253
171820595250051,171820595271588,171820595287713,171820595289418,171820595296571,171820595296637,265650,93825186940240,4375639744,7,2732,1151,11254
171820603619436,171820603640487,171820603653233,171820603656200,171820603664140,171820603664199,265650,93825186940240,4375639744,7,2732,1151,11255
171820611928477,171820611945908,171820611956613,171820611958505,171820611967125,171820611967176,265650,93825186940240,4375639744,7,2732,1151,11256
171820620263230,171820620277346,171820620288398,171820620290048,171820620297975,171820620298036,265650,93825186940240,4375639744,7,2732,1151,11257
171820628603255,171820628619796,171820628631634,171820628633572,171820628639380,171820628639423,265650,93825186940240,4375639744,7,2732,1151,11258
171820636929556,171820636945342,171820636955895,171820636957993,171820636967766,171820636967846,265650,93825186940240,4375639744,7,2732,1151,11259
171820645254497,171820645268630,171820645279149,171820645280772,171820645289522,171820645289580,265650,93825186940240,4375639744,7,2732,1151,11260
171820653602889,171820653617758,171820653628693,171820653630496,171820653637614,171820653637677,265650,93825186940240,4375639744,7,2732,1151,11261
171820661930256,171820661949161,171820661959938,171820661961846,171820661966363,171820661966423,265650,93825186940240,4375639744,7,2732,1151,11262
171820670264027,171820670277939,171820670288700,171820670290411,171820670298665,171820670298727,265650,93825186940240,4375639744,7,2732,1151,11263
171820678596530,171820678610538,171820678621986,171820678624783,171820678632578,171820678632661,265650,93825186940240,4375639744,7,2732,1151,11264
171820686983713,171820687006931,171820687018284,171820687021323,171820687033487,171820687033564,265650,93825186940240,4375639744,7,2732,1151,11265
171820695274746,171820695293530,171820695304454,171820695306462,171820695311707,171820695311762,265650,93825186940240,4375639744,7,2732,1151,11266
171820703622338,171820703639270,171820703650144,171820703652109,171820703662058,171820703662116,265650,93825186940240,4375639744,7,2732,1151,11267
171820711929051,171820711945385,171820711957910,171820711960884,171820711974670,171820711974732,265650,93825186940240,4375639744,7,2732,1151,11268
171820720276954,171820720293068,171820720303851,171820720306443,171820720318146,171820720318188,265650,93825186940240,4375639744,7,2732,1151,11269
171820728605290,171820728621506,171820728632291,171820728634424,171820728641851,171820728641894,265650,93825186940240,4375639744,7,2732,1151,11270
171820736963771,171820736983938,171820736996233,171820736999714,171820737016929,171820737016984,265650,93825186940240,4375639744,7,2732,1151,11271
171820745262649,171820745275696,171820745286308,171820745287954,171820745294370,171820745294415,265650,93825186940240,4375639744,7,2732,1151,11272
171820753644368,171820753657267,171820753668293,171820753669757,171820753678719,171820753678773,265650,93825186940240,4375639744,7,2732,1151,11273
171820761940542,171820761956956,171820761967714,171820761969225,171820761976571,171820761976628,265650,93825186940240,4375639744,7,2732,1151,11274
171820770302209,171820770321140,171820770332306,171820770334379,171820770344891,171820770345082,265650,93825186940240,4375639744,7,2732,1151,11275
171820778657393,171820778669083,171820778679429,171820778680727,171820778687081,171820778687137,265650,93825186940240,4375639744,7,2732,1151,11276
171820786979492,171820786995383,171820787013692,171820787015416,171820787024929,171820787024997,265650,93825186940240,4375639744,7,2732,1151,11277
171820795259518,171820795273044,171820795283662,171820795285344,171820795289592,171820795289655,265650,93825186940240,4375639744,7,2732,1151,11278
171820803653363,171820803670439,171820803681595,171820803683547,171820803690325,171820803690382,265650,93825186940240,4375639744,7,2732,1151,11279
171820811992959,171820812019851,171820812031577,171820812033586,171820812040407,171820812040473,265650,93825186940240,4375639744,7,2732,1151,11280
171820820268606,171820820299177,171820820314457,171820820316246,171820820320106,171820820320183,265650,93825186940240,4375639744,7,2732,1151,11281
171820828654152,171820828671688,171820828682507,171820828684471,171820828692752,171820828692801,265650,93825186940240,4375639744,7,2732,1151,11282
171820836939825,171820836956139,171820836966968,171820836968832,171820836976609,171820836976668,265650,93825186940240,4375639744,7,2732,1151,11283
171820845266037,171820845281748,171820845292780,171820845294605,171820845303359,171820845303585,265650,93825186940240,4375639744,7,2732,1151,11284
171820853661347,171820853678946,171820853690293,171820853692264,171820853699866,171820853699947,265650,93825186940240,4375639744,7,2732,1151,11285
171820861964101,171820861988184,171820862003339,171820862006806,171820862018829,171820862018900,265650,93825186940240,4375639744,7,2732,1151,11286
171820870285408,171820870303465,171820870314241,171820870316310,171820870333206,171820870333305,265650,93825186940240,4375639744,7,2732,1151,11287
171820878651057,171820878667464,171820878678101,171820878680029,171820878691777,171820878691862,265650,93825186940240,4375639744,7,2732,1151,11288
171820887013116,171820887028956,171820887039861,171820887041937,171820887053095,171820887053175,265650,93825186940240,4375639744,7,2732,1151,11289
171820895277241,171820895293179,171820895304814,171820895307466,171820895328974,171820895329071,265650,93825186940240,4375639744,7,2732,1151,11290
171820903640365,171820903657617,171820903668833,171820903670908,171820903678698,171820903678789,265650,93825186940240,4375639744,7,2732,1151,11291
171820911928241,171820911941648,171820911952300,171820911954265,171820911962371,171820911962432,265650,93825186940240,4375639744,7,2732,1151,11292
171820920265564,171820920287689,171820920303165,171820920305307,171820920316066,171820920316316,265650,93825186940240,4375639744,7,2732,1151,11293
171820928624327,171820928640581,171820928651523,171820928653901,171820928660035,171820928660131,265650,93825186940240,4375639744,7,2732,1151,11294
171820936983952,171820936995402,171820937009184,171820937010885,171820937018119,171820937018169,265650,93825186940240,4375639744,7,2732,1151,11295
171820945273520,171820945286321,171820945296752,171820945298347,171820945306372,171820945306429,265650,93825186940240,4375639744,7,2732,1151,11296
171820953652563,171820953664704,171820953675209,171820953677038,171820953680594,171820953680658,265650,93825186940240,4375639744,7,2732,1151,11297
171820961992207,171820962006807,171820962017610,171820962019772,171820962026519,171820962026583,265650,93825186940240,4375639744,7,2732,1151,11298
171820970269734,171820970281098,171820970291253,171820970292795,171820970299942,171820970300012,265650,93825186940240,4375639744,7,2732,1151,11299
171820978656576,171820978667436,171820978677951,171820978679494,171820978685350,171820978685414,265650,93825186940240,4375639744,7,2732,1151,11300
171820987019085,171820987029572,171820987040017,171820987041916,171820987048238,171820987048288,265650,93825186940240,4375639744,7,2732,1151,11301
171820995312564,171820995323332,171820995333560,171820995335516,171820995338558,171820995338617,265650,93825186940240,4375639744,7,2732,1151,11302
171821003606228,171821003616668,171821003626719,171821003628732,171821003634834,171821003634903,265650,93825186940240,4375639744,7,2732,1151,11303
171821011978416,171821011989556,171821011999966,171821012004162,171821012010455,171821012010518,265650,93825186940240,4375639744,7,2732,1151,11304
171821021082408,171821021093088,171821021103344,171821021105135,171821021110821,171821021110885,265650,93825186940240,4375639744,7,2732,1151,11305
171821030821239,171821030832193,171821030842442,171821030844577,171821030850791,171821030850862,265650,93825186940240,4375639744,7,2732,1151,11306
171821039272973,171821039284107,171821039294255,171821039296024,171821039301196,171821039301257,265650,93825186940240,4375639744,7,2732,1151,11307
171821049990772,171821050006404,171821050016883,171821050018873,171821050025778,171821050025841,265650,93825186940240,4375639744,7,2732,1151,11308
171821060512176,171821060523473,171821060534301,171821060536474,171821060540095,171821060540177,265650,93825186940240,4375639744,7,2732,1151,11309
171821069926565,171821069937670,171821069948433,171821069950207,171821069954239,171821069954296,265650,93825186940240,4375639744,7,2732,1151,11310
171821078247627,171821078260957,171821078272192,171821078274103,171821078277987,171821078278090,265650,93825186940240,4375639744,7,2732,1151,11311
171821086734744,171821086811432,171821086823665,171821086825287,171821086828090,171821086828171,265650,93825186940240,4375639744,7,2732,1151,11312
171821095075064,171821095106174,171821095117708,171821095119525,171821095124693,171821095124779,265650,93825186940240,4375639744,7,2732,1151,11313
171821103334966,171821103347068,171821103358141,171821103359211,171821103364028,171821103364119,265650,93825186940240,4375639744,7,2732,1151,11314
171821111632967,171821111641053,171821111648629,171821111649517,171821111653591,171821111653652,265650,93825186940240,4375639744,7,2732,1151,11315
171821119920545,171821119929380,171821119937194,171821119937899,171821119942248,171821119942313,265650,93825186940240,4375639744,7,2732,1151,11316
171821128616981,171821128627075,171821128635995,171821128636964,171821128641382,171821128641457,265650,93825186940240,4375639744,7,2732,1151,11317
171821137018088,171821137031232,171821137043208,171821137045385,171821137050189,171821137050284,265650,93825186940240,4375639744,7,2732,1151,11318
171821146118942,171821146130720,171821146141010,171821146141816,171821146145728,171821146145798,265650,93825186940240,4375639744,7,2732,1151,11319
171821154499693,171821154509014,171821154517847,171821154518630,171821154523390,171821154523466,265650,93825186940240,4375639744,7,2732,1151,11320
171821162918734,171821162943115,171821162954358,171821162955634,171821162960609,171821162960699,265650,93825186940240,4375639744,7,2732,1151,11321
171821171126434,171821171136114,171821171144408,171821171146316,171821171151604,171821171151671,265650,93825186940240,4375639744,7,2732,1151,11322
171821179501141,171821179510306,171821179518611,171821179519900,171821179524058,171821179524123,265650,93825186940240,4375639744,7,2732,1151,11323
171821187827408,171821187839852,171821187850839,171821187851899,171821187856906,171821187856998,265650,93825186940240,4375639744,7,2732,1151,11324
171821197519557,171821197528591,171821197536433,171821197537075,171821197539526,171821197539586,265650,93825186940240,4375639744,7,2732,1151,11325
171821205979161,171821205991564,171821206006444,171821206008130,171821206012916,171821206013006,265650,93825186940240,4375639744,7,2732,1151,11326
171821214205980,171821214215503,171821214224110,171821214224997,171821214230130,171821214230204,265650,93825186940240,4375639744,7,2732,1151,11327
171821222525909,171821222534458,171821222542541,171821222543164,171821222547687,171821222547732,265650,93825186940240,4375639744,7,2732,1151,11328
171821230820395,171821230837029,171821230848428,171821230850840,171821230855034,171821230855130,265650,93825186940240,4375639744,7,2732,1151,11329
171821239172263,171821239183853,171821239194715,171821239197142,171821239201602,171821239201693,265650,93825186940240,4375639744,7,2732,1151,11330
171821248077966,171821248099929,171821248112120,171821248114031,171821248119522,171821248119611,265650,93825186940240,4375639744,7,2732,1151,11331
171821256295969,171821256311535,171821256322977,171821256325741,171821256329556,171821256329643,265650,93825186940240,4375639744,7,2732,1151,11332
171821264646841,171821264658254,171821264668533,171821264670371,171821264674660,171821264674745,265650,93825186940240,4375639744,7,2732,1151,11333
171821273866131,171821273880113,171821273892030,171821273893193,171821273898107,171821273898198,265650,93825186940240,4375639744,7,2732,1151,11334
171821282234942,171821282247476,171821282258613,171821282259783,171821282265267,171821282265356,265650,93825186940240,4375639744,7,2732,1151,11335
171821290507390,171821290516107,171821290523720,171821290524413,171821290529090,171821290529150,265650,93825186940240,4375639744,7,2732,1151,11336
171821299547679,171821299563051,171821299574007,171821299576513,171821299579440,171821299579549,265650,93825186940240,4375639744,7,2732,1151,11337
171821307855308,171821307866471,171821307878485,171821307880825,171821307886378,171821307886429,265650,93825186940240,4375639744,7,2732,1151,11338
171821316188946,171821316201730,171821316212316,171821316214062,171821316217963,171821316218022,265650,93825186940240,4375639744,7,2732,1151,11339
171821324648008,171821324731095,171821324742754,171821324744407,171821324748826,171821324748910,265650,93825186940240,4375639744,7,2732,1151,11340
171821332938715,171821332953789,171821332965899,171821332969195,171821332977629,171821332977727,265650,93825186940240,4375639744,7,2732,1151,11341
171821341728984,171821341740600,171821341751975,171821341754894,171821341758804,171821341758901,265650,93825186940240,4375639744,7,2732,1151,11342
171821352388224,171821352405454,171821352415158,171821352417191,171821352424295,171821352424354,265650,93825186940240,4375639744,7,2732,1151,11343
171821360751159,171821360761356,171821360769992,171821360771986,171821360777870,171821360777928,265650,93825186940240,4375639744,7,2732,1151,11344
171821368977785,171821368997566,171821369013169,171821369015876,171821369021709,171821369021798,265650,93825186940240,4375639744,7,2732,1151,11345
171821392917943,171821392939992,171821392950762,171821392953594,171821392957869,171821392957957,265650,93825186940240,4375639744,7,2732,1151,11346
171821401241334,171821401259625,171821401270538,171821401272970,171821401279962,171821401280013,265650,93825186940240,4375639744,7,2732,1151,11347
171821409579235,171821409599751,171821409611188,171821409613741,171821409623329,171821409623394,265650,93825186940240,4375639744,7,2732,1151,11348
171821417933165,171821417958086,171821417972379,171821417975641,171821417983476,171821417983525,265650,93825186940240,4375639744,7,2732,1151,11349
171821426246174,171821426267341,171821426278464,171821426281265,171821426286866,171821426286939,265650,93825186940240,4375639744,7,2732,1151,11350
171821434637454,171821434655164,171821434664602,171821434666873,171821434674683,171821434674757,265650,93825186940240,4375639744,7,2732,1151,11351
171821442913395,171821442928572,171821442937870,171821442939833,171821442947328,171821442947410,265650,93825186940240,4375639744,7,2732,1151,11352
171821451332168,171821451350749,171821451363539,171821451365775,171821451374204,171821451374314,265650,93825186940240,4375639744,7,2732,1151,11353
171821459580997,171821459594257,171821459603656,171821459605492,171821459612576,171821459612641,265650,93825186940240,4375639744,7,2732,1151,11354
171821467996022,171821468024296,171821468033673,171821468035871,171821468042406,171821468042475,265650,93825186940240,4375639744,7,2732,1151,11355
171821476247941,171821476264482,171821476276359,171821476278214,171821476284859,171821476284945,265650,93825186940240,4375639744,7,2732,1151,11356
171821484584266,171821484596617,171821484605614,171821484607004,171821484612036,171821484612098,265650,93825186940240,4375639744,7,2732,1151,11357
171821492995167,171821493012984,171821493024501,171821493025585,171821493031442,171821493031531,265650,93825186940240,4375639744,7,2732,1151,11358
171821501235798,171821501250241,171821501261417,171821501262515,171821501267401,171821501267495,265650,93825186940240,4375639744,7,2732,1151,11359
171821509684373,171821509726656,171821509737638,171821509738498,171821509742451,171821509742543,265650,93825186940240,4375639744,7,2732,1151,11360
171821517979985,171821517992527,171821518007686,171821518008654,171821518013073,171821518013152,265650,93825186940240,4375639744,7,2732,1151,11361
171821526261048,171821526275697,171821526287689,171821526288896,171821526294078,171821526294176,265650,93825186940240,4375639744,7,2732,1151,11362
171821534673830,171821534685523,171821534696305,171821534697283,171821534702799,171821534702894,265650,93825186940240,4375639744,7,2732,1151,11363
171821542971997,171821542980817,171821543026070,171821543026941,171821543030701,171821543030755,265650,93825186940240,4375639744,7,2732,1151,11364
171821551317214,171821551359507,171821551370471,171821551371291,171821551376539,171821551376617,265650,93825186940240,4375639744,7,2732,1151,11365
171821559704305,171821559746191,171821559756911,171821559757709,171821559763066,171821559763143,265650,93825186940240,4375639744,7,2732,1151,11366
171821567935561,171821567953607,171821567964992,171821567967767,171821567980277,171821567980362,265650,93825186940240,4375639744,7,2732,1151,11367
171821576239237,171821576255127,171821576266172,171821576268299,171821576278146,171821576278234,265650,93825186940240,4375639744,7,2732,1151,11368
171821584652315,171821584669137,171821584679960,171821584682052,171821584690765,171821584690857,265650,93825186940240,4375639744,7,2732,1151,11369
171821592925390,171821592945266,171821592957643,171821592961620,171821592982999,171821592983096,265650,93825186940240,4375639744,7,2732,1151,11370
171821601246654,171821601263768,171821601274491,171821601276521,171821601283112,171821601283181,265650,93825186940240,4375639744,7,2732,1151,11371
171821609641708,171821609664173,171821609675283,171821609678378,171821609690294,171821609690382,265650,93825186940240,4375639744,7,2732,1151,11372
171821617892512,171821617907625,171821617921918,171821617924162,171821617932777,171821617932852,265650,93825186940240,4375639744,7,2732,1151,11373
171821626244420,171821626259613,171821626270205,171821626272537,171821626277919,171821626277982,265650,93825186940240,4375639744,7,2732,1151,11374
171821634577322,171821634593643,171821634604835,171821634606723,171821634612547,171821634612738,265650,93825186940240,4375639744,7,2732,1151,11375
171821642947978,171821642963831,171821642974801,171821642976535,171821642982552,171821642982597,265650,93825186940240,4375639744,7,2732,1151,11376
171821651236726,171821651250417,171821651261118,171821651262959,171821651270571,171821651270632,265650,93825186940240,4375639744,7,2732,1151,11377
171821659611869,171821659623055,171821659633515,171821659635467,171821659642886,171821659642938,265650,93825186940240,4375639744,7,2732,1151,11378
171821667913680,171821667925295,171821667935871,171821667938324,171821667945360,171821667945420,265650,93825186940240,4375639744,7,2732,1151,11379
171821676250897,171821676263509,171821676276743,171821676278665,171821676286252,171821676286340,265650,93825186940240,4375639744,7,2732,1151,11380
171821684689224,171821684700930,171821684711466,171821684712528,171821684717870,171821684717955,265650,93825186940240,4375639744,7,2732,1151,11381
171821694130871,171821694139995,171821694148500,171821694149652,171821694154213,171821694154282,265650,93825186940240,4375639744,7,2732,1151,11382
171821702530373,171821702599236,171821702610593,171821702612737,171821702618535,171821702618628,265650,93825186940240,4375639744,7,2732,1151,11383
171821710815549,171821710827829,171821710838996,171821710840085,171821710844961,171821710845032,265650,93825186940240,4375639744,7,2732,1151,11384
171821719172124,171821719181276,171821719189496,171821719191079,171821719193019,171821719193089,265650,93825186940240,4375639744,7,2732,1151,11385
171821727655730,171821727681416,171821727692905,171821727694409,171821727697932,171821727698013,265650,93825186940240,4375639744,7,2732,1151,11386
171821735982821,171821736007179,171821736018358,171821736019535,171821736036423,171821736036500,265650,93825186940240,4375639744,7,2732,1151,11387
171821744161347,171821744170682,171821744178794,171821744179607,171821744184625,171821744184691,265650,93825186940240,4375639744,7,2732,1151,11388
171821752601729,171821752614700,171821752647041,171821752648264,171821752654227,171821752654299,265650,93825186940240,4375639744,7,2732,1151,11389
171821760959381,171821761010336,171821761021490,171821761022819,171821761029108,171821761029187,265650,93825186940240,4375639744,7,2732,1151,11390
171821769228552,171821769242518,171821769253981,171821769255499,171821769262753,171821769262822,265650,93825186940240,4375639744,7,2732,1151,11391
171821777527584,171821777537503,171821777545710,171821777546709,171821777552609,171821777552668,265650,93825186940240,4375639744,7,2732,1151,11392
171821785913024,171821785925232,171821785936091,171821785936975,171821785941730,171821785941795,265650,93825186940240,4375639744,7,2732,1151,11393
171821794231758,171821794245618,171821794256780,171821794257776,171821794265837,171821794265914,265650,93825186940240,4375639744,7,2732,1151,11394
171821802627220,171821802647186,171821802658322,171821802659357,171821802667325,171821802667396,265650,93825186940240,4375639744,7,2732,1151,11395
171821810915633,171821810928135,171821810939133,171821810940169,171821810945972,171821810946042,265650,93825186940240,4375639744,7,2732,1151,11396
171821819171767,171821819184466,171821819195384,171821819196283,171821819202474,171821819202551,265650,93825186940240,4375639744,7,2732,1151,11397
171821827627499,171821827686467,171821827697166,171821827698149,171821827703012,171821827703082,265650,93825186940240,4375639744,7,2732,1151,11398
171821835941359,171821835954098,171821835965221,171821835966228,171821835973433,171821835973513,265650,93825186940240,4375639744,7,2732,1151,11399
171821844189180,171821844201222,171821844209557,171821844210292,171821844215003,171821844215055,265650,93825186940240,4375639744,7,2732,1151,11400
171821852604362,171821852682165,171821852712686,171821852713747,171821852719800,171821852719878,265650,93825186940240,4375639744,7,2732,1151,11401
171821860835716,171821860848138,171821860859116,171821860860260,171821860864801,171821860864877,265650,93825186940240,4375639744,7,2732,1151,11402
171821869192958,171821869205883,171821869217162,171821869218434,171821869224743,171821869224821,265650,93825186940240,4375639744,7,2732,1151,11403
171821877638942,171821877675968,171821877686883,171821877687971,171821877693040,171821877693115,265650,93825186940240,4375639744,7,2732,1151,11404
171821885919222,171821885931125,171821885942135,171821885943265,171821885948243,171821885948321,265650,93825186940240,4375639744,7,2732,1151,11405
171821894180415,171821894192673,171821894204690,171821894205766,171821894211097,171821894211188,265650,93825186940240,4375639744,7,2732,1151,11406
171821902670189,171821902710892,171821902721822,171821902723159,171821902727689,171821902727777,265650,93825186940240,4375639744,7,2732,1151,11407
171821911435373,171821911445589,171821911454646,171821911455560,171821911459565,171821911459642,265650,93825186940240,4375639744,7,2732,1151,11408
171821919849243,171821919889362,171821919900129,171821919901379,171821919906898,171821919906993,265650,93825186940240,4375639744,7,2732,1151,11409
171821928055825,171821928065800,171821928073469,171821928074337,171821928078291,171821928078349,265650,93825186940240,4375639744,7,2732,1151,11410
171821937950845,171821937996129,171821938012808,171821938014293,171821938018403,171821938018498,265650,93825186940240,4375639744,7,2732,1151,11411
171821946226342,171821946242690,171821946253740,171821946256475,171821946260447,171821946260550,265650,93825186940240,4375639744,7,2732,1151,11412
171821954504018,171821954515143,171821954525461,171821954527506,171821954531747,171821954531814,265650,93825186940240,4375639744,7,2732,1151,11413
171821963241272,171821963252234,171821963262735,171821963264588,171821963269595,171821963269663,265650,93825186940240,4375639744,7,2732,1151,11414
171821971601639,171821971615831,171821971628160,171821971631164,171821971643318,171821971643380,265650,93825186940240,4375639744,7,2732,1151,11415
171821979916009,171821979926462,171821979936345,171821979938310,171821979944859,171821979944909,265650,93825186940240,4375639744,7,2732,1151,11416
171821988246878,171821988257574,171821988268038,171821988270312,171821988278991,171821988279048,265650,93825186940240,4375639744,7,2732,1151,11417
171821996575646,171821996586740,171821996596909,171821996599129,171821996607357,171821996607410,265650,93825186940240,4375639744,7,2732,1151,11418
171822004907773,171822004918436,171822004928736,171822004930412,171822004939400,171822004939460,265650,93825186940240,4375639744,7,2732,1151,11419
171822013458725,171822013469545,171822013480214,171822013482198,171822013490954,171822013491014,265650,93825186940240,4375639744,7,2732,1151,11420
171822021799096,171822021815917,171822021827956,171822021831201,171822021843372,171822021843417,265650,93825186940240,4375639744,7,2732,1151,11421
171822030106280,171822030117145,171822030127657,171822030129529,171822030133210,171822030133257,265650,93825186940240,4375639744,7,2732,1151,11422
171822038613354,171822038624296,171822038635281,171822038637437,171822038644105,171822038644159,265650,93825186940240,4375639744,7,2732,1151,11423
171822050050849,171822050061541,171822050072911,171822050076182,171822050084303,171822050084348,265650,93825186940240,4375639744,7,2732,1151,11424
171822058403464,171822058414034,171822058424532,171822058426328,171822058431551,171822058431596,265650,93825186940240,4375639744,7,2732,1151,11425
171822068286194,171822068296484,171822068306156,171822068307804,171822068312577,171822068312654,265650,93825186940240,4375639744,7,2732,1151,11426
171822077466516,171822077476196,171822077485216,171822077486200,171822077490159,171822077490234,265650,93825186940240,4375639744,7,2732,1151,11427
171822086370880,171822086380809,171822086389924,171822086390807,171822086395498,171822086395574,265650,93825186940240,4375639744,7,2732,1151,11428
171822096540454,171822096549316,171822096557606,171822096558889,171822096561468,171822096561531,265650,93825186940240,4375639744,7,2732,1151,11429
171822104888679,171822104901486,171822104912547,171822104913771,171822104918504,171822104918593,265650,93825186940240,4375639744,7,2732,1151,11430
171822113299720,171822113382559,171822113393298,171822113394182,171822113398948,171822113399038,265650,93825186940240,4375639744,7,2732,1151,11431
171822121561100,171822121571692,171822121580088,171822121581235,171822121585119,171822121585185,265650,93825186940240,4375639744,7,2732,1151,11432
171822129950137,171822129964109,171822129975181,171822129976387,171822129981411,171822129981492,265650,93825186940240,4375639744,7,2732,1151,11433
171822138239802,171822138252629,171822138263556,171822138264754,171822138268249,171822138268348,265650,93825186940240,4375639744,7,2732,1151,11434
171822146615867,171822146629558,171822146640817,171822146642281,171822146647465,171822146647551,265650,93825186940240,4375639744,7,2732,1151,11435
171822154945598,171822154958770,171822154970364,171822154972051,171822154976571,171822154976662,265650,93825186940240,4375639744,7,2732,1151,11436
171822163198722,171822163209154,171822163230948,171822163231980,171822163235673,171822163235748,265650,93825186940240,4375639744,7,2732,1151,11437
171822171581025,171822171590761,171822171599635,171822171600750,171822171604862,171822171604936,265650,93825186940240,4375639744,7,2732,1151,11438
171822179926345,171822179939265,171822179949758,171822179950642,171822179955379,171822179955449,265650,93825186940240,4375639744,7,2732,1151,11439
171822188216604,171822188232465,171822188244057,171822188246734,171822188253182,171822188253267,265650,93825186940240,4375639744,7,2732,1151,11440
171822196612791,171822196627316,171822196640066,171822196643266,171822196657182,171822196657280,265650,93825186940240,4375639744,7,2732,1151,11441
171822204884868,171822204896358,171822204907582,171822204909656,171822204916858,171822204916943,265650,93825186940240,4375639744,7,2732,1151,11442
171822213336849,171822213421742,171822213433861,171822213435531,171822213439744,171822213439835,265650,93825186940240,4375639744,7,2732,1151,11443
171822221615799,171822221702944,171822221713829,171822221715067,171822221719931,171822221720003,265650,93825186940240,4375639744,7,2732,1151,11444
171822230926046,171822230935208,171822230943209,171822230944052,171822230949074,171822230949135,265650,93825186940240,4375639744,7,2732,1151,11445
171822239375989,171822239397609,171822239409066,171822239412091,171822239416967,171822239417059,265650,93825186940240,4375639744,7,2732,1151,11446
171822250005118,171822250016612,171822250028614,171822250031990,171822250045357,171822250045429,265650,93825186940240,4375639744,7,2732,1151,11447
171822260058540,171822260070032,171822260080703,171822260082602,171822260089817,171822260089903,265650,93825186940240,4375639744,7,2732,1151,11448
171822268358843,171822268372440,171822268383943,171822268386368,171822268391727,171822268391821,265650,93825186940240,4375639744,7,2732,1151,11449
171822276687646,171822276699652,171822276710438,171822276712685,171822276717021,171822276717076,265650,93825186940240,4375639744,7,2732,1151,11450
171822285090127,171822285101681,171822285112363,171822285114191,171822285122491,171822285122561,265650,93825186940240,4375639744,7,2732,1151,11451
171822293424769,171822293436412,171822293446694,171822293448653,171822293454133,171822293454190,265650,93825186940240,4375639744,7,2732,1151,11452
171822302188494,171822302199384,171822302209841,171822302211790,171822302217797,171822302217857,265650,93825186940240,4375639744,7,2732,1151,11453
171822310501813,171822310513473,171822310524412,171822310526092,171822310532986,171822310533030,265650,93825186940240,4375639744,7,2732,1151,11454
171822318847389,171822318858332,171822318868723,171822318870695,171822318878233,171822318878295,265650,93825186940240,4375639744,7,2732,1151,11455
171822328833619,171822328845954,171822328858597,171822328860713,171822328867724,171822328867784,265650,93825186940240,4375639744,7,2732,1151,11456
171822338357017,171822338367916,171822338378476,171822338380270,171822338387021,171822338387082,265650,93825186940240,4375639744,7,2732,1151,11457
171822346716215,171822346731914,171822346741143,171822346742416,171822346745247,171822346745318,265650,93825186940240,4375639744,7,2732,1151,11458
171822356955802,171822356971425,171822356982768,171822356985157,171822356990718,171822356990815,265650,93825186940240,4375639744,7,2732,1151,11459
171822366147856,171822366159042,171822366169565,171822366171522,171822366176877,171822366176958,265650,93825186940240,4375639744,7,2732,1151,11460
171822376261727,171822376272927,171822376283672,171822376285477,171822376290773,171822376290840,265650,93825186940240,4375639744,7,2732,1151,11461
171822386408979,171822386419925,171822386431086,171822386433171,171822386438966,171822386439035,265650,93825186940240,4375639744,7,2732,1151,11462
171822394719851,171822394730823,171822394741648,171822394743544,171822394748253,171822394748316,265650,93825186940240,4375639744,7,2732,1151,11463
171822405110644,171822405121337,171822405131655,171822405133549,171822405139308,171822405139372,265650,93825186940240,4375639744,7,2732,1151,11464
171822414399879,171822414412549,171822414423439,171822414426405,171822414435220,171822414435280,265650,93825186940240,4375639744,7,2732,1151,11465
171822424140387,171822424159300,171822424172007,171822424175064,171822424180443,171822424180512,265650,93825186940240,4375639744,7,2732,1151,11466
171822432451156,171822432459950,171822432468345,171822432469365,171822432474746,171822432474811,265650,93825186940240,4375639744,7,2732,1151,11467
171822440863625,171822440877545,171822440888952,171822440890153,171822440895114,171822440895208,265650,93825186940240,4375639744,7,2732,1151,11468
171822460492296,171822460507619,171822460519385,171822460522101,171822460527907,171822460527998,265650,93825186940240,4375639744,7,2732,1151,11469
171822468901474,171822468916712,171822468931026,171822468932803,171822468940621,171822468940724,265650,93825186940240,4375639744,7,2732,1151,11470
171822477215471,171822477229302,171822477240701,171822477242277,171822477249924,171822477250012,265650,93825186940240,4375639744,7,2732,1151,11471
171822485589548,171822485603190,171822485614526,171822485616144,171822485624809,171822485624898,265650,93825186940240,4375639744,7,2732,1151,11472
171822493910913,171822493922830,171822493933789,171822493934795,171822493940544,171822493940635,265650,93825186940240,4375639744,7,2732,1151,11473
171822502118718,171822502128573,171822502137197,171822502137938,171822502142311,171822502142384,265650,93825186940240,4375639744,7,2732,1151,11474
171822510522230,171822510531386,171822510539663,171822510540307,171822510545682,171822510545755,265650,93825186940240,4375639744,7,2732,1151,11475
171822518905295,171822518917381,171822518928301,171822518929077,171822518933566,171822518933658,265650,93825186940240,4375639744,7,2732,1151,11476
171822527119248,171822527131159,171822527141857,171822527142619,171822527148407,171822527148492,265650,93825186940240,4375639744,7,2732,1151,11477
171822535524033,171822535535626,171822535546158,171822535546845,171822535552630,171822535552713,265650,93825186940240,4375639744,7,2732,1151,11478
171822543902569,171822543914290,171822543924782,171822543925513,171822543931518,171822543931607,265650,93825186940240,4375639744,7,2732,1151,11479
171822552170618,171822552179707,171822552187662,171822552188245,171822552191888,171822552191955,265650,93825186940240,4375639744,7,2732,1151,11480
171822560558801,171822560570243,171822560580658,171822560581483,171822560587469,171822560587552,265650,93825186940240,4375639744,7,2732,1151,11481
171822568832999,171822568845039,171822568855770,171822568856521,171822568861601,171822568861693,265650,93825186940240,4375639744,7,2732,1151,11482
171822577179353,171822577191235,171822577201763,171822577202499,171822577206780,171822577206854,265650,93825186940240,4375639744,7,2732,1151,11483
171822585505118,171822585513559,171822585521084,171822585521661,171822585525753,171822585525805,265650,93825186940240,4375639744,7,2732,1151,11484
171822593892026,171822593903915,171822593914582,171822593915385,171822593921604,171822593921673,265650,93825186940240,4375639744,7,2732,1151,11485
171822602222439,171822602235178,171822602245875,171822602246882,171822602255069,171822602255135,265650,93825186940240,4375639744,7,2732,1151,11486
171822610517282,171822610526685,171822610534779,171822610535339,171822610541279,171822610541336,265650,93825186940240,4375639744,7,2732,1151,11487
171822618879698,171822618926512,171822618937162,171822618937935,171822618943545,171822618943613,265650,93825186940240,4375639744,7,2732,1151,11488
171822627165945,171822627173973,171822627181268,171822627181767,171822627186575,171822627186625,265650,93825186940240,4375639744,7,2732,1151,11489
171822635545002,171822635564693,171822635576550,171822635579593,171822635587643,171822635587755,265650,93825186940240,4375639744,7,2732,1151,11490
171822643855720,171822643877279,171822643888645,171822643891410,171822643906780,171822643906869,265650,93825186940240,4375639744,7,2732,1151,11491
171822652155361,171822652175682,171822652187401,171822652189881,171822652204799,171822652204890,265650,93825186940240,4375639744,7,2732,1151,11492
171822660492852,171822660508676,171822660519582,171822660521410,171822660529074,171822660529132,265650,93825186940240,4375639744,7,2732,1151,11493
171822668821914,171822668842309,171822668853881,171822668856202,171822668871473,171822668871542,265650,93825186940240,4375639744,7,2732,1151,11494
171822677155672,171822677175120,171822677186244,171822677188841,171822677199496,171822677199553,265650,93825186940240,4375639744,7,2732,1151,11495
171822685537542,171822685561503,171822685574385,171822685577719,171822685593651,171822685593735,265650,93825186940240,4375639744,7,2732,1151,11496
171822693897284,171822693916802,171822693928331,171822693930632,171822693941319,171822693941412,265650,93825186940240,4375639744,7,2732,1151,11497
171822702153200,171822702170556,171822702182106,171822702184145,171822702193642,171822702193741,265650,93825186940240,4375639744,7,2732,1151,11498
171822710482256,171822710500429,171822710511342,171822710513765,171822710523347,171822710523399,265650,93825186940240,4375639744,7,2732,1151,11499
171822718844527,171822718864474,171822718876535,171822718879479,171822718896250,171822718896303,265650,93825186940240,4375639744,7,2732,1151,11500
171822727139012,171822727156669,171822727167550,171822727169566,171822727176540,171822727176593,265650,93825186940240,4375639744,7,2732,1151,11501
171822735514497,171822735531574,171822735543025,171822735545081,171822735551411,171822735551469,265650,93825186940240,4375639744,7,2732,1151,11502
171822743797482,171822743812712,171822743823273,171822743825238,171822743831121,171822743831179,265650,93825186940240,4375639744,7,2732,1151,11503
171822752137243,171822752152772,171822752163105,171822752164841,171822752174041,171822752174131,265650,93825186940240,4375639744,7,2732,1151,11504
171822760466693,171822760481019,171822760491879,171822760493734,171822760499733,171822760499793,265650,93825186940240,4375639744,7,2732,1151,11505
171822768812399,171822768829926,171822768840756,171822768843036,171822768851985,171822768852042,265650,93825186940240,4375639744,7,2732,1151,11506
171822777132193,171822777148626,171822777158889,171822777160841,171822777166815,171822777166875,265650,93825186940240,4375639744,7,2732,1151,11507
171822785493015,171822785516502,171822785528693,171822785531512,171822785560503,171822785560566,265650,93825186940240,4375639744,7,2732,1151,11508
171822793800084,171822793815704,171822793826810,171822793828670,171822793835195,171822793835257,265650,93825186940240,4375639744,7,2732,1151,11509
171822802122185,171822802135977,171822802146658,171822802148233,171822802154291,171822802154346,265650,93825186940240,4375639744,7,2732,1151,11510
171822810490263,171822810506695,171822810518466,171822810521033,171822810529692,171822810529759,265650,93825186940240,4375639744,7,2732,1151,11511
171822818794958,171822818810573,171822818821245,171822818823061,171822818829458,171822818829522,265650,93825186940240,4375639744,7,2732,1151,11512
171822827126874,171822827144947,171822827155768,171822827157349,171822827164634,171822827164705,265650,93825186940240,4375639744,7,2732,1151,11513
171822835513220,171822835529987,171822835540210,171822835542184,171822835548191,171822835548249,265650,93825186940240,4375639744,7,2732,1151,11514
171822843801000,171822843817632,171822843829508,171822843832505,171822843842296,171822843842362,265650,93825186940240,4375639744,7,2732,1151,11515
171822852132342,171822852149980,171822852160938,171822852162742,171822852170066,171822852170128,265650,93825186940240,4375639744,7,2732,1151,11516
171822860519666,171822860536359,171822860547679,171822860549593,171822860558258,171822860558338,265650,93825186940240,4375639744,7,2732,1151,11517
171822868808906,171822868825544,171822868836311,171822868838490,171822868845949,171822868846019,265650,93825186940240,4375639744,7,2732,1151,11518
171822877135110,171822877152236,171822877163102,171822877165558,171822877173844,171822877173928,265650,93825186940240,4375639744,7,2732,1151,11519
171822885470008,171822885485318,171822885496224,171822885498793,171822885511130,171822885511204,265650,93825186940240,4375639744,7,2732,1151,11520
171822893801651,171822893817389,171822893828174,171822893830020,171822893837569,171822893837639,265650,93825186940240,4375639744,7,2732,1151,11521
171822902136350,171822902151564,171822902162155,171822902163818,171822902171778,171822902171831,265650,93825186940240,4375639744,7,2732,1151,11522
171822910500662,171822910519416,171822910530844,171822910534029,171822910554653,171822910554700,265650,93825186940240,4375639744,7,2732,1151,11523
171822918810498,171822918826487,171822918837376,171822918839524,171822918849414,171822918849469,265650,93825186940240,4375639744,7,2732,1151,11524
171822927149250,171822927166649,171822927178650,171822927181033,171822927191368,171822927191432,265650,93825186940240,4375639744,7,2732,1151,11525
171822935462786,171822935479164,171822935492581,171822935494091,171822935499753,171822935499816,265650,93825186940240,4375639744,7,2732,1151,11526
171822943796382,171822943821521,171822943831668,171822943833521,171822943838532,171822943838589,265650,93825186940240,4375639744,7,2732,1151,11527
171822952134348,171822952156304,171822952169793,171822952171435,171822952176445,171822952176506,265650,93825186940240,4375639744,7,2732,1151,11528
171822960463078,171822960475843,171822960486292,171822960487876,171822960492955,171822960493020,265650,93825186940240,4375639744,7,2732,1151,11529
171822968796251,171822968811413,171822968821624,171822968823092,171822968828218,171822968828268,265650,93825186940240,4375639744,7,2732,1151,11530
171822977139288,171822977155640,171822977166049,171822977167801,171822977175167,171822977175218,265650,93825186940240,4375639744,7,2732,1151,11531
171822985475461,171822985493555,171822985504073,171822985506035,171822985512388,171822985512433,265650,93825186940240,4375639744,7,2732,1151,11532
171822993810609,171822993828241,171822993838623,171822993840332,171822993850784,171822993850857,265650,93825186940240,4375639744,7,2732,1151,11533
171823002141665,171823002158472,171823002169267,171823002171171,171823002179185,171823002179272,265650,93825186940240,4375639744,7,2732,1151,11534
171823010479988,171823010496620,171823010508146,171823010510303,171823010518606,171823010518683,265650,93825186940240,4375639744,7,2732,1151,11535
171823018828124,171823018843014,171823018853758,171823018855840,171823018860793,171823018860877,265650,93825186940240,4375639744,7,2732,1151,11536
171823027146283,171823027159763,171823027170490,171823027172577,171823027181844,171823027181928,265650,93825186940240,4375639744,7,2732,1151,11537
171823035529512,171823035550544,171823035562419,171823035565494,171823035573918,171823035573981,265650,93825186940240,4375639744,7,2732,1151,11538
171823043823767,171823043839110,171823043849399,171823043851205,171823043857795,171823043857847,265650,93825186940240,4375639744,7,2732,1151,11539
171823052151690,171823052169218,171823052179566,171823052181556,171823052189137,171823052189190,265650,93825186940240,4375639744,7,2732,1151,11540
171823060512260,171823060530539,171823060542502,171823060545365,171823060562684,171823060562773,265650,93825186940240,4375639744,7,2732,1151,11541
171823068829063,171823068847942,171823068858747,171823068861313,171823068876072,171823068876154,265650,93825186940240,4375639744,7,2732,1151,11542
171823077143501,171823077158284,171823077169079,171823077171946,171823077183508,171823077183574,265650,93825186940240,4375639744,7,2732,1151,11543
171823085496886,171823085515281,171823085527620,171823085531996,171823085549525,171823085549728,265650,93825186940240,4375639744,7,2732,1151,11544
171823093828187,171823093846079,171823093857772,171823093860883,171823093877791,171823093877835,265650,93825186940240,4375639744,7,2732,1151,11545
171823102166924,171823102186406,171823102198466,171823102200467,171823102213171,171823102213235,265650,93825186940240,4375639744,7,2732,1151,11546
171823110470535,171823110483604,171823110494033,171823110495994,171823110505345,171823110505397,265650,93825186940240,4375639744,7,2732,1151,11547
171823118813492,171823118827959,171823118839379,171823118841591,171823118851652,171823118851698,265650,93825186940240,4375639744,7,2732,1151,11548
171823127151406,171823127166900,171823127177950,171823127179679,171823127190783,171823127190845,265650,93825186940240,4375639744,7,2732,1151,11549
171823135471280,171823135484656,171823135494701,171823135496150,171823135503087,171823135503148,265650,93825186940240,4375639744,7,2732,1151,11550
171823143822482,171823143838404,171823143848820,171823143850623,171823143857622,171823143857678,265650,93825186940240,4375639744,7,2732,1151,11551
171823152154768,171823152170266,171823152180740,171823152182809,171823152189885,171823152189946,265650,93825186940240,4375639744,7,2732,1151,11552
171823160519211,171823160532980,171823160542761,171823160544341,171823160548364,171823160548424,265650,93825186940240,4375639744,7,2732,1151,11553
171823168818144,171823168831420,171823168842244,171823168844135,171823168853078,171823168853133,265650,93825186940240,4375639744,7,2732,1151,11554
171823177149827,171823177165907,171823177175873,171823177177737,171823177184002,171823177184063,265650,93825186940240,4375639744,7,2732,1151,11555
171823185517242,171823185534996,171823185545422,171823185547007,171823185553647,171823185553715,265650,93825186940240,4375639744,7,2732,1151,11556
171823193826306,171823193839885,171823193850381,171823193851992,171823193856347,171823193856408,265650,93825186940240,4375639744,7,2732,1151,11557
171823202184490,171823202211159,171823202221212,171823202223041,171823202228605,171823202228660,265650,93825186940240,4375639744,7,2732,1151,11558
171823210506283,171823210524943,171823210537141,171823210539880,171823210548673,171823210548761,265650,93825186940240,4375639744,7,2732,1151,11559
171823218846995,171823218859936,171823218872125,171823218875454,171823218889048,171823218889104,265650,93825186940240,4375639744,7,2732,1151,11560
171823227155523,171823227169052,171823227179940,171823227182855,171823227190157,171823227190240,265650,93825186940240,4375639744,7,2732,1151,11561
171823235537003,171823235554428,171823235565334,171823235567841,171823235577784,171823235577838,265650,93825186940240,4375639744,7,2732,1151,11562
171823243869829,171823243890689,171823243902982,171823243906593,171823243922500,171823243922549,265650,93825186940240,4375639744,7,2732,1151,11563
171823252160105,171823252175211,171823252186322,171823252188578,171823252195650,171823252195737,265650,93825186940240,4375639744,7,2732,1151,11564
171823260531441,171823260543722,171823260554558,171823260556675,171823260561717,171823260561787,265650,93825186940240,4375639744,7,2732,1151,11565
171823268819379,171823268831506,171823268842263,171823268844240,171823268849495,171823268849564,265650,93825186940240,4375639744,7,2732,1151,11566
171823277191663,171823277206135,171823277218485,171823277222173,171823277239876,171823277239935,265650,93825186940240,4375639744,7,2732,1151,11567
171823285510900,171823285521884,171823285533189,171823285536201,171823285544316,171823285544376,265650,93825186940240,4375639744,7,2732,1151,11568
171823293817642,171823293828764,171823293839676,171823293842099,171823293847551,171823293847606,265650,93825186940240,4375639744,7,2732,1151,11569
171823302153703,171823302166352,171823302177722,171823302179530,171823302184322,171823302184368,265650,93825186940240,4375639744,7,2732,1151,11570
171823310980459,171823311024304,171823311036649,171823311038235,171823311041536,171823311041617,265650,93825186940240,4375639744,7,2732,1151,11571
171823319294676,171823319311519,171823319323286,171823319324797,171823319329077,171823319329161,265650,93825186940240,4375639744,7,2732,1151,11572
171823327524548,171823327533399,171823327541325,171823327542172,171823327546878,171823327546938,265650,93825186940240,4375639744,7,2732,1151,11573
171823336336963,171823336346952,171823336356026,171823336356956,171823336361104,171823336361171,265650,93825186940240,4375639744,7,2732,1151,11574
171823344717841,171823344729447,171823344740087,171823344741145,171823344746044,171823344746121,265650,93825186940240,4375639744,7,2732,1151,11575
171823353111321,171823353122896,171823353133494,171823353134353,171823353139354,171823353139430,265650,93825186940240,4375639744,7,2732,1151,11576
171823361339780,171823361350817,171823361359325,171823361360428,171823361363999,171823361364060,265650,93825186940240,4375639744,7,2732,1151,11577
171823371453227,171823371462050,171823371470992,171823371472514,171823371477303,171823371477382,265650,93825186940240,4375639744,7,2732,1151,11578
171823379796556,171823379805598,171823379814193,171823379815131,171823379819514,171823379819576,265650,93825186940240,4375639744,7,2732,1151,11579
171823390606318,171823390619057,171823390630110,171823390632885,171823390641473,171823390641579,265650,93825186940240,4375639744,7,2732,1151,11580
171823398969849,171823398988228,171823398999958,171823399006550,171823399015390,171823399015476,265650,93825186940240,4375639744,7,2732,1151,11581
171823407339010,171823407350698,171823407361825,171823407364592,171823407368702,171823407368774,265650,93825186940240,4375639744,7,2732,1151,11582
171823417398391,171823417407922,171823417416919,171823417419344,171823417423467,171823417423530,265650,93825186940240,4375639744,7,2732,1151,11583
171823425793185,171823425814423,171823425826696,171823425828966,171823425836243,171823425836328,265650,93825186940240,4375639744,7,2732,1151,11584
171823433997683,171823434013360,171823434022644,171823434025015,171823434029889,171823434029973,265650,93825186940240,4375639744,7,2732,1151,11585
171823442313880,171823442330914,171823442342063,171823442345245,171823442353941,171823442354036,265650,93825186940240,4375639744,7,2732,1151,11586
171823450697955,171823450712080,171823450723072,171823450726570,171823450738367,171823450738413,265650,93825186940240,4375639744,7,2732,1151,11587
171823459016251,171823459029343,171823459039995,171823459041985,171823459046784,171823459046838,265650,93825186940240,4375639744,7,2732,1151,11588
171823468680449,171823468692769,171823468701623,171823468703149,171823468707560,171823468707629,265650,93825186940240,4375639744,7,2732,1151,11589
171823477048668,171823477061090,171823477072409,171823477073556,171823477078241,171823477078332,265650,93825186940240,4375639744,7,2732,1151,11590
171823485231252,171823485244541,171823485256089,171823485257249,171823485262703,171823485262789,265650,93825186940240,4375639744,7,2732,1151,11591
171823494561790,171823494570975,171823494579137,171823494580414,171823494585790,171823494585855,265650,93825186940240,4375639744,7,2732,1151,11592
171823502982020,171823502994383,171823503008827,171823503010001,171823503015848,171823503015945,265650,93825186940240,4375639744,7,2732,1151,11593
171823526187727,171823526200404,171823526209162,171823526211210,171823526218648,171823526218717,265650,93825186940240,4375639744,7,2732,1151,11594
171823534512802,171823534529490,171823534538653,171823534540641,171823534546062,171823534546126,265650,93825186940240,4375639744,7,2732,1151,11595
171823542831586,171823542844777,171823542853733,171823542855662,171823542859410,171823542859472,265650,93825186940240,4375639744,7,2732,1151,11596
171823551200653,171823551214486,171823551225808,171823551226936,171823551233556,171823551233636,265650,93825186940240,4375639744,7,2732,1151,11597
171823559606067,171823559624671,171823559636065,171823559638556,171823559645659,171823559645737,265650,93825186940240,4375639744,7,2732,1151,11598
171823567875145,171823567889252,171823567900695,171823567903310,171823567909541,171823567909596,265650,93825186940240,4375639744,7,2732,1151,11599
171823576159744,171823576177456,171823576188681,171823576190702,171823576199582,171823576199629,265650,93825186940240,4375639744,7,2732,1151,11600
171823584515501,171823584531215,171823584542003,171823584543664,171823584549030,171823584549077,265650,93825186940240,4375639744,7,2732,1151,11601
171823592827962,171823592840489,171823592852946,171823592855472,171823592861535,171823592861598,265650,93825186940240,4375639744,7,2732,1151,11602
171823601255439,171823601270606,171823601282490,171823601284277,171823601289252,171823601289332,265650,93825186940240,4375639744,7,2732,1151,11603
171823609526322,171823609536135,171823609544329,171823609545343,171823609549580,171823609549645,265650,93825186940240,4375639744,7,2732,1151,11604
171823617908051,171823617920286,171823617931229,171823617932259,171823617938220,171823617938308,265650,93825186940240,4375639744,7,2732,1151,11605
171823626266421,171823626332793,171823626343701,171823626344632,171823626349593,171823626349680,265650,93825186940240,4375639744,7,2732,1151,11606
171823634513884,171823634523539,171823634532044,171823634532815,171823634540150,171823634540212,265650,93825186940240,4375639744,7,2732,1151,11607
171823642926805,171823642935918,171823642943502,171823642944157,171823642951128,171823642951177,265650,93825186940240,4375639744,7,2732,1151,11608
171823651212672,171823651226076,171823651237015,171823651238358,171823651246211,171823651246296,265650,93825186940240,4375639744,7,2732,1151,11609
171823659590845,171823659626343,171823659637206,171823659638083,171823659643996,171823659644079,265650,93825186940240,4375639744,7,2732,1151,11610
171823667949498,171823667968873,171823667979753,171823667980753,171823667985214,171823667985298,265650,93825186940240,4375639744,7,2732,1151,11611
171823676155436,171823676164934,171823676172769,171823676173361,171823676176679,171823676176739,265650,93825186940240,4375639744,7,2732,1151,11612
171823684570875,171823684579450,171823684586787,171823684587401,171823684592166,171823684592221,265650,93825186940240,4375639744,7,2732,1151,11613
171823692892476,171823692905183,171823692916081,171823692916728,171823692922645,171823692922730,265650,93825186940240,4375639744,7,2732,1151,11614
171823701156917,171823701169848,171823701180822,171823701181622,171823701186593,171823701186678,265650,93825186940240,4375639744,7,2732,1151,11615
171823709512243,171823709531958,171823709543664,171823709545927,171823709555711,171823709555802,265650,93825186940240,4375639744,7,2732,1151,11616
171823717896042,171823717912047,171823717922716,171823717924997,171823717937159,171823717937234,265650,93825186940240,4375639744,7,2732,1151,11617
171823726154621,171823726170866,171823726181821,171823726184184,171823726191924,171823726192012,265650,93825186940240,4375639744,7,2732,1151,11618
171823734502193,171823734516717,171823734527534,171823734529307,171823734540351,171823734540408,265650,93825186940240,4375639744,7,2732,1151,11619
171823742848253,171823742864877,171823742876411,171823742879375,171823742893237,171823742893336,265650,93825186940240,4375639744,7,2732,1151,11620
171823751220949,171823751241095,171823751252718,171823751254882,171823751261232,171823751261323,265650,93825186940240,4375639744,7,2732,1151,11621
171823759595785,171823759608257,171823759619142,171823759620457,171823759627021,171823759627114,265650,93825186940240,4375639744,7,2732,1151,11622
171823767812888,171823767823879,171823767832135,171823767833314,171823767839214,171823767839282,265650,93825186940240,4375639744,7,2732,1151,11623
171823776222663,171823776236444,171823776247343,171823776248556,171823776255453,171823776255546,265650,93825186940240,4375639744,7,2732,1151,11624
171823784633956,171823784646536,171823784657330,171823784658431,171823784665134,171823784665225,265650,93825186940240,4375639744,7,2732,1151,11625
171823792974450,171823793006536,171823793017307,171823793018374,171823793025482,171823793025553,265650,93825186940240,4375639744,7,2732,1151,11626
171823801194068,171823801206285,171823801217070,171823801217867,171823801223468,171823801223549,265650,93825186940240,4375639744,7,2732,1151,11627
171823809544484,171823809553565,171823809561449,171823809562562,171823809568435,171823809568482,265650,93825186940240,4375639744,7,2732,1151,11628
171823817931624,171823817944338,171823817954964,171823817955810,171823817962510,171823817962570,265650,93825186940240,4375639744,7,2732,1151,11629
171823826152660,171823826162245,171823826170572,171823826171482,171823826176506,171823826176559,265650,93825186940240,4375639744,7,2732,1151,11630
171823834630193,171823834695352,171823834719604,171823834721276,171823834726991,171823834727083,265650,93825186940240,4375639744,7,2732,1151,11631
171823842971741,171823842985094,171823842996377,171823842997490,171823843005987,171823843006066,265650,93825186940240,4375639744,7,2732,1151,11632
171823851231348,171823851250456,171823851264884,171823851267626,171823851271523,171823851271608,265650,93825186940240,4375639744,7,2732,1151,11633
171823859495330,171823859508347,171823859518765,171823859520738,171823859529034,171823859529096,265650,93825186940240,4375639744,7,2732,1151,11634
171823867852385,171823867870018,171823867881328,171823867883238,171823867890676,171823867890740,265650,93825186940240,4375639744,7,2732,1151,11635
171823876171592,171823876187623,171823876197963,171823876199887,171823876205740,171823876205786,265650,93825186940240,4375639744,7,2732,1151,11636
171823884582641,171823884605957,171823884617450,171823884620040,171823884625118,171823884625183,265650,93825186940240,4375639744,7,2732,1151,11637
171823892883953,171823892899348,171823892909788,171823892911706,171823892916274,171823892916322,265650,93825186940240,4375639744,7,2732,1151,11638
171823901164269,171823901180244,171823901190543,171823901192366,171823901195275,171823901195332,265650,93825186940240,4375639744,7,2732,1151,11639
171823909527987,171823909545591,171823909557516,171823909560876,171823909571011,171823909571066,265650,93825186940240,4375639744,7,2732,1151,11640
171823917856980,171823917874094,171823917884797,171823917886535,171823917902844,171823917902937,265650,93825186940240,4375639744,7,2732,1151,11641
171823926181822,171823926198925,171823926209683,171823926211530,171823926218146,171823926218210,265650,93825186940240,4375639744,7,2732,1151,11642
171823934513114,171823934529974,171823934540875,171823934542926,171823934548072,171823934548135,265650,93825186940240,4375639744,7,2732,1151,11643
171823942892896,171823942907788,171823942918390,171823942920357,171823942929411,171823942929474,265650,93825186940240,4375639744,7,2732,1151,11644
171823951185192,171823951204046,171823951214866,171823951216944,171823951223411,171823951223481,265650,93825186940240,4375639744,7,2732,1151,11645
171823959554877,171823959566405,171823959576974,171823959579011,171823959585862,171823959585925,265650,93825186940240,4375639744,7,2732,1151,11646
171823967889046,171823967941329,171823967952060,171823967954157,171823967959741,171823967959801,265650,93825186940240,4375639744,7,2732,1151,11647
171823976180809,171823976195790,171823976206959,171823976208858,171823976215891,171823976215951,265650,93825186940240,4375639744,7,2732,1151,11648
171823984572571,171823984585057,171823984595888,171823984598025,171823984609050,171823984609119,265650,93825186940240,4375639744,7,2732,1151,11649
171823992886063,171823992928620,171823992940420,171823992942780,171823992951254,171823992951309,265650,93825186940240,4375639744,7,2732,1151,11650
171824001173587,171824001190167,171824001200763,171824001202738,171824001208364,171824001208423,265650,93825186940240,4375639744,7,2732,1151,11651
171824009505658,171824009516681,171824009527284,171824009529247,171824009536104,171824009536168,265650,93825186940240,4375639744,7,2732,1151,11652
171824017888910,171824017899642,171824017909969,171824017911887,171824017919298,171824017919356,265650,93825186940240,4375639744,7,2732,1151,11653
171824026165317,171824026177465,171824026188195,171824026190175,171824026196639,171824026196702,265650,93825186940240,4375639744,7,2732,1151,11654
171824034557206,171824034568355,171824034579168,171824034581310,171824034585983,171824034586027,265650,93825186940240,4375639744,7,2732,1151,11655
171824042840562,171824042852236,171824042862400,171824042864350,171824042869476,171824042869553,265650,93825186940240,4375639744,7,2732,1151,11656
171824052589301,171824052600872,171824052611628,171824052614047,171824052623877,171824052623977,265650,93825186940240,4375639744,7,2732,1151,11657
171824061906917,171824061918768,171824061930711,171824061933065,171824061941869,171824061941962,265650,93825186940240,4375639744,7,2732,1151,11658
171824070236685,171824070247931,171824070259075,171824070261214,171824070269537,171824070269617,265650,93825186940240,4375639744,7,2732,1151,11659
171824080760340,171824080770943,171824080781246,171824080783283,171824080791076,171824080791259,265650,93825186940240,4375639744,7,2732,1151,11660
171824090077052,171824090087806,171824090098437,171824090100291,171824090107181,171824090107248,265650,93825186940240,4375639744,7,2732,1151,11661
171824100324496,171824100334995,171824100345316,171824100347587,171824100355460,171824100355549,265650,93825186940240,4375639744,7,2732,1151,11662
171824113014303,171824113026026,171824113036588,171824113039064,171824113045356,171824113045449,265650,93825186940240,4375639744,7,2732,1151,11663
171824121344060,171824121357931,171824121368880,171824121371077,171824121378767,171824121378854,265650,93825186940240,4375639744,7,2732,1151,11664
