start,geometry,clip,blit,flush,end,hwnd,surface,thread,outcome,width,height,commit
171616396810340,171616396824844,171616396836330,171616396839585,171616396845465,171616396845537,265650,93825186940240,4375639744,7,2732,1151,2496
171616405232127,171616405253774,171616405265924,171616405268929,171616405277225,171616405277315,265650,93825186940240,4375639744,7,2732,1151,2497
171616413531997,171616413543583,171616413555340,171616413558512,171616413568940,171616413569032,265650,93825186940240,4375639744,7,2732,1151,2498
171616421830617,171616421842313,171616421854013,171616421857323,171616421867366,171616421867432,265650,93825186940240,4375639744,7,2732,1151,2499
171616430122205,171616430133466,171616430144472,171616430146309,171616430152552,171616430152614,265650,93825186940240,4375639744,7,2732,1151,2500
171616438471254,171616438482292,171616438492758,171616438494862,171616438501784,171616438501855,265650,93825186940240,4375639744,7,2732,1151,2501
171616448509675,171616448520692,171616448531650,171616448534583,171616448542730,171616448542816,265650,93825186940240,4375639744,7,2732,1151,2502
171616457509342,171616457520473,171616457531730,171616457533664,171616457540157,171616457540230,265650,93825186940240,4375639744,7,2732,1151,2503
171616467140549,171616467151676,171616467162265,171616467164267,171616467170759,171616467170837,265650,93825186940240,4375639744,7,2732,1151,2504
171616475484540,171616475495814,171616475507380,171616475509496,171616475517041,171616475517104,265650,93825186940240,4375639744,7,2732,1151,2505
171616483840495,171616483851255,171616483861601,171616483863459,171616483870616,171616483870686,265650,93825186940240,4375639744,7,2732,1151,2506
171616493522742,171616493533724,171616493544160,171616493545882,171616493551711,171616493551777,265650,93825186940240,4375639744,7,2732,1151,2507
171616501838060,171616501852127,171616501863410,171616501865521,171616501872300,171616501872362,265650,93825186940240,4375639744,7,2732,1151,2508
171616510164306,171616510175978,171616510187050,171616510188782,171616510193673,171616510193735,265650,93825186940240,4375639744,7,2732,1151,2509
171616518500610,171616518511655,171616518522475,171616518524519,171616518530786,171616518530855,265650,93825186940240,4375639744,7,2732,1151,2510
171616526826344,171616526837920,171616526848242,171616526849935,171616526854581,171616526854642,265650,93825186940240,4375639744,7,2732,1151,2511
171616535168709,171616535181410,171616535192330,171616535194121,171616535199685,171616535199755,265650,93825186940240,4375639744,7,2732,1151,2512
171616543516916,171616543529318,171616543540723,171616543543944,171616543552048,171616543552108,265650,93825186940240,4375639744,7,2732,1151,2513
171616551863418,171616551882415,171616551895807,171616551899171,171616551903743,171616551903844,265650,93825186940240,4375639744,7,2732,1151,2514
171616560167224,171616560178615,171616560189619,171616560191155,171616560197255,171616560197327,265650,93825186940240,4375639744,7,2732,1151,2515
171616568738653,171616568754607,171616568766709,171616568768648,171616568771834,171616568771920,265650,93825186940240,4375639744,7,2732,1151,2516
171616576920990,171616576930950,171616576939540,171616576940423,171616576944701,171616576944773,265650,93825186940240,4375639744,7,2732,1151,2517
171616585241648,171616585254121,171616585265088,171616585266299,171616585283090,171616585283185,265650,93825186940240,4375639744,7,2732,1151,2518
171616593649955,171616593662129,171616593673154,171616593674323,171616593679958,171616593680048,265650,93825186940240,4375639744,7,2732,1151,2519
171616601976357,171616601988685,171616601999574,171616602004191,171616602009831,171616602009928,265650,93825186940240,4375639744,7,2732,1151,2520
171616610283830,171616610348414,171616610359487,171616610360604,171616610365216,171616610365289,265650,93825186940240,4375639744,7,2732,1151,2521
171616618656313,171616618673738,171616618684901,171616618686108,171616618691902,171616618691979,265650,93825186940240,4375639744,7,2732,1151,2522
171616629370380,171616629379810,171616629388507,171616629389513,171616629393515,171616629393593,265650,93825186940240,4375639744,7,2732,1151,2523
171616638235801,171616638245763,171616638254757,171616638256082,171616638260580,171616638260656,265650,93825186940240,4375639744,7,2732,1151,2524
171616646841572,171616646851026,171616646859256,171616646860252,171616646864752,171616646864813,265650,93825186940240,4375639744,7,2732,1151,2525
171616655843477,171616655853293,171616655862202,171616655863365,171616655869305,171616655869374,265650,93825186940240,4375639744,7,2732,1151,2526
171616666584044,171616666600638,171616666611510,171616666613900,171616666616741,171616666616801,265650,93825186940240,4375639744,7,2732,1151,2527
171616675518084,171616675529611,171616675540214,171616675542328,171616675549493,171616675549550,265650,93825186940240,4375639744,7,2732,1151,2528
171616685301159,171616685312233,171616685322657,171616685324536,171616685330701,171616685330764,265650,93825186940240,4375639744,7,2732,1151,2529
171616693648763,171616693659904,171616693669866,171616693671253,171616693677118,171616693677188,265650,93825186940240,4375639744,7,2732,1151,2530
171616702694490,171616702706622,171616702716823,171616702718354,171616702721000,171616702721068,265650,93825186940240,4375639744,7,2732,1151,2531
171616710919777,171616710936061,171616710947178,171616710949776,171616710952722,171616710952800,265650,93825186940240,4375639744,7,2732,1151,2532
171616719273525,171616719290721,171616719302039,171616719304396,171616719311830,171616719311890,265650,93825186940240,4375639744,7,2732,1151,2533
171616727649060,171616727659840,171616727670428,171616727672490,171616727676575,171616727676642,265650,93825186940240,4375639744,7,2732,1151,2534
171616735934199,171616735950642,171616735967554,171616735971648,171616735977213,171616735977276,265650,93825186940240,4375639744,7,2732,1151,2535
171616744252825,171616744266365,171616744277559,171616744279896,171616744282932,171616744283009,265650,93825186940240,4375639744,7,2732,1151,2536
171616752583919,171616752603684,171616752614511,171616752616288,171616752619835,171616752619898,265650,93825186940240,4375639744,7,2732,1151,2537
171616761017179,171616761030370,171616761040489,171616761042504,171616761050417,171616761050486,265650,93825186940240,4375639744,7,2732,1151,2538
171616769263136,171616769276240,171616769287296,171616769288814,171616769294901,171616769294982,265650,93825186940240,4375639744,7,2732,1151,2539
171616777613140,171616777622652,171616777631385,171616777632159,171616777637178,171616777637232,265650,93825186940240,4375639744,7,2732,1151,2540
171616786052918,171616786064894,171616786075460,171616786076355,171616786082183,171616786082255,265650,93825186940240,4375639744,7,2732,1151,2541
171616794260237,171616794272127,171616794282561,171616794283477,171616794289362,171616794289433,265650,93825186940240,4375639744,7,2732,1151,2542
171616802658415,171616802673528,171616802685306,171616802687615,171616802693161,171616802693243,265650,93825186940240,4375639744,7,2732,1151,2543
171616812790989,171616812828861,171616812837165,171616812838194,171616812840355,171616812840416,265650,93825186940240,4375639744,7,2732,1151,2544
171616821144633,171616821153701,171616821161697,171616821162494,171616821167319,171616821167372,265650,93825186940240,4375639744,7,2732,1151,2545
171616831104208,171616831113080,171616831121185,171616831122114,171616831126309,171616831126362,265650,93825186940240,4375639744,7,2732,1151,2546
171616839936451,171616839945967,171616839954722,171616839955459,171616839960147,171616839960205,265650,93825186940240,4375639744,7,2732,1151,2547
171616850885337,171616850893525,171616850901111,171616850902452,171616850907692,171616850907744,265650,93825186940240,4375639744,7,2732,1151,2548
171616860498965,171616860507884,171616860516069,171616860516855,171616860521573,171616860521621,265650,93825186940240,4375639744,7,2732,1151,2549
171616869684113,171616869693842,171616869702794,171616869703532,171616869707527,171616869707580,265650,93825186940240,4375639744,7,2732,1151,2550
171616879476631,171616879526679,171616879539544,171616879541527,171616879547549,171616879547641,265650,93825186940240,4375639744,7,2732,1151,2551
171616888974484,171616888991414,171616889008291,171616889011129,171616889014837,171616889014929,265650,93825186940240,4375639744,7,2732,1151,2552
171616899279880,171616899291387,171616899302201,171616899303954,171616899307446,171616899307529,265650,93825186940240,4375639744,7,2732,1151,2553
171616907662113,171616907673584,171616907685140,171616907687598,171616907691051,171616907691105,265650,93825186940240,4375639744,7,2732,1151,2554
171616916209115,171616916223002,171616916235729,171616916237447,171616916244359,171616916244447,265650,93825186940240,4375639744,7,2732,1151,2555
171616924591573,171616924600571,171616924609023,171616924610290,171616924616179,171616924616243,265650,93825186940240,4375639744,7,2732,1151,2556
171616932952372,171616932961155,171616932968807,171616932969770,171616932975498,171616932975553,265650,93825186940240,4375639744,7,2732,1151,2557
171616941287813,171616941300105,171616941311198,171616941312450,171616941318325,171616941318414,265650,93825186940240,4375639744,7,2732,1151,2558
171616953064953,171616953073787,171616953081814,171616953082650,171616953087240,171616953087300,265650,93825186940240,4375639744,7,2732,1151,2559
171616961361044,171616961370530,171616961400856,171616961408495,171616961436099,171616961436798,265650,93825186940240,4375639744,7,2732,1151,2560
171616969735728,171616969748480,171616969759466,171616969760434,171616969765668,171616969765754,265650,93825186940240,4375639744,7,2732,1151,2561
171616978661772,171616978670128,171616978678215,171616978678900,171616978682906,171616978682975,265650,93825186940240,4375639744,7,2732,1151,2562
171616987049780,171616987062492,171616987073682,171616987075508,171616987109572,171616987109675,265650,93825186940240,4375639744,7,2732,1151,2563
171616995258086,171616995267123,171616995275672,171616995276784,171616995282710,171616995282772,265650,93825186940240,4375639744,7,2732,1151,2564
171617005603841,171617005612343,171617005620221,171617005621238,171617005626607,171617005626667,265650,93825186940240,4375639744,7,2732,1151,2565
171617028346244,171617028358615,171617028368488,171617028370545,171617028377512,171617028377583,265650,93825186940240,4375639744,7,2732,1151,2566
171617036848584,171617036863838,171617036875760,171617036877955,171617036885565,171617036885651,265650,93825186940240,4375639744,7,2732,1151,2567
171617044989508,171617045004974,171617045013211,171617045014118,171617045018766,171617045018817,265650,93825186940240,4375639744,7,2732,1151,2568
171617053434573,171617053448761,171617053460306,171617053461617,171617053467629,171617053467720,265650,93825186940240,4375639744,7,2732,1151,2569
171617061769449,171617061795308,171617061806400,171617061807593,171617061812676,171617061812769,265650,93825186940240,4375639744,7,2732,1151,2570
171617070050257,171617070060971,171617070069202,171617070069986,171617070075410,171617070075467,265650,93825186940240,4375639744,7,2732,1151,2571
171617079988540,171617079997798,171617080009903,171617080011282,171617080015097,171617080015150,265650,93825186940240,4375639744,7,2732,1151,2572
171617088493826,171617088507307,171617088518394,171617088519676,171617088525003,171617088525080,265650,93825186940240,4375639744,7,2732,1151,2573
171617096728423,171617096738217,171617096746464,171617096747326,171617096753599,171617096753656,265650,93825186940240,4375639744,7,2732,1151,2574
171617105101716,171617105114784,171617105126056,171617105127262,171617105133452,171617105133530,265650,93825186940240,4375639744,7,2732,1151,2575
171617113374242,171617113386834,171617113397564,171617113398582,171617113405880,171617113406061,265650,93825186940240,4375639744,7,2732,1151,2576
171617121677280,171617121686796,171617121694574,171617121695601,171617121701730,171617121701780,265650,93825186940240,4375639744,7,2732,1151,2577
171617130113129,171617130123789,171617130131973,171617130133693,171617130144853,171617130144905,265650,93825186940240,4375639744,7,2732,1151,2578
171617138402720,171617138416941,171617138428004,171617138429576,171617138440251,171617138440323,265650,93825186940240,4375639744,7,2732,1151,2579
171617146821585,171617146834628,171617146845890,171617146847808,171617146855603,171617146855678,265650,93825186940240,4375639744,7,2732,1151,2580
171617155070989,171617155084315,171617155095476,171617155096743,171617155103797,171617155103866,265650,93825186940240,4375639744,7,2732,1151,2581
171617163344446,171617163355243,171617163364192,171617163365315,171617163372285,171617163372348,265650,93825186940240,4375639744,7,2732,1151,2582
171617171667190,171617171676769,171617171684970,171617171686085,171617171691573,171617171691627,265650,93825186940240,4375639744,7,2732,1151,2583
171617180155407,171617180191525,171617180202534,171617180203456,171617180209933,171617180210009,265650,93825186940240,4375639744,7,2732,1151,2584
171617188489558,171617188557012,171617188568059,171617188569048,171617188577221,171617188577301,265650,93825186940240,4375639744,7,2732,1151,2585
171617196749597,171617196759097,171617196766892,171617196767667,171617196774545,171617196774597,265650,93825186940240,4375639744,7,2732,1151,2586
171617205089723,171617205102201,171617205113041,171617205114048,171617205119999,171617205120073,265650,93825186940240,4375639744,7,2732,1151,2587
171617213382108,171617213395714,171617213406819,171617213407796,171617213415162,171617213415243,265650,93825186940240,4375639744,7,2732,1151,2588
171617221823765,171617221874647,171617221885768,171617221886831,171617221894583,171617221894661,265650,93825186940240,4375639744,7,2732,1151,2589
171617230200774,171617230214624,171617230225978,171617230227312,171617230235964,171617230236048,265650,93825186940240,4375639744,7,2732,1151,2590
171617238478967,171617238492366,171617238503634,171617238504880,171617238513274,171617238513375,265650,93825186940240,4375639744,7,2732,1151,2591
171617246737077,171617246746886,171617246755404,171617246756224,171617246762675,171617246762743,265650,93825186940240,4375639744,7,2732,1151,2592
171617255072189,171617255085330,171617255096727,171617255098113,171617255105214,171617255105310,265650,93825186940240,4375639744,7,2732,1151,2593
171617263382943,171617263392609,171617263400643,171617263401925,171617263409923,171617263409992,265650,93825186940240,4375639744,7,2732,1151,2594
171617271734378,171617271743587,171617271751739,171617271752733,171617271758414,171617271758478,265650,93825186940240,4375639744,7,2732,1151,2595
171617280057252,171617280067277,171617280075550,171617280076425,171617280083071,171617280083133,265650,93825186940240,4375639744,7,2732,1151,2596
171617288381012,171617288390638,171617288398550,171617288399476,171617288407774,171617288407841,265650,93825186940240,4375639744,7,2732,1151,2597
171617296718493,171617296741946,171617296761269,171617296762368,171617296768005,171617296768068,265650,93825186940240,4375639744,7,2732,1151,2598
171617305097812,171617305110008,171617305120974,171617305122009,171617305127340,171617305127415,265650,93825186940240,4375639744,7,2732,1151,2599
171617313477357,171617313491225,171617313502033,171617313502975,171617313507665,171617313507746,265650,93825186940240,4375639744,7,2732,1151,2600
171617321749018,171617321757801,171617321765854,171617321766881,171617321771352,171617321771409,265650,93825186940240,4375639744,7,2732,1151,2601
171617330104501,171617330116886,171617330127717,171617330128810,171617330133419,171617330133502,265650,93825186940240,4375639744,7,2732,1151,2602
171617338418546,171617338431216,171617338442621,171617338444225,171617338448658,171617338448728,265650,93825186940240,4375639744,7,2732,1151,2603
171617346739701,171617346752595,171617346765708,171617346770402,171617346779611,171617346779696,265650,93825186940240,4375639744,7,2732,1151,2604
171617355074260,171617355086044,171617355097263,171617355099040,171617355104321,171617355104398,265650,93825186940240,4375639744,7,2732,1151,2605
171617363416038,171617363428962,171617363439717,171617363441731,171617363448232,171617363448293,265650,93825186940240,4375639744,7,2732,1151,2606
171617371749016,171617371762494,171617371772196,171617371773605,171617371778441,171617371778515,265650,93825186940240,4375639744,7,2732,1151,2607
171617380102555,171617380115183,171617380126431,171617380127555,171617380133114,171617380133199,265650,93825186940240,4375639744,7,2732,1151,2608
171617388389773,171617388398227,171617388406037,171617388406632,171617388411374,171617388411432,265650,93825186940240,4375639744,7,2732,1151,2609
171617397221935,171617397231034,171617397240015,171617397241484,171617397248731,171617397248798,265650,93825186940240,4375639744,7,2732,1151,2610
171617405963147,171617405972065,171617405980365,171617405981431,171617405987631,171617405987691,265650,93825186940240,4375639744,7,2732,1151,2611
171617414358615,171617414367427,171617414389386,171617414390266,171617414393636,171617414393696,265650,93825186940240,4375639744,7,2732,1151,2612
171617423525392,171617423535021,171617423544038,171617423545613,171617423550222,171617423550287,265650,93825186940240,4375639744,7,2732,1151,2613
171617431977956,171617431990462,171617432008954,171617432009943,171617432014655,171617432014730,265650,93825186940240,4375639744,7,2732,1151,2614
171617440212452,171617440220916,171617440228685,171617440229360,171617440233624,171617440233678,265650,93825186940240,4375639744,7,2732,1151,2615
171617448463330,171617448472516,171617448480999,171617448481612,171617448485408,171617448485463,265650,93825186940240,4375639744,7,2732,1151,2616
171617456899384,171617456911338,171617456922340,171617456923190,171617456928658,171617456928726,265650,93825186940240,4375639744,7,2732,1151,2617
171617465290375,171617465302793,171617465313997,171617465315467,171617465321493,171617465321582,265650,93825186940240,4375639744,7,2732,1151,2618
171617473568161,171617473577934,171617473586719,171617473587551,171617473592406,171617473592477,265650,93825186940240,4375639744,7,2732,1151,2619
171617481907226,171617481919841,171617481931024,171617481932386,171617481937887,171617481937964,265650,93825186940240,4375639744,7,2732,1151,2620
171617490238340,171617490252701,171617490264385,171617490265805,171617490270486,171617490270554,265650,93825186940240,4375639744,7,2732,1151,2621
171617498506312,171617498515390,171617498523371,171617498524429,171617498530012,171617498530088,265650,93825186940240,4375639744,7,2732,1151,2622
171617506966076,171617506995095,171617507009527,171617507010961,171617507017857,171617507017970,265650,93825186940240,4375639744,7,2732,1151,2623
171617515161524,171617515173927,171617515185401,171617515188022,171617515196340,171617515196429,265650,93825186940240,4375639744,7,2732,1151,2624
171617526584830,171617526596347,171617526607070,171617526609255,171617526615865,171617526615946,265650,93825186940240,4375639744,7,2732,1151,2625
171617534968754,171617534980313,171617534990865,171617534992640,171617534998142,171617534998215,265650,93825186940240,4375639744,7,2732,1151,2626
171617543280052,171617543290915,171617543301147,171617543302842,171617543308476,171617543308541,265650,93825186940240,4375639744,7,2732,1151,2627
171617551930352,171617551941535,171617551952598,171617551954822,171617551960030,171617551960136,265650,93825186940240,4375639744,7,2732,1151,2628
171617560264649,171617560276405,171617560287280,171617560289630,171617560295264,171617560295337,265650,93825186940240,4375639744,7,2732,1151,2629
171617568683926,171617568696436,171617568707733,171617568710101,171617568718090,171617568718164,265650,93825186940240,4375639744,7,2732,1151,2630
171617576949427,171617576962368,171617576973903,171617576975959,171617576980834,171617576980897,265650,93825186940240,4375639744,7,2732,1151,2631
171617585262764,171617585273890,171617585284588,171617585286642,171617585293869,171617585293930,265650,93825186940240,4375639744,7,2732,1151,2632
171617593617876,171617593632035,171617593644730,171617593648042,171617593655324,171617593655385,265650,93825186940240,4375639744,7,2732,1151,2633
171617601927953,171617601939184,171617601950013,171617601952269,171617601959015,171617601959104,265650,93825186940240,4375639744,7,2732,1151,2634
171617610259557,171617610270582,171617610281200,171617610282967,171617610288427,171617610288491,265650,93825186940240,4375639744,7,2732,1151,2635
171617618657038,171617618668388,171617618679108,171617618681012,171617618687427,171617618687503,265650,93825186940240,4375639744,7,2732,1151,2636
171617627747910,171617627759180,171617627769938,171617627771632,171617627777916,171617627777988,265650,93825186940240,4375639744,7,2732,1151,2637
171617636067775,171617636078916,171617636090022,171617636092506,171617636098369,171617636098446,265650,93825186940240,4375639744,7,2732,1151,2638
171617644454387,171617644466333,171617644478278,171617644480717,171617644483539,171617644483607,265650,93825186940240,4375639744,7,2732,1151,2639
171617652966652,171617652977163,171617652988327,171617652990187,171617652997658,171617652997721,265650,93825186940240,4375639744,7,2732,1151,2640
171617661262745,171617661273325,171617661284727,171617661286904,171617661293236,171617661293305,265650,93825186940240,4375639744,7,2732,1151,2641
171617669603678,171617669614649,171617669625404,171617669627178,171617669632944,171617669633024,265650,93825186940240,4375639744,7,2732,1151,2642
171617679007459,171617679018786,171617679031097,171617679034711,171617679041470,171617679041528,265650,93825186940240,4375639744,7,2732,1151,2643
171617687334305,171617687346325,171617687358484,171617687361473,171617687370321,171617687370379,265650,93825186940240,4375639744,7,2732,1151,2644
171617695671238,171617695682019,171617695692377,171617695694562,171617695700153,171617695700214,265650,93825186940240,4375639744,7,2732,1151,2645
171617704972450,171617704983220,171617704994973,171617704997586,171617705008194,171617705008250,265650,93825186940240,4375639744,7,2732,1151,2646
171617713295333,171617713306326,171617713316920,171617713318802,171617713324316,171617713324374,265650,93825186940240,4375639744,7,2732,1151,2647
171617721662333,171617721673617,171617721685374,171617721688954,171617721698746,171617721698808,265650,93825186940240,4375639744,7,2732,1151,2648
171617730933447,171617730944417,171617730954866,171617730956881,171617730962666,171617730962730,265650,93825186940240,4375639744,7,2732,1151,2649
171617739270276,171617739281681,171617739292765,171617739294651,171617739299944,171617739300009,265650,93825186940240,4375639744,7,2732,1151,2650
171617747646517,171617747657293,171617747667615,171617747669413,171617747674778,171617747674854,265650,93825186940240,4375639744,7,2732,1151,2651
171617758125401,171617758136683,171617758148063,171617758150657,171617758158811,171617758158904,265650,93825186940240,4375639744,7,2732,1151,2652
171617766423427,171617766435338,171617766446750,171617766449350,171617766455782,171617766455845,265650,93825186940240,4375639744,7,2732,1151,2653
171617774757712,171617774769217,171617774781169,171617774784892,171617774794557,171617774794790,265650,93825186940240,4375639744,7,2732,1151,2654
171617783113695,171617783124462,171617783134849,171617783136629,171617783142483,171617783142554,265650,93825186940240,4375639744,7,2732,1151,2655
171617791437422,171617791450450,171617791462120,171617791464407,171617791471217,171617791471278,265650,93825186940240,4375639744,7,2732,1151,2656
171617799773123,171617799785491,171617799797552,171617799801900,171617799811404,171617799811468,265650,93825186940240,4375639744,7,2732,1151,2657
171617808871949,171617808883704,171617808895258,171617808897226,171617808899889,171617808899950,265650,93825186940240,4375639744,7,2732,1151,2658
171617817222841,171617817238207,171617817249361,171617817251546,171617817256290,171617817256339,265650,93825186940240,4375639744,7,2732,1151,2659
171617825635054,171617825655972,171617825667173,171617825669742,171617825679064,171617825679123,265650,93825186940240,4375639744,7,2732,1151,2660
171617833887848,171617833903550,171617833915540,171617833918638,171617833931686,171617833931776,265650,93825186940240,4375639744,7,2732,1151,2661
171617842239320,171617842259102,171617842271085,171617842274041,171617842282494,171617842282580,265650,93825186940240,4375639744,7,2732,1151,2662
171617850591345,171617850604070,171617850614208,171617850616351,171617850621202,171617850621280,265650,93825186940240,4375639744,7,2732,1151,2663
171617858896062,171617858910782,171617858920169,171617858922347,171617858927110,171617858927185,265650,93825186940240,4375639744,7,2732,1151,2664
171617867246947,171617867256537,171617867265247,171617867267342,171617867270559,171617867270629,265650,93825186940240,4375639744,7,2732,1151,2665
171617875550105,171617875560210,171617875568844,171617875571619,171617875577806,171617875577876,265650,93825186940240,4375639744,7,2732,1151,2666
171617884230829,171617884243711,171617884252298,171617884253751,171617884257418,171617884257481,265650,93825186940240,4375639744,7,2732,1151,2667
171617892531696,171617892541462,171617892549596,171617892550866,171617892556900,171617892556964,265650,93825186940240,4375639744,7,2732,1151,2668
171617901119810,171617901130188,171617901139584,171617901140742,171617901144678,171617901144752,265650,93825186940240,4375639744,7,2732,1151,2669
171617911519329,171617911535918,171617911548372,171617911551160,171617911555472,171617911555572,265650,93825186940240,4375639744,7,2732,1151,2670
171617919845998,171617919863065,171617919874386,171617919876444,171617919885945,171617919886037,265650,93825186940240,4375639744,7,2732,1151,2671
171617928200836,171617928216930,171617928228275,171617928231318,171617928240428,171617928240649,265650,93825186940240,4375639744,7,2732,1151,2672
171617936506665,171617936534556,171617936545282,171617936547209,171617936557144,171617936557224,265650,93825186940240,4375639744,7,2732,1151,2673
171617944873479,171617944885177,171617944895867,171617944897833,171617944903444,171617944903537,265650,93825186940240,4375639744,7,2732,1151,2674
171617953163056,171617953175587,171617953186705,171617953188548,171617953195355,171617953195419,265650,93825186940240,4375639744,7,2732,1151,2675
171617961635725,171617961650035,171617961661577,171617961663486,171617961667372,171617961667461,265650,93825186940240,4375639744,7,2732,1151,2676
171617969894116,171617969907426,171617969919045,171617969920488,171617969926264,171617969926366,265650,93825186940240,4375639744,7,2732,1151,2677
171617978277698,171617978289987,171617978301266,171617978302562,171617978307358,171617978307450,265650,93825186940240,4375639744,7,2732,1151,2678
171617986594362,171617986606478,171617986617484,171617986618518,171617986622428,171617986622517,265650,93825186940240,4375639744,7,2732,1151,2679
171617994987657,171617995037649,171617995048928,171617995050513,171617995057172,171617995057265,265650,93825186940240,4375639744,7,2732,1151,2680
171618004319852,171618004328615,171618004337396,171618004338756,171618004343187,171618004343254,265650,93825186940240,4375639744,7,2732,1151,2681
171618014401705,171618014418363,171618014430152,171618014432497,171618014435920,171618014435999,265650,93825186940240,4375639744,7,2732,1151,2682
171618022766273,171618022777405,171618022788313,171618022790115,171618022794609,171618022794672,265650,93825186940240,4375639744,7,2732,1151,2683
171618031065825,171618031076626,171618031087282,171618031089541,171618031094479,171618031094545,265650,93825186940240,4375639744,7,2732,1151,2684
171618041482952,171618041493558,171618041504095,171618041506135,171618041510996,171618041511059,265650,93825186940240,4375639744,7,2732,1151,2685
171618049960695,171618049972890,171618049984677,171618049986667,171618049993911,171618049994008,265650,93825186940240,4375639744,7,2732,1151,2686
171618058218390,171618058231412,171618058243307,171618058244963,171618058251650,171618058251725,265650,93825186940240,4375639744,7,2732,1151,2687
171618067417411,171618067426630,171618067434945,171618067435885,171618067438423,171618067438482,265650,93825186940240,4375639744,7,2732,1151,2688
171618075818834,171618075834845,171618075846443,171618075848183,171618075852682,171618075852767,265650,93825186940240,4375639744,7,2732,1151,2689
171618096231497,171618096249465,171618096261975,171618096264207,171618096271746,171618096271821,265650,93825186940240,4375639744,7,2732,1151,2690
171618104569482,171618104590309,171618104602534,171618104605202,171618104613192,171618104613314,265650,93825186940240,4375639744,7,2732,1151,2691
171618112884686,171618112905087,171618112916711,171618112919286,171618112927585,171618112927663,265650,93825186940240,4375639744,7,2732,1151,2692
171618121208995,171618121225966,171618121236842,171618121238989,171618121244484,171618121244576,265650,93825186940240,4375639744,7,2732,1151,2693
171618129581236,171618129597662,171618129609314,171618129611526,171618129616920,171618129617025,265650,93825186940240,4375639744,7,2732,1151,2694
171618138035237,171618138053697,171618138064957,171618138067534,171618138077200,171618138077282,265650,93825186940240,4375639744,7,2732,1151,2695
171618146209306,171618146225687,171618146236924,171618146239047,171618146243566,171618146243627,265650,93825186940240,4375639744,7,2732,1151,2696
171618154590650,171618154610540,171618154622874,171618154625729,171618154633327,171618154633384,265650,93825186940240,4375639744,7,2732,1151,2697
171618162933663,171618162955909,171618162967875,171618162970872,171618162985267,171618162985321,265650,93825186940240,4375639744,7,2732,1151,2698
171618171202195,171618171219342,171618171229943,171618171231995,171618171237071,171618171237148,265650,93825186940240,4375639744,7,2732,1151,2699
171618179566269,171618179580334,171618179591046,171618179592978,171618179596595,171618179596661,265650,93825186940240,4375639744,7,2732,1151,2700
171618187884620,171618187905688,171618187916785,171618187919088,171618187922881,171618187922966,265650,93825186940240,4375639744,7,2732,1151,2701
171618196193274,171618196206499,171618196216921,171618196218913,171618196222974,171618196223046,265650,93825186940240,4375639744,7,2732,1151,2702
171618204586008,171618204603308,171618204614775,171618204616746,171618204620345,171618204620414,265650,93825186940240,4375639744,7,2732,1151,2703
171618212921555,171618212937935,171618212949525,171618212952510,171618212958219,171618212958280,265650,93825186940240,4375639744,7,2732,1151,2704
171618221196350,171618221211835,171618221222467,171618221224253,171618221229276,171618221229334,265650,93825186940240,4375639744,7,2732,1151,2705
171618229569279,171618229587194,171618229598254,171618229600296,171618229611983,171618229612108,265650,93825186940240,4375639744,7,2732,1151,2706
171618237960865,171618237976607,171618237987580,171618237989535,171618237995495,171618237995587,265650,93825186940240,4375639744,7,2732,1151,2707
171618246207672,171618246222112,171618246233257,171618246235251,171618246240103,171618246240185,265650,93825186940240,4375639744,7,2732,1151,2708
171618254562232,171618254583862,171618254596481,171618254598995,171618254605737,171618254605805,265650,93825186940240,4375639744,7,2732,1151,2709
171618262915733,171618262932070,171618262943480,171618262945360,171618262950633,171618262950692,265650,93825186940240,4375639744,7,2732,1151,2710
171618271237849,171618271248924,171618271258186,171618271259638,171618271267882,171618271267958,265650,93825186940240,4375639744,7,2732,1151,2711
171618279668629,171618279718088,171618279729784,171618279731068,171618279739239,171618279739335,265650,93825186940240,4375639744,7,2732,1151,2712
171618287899432,171618287908738,171618287916831,171618287917741,171618287923869,171618287923919,265650,93825186940240,4375639744,7,2732,1151,2713
171618296205652,171618296250659,171618296259073,171618296259979,171618296265442,171618296265494,265650,93825186940240,4375639744,7,2732,1151,2714
171618304677818,171618304689766,171618304700638,171618304701682,171618304706816,171618304706886,265650,93825186940240,4375639744,7,2732,1151,2715
171618312910199,171618312930092,171618312942634,171618312946465,171618312953787,171618312953875,265650,93825186940240,4375639744,7,2732,1151,2716
171618321212103,171618321230779,171618321242138,171618321244340,171618321252647,171618321252758,265650,93825186940240,4375639744,7,2732,1151,2717
171618329544076,171618329560854,171618329572740,171618329575109,171618329580310,171618329580452,265650,93825186940240,4375639744,7,2732,1151,2718
171618337926210,171618337940461,171618337951931,171618337953803,171618337965410,171618337965488,265650,93825186940240,4375639744,7,2732,1151,2719
171618346211366,171618346227354,171618346238442,171618346240303,171618346247578,171618346247678,265650,93825186940240,4375639744,7,2732,1151,2720
171618354542063,171618354558080,171618354568989,171618354570868,171618354577470,171618354577542,265650,93825186940240,4375639744,7,2732,1151,2721
171618362925118,171618362941889,171618362952872,171618362954798,171618362962626,171618362962692,265650,93825186940240,4375639744,7,2732,1151,2722
171618371218355,171618371234667,171618371245466,171618371247845,171618371257256,171618371257335,265650,93825186940240,4375639744,7,2732,1151,2723
171618379551798,171618379565361,171618379576199,171618379578233,171618379588772,171618379588965,265650,93825186940240,4375639744,7,2732,1151,2724
171618387963091,171618387980601,171618387991867,171618387993635,171618388005707,171618388005762,265650,93825186940240,4375639744,7,2732,1151,2725
171618396230898,171618396265232,171618396281695,171618396284038,171618396291708,171618396291773,265650,93825186940240,4375639744,7,2732,1151,2726
171618404596945,171618404619771,171618404638516,171618404641420,171618404654206,171618404654287,265650,93825186940240,4375639744,7,2732,1151,2727
171618412954943,171618412981933,171618412995351,171618412999178,171618413027623,171618413027718,265650,93825186940240,4375639744,7,2732,1151,2728
171618421250232,171618421272120,171618421284051,171618421286818,171618421299106,171618421299206,265650,93825186940240,4375639744,7,2732,1151,2729
171618429564472,171618429582977,171618429594513,171618429596773,171618429604193,171618429604239,265650,93825186940240,4375639744,7,2732,1151,2730
171618437888499,171618437905942,171618437916576,171618437918347,171618437926851,171618437926928,265650,93825186940240,4375639744,7,2732,1151,2731
171618446251727,171618446267313,171618446279449,171618446280915,171618446284825,171618446284916,265650,93825186940240,4375639744,7,2732,1151,2732
171618454678087,171618454690145,171618454701413,171618454702392,171618454707535,171618454707627,265650,93825186940240,4375639744,7,2732,1151,2733
171618462984923,171618462996741,171618463010041,171618463010866,171618463014552,171618463014629,265650,93825186940240,4375639744,7,2732,1151,2734
171618471210539,171618471223093,171618471233629,171618471234353,171618471238503,171618471238573,265650,93825186940240,4375639744,7,2732,1151,2735
171618479633736,171618479645356,171618479655769,171618479656368,171618479660043,171618479660113,265650,93825186940240,4375639744,7,2732,1151,2736
171618487973023,171618487985304,171618487995884,171618487996492,171618488004978,171618488005047,265650,93825186940240,4375639744,7,2732,1151,2737
171618496247157,171618496264885,171618496283417,171618496284142,171618496289375,171618496289441,265650,93825186940240,4375639744,7,2732,1151,2738
171618504667120,171618504709365,171618504722019,171618504724258,171618504730235,171618504730350,265650,93825186940240,4375639744,7,2732,1151,2739
171618512901564,171618512927292,171618512938704,171618512939685,171618512945867,171618512945971,265650,93825186940240,4375639744,7,2732,1151,2740
171618521250006,171618521259202,171618521267509,171618521268432,171618521273807,171618521273867,265650,93825186940240,4375639744,7,2732,1151,2741
171618529556203,171618529566128,171618529593418,171618529594747,171618529599884,171618529599943,265650,93825186940240,4375639744,7,2732,1151,2742
171618538031997,171618538045480,171618538056324,171618538057416,171618538061786,171618538061854,265650,93825186940240,4375639744,7,2732,1151,2743
171618546228125,171618546239660,171618546248115,171618546249160,171618546253878,171618546253940,265650,93825186940240,4375639744,7,2732,1151,2744
171618556230506,171618556249419,171618556261500,171618556263322,171618556270501,171618556270596,265650,93825186940240,4375639744,7,2732,1151,2745
171618564411787,171618564424029,171618564435532,171618564437709,171618564443853,171618564443926,265650,93825186940240,4375639744,7,2732,1151,2746
171618574439114,171618574448012,171618574456296,171618574457018,171618574459106,171618574459175,265650,93825186940240,4375639744,7,2732,1151,2747
171618582845648,171618582862059,171618582873373,171618582876068,171618582879622,171618582879713,265650,93825186940240,4375639744,7,2732,1151,2748
171618591099259,171618591110630,171618591121498,171618591123385,171618591129331,171618591129440,265650,93825186940240,4375639744,7,2732,1151,2749
171618600417095,171618600427998,171618600438455,171618600440389,171618600446435,171618600446497,265650,93825186940240,4375639744,7,2732,1151,2750
171618608901774,171618608916982,171618608929230,171618608931138,171618608936422,171618608936515,265650,93825186940240,4375639744,7,2732,1151,2751
171618617219893,171618617242790,171618617254383,171618617256197,171618617262913,171618617262998,265650,93825186940240,4375639744,7,2732,1151,2752
171618625453630,171618625462606,171618625470920,171618625471816,171618625477694,171618625477857,265650,93825186940240,4375639744,7,2732,1151,2753
171618636211169,171618636227714,171618636239570,171618636241316,171618636246625,171618636246705,265650,93825186940240,4375639744,7,2732,1151,2754
171618645425469,171618645434351,171618645442333,171618645443163,171618645447940,171618645448009,265650,93825186940240,4375639744,7,2732,1151,2755
171618654606538,171618654615621,171618654623630,171618654624638,171618654629517,171618654629583,265650,93825186940240,4375639744,7,2732,1151,2756
171618663040778,171618663050415,171618663059297,171618663060212,171618663064991,171618663065048,265650,93825186940240,4375639744,7,2732,1151,2757
171618675106986,171618675115993,171618675124275,171618675125223,171618675130045,171618675130103,265650,93825186940240,4375639744,7,2732,1151,2758
171618684435770,171618684444693,171618684453335,171618684454069,171618684456453,171618684456508,265650,93825186940240,4375639744,7,2732,1151,2759
171618693456530,171618693466057,171618693474869,171618693476089,171618693480896,171618693480958,265650,93825186940240,4375639744,7,2732,1151,2760
171618702382511,171618702402199,171618702414093,171618702417129,171618702423230,171618702423318,265650,93825186940240,4375639744,7,2732,1151,2761
171618710741503,171618710753200,171618710765253,171618710768458,171618710776919,171618710776993,265650,93825186940240,4375639744,7,2732,1151,2762
171618719034259,171618719045896,171618719056337,171618719058022,171618719064089,171618719064162,265650,93825186940240,4375639744,7,2732,1151,2763
171618727366315,171618727378469,171618727389295,171618727391172,171618727397748,171618727397826,265650,93825186940240,4375639744,7,2732,1151,2764
171618735700306,171618735714434,171618735726885,171618735729436,171618735736176,171618735736236,265650,93825186940240,4375639744,7,2732,1151,2765
171618744013172,171618744026588,171618744036700,171618744038519,171618744046957,171618744047019,265650,93825186940240,4375639744,7,2732,1151,2766
171618752355069,171618752368433,171618752378943,171618752381217,171618752384529,171618752384585,265650,93825186940240,4375639744,7,2732,1151,2767
171618760698714,171618760712512,171618760724254,171618760726308,171618760736261,171618760736320,265650,93825186940240,4375639744,7,2732,1151,2768
171618769045605,171618769061724,171618769072914,171618769074867,171618769080306,171618769080401,265650,93825186940240,4375639744,7,2732,1151,2769
171618777355613,171618777370720,171618777382107,171618777383997,171618777387184,171618777387242,265650,93825186940240,4375639744,7,2732,1151,2770
171618785750961,171618785762579,171618785773354,171618785775163,171618785778145,171618785778204,265650,93825186940240,4375639744,7,2732,1151,2771
171618794023411,171618794040914,171618794055821,171618794061225,171618794066878,171618794067008,265650,93825186940240,4375639744,7,2732,1151,2772
171618802356503,171618802369653,171618802380793,171618802382812,171618802386362,171618802386430,265650,93825186940240,4375639744,7,2732,1151,2773
171618810751799,171618810763786,171618810775359,171618810777668,171618810784093,171618810784165,265650,93825186940240,4375639744,7,2732,1151,2774
171618819084208,171618819095609,171618819106896,171618819108774,171618819112504,171618819112569,265650,93825186940240,4375639744,7,2732,1151,2775
171618827354247,171618827367377,171618827378913,171618827381005,171618827386316,171618827386373,265650,93825186940240,4375639744,7,2732,1151,2776
171618835735915,171618835747304,171618835758256,171618835760060,171618835764165,171618835764239,265650,93825186940240,4375639744,7,2732,1151,2777
171618844087226,171618844098156,171618844108969,171618844110827,171618844114614,171618844114688,265650,93825186940240,4375639744,7,2732,1151,2778
171618853049805,171618853060530,171618853070996,171618853072739,171618853079299,171618853079387,265650,93825186940240,4375639744,7,2732,1151,2779
171618862759928,171618862771014,171618862781684,171618862783980,171618862788576,171618862788636,265650,93825186940240,4375639744,7,2732,1151,2780
171618871967133,171618871978459,171618871990336,171618871993213,171618871998681,171618871998766,265650,93825186940240,4375639744,7,2732,1151,2781
171618882447422,171618882457952,171618882468410,171618882470284,171618882474495,171618882474558,265650,93825186940240,4375639744,7,2732,1151,2782
171618892266205,171618892277492,171618892287902,171618892289709,171618892292579,171618892292637,265650,93825186940240,4375639744,7,2732,1151,2783
171618901188003,171618901198686,171618901209376,171618901211470,171618901215445,171618901215499,265650,93825186940240,4375639744,7,2732,1151,2784
171618910809043,171618910820597,171618910831049,171618910833037,171618910837462,171618910837522,265650,93825186940240,4375639744,7,2732,1151,2785
171618919524343,171618919534773,171618919544994,171618919547194,171618919554451,171618919554571,265650,93825186940240,4375639744,7,2732,1151,2786
171618930848335,171618930928425,171618930941445,171618930943361,171618930948217,171618930948321,265650,93825186940240,4375639744,7,2732,1151,2787
171618939073345,171618939085656,171618939097149,171618939098432,171618939103125,171618939103207,265650,93825186940240,4375639744,7,2732,1151,2788
171618947266173,171618947282242,171618947293744,171618947296691,171618947300007,171618947300071,265650,93825186940240,4375639744,7,2732,1151,2789
171618955983230,171618955993507,171618956007582,171618956009359,171618956015354,171618956015418,265650,93825186940240,4375639744,7,2732,1151,2790
171618964459559,171618964482612,171618964493575,171618964494686,171618964499759,171618964499851,265650,93825186940240,4375639744,7,2732,1151,2791
171618972792415,171618972804164,171618972815084,171618972816294,171618972822123,171618972822214,265650,93825186940240,4375639744,7,2732,1151,2792
171618981979495,171618981996400,171618982012233,171618982014936,171618982017653,171618982017733,265650,93825186940240,4375639744,7,2732,1151,2793
171618990296928,171618990308606,171618990319561,171618990321404,171618990325264,171618990325324,265650,93825186940240,4375639744,7,2732,1151,2794
171618998621983,171618998633032,171618998643657,171618998645715,171618998648757,171618998648815,265650,93825186940240,4375639744,7,2732,1151,2795
171619008482252,171619008493003,171619008504039,171619008506652,171619008510428,171619008510490,265650,93825186940240,4375639744,7,2732,1151,2796
171619016850906,171619016868753,171619016879959,171619016881879,171619016898148,171619016898211,265650,93825186940240,4375639744,7,2732,1151,2797
171619025239690,171619025251803,171619025263026,171619025264649,171619025270434,171619025270526,265650,93825186940240,4375639744,7,2732,1151,2798
171619033484376,171619033494605,171619033525904,171619033527209,171619033533195,171619033533270,265650,93825186940240,4375639744,7,2732,1151,2799
171619041849944,171619041858901,171619041866672,171619041867662,171619041872307,171619041872370,265650,93825186940240,4375639744,7,2732,1151,2800
171619050253311,171619050267155,171619050278005,171619050279170,171619050285109,171619050285180,265650,93825186940240,4375639744,7,2732,1151,2801
171619058533336,171619058545500,171619058556485,171619058557789,171619058563423,171619058563500,265650,93825186940240,4375639744,7,2732,1151,2802
171619066937142,171619066950667,171619066962742,171619066964426,171619066971329,171619066971419,265650,93825186940240,4375639744,7,2732,1151,2803
171619075225302,171619075237757,171619075248991,171619075250037,171619075256345,171619075256427,265650,93825186940240,4375639744,7,2732,1151,2804
171619084079806,171619084088615,171619084096619,171619084097393,171619084102253,171619084102311,265650,93825186940240,4375639744,7,2732,1151,2805
171619092422305,171619092434680,171619092445590,171619092446614,171619092452399,171619092452587,265650,93825186940240,4375639744,7,2732,1151,2806
171619100771321,171619100786535,171619100797895,171619100799170,171619100804115,171619100804204,265650,93825186940240,4375639744,7,2732,1151,2807
171619109014345,171619109023673,171619109031947,171619109033291,171619109039649,171619109039705,265650,93825186940240,4375639744,7,2732,1151,2808
171619117363480,171619117372732,171619117381973,171619117383658,171619117389312,171619117389381,265650,93825186940240,4375639744,7,2732,1151,2809
171619125744257,171619125753388,171619125761835,171619125763357,171619125773246,171619125773301,265650,93825186940240,4375639744,7,2732,1151,2810
171619135779638,171619135788280,171619135796730,171619135797565,171619135802285,171619135802340,265650,93825186940240,4375639744,7,2732,1151,2811
171619144199402,171619144231664,171619144243500,171619144246127,171619144253174,171619144253255,265650,93825186940240,4375639744,7,2732,1151,2812
171619161419230,171619161428685,171619161437677,171619161439990,171619161448549,171619161448615,265650,93825186940240,4375639744,7,2732,1151,2813
171619169805021,171619169814851,171619169823983,171619169825299,171619169829849,171619169829923,265650,93825186940240,4375639744,7,2732,1151,2814
171619178133706,171619178155236,171619178192269,171619178193085,171619178198967,171619178199031,265650,93825186940240,4375639744,7,2732,1151,2815
171619186384160,171619186400238,171619186411704,171619186414295,171619186420059,171619186420140,265650,93825186940240,4375639744,7,2732,1151,2816
171619194726663,171619194741931,171619194753728,171619194755742,171619194763741,171619194763810,265650,93825186940240,4375639744,7,2732,1151,2817
171619203062178,171619203077936,171619203088949,171619203090617,171619203094875,171619203094941,265650,93825186940240,4375639744,7,2732,1151,2818
171619211407697,171619211420943,171619211431441,171619211433291,171619211437980,171619211438041,265650,93825186940240,4375639744,7,2732,1151,2819
171619219715071,171619219746343,171619219763156,171619219766212,171619219773421,171619219773490,265650,93825186940240,4375639744,7,2732,1151,2820
171619228044823,171619228068598,171619228079559,171619228081249,171619228085157,171619228085216,265650,93825186940240,4375639744,7,2732,1151,2821
171619236359170,171619236389602,171619236399820,171619236401454,171619236404435,171619236404488,265650,93825186940240,4375639744,7,2732,1151,2822
171619244688022,171619244700121,171619244710878,171619244712177,171619244715566,171619244715640,265650,93825186940240,4375639744,7,2732,1151,2823
171619253033997,171619253047155,171619253057509,171619253059066,171619253062707,171619253062764,265650,93825186940240,4375639744,7,2732,1151,2824
171619261384121,171619261401818,171619261412743,171619261414966,171619261425225,171619261425310,265650,93825186940240,4375639744,7,2732,1151,2825
171619269769372,171619269790644,171619269803184,171619269806432,171619269813586,171619269813683,265650,93825186940240,4375639744,7,2732,1151,2826
171619278096377,171619278111614,171619278123059,171619278125235,171619278136423,171619278136506,265650,93825186940240,4375639744,7,2732,1151,2827
171619286377222,171619286393459,171619286404796,171619286406788,171619286411710,171619286411795,265650,93825186940240,4375639744,7,2732,1151,2828
171619294724353,171619294741708,171619294753962,171619294756580,171619294770781,171619294770894,265650,93825186940240,4375639744,7,2732,1151,2829
171619303086801,171619303101621,171619303112658,171619303114782,171619303121074,171619303121123,265650,93825186940240,4375639744,7,2732,1151,2830
171619311427689,171619311442638,171619311453123,171619311455152,171619311463405,171619311463483,265650,93825186940240,4375639744,7,2732,1151,2831
171619319727398,171619319747007,171619319760697,171619319763028,171619319778218,171619319778275,265650,93825186940240,4375639744,7,2732,1151,2832
171619328047559,171619328062331,171619328072892,171619328074779,171619328083115,171619328083188,265650,93825186940240,4375639744,7,2732,1151,2833
171619336373378,171619336390167,171619336400989,171619336402731,171619336407387,171619336407434,265650,93825186940240,4375639744,7,2732,1151,2834
171619344755265,171619344770554,171619344781817,171619344783340,171619344792251,171619344792306,265650,93825186940240,4375639744,7,2732,1151,2835
171619353058900,171619353074405,171619353085460,171619353087394,171619353098499,171619353098588,265650,93825186940240,4375639744,7,2732,1151,2836
171619361429335,171619361445501,171619361456183,171619361458693,171619361464826,171619361464924,265650,93825186940240,4375639744,7,2732,1151,2837
171619369785069,171619369803322,171619369816027,171619369819460,171619369828844,171619369828935,265650,93825186940240,4375639744,7,2732,1151,2838
171619378039262,171619378052628,171619378063353,171619378064910,171619378070430,171619378070501,265650,93825186940240,4375639744,7,2732,1151,2839
171619386403622,171619386418368,171619386429674,171619386432331,171619386443529,171619386443596,265650,93825186940240,4375639744,7,2732,1151,2840
171619394782888,171619394801285,171619394812199,171619394814439,171619394822780,171619394822850,265650,93825186940240,4375639744,7,2732,1151,2841
171619403049037,171619403066338,171619403077294,171619403079248,171619403085993,171619403086067,265650,93825186940240,4375639744,7,2732,1151,2842
171619411388716,171619411402938,171619411413724,171619411415854,171619411422131,171619411422215,265650,93825186940240,4375639744,7,2732,1151,2843
171619419729651,171619419746936,171619419758310,171619419760882,171619419768159,171619419768212,265650,93825186940240,4375639744,7,2732,1151,2844
171619428058898,171619428075943,171619428087153,171619428089362,171619428096801,171619428096848,265650,93825186940240,4375639744,7,2732,1151,2845
171619436395129,171619436410834,171619436421506,171619436423444,171619436436444,171619436436501,265650,93825186940240,4375639744,7,2732,1151,2846
171619444726736,171619444742362,171619444753258,171619444755136,171619444763168,171619444763219,265650,93825186940240,4375639744,7,2732,1151,2847
171619453066814,171619453081846,171619453092332,171619453093795,171619453100479,171619453100532,265650,93825186940240,4375639744,7,2732,1151,2848
171619461439811,171619461454215,171619461465522,171619461467620,171619461472274,171619461472326,265650,93825186940240,4375639744,7,2732,1151,2849
171619469734185,171619469749261,171619469760803,171619469763644,171619469769207,171619469769262,265650,93825186940240,4375639744,7,2732,1151,2850
171619478047017,171619478067570,171619478081183,171619478082892,171619478086279,171619478086340,265650,93825186940240,4375639744,7,2732,1151,2851
171619486388623,171619486405061,171619486416317,171619486418673,171619486424079,171619486424141,265650,93825186940240,4375639744,7,2732,1151,2852
171619494732104,171619494747817,171619494758659,171619494760585,171619494767853,171619494767910,265650,93825186940240,4375639744,7,2732,1151,2853
171619503082756,171619503099651,171619503110596,171619503113036,171619503118471,171619503118535,265650,93825186940240,4375639744,7,2732,1151,2854
171619511441341,171619511455254,171619511465462,171619511467348,171619511471521,171619511471577,265650,93825186940240,4375639744,7,2732,1151,2855
171619519742292,171619519757525,171619519768500,171619519770337,171619519775626,171619519775684,265650,93825186940240,4375639744,7,2732,1151,2856
171619528091479,171619528108067,171619528119062,171619528121184,171619528126355,171619528126411,265650,93825186940240,4375639744,7,2732,1151,2857
171619536386996,171619536401548,171619536411807,171619536413845,171619536419538,171619536419601,265650,93825186940240,4375639744,7,2732,1151,2858
171619544713475,171619544728250,171619544738933,171619544740871,171619544745808,171619544745883,265650,93825186940240,4375639744,7,2732,1151,2859
171619553083148,171619553098910,171619553109891,171619553111912,171619553118290,171619553118352,265650,93825186940240,4375639744,7,2732,1151,2860
171619561407002,171619561423395,171619561434072,171619561435972,171619561441843,171619561441908,265650,93825186940240,4375639744,7,2732,1151,2861
171619569718725,171619569735987,171619569747787,171619569750389,171619569762270,171619569762398,265650,93825186940240,4375639744,7,2732,1151,2862
171619578064954,171619578080458,171619578090942,171619578092705,171619578097702,171619578097771,265650,93825186940240,4375639744,7,2732,1151,2863
171619586444306,171619586471092,171619586484972,171619586488827,171619586499533,171619586499580,265650,93825186940240,4375639744,7,2732,1151,2864
171619594716212,171619594730253,171619594741805,171619594744277,171619594752611,171619594752672,265650,93825186940240,4375639744,7,2732,1151,2865
171619603074373,171619603094187,171619603106086,171619603108724,171619603117290,171619603117353,265650,93825186940240,4375639744,7,2732,1151,2866
171619611401305,171619611419066,171619611429856,171619611432071,171619611438398,171619611438461,265650,93825186940240,4375639744,7,2732,1151,2867
171619619721954,171619619738003,171619619749444,171619619752178,171619619762824,171619619762890,265650,93825186940240,4375639744,7,2732,1151,2868
171619628120647,171619628136790,171619628147581,171619628149614,171619628160116,171619628160177,265650,93825186940240,4375639744,7,2732,1151,2869
171619636399142,171619636418139,171619636429103,171619636431422,171619636437753,171619636437820,265650,93825186940240,4375639744,7,2732,1151,2870
171619644708953,171619644722002,171619644732026,171619644733416,171619644740115,171619644740184,265650,93825186940240,4375639744,7,2732,1151,2871
171619653096288,171619653112527,171619653123977,171619653127221,171619653134575,171619653134638,265650,93825186940240,4375639744,7,2732,1151,2872
171619661384573,171619661398422,171619661409822,171619661411764,171619661417283,171619661417342,265650,93825186940240,4375639744,7,2732,1151,2873
171619669725575,171619669739616,171619669750355,171619669751851,171619669757757,171619669757814,265650,93825186940240,4375639744,7,2732,1151,2874
171619678042452,171619678075955,171619678086820,171619678088655,171619678095277,171619678095334,265650,93825186940240,4375639744,7,2732,1151,2875
171619686385726,171619686397846,171619686408531,171619686410644,171619686415040,171619686415100,265650,93825186940240,4375639744,7,2732,1151,2876
171619694721677,171619694734406,171619694745949,171619694748481,171619694753373,171619694753468,265650,93825186940240,4375639744,7,2732,1151,2877
171619703067731,171619703083112,171619703094437,171619703096835,171619703102815,171619703102913,265650,93825186940240,4375639744,7,2732,1151,2878
171619711431648,171619711446756,171619711458911,171619711460474,171619711464013,171619711464085,265650,93825186940240,4375639744,7,2732,1151,2879
171619719875026,171619719891761,171619719904039,171619719905657,171619719909170,171619719909263,265650,93825186940240,4375639744,7,2732,1151,2880
171619728229605,171619728241613,171619728252924,171619728254191,171619728259178,171619728259263,265650,93825186940240,4375639744,7,2732,1151,2881
171619736416276,171619736425763,171619736433826,171619736434471,171619736438812,171619736438878,265650,93825186940240,4375639744,7,2732,1151,2882
171619745041828,171619745050776,171619745060044,171619745061299,171619745067378,171619745067450,265650,93825186940240,4375639744,7,2732,1151,2883
171619753331870,171619753345480,171619753356245,171619753356812,171619753361229,171619753361295,265650,93825186940240,4375639744,7,2732,1151,2884
171619761785923,171619761797853,171619761808745,171619761810266,171619761817881,171619761817942,265650,93825186940240,4375639744,7,2732,1151,2885
171619771405719,171619771414407,171619771422396,171619771423116,171619771426553,171619771426607,265650,93825186940240,4375639744,7,2732,1151,2886
171619779796789,171619779808338,171619779818859,171619779819637,171619779823123,171619779823190,265650,93825186940240,4375639744,7,2732,1151,2887
171619788197921,171619788229980,171619788240868,171619788241916,171619788246113,171619788246189,265650,93825186940240,4375639744,7,2732,1151,2888
171619797128416,171619797143067,171619797154286,171619797156787,171619797161133,171619797161198,265650,93825186940240,4375639744,7,2732,1151,2889
171619805443265,171619805455606,171619805468831,171619805471978,171619805477476,171619805477538,265650,93825186940240,4375639744,7,2732,1151,2890
171619813800983,171619813813802,171619813826679,171619813828506,171619813832224,171619813832278,265650,93825186940240,4375639744,7,2732,1151,2891
171619822992422,171619823007544,171619823018161,171619823019979,171619823022840,171619823022921,265650,93825186940240,4375639744,7,2732,1151,2892
171619831426728,171619831439048,171619831450330,171619831451998,171619831457993,171619831458074,265650,93825186940240,4375639744,7,2732,1151,2893
171619839738881,171619839805730,171619839816315,171619839817555,171619839822779,171619839822871,265650,93825186940240,4375639744,7,2732,1151,2894
171619849129804,171619849141796,171619849152996,171619849155625,171619849158326,171619849158416,265650,93825186940240,4375639744,7,2732,1151,2895
171619857468016,171619857487199,171619857499651,171619857503242,171619857511091,171619857511189,265650,93825186940240,4375639744,7,2732,1151,2896
171619865781624,171619865794104,171619865806341,171619865809958,171619865815059,171619865815158,265650,93825186940240,4375639744,7,2732,1151,2897
171619874544555,171619874555436,171619874565738,171619874567451,171619874571328,171619874571385,265650,93825186940240,4375639744,7,2732,1151,2898
171619882954991,171619882967633,171619882978983,171619882981291,171619882984768,171619882984860,265650,93825186940240,4375639744,7,2732,1151,2899
171619891283093,171619891292379,171619891301927,171619891304229,171619891311612,171619891311672,265650,93825186940240,4375639744,7,2732,1151,2900
171619901765520,171619901774470,171619901782915,171619901784335,171619901788062,171619901788116,265650,93825186940240,4375639744,7,2732,1151,2901
171619910102530,171619910113297,171619910121940,171619910123356,171619910130105,171619910130174,265650,93825186940240,4375639744,7,2732,1151,2902
171619918483704,171619918495522,171619918505365,171619918507564,171619918513144,171619918513214,265650,93825186940240,4375639744,7,2732,1151,2903
171619926811815,171619926834516,171619926846102,171619926849191,171619926852843,171619926852922,265650,93825186940240,4375639744,7,2732,1151,2904
171619935152924,171619935166094,171619935177567,171619935179199,171619935184777,171619935184862,265650,93825186940240,4375639744,7,2732,1151,2905
171619943510622,171619943603903,171619943622711,171619943623943,171619943628896,171619943628974,265650,93825186940240,4375639744,7,2732,1151,2906
171619953103477,171619953114814,171619953131028,171619953131752,171619953135451,171619953135513,265650,93825186940240,4375639744,7,2732,1151,2907
171619961438647,171619961454789,171619961478935,171619961482027,171619961491187,171619961491416,265650,93825186940240,4375639744,7,2732,1151,2908
171619969790276,171619969802850,171619969814644,171619969817465,171619969828396,171619969828442,265650,93825186940240,4375639744,7,2732,1151,2909
171619978058476,171619978075718,171619978086712,171619978088212,171619978095078,171619978095135,265650,93825186940240,4375639744,7,2732,1151,2910
171619986374147,171619986388289,171619986399356,171619986401473,171619986407890,171619986408004,265650,93825186940240,4375639744,7,2732,1151,2911
171619994796833,171619994808268,171619994818957,171619994820944,171619994827135,171619994827208,265650,93825186940240,4375639744,7,2732,1151,2912
171620003063117,171620003075585,171620003091022,171620003093195,171620003100303,171620003100366,265650,93825186940240,4375639744,7,2732,1151,2913
171620011402645,171620011416106,171620011426642,171620011428372,171620011436118,171620011436175,265650,93825186940240,4375639744,7,2732,1151,2914
171620019730249,171620019743840,171620019754317,171620019755730,171620019762865,171620019762937,265650,93825186940240,4375639744,7,2732,1151,2915
171620028045949,171620028066794,171620028077084,171620028079335,171620028082945,171620028083007,265650,93825186940240,4375639744,7,2732,1151,2916
171620052221492,171620052231016,171620052240623,171620052242518,171620052245016,171620052245076,265650,93825186940240,4375639744,7,2732,1151,2917
171620060671864,171620060684044,171620060694971,171620060696237,171620060702121,171620060702210,265650,93825186940240,4375639744,7,2732,1151,2918
171620068924270,171620068961073,171620068971982,171620068972769,171620068977939,171620068978009,265650,93825186940240,4375639744,7,2732,1151,2919
171620077175057,171620077185613,171620077194000,171620077194752,171620077200561,171620077200626,265650,93825186940240,4375639744,7,2732,1151,2920
171620085640917,171620085716915,171620085727416,171620085728337,171620085733754,171620085733829,265650,93825186940240,4375639744,7,2732,1151,2921
171620093906734,171620093929858,171620093940942,171620093941846,171620093947389,171620093947457,265650,93825186940240,4375639744,7,2732,1151,2922
171620102255591,171620102267712,171620102278078,171620102279176,171620102285074,171620102285134,265650,93825186940240,4375639744,7,2732,1151,2923
171620110534669,171620110544622,171620110552926,171620110553856,171620110561601,171620110561653,265650,93825186940240,4375639744,7,2732,1151,2924
171620118941918,171620118954415,171620118976776,171620118977991,171620118983551,171620118983623,265650,93825186940240,4375639744,7,2732,1151,2925
171620127221309,171620127233523,171620127244264,171620127245186,171620127251770,171620127251846,265650,93825186940240,4375639744,7,2732,1151,2926
171620135673432,171620135689505,171620135700190,171620135701716,171620135708584,171620135708654,265650,93825186940240,4375639744,7,2732,1151,2927
171620143917794,171620143940587,171620143951211,171620143952528,171620143958932,171620143959004,265650,93825186940240,4375639744,7,2732,1151,2928
171620152240710,171620152250202,171620152258484,171620152259210,171620152263805,171620152263857,265650,93825186940240,4375639744,7,2732,1151,2929
171620160635369,171620160688869,171620160699270,171620160700090,171620160704748,171620160704819,265650,93825186940240,4375639744,7,2732,1151,2930
171620168923230,171620168934934,171620168945318,171620168946128,171620168951562,171620168951630,265650,93825186940240,4375639744,7,2732,1151,2931
171620177248306,171620177260986,171620177271626,171620177272665,171620177279410,171620177279484,265650,93825186940240,4375639744,7,2732,1151,2932
171620185661515,171620185679009,171620185690080,171620185691604,171620185698069,171620185698160,265650,93825186940240,4375639744,7,2732,1151,2933
171620193891031,171620193905555,171620193914967,171620193916437,171620193926274,171620193926350,265650,93825186940240,4375639744,7,2732,1151,2934
171620202179096,171620202192264,171620202203352,171620202204313,171620202209758,171620202209847,265650,93825186940240,4375639744,7,2732,1151,2935
171620210662200,171620210684050,171620210695582,171620210698777,171620210702269,171620210702368,265650,93825186940240,4375639744,7,2732,1151,2936
171620218864755,171620218883266,171620218894823,171620218897994,171620218906698,171620218906769,265650,93825186940240,4375639744,7,2732,1151,2937
171620227207572,171620227222795,171620227233983,171620227236433,171620227244184,171620227244250,265650,93825186940240,4375639744,7,2732,1151,2938
171620235545569,171620235563698,171620235575551,171620235579746,171620235593511,171620235593570,265650,93825186940240,4375639744,7,2732,1151,2939
171620243911088,171620243931931,171620243944534,171620243949117,171620243959272,171620243959336,265650,93825186940240,4375639744,7,2732,1151,2940
171620252217821,171620252237250,171620252248926,171620252251661,171620252262015,171620252262083,265650,93825186940240,4375639744,7,2732,1151,2941
171620260525489,171620260556074,171620260572492,171620260574594,171620260580637,171620260580688,265650,93825186940240,4375639744,7,2732,1151,2942
171620268902673,171620268946950,171620268966829,171620268969350,171620268976551,171620268976606,265650,93825186940240,4375639744,7,2732,1151,2943
171620277230577,171620277248291,171620277259149,171620277260943,171620277268751,171620277268816,265650,93825186940240,4375639744,7,2732,1151,2944
171620285521773,171620285537896,171620285548888,171620285550926,171620285557790,171620285557850,265650,93825186940240,4375639744,7,2732,1151,2945
171620293865460,171620293881052,171620293892175,171620293894280,171620293903313,171620293903375,265650,93825186940240,4375639744,7,2732,1151,2946
171620302218224,171620302237600,171620302250053,171620302252524,171620302260259,171620302260328,265650,93825186940240,4375639744,7,2732,1151,2947
171620310514190,171620310529500,171620310540530,171620310542247,171620310549531,171620310549616,265650,93825186940240,4375639744,7,2732,1151,2948
171620318857349,171620318870522,171620318881883,171620318884197,171620318891887,171620318891962,265650,93825186940240,4375639744,7,2732,1151,2949
171620327187130,171620327200506,171620327224429,171620327226366,171620327231077,171620327231167,265650,93825186940240,4375639744,7,2732,1151,2950
171620335598717,171620335612239,171620335624337,171620335626727,171620335633427,171620335633536,265650,93825186940240,4375639744,7,2732,1151,2951
171620343855742,171620343868490,171620343878960,171620343881125,171620343885995,171620343886064,265650,93825186940240,4375639744,7,2732,1151,2952
171620352249047,171620352268164,171620352293958,171620352296262,171620352303060,171620352303154,265650,93825186940240,4375639744,7,2732,1151,2953
171620360606411,171620360617825,171620360626369,171620360627436,171620360631668,171620360631737,265650,93825186940240,4375639744,7,2732,1151,2954
171620368923812,171620368936524,171620368947516,171620368948620,171620368953922,171620368954020,265650,93825186940240,4375639744,7,2732,1151,2955
171620377238376,171620377247488,171620377255321,171620377256053,171620377261475,171620377261534,265650,93825186940240,4375639744,7,2732,1151,2956
171620385585253,171620385595745,171620385604447,171620385605287,171620385610447,171620385610508,265650,93825186940240,4375639744,7,2732,1151,2957
171620393914770,171620393928530,171620393937577,171620393939606,171620393949125,171620393949188,265650,93825186940240,4375639744,7,2732,1151,2958
171620402199392,171620402212890,171620402221284,171620402222759,171620402229506,171620402229580,265650,93825186940240,4375639744,7,2732,1151,2959
171620410677587,171620410692752,171620410704009,171620410705192,171620410711649,171620410711725,265650,93825186940240,4375639744,7,2732,1151,2960
171620418973004,171620418986500,171620418997617,171620418998879,171620419008347,171620419008455,265650,93825186940240,4375639744,7,2732,1151,2961
171620427213702,171620427228090,171620427239160,171620427240681,171620427244109,171620427244210,265650,93825186940240,4375639744,7,2732,1151,2962
171620435618026,171620435630343,171620435652836,171620435654061,171620435660000,171620435660094,265650,93825186940240,4375639744,7,2732,1151,2963
171620443997722,171620444052722,171620444063379,171620444064347,171620444069940,171620444070039,265650,93825186940240,4375639744,7,2732,1151,2964
171620452258216,171620452270554,171620452285324,171620452286273,171620452291850,171620452291941,265650,93825186940240,4375639744,7,2732,1151,2965
171620460649197,171620460678355,171620460689512,171620460690380,171620460695937,171620460696024,265650,93825186940240,4375639744,7,2732,1151,2966
171620468895120,171620468908358,171620468919228,171620468920398,171620468925053,171620468925136,265650,93825186940240,4375639744,7,2732,1151,2967
171620477311402,171620477323808,171620477334449,171620477335459,171620477341457,171620477341538,265650,93825186940240,4375639744,7,2732,1151,2968
171620485639812,171620485703977,171620485714629,171620485715723,171620485720968,171620485721048,265650,93825186940240,4375639744,7,2732,1151,2969
171620493983683,171620493995925,171620494008844,171620494010094,171620494015890,171620494015968,265650,93825186940240,4375639744,7,2732,1151,2970
171620502272039,171620502283974,171620502294909,171620502296163,171620502301683,171620502301763,265650,93825186940240,4375639744,7,2732,1151,2971
171620511125706,171620511134361,171620511142340,171620511143250,171620511149617,171620511149675,265650,93825186940240,4375639744,7,2732,1151,2972
171620519466394,171620519477553,171620519488990,171620519492147,171620519498743,171620519498867,265650,93825186940240,4375639744,7,2732,1151,2973
171620527814051,171620527827400,171620527839891,171620527842979,171620527860031,171620527860115,265650,93825186940240,4375639744,7,2732,1151,2974
171620536101980,171620536113730,171620536123873,171620536126173,171620536133181,171620536133244,265650,93825186940240,4375639744,7,2732,1151,2975
171620547482403,171620547493520,171620547503877,171620547505956,171620547511015,171620547511081,265650,93825186940240,4375639744,7,2732,1151,2976
171620555857075,171620555869581,171620555881230,171620555884479,171620555891536,171620555891606,265650,93825186940240,4375639744,7,2732,1151,2977
171620564814860,171620564825860,171620564836842,171620564838610,171620564842227,171620564842296,265650,93825186940240,4375639744,7,2732,1151,2978
171620573131504,171620573143187,171620573154072,171620573156109,171620573160715,171620573160779,265650,93825186940240,4375639744,7,2732,1151,2979
171620581475262,171620581490651,171620581501684,171620581503886,171620581509243,171620581509309,265650,93825186940240,4375639744,7,2732,1151,2980
171620590608666,171620590619596,171620590629977,171620590632129,171620590639630,171620590639706,265650,93825186940240,4375639744,7,2732,1151,2981
171620598974454,171620598985353,171620598995786,171620598997502,171620599007324,171620599007388,265650,93825186940240,4375639744,7,2732,1151,2982
171620607266227,171620607277854,171620607288908,171620607290830,171620607295635,171620607295745,265650,93825186940240,4375639744,7,2732,1151,2983
171620616933139,171620616944276,171620616954800,171620616956909,171620616961178,171620616961239,265650,93825186940240,4375639744,7,2732,1151,2984
171620625248236,171620625259961,171620625270577,171620625272706,171620625276489,171620625276549,265650,93825186940240,4375639744,7,2732,1151,2985
171620633579544,171620633590650,171620633601491,171620633603301,171620633607480,171620633607536,265650,93825186940240,4375639744,7,2732,1151,2986
171620642372259,171620642384451,171620642395543,171620642397462,171620642401525,171620642401590,265650,93825186940240,4375639744,7,2732,1151,2987
171620652164706,171620652175587,171620652186031,171620652187820,171620652191822,171620652191886,265650,93825186940240,4375639744,7,2732,1151,2988
171620662015806,171620662026522,171620662037303,171620662039092,171620662042810,171620662042856,265650,93825186940240,4375639744,7,2732,1151,2989
171620671651885,171620671662440,171620671672982,171620671674704,171620671677980,171620671678043,265650,93825186940240,4375639744,7,2732,1151,2990
171620680103228,171620680113753,171620680124154,171620680125896,171620680129423,171620680129486,265650,93825186940240,4375639744,7,2732,1151,2991
171620691118457,171620691129083,171620691139560,171620691141313,171620691145622,171620691145679,265650,93825186940240,4375639744,7,2732,1151,2992
171620700953852,171620700964423,171620700974692,171620700976472,171620700980126,171620700980188,265650,93825186940240,4375639744,7,2732,1151,2993
171620710140289,171620710158838,171620710169090,171620710170726,171620710176113,171620710176198,265650,93825186940240,4375639744,7,2732,1151,2994
171620718438028,171620718447787,171620718456202,171620718457733,171620718461198,171620718461254,265650,93825186940240,4375639744,7,2732,1151,2995
171620727601964,171620727618835,171620727630196,171620727633150,171620727635876,171620727635944,265650,93825186940240,4375639744,7,2732,1151,2996
171620735998973,171620736022747,171620736034913,171620736037220,171620736044396,171620736044462,265650,93825186940240,4375639744,7,2732,1151,2997
171620744242370,171620744254451,171620744265403,171620744267443,171620744272511,171620744272575,265650,93825186940240,4375639744,7,2732,1151,2998
171620752606691,171620752622576,171620752634372,171620752636416,171620752648405,171620752648612,265650,93825186940240,4375639744,7,2732,1151,2999
171620760927840,171620760944890,171620760956040,171620760958285,171620760964332,171620760964410,265650,93825186940240,4375639744,7,2732,1151,3000
171620769252563,171620769267608,171620769278140,171620769279828,171620769286698,171620769286763,265650,93825186940240,4375639744,7,2732,1151,3001
171620777622404,171620777641519,171620777652879,171620777655192,171620777665938,171620777665992,265650,93825186940240,4375639744,7,2732,1151,3002
171620785925760,171620785943610,171620785954498,171620785956123,171620785961115,171620785961175,265650,93825186940240,4375639744,7,2732,1151,3003
171620794265886,171620794285837,171620794297346,171620794300082,171620794311998,171620794312071,265650,93825186940240,4375639744,7,2732,1151,3004
171620802615394,171620802636015,171620802649518,171620802652560,171620802664996,171620802665092,265650,93825186940240,4375639744,7,2732,1151,3005
171620810970858,171620810989276,171620811004514,171620811006174,171620811012334,171620811012433,265650,93825186940240,4375639744,7,2732,1151,3006
171620819260097,171620819276425,171620819287983,171620819289924,171620819294362,171620819294419,265650,93825186940240,4375639744,7,2732,1151,3007
171620827621722,171620827639546,171620827651539,171620827654304,171620827665428,171620827665501,265650,93825186940240,4375639744,7,2732,1151,3008
171620835905187,171620835919897,171620835930891,171620835932208,171620835937806,171620835937887,265650,93825186940240,4375639744,7,2732,1151,3009
171620844250743,171620844264010,171620844275082,171620844276895,171620844282813,171620844282881,265650,93825186940240,4375639744,7,2732,1151,3010
171620852580021,171620852592418,171620852603226,171620852605254,171620852610537,171620852610604,265650,93825186940240,4375639744,7,2732,1151,3011
171620860990444,171620861009185,171620861020359,171620861022400,171620861025778,171620861025847,265650,93825186940240,4375639744,7,2732,1151,3012
171620869259174,171620869272036,171620869283498,171620869285296,171620869288598,171620869288671,265650,93825186940240,4375639744,7,2732,1151,3013
171620877634400,171620877646740,171620877659995,171620877662585,171620877666359,171620877666418,265650,93825186940240,4375639744,7,2732,1151,3014
171620885943921,171620885962609,171620885975202,171620885978529,171620885983165,171620885983225,265650,93825186940240,4375639744,7,2732,1151,3015
171620894251493,171620894263618,171620894274874,171620894276855,171620894279982,171620894280041,265650,93825186940240,4375639744,7,2732,1151,3016
171620902657123,171620902668166,171620902679976,171620902682524,171620902685449,171620902685527,265650,93825186940240,4375639744,7,2732,1151,3017
171620910883805,171620910895230,171620910905663,171620910907599,171620910910614,171620910910671,265650,93825186940240,4375639744,7,2732,1151,3018
171620920622626,171620920633947,171620920644815,171620920647030,171620920650558,171620920650660,265650,93825186940240,4375639744,7,2732,1151,3019
171620930779996,171620930791097,171620930801810,171620930803690,171620930806982,171620930807054,265650,93825186940240,4375639744,7,2732,1151,3020
171620940046705,171620940058723,171620940069481,171620940071305,171620940074786,171620940074877,265650,93825186940240,4375639744,7,2732,1151,3021
171620948397930,171620948409531,171620948420661,171620948422919,171620948429601,171620948429653,265650,93825186940240,4375639744,7,2732,1151,3022
171620956730846,171620956745305,171620956757504,171620956760539,171620956771316,171620956771375,265650,93825186940240,4375639744,7,2732,1151,3023
171620965035741,171620965046922,171620965057628,171620965059356,171620965064654,171620965064714,265650,93825186940240,4375639744,7,2732,1151,3024
171620973310355,171620973321546,171620973332772,171620973334999,171620973338249,171620973338309,265650,93825186940240,4375639744,7,2732,1151,3025
171620982555553,171620982566640,171620982577153,171620982579326,171620982582188,171620982582245,265650,93825186940240,4375639744,7,2732,1151,3026
171620990989906,171620991012966,171620991024786,171620991027614,171620991035851,171620991035957,265650,93825186940240,4375639744,7,2732,1151,3027
171620999254360,171620999266043,171620999278753,171620999281148,171620999285811,171620999285898,265650,93825186940240,4375639744,7,2732,1151,3028
171621008076048,171621008091421,171621008104051,171621008105815,171621008113112,171621008113202,265650,93825186940240,4375639744,7,2732,1151,3029
171621016540274,171621016549291,171621016557819,171621016558938,171621016561792,171621016561855,265650,93825186940240,4375639744,7,2732,1151,3030
171621027087394,171621027098273,171621027109590,171621027112710,171621027117027,171621027117119,265650,93825186940240,4375639744,7,2732,1151,3031
171621036479711,171621036490453,171621036501310,171621036503424,171621036507013,171621036507069,265650,93825186940240,4375639744,7,2732,1151,3032
171621045774243,171621045785205,171621045795991,171621045798204,171621045802626,171621045802675,265650,93825186940240,4375639744,7,2732,1151,3033
171621057492611,171621057504151,171621057515677,171621057518688,171621057522213,171621057522295,265650,93825186940240,4375639744,7,2732,1151,3034
171621066263359,171621066277741,171621066291653,171621066293490,171621066300794,171621066300880,265650,93825186940240,4375639744,7,2732,1151,3035
171621076373284,171621076389331,171621076401058,171621076403524,171621076407301,171621076407374,265650,93825186940240,4375639744,7,2732,1151,3036
171621084764255,171621084776259,171621084787905,171621084790719,171621084800633,171621084800708,265650,93825186940240,4375639744,7,2732,1151,3037
171621093097010,171621093108102,171621093120145,171621093122771,171621093126572,171621093126637,265650,93825186940240,4375639744,7,2732,1151,3038
171621102509470,171621102520577,171621102531177,171621102533148,171621102538163,171621102538253,265650,93825186940240,4375639744,7,2732,1151,3039
171621110886864,171621110903187,171621110915261,171621110916792,171621110923070,171621110923160,265650,93825186940240,4375639744,7,2732,1151,3040
171621119231711,171621119244161,171621119255721,171621119257171,171621119262887,171621119262980,265650,93825186940240,4375639744,7,2732,1151,3041
171621128209030,171621128219019,171621128228081,171621128229034,171621128233740,171621128233822,265650,93825186940240,4375639744,7,2732,1151,3042
171621136593364,171621136603168,171621136611951,171621136612809,171621136617087,171621136617147,265650,93825186940240,4375639744,7,2732,1151,3043
171621145081625,171621145094262,171621145105453,171621145106731,171621145113223,171621145113301,265650,93825186940240,4375639744,7,2732,1151,3044
171621154170796,171621154180669,171621154189791,171621154190724,171621154196301,171621154196363,265650,93825186940240,4375639744,7,2732,1151,3045
171621162561639,171621162573362,171621162584214,171621162585299,171621162591545,171621162591618,265650,93825186940240,4375639744,7,2732,1151,3046
171621170938053,171621170949798,171621170960710,171621170961679,171621170966518,171621170966586,265650,93825186940240,4375639744,7,2732,1151,3047
171621180415856,171621180424415,171621180433295,171621180435249,171621180440821,171621180440881,265650,93825186940240,4375639744,7,2732,1151,3048
171621188759074,171621188771363,171621188782555,171621188783909,171621188789872,171621188789945,265650,93825186940240,4375639744,7,2732,1151,3049
171621197085038,171621197094183,171621197102282,171621197102957,171621197107491,171621197107545,265650,93825186940240,4375639744,7,2732,1151,3050
171621206804004,171621206813519,171621206822548,171621206823300,171621206827486,171621206827546,265650,93825186940240,4375639744,7,2732,1151,3051
171621215223749,171621215236147,171621215247483,171621215248346,171621215252720,171621215252796,265650,93825186940240,4375639744,7,2732,1151,3052
171621223506236,171621223519587,171621223532533,171621223536134,171621223543831,171621223543906,265650,93825186940240,4375639744,7,2732,1151,3053
171621231769295,171621231780036,171621231791015,171621231793476,171621231799711,171621231799766,265650,93825186940240,4375639744,7,2732,1151,3054
171621240537067,171621240547960,171621240559934,171621240562402,171621240568210,171621240568267,265650,93825186940240,4375639744,7,2732,1151,3055
171621248851434,171621248862490,171621248872831,171621248875795,171621248879911,171621248879968,265650,93825186940240,4375639744,7,2732,1151,3056
171621258935781,171621258946550,171621258956984,171621258958836,171621258964811,171621258964865,265650,93825186940240,4375639744,7,2732,1151,3057
171621267309626,171621267324155,171621267335590,171621267337829,171621267342011,171621267342074,265650,93825186940240,4375639744,7,2732,1151,3058
171621275607473,171621275619939,171621275630487,171621275632627,171621275637392,171621275637450,265650,93825186940240,4375639744,7,2732,1151,3059
171621292526929,171621292560618,171621292572280,171621292574826,171621292582437,171621292582524,265650,93825186940240,4375639744,7,2732,1151,3060
171621300869185,171621300886539,171621300900817,171621300905645,171621300915938,171621300916028,265650,93825186940240,4375639744,7,2732,1151,3061
171621309292353,171621309310938,171621309323303,171621309325369,171621309331081,171621309331174,265650,93825186940240,4375639744,7,2732,1151,3062
171621318063400,171621318072274,171621318080304,171621318081591,171621318086617,171621318086680,265650,93825186940240,4375639744,7,2732,1151,3063
171621326367090,171621326383802,171621326395063,171621326398063,171621326403362,171621326403451,265650,93825186940240,4375639744,7,2732,1151,3064
171621341372858,171621341394828,171621341410487,171621341412770,171621341421184,171621341421281,265650,93825186940240,4375639744,7,2732,1151,3065
171621349646583,171621349659669,171621349683853,171621349686578,171621349694789,171621349694879,265650,93825186940240,4375639744,7,2732,1151,3066
171621357983374,171621357999604,171621358012961,171621358014693,171621358020549,171621358020617,265650,93825186940240,4375639744,7,2732,1151,3067
171621366315686,171621366332833,171621366344096,171621366346165,171621366352126,171621366352196,265650,93825186940240,4375639744,7,2732,1151,3068
171621374716804,171621374737197,171621374750184,171621374753018,171621374759454,171621374759511,265650,93825186940240,4375639744,7,2732,1151,3069
171621383038809,171621383056251,171621383066994,171621383068615,171621383073173,171621383073234,265650,93825186940240,4375639744,7,2732,1151,3070
171621391359520,171621391374207,171621391386142,171621391387541,171621391396991,171621391397088,265650,93825186940240,4375639744,7,2732,1151,3071
171621399723615,171621399740269,171621399750323,171621399752256,171621399766828,171621399766958,265650,93825186940240,4375639744,7,2732,1151,3072
171621408046204,171621408060437,171621408069612,171621408071381,171621408079387,171621408079459,265650,93825186940240,4375639744,7,2732,1151,3073
171621416317390,171621416331465,171621416342744,171621416344244,171621416349611,171621416349706,265650,93825186940240,4375639744,7,2732,1151,3074
171621424669284,171621424680481,171621424689095,171621424690356,171621424696940,171621424697016,265650,93825186940240,4375639744,7,2732,1151,3075
171621433114945,171621433129952,171621433141537,171621433143636,171621433150666,171621433150764,265650,93825186940240,4375639744,7,2732,1151,3076
171621441321973,171621441332205,171621441340696,171621441341730,171621441346902,171621441346971,265650,93825186940240,4375639744,7,2732,1151,3077
171621449765389,171621449815041,171621449826062,171621449827342,171621449831677,171621449831762,265650,93825186940240,4375639744,7,2732,1151,3078
171621457968832,171621457990336,171621458012424,171621458013651,171621458016267,171621458016336,265650,93825186940240,4375639744,7,2732,1151,3079
171621466319795,171621466334642,171621466346291,171621466347461,171621466353551,171621466353644,265650,93825186940240,4375639744,7,2732,1151,3080
171621474707773,171621474720549,171621474732090,171621474733114,171621474741379,171621474741475,265650,93825186940240,4375639744,7,2732,1151,3081
171621483056069,171621483068774,171621483079986,171621483081092,171621483085927,171621483085997,265650,93825186940240,4375639744,7,2732,1151,3082
171621491321755,171621491335136,171621491344912,171621491346026,171621491352648,171621491352712,265650,93825186940240,4375639744,7,2732,1151,3083
171621499815770,171621499854317,171621499865489,171621499866575,171621499872711,171621499872799,265650,93825186940240,4375639744,7,2732,1151,3084
171621508071089,171621508091021,171621508102519,171621508105043,171621508112318,171621508112420,265650,93825186940240,4375639744,7,2732,1151,3085
171621516320401,171621516335803,171621516347487,171621516348992,171621516353954,171621516354061,265650,93825186940240,4375639744,7,2732,1151,3086
171621524789973,171621524803205,171621524814300,171621524815568,171621524821750,171621524821856,265650,93825186940240,4375639744,7,2732,1151,3087
171621533083553,171621533097346,171621533108164,171621533109264,171621533115859,171621533115947,265650,93825186940240,4375639744,7,2732,1151,3088
171621541339825,171621541352568,171621541362026,171621541363187,171621541367278,171621541367350,265650,93825186940240,4375639744,7,2732,1151,3089
171621549736460,171621549749865,171621549760945,171621549762270,171621549769810,171621549769911,265650,93825186940240,4375639744,7,2732,1151,3090
171621558086970,171621558099303,171621558109718,171621558110799,171621558116485,171621558116567,265650,93825186940240,4375639744,7,2732,1151,3091
171621566315281,171621566328191,171621566338810,171621566339716,171621566343751,171621566343839,265650,93825186940240,4375639744,7,2732,1151,3092
171621574715667,171621574728597,171621574739387,171621574740220,171621574747503,171621574747588,265650,93825186940240,4375639744,7,2732,1151,3093
171621583100017,171621583113467,171621583124370,171621583125546,171621583133036,171621583133132,265650,93825186940240,4375639744,7,2732,1151,3094
171621591351911,171621591364079,171621591372132,171621591372856,171621591377778,171621591377840,265650,93825186940240,4375639744,7,2732,1151,3095
171621599748834,171621599760897,171621599771363,171621599772416,171621599778633,171621599778703,265650,93825186940240,4375639744,7,2732,1151,3096
171621608087718,171621608099453,171621608109815,171621608110423,171621608115772,171621608115841,265650,93825186940240,4375639744,7,2732,1151,3097
171621616321387,171621616333938,171621616344389,171621616345304,171621616351843,171621616351922,265650,93825186940240,4375639744,7,2732,1151,3098
171621624738851,171621624824647,171621624835187,171621624835919,171621624840789,171621624840863,265650,93825186940240,4375639744,7,2732,1151,3099
171621633051874,171621633077502,171621633088673,171621633090040,171621633096225,171621633096308,265650,93825186940240,4375639744,7,2732,1151,3100
171621641335951,171621641345466,171621641354030,171621641355236,171621641359804,171621641359865,265650,93825186940240,4375639744,7,2732,1151,3101
171621649739382,171621649759326,171621649771370,171621649774532,171621649785333,171621649785410,265650,93825186940240,4375639744,7,2732,1151,3102
171621658040803,171621658054760,171621658065445,171621658067973,171621658077139,171621658077238,265650,93825186940240,4375639744,7,2732,1151,3103
171621666332393,171621666347249,171621666358686,171621666360731,171621666369217,171621666369289,265650,93825186940240,4375639744,7,2732,1151,3104
171621674699463,171621674718884,171621674730707,171621674733574,171621674747074,171621674747144,265650,93825186940240,4375639744,7,2732,1151,3105
171621683048786,171621683062210,171621683073038,171621683075340,171621683081733,171621683081832,265650,93825186940240,4375639744,7,2732,1151,3106
171621691325685,171621691337743,171621691348449,171621691350287,171621691356684,171621691356741,265650,93825186940240,4375639744,7,2732,1151,3107
171621699717114,171621699728353,171621699739177,171621699741287,171621699751376,171621699751487,265650,93825186940240,4375639744,7,2732,1151,3108
171621708072050,171621708086921,171621708097555,171621708099361,171621708109752,171621708109804,265650,93825186940240,4375639744,7,2732,1151,3109
171621716334105,171621716346738,171621716357786,171621716360279,171621716366956,171621716367047,265650,93825186940240,4375639744,7,2732,1151,3110
171621726929108,171621726940223,171621726950906,171621726952947,171621726956859,171621726956942,265650,93825186940240,4375639744,7,2732,1151,3111
171621735227219,171621735239641,171621735250939,171621735252805,171621735260652,171621735260714,265650,93825186940240,4375639744,7,2732,1151,3112
171621743644516,171621743656489,171621743667760,171621743670951,171621743678274,171621743678360,265650,93825186940240,4375639744,7,2732,1151,3113
171621751920946,171621751931619,171621751941939,171621751943688,171621751948914,171621751948975,265650,93825186940240,4375639744,7,2732,1151,3114
171621760278286,171621760292337,171621760304964,171621760307737,171621760320976,171621760321192,265650,93825186940240,4375639744,7,2732,1151,3115
171621768649716,171621768662602,171621768675752,171621768678890,171621768683145,171621768683249,265650,93825186940240,4375639744,7,2732,1151,3116
171621777898197,171621777909116,171621777919928,171621777921824,171621777926851,171621777926945,265650,93825186940240,4375639744,7,2732,1151,3117
171621786203292,171621786214443,171621786225651,171621786227732,171621786233830,171621786233876,265650,93825186940240,4375639744,7,2732,1151,3118
171621794547477,171621794558621,171621794570324,171621794572250,171621794576803,171621794576866,265650,93825186940240,4375639744,7,2732,1151,3119
171621804173112,171621804184644,171621804195418,171621804197474,171621804202480,171621804202571,265650,93825186940240,4375639744,7,2732,1151,3120
171621812509658,171621812521417,171621812534212,171621812540143,171621812549711,171621812549779,265650,93825186940240,4375639744,7,2732,1151,3121
171621820891139,171621820903364,171621820915909,171621820919685,171621820928252,171621820928306,265650,93825186940240,4375639744,7,2732,1151,3122
171621830678401,171621830689899,171621830700828,171621830702468,171621830706031,171621830706090,265650,93825186940240,4375639744,7,2732,1151,3123
171621839062956,171621839074674,171621839085544,171621839087583,171621839091778,171621839091823,265650,93825186940240,4375639744,7,2732,1151,3124
171621847350723,171621847364768,171621847375407,171621847377350,171621847384006,171621847384060,265650,93825186940240,4375639744,7,2732,1151,3125
171621856266101,171621856280194,171621856291396,171621856293420,171621856301232,171621856301327,265650,93825186940240,4375639744,7,2732,1151,3126
171621864542141,171621864553199,171621864564004,171621864565980,171621864571886,171621864571958,265650,93825186940240,4375639744,7,2732,1151,3127
171621872879446,171621872891195,171621872902676,171621872904701,171621872910138,171621872910243,265650,93825186940240,4375639744,7,2732,1151,3128
171621881647978,171621881658565,171621881669382,171621881671093,171621881676209,171621881676280,265650,93825186940240,4375639744,7,2732,1151,3129
171621890021887,171621890033498,171621890044143,171621890046069,171621890053633,171621890053710,265650,93825186940240,4375639744,7,2732,1151,3130
171621898286953,171621898297694,171621898307864,171621898309525,171621898314515,171621898314600,265650,93825186940240,4375639744,7,2732,1151,3131
171621907855296,171621907866214,171621907876917,171621907879705,171621907885981,171621907886044,265650,93825186940240,4375639744,7,2732,1151,3132
171621916186148,171621916199803,171621916214375,171621916216235,171621916222136,171621916222229,265650,93825186940240,4375639744,7,2732,1151,3133
171621924571032,171621924589050,171621924600955,171621924604321,171621924608702,171621924608799,265650,93825186940240,4375639744,7,2732,1151,3134
171621934347621,171621934359185,171621934370020,171621934372307,171621934376383,171621934376464,265650,93825186940240,4375639744,7,2732,1151,3135
171621942765741,171621942786369,171621942798237,171621942800995,171621942812261,171621942812346,265650,93825186940240,4375639744,7,2732,1151,3136
171621951049281,171621951062153,171621951073459,171621951076444,171621951086816,171621951086911,265650,93825186940240,4375639744,7,2732,1151,3137
171621959356719,171621959367670,171621959377082,171621959379203,171621959384354,171621959384422,265650,93825186940240,4375639744,7,2732,1151,3138
171621967814117,171621967830170,171621967841643,171621967843718,171621967851576,171621967851668,265650,93825186940240,4375639744,7,2732,1151,3139
171621976058535,171621976078712,171621976090374,171621976093405,171621976103858,171621976103947,265650,93825186940240,4375639744,7,2732,1151,3140
171621984411690,171621984438017,171621984451291,171621984453926,171621984460912,171621984461005,265650,93825186940240,4375639744,7,2732,1151,3141
171621992779842,171621992792567,171621992803709,171621992805042,171621992821577,171621992821666,265650,93825186940240,4375639744,7,2732,1151,3142
171622001122357,171622001131419,171622001139453,171622001140310,171622001144972,171622001145033,265650,93825186940240,4375639744,7,2732,1151,3143
171622009431869,171622009443424,171622009453807,171622009454605,171622009459539,171622009459625,265650,93825186940240,4375639744,7,2732,1151,3144
171622017747203,171622017756177,171622017763802,171622017764446,171622017770471,171622017770521,265650,93825186940240,4375639744,7,2732,1151,3145
171622026079515,171622026087862,171622026095539,171622026096192,171622026102104,171622026102153,265650,93825186940240,4375639744,7,2732,1151,3146
171622034641873,171622034651956,171622034660875,171622034661582,171622034663716,171622034663785,265650,93825186940240,4375639744,7,2732,1151,3147
171622043078141,171622043089522,171622043099869,171622043100618,171622043105759,171622043105834,265650,93825186940240,4375639744,7,2732,1151,3148
171622052176956,171622052186840,171622052196053,171622052197077,171622052201200,171622052201264,265650,93825186940240,4375639744,7,2732,1151,3149
171622062764385,171622062774607,171622062784500,171622062786504,171622062792606,171622062792674,265650,93825186940240,4375639744,7,2732,1151,3150
171622071116637,171622071129494,171622071140857,171622071141987,171622071151179,171622071151269,265650,93825186940240,4375639744,7,2732,1151,3151
171622079372884,171622079381960,171622079390715,171622079391998,171622079397040,171622079397103,265650,93825186940240,4375639744,7,2732,1151,3152
171622089445146,171622089461685,171622089472831,171622089475197,171622089478583,171622089478655,265650,93825186940240,4375639744,7,2732,1151,3153
171622097845655,171622097857849,171622097869423,171622097872590,171622097879585,171622097879648,265650,93825186940240,4375639744,7,2732,1151,3154
171622106050926,171622106061707,171622106072381,171622106074548,171622106081639,171622106081710,265650,93825186940240,4375639744,7,2732,1151,3155
171622115011351,171622115022062,171622115032414,171622115034236,171622115039299,171622115039388,265650,93825186940240,4375639744,7,2732,1151,3156
171622123383739,171622123394954,171622123406033,171622123407865,171622123411996,171622123412049,265650,93825186940240,4375639744,7,2732,1151,3157
171622131717299,171622131728670,171622131739729,171622131742134,171622131750057,171622131750102,265650,93825186940240,4375639744,7,2732,1151,3158
171622141404706,171622141415460,171622141424468,171622141426134,171622141429782,171622141429842,265650,93825186940240,4375639744,7,2732,1151,3159
171622149974705,171622149990641,171622150004653,171622150007854,171622150013407,171622150013487,265650,93825186940240,4375639744,7,2732,1151,3160
171622158307866,171622158319310,171622158331504,171622158334845,171622158344199,171622158344275,265650,93825186940240,4375639744,7,2732,1151,3161
171622167703623,171622167714489,171622167725257,171622167727136,171622167735313,171622167735362,265650,93825186940240,4375639744,7,2732,1151,3162
171622176169345,171622176185586,171622176197761,171622176199395,171622176202596,171622176202688,265650,93825186940240,4375639744,7,2732,1151,3163
171622184370469,171622184379506,171622184387666,171622184388541,171622184392848,171622184392912,265650,93825186940240,4375639744,7,2732,1151,3164
171622192800911,171622192832142,171622192843395,171622192844354,171622192849732,171622192849820,265650,93825186940240,4375639744,7,2732,1151,3165
171622201100484,171622201112891,171622201124053,171622201125076,171622201130027,171622201130122,265650,93825186940240,4375639744,7,2732,1151,3166
171622209328867,171622209337671,171622209345876,171622209346744,171622209351076,171622209351147,265650,93825186940240,4375639744,7,2732,1151,3167
171622217750608,171622217762449,171622217773100,171622217774146,171622217778835,171622217778916,265650,93825186940240,4375639744,7,2732,1151,3168
171622226184999,171622226197083,171622226207774,171622226208711,171622226214693,171622226214771,265650,93825186940240,4375639744,7,2732,1151,3169
171622234454115,171622234503710,171622234514371,171622234515084,171622234520209,171622234520281,265650,93825186940240,4375639744,7,2732,1151,3170
171622242785757,171622242798856,171622242810211,171622242811549,171622242814915,171622242814999,265650,93825186940240,4375639744,7,2732,1151,3171
171622251079060,171622251087880,171622251096152,171622251097134,171622251100594,171622251100653,265650,93825186940240,4375639744,7,2732,1151,3172
171622259363196,171622259374920,171622259385968,171622259386728,171622259391518,171622259391607,265650,93825186940240,4375639744,7,2732,1151,3173
171622268129936,171622268145823,171622268156864,171622268159363,171622268161912,171622268161990,265650,93825186940240,4375639744,7,2732,1151,3174
171622278181360,171622278192946,171622278204083,171622278205954,171622278211816,171622278211913,265650,93825186940240,4375639744,7,2732,1151,3175
171622287912429,171622287923743,171622287934280,171622287936169,171622287941059,171622287941125,265650,93825186940240,4375639744,7,2732,1151,3176
171622297580949,171622297592138,171622297602807,171622297604674,171622297609327,171622297609422,265650,93825186940240,4375639744,7,2732,1151,3177
171622307615271,171622307632581,171622307642219,171622307644218,171622307648404,171622307648464,265650,93825186940240,4375639744,7,2732,1151,3178
171622315965151,171622316056016,171622316067578,171622316068883,171622316073234,171622316073418,265650,93825186940240,4375639744,7,2732,1151,3179
171622326207553,171622326220276,171622326232661,171622326236987,171622326250823,171622326250921,265650,93825186940240,4375639744,7,2732,1151,3180
171622334506815,171622334517571,171622334528157,171622334529963,171622334535232,171622334535310,265650,93825186940240,4375639744,7,2732,1151,3181
171622355249618,171622355261485,171622355278960,171622355281997,171622355285079,171622355285156,265650,93825186940240,4375639744,7,2732,1151,3182
171622363635992,171622363648758,171622363657673,171622363659142,171622363666731,171622363666819,265650,93825186940240,4375639744,7,2732,1151,3183
171622371955702,171622371966936,171622371975752,171622371976738,171622371983288,171622371983361,265650,93825186940240,4375639744,7,2732,1151,3184
171622380261306,171622380274352,171622380285495,171622380286645,171622380293093,171622380293179,265650,93825186940240,4375639744,7,2732,1151,3185
171622388688736,171622388702352,171622388713201,171622388714483,171622388724607,171622388724695,265650,93825186940240,4375639744,7,2732,1151,3186
171622397036000,171622397050190,171622397061643,171622397062876,171622397070466,171622397070558,265650,93825186940240,4375639744,7,2732,1151,3187
171622405248919,171622405261680,171622405270274,171622405271395,171622405277601,171622405277676,265650,93825186940240,4375639744,7,2732,1151,3188
171622413720742,171622413756056,171622413767190,171622413768384,171622413776029,171622413776126,265650,93825186940240,4375639744,7,2732,1151,3189
171622422056701,171622422081332,171622422092628,171622422093942,171622422099558,171622422099643,265650,93825186940240,4375639744,7,2732,1151,3190
171622430237157,171622430247190,171622430255583,171622430256425,171622430262338,171622430262405,265650,93825186940240,4375639744,7,2732,1151,3191
171622438605107,171622438618328,171622438629321,171622438630290,171622438635904,171622438635987,265650,93825186940240,4375639744,7,2732,1151,3192
171622446983072,171622446995842,171622447011858,171622447012857,171622447019008,171622447019083,265650,93825186940240,4375639744,7,2732,1151,3193
171622455265806,171622455278975,171622455289907,171622455290720,171622455295754,171622455295822,265650,93825186940240,4375639744,7,2732,1151,3194
171622463706672,171622463720734,171622463731990,171622463733322,171622463741843,171622463741932,265650,93825186940240,4375639744,7,2732,1151,3195
171622471882350,171622471891560,171622471899175,171622471899918,171622471904835,171622471904910,265650,93825186940240,4375639744,7,2732,1151,3196
171622480373120,171622480445402,171622480456425,171622480457667,171622480465719,171622480465810,265650,93825186940240,4375639744,7,2732,1151,3197
171622488632141,171622488664947,171622488693927,171622488695226,171622488700258,171622488700347,265650,93825186940240,4375639744,7,2732,1151,3198
171622496985017,171622496997680,171622497012608,171622497013780,171622497021397,171622497021489,265650,93825186940240,4375639744,7,2732,1151,3199
171622505266276,171622505275918,171622505284118,171622505284894,171622505290703,171622505290748,265650,93825186940240,4375639744,7,2732,1151,3200
171622513708403,171622513752535,171622513762942,171622513763978,171622513771460,171622513771532,265650,93825186940240,4375639744,7,2732,1151,3201
171622521979402,171622521991597,171622522004938,171622522005925,171622522013196,171622522013266,265650,93825186940240,4375639744,7,2732,1151,3202
171622530238838,171622530251840,171622530262596,171622530263835,171622530267945,171622530268023,265650,93825186940240,4375639744,7,2732,1151,3203
171622538645817,171622538654455,171622538662032,171622538662687,171622538667836,171622538667887,265650,93825186940240,4375639744,7,2732,1151,3204
171622547055883,171622547068782,171622547079305,171622547080399,171622547085723,171622547085800,265650,93825186940240,4375639744,7,2732,1151,3205
171622555236208,171622555247724,171622555258374,171622555259244,171622555263258,171622555263328,265650,93825186940240,4375639744,7,2732,1151,3206
171622563699497,171622563711216,171622563721782,171622563722744,171622563727448,171622563727518,265650,93825186940240,4375639744,7,2732,1151,3207
171622571969991,171622571979151,171622571987733,171622571988747,171622571992141,171622571992200,265650,93825186940240,4375639744,7,2732,1151,3208
171622580246501,171622580256884,171622580264760,171622580265383,171622580270090,171622580270139,265650,93825186940240,4375639744,7,2732,1151,3209
171622588639462,171622588648651,171622588656929,171622588657622,171622588662060,171622588662116,265650,93825186940240,4375639744,7,2732,1151,3210
171622596967442,171622596979814,171622596990175,171622596991489,171622596997558,171622596997629,265650,93825186940240,4375639744,7,2732,1151,3211
171622605258870,171622605274203,171622605285064,171622605286628,171622605295121,171622605295197,265650,93825186940240,4375639744,7,2732,1151,3212
171622613699866,171622613715763,171622613728066,171622613730434,171622613739808,171622613739908,265650,93825186940240,4375639744,7,2732,1151,3213
171622622078605,171622622117144,171622622128423,171622622129707,171622622137141,171622622137235,265650,93825186940240,4375639744,7,2732,1151,3214
171622630321559,171622630334081,171622630344993,171622630346039,171622630350637,171622630350728,265650,93825186940240,4375639744,7,2732,1151,3215
171622638619225,171622638629641,171622638637961,171622638638815,171622638645350,171622638645419,265650,93825186940240,4375639744,7,2732,1151,3216
171622647043331,171622647057520,171622647068934,171622647070133,171622647078610,171622647078714,265650,93825186940240,4375639744,7,2732,1151,3217
171622655259694,171622655273175,171622655282149,171622655282905,171622655287699,171622655287765,265650,93825186940240,4375639744,7,2732,1151,3218
171622663665585,171622663677776,171622663688471,171622663689621,171622663695344,171622663695417,265650,93825186940240,4375639744,7,2732,1151,3219
171622671985165,171622672031898,171622672045658,171622672046776,171622672051987,171622672052058,265650,93825186940240,4375639744,7,2732,1151,3220
171622680264764,171622680276733,171622680287348,171622680288360,171622680293848,171622680293921,265650,93825186940240,4375639744,7,2732,1151,3221
171622688633004,171622688644565,171622688654917,171622688655652,171622688661942,171622688662014,265650,93825186940240,4375639744,7,2732,1151,3222
171622696949714,171622696961504,171622696970479,171622696971555,171622696977626,171622696977704,265650,93825186940240,4375639744,7,2732,1151,3223
171622705249349,171622705262524,171622705270874,171622705271890,171622705275900,171622705275969,265650,93825186940240,4375639744,7,2732,1151,3224
171622713610378,171622713619472,171622713627335,171622713628249,171622713633625,171622713633691,265650,93825186940240,4375639744,7,2732,1151,3225
171622722017915,171622722029581,171622722040434,171622722041191,171622722046263,171622722046337,265650,93825186940240,4375639744,7,2732,1151,3226
171622730242592,171622730252711,171622730260975,171622730262030,171622730266537,171622730266605,265650,93825186940240,4375639744,7,2732,1151,3227
171622738627636,171622738639881,171622738650590,171622738651628,171622738657265,171622738657341,265650,93825186940240,4375639744,7,2732,1151,3228
171622746939692,171622746952032,171622746962918,171622746963644,171622746968817,171622746968886,265650,93825186940240,4375639744,7,2732,1151,3229
171622755228469,171622755238341,171622755246159,171622755247001,171622755252115,171622755252165,265650,93825186940240,4375639744,7,2732,1151,3230
171622763604357,171622763620967,171622763632628,171622763635638,171622763639488,171622763639593,265650,93825186940240,4375639744,7,2732,1151,3231
171622772057973,171622772070685,171622772082606,171622772084581,171622772089736,171622772089826,265650,93825186940240,4375639744,7,2732,1151,3232
171622780255125,171622780264359,171622780272624,171622780273245,171622780276937,171622780276994,265650,93825186940240,4375639744,7,2732,1151,3233
171622788632282,171622788660328,171622788672410,171622788674761,171622788677879,171622788677969,265650,93825186940240,4375639744,7,2732,1151,3234
171622796974331,171622796994676,171622797010770,171622797013289,171622797024504,171622797024581,265650,93825186940240,4375639744,7,2732,1151,3235
171622806021312,171622806036535,171622806048588,171622806050218,171622806055143,171622806055228,265650,93825186940240,4375639744,7,2732,1151,3236
171622814230985,171622814243485,171622814254269,171622814255162,171622814260330,171622814260417,265650,93825186940240,4375639744,7,2732,1151,3237
171622822561116,171622822573747,171622822585066,171622822587901,171622822595037,171622822595143,265650,93825186940240,4375639744,7,2732,1151,3238
171622830880342,171622830891223,171622830901587,171622830904015,171622830909528,171622830909610,265650,93825186940240,4375639744,7,2732,1151,3239
171622840121286,171622840132021,171622840142434,171622840144369,171622840148068,171622840148147,265650,93825186940240,4375639744,7,2732,1151,3240
171622848580767,171622848591516,171622848602146,171622848604092,171622848610220,171622848610274,265650,93825186940240,4375639744,7,2732,1151,3241
171622858456108,171622858466913,171622858477556,171622858479703,171622858484007,171622858484084,265650,93825186940240,4375639744,7,2732,1151,3242
171622868038504,171622868049584,171622868060028,171622868061823,171622868065297,171622868065361,265650,93825186940240,4375639744,7,2732,1151,3243
171622877331407,171622877342431,171622877353209,171622877355336,171622877361749,171622877361806,265650,93825186940240,4375639744,7,2732,1151,3244
171622886454429,171622886464989,171622886475325,171622886477485,171622886484343,171622886484424,265650,93825186940240,4375639744,7,2732,1151,3245
171622896030550,171622896041535,171622896052512,171622896054547,171622896060396,171622896060460,265650,93825186940240,4375639744,7,2732,1151,3246
171622905399000,171622905409573,171622905419892,171622905421707,171622905426764,171622905426825,265650,93825186940240,4375639744,7,2732,1151,3247
171622914811725,171622914822104,171622914832624,171622914834424,171622914840719,171622914840777,265650,93825186940240,4375639744,7,2732,1151,3248
171622925513442,171622925526450,171622925537915,171622925540803,171622925546355,171622925546439,265650,93825186940240,4375639744,7,2732,1151,3249
171622933862609,171622933874551,171622933885206,171622933887464,171622933894191,171622933894251,265650,93825186940240,4375639744,7,2732,1151,3250
171622943547651,171622943558612,171622943569323,171622943571323,171622943577958,171622943578053,265650,93825186940240,4375639744,7,2732,1151,3251
171622953537805,171622953549112,171622953559744,171622953561403,171622953567404,171622953567475,265650,93825186940240,4375639744,7,2732,1151,3252
171622961919147,171622961931708,171622961946073,171622961950313,171622961955527,171622961955596,265650,93825186940240,4375639744,7,2732,1151,3253
171622970212142,171622970225262,171622970237007,171622970239126,171622970243141,171622970243217,265650,93825186940240,4375639744,7,2732,1151,3254
171622980170093,171622980181209,171622980194743,171622980197415,171622980205033,171622980205349,265650,93825186940240,4375639744,7,2732,1151,3255
171622988568134,171622988585611,171622988596506,171622988598670,171622988604038,171622988604122,265650,93825186940240,4375639744,7,2732,1151,3256
171622996908463,171622996921951,171622996933978,171622996937935,171622996947865,171622996947931,265650,93825186940240,4375639744,7,2732,1151,3257
171623005517278,171623005528188,171623005538846,171623005540947,171623005546934,171623005546997,265650,93825186940240,4375639744,7,2732,1151,3258
171623013864730,171623013875677,171623013885889,171623013887718,171623013892479,171623013892540,265650,93825186940240,4375639744,7,2732,1151,3259
171623022161067,171623022171640,171623022181872,171623022183563,171623022188315,171623022188372,265650,93825186940240,4375639744,7,2732,1151,3260
171623030516716,171623030527267,171623030537578,171623030539015,171623030544854,171623030544915,265650,93825186940240,4375639744,7,2732,1151,3261
171623038930163,171623038948022,171623038959702,171623038962527,171623038972289,171623038972388,265650,93825186940240,4375639744,7,2732,1151,3262
171623047199184,171623047212287,171623047223486,171623047225802,171623047233322,171623047233415,265650,93825186940240,4375639744,7,2732,1151,3263
171623055919401,171623055930623,171623055941244,171623055943300,171623055949901,171623055949959,265650,93825186940240,4375639744,7,2732,1151,3264
171623064243057,171623064254218,171623064265095,171623064266964,171623064272541,171623064272606,265650,93825186940240,4375639744,7,2732,1151,3265
171623072631830,171623072644339,171623072655662,171623072657937,171623072665155,171623072665366,265650,93825186940240,4375639744,7,2732,1151,3266
171623080910208,171623080921228,171623080931929,171623080933849,171623080939521,171623080939585,265650,93825186940240,4375639744,7,2732,1151,3267
171623089250627,171623089264072,171623089275404,171623089277307,171623089283170,171623089283230,265650,93825186940240,4375639744,7,2732,1151,3268
171623097642205,171623097656531,171623097669332,171623097671810,171623097679943,171623097679997,265650,93825186940240,4375639744,7,2732,1151,3269
171623105941634,171623105952726,171623105963543,171623105965714,171623105972230,171623105972300,265650,93825186940240,4375639744,7,2732,1151,3270
171623114263897,171623114276300,171623114287199,171623114289422,171623114296097,171623114296171,265650,93825186940240,4375639744,7,2732,1151,3271
171623122624128,171623122635681,171623122647985,171623122650838,171623122655196,171623122655281,265650,93825186940240,4375639744,7,2732,1151,3272
171623132157923,171623132170295,171623132181712,171623132184501,171623132193551,171623132193636,265650,93825186940240,4375639744,7,2732,1151,3273
171623140689195,171623140720001,171623140732634,171623140735413,171623140743052,171623140743149,265650,93825186940240,4375639744,7,2732,1151,3274
171623148805916,171623148815212,171623148823669,171623148824669,171623148829121,171623148829186,265650,93825186940240,4375639744,7,2732,1151,3275
171623157135106,171623157156997,171623157165955,171623157167054,171623157171708,171623157171776,265650,93825186940240,4375639744,7,2732,1151,3276
171623165504748,171623165521853,171623165533640,171623165536319,171623165543517,171623165543603,265650,93825186940240,4375639744,7,2732,1151,3277
171623173815635,171623173830891,171623173841888,171623173844351,171623173850898,171623173850992,265650,93825186940240,4375639744,7,2732,1151,3278
171623182152784,171623182168892,171623182179865,171623182182520,171623182189855,171623182189937,265650,93825186940240,4375639744,7,2732,1151,3279
171623190480600,171623190494036,171623190505703,171623190508407,171623190519785,171623190519838,265650,93825186940240,4375639744,7,2732,1151,3280
171623198816875,171623198830017,171623198840852,171623198842850,171623198849818,171623198849883,265650,93825186940240,4375639744,7,2732,1151,3281
171623208479717,171623208491279,171623208502022,171623208504256,171623208512033,171623208512117,265650,93825186940240,4375639744,7,2732,1151,3282
171623216803911,171623216817814,171623216829057,171623216831240,171623216839940,171623216840019,265650,93825186940240,4375639744,7,2732,1151,3283
171623225138690,171623225150327,171623225161458,171623225163244,171623225168800,171623225168870,265650,93825186940240,4375639744,7,2732,1151,3284
171623234121938,171623234133306,171623234144347,171623234146361,171623234150980,171623234151065,265650,93825186940240,4375639744,7,2732,1151,3285
171623242577364,171623242594282,171623242606740,171623242609180,171623242615995,171623242616075,265650,93825186940240,4375639744,7,2732,1151,3286
171623250912644,171623250924901,171623250936164,171623250937459,171623250942220,171623250942296,265650,93825186940240,4375639744,7,2732,1151,3287
171623259184510,171623259212130,171623259223100,171623259224529,171623259231280,171623259231381,265650,93825186940240,4375639744,7,2732,1151,3288
171623267522347,171623267534371,171623267545206,171623267546108,171623267551461,171623267551549,265650,93825186940240,4375639744,7,2732,1151,3289
171623275860981,171623275875858,171623275887506,171623275888895,171623275893097,171623275893188,265650,93825186940240,4375639744,7,2732,1151,3290
171623284247035,171623284306927,171623284317999,171623284319249,171623284323111,171623284323195,265650,93825186940240,4375639744,7,2732,1151,3291
171623292537493,171623292547959,171623292556052,171623292557036,171623292561099,171623292561163,265650,93825186940240,4375639744,7,2732,1151,3292
171623300883345,171623300895071,171623300905877,171623300907228,171623300912337,171623300912423,265650,93825186940240,4375639744,7,2732,1151,3293
171623309626592,171623309636490,171623309645775,171623309646744,171623309651264,171623309651354,265650,93825186940240,4375639744,7,2732,1151,3294
171623318076382,171623318088905,171623318100461,171623318101828,171623318107130,171623318107219,265650,93825186940240,4375639744,7,2732,1151,3295
171623326296789,171623326309536,171623326320491,171623326321383,171623326326864,171623326326937,265650,93825186940240,4375639744,7,2732,1151,3296
171623334595133,171623334603723,171623334613206,171623334613992,171623334618336,171623334618402,265650,93825186940240,4375639744,7,2732,1151,3297
171623343033788,171623343045582,171623343056308,171623343057581,171623343063263,171623343063353,265650,93825186940240,4375639744,7,2732,1151,3298
171623351274256,171623351286292,171623351297141,171623351298222,171623351302683,171623351302776,265650,93825186940240,4375639744,7,2732,1151,3299
171623359718123,171623359726814,171623359734969,171623359735730,171623359739998,171623359740068,265650,93825186940240,4375639744,7,2732,1151,3300
171623368142371,171623368154675,171623368165441,171623368166435,171623368170199,171623368170292,265650,93825186940240,4375639744,7,2732,1151,3301
171623376423550,171623376434409,171623376443292,171623376444220,171623376448548,171623376448620,265650,93825186940240,4375639744,7,2732,1151,3302
171623384758413,171623384770572,171623384779328,171623384780980,171623384784836,171623384784902,265650,93825186940240,4375639744,7,2732,1151,3303
171623393185886,171623393263961,171623393274723,171623393275855,171623393280655,171623393280739,265650,93825186940240,4375639744,7,2732,1151,3304
171623401422295,171623401432916,171623401442035,171623401443043,171623401447909,171623401447975,265650,93825186940240,4375639744,7,2732,1151,3305
171623420562920,171623420582294,171623420593776,171623420596376,171623420600413,171623420600490,265650,93825186940240,4375639744,7,2732,1151,3306
171623428889282,171623428909918,171623428921095,171623428923861,171623428929336,171623428929437,265650,93825186940240,4375639744,7,2732,1151,3307
171623437215057,171623437234655,171623437246316,171623437249082,171623437260754,171623437260851,265650,93825186940240,4375639744,7,2732,1151,3308
171623445539675,171623445558008,171623445569800,171623445572025,171623445580205,171623445580311,265650,93825186940240,4375639744,7,2732,1151,3309
171623453911734,171623453935994,171623453948187,171623453951693,171623453962395,171623453962470,265650,93825186940240,4375639744,7,2732,1151,3310
171623462214053,171623462232269,171623462243426,171623462245777,171623462253018,171623462253216,265650,93825186940240,4375639744,7,2732,1151,3311
171623470594386,171623470616712,171623470629350,171623470632413,171623470641694,171623470641745,265650,93825186940240,4375639744,7,2732,1151,3312
171623478897842,171623478916126,171623478927324,171623478929489,171623478940146,171623478940230,265650,93825186940240,4375639744,7,2732,1151,3313
171623487208372,171623487226706,171623487238151,171623487240985,171623487250840,171623487250928,265650,93825186940240,4375639744,7,2732,1151,3314
171623495523998,171623495540897,171623495552848,171623495555047,171623495560802,171623495560866,265650,93825186940240,4375639744,7,2732,1151,3315
171623503914495,171623503932146,171623503944496,171623503947393,171623503958309,171623503958369,265650,93825186940240,4375639744,7,2732,1151,3316
171623512212893,171623512236187,171623512249274,171623512252436,171623512260332,171623512260425,265650,93825186940240,4375639744,7,2732,1151,3317
171623520529066,171623520547810,171623520559277,171623520561667,171623520569665,171623520569746,265650,93825186940240,4375639744,7,2732,1151,3318
171623528863424,171623528880364,171623528892256,171623528894243,171623528901602,171623528901687,265650,93825186940240,4375639744,7,2732,1151,3319
171623537205177,171623537223240,171623537235198,171623537238101,171623537247489,171623537247559,265650,93825186940240,4375639744,7,2732,1151,3320
171623545532124,171623545549724,171623545561480,171623545563865,171623545571573,171623545571650,265650,93825186940240,4375639744,7,2732,1151,3321
171623553868200,171623553884870,171623553895683,171623553897858,171623553908341,171623553908417,265650,93825186940240,4375639744,7,2732,1151,3322
171623562201465,171623562217977,171623562229364,171623562231348,171623562240175,171623562240242,265650,93825186940240,4375639744,7,2732,1151,3323
171623570532864,171623570548059,171623570558863,171623570560746,171623570573477,171623570573552,265650,93825186940240,4375639744,7,2732,1151,3324
171623578907149,171623578923079,171623578934427,171623578937090,171623578951386,171623578951439,265650,93825186940240,4375639744,7,2732,1151,3325
171623587213078,171623587229612,171623587241138,171623587243371,171623587255912,171623587255957,265650,93825186940240,4375639744,7,2732,1151,3326
171623595521696,171623595538420,171623595550178,171623595553040,171623595565502,171623595565879,265650,93825186940240,4375639744,7,2732,1151,3327
171623603928082,171623603946197,171623603957501,171623603959637,171623603966728,171623603966789,265650,93825186940240,4375639744,7,2732,1151,3328
171623612257238,171623612273246,171623612284883,171623612286923,171623612292706,171623612292790,265650,93825186940240,4375639744,7,2732,1151,3329
171623620533199,171623620549529,171623620561259,171623620563184,171623620570077,171623620570140,265650,93825186940240,4375639744,7,2732,1151,3330
171623628911965,171623628929136,171623628941151,171623628944442,171623628954721,171623628954803,265650,93825186940240,4375639744,7,2732,1151,3331
171623637202415,171623637219441,171623637230369,171623637232562,171623637242615,171623637242683,265650,93825186940240,4375639744,7,2732,1151,3332
171623645570753,171623645583757,171623645594756,171623645596913,171623645604371,171623645604435,265650,93825186940240,4375639744,7,2732,1151,3333
171623653894253,171623653916932,171623653929516,171623653932210,171623653938943,171623653938988,265650,93825186940240,4375639744,7,2732,1151,3334
171623662189558,171623662204213,171623662215292,171623662217156,171623662221275,171623662221316,265650,93825186940240,4375639744,7,2732,1151,3335
171623670622712,171623670645150,171623670657325,171623670660326,171623670670096,171623670670156,265650,93825186940240,4375639744,7,2732,1151,3336
171623678873298,171623678889609,171623678900835,171623678902912,171623678910308,171623678910368,265650,93825186940240,4375639744,7,2732,1151,3337
171623687193828,171623687209324,171623687220309,171623687222410,171623687228934,171623687229010,265650,93825186940240,4375639744,7,2732,1151,3338
171623695530138,171623695544960,171623695556333,171623695558929,171623695572696,171623695572754,265650,93825186940240,4375639744,7,2732,1151,3339
171623703863762,171623703879508,171623703890452,171623703893328,171623703904965,171623703905015,265650,93825186940240,4375639744,7,2732,1151,3340
171623712207356,171623712224615,171623712236068,171623712237753,171623712247329,171623712247490,265650,93825186940240,4375639744,7,2732,1151,3341
171623720516318,171623720528705,171623720539099,171623720540792,171623720551421,171623720551486,265650,93825186940240,4375639744,7,2732,1151,3342
171623728899731,171623728920340,171623728933025,171623728935985,171623728940916,171623728940984,265650,93825186940240,4375639744,7,2732,1151,3343
171623737200285,171623737217819,171623737228862,171623737230943,171623737238700,171623737238756,265650,93825186940240,4375639744,7,2732,1151,3344
171623745572251,171623745585676,171623745596605,171623745598659,171623745604844,171623745604899,265650,93825186940240,4375639744,7,2732,1151,3345
171623753881508,171623753899450,171623753910347,171623753912418,171623753917258,171623753917314,265650,93825186940240,4375639744,7,2732,1151,3346
171623762219765,171623762239747,171623762251068,171623762253459,171623762261599,171623762261680,265650,93825186940240,4375639744,7,2732,1151,3347
171623770542859,171623770560053,171623770571702,171623770573914,171623770580111,171623770580167,265650,93825186940240,4375639744,7,2732,1151,3348
171623778895766,171623778915797,171623778928072,171623778931507,171623778949379,171623778949458,265650,93825186940240,4375639744,7,2732,1151,3349
171623787213545,171623787230246,171623787241362,171623787243292,171623787255772,171623787255870,265650,93825186940240,4375639744,7,2732,1151,3350
171623795534179,171623795560107,171623795582168,171623795584130,171623795592077,171623795592146,265650,93825186940240,4375639744,7,2732,1151,3351
171623803949310,171623803967120,171623803993086,171623803995367,171623804003325,171623804003384,265650,93825186940240,4375639744,7,2732,1151,3352
171623812208938,171623812224808,171623812235678,171623812237432,171623812244689,171623812244760,265650,93825186940240,4375639744,7,2732,1151,3353
171623820553258,171623820569716,171623820580496,171623820582526,171623820588393,171623820588450,265650,93825186940240,4375639744,7,2732,1151,3354
171623828891356,171623828911966,171623828924016,171623828926708,171623828934112,171623828934157,265650,93825186940240,4375639744,7,2732,1151,3355
171623837207856,171623837224531,171623837235770,171623837238030,171623837243830,171623837243874,265650,93825186940240,4375639744,7,2732,1151,3356
171623845586274,171623845603355,171623845614793,171623845618280,171623845623416,171623845623580,265650,93825186940240,4375639744,7,2732,1151,3357
171623853865553,171623853887984,171623853899699,171623853902745,171623853907627,171623853907684,265650,93825186940240,4375639744,7,2732,1151,3358
171623862205899,171623862223182,171623862234908,171623862237034,171623862241485,171623862241547,265650,93825186940240,4375639744,7,2732,1151,3359
171623870536436,171623870553217,171623870565676,171623870567517,171623870573240,171623870573302,265650,93825186940240,4375639744,7,2732,1151,3360
171623878875145,171623878890951,171623878901565,171623878903961,171623878908830,171623878909359,265650,93825186940240,4375639744,7,2732,1151,3361
171623887208999,171623887224948,171623887237675,171623887239371,171623887247031,171623887247094,265650,93825186940240,4375639744,7,2732,1151,3362
171623895539581,171623895557748,171623895569171,171623895571850,171623895578338,171623895578413,265650,93825186940240,4375639744,7,2732,1151,3363
171623903994243,171623904016567,171623904028928,171623904030532,171623904036102,171623904036196,265650,93825186940240,4375639744,7,2732,1151,3364
171623912282165,171623912294733,171623912306089,171623912307137,171623912312093,171623912312179,265650,93825186940240,4375639744,7,2732,1151,3365
171623920528986,171623920538429,171623920546995,171623920549465,171623920553831,171623920553886,265650,93825186940240,4375639744,7,2732,1151,3366
171623929005750,171623929018609,171623929029813,171623929031021,171623929038961,171623929039045,265650,93825186940240,4375639744,7,2732,1151,3367
171623937217577,171623937226940,171623937235100,171623937235836,171623937240173,171623937240233,265650,93825186940240,4375639744,7,2732,1151,3368
171623945640063,171623945649487,171623945658096,171623945659388,171623945664382,171623945664447,265650,93825186940240,4375639744,7,2732,1151,3369
171623954045550,171623954057892,171623954069043,171623954070455,171623954076164,171623954076249,265650,93825186940240,4375639744,7,2732,1151,3370
171623962258901,171623962271719,171623962283049,171623962284208,171623962290019,171623962290111,265650,93825186940240,4375639744,7,2732,1151,3371
171623972160421,171623972177449,171623972188648,171623972191353,171623972194009,171623972194084,265650,93825186940240,4375639744,7,2732,1151,3372
171623980522009,171623980533990,171623980545245,171623980548710,171623980552901,171623980552985,265650,93825186940240,4375639744,7,2732,1151,3373
171623988912209,171623988926747,171623988938518,171623988939868,171623988946370,171623988946455,265650,93825186940240,4375639744,7,2732,1151,3374
171623998753388,171623998765424,171623998774017,171623998775991,171623998782163,171623998782227,265650,93825186940240,4375639744,7,2732,1151,3375
171624007190171,171624007203167,171624007214927,171624007216925,171624007223274,171624007223364,265650,93825186940240,4375639744,7,2732,1151,3376
171624015373498,171624015382669,171624015391462,171624015393251,171624015395497,171624015395562,265650,93825186940240,4375639744,7,2732,1151,3377
171624026101517,171624026114761,171624026124474,171624026126585,171624026131452,171624026131520,265650,93825186940240,4375639744,7,2732,1151,3378
171624034369333,171624034386179,171624034398404,171624034400673,171624034407138,171624034407234,265650,93825186940240,4375639744,7,2732,1151,3379
171624042695440,171624042706209,171624042715234,171624042717125,171624042722238,171624042722303,265650,93825186940240,4375639744,7,2732,1151,3380
171624051171429,171624051180477,171624051189057,171624051190476,171624051196135,171624051196203,265650,93825186940240,4375639744,7,2732,1151,3381
171624059677522,171624059690461,171624059701868,171624059703009,171624059707740,171624059707825,265650,93825186940240,4375639744,7,2732,1151,3382
171624067989624,171624068006287,171624068018240,171624068020259,171624068023989,171624068024080,265650,93825186940240,4375639744,7,2732,1151,3383
171624076640957,171624076658000,171624076666909,171624076667918,171624076672461,171624076672531,265650,93825186940240,4375639744,7,2732,1151,3384
171624084973539,171624084985814,171624084996905,171624084998041,171624085005868,171624085005955,265650,93825186940240,4375639744,7,2732,1151,3385
171624093276391,171624093290972,171624093302127,171624093303767,171624093309012,171624093309091,265650,93825186940240,4375639744,7,2732,1151,3386
171624101689332,171624101701761,171624101713082,171624101714430,171624101718370,171624101718456,265650,93825186940240,4375639744,7,2732,1151,3387
171624109983296,171624109998591,171624110012732,171624110015337,171624110019513,171624110019607,265650,93825186940240,4375639744,7,2732,1151,3388
171624118262222,171624118274735,171624118287413,171624118290579,171624118295376,171624118295436,265650,93825186940240,4375639744,7,2732,1151,3389
171624126912758,171624126924326,171624126935237,171624126937231,171624126942562,171624126942643,265650,93825186940240,4375639744,7,2732,1151,3390
171624135236319,171624135249524,171624135260370,171624135262161,171624135268678,171624135268753,265650,93825186940240,4375639744,7,2732,1151,3391
171624143616797,171624143627706,171624143637945,171624143639783,171624143644806,171624143644859,265650,93825186940240,4375639744,7,2732,1151,3392
171624152076952,171624152087756,171624152098420,171624152100078,171624152104703,171624152104765,265650,93825186940240,4375639744,7,2732,1151,3393
171624160384183,171624160397977,171624160408766,171624160410595,171624160416201,171624160416269,265650,93825186940240,4375639744,7,2732,1151,3394
171624168761554,171624168772528,171624168783349,171624168785527,171624168791318,171624168791365,265650,93825186940240,4375639744,7,2732,1151,3395
171624177503359,171624177513916,171624177524398,171624177525940,171624177530802,171624177530858,265650,93825186940240,4375639744,7,2732,1151,3396
171624185863618,171624185876960,171624185889485,171624185892325,171624185900819,171624185900883,265650,93825186940240,4375639744,7,2732,1151,3397
171624194138018,171624194148871,171624194159680,171624194161130,171624194166316,171624194166369,265650,93825186940240,4375639744,7,2732,1151,3398
171624202522075,171624202533262,171624202543909,171624202546138,171624202551037,171624202551104,265650,93825186940240,4375639744,7,2732,1151,3399
171624210871035,171624210924517,171624210947670,171624210949390,171624210953501,171624210953592,265650,93825186940240,4375639744,7,2732,1151,3400
171624219223106,171624219237282,171624219245873,171624219246812,171624219252779,171624219252854,265650,93825186940240,4375639744,7,2732,1151,3401
171624227654768,171624227730218,171624227742000,171624227743294,171624227748591,171624227748685,265650,93825186940240,4375639744,7,2732,1151,3402
171624235842174,171624235855063,171624235866219,171624235867426,171624235873047,171624235873141,265650,93825186940240,4375639744,7,2732,1151,3403
171624244221527,171624244231046,171624244239774,171624244240736,171624244244931,171624244244986,265650,93825186940240,4375639744,7,2732,1151,3404
171624252565904,171624252582154,171624252608473,171624252609647,171624252613826,171624252613906,265650,93825186940240,4375639744,7,2732,1151,3405
171624260869470,171624260882169,171624260893495,171624260894533,171624260899888,171624260899967,265650,93825186940240,4375639744,7,2732,1151,3406
171624269141296,171624269151223,171624269159703,171624269160643,171624269165385,171624269165438,265650,93825186940240,4375639744,7,2732,1151,3407
171624277560553,171624277573485,171624277584644,171624277586165,171624277592968,171624277593042,265650,93825186940240,4375639744,7,2732,1151,3408
171624285886474,171624285898698,171624285909799,171624285910752,171624285915903,171624285915975,265650,93825186940240,4375639744,7,2732,1151,3409
171624294243062,171624294267492,171624294299191,171624294300218,171624294305522,171624294305597,265650,93825186940240,4375639744,7,2732,1151,3410
171624302557807,171624302571447,171624302582640,171624302583883,171624302589997,171624302590071,265650,93825186940240,4375639744,7,2732,1151,3411
171624310953338,171624310996106,171624311010917,171624311012095,171624311019069,171624311019150,265650,93825186940240,4375639744,7,2732,1151,3412
171624319205377,171624319217862,171624319229085,171624319230040,171624319235075,171624319235148,265650,93825186940240,4375639744,7,2732,1151,3413
171624327609856,171624327629707,171624327640682,171624327641525,171624327647124,171624327647196,265650,93825186940240,4375639744,7,2732,1151,3414
171624335956715,171624336003812,171624336015237,171624336016584,171624336023560,171624336023646,265650,93825186940240,4375639744,7,2732,1151,3415
171624344225242,171624344237583,171624344248540,171624344249623,171624344255833,171624344255923,265650,93825186940240,4375639744,7,2732,1151,3416
171624352513415,171624352523247,171624352531769,171624352532604,171624352537964,171624352538031,265650,93825186940240,4375639744,7,2732,1151,3417
171624360931136,171624360944506,171624360972313,171624360973485,171624360979659,171624360979745,265650,93825186940240,4375639744,7,2732,1151,3418
171624369170313,171624369179428,171624369187499,171624369188454,171624369193779,171624369193840,265650,93825186940240,4375639744,7,2732,1151,3419
171624377542120,171624377556357,171624377569944,171624377574125,171624377584623,171624377584721,265650,93825186940240,4375639744,7,2732,1151,3420
171624385845295,171624385858708,171624385869815,171624385872219,171624385880593,171624385880673,265650,93825186940240,4375639744,7,2732,1151,3421
171624394153514,171624394166221,171624394177017,171624394178954,171624394185319,171624394185413,265650,93825186940240,4375639744,7,2732,1151,3422
171624402496658,171624402511855,171624402522956,171624402525270,171624402534879,171624402534940,265650,93825186940240,4375639744,7,2732,1151,3423
171624410845841,171624410864038,171624410876714,171624410879230,171624410884636,171624410884728,265650,93825186940240,4375639744,7,2732,1151,3424
171624419742140,171624419751184,171624419759503,171624419760547,171624419765835,171624419765904,265650,93825186940240,4375639744,7,2732,1151,3425
171624428089294,171624428112122,171624428123973,171624428126882,171624428134359,171624428134579,265650,93825186940240,4375639744,7,2732,1151,3426
171624436406022,171624436421087,171624436431806,171624436433974,171624436438784,171624436438879,265650,93825186940240,4375639744,7,2732,1151,3427
171624446832240,171624446843150,171624446853767,171624446856078,171624446861471,171624446861538,265650,93825186940240,4375639744,7,2732,1151,3428
171624455166480,171624455177670,171624455188593,171624455191268,171624455199379,171624455199455,265650,93825186940240,4375639744,7,2732,1151,3429
171624463523554,171624463534944,171624463545748,171624463548005,171624463551519,171624463551568,265650,93825186940240,4375639744,7,2732,1151,3430
171624486511893,171624486527156,171624486539297,171624486542357,171624486548192,171624486548275,265650,93825186940240,4375639744,7,2732,1151,3431
171624494825065,171624494838697,171624494848521,171624494850424,171624494853536,171624494853621,265650,93825186940240,4375639744,7,2732,1151,3432
171624503164184,171624503188312,171624503200225,171624503203460,171624503211757,171624503211845,265650,93825186940240,4375639744,7,2732,1151,3433
171624511460826,171624511478474,171624511489872,171624511492015,171624511497311,171624511497369,265650,93825186940240,4375639744,7,2732,1151,3434
