start,geometry,clip,blit,flush,end,hwnd,surface,thread,outcome,width,height,commit
172057561423858,172057561435720,172057561448669,172057561451439,172057561460837,172057561460910,265650,93825186940240,4375639744,7,2732,1151,16616
172057571017046,172057571029411,172057571040736,172057571043204,172057571052569,172057571052676,265650,93825186940240,4375639744,7,2732,1151,16617
172057579675618,172057579688295,172057579699607,172057579702107,172057579713845,172057579713945,265650,93825186940240,4375639744,7,2732,1151,16618
172057587981597,172057587993129,172057588007758,172057588010652,172057588015809,172057588015897,265650,93825186940240,4375639744,7,2732,1151,16619
172057596304130,172057596315954,172057596326317,172057596328026,172057596333205,172057596333254,265650,93825186940240,4375639744,7,2732,1151,16620
172057604632329,172057604643795,172057604654706,172057604656665,172057604663107,172057604663189,265650,93825186940240,4375639744,7,2732,1151,16621
172057615362349,172057615373116,172057615383957,172057615385878,172057615391225,172057615391302,265650,93825186940240,4375639744,7,2732,1151,16622
172057624861688,172057624872608,172057624883293,172057624885085,172057624889771,172057624889836,265650,93825186940240,4375639744,7,2732,1151,16623
172057633194429,172057633206002,172057633216631,172057633218282,172057633223392,172057633223457,265650,93825186940240,4375639744,7,2732,1151,16624
172057641811599,172057641822378,172057641832708,172057641834414,172057641839214,172057641839273,265650,93825186940240,4375639744,7,2732,1151,16625
172057650141131,172057650151785,172057650161904,172057650163500,172057650169680,172057650169740,265650,93825186940240,4375639744,7,2732,1151,16626
172057660517111,172057660528660,172057660539733,172057660541879,172057660547093,172057660547186,265650,93825186940240,4375639744,7,2732,1151,16627
172057669143053,172057669154320,172057669165131,172057669167045,172057669172105,172057669172190,265650,93825186940240,4375639744,7,2732,1151,16628
172057677463448,172057677474087,172057677484443,172057677486444,172057677492062,172057677492108,265650,93825186940240,4375639744,7,2732,1151,16629
172057686436625,172057686447430,172057686458146,172057686460022,172057686465088,172057686465147,265650,93825186940240,4375639744,7,2732,1151,16630
172057695434361,172057695446681,172057695457399,172057695459366,172057695463741,172057695463846,265650,93825186940240,4375639744,7,2732,1151,16631
172057703761457,172057703772414,172057703782800,172057703784440,172057703793051,172057703793127,265650,93825186940240,4375639744,7,2732,1151,16632
172057712489286,172057712500179,172057712510700,172057712512596,172057712520842,172057712520916,265650,93825186940240,4375639744,7,2732,1151,16633
172057722357562,172057722368508,172057722379209,172057722380937,172057722392247,172057722392312,265650,93825186940240,4375639744,7,2732,1151,16634
172057731332733,172057731344112,172057731355132,172057731356975,172057731364609,172057731364681,265650,93825186940240,4375639744,7,2732,1151,16635
172057740321120,172057740332366,172057740341404,172057740342873,172057740345889,172057740345952,265650,93825186940240,4375639744,7,2732,1151,16636
172057749483823,172057749492787,172057749501397,172057749502370,172057749508730,172057749508796,265650,93825186940240,4375639744,7,2732,1151,16637
172057759311303,172057759323236,172057759334326,172057759337201,172057759347159,172057759347245,265650,93825186940240,4375639744,7,2732,1151,16638
172057769474110,172057769487732,172057769499453,172057769502079,172057769509264,172057769509358,265650,93825186940240,4375639744,7,2732,1151,16639
172057778668142,172057778679603,172057778690846,172057778693250,172057778703554,172057778703649,265650,93825186940240,4375639744,7,2732,1151,16640
172057787353114,172057787363829,172057787374476,172057787376932,172057787384499,172057787384579,265650,93825186940240,4375639744,7,2732,1151,16641
172057795884284,172057795894976,172057795905753,172057795907977,172057795912010,172057795912073,265650,93825186940240,4375639744,7,2732,1151,16642
172057805162429,172057805173091,172057805184124,172057805186185,172057805192780,172057805192851,265650,93825186940240,4375639744,7,2732,1151,16643
172057814412841,172057814423228,172057814434055,172057814436042,172057814442656,172057814442717,265650,93825186940240,4375639744,7,2732,1151,16644
172057825351075,172057825362968,172057825373755,172057825375916,172057825380838,172057825380931,265650,93825186940240,4375639744,7,2732,1151,16645
172057833722972,172057833732643,172057833741599,172057833742981,172057833747621,172057833747689,265650,93825186940240,4375639744,7,2732,1151,16646
172057843724060,172057843733349,172057843741704,172057843742517,172057843746945,172057843747001,265650,93825186940240,4375639744,7,2732,1151,16647
172057852142884,172057852152203,172057852160443,172057852161719,172057852167921,172057852167987,265650,93825186940240,4375639744,7,2732,1151,16648
172057860420588,172057860429414,172057860437553,172057860438367,172057860443641,172057860443701,265650,93825186940240,4375639744,7,2732,1151,16649
172057869447645,172057869457241,172057869466213,172057869467180,172057869471392,172057869471465,265650,93825186940240,4375639744,7,2732,1151,16650
172057878477036,172057878485766,172057878493846,172057878494562,172057878498573,172057878498636,265650,93825186940240,4375639744,7,2732,1151,16651
172057888708104,172057888717012,172057888725272,172057888726149,172057888729996,172057888730058,265650,93825186940240,4375639744,7,2732,1151,16652
172057898108722,172057898118654,172057898128006,172057898128842,172057898133487,172057898133560,265650,93825186940240,4375639744,7,2732,1151,16653
172057906435138,172057906443771,172057906452790,172057906453702,172057906457395,172057906457446,265650,93825186940240,4375639744,7,2732,1151,16654
172057916124034,172057916134294,172057916143986,172057916145134,172057916149450,172057916149511,265650,93825186940240,4375639744,7,2732,1151,16655
172057925116427,172057925128494,172057925137977,172057925138885,172057925142882,172057925142955,265650,93825186940240,4375639744,7,2732,1151,16656
172057933552539,172057933561088,172057933568772,172057933569469,172057933572949,172057933573008,265650,93825186940240,4375639744,7,2732,1151,16657
172057943226803,172057943235711,172057943243982,172057943244679,172057943248319,172057943248379,265650,93825186940240,4375639744,7,2732,1151,16658
172057952519361,172057952529311,172057952538227,172057952539077,172057952542708,172057952542770,265650,93825186940240,4375639744,7,2732,1151,16659
172057962385943,172057962397824,172057962407424,172057962408169,172057962412221,172057962412275,265650,93825186940240,4375639744,7,2732,1151,16660
172057970988426,172057971004814,172057971016662,172057971017808,172057971021419,172057971021505,265650,93825186940240,4375639744,7,2732,1151,16661
172057980237459,172057980247709,172057980256665,172057980257342,172057980260883,172057980260989,265650,93825186940240,4375639744,7,2732,1151,16662
172057989049175,172057989061020,172057989071033,172057989071817,172057989076005,172057989076067,265650,93825186940240,4375639744,7,2732,1151,16663
172057998390655,172057998399578,172057998407678,172057998408389,172057998411680,172057998411737,265650,93825186940240,4375639744,7,2732,1151,16664
172058007449644,172058007458083,172058007465982,172058007466827,172058007470761,172058007470815,265650,93825186940240,4375639744,7,2732,1151,16665
172058016572962,172058016581903,172058016590045,172058016591276,172058016596460,172058016596516,265650,93825186940240,4375639744,7,2732,1151,16666
172058025151941,172058025161035,172058025169416,172058025170184,172058025174067,172058025174123,265650,93825186940240,4375639744,7,2732,1151,16667
172058034223407,172058034234945,172058034244248,172058034245064,172058034249502,172058034249564,265650,93825186940240,4375639744,7,2732,1151,16668
172058042560648,172058042570486,172058042578544,172058042579370,172058042583730,172058042583785,265650,93825186940240,4375639744,7,2732,1151,16669
172058052302965,172058052319147,172058052330052,172058052332489,172058052336282,172058052336336,265650,93825186940240,4375639744,7,2732,1151,16670
172058061542995,172058061552963,172058061562070,172058061562894,172058061567633,172058061567694,265650,93825186940240,4375639744,7,2732,1151,16671
172058070159437,172058070170792,172058070180941,172058070181740,172058070185808,172058070185864,265650,93825186940240,4375639744,7,2732,1151,16672
172058079660898,172058079669404,172058079677334,172058079678055,172058079681621,172058079681673,265650,93825186940240,4375639744,7,2732,1151,16673
172058088954891,172058088966187,172058088976540,172058088977330,172058088981706,172058088981772,265650,93825186940240,4375639744,7,2732,1151,16674
172058097853998,172058097865279,172058097875588,172058097876377,172058097880422,172058097880486,265650,93825186940240,4375639744,7,2732,1151,16675
172058107274201,172058107282734,172058107290569,172058107291137,172058107295227,172058107295286,265650,93825186940240,4375639744,7,2732,1151,16676
172058116458301,172058116466912,172058116474926,172058116475809,172058116480270,172058116480332,265650,93825186940240,4375639744,7,2732,1151,16677
172058125335242,172058125343533,172058125351319,172058125352146,172058125356143,172058125356197,265650,93825186940240,4375639744,7,2732,1151,16678
172058134404558,172058134412972,172058134420341,172058134421117,172058134425134,172058134425184,265650,93825186940240,4375639744,7,2732,1151,16679
172058144004722,172058144013983,172058144022425,172058144023102,172058144027709,172058144027768,265650,93825186940240,4375639744,7,2732,1151,16680
172058152615999,172058152633024,172058152644556,172058152647609,172058152651542,172058152651644,265650,93825186940240,4375639744,7,2732,1151,16681
172058163095056,172058163114073,172058163126439,172058163128581,172058163133086,172058163133158,265650,93825186940240,4375639744,7,2732,1151,16682
172058171719238,172058171729937,172058171737912,172058171738859,172058171742455,172058171742512,265650,93825186940240,4375639744,7,2732,1151,16683
172058180385142,172058180395094,172058180404766,172058180406255,172058180410386,172058180410454,265650,93825186940240,4375639744,7,2732,1151,16684
172058189317349,172058189326340,172058189335144,172058189336048,172058189339675,172058189339730,265650,93825186940240,4375639744,7,2732,1151,16685
172058198601503,172058198609988,172058198617677,172058198618454,172058198621929,172058198621981,265650,93825186940240,4375639744,7,2732,1151,16686
172058207049203,172058207059072,172058207067997,172058207069069,172058207072848,172058207072904,265650,93825186940240,4375639744,7,2732,1151,16687
172058216268059,172058216277120,172058216285101,172058216285788,172058216287641,172058216287696,265650,93825186940240,4375639744,7,2732,1151,16688
172058224710709,172058224719542,172058224727526,172058224728595,172058224732047,172058224732103,265650,93825186940240,4375639744,7,2732,1151,16689
172058233454665,172058233463027,172058233470565,172058233471285,172058233475159,172058233475209,265650,93825186940240,4375639744,7,2732,1151,16690
172058243170206,172058243182129,172058243193268,172058243194268,172058243198971,172058243199033,265650,93825186940240,4375639744,7,2732,1151,16691
172058252313631,172058252325460,172058252336393,172058252337396,172058252341905,172058252341985,265650,93825186940240,4375639744,7,2732,1151,16692
172058261056868,172058261066336,172058261075001,172058261075942,172058261079541,172058261079605,265650,93825186940240,4375639744,7,2732,1151,16693
172058270147245,172058270159297,172058270170357,172058270171317,172058270176031,172058270176087,265650,93825186940240,4375639744,7,2732,1151,16694
172058279125322,172058279135367,172058279144385,172058279145200,172058279149123,172058279149176,265650,93825186940240,4375639744,7,2732,1151,16695
172058287940856,172058287952603,172058287963606,172058287964562,172058287969231,172058287969308,265650,93825186940240,4375639744,7,2732,1151,16696
172058297144920,172058297154348,172058297163296,172058297164168,172058297167947,172058297168012,265650,93825186940240,4375639744,7,2732,1151,16697
172058306128244,172058306136727,172058306144717,172058306145416,172058306149388,172058306149442,265650,93825186940240,4375639744,7,2732,1151,16698
172058314842362,172058314850765,172058314858554,172058314859241,172058314863693,172058314863747,265650,93825186940240,4375639744,7,2732,1151,16699
172058324222586,172058324231378,172058324239388,172058324240107,172058324244221,172058324244278,265650,93825186940240,4375639744,7,2732,1151,16700
172058333458102,172058333466217,172058333473553,172058333474237,172058333478989,172058333479043,265650,93825186940240,4375639744,7,2732,1151,16701
172058341762605,172058341770889,172058341778687,172058341779505,172058341783438,172058341783498,265650,93825186940240,4375639744,7,2732,1151,16702
172058351416129,172058351428035,172058351439101,172058351439997,172058351444355,172058351444439,265650,93825186940240,4375639744,7,2732,1151,16703
172058360236957,172058360246546,172058360255328,172058360256109,172058360260229,172058360260294,265650,93825186940240,4375639744,7,2732,1151,16704
172058369039227,172058369048510,172058369057326,172058369058073,172058369061357,172058369061419,265650,93825186940240,4375639744,7,2732,1151,16705
172058378265052,172058378273767,172058378281810,172058378282472,172058378286269,172058378286332,265650,93825186940240,4375639744,7,2732,1151,16706
172058387960676,172058387972403,172058387983272,172058387984028,172058387987909,172058387987982,265650,93825186940240,4375639744,7,2732,1151,16707
172058396484516,172058396494189,172058396502893,172058396503524,172058396506602,172058396506659,265650,93825186940240,4375639744,7,2732,1151,16708
172058405303318,172058405314870,172058405325700,172058405326429,172058405330857,172058405330937,265650,93825186940240,4375639744,7,2732,1151,16709
172058414362884,172058414374569,172058414385233,172058414386126,172058414389967,172058414390040,265650,93825186940240,4375639744,7,2732,1151,16710
172058423067532,172058423138348,172058423150156,172058423152448,172058423157437,172058423157525,265650,93825186940240,4375639744,7,2732,1151,16711
172058432218161,172058432227794,172058432236647,172058432237903,172058432241270,172058432241340,265650,93825186940240,4375639744,7,2732,1151,16712
172058442438152,172058442446859,172058442455174,172058442456416,172058442462615,172058442462679,265650,93825186940240,4375639744,7,2732,1151,16713
172058450820524,172058450828942,172058450836565,172058450837551,172058450845058,172058450845123,265650,93825186940240,4375639744,7,2732,1151,16714
172058459588831,172058459604579,172058459615940,172058459618501,172058459621358,172058459621449,265650,93825186940240,4375639744,7,2732,1151,16715
172058468667041,172058468755022,172058468766926,172058468768119,172058468775411,172058468775481,265650,93825186940240,4375639744,7,2732,1151,16716
172058476865324,172058476877462,172058476888752,172058476889958,172058476895529,172058476895603,265650,93825186940240,4375639744,7,2732,1151,16717
172058485395410,172058485407640,172058485417465,172058485418640,172058485423688,172058485423753,265650,93825186940240,4375639744,7,2732,1151,16718
172058494190025,172058494201814,172058494212918,172058494213966,172058494218973,172058494219036,265650,93825186940240,4375639744,7,2732,1151,16719
172058502862552,172058502874107,172058502883812,172058502884551,172058502888944,172058502889004,265650,93825186940240,4375639744,7,2732,1151,16720
172058511677862,172058511686239,172058511693982,172058511694572,172058511699221,172058511699271,265650,93825186940240,4375639744,7,2732,1151,16721
172058520474511,172058520483488,172058520491663,172058520492605,172058520498060,172058520498114,265650,93825186940240,4375639744,7,2732,1151,16722
172058529285077,172058529297490,172058529309305,172058529311930,172058529316222,172058529316301,265650,93825186940240,4375639744,7,2732,1151,16723
172058538621907,172058538633527,172058538644311,172058538646316,172058538649389,172058538649458,265650,93825186940240,4375639744,7,2732,1151,16724
172058547319159,172058547330351,172058547341162,172058547343044,172058547349454,172058547349529,265650,93825186940240,4375639744,7,2732,1151,16725
172058555836727,172058555847848,172058555858863,172058555860508,172058555866000,172058555866078,265650,93825186940240,4375639744,7,2732,1151,16726
172058565159476,172058565170090,172058565180887,172058565182738,172058565190074,172058565190132,265650,93825186940240,4375639744,7,2732,1151,16727
172058574296363,172058574307215,172058574317740,172058574319331,172058574325063,172058574325124,265650,93825186940240,4375639744,7,2732,1151,16728
172058582979421,172058582990367,172058583004183,172058583005591,172058583011521,172058583011646,265650,93825186940240,4375639744,7,2732,1151,16729
172058594518418,172058594529282,172058594540480,172058594543243,172058594547978,172058594548034,265650,93825186940240,4375639744,7,2732,1151,16730
172058602820453,172058602833813,172058602847220,172058602851094,172058602860054,172058602860123,265650,93825186940240,4375639744,7,2732,1151,16731
172058611148097,172058611160167,172058611170724,172058611172753,172058611178773,172058611178832,265650,93825186940240,4375639744,7,2732,1151,16732
172058619526447,172058619537758,172058619549636,172058619552608,172058619558795,172058619558845,265650,93825186940240,4375639744,7,2732,1151,16733
172058627852328,172058627863069,172058627873661,172058627875246,172058627879627,172058627879681,265650,93825186940240,4375639744,7,2732,1151,16734
172058636146535,172058636158179,172058636168880,172058636170960,172058636178276,172058636178347,265650,93825186940240,4375639744,7,2732,1151,16735
172058646516325,172058646527328,172058646537908,172058646539863,172058646542648,172058646542705,265650,93825186940240,4375639744,7,2732,1151,16736
172058655270015,172058655284645,172058655294161,172058655295652,172058655301562,172058655301625,265650,93825186940240,4375639744,7,2732,1151,16737
172058663580863,172058663589298,172058663596814,172058663597549,172058663601648,172058663601713,265650,93825186940240,4375639744,7,2732,1151,16738
172058671909627,172058671918525,172058671927379,172058671928748,172058671933153,172058671933221,265650,93825186940240,4375639744,7,2732,1151,16739
172058680327008,172058680336938,172058680345314,172058680346259,172058680350340,172058680350406,265650,93825186940240,4375639744,7,2732,1151,16740
172058688822783,172058688831697,172058688839760,172058688840565,172058688843472,172058688843539,265650,93825186940240,4375639744,7,2732,1151,16741
172058698068484,172058698079780,172058698090645,172058698093413,172058698097243,172058698097306,265650,93825186940240,4375639744,7,2732,1151,16742
172058707075556,172058707086678,172058707097430,172058707099760,172058707106144,172058707106200,265650,93825186940240,4375639744,7,2732,1151,16743
172058715782499,172058715793369,172058715804601,172058715806297,172058715811823,172058715811886,265650,93825186940240,4375639744,7,2732,1151,16744
172058724981342,172058724991867,172058725007265,172058725009136,172058725014420,172058725014481,265650,93825186940240,4375639744,7,2732,1151,16745
172058734079296,172058734090629,172058734101061,172058734102777,172058734108725,172058734108796,265650,93825186940240,4375639744,7,2732,1151,16746
172058742933605,172058742944063,172058742954778,172058742957122,172058742963141,172058742963201,265650,93825186940240,4375639744,7,2732,1151,16747
172058751793148,172058751803941,172058751814785,172058751816657,172058751819314,172058751819371,265650,93825186940240,4375639744,7,2732,1151,16748
172058761454594,172058761465550,172058761476408,172058761478824,172058761486054,172058761486135,265650,93825186940240,4375639744,7,2732,1151,16749
172058769844894,172058769856670,172058769867824,172058769871073,172058769874672,172058769874734,265650,93825186940240,4375639744,7,2732,1151,16750
172058778875822,172058778887894,172058778899068,172058778901955,172058778909100,172058778909194,265650,93825186940240,4375639744,7,2732,1151,16751
172058788118851,172058788199046,172058788210893,172058788212863,172058788217361,172058788217456,265650,93825186940240,4375639744,7,2732,1151,16752
172058796547240,172058796556394,172058796564753,172058796565783,172058796570126,172058796570200,265650,93825186940240,4375639744,7,2732,1151,16753
172058807095406,172058807104537,172058807112795,172058807113920,172058807117987,172058807118046,265650,93825186940240,4375639744,7,2732,1151,16754
172058817332305,172058817350466,172058817362185,172058817365273,172058817374600,172058817374695,265650,93825186940240,4375639744,7,2732,1151,16755
172058826181719,172058826193344,172058826203969,172058826205860,172058826210456,172058826210533,265650,93825186940240,4375639744,7,2732,1151,16756
172058835640263,172058835651919,172058835663546,172058835666402,172058835672146,172058835672209,265650,93825186940240,4375639744,7,2732,1151,16757
172058845148930,172058845159786,172058845170716,172058845172739,172058845179203,172058845179262,265650,93825186940240,4375639744,7,2732,1151,16758
172058853499439,172058853510491,172058853521051,172058853523458,172058853526140,172058853526207,265650,93825186940240,4375639744,7,2732,1151,16759
172058861770028,172058861782626,172058861793586,172058861795875,172058861803318,172058861803482,265650,93825186940240,4375639744,7,2732,1151,16760
172058870051552,172058870062517,172058870073390,172058870075836,172058870082597,172058870082655,265650,93825186940240,4375639744,7,2732,1151,16761
172058880616816,172058880628295,172058880640560,172058880643526,172058880649081,172058880649138,265650,93825186940240,4375639744,7,2732,1151,16762
172058889411626,172058889422082,172058889433737,172058889436608,172058889441504,172058889441569,265650,93825186940240,4375639744,7,2732,1151,16763
172058897944354,172058897955254,172058897965801,172058897967501,172058897973994,172058897974049,265650,93825186940240,4375639744,7,2732,1151,16764
172058906330142,172058906341127,172058906352019,172058906353831,172058906359661,172058906359719,265650,93825186940240,4375639744,7,2732,1151,16765
172058915007064,172058915017995,172058915028890,172058915031268,172058915037531,172058915037590,265650,93825186940240,4375639744,7,2732,1151,16766
172058923979730,172058923991082,172058924007459,172058924009821,172058924016339,172058924016447,265650,93825186940240,4375639744,7,2732,1151,16767
172058932823344,172058932834292,172058932844745,172058932846689,172058932853539,172058932853605,265650,93825186940240,4375639744,7,2732,1151,16768
172058942116106,172058942126332,172058942135305,172058942136687,172058942140338,172058942140398,265650,93825186940240,4375639744,7,2732,1151,16769
172058951136426,172058951145648,172058951154045,172058951155333,172058951160429,172058951160492,265650,93825186940240,4375639744,7,2732,1151,16770
172058961299661,172058961308569,172058961316729,172058961317346,172058961319518,172058961319585,265650,93825186940240,4375639744,7,2732,1151,16771
172058970999700,172058971014472,172058971025934,172058971028230,172058971034369,172058971034545,265650,93825186940240,4375639744,7,2732,1151,16772
172058979823995,172058979838064,172058979849776,172058979852378,172058979862576,172058979862664,265650,93825186940240,4375639744,7,2732,1151,16773
172058988120903,172058988132327,172058988143513,172058988146007,172058988155525,172058988155603,265650,93825186940240,4375639744,7,2732,1151,16774
172058996876147,172058996887176,172058996898056,172058996900358,172058996909016,172058996909076,265650,93825186940240,4375639744,7,2732,1151,16775
172059006779907,172059006791345,172059006802032,172059006804043,172059006812753,172059006812831,265650,93825186940240,4375639744,7,2732,1151,16776
172059015169159,172059015180650,172059015191519,172059015193426,172059015202883,172059015202960,265650,93825186940240,4375639744,7,2732,1151,16777
172059024152804,172059024163621,172059024174248,172059024176207,172059024184252,172059024184314,265650,93825186940240,4375639744,7,2732,1151,16778
172059033320878,172059033331688,172059033342508,172059033344333,172059033352500,172059033352612,265650,93825186940240,4375639744,7,2732,1151,16779
172059042097068,172059042107689,172059042118234,172059042120067,172059042128195,172059042128252,265650,93825186940240,4375639744,7,2732,1151,16780
172059051506274,172059051517148,172059051527377,172059051528962,172059051536358,172059051536420,265650,93825186940240,4375639744,7,2732,1151,16781
172059060635025,172059060645533,172059060656348,172059060657726,172059060664443,172059060664500,265650,93825186940240,4375639744,7,2732,1151,16782
172059071100177,172059071111562,172059071122382,172059071124386,172059071129244,172059071129307,265650,93825186940240,4375639744,7,2732,1151,16783
172059079434533,172059079448565,172059079461290,172059079464000,172059079476992,172059079477033,265650,93825186940240,4375639744,7,2732,1151,16784
172059087808466,172059087819045,172059087829211,172059087831182,172059087838577,172059087838640,265650,93825186940240,4375639744,7,2732,1151,16785
172059096722395,172059096732789,172059096743117,172059096744757,172059096751681,172059096751739,265650,93825186940240,4375639744,7,2732,1151,16786
172059108357421,172059108368429,172059108379426,172059108382262,172059108389304,172059108389358,265650,93825186940240,4375639744,7,2732,1151,16787
172059116675471,172059116686306,172059116697278,172059116699232,172059116704183,172059116704244,265650,93825186940240,4375639744,7,2732,1151,16788
172059125631031,172059125642400,172059125653091,172059125655130,172059125661121,172059125661210,265650,93825186940240,4375639744,7,2732,1151,16789
172059135457277,172059135468192,172059135478952,172059135481147,172059135486261,172059135486319,265650,93825186940240,4375639744,7,2732,1151,16790
172059144679280,172059144690085,172059144700507,172059144702452,172059144708514,172059144708571,265650,93825186940240,4375639744,7,2732,1151,16791
172059153548854,172059153560167,172059153571714,172059153574492,172059153581156,172059153581211,265650,93825186940240,4375639744,7,2732,1151,16792
172059162236791,172059162247214,172059162257321,172059162259016,172059162263736,172059162263787,265650,93825186940240,4375639744,7,2732,1151,16793
172059171876279,172059171887080,172059171897315,172059171898985,172059171902689,172059171902748,265650,93825186940240,4375639744,7,2732,1151,16794
172059180586237,172059180597957,172059180608514,172059180610643,172059180621133,172059180621203,265650,93825186940240,4375639744,7,2732,1151,16795
172059189033223,172059189044992,172059189055410,172059189057505,172059189066137,172059189066185,265650,93825186940240,4375639744,7,2732,1151,16796
172059200383528,172059200394100,172059200404721,172059200406576,172059200411625,172059200411679,265650,93825186940240,4375639744,7,2732,1151,16797
172059208928079,172059208939130,172059208949576,172059208951289,172059208956177,172059208956237,265650,93825186940240,4375639744,7,2732,1151,16798
172059218104484,172059218114945,172059218125462,172059218127319,172059218132687,172059218132748,265650,93825186940240,4375639744,7,2732,1151,16799
172059227412087,172059227422736,172059227433793,172059227436551,172059227443203,172059227443256,265650,93825186940240,4375639744,7,2732,1151,16800
172059236496661,172059236507205,172059236517426,172059236519255,172059236524232,172059236524278,265650,93825186940240,4375639744,7,2732,1151,16801
172059244780652,172059244791460,172059244801964,172059244803835,172059244810598,172059244810641,265650,93825186940240,4375639744,7,2732,1151,16802
172059253696297,172059253706907,172059253717497,172059253720027,172059253728927,172059253728988,265650,93825186940240,4375639744,7,2732,1151,16803
172059262403242,172059262413660,172059262424220,172059262426144,172059262433507,172059262433711,265650,93825186940240,4375639744,7,2732,1151,16804
172059271524648,172059271535439,172059271545839,172059271547765,172059271556257,172059271556318,265650,93825186940240,4375639744,7,2732,1151,16805
172059279847500,172059279858398,172059279869245,172059279870920,172059279874910,172059279874967,265650,93825186940240,4375639744,7,2732,1151,16806
172059288825785,172059288836337,172059288846560,172059288848469,172059288856043,172059288856095,265650,93825186940240,4375639744,7,2732,1151,16807
172059298571315,172059298581800,172059298592072,172059298593901,172059298600432,172059298600493,265650,93825186940240,4375639744,7,2732,1151,16808
172059307741020,172059307752544,172059307763663,172059307765738,172059307774021,172059307774112,265650,93825186940240,4375639744,7,2732,1151,16809
172059316538763,172059316549774,172059316560208,172059316562332,172059316571227,172059316571290,265650,93825186940240,4375639744,7,2732,1151,16810
172059326290125,172059326301029,172059326311782,172059326313717,172059326320458,172059326320524,265650,93825186940240,4375639744,7,2732,1151,16811
172059335651925,172059335662517,172059335673308,172059335675202,172059335681402,172059335681482,265650,93825186940240,4375639744,7,2732,1151,16812
172059346568326,172059346579205,172059346589571,172059346591537,172059346596295,172059346596356,265650,93825186940240,4375639744,7,2732,1151,16813
172059355375906,172059355387600,172059355398502,172059355400494,172059355404497,172059355404579,265650,93825186940240,4375639744,7,2732,1151,16814
172059364632273,172059364642995,172059364653704,172059364655630,172059364660501,172059364660559,265650,93825186940240,4375639744,7,2732,1151,16815
172059373679421,172059373690149,172059373700430,172059373701962,172059373706582,172059373706642,265650,93825186940240,4375639744,7,2732,1151,16816
172059383993214,172059384009635,172059384020428,172059384022330,172059384026095,172059384026157,265650,93825186940240,4375639744,7,2732,1151,16817
172059392734837,172059392745500,172059392756000,172059392758041,172059392762728,172059392762790,265650,93825186940240,4375639744,7,2732,1151,16818
172059401064634,172059401076560,172059401087111,172059401088981,172059401094850,172059401094928,265650,93825186940240,4375639744,7,2732,1151,16819
172059410087110,172059410097970,172059410108479,172059410110363,172059410118557,172059410118617,265650,93825186940240,4375639744,7,2732,1151,16820
172059421299310,172059421311517,172059421322337,172059421324357,172059421330739,172059421330814,265650,93825186940240,4375639744,7,2732,1151,16821
172059429640334,172059429652406,172059429662992,172059429665353,172059429674589,172059429674756,265650,93825186940240,4375639744,7,2732,1151,16822
172059439256067,172059439269326,172059439279076,172059439280867,172059439283591,172059439283653,265650,93825186940240,4375639744,7,2732,1151,16823
172059447750427,172059447764147,172059447776172,172059447777602,172059447780442,172059447780519,265650,93825186940240,4375639744,7,2732,1151,16824
172059456005027,172059456015611,172059456024860,172059456026175,172059456029543,172059456029620,265650,93825186940240,4375639744,7,2732,1151,16825
172059464491845,172059464500572,172059464508505,172059464509303,172059464514100,172059464514170,265650,93825186940240,4375639744,7,2732,1151,16826
172059474005423,172059474014552,172059474023049,172059474024234,172059474029417,172059474029486,265650,93825186940240,4375639744,7,2732,1151,16827
172059484150452,172059484160022,172059484168200,172059484169086,172059484171289,172059484171357,265650,93825186940240,4375639744,7,2732,1151,16828
172059492461829,172059492471278,172059492479923,172059492481203,172059492486888,172059492486956,265650,93825186940240,4375639744,7,2732,1151,16829
172059501256415,172059501276085,172059501287442,172059501290119,172059501297440,172059501297523,265650,93825186940240,4375639744,7,2732,1151,16830
172059509968059,172059509979462,172059509989706,172059509991407,172059509998167,172059509998223,265650,93825186940240,4375639744,7,2732,1151,16831
172059519242168,172059519253161,172059519264021,172059519265944,172059519273720,172059519273791,265650,93825186940240,4375639744,7,2732,1151,16832
172059528416533,172059528427128,172059528437445,172059528439292,172059528446705,172059528446778,265650,93825186940240,4375639744,7,2732,1151,16833
172059538471056,172059538481670,172059538492183,172059538494445,172059538501858,172059538501924,265650,93825186940240,4375639744,7,2732,1151,16834
172059547484565,172059547495380,172059547505952,172059547507860,172059547514194,172059547514258,265650,93825186940240,4375639744,7,2732,1151,16835
172059556881911,172059556892803,172059556903293,172059556905382,172059556910500,172059556910549,265650,93825186940240,4375639744,7,2732,1151,16836
172059566421384,172059566432239,172059566442423,172059566444471,172059566449929,172059566449979,265650,93825186940240,4375639744,7,2732,1151,16837
172059578232627,172059578243283,172059578253293,172059578255260,172059578260466,172059578260517,265650,93825186940240,4375639744,7,2732,1151,16838
172059586508271,172059586519197,172059586529684,172059586531757,172059586535694,172059586535743,265650,93825186940240,4375639744,7,2732,1151,16839
172059595020798,172059595032793,172059595043393,172059595046242,172059595058235,172059595058325,265650,93825186940240,4375639744,7,2732,1151,16840
172059605759504,172059605768731,172059605777944,172059605779844,172059605783742,172059605783809,265650,93825186940240,4375639744,7,2732,1151,16841
172059615587509,172059615598244,172059615608883,172059615611428,172059615616640,172059615616710,265650,93825186940240,4375639744,7,2732,1151,16842
172059624677175,172059624689873,172059624700915,172059624703609,172059624709137,172059624709222,265650,93825186940240,4375639744,7,2732,1151,16843
172059633917997,172059633928664,172059633938843,172059633941177,172059633950468,172059633950541,265650,93825186940240,4375639744,7,2732,1151,16844
172059643185214,172059643194096,172059643202553,172059643204148,172059643210389,172059643210451,265650,93825186940240,4375639744,7,2732,1151,16845
172059652080588,172059652092698,172059652103730,172059652106336,172059652111910,172059652111987,265650,93825186940240,4375639744,7,2732,1151,16846
172059660804601,172059660815866,172059660826280,172059660828822,172059660836119,172059660836204,265650,93825186940240,4375639744,7,2732,1151,16847
172059670735914,172059670747108,172059670757859,172059670759772,172059670764872,172059670764947,265650,93825186940240,4375639744,7,2732,1151,16848
172059679153105,172059679164150,172059679174366,172059679176162,172059679180904,172059679180987,265650,93825186940240,4375639744,7,2732,1151,16849
172059688182845,172059688193733,172059688204226,172059688205826,172059688209531,172059688209594,265650,93825186940240,4375639744,7,2732,1151,16850
172059697172680,172059697184157,172059697194950,172059697196699,172059697201789,172059697201837,265650,93825186940240,4375639744,7,2732,1151,16851
172059705536515,172059705547659,172059705558332,172059705560272,172059705565160,172059705565212,265650,93825186940240,4375639744,7,2732,1151,16852
172059715248810,172059715259789,172059715270685,172059715272607,172059715278168,172059715278251,265650,93825186940240,4375639744,7,2732,1151,16853
172059724753887,172059724764829,172059724775609,172059724777242,172059724782207,172059724782266,265650,93825186940240,4375639744,7,2732,1151,16854
172059733911703,172059733923635,172059733934677,172059733936529,172059733942037,172059733942142,265650,93825186940240,4375639744,7,2732,1151,16855
172059744036271,172059744047074,172059744057582,172059744059515,172059744064167,172059744064270,265650,93825186940240,4375639744,7,2732,1151,16856
172059752690778,172059752702057,172059752712210,172059752714081,172059752719249,172059752719336,265650,93825186940240,4375639744,7,2732,1151,16857
172059762069957,172059762081053,172059762091717,172059762094291,172059762101152,172059762101236,265650,93825186940240,4375639744,7,2732,1151,16858
172059771522404,172059771533616,172059771544367,172059771546456,172059771551908,172059771551977,265650,93825186940240,4375639744,7,2732,1151,16859
172059780770144,172059780780897,172059780791240,172059780792891,172059780798490,172059780798551,265650,93825186940240,4375639744,7,2732,1151,16860
172059789876738,172059789887839,172059789898239,172059789899974,172059789903244,172059789903310,265650,93825186940240,4375639744,7,2732,1151,16861
172059799914935,172059799927329,172059799938795,172059799941554,172059799948838,172059799948921,265650,93825186940240,4375639744,7,2732,1151,16862
172059808372107,172059808383150,172059808394057,172059808396741,172059808403506,172059808403588,265650,93825186940240,4375639744,7,2732,1151,16863
172059819119804,172059819131139,172059819142075,172059819144221,172059819149394,172059819149470,265650,93825186940240,4375639744,7,2732,1151,16864
172059827852676,172059827863391,172059827874211,172059827876137,172059827881529,172059827881607,265650,93825186940240,4375639744,7,2732,1151,16865
172059837250064,172059837260969,172059837271802,172059837274258,172059837278651,172059837278724,265650,93825186940240,4375639744,7,2732,1151,16866
172059846628460,172059846695872,172059846708205,172059846710732,172059846718207,172059846718300,265650,93825186940240,4375639744,7,2732,1151,16867
172059855653433,172059855662473,172059855670996,172059855671899,172059855676585,172059855676645,265650,93825186940240,4375639744,7,2732,1151,16868
172059864059997,172059864068537,172059864076443,172059864077276,172059864081549,172059864081611,265650,93825186940240,4375639744,7,2732,1151,16869
172059872352690,172059872361188,172059872368982,172059872369763,172059872374118,172059872374182,265650,93825186940240,4375639744,7,2732,1151,16870
172059880739482,172059880750977,172059880761576,172059880762530,172059880767305,172059880767379,265650,93825186940240,4375639744,7,2732,1151,16871
172059890204401,172059890213856,172059890222130,172059890223266,172059890225171,172059890225229,265650,93825186940240,4375639744,7,2732,1151,16872
172059901007483,172059901017030,172059901025817,172059901026883,172059901031760,172059901031811,265650,93825186940240,4375639744,7,2732,1151,16873
172059909621330,172059909630262,172059909638432,172059909639160,172059909643059,172059909643124,265650,93825186940240,4375639744,7,2732,1151,16874
172059918814970,172059918823286,172059918831185,172059918831903,172059918835578,172059918835634,265650,93825186940240,4375639744,7,2732,1151,16875
172059927809232,172059927818323,172059927826718,172059927827528,172059927831692,172059927831751,265650,93825186940240,4375639744,7,2732,1151,16876
172059936900164,172059936909409,172059936917982,172059936918858,172059936923496,172059936923557,265650,93825186940240,4375639744,7,2732,1151,16877
172059946396959,172059946407521,172059946416288,172059946417085,172059946421481,172059946421537,265650,93825186940240,4375639744,7,2732,1151,16878
172059955104566,172059955113737,172059955124056,172059955126010,172059955131165,172059955131222,265650,93825186940240,4375639744,7,2732,1151,16879
172059964764617,172059964773584,172059964782011,172059964783377,172059964787923,172059964787977,265650,93825186940240,4375639744,7,2732,1151,16880
172059974072978,172059974083083,172059974092736,172059974093777,172059974097370,172059974097431,265650,93825186940240,4375639744,7,2732,1151,16881
172059982419526,172059982428788,172059982437163,172059982438399,172059982441120,172059982441174,265650,93825186940240,4375639744,7,2732,1151,16882
172059991492113,172059991501102,172059991509462,172059991510328,172059991512205,172059991512264,265650,93825186940240,4375639744,7,2732,1151,16883
172060000626240,172060000635191,172060000643589,172060000644949,172060000649023,172060000649084,265650,93825186940240,4375639744,7,2732,1151,16884
172060011257083,172060011269804,172060011279415,172060011281141,172060011284003,172060011284070,265650,93825186940240,4375639744,7,2732,1151,16885
172060019747001,172060019769167,172060019781154,172060019783932,172060019797559,172060019797638,265650,93825186940240,4375639744,7,2732,1151,16886
172060028757123,172060028766163,172060028775088,172060028777113,172060028782461,172060028782527,265650,93825186940240,4375639744,7,2732,1151,16887
172060038251707,172060038281353,172060038290321,172060038291861,172060038298132,172060038298196,265650,93825186940240,4375639744,7,2732,1151,16888
172060047788471,172060047798514,172060047807566,172060047808813,172060047813323,172060047813389,265650,93825186940240,4375639744,7,2732,1151,16889
172060059119563,172060059129710,172060059139084,172060059140206,172060059144706,172060059144783,265650,93825186940240,4375639744,7,2732,1151,16890
172060067448551,172060067457487,172060067465703,172060067466787,172060067472091,172060067472155,265650,93825186940240,4375639744,7,2732,1151,16891
172060076543591,172060076555438,172060076563889,172060076564970,172060076568758,172060076568815,265650,93825186940240,4375639744,7,2732,1151,16892
172060084774579,172060084789796,172060084801304,172060084802807,172060084808028,172060084808114,265650,93825186940240,4375639744,7,2732,1151,16893
172060093247823,172060093257046,172060093265310,172060093266162,172060093268234,172060093268301,265650,93825186940240,4375639744,7,2732,1151,16894
172060102333952,172060102342524,172060102350554,172060102351328,172060102355171,172060102355234,265650,93825186940240,4375639744,7,2732,1151,16895
172060111584631,172060111594792,172060111603821,172060111604770,172060111609461,172060111609527,265650,93825186940240,4375639744,7,2732,1151,16896
172060120455716,172060120464381,172060120472346,172060120473344,172060120477640,172060120477704,265650,93825186940240,4375639744,7,2732,1151,16897
172060130131994,172060130148659,172060130160738,172060130163416,172060130166854,172060130166953,265650,93825186940240,4375639744,7,2732,1151,16898
172060139488117,172060139499194,172060139509755,172060139511739,172060139516631,172060139516728,265650,93825186940240,4375639744,7,2732,1151,16899
172060148443696,172060148455029,172060148466351,172060148468904,172060148474041,172060148474111,265650,93825186940240,4375639744,7,2732,1151,16900
172060157695986,172060157707056,172060157717724,172060157719447,172060157723909,172060157723973,265650,93825186940240,4375639744,7,2732,1151,16901
172060167425785,172060167436413,172060167447699,172060167450383,172060167456869,172060167456939,265650,93825186940240,4375639744,7,2732,1151,16902
172060176180757,172060176191785,172060176202125,172060176203677,172060176207726,172060176207812,265650,93825186940240,4375639744,7,2732,1151,16903
172060185983072,172060185994891,172060186010926,172060186012761,172060186017334,172060186017425,265650,93825186940240,4375639744,7,2732,1151,16904
172060194364673,172060194376170,172060194387086,172060194388890,172060194391527,172060194391599,265650,93825186940240,4375639744,7,2732,1151,16905
172060203100913,172060203111669,172060203123530,172060203125409,172060203129217,172060203129275,265650,93825186940240,4375639744,7,2732,1151,16906
172060211980268,172060211991225,172060212005451,172060212007200,172060212013978,172060212014039,265650,93825186940240,4375639744,7,2732,1151,16907
172060220319314,172060220330077,172060220340285,172060220342228,172060220348947,172060220349010,265650,93825186940240,4375639744,7,2732,1151,16908
172060228747026,172060228758403,172060228768689,172060228770075,172060228776052,172060228776132,265650,93825186940240,4375639744,7,2732,1151,16909
172060238274259,172060238285249,172060238295858,172060238297929,172060238304628,172060238304690,265650,93825186940240,4375639744,7,2732,1151,16910
172060247413480,172060247424169,172060247434680,172060247436325,172060247442082,172060247442142,265650,93825186940240,4375639744,7,2732,1151,16911
172060256575848,172060256586760,172060256597670,172060256600314,172060256607363,172060256607423,265650,93825186940240,4375639744,7,2732,1151,16912
172060266221239,172060266232104,172060266242845,172060266245194,172060266252840,172060266252901,265650,93825186940240,4375639744,7,2732,1151,16913
172060277221656,172060277232453,172060277243173,172060277245119,172060277249629,172060277249685,265650,93825186940240,4375639744,7,2732,1151,16914
172060285552314,172060285563981,172060285575130,172060285577846,172060285582596,172060285582653,265650,93825186940240,4375639744,7,2732,1151,16915
172060294571066,172060294581840,172060294592947,172060294595560,172060294598595,172060294598658,265650,93825186940240,4375639744,7,2732,1151,16916
172060303279093,172060303289920,172060303300195,172060303302080,172060303308105,172060303308172,265650,93825186940240,4375639744,7,2732,1151,16917
172060311589827,172060311601286,172060311611854,172060311613732,172060311618874,172060311618938,265650,93825186940240,4375639744,7,2732,1151,16918
172060322488254,172060322499421,172060322510701,172060322513540,172060322520137,172060322520203,265650,93825186940240,4375639744,7,2732,1151,16919
172060331535474,172060331546400,172060331556645,172060331558548,172060331563136,172060331563199,265650,93825186940240,4375639744,7,2732,1151,16920
172060340263795,172060340274709,172060340285166,172060340287009,172060340290922,172060340290995,265650,93825186940240,4375639744,7,2732,1151,16921
172060349995991,172060350012239,172060350023285,172060350026121,172060350031340,172060350031409,265650,93825186940240,4375639744,7,2732,1151,16922
172060359280172,172060359290666,172060359300906,172060359303761,172060359309455,172060359309513,265650,93825186940240,4375639744,7,2732,1151,16923
172060367861876,172060367873396,172060367884981,172060367887830,172060367893463,172060367893520,265650,93825186940240,4375639744,7,2732,1151,16924
172060377057559,172060377069791,172060377080403,172060377082280,172060377086219,172060377086274,265650,93825186940240,4375639744,7,2732,1151,16925
172060386462527,172060386473145,172060386484675,172060386487506,172060386493209,172060386493281,265650,93825186940240,4375639744,7,2732,1151,16926
172060395043454,172060395054898,172060395065237,172060395067010,172060395069715,172060395069830,265650,93825186940240,4375639744,7,2732,1151,16927
172060404400796,172060404411394,172060404422542,172060404425158,172060404430071,172060404430151,265650,93825186940240,4375639744,7,2732,1151,16928
172060413498929,172060413510457,172060413521563,172060413523804,172060413530205,172060413530304,265650,93825186940240,4375639744,7,2732,1151,16929
172060422423277,172060422433966,172060422444142,172060422445922,172060422450060,172060422450130,265650,93825186940240,4375639744,7,2732,1151,16930
172060431544904,172060431561598,172060431570964,172060431573144,172060431578480,172060431578542,265650,93825186940240,4375639744,7,2732,1151,16931
172060440969675,172060440978277,172060440986484,172060440988273,172060440993969,172060440994028,265650,93825186940240,4375639744,7,2732,1151,16932
172060450698233,172060450708216,172060450717519,172060450718584,172060450722805,172060450722864,265650,93825186940240,4375639744,7,2732,1151,16933
172060458970192,172060458979135,172060458987148,172060458988013,172060458992494,172060458992548,265650,93825186940240,4375639744,7,2732,1151,16934
172060467315147,172060467349029,172060467357009,172060467358104,172060467363075,172060467363128,265650,93825186940240,4375639744,7,2732,1151,16935
172060477205275,172060477213761,172060477222174,172060477222866,172060477226997,172060477227051,265650,93825186940240,4375639744,7,2732,1151,16936
172060486143797,172060486153012,172060486161676,172060486162857,172060486167995,172060486168060,265650,93825186940240,4375639744,7,2732,1151,16937
172060494889484,172060494906210,172060494917422,172060494919659,172060494922690,172060494922767,265650,93825186940240,4375639744,7,2732,1151,16938
172060503960075,172060503972363,172060503984056,172060503986724,172060503990994,172060503991091,265650,93825186940240,4375639744,7,2732,1151,16939
172060513302012,172060513313690,172060513324163,172060513325970,172060513332118,172060513332203,265650,93825186940240,4375639744,7,2732,1151,16940
172060522613147,172060522658010,172060522669739,172060522671063,172060522676347,172060522676426,265650,93825186940240,4375639744,7,2732,1151,16941
172060530878657,172060530892263,172060530903827,172060530905412,172060530908681,172060530908759,265650,93825186940240,4375639744,7,2732,1151,16942
172060539140142,172060539152513,172060539163469,172060539164864,172060539170457,172060539170572,265650,93825186940240,4375639744,7,2732,1151,16943
172060547439434,172060547448193,172060547456180,172060547457224,172060547461766,172060547461829,265650,93825186940240,4375639744,7,2732,1151,16944
172060555877525,172060555886260,172060555894181,172060555895160,172060555900612,172060555900818,265650,93825186940240,4375639744,7,2732,1151,16945
172060564636666,172060564645473,172060564654008,172060564655205,172060564658890,172060564658947,265650,93825186940240,4375639744,7,2732,1151,16946
172060573670515,172060573680764,172060573689756,172060573691087,172060573696157,172060573696223,265650,93825186940240,4375639744,7,2732,1151,16947
172060584084964,172060584094631,172060584104052,172060584105209,172060584109196,172060584109251,265650,93825186940240,4375639744,7,2732,1151,16948
172060592458118,172060592466226,172060592473759,172060592474543,172060592478499,172060592478549,265650,93825186940240,4375639744,7,2732,1151,16949
172060601760787,172060601769655,172060601777859,172060601778541,172060601782215,172060601782271,265650,93825186940240,4375639744,7,2732,1151,16950
172060610774861,172060610783541,172060610791427,172060610792115,172060610794018,172060610794068,265650,93825186940240,4375639744,7,2732,1151,16951
172060619115666,172060619125137,172060619133949,172060619134712,172060619138797,172060619138869,265650,93825186940240,4375639744,7,2732,1151,16952
172060628676521,172060628685521,172060628694193,172060628694988,172060628699041,172060628699100,265650,93825186940240,4375639744,7,2732,1151,16953
172060637370498,172060637380215,172060637389192,172060637389893,172060637393855,172060637393913,265650,93825186940240,4375639744,7,2732,1151,16954
172060646294985,172060646312712,172060646324359,172060646327849,172060646331056,172060646331151,265650,93825186940240,4375639744,7,2732,1151,16955
172060654758228,172060654769521,172060654780673,172060654782818,172060654786914,172060654786994,265650,93825186940240,4375639744,7,2732,1151,16956
172060663427308,172060663435878,172060663445555,172060663446265,172060663449535,172060663449591,265650,93825186940240,4375639744,7,2732,1151,16957
172060672466861,172060672478600,172060672489513,172060672490493,172060672494879,172060672494952,265650,93825186940240,4375639744,7,2732,1151,16958
172060681397280,172060681406853,172060681415900,172060681416893,172060681420742,172060681420795,265650,93825186940240,4375639744,7,2732,1151,16959
172060689815405,172060689828557,172060689839674,172060689841167,172060689846799,172060689846896,265650,93825186940240,4375639744,7,2732,1151,16960
172060699721618,172060699731126,172060699739250,172060699740237,172060699744512,172060699744578,265650,93825186940240,4375639744,7,2732,1151,16961
172060708249277,172060708260852,172060708271038,172060708271975,172060708275972,172060708276049,265650,93825186940240,4375639744,7,2732,1151,16962
172060716621944,172060716630536,172060716638783,172060716640088,172060716644062,172060716644116,265650,93825186940240,4375639744,7,2732,1151,16963
172060724928844,172060724937803,172060724946051,172060724946841,172060724951227,172060724951281,265650,93825186940240,4375639744,7,2732,1151,16964
172060735206400,172060735215156,172060735223258,172060735224015,172060735227443,172060735227494,265650,93825186940240,4375639744,7,2732,1151,16965
172060743543132,172060743551321,172060743558808,172060743559626,172060743562756,172060743562804,265650,93825186940240,4375639744,7,2732,1151,16966
172060753114714,172060753124523,172060753133450,172060753134423,172060753138919,172060753138980,265650,93825186940240,4375639744,7,2732,1151,16967
172060762045689,172060762055896,172060762064979,172060762065951,172060762070126,172060762070187,265650,93825186940240,4375639744,7,2732,1151,16968
172060771532467,172060771541374,172060771550107,172060771551719,172060771556088,172060771556153,265650,93825186940240,4375639744,7,2732,1151,16969
172060780401266,172060780413117,172060780421857,172060780422609,172060780426423,172060780426493,265650,93825186940240,4375639744,7,2732,1151,16970
172060789237781,172060789253579,172060789265066,172060789266406,172060789272991,172060789273071,265650,93825186940240,4375639744,7,2732,1151,16971
172060797897824,172060797906996,172060797915434,172060797916273,172060797920479,172060797920540,265650,93825186940240,4375639744,7,2732,1151,16972
172060807277077,172060807289824,172060807300841,172060807301868,172060807306096,172060807306173,265650,93825186940240,4375639744,7,2732,1151,16973
172060816374925,172060816383613,172060816391567,172060816392349,172060816396067,172060816396124,265650,93825186940240,4375639744,7,2732,1151,16974
172060824782454,172060824792143,172060824800858,172060824801783,172060824806190,172060824806256,265650,93825186940240,4375639744,7,2732,1151,16975
172060834152371,172060834162108,172060834170236,172060834171241,172060834176306,172060834176357,265650,93825186940240,4375639744,7,2732,1151,16976
172060843180160,172060843189008,172060843197126,172060843197868,172060843201872,172060843201929,265650,93825186940240,4375639744,7,2732,1151,16977
172060852340041,172060852352373,172060852369766,172060852370957,172060852374694,172060852374768,265650,93825186940240,4375639744,7,2732,1151,16978
172060861697866,172060861706769,172060861714930,172060861715752,172060861719736,172060861719792,265650,93825186940240,4375639744,7,2732,1151,16979
172060870044150,172060870055172,172060870064424,172060870065668,172060870069957,172060870070029,265650,93825186940240,4375639744,7,2732,1151,16980
172060878428941,172060878451320,172060878463057,172060878465381,172060878469323,172060878469403,265650,93825186940240,4375639744,7,2732,1151,16981
172060887528802,172060887539847,172060887550994,172060887553409,172060887559360,172060887559421,265650,93825186940240,4375639744,7,2732,1151,16982
172060896213917,172060896225595,172060896236500,172060896238327,172060896245369,172060896245423,265650,93825186940240,4375639744,7,2732,1151,16983
172060904946421,172060904957294,172060904967840,172060904969562,172060904975791,172060904975917,265650,93825186940240,4375639744,7,2732,1151,16984
172060914216021,172060914226935,172060914237887,172060914239713,172060914245837,172060914245966,265650,93825186940240,4375639744,7,2732,1151,16985
172060923832657,172060923871397,172060923883086,172060923884731,172060923888126,172060923888212,265650,93825186940240,4375639744,7,2732,1151,16986
172060934204419,172060934213957,172060934222565,172060934223707,172060934228717,172060934228789,265650,93825186940240,4375639744,7,2732,1151,16987
172060942652333,172060942660875,172060942668622,172060942669464,172060942673209,172060942673276,265650,93825186940240,4375639744,7,2732,1151,16988
172060952089330,172060952099216,172060952108112,172060952109027,172060952113200,172060952113265,265650,93825186940240,4375639744,7,2732,1151,16989
172060960446575,172060960455408,172060960463605,172060960464447,172060960469762,172060960469829,265650,93825186940240,4375639744,7,2732,1151,16990
172060969772876,172060969784548,172060969795439,172060969796433,172060969800474,172060969800545,265650,93825186940240,4375639744,7,2732,1151,16991
172060978733433,172060978742734,172060978751326,172060978752097,172060978756196,172060978756260,265650,93825186940240,4375639744,7,2732,1151,16992
172060987876694,172060987886941,172060987895656,172060987896428,172060987900353,172060987900409,265650,93825186940240,4375639744,7,2732,1151,16993
172060997085866,172060997097047,172060997105781,172060997106790,172060997111182,172060997111248,265650,93825186940240,4375639744,7,2732,1151,16994
172061006375877,172061006385276,172061006394275,172061006395217,172061006399629,172061006399689,265650,93825186940240,4375639744,7,2732,1151,16995
172061015040679,172061015049673,172061015058144,172061015059554,172061015064480,172061015064545,265650,93825186940240,4375639744,7,2732,1151,16996
172061024697594,172061024706522,172061024714674,172061024715439,172061024717467,172061024717540,265650,93825186940240,4375639744,7,2732,1151,16997
172061033802097,172061033810507,172061033818143,172061033819270,172061033824268,172061033824333,265650,93825186940240,4375639744,7,2732,1151,16998
172061042619700,172061042629879,172061042639315,172061042640690,172061042645730,172061042645805,265650,93825186940240,4375639744,7,2732,1151,16999
172061050971408,172061050980156,172061050988391,172061050989464,172061050994138,172061050994192,265650,93825186940240,4375639744,7,2732,1151,17000
172061059354386,172061059364805,172061059374051,172061059375281,172061059380094,172061059380157,265650,93825186940240,4375639744,7,2732,1151,17001
172061068246944,172061068267129,172061068278249,172061068281383,172061068288124,172061068288199,265650,93825186940240,4375639744,7,2732,1151,17002
172061077615807,172061077626920,172061077637359,172061077639222,172061077646171,172061077646252,265650,93825186940240,4375639744,7,2732,1151,17003
172061086787695,172061086798410,172061086808912,172061086810594,172061086816514,172061086816571,265650,93825186940240,4375639744,7,2732,1151,17004
172061095564938,172061095576053,172061095586468,172061095588318,172061095593491,172061095593547,265650,93825186940240,4375639744,7,2732,1151,17005
172061105748307,172061105758703,172061105768697,172061105770218,172061105773709,172061105773766,265650,93825186940240,4375639744,7,2732,1151,17006
172061117773582,172061117784502,172061117797167,172061117800441,172061117804104,172061117804160,265650,93825186940240,4375639744,7,2732,1151,17007
172061126101152,172061126112278,172061126122898,172061126124821,172061126127784,172061126127845,265650,93825186940240,4375639744,7,2732,1151,17008
172061134386249,172061134397076,172061134408591,172061134411004,172061134414412,172061134414475,265650,93825186940240,4375639744,7,2732,1151,17009
172061143344607,172061143355056,172061143365420,172061143367067,172061143370140,172061143370205,265650,93825186940240,4375639744,7,2732,1151,17010
172061152041011,172061152051700,172061152061893,172061152063597,172061152066446,172061152066519,265650,93825186940240,4375639744,7,2732,1151,17011
172061161406220,172061161416984,172061161427364,172061161428937,172061161431614,172061161431673,265650,93825186940240,4375639744,7,2732,1151,17012
172061170917903,172061170928570,172061170939332,172061170940934,172061170944869,172061170944935,265650,93825186940240,4375639744,7,2732,1151,17013
172061179669073,172061179680074,172061179690548,172061179692540,172061179696835,172061179696899,265650,93825186940240,4375639744,7,2732,1151,17014
172061189226747,172061189237530,172061189247871,172061189249662,172061189253492,172061189253561,265650,93825186940240,4375639744,7,2732,1151,17015
172061198191848,172061198202959,172061198213250,172061198215537,172061198219413,172061198219469,265650,93825186940240,4375639744,7,2732,1151,17016
172061207169818,172061207180685,172061207190863,172061207192381,172061207196311,172061207196384,265650,93825186940240,4375639744,7,2732,1151,17017
172061216860569,172061216871186,172061216881577,172061216883144,172061216885813,172061216885870,265650,93825186940240,4375639744,7,2732,1151,17018
172061227093969,172061227104909,172061227115148,172061227116901,172061227119384,172061227119446,265650,93825186940240,4375639744,7,2732,1151,17019
172061235908816,172061235920037,172061235930604,172061235932502,172061235936445,172061235936536,265650,93825186940240,4375639744,7,2732,1151,17020
172061245167375,172061245178935,172061245189615,172061245191627,172061245196420,172061245196521,265650,93825186940240,4375639744,7,2732,1151,17021
172061254442439,172061254453372,172061254465037,172061254467515,172061254473409,172061254473493,265650,93825186940240,4375639744,7,2732,1151,17022
172061262933628,172061262946131,172061262958016,172061262961621,172061262966042,172061262966119,265650,93825186940240,4375639744,7,2732,1151,17023
172061272271439,172061272282447,172061272293214,172061272294960,172061272299372,172061272299472,265650,93825186940240,4375639744,7,2732,1151,17024
172061281767439,172061281778765,172061281789290,172061281791042,172061281798133,172061281798227,265650,93825186940240,4375639744,7,2732,1151,17025
172061290526223,172061290537700,172061290548640,172061290550619,172061290555679,172061290555785,265650,93825186940240,4375639744,7,2732,1151,17026
172061299893171,172061299913212,172061299925726,172061299927553,172061299934204,172061299934293,265650,93825186940240,4375639744,7,2732,1151,17027
172061309079032,172061309089309,172061309099124,172061309100612,172061309105373,172061309105440,265650,93825186940240,4375639744,7,2732,1151,17028
172061317666326,172061317675099,172061317683206,172061317683936,172061317687574,172061317687638,265650,93825186940240,4375639744,7,2732,1151,17029
172061326048946,172061326061382,172061326073478,172061326075061,172061326078421,172061326078505,265650,93825186940240,4375639744,7,2732,1151,17030
172061334292882,172061334301662,172061334309428,172061334310208,172061334312085,172061334312137,265650,93825186940240,4375639744,7,2732,1151,17031
172061344829222,172061344837633,172061344845527,172061344847039,172061344851325,172061344851376,265650,93825186940240,4375639744,7,2732,1151,17032
172061353517521,172061353526155,172061353533871,172061353534912,172061353538622,172061353538677,265650,93825186940240,4375639744,7,2732,1151,17033
172061362954336,172061362963846,172061362972518,172061362973350,172061362977425,172061362977481,265650,93825186940240,4375639744,7,2732,1151,17034
172061371947326,172061371956998,172061371965725,172061371966701,172061371971568,172061371971623,265650,93825186940240,4375639744,7,2732,1151,17035
172061381329513,172061381340986,172061381351602,172061381352504,172061381356687,172061381356760,265650,93825186940240,4375639744,7,2732,1151,17036
172061391169093,172061391184916,172061391196390,172061391199951,172061391202857,172061391202942,265650,93825186940240,4375639744,7,2732,1151,17037
172061400447820,172061400457072,172061400465742,172061400468456,172061400473445,172061400473507,265650,93825186940240,4375639744,7,2732,1151,17038
172061410376719,172061410385586,172061410393622,172061410394462,172061410398925,172061410398994,265650,93825186940240,4375639744,7,2732,1151,17039
172061419349688,172061419361241,172061419371907,172061419372743,172061419377348,172061419377422,265650,93825186940240,4375639744,7,2732,1151,17040
172061428156208,172061428178009,172061428189248,172061428190603,172061428195677,172061428195759,265650,93825186940240,4375639744,7,2732,1151,17041
172061439025604,172061439037793,172061439049050,172061439051601,172061439058653,172061439058752,265650,93825186940240,4375639744,7,2732,1151,17042
172061447282012,172061447292888,172061447303150,172061447305752,172061447309725,172061447309783,265650,93825186940240,4375639744,7,2732,1151,17043
172061456495883,172061456515249,172061456527886,172061456535198,172061456548611,172061456548718,265650,93825186940240,4375639744,7,2732,1151,17044
172061465181530,172061465192200,172061465202378,172061465204743,172061465215634,172061465215702,265650,93825186940240,4375639744,7,2732,1151,17045
172061475680285,172061475697660,172061475709158,172061475711740,172061475714520,172061475714623,265650,93825186940240,4375639744,7,2732,1151,17046
172061484833001,172061484844442,172061484855214,172061484857271,172061484862800,172061484862897,265650,93825186940240,4375639744,7,2732,1151,17047
172061493959713,172061493971157,172061493982247,172061493985453,172061493990545,172061493990607,265650,93825186940240,4375639744,7,2732,1151,17048
172061503507991,172061503516784,172061503525670,172061503527298,172061503538802,172061503538867,265650,93825186940240,4375639744,7,2732,1151,17049
172061511987219,172061511998282,172061512008855,172061512009584,172061512014438,172061512014495,265650,93825186940240,4375639744,7,2732,1151,17050
172061520478740,172061520489004,172061520499208,172061520501645,172061520507918,172061520507987,265650,93825186940240,4375639744,7,2732,1151,17051
172061529731113,172061529739880,172061529748126,172061529748831,172061529754470,172061529754548,265650,93825186940240,4375639744,7,2732,1151,17052
172061538663065,172061538672902,172061538681431,172061538682331,172061538687271,172061538687347,265650,93825186940240,4375639744,7,2732,1151,17053
172061547504253,172061547512801,172061547520708,172061547522047,172061547526186,172061547526250,265650,93825186940240,4375639744,7,2732,1151,17054
172061556463265,172061556472176,172061556480470,172061556481613,172061556487116,172061556487175,265650,93825186940240,4375639744,7,2732,1151,17055
172061565397914,172061565409378,172061565418120,172061565419027,172061565423990,172061565424060,265650,93825186940240,4375639744,7,2732,1151,17056
172061576926285,172061576935744,172061576944561,172061576945493,172061576951100,172061576951174,265650,93825186940240,4375639744,7,2732,1151,17057
172061586109193,172061586126016,172061586137452,172061586141751,172061586148357,172061586148445,265650,93825186940240,4375639744,7,2732,1151,17058
172061594454779,172061594465794,172061594476290,172061594478319,172061594483366,172061594483429,265650,93825186940240,4375639744,7,2732,1151,17059
172061602786400,172061602797834,172061602808847,172061602811094,172061602817177,172061602817275,265650,93825186940240,4375639744,7,2732,1151,17060
172061611782225,172061611793266,172061611804155,172061611806094,172061611811909,172061611811968,265650,93825186940240,4375639744,7,2732,1151,17061
172061620616647,172061620627435,172061620637708,172061620639657,172061620646052,172061620646120,265650,93825186940240,4375639744,7,2732,1151,17062
172061629447758,172061629458357,172061629470824,172061629473047,172061629479256,172061629479321,265650,93825186940240,4375639744,7,2732,1151,17063
172061638793429,172061638803827,172061638814481,172061638816630,172061638824484,172061638824553,265650,93825186940240,4375639744,7,2732,1151,17064
172061648462236,172061648474067,172061648484832,172061648487682,172061648491173,172061648491266,265650,93825186940240,4375639744,7,2732,1151,17065
172061657896026,172061657907611,172061657918647,172061657921488,172061657929266,172061657929348,265650,93825186940240,4375639744,7,2732,1151,17066
172061668496366,172061668509123,172061668520497,172061668523467,172061668526269,172061668526352,265650,93825186940240,4375639744,7,2732,1151,17067
172061677368282,172061677380639,172061677391729,172061677394194,172061677401238,172061677401339,265650,93825186940240,4375639744,7,2732,1151,17068
172061686663365,172061686676017,172061686687239,172061686690495,172061686693790,172061686693870,265650,93825186940240,4375639744,7,2732,1151,17069
172061695697170,172061695709327,172061695721269,172061695724542,172061695729491,172061695729542,265650,93825186940240,4375639744,7,2732,1151,17070
172061704171601,172061704183352,172061704194236,172061704197126,172061704204725,172061704204816,265650,93825186940240,4375639744,7,2732,1151,17071
172061712554100,172061712565126,172061712575892,172061712578049,172061712584566,172061712584631,265650,93825186940240,4375639744,7,2732,1151,17072
172061720873409,172061720886478,172061720897207,172061720899190,172061720905495,172061720905559,265650,93825186940240,4375639744,7,2732,1151,17073
172061729157244,172061729168875,172061729179686,172061729181824,172061729188301,172061729188351,265650,93825186940240,4375639744,7,2732,1151,17074
172061738048426,172061738059780,172061738070743,172061738073108,172061738079543,172061738079644,265650,93825186940240,4375639744,7,2732,1151,17075
172061747249459,172061747260555,172061747271164,172061747273201,172061747279158,172061747279231,265650,93825186940240,4375639744,7,2732,1151,17076
172061756374217,172061756385350,172061756396196,172061756399031,172061756402323,172061756402377,265650,93825186940240,4375639744,7,2732,1151,17077
172061765942609,172061765954010,172061765964971,172061765967861,172061765974377,172061765974478,265650,93825186940240,4375639744,7,2732,1151,17078
172061775544772,172061775556007,172061775566428,172061775568940,172061775575115,172061775575201,265650,93825186940240,4375639744,7,2732,1151,17079
172061784066135,172061784077095,172061784087718,172061784090046,172061784096145,172061784096219,265650,93825186940240,4375639744,7,2732,1151,17080
172061793747923,172061793758432,172061793768815,172061793770889,172061793776716,172061793776817,265650,93825186940240,4375639744,7,2732,1151,17081
172061802953945,172061802964777,172061802975071,172061802976901,172061802983407,172061802983489,265650,93825186940240,4375639744,7,2732,1151,17082
172061811836825,172061811847920,172061811858649,172061811860601,172061811866368,172061811866425,265650,93825186940240,4375639744,7,2732,1151,17083
172061821509112,172061821520765,172061821533077,172061821535584,172061821542863,172061821542948,265650,93825186940240,4375639744,7,2732,1151,17084
172061833788791,172061833799993,172061833810528,172061833812388,172061833816634,172061833816700,265650,93825186940240,4375639744,7,2732,1151,17085
172061842120816,172061842131430,172061842142152,172061842144394,172061842148886,172061842148949,265650,93825186940240,4375639744,7,2732,1151,17086
172061851501111,172061851512241,172061851522986,172061851525063,172061851529389,172061851529465,265650,93825186940240,4375639744,7,2732,1151,17087
172061861118394,172061861130123,172061861140968,172061861143196,172061861146937,172061861147017,265650,93825186940240,4375639744,7,2732,1151,17088
172061869484021,172061869495758,172061869506954,172061869508983,172061869515801,172061869515899,265650,93825186940240,4375639744,7,2732,1151,17089
172061878884923,172061878895547,172061878905924,172061878907531,172061878911824,172061878911873,265650,93825186940240,4375639744,7,2732,1151,17090
172061888220742,172061888231608,172061888242336,172061888244384,172061888248535,172061888248593,265650,93825186940240,4375639744,7,2732,1151,17091
172061896957352,172061896967787,172061896978495,172061896980458,172061896984140,172061896984197,265650,93825186940240,4375639744,7,2732,1151,17092
172061905686527,172061905704382,172061905713795,172061905715470,172061905722576,172061905722640,265650,93825186940240,4375639744,7,2732,1151,17093
172061914027908,172061914037111,172061914068030,172061914069158,172061914073257,172061914073327,265650,93825186940240,4375639744,7,2732,1151,17094
172061924216386,172061924225444,172061924233697,172061924234682,172061924239604,172061924239672,265650,93825186940240,4375639744,7,2732,1151,17095
172061932626515,172061932636438,172061932645344,172061932646301,172061932651403,172061932651479,265650,93825186940240,4375639744,7,2732,1151,17096
172061942213814,172061942223844,172061942233191,172061942234351,172061942239171,172061942239252,265650,93825186940240,4375639744,7,2732,1151,17097
172061951309080,172061951321312,172061951330889,172061951331759,172061951336638,172061951336715,265650,93825186940240,4375639744,7,2732,1151,17098
172061960593765,172061960602219,172061960609770,172061960610610,172061960614429,172061960614496,265650,93825186940240,4375639744,7,2732,1151,17099
172061969950731,172061969959546,172061969967630,172061969968251,172061969972602,172061969972650,265650,93825186940240,4375639744,7,2732,1151,17100
172061978822916,172061978832021,172061978840643,172061978842598,172061978846642,172061978846742,265650,93825186940240,4375639744,7,2732,1151,17101
172061988098642,172061988108800,172061988117973,172061988118766,172061988123364,172061988123439,265650,93825186940240,4375639744,7,2732,1151,17102
172061997097322,172061997109378,172061997120476,172061997121344,172061997126102,172061997126193,265650,93825186940240,4375639744,7,2732,1151,17103
172062006578928,172062006587380,172062006595234,172062006595808,172062006599901,172062006599966,265650,93825186940240,4375639744,7,2732,1151,17104
172062015710068,172062015725899,172062015736921,172062015739451,172062015745130,172062015745224,265650,93825186940240,4375639744,7,2732,1151,17105
172062024455673,172062024466825,172062024477712,172062024479665,172062024486463,172062024486535,265650,93825186940240,4375639744,7,2732,1151,17106
172062032796742,172062032807832,172062032818356,172062032820496,172062032826224,172062032826297,265650,93825186940240,4375639744,7,2732,1151,17107
172062041378991,172062041391149,172062041401996,172062041404124,172062041410292,172062041410351,265650,93825186940240,4375639744,7,2732,1151,17108
172062050504261,172062050515049,172062050526075,172062050528074,172062050535358,172062050535413,265650,93825186940240,4375639744,7,2732,1151,17109
172062059228781,172062059239347,172062059250970,172062059254589,172062059261289,172062059261351,265650,93825186940240,4375639744,7,2732,1151,17110
172062071084639,172062071096081,172062071106914,172062071109004,172062071112341,172062071112439,265650,93825186940240,4375639744,7,2732,1151,17111
172062079516548,172062079527260,172062079539070,172062079541971,172062079546729,172062079546787,265650,93825186940240,4375639744,7,2732,1151,17112
172062088456705,172062088467764,172062088478548,172062088481097,172062088485696,172062088485776,265650,93825186940240,4375639744,7,2732,1151,17113
172062097090505,172062097101015,172062097111510,172062097113527,172062097117382,172062097117442,265650,93825186940240,4375639744,7,2732,1151,17114
172062106365579,172062106376467,172062106388025,172062106390540,172062106393815,172062106393913,265650,93825186940240,4375639744,7,2732,1151,17115
172062115804384,172062115847208,172062115860422,172062115862542,172062115871675,172062115871763,265650,93825186940240,4375639744,7,2732,1151,17116
172062125185492,172062125196735,172062125207479,172062125209760,172062125215125,172062125215223,265650,93825186940240,4375639744,7,2732,1151,17117
172062133518938,172062133529939,172062133540292,172062133542171,172062133548547,172062133548609,265650,93825186940240,4375639744,7,2732,1151,17118
172062141848724,172062141859640,172062141869969,172062141872046,172062141878157,172062141878217,265650,93825186940240,4375639744,7,2732,1151,17119
172062150781389,172062150792027,172062150802338,172062150803940,172062150809823,172062150809881,265650,93825186940240,4375639744,7,2732,1151,17120
172062161707435,172062161769598,172062161781879,172062161783844,172062161789510,172062161789604,265650,93825186940240,4375639744,7,2732,1151,17121
172062170455935,172062170466100,172062170474427,172062170475235,172062170479708,172062170479772,265650,93825186940240,4375639744,7,2732,1151,17122
172062180044684,172062180054860,172062180064022,172062180065101,172062180068445,172062180068516,265650,93825186940240,4375639744,7,2732,1151,17123
172062189148362,172062189160095,172062189168287,172062189168995,172062189173660,172062189173718,265650,93825186940240,4375639744,7,2732,1151,17124
172062198231175,172062198243001,172062198253992,172062198254977,172062198258853,172062198258935,265650,93825186940240,4375639744,7,2732,1151,17125
172062207632410,172062207642101,172062207651155,172062207651851,172062207656076,172062207656140,265650,93825186940240,4375639744,7,2732,1151,17126
172062217006713,172062217018500,172062217029692,172062217030539,172062217035414,172062217035501,265650,93825186940240,4375639744,7,2732,1151,17127
172062225847925,172062225859523,172062225870408,172062225871356,172062225875476,172062225875552,265650,93825186940240,4375639744,7,2732,1151,17128
172062235513503,172062235525632,172062235536821,172062235537877,172062235542717,172062235542800,265650,93825186940240,4375639744,7,2732,1151,17129
172062244640681,172062244650242,172062244659130,172062244659855,172062244663801,172062244663866,265650,93825186940240,4375639744,7,2732,1151,17130
172062253056322,172062253066594,172062253076131,172062253077557,172062253082886,172062253082952,265650,93825186940240,4375639744,7,2732,1151,17131
172062263059705,172062263069017,172062263077685,172062263078963,172062263083891,172062263083968,265650,93825186940240,4375639744,7,2732,1151,17132
172062272010747,172062272027330,172062272038329,172062272041066,172062272044001,172062272044086,265650,93825186940240,4375639744,7,2732,1151,17133
172062281305061,172062281314048,172062281322530,172062281323493,172062281327682,172062281327747,265650,93825186940240,4375639744,7,2732,1151,17134
172062290225234,172062290236893,172062290247542,172062290248476,172062290252748,172062290252836,265650,93825186940240,4375639744,7,2732,1151,17135
172062299558121,172062299567150,172062299575444,172062299576405,172062299579712,172062299579778,265650,93825186940240,4375639744,7,2732,1151,17136
172062307968792,172062308017926,172062308029986,172062308031595,172062308036829,172062308036908,265650,93825186940240,4375639744,7,2732,1151,17137
172062316199177,172062316207732,172062316215442,172062316216281,172062316220330,172062316220381,265650,93825186940240,4375639744,7,2732,1151,17138
172062324834457,172062324843176,172062324851170,172062324852043,172062324854294,172062324854347,265650,93825186940240,4375639744,7,2732,1151,17139
172062335790936,172062335799683,172062335807715,172062335808545,172062335812596,172062335812645,265650,93825186940240,4375639744,7,2732,1151,17140
172062344645700,172062344654905,172062344663570,172062344664297,172062344668392,172062344668455,265650,93825186940240,4375639744,7,2732,1151,17141
172062353955633,172062353967367,172062353978427,172062353979252,172062353983654,172062353983734,265650,93825186940240,4375639744,7,2732,1151,17142
172062362302792,172062362314626,172062362323305,172062362324539,172062362329544,172062362329605,265650,93825186940240,4375639744,7,2732,1151,17143
172062370619714,172062370628585,172062370636600,172062370637555,172062370642192,172062370642257,265650,93825186940240,4375639744,7,2732,1151,17144
172062379878072,172062379889675,172062379899271,172062379900232,172062379904276,172062379904351,265650,93825186940240,4375639744,7,2732,1151,17145
172062388276037,172062388284594,172062388292300,172062388293317,172062388295026,172062388295081,265650,93825186940240,4375639744,7,2732,1151,17146
172062397522582,172062397533896,172062397542886,172062397543838,172062397548489,172062397548548,265650,93825186940240,4375639744,7,2732,1151,17147
172062406302458,172062406312079,172062406321160,172062406321918,172062406326509,172062406326577,265650,93825186940240,4375639744,7,2732,1151,17148
172062414968198,172062414977443,172062414985935,172062414986569,172062414990327,172062414990407,265650,93825186940240,4375639744,7,2732,1151,17149
172062424717054,172062424727369,172062424736569,172062424737679,172062424743168,172062424743241,265650,93825186940240,4375639744,7,2732,1151,17150
172062435795784,172062435808268,172062435818951,172062435823505,172062435828122,172062435828221,265650,93825186940240,4375639744,7,2732,1151,17151
172062444623262,172062444634334,172062444645204,172062444647456,172062444652262,172062444652345,265650,93825186940240,4375639744,7,2732,1151,17152
172062453773145,172062453783782,172062453794570,172062453796593,172062453800630,172062453800696,265650,93825186940240,4375639744,7,2732,1151,17153
172062463111523,172062463123433,172062463134702,172062463137242,172062463144473,172062463144552,265650,93825186940240,4375639744,7,2732,1151,17154
172062471436686,172062471448311,172062471459029,172062471461442,172062471468208,172062471468271,265650,93825186940240,4375639744,7,2732,1151,17155
172062479985671,172062479996210,172062480012226,172062480014095,172062480020706,172062480020760,265650,93825186940240,4375639744,7,2732,1151,17156
172062490796153,172062490807018,172062490818106,172062490820145,172062490823180,172062490823244,265650,93825186940240,4375639744,7,2732,1151,17157
172062499124430,172062499137001,172062499149761,172062499153049,172062499156609,172062499156695,265650,93825186940240,4375639744,7,2732,1151,17158
172062508112860,172062508124910,172062508134042,172062508135246,172062508138952,172062508139026,265650,93825186940240,4375639744,7,2732,1151,17159
172062516305436,172062516314221,172062516322606,172062516323680,172062516328338,172062516328405,265650,93825186940240,4375639744,7,2732,1151,17160
172062524700790,172062524713746,172062524724684,172062524725945,172062524731140,172062524731237,265650,93825186940240,4375639744,7,2732,1151,17161
172062533708782,172062533717782,172062533726130,172062533727029,172062533732306,172062533732380,265650,93825186940240,4375639744,7,2732,1151,17162
172062543383092,172062543392775,172062543401844,172062543402925,172062543408135,172062543408192,265650,93825186940240,4375639744,7,2732,1151,17163
172062554174440,172062554183578,172062554192414,172062554193551,172062554197644,172062554197715,265650,93825186940240,4375639744,7,2732,1151,17164
172062562666533,172062562676172,172062562685126,172062562685977,172062562690718,172062562690789,265650,93825186940240,4375639744,7,2732,1151,17165
172062571702725,172062571711235,172062571719255,172062571720110,172062571724613,172062571724676,265650,93825186940240,4375639744,7,2732,1151,17166
172062580257421,172062580267088,172062580275887,172062580276612,172062580281604,172062580281670,265650,93825186940240,4375639744,7,2732,1151,17167
172062589385092,172062589395115,172062589403987,172062589404834,172062589410178,172062589410239,265650,93825186940240,4375639744,7,2732,1151,17168
172062598651863,172062598668510,172062598680034,172062598682699,172062598687170,172062598687244,265650,93825186940240,4375639744,7,2732,1151,17169
172062607246901,172062607257969,172062607268605,172062607270712,172062607276697,172062607276741,265650,93825186940240,4375639744,7,2732,1151,17170
172062616805076,172062616816221,172062616827272,172062616829637,172062616836218,172062616836280,265650,93825186940240,4375639744,7,2732,1151,17171
172062625664919,172062625676222,172062625687191,172062625689183,172062625697260,172062625697318,265650,93825186940240,4375639744,7,2732,1151,17172
172062634487623,172062634505883,172062634518030,172062634520031,172062634526448,172062634526531,265650,93825186940240,4375639744,7,2732,1151,17173
172062643680810,172062643695812,172062643707051,172062643709340,172062643713697,172062643713757,265650,93825186940240,4375639744,7,2732,1151,17174
172062652765063,172062652776084,172062652787034,172062652788911,172062652794863,172062652794926,265650,93825186940240,4375639744,7,2732,1151,17175
172062661102026,172062661112781,172062661122848,172062661124735,172062661130659,172062661130716,265650,93825186940240,4375639744,7,2732,1151,17176
172062670413183,172062670424103,172062670434487,172062670436105,172062670441127,172062670441182,265650,93825186940240,4375639744,7,2732,1151,17177
172062679267769,172062679278366,172062679289539,172062679291244,172062679297392,172062679297448,265650,93825186940240,4375639744,7,2732,1151,17178
172062687832605,172062687843072,172062687853570,172062687855302,172062687861044,172062687861123,265650,93825186940240,4375639744,7,2732,1151,17179
172062696999523,172062697015265,172062697026231,172062697028642,172062697037496,172062697037557,265650,93825186940240,4375639744,7,2732,1151,17180
172062706713264,172062706726060,172062706735600,172062706736945,172062706739940,172062706740001,265650,93825186940240,4375639744,7,2732,1151,17181
172062715097039,172062715114339,172062715125242,172062715127745,172062715131666,172062715131764,265650,93825186940240,4375639744,7,2732,1151,17182
172062724322303,172062724333462,172062724344839,172062724347796,172062724353198,172062724353299,265650,93825186940240,4375639744,7,2732,1151,17183
172062733062764,172062733073580,172062733084323,172062733086235,172062733090752,172062733090836,265650,93825186940240,4375639744,7,2732,1151,17184
172062741372053,172062741384178,172062741394897,172062741397274,172062741404137,172062741404209,265650,93825186940240,4375639744,7,2732,1151,17185
172062751203831,172062751218797,172062751230942,172062751232560,172062751238184,172062751238238,265650,93825186940240,4375639744,7,2732,1151,17186
172062759516229,172062759525915,172062759535277,172062759536238,172062759541852,172062759541923,265650,93825186940240,4375639744,7,2732,1151,17187
172062767888464,172062767897367,172062767905820,172062767906716,172062767910933,172062767910999,265650,93825186940240,4375639744,7,2732,1151,17188
172062777087868,172062777099842,172062777110497,172062777112831,172062777117974,172062777118077,265650,93825186940240,4375639744,7,2732,1151,17189
172062786324794,172062786336816,172062786347640,172062786349656,172062786353209,172062786353296,265650,93825186940240,4375639744,7,2732,1151,17190
172062794889854,172062794918358,172062794929682,172062794931489,172062794936143,172062794936228,265650,93825186940240,4375639744,7,2732,1151,17191
172062803066844,172062803077828,172062803088680,172062803091161,172062803098091,172062803098188,265650,93825186940240,4375639744,7,2732,1151,17192
172062811547359,172062811557453,172062811566135,172062811567411,172062811569292,172062811569349,265650,93825186940240,4375639744,7,2732,1151,17193
172062820272590,172062820281463,172062820289668,172062820290624,172062820295812,172062820295878,265650,93825186940240,4375639744,7,2732,1151,17194
172062831596250,172062831605202,172062831613493,172062831614375,172062831619462,172062831619530,265650,93825186940240,4375639744,7,2732,1151,17195
172062839996533,172062840012233,172062840023596,172062840025038,172062840030832,172062840030927,265650,93825186940240,4375639744,7,2732,1151,17196
172062848242275,172062848254661,172062848265758,172062848266735,172062848271637,172062848271721,265650,93825186940240,4375639744,7,2732,1151,17197
172062856598653,172062856607850,172062856615666,172062856616361,172062856621036,172062856621224,265650,93825186940240,4375639744,7,2732,1151,17198
172062868081071,172062868090056,172062868099144,172062868100193,172062868105552,172062868105614,265650,93825186940240,4375639744,7,2732,1151,17199
172062876509592,172062876526591,172062876537734,172062876540562,172062876543974,172062876544057,265650,93825186940240,4375639744,7,2732,1151,17200
172062885765058,172062885776527,172062885788212,172062885791309,172062885795362,172062885795444,265650,93825186940240,4375639744,7,2732,1151,17201
172062894107075,172062894118357,172062894128664,172062894130705,172062894136662,172062894136742,265650,93825186940240,4375639744,7,2732,1151,17202
172062902436202,172062902447957,172062902458848,172062902461087,172062902467202,172062902467292,265650,93825186940240,4375639744,7,2732,1151,17203
172062910824210,172062910840204,172062910852624,172062910854126,172062910860924,172062910861018,265650,93825186940240,4375639744,7,2732,1151,17204
172062919744418,172062919753335,172062919761535,172062919762803,172062919765457,172062919765521,265650,93825186940240,4375639744,7,2732,1151,17205
172062928705910,172062928720316,172062928731934,172062928733364,172062928739397,172062928739503,265650,93825186940240,4375639744,7,2732,1151,17206
172062939503576,172062939514072,172062939523569,172062939524759,172062939529737,172062939529815,265650,93825186940240,4375639744,7,2732,1151,17207
172062947921468,172062947933090,172062947945603,172062947950768,172062947959669,172062947959770,265650,93825186940240,4375639744,7,2732,1151,17208
172062956147893,172062956159087,172062956169271,172062956171346,172062956177533,172062956177598,265650,93825186940240,4375639744,7,2732,1151,17209
172062964526369,172062964537184,172062964547470,172062964549132,172062964555531,172062964555598,265650,93825186940240,4375639744,7,2732,1151,17210
172062973814822,172062973826847,172062973836627,172062973838212,172062973842000,172062973842071,265650,93825186940240,4375639744,7,2732,1151,17211
172062982318598,172062982327779,172062982336537,172062982337767,172062982343395,172062982343455,265650,93825186940240,4375639744,7,2732,1151,17212
172062994204997,172062994215195,172062994224354,172062994225330,172062994231242,172062994231313,265650,93825186940240,4375639744,7,2732,1151,17213
172063002480574,172063002489627,172063002498317,172063002500354,172063002504889,172063002504950,265650,93825186940240,4375639744,7,2732,1151,17214
172063011211346,172063011222706,172063011233331,172063011234317,172063011239899,172063011239967,265650,93825186940240,4375639744,7,2732,1151,17215
172063020599232,172063020608101,172063020616217,172063020617043,172063020618828,172063020618892,265650,93825186940240,4375639744,7,2732,1151,17216
172063030090022,172063030098958,172063030107515,172063030108725,172063030115312,172063030115370,265650,93825186940240,4375639744,7,2732,1151,17217
172063038392107,172063038402597,172063038411885,172063038413604,172063038419025,172063038419093,265650,93825186940240,4375639744,7,2732,1151,17218
172063048699568,172063048709144,172063048718687,172063048720610,172063048727468,172063048727537,265650,93825186940240,4375639744,7,2732,1151,17219
172063058112572,172063058122432,172063058131072,172063058131737,172063058135920,172063058135981,265650,93825186940240,4375639744,7,2732,1151,17220
172063067068989,172063067079436,172063067088233,172063067088872,172063067092911,172063067092978,265650,93825186940240,4375639744,7,2732,1151,17221
172063076354702,172063076370485,172063076381877,172063076385000,172063076387813,172063076387886,265650,93825186940240,4375639744,7,2732,1151,17222
172063085484532,172063085496452,172063085507418,172063085509402,172063085513668,172063085513753,265650,93825186940240,4375639744,7,2732,1151,17223
172063094249414,172063094260466,172063094270766,172063094272651,172063094276813,172063094276887,265650,93825186940240,4375639744,7,2732,1151,17224
172063103856350,172063103867178,172063103877896,172063103879672,172063103884012,172063103884078,265650,93825186940240,4375639744,7,2732,1151,17225
172063112995318,172063113047025,172063113059419,172063113060522,172063113066810,172063113066890,265650,93825186940240,4375639744,7,2732,1151,17226
172063121316981,172063121326867,172063121335797,172063121336673,172063121338966,172063121339024,265650,93825186940240,4375639744,7,2732,1151,17227
172063129978713,172063129988636,172063129997595,172063129998361,172063130005049,172063130005114,265650,93825186940240,4375639744,7,2732,1151,17228
172063139321675,172063139330849,172063139340059,172063139342204,172063139348575,172063139348640,265650,93825186940240,4375639744,7,2732,1151,17229
172063148121930,172063148131004,172063148139095,172063148140552,172063148146348,172063148146411,265650,93825186940240,4375639744,7,2732,1151,17230
172063157653100,172063157663503,172063157672977,172063157674761,172063157681760,172063157681833,265650,93825186940240,4375639744,7,2732,1151,17231
172063166665464,172063166676107,172063166685636,172063166687167,172063166695532,172063166695601,265650,93825186940240,4375639744,7,2732,1151,17232
172063175739279,172063175749291,172063175758696,172063175759945,172063175764876,172063175764945,265650,93825186940240,4375639744,7,2732,1151,17233
172063184471352,172063184480000,172063184487913,172063184488822,172063184494931,172063184494992,265650,93825186940240,4375639744,7,2732,1151,17234
172063194415802,172063194427621,172063194438611,172063194439300,172063194442189,172063194442268,265650,93825186940240,4375639744,7,2732,1151,17235
172063203279910,172063203290040,172063203298845,172063203299561,172063203303526,172063203303584,265650,93825186940240,4375639744,7,2732,1151,17236
172063212248391,172063212260142,172063212270920,172063212271615,172063212275594,172063212275660,265650,93825186940240,4375639744,7,2732,1151,17237
172063221586785,172063221596346,172063221605063,172063221605589,172063221609591,172063221609660,265650,93825186940240,4375639744,7,2732,1151,17238
172063230300139,172063230308876,172063230317127,172063230318115,172063230323840,172063230323894,265650,93825186940240,4375639744,7,2732,1151,17239
172063240463458,172063240472266,172063240480307,172063240481647,172063240484769,172063240484822,265650,93825186940240,4375639744,7,2732,1151,17240
172063250494352,172063250503515,172063250512174,172063250512822,172063250517530,172063250517585,265650,93825186940240,4375639744,7,2732,1151,17241
172063259008074,172063259017912,172063259026882,172063259027633,172063259032138,172063259032194,265650,93825186940240,4375639744,7,2732,1151,17242
172063267925038,172063267934360,172063267942132,172063267942920,172063267946673,172063267946731,265650,93825186940240,4375639744,7,2732,1151,17243
172063276844509,172063276854927,172063276864178,172063276865774,172063276870361,172063276870432,265650,93825186940240,4375639744,7,2732,1151,17244
172063285124658,172063285133581,172063285141809,172063285143102,172063285149244,172063285149303,265650,93825186940240,4375639744,7,2732,1151,17245
172063295514646,172063295523728,172063295532270,172063295533042,172063295537002,172063295537062,265650,93825186940240,4375639744,7,2732,1151,17246
172063303806848,172063303814867,172063303822275,172063303822963,172063303826762,172063303826811,265650,93825186940240,4375639744,7,2732,1151,17247
172063312384764,172063312396181,172063312406659,172063312407436,172063312411730,172063312411819,265650,93825186940240,4375639744,7,2732,1151,17248
172063321131000,172063321140486,172063321148341,172063321148910,172063321153578,172063321153631,265650,93825186940240,4375639744,7,2732,1151,17249
172063329911252,172063329923435,172063329932181,172063329933137,172063329935955,172063329936018,265650,93825186940240,4375639744,7,2732,1151,17250
172063340138762,172063340147397,172063340155547,172063340157051,172063340162786,172063340162838,265650,93825186940240,4375639744,7,2732,1151,17251
172063348546668,172063348558366,172063348569135,172063348570025,172063348576064,172063348576148,265650,93825186940240,4375639744,7,2732,1151,17252
172063357414173,172063357425766,172063357435006,172063357435936,172063357441259,172063357441317,265650,93825186940240,4375639744,7,2732,1151,17253
172063366347822,172063366360016,172063366370693,172063366371464,172063366376000,172063366376066,265650,93825186940240,4375639744,7,2732,1151,17254
172063376013307,172063376024838,172063376033316,172063376034135,172063376038021,172063376038089,265650,93825186940240,4375639744,7,2732,1151,17255
172063385387793,172063385406075,172063385417737,172063385420915,172063385426167,172063385426237,265650,93825186940240,4375639744,7,2732,1151,17256
172063394680328,172063394691526,172063394703171,172063394705843,172063394711305,172063394711397,265650,93825186940240,4375639744,7,2732,1151,17257
172063403946839,172063403958236,172063403968898,172063403971041,172063403977328,172063403977391,265650,93825186940240,4375639744,7,2732,1151,17258
172063413769397,172063413780270,172063413791125,172063413792782,172063413798694,172063413798756,265650,93825186940240,4375639744,7,2732,1151,17259
172063422306497,172063422318187,172063422328809,172063422331050,172063422337346,172063422337412,265650,93825186940240,4375639744,7,2732,1151,17260
172063430913750,172063430924727,172063430935357,172063430937340,172063430942909,172063430942971,265650,93825186940240,4375639744,7,2732,1151,17261
172063442244765,172063442255382,172063442265635,172063442267687,172063442274465,172063442274521,265650,93825186940240,4375639744,7,2732,1151,17262
172063450931115,172063450942964,172063450953959,172063450955903,172063450960819,172063450960887,265650,93825186940240,4375639744,7,2732,1151,17263
172063460285170,172063460301055,172063460313830,172063460315777,172063460321694,172063460321785,265650,93825186940240,4375639744,7,2732,1151,17264
172063469602969,172063469611781,172063469620089,172063469621186,172063469626602,172063469626662,265650,93825186940240,4375639744,7,2732,1151,17265
172063478605615,172063478614200,172063478622251,172063478623265,172063478629608,172063478629672,265650,93825186940240,4375639744,7,2732,1151,17266
172063487215354,172063487224008,172063487232282,172063487233495,172063487238154,172063487238221,265650,93825186940240,4375639744,7,2732,1151,17267
172063495569039,172063495577508,172063495585701,172063495586573,172063495591652,172063495591707,265650,93825186940240,4375639744,7,2732,1151,17268
172063503844090,172063503852259,172063503859936,172063503860523,172063503863387,172063503863439,265650,93825186940240,4375639744,7,2732,1151,17269
172063512443374,172063512452895,172063512461731,172063512462596,172063512467429,172063512467491,265650,93825186940240,4375639744,7,2732,1151,17270
172063522195370,172063522205609,172063522214889,172063522216114,172063522220873,172063522220952,265650,93825186940240,4375639744,7,2732,1151,17271
172063531171076,172063531193050,172063531203792,172063531206744,172063531210875,172063531210958,265650,93825186940240,4375639744,7,2732,1151,17272
172063539961917,172063539972801,172063539983101,172063539984992,172063539990963,172063539991019,265650,93825186940240,4375639744,7,2732,1151,17273
172063551146890,172063551158743,172063551169883,172063551172016,172063551176899,172063551177002,265650,93825186940240,4375639744,7,2732,1151,17274
172063559520540,172063559533351,172063559545054,172063559548074,172063559553501,172063559553560,265650,93825186940240,4375639744,7,2732,1151,17275
172063568352556,172063568363356,172063568373637,172063568375372,172063568379510,172063568379571,265650,93825186940240,4375639744,7,2732,1151,17276
172063577641391,172063577653526,172063577664708,172063577667592,172063577671552,172063577671651,265650,93825186940240,4375639744,7,2732,1151,17277
172063586627561,172063586641286,172063586652718,172063586655206,172063586659290,172063586659354,265650,93825186940240,4375639744,7,2732,1151,17278
172063596375425,172063596393048,172063596405403,172063596407141,172063596412067,172063596412157,265650,93825186940240,4375639744,7,2732,1151,17279
172063605547818,172063605564688,172063605576439,172063605579113,172063605585365,172063605585470,265650,93825186940240,4375639744,7,2732,1151,17280
172063615336528,172063615345600,172063615354234,172063615355865,172063615360916,172063615360983,265650,93825186940240,4375639744,7,2732,1151,17281
172063624346992,172063624356761,172063624365025,172063624365793,172063624370296,172063624370361,265650,93825186940240,4375639744,7,2732,1151,17282
172063633686327,172063633699366,172063633708705,172063633709715,172063633714227,172063633714300,265650,93825186940240,4375639744,7,2732,1151,17283
172063642072315,172063642117812,172063642128694,172063642129906,172063642135828,172063642135916,265650,93825186940240,4375639744,7,2732,1151,17284
172063650255681,172063650264505,172063650272651,172063650273652,172063650278360,172063650278425,265650,93825186940240,4375639744,7,2732,1151,17285
172063661085713,172063661094552,172063661102990,172063661103925,172063661108179,172063661108354,265650,93825186940240,4375639744,7,2732,1151,17286
172063669349719,172063669366758,172063669378135,172063669380611,172063669384052,172063669384117,265650,93825186940240,4375639744,7,2732,1151,17287
172063678703220,172063678714180,172063678724679,172063678726609,172063678731274,172063678731350,265650,93825186940240,4375639744,7,2732,1151,17288
172063687975095,172063687985947,172063687996267,172063687997847,172063688010692,172063688010774,265650,93825186940240,4375639744,7,2732,1151,17289
172063696813589,172063696824415,172063696834930,172063696836742,172063696843266,172063696843328,265650,93825186940240,4375639744,7,2732,1151,17290
172063706657196,172063706666205,172063706675071,172063706677191,172063706683113,172063706683177,265650,93825186940240,4375639744,7,2732,1151,17291
172063714979504,172063714988840,172063714997314,172063714998577,172063715006772,172063715006843,265650,93825186940240,4375639744,7,2732,1151,17292
172063723343846,172063723366939,172063723378370,172063723381162,172063723387573,172063723387649,265650,93825186940240,4375639744,7,2732,1151,17293
172063734298860,172063734310521,172063734320908,172063734323465,172063734329858,172063734329936,265650,93825186940240,4375639744,7,2732,1151,17294
172063743522848,172063743532497,172063743541897,172063743544056,172063743550469,172063743550542,265650,93825186940240,4375639744,7,2732,1151,17295
172063751936972,172063751951715,172063751963925,172063751965836,172063751970800,172063751970923,265650,93825186940240,4375639744,7,2732,1151,17296
172063760848690,172063760866198,172063760878511,172063760881514,172063760885968,172063760886067,265650,93825186940240,4375639744,7,2732,1151,17297
172063769892773,172063769904052,172063769915183,172063769917266,172063769922154,172063769922235,265650,93825186940240,4375639744,7,2732,1151,17298
172063779385742,172063779397116,172063779409157,172063779412017,172063779417201,172063779417288,265650,93825186940240,4375639744,7,2732,1151,17299
172063788449554,172063788460324,172063788470965,172063788472744,172063788476607,172063788476666,265650,93825186940240,4375639744,7,2732,1151,17300
172063796858446,172063796869463,172063796880855,172063796883801,172063796889538,172063796889604,265650,93825186940240,4375639744,7,2732,1151,17301
172063805545928,172063805556825,172063805567203,172063805568822,172063805572920,172063805573000,265650,93825186940240,4375639744,7,2732,1151,17302
172063815370563,172063815381992,172063815393092,172063815395698,172063815400837,172063815400895,265650,93825186940240,4375639744,7,2732,1151,17303
172063825398795,172063825409697,172063825420348,172063825422153,172063825426291,172063825426355,265650,93825186940240,4375639744,7,2732,1151,17304
172063834396469,172063834407518,172063834417862,172063834419499,172063834422309,172063834422373,265650,93825186940240,4375639744,7,2732,1151,17305
172063844269232,172063844286202,172063844296115,172063844297616,172063844304810,172063844304876,265650,93825186940240,4375639744,7,2732,1151,17306
172063853234178,172063853242957,172063853251239,172063853252746,172063853257470,172063853257534,265650,93825186940240,4375639744,7,2732,1151,17307
172063861601119,172063861610358,172063861618466,172063861619661,172063861624402,172063861624471,265650,93825186940240,4375639744,7,2732,1151,17308
172063870407590,172063870416224,172063870424427,172063870425665,172063870430078,172063870430144,265650,93825186940240,4375639744,7,2732,1151,17309
172063881499029,172063881511125,172063881522401,172063881525006,172063881529920,172063881530029,265650,93825186940240,4375639744,7,2732,1151,17310
172063889846219,172063889858108,172063889869286,172063889872091,172063889877975,172063889878063,265650,93825186940240,4375639744,7,2732,1151,17311
172063899348686,172063899359543,172063899369790,172063899371731,172063899376171,172063899376238,265650,93825186940240,4375639744,7,2732,1151,17312
172063908578988,172063908589805,172063908600838,172063908603955,172063908609360,172063908609429,265650,93825186940240,4375639744,7,2732,1151,17313
172063917377105,172063917388079,172063917398944,172063917400691,172063917404328,172063917404381,265650,93825186940240,4375639744,7,2732,1151,17314
172063926678249,172063926688959,172063926700005,172063926702729,172063926707584,172063926707645,265650,93825186940240,4375639744,7,2732,1151,17315
172063935297924,172063935310080,172063935324777,172063935326771,172063935329636,172063935329703,265650,93825186940240,4375639744,7,2732,1151,17316
172063943844824,172063943857490,172063943867298,172063943868790,172063943873967,172063943874045,265650,93825186940240,4375639744,7,2732,1151,17317
172063954138211,172063954147506,172063954156020,172063954157120,172063954162006,172063954162072,265650,93825186940240,4375639744,7,2732,1151,17318
172063962473845,172063962483094,172063962491471,172063962492898,172063962498321,172063962498389,265650,93825186940240,4375639744,7,2732,1151,17319
172063972518201,172063972527286,172063972536060,172063972537940,172063972544451,172063972544509,265650,93825186940240,4375639744,7,2732,1151,17320
172063981816989,172063981826181,172063981834221,172063981835674,172063981840409,172063981840472,265650,93825186940240,4375639744,7,2732,1151,17321
172063990878170,172063990888207,172063990897190,172063990898050,172063990902789,172063990902863,265650,93825186940240,4375639744,7,2732,1151,17322
172063999936982,172063999945824,172063999954564,172063999955601,172063999960642,172063999960702,265650,93825186940240,4375639744,7,2732,1151,17323
172064009097720,172064009107323,172064009116425,172064009117207,172064009121012,172064009121081,265650,93825186940240,4375639744,7,2732,1151,17324
172064019545297,172064019553941,172064019561881,172064019562873,172064019567318,172064019567378,265650,93825186940240,4375639744,7,2732,1151,17325
172064028238587,172064028247150,172064028255278,172064028256033,172064028260012,172064028260071,265650,93825186940240,4375639744,7,2732,1151,17326
172064037532593,172064037541949,172064037550592,172064037551512,172064037554251,172064037554321,265650,93825186940240,4375639744,7,2732,1151,17327
172064046830162,172064046839428,172064046848497,172064046849357,172064046854919,172064046854994,265650,93825186940240,4375639744,7,2732,1151,17328
172064055477420,172064055486298,172064055494508,172064055495371,172064055499740,172064055499799,265650,93825186940240,4375639744,7,2732,1151,17329
172064064852954,172064064862457,172064064871320,172064064872224,172064064876552,172064064876619,265650,93825186940240,4375639744,7,2732,1151,17330
172064074244819,172064074253959,172064074262887,172064074263819,172064074268241,172064074268312,265650,93825186940240,4375639744,7,2732,1151,17331
172064082661468,172064082670188,172064082678355,172064082679113,172064082683177,172064082683261,265650,93825186940240,4375639744,7,2732,1151,17332
172064092460439,172064092469290,172064092477379,172064092478125,172064092482116,172064092482169,265650,93825186940240,4375639744,7,2732,1151,17333
172064101493010,172064101501792,172064101509765,172064101510389,172064101522270,172064101522326,265650,93825186940240,4375639744,7,2732,1151,17334
172064110077968,172064110090187,172064110101308,172064110102349,172064110107253,172064110107334,265650,93825186940240,4375639744,7,2732,1151,17335
172064118647700,172064118656301,172064118664847,172064118666094,172064118672217,172064118672278,265650,93825186940240,4375639744,7,2732,1151,17336
172064128203899,172064128213436,172064128222368,172064128223115,172064128226817,172064128226886,265650,93825186940240,4375639744,7,2732,1151,17337
172064137090093,172064137098783,172064137106797,172064137107712,172064137112235,172064137112293,265650,93825186940240,4375639744,7,2732,1151,17338
172064146260750,172064146275549,172064146286652,172064146289226,172064146295938,172064146296045,265650,93825186940240,4375639744,7,2732,1151,17339
172064155634260,172064155645569,172064155656110,172064155658201,172064155662525,172064155662611,265650,93825186940240,4375639744,7,2732,1151,17340
172064164589887,172064164601424,172064164612594,172064164615444,172064164620137,172064164620226,265650,93825186940240,4375639744,7,2732,1151,17341
172064173271235,172064173282316,172064173293342,172064173295169,172064173302122,172064173302194,265650,93825186940240,4375639744,7,2732,1151,17342
172064184024091,172064184035722,172064184046316,172064184048276,172064184055335,172064184055397,265650,93825186940240,4375639744,7,2732,1151,17343
172064192307441,172064192318140,172064192328545,172064192330562,172064192337476,172064192337537,265650,93825186940240,4375639744,7,2732,1151,17344
172064201437249,172064201448305,172064201458891,172064201460666,172064201466529,172064201466595,265650,93825186940240,4375639744,7,2732,1151,17345
172064210868636,172064210879433,172064210889942,172064210892016,172064210896485,172064210896545,265650,93825186940240,4375639744,7,2732,1151,17346
172064219522600,172064219533413,172064219543936,172064219545900,172064219552473,172064219552545,265650,93825186940240,4375639744,7,2732,1151,17347
172064228083290,172064228095791,172064228104714,172064228106071,172064228108152,172064228108207,265650,93825186940240,4375639744,7,2732,1151,17348
172064237013501,172064237022172,172064237030567,172064237031719,172064237035296,172064237035348,265650,93825186940240,4375639744,7,2732,1151,17349
172064245506142,172064245517547,172064245529083,172064245531895,172064245539341,172064245539422,265650,93825186940240,4375639744,7,2732,1151,17350
172064256521281,172064256532402,172064256542842,172064256545468,172064256549106,172064256549184,265650,93825186940240,4375639744,7,2732,1151,17351
172064265204169,172064265215164,172064265226485,172064265228388,172064265234456,172064265234539,265650,93825186940240,4375639744,7,2732,1151,17352
172064274024764,172064274044682,172064274057237,172064274059006,172064274065900,172064274065991,265650,93825186940240,4375639744,7,2732,1151,17353
172064283430821,172064283439529,172064283447418,172064283448286,172064283452682,172064283452741,265650,93825186940240,4375639744,7,2732,1151,17354
172064292308655,172064292318251,172064292326700,172064292327446,172064292332135,172064292332184,265650,93825186940240,4375639744,7,2732,1151,17355
172064301053692,172064301062095,172064301070041,172064301070639,172064301074662,172064301074724,265650,93825186940240,4375639744,7,2732,1151,17356
172064310414367,172064310423772,172064310432564,172064310433243,172064310438095,172064310438180,265650,93825186940240,4375639744,7,2732,1151,17357
172064319624573,172064319632735,172064319640517,172064319641119,172064319644813,172064319644866,265650,93825186940240,4375639744,7,2732,1151,17358
172064328529696,172064328537888,172064328545512,172064328546306,172064328551056,172064328551108,265650,93825186940240,4375639744,7,2732,1151,17359
172064337961228,172064337970157,172064337978518,172064337980439,172064337985870,172064337985923,265650,93825186940240,4375639744,7,2732,1151,17360
172064347225747,172064347237188,172064347246304,172064347247184,172064347251673,172064347251735,265650,93825186940240,4375639744,7,2732,1151,17361
172064355749551,172064355757598,172064355765054,172064355765768,172064355770491,172064355770538,265650,93825186940240,4375639744,7,2732,1151,17362
172064365579124,172064365591595,172064365600159,172064365601215,172064365603927,172064365604005,265650,93825186940240,4375639744,7,2732,1151,17363
172064374525800,172064374534174,172064374542018,172064374542645,172064374546066,172064374546118,265650,93825186940240,4375639744,7,2732,1151,17364
172064383441859,172064383453708,172064383464667,172064383465637,172064383470143,172064383470218,265650,93825186940240,4375639744,7,2732,1151,17365
172064392583366,172064392591867,172064392599758,172064392600589,172064392604823,172064392604877,265650,93825186940240,4375639744,7,2732,1151,17366
172064401616177,172064401624871,172064401633101,172064401633770,172064401637228,172064401637284,265650,93825186940240,4375639744,7,2732,1151,17367
172064410259565,172064410275579,172064410287001,172064410289525,172064410292063,172064410292138,265650,93825186940240,4375639744,7,2732,1151,17368
172064419579289,172064419590467,172064419600882,172064419602750,172064419606466,172064419606544,265650,93825186940240,4375639744,7,2732,1151,17369
172064428736766,172064428747486,172064428757548,172064428759261,172064428762503,172064428762561,265650,93825186940240,4375639744,7,2732,1151,17370
172064437763490,172064437774280,172064437784893,172064437787169,172064437790473,172064437790539,265650,93825186940240,4375639744,7,2732,1151,17371
172064446948488,172064446959738,172064446970288,172064446972453,172064446975332,172064446975399,265650,93825186940240,4375639744,7,2732,1151,17372
172064456178744,172064456190433,172064456201620,172064456203911,172064456208649,172064456208739,265650,93825186940240,4375639744,7,2732,1151,17373
172064464544787,172064464555901,172064464567220,172064464570887,172064464574731,172064464574788,265650,93825186940240,4375639744,7,2732,1151,17374
172064474013328,172064474024646,172064474035052,172064474036895,172064474040275,172064474040349,265650,93825186940240,4375639744,7,2732,1151,17375
172064483073577,172064483084326,172064483094772,172064483096916,172064483100393,172064483100455,265650,93825186940240,4375639744,7,2732,1151,17376
172064491988017,172064491999033,172064492023687,172064492026522,172064492029987,172064492030054,265650,93825186940240,4375639744,7,2732,1151,17377
172064500898843,172064500909669,172064500921223,172064500924315,172064500927613,172064500927681,265650,93825186940240,4375639744,7,2732,1151,17378
172064510023714,172064510048465,172064510061654,172064510063571,172064510074300,172064510074384,265650,93825186940240,4375639744,7,2732,1151,17379
172064518608570,172064518624661,172064518635506,172064518638209,172064518641074,172064518641157,265650,93825186940240,4375639744,7,2732,1151,17380
172064527942277,172064527954388,172064527965282,172064527967655,172064527970518,172064527970597,265650,93825186940240,4375639744,7,2732,1151,17381
172064536916628,172064536927711,172064536938823,172064536940676,172064536943795,172064536943853,265650,93825186940240,4375639744,7,2732,1151,17382
172064545694349,172064545705081,172064545715464,172064545717589,172064545720505,172064545720559,265650,93825186940240,4375639744,7,2732,1151,17383
172064555186833,172064555203901,172064555216638,172064555218967,172064555228256,172064555228345,265650,93825186940240,4375639744,7,2732,1151,17384
172064564369733,172064564385487,172064564396627,172064564399276,172064564401672,172064564401732,265650,93825186940240,4375639744,7,2732,1151,17385
172064572993351,172064573007429,172064573017851,172064573019798,172064573023121,172064573023203,265650,93825186940240,4375639744,7,2732,1151,17386
172064581900554,172064581911775,172064581922191,172064581924220,172064581927044,172064581927113,265650,93825186940240,4375639744,7,2732,1151,17387
172064590759001,172064590769555,172064590780174,172064590781752,172064590784717,172064590784789,265650,93825186940240,4375639744,7,2732,1151,17388
172064599387843,172064599398997,172064599410610,172064599413532,172064599416978,172064599417043,265650,93825186940240,4375639744,7,2732,1151,17389
172064608463814,172064608474497,172064608485307,172064608487123,172064608490230,172064608490305,265650,93825186940240,4375639744,7,2732,1151,17390
172064617414667,172064617425494,172064617436447,172064617438063,172064617441247,172064617441310,265650,93825186940240,4375639744,7,2732,1151,17391
172064625761568,172064625772233,172064625782292,172064625784057,172064625789725,172064625789789,265650,93825186940240,4375639744,7,2732,1151,17392
172064634871453,172064634882230,172064634892752,172064634894451,172064634898351,172064634898407,265650,93825186940240,4375639744,7,2732,1151,17393
172064644263264,172064644280841,172064644293232,172064644295021,172064644302830,172064644302924,265650,93825186940240,4375639744,7,2732,1151,17394
172064652674634,172064652683865,172064652691735,172064652693053,172064652697859,172064652697918,265650,93825186940240,4375639744,7,2732,1151,17395
172064661096071,172064661105705,172064661114903,172064661115869,172064661121087,172064661121152,265650,93825186940240,4375639744,7,2732,1151,17396
172064671005118,172064671013798,172064671021996,172064671022880,172064671027502,172064671027566,265650,93825186940240,4375639744,7,2732,1151,17397
172064679271346,172064679279922,172064679287692,172064679288257,172064679292502,172064679292566,265650,93825186940240,4375639744,7,2732,1151,17398
172064688177624,172064688186835,172064688194677,172064688195420,172064688199539,172064688199601,265650,93825186940240,4375639744,7,2732,1151,17399
172064697197436,172064697212984,172064697224112,172064697226598,172064697229473,172064697229559,265650,93825186940240,4375639744,7,2732,1151,17400
172064705742258,172064705754057,172064705765207,172064705767468,172064705771395,172064705771477,265650,93825186940240,4375639744,7,2732,1151,17401
172064714500089,172064714510733,172064714519936,172064714521539,172064714524379,172064714524436,265650,93825186940240,4375639744,7,2732,1151,17402
172064724061834,172064724073606,172064724085592,172064724088772,172064724093565,172064724093672,265650,93825186940240,4375639744,7,2732,1151,17403
172064732784703,172064732795572,172064732805935,172064732807745,172064732812280,172064732812343,265650,93825186940240,4375639744,7,2732,1151,17404
172064741894523,172064741905422,172064741916383,172064741918995,172064741924661,172064741924728,265650,93825186940240,4375639744,7,2732,1151,17405
172064751607559,172064751618776,172064751629590,172064751632073,172064751636504,172064751636591,265650,93825186940240,4375639744,7,2732,1151,17406
172064759923228,172064759934454,172064759945126,172064759947165,172064759953678,172064759953742,265650,93825186940240,4375639744,7,2732,1151,17407
172064768262615,172064768273605,172064768284230,172064768286406,172064768292813,172064768292885,265650,93825186940240,4375639744,7,2732,1151,17408
172064776595604,172064776607504,172064776618386,172064776620326,172064776625714,172064776625781,265650,93825186940240,4375639744,7,2732,1151,17409
172064784983431,172064784994759,172064785009234,172064785010857,172064785016161,172064785016228,265650,93825186940240,4375639744,7,2732,1151,17410
172064793618308,172064793629658,172064793640762,172064793643627,172064793646909,172064793646967,265650,93825186940240,4375639744,7,2732,1151,17411
172064802423954,172064802434662,172064802445016,172064802446535,172064802452364,172064802452430,265650,93825186940240,4375639744,7,2732,1151,17412
172064813369214,172064813381183,172064813392849,172064813394816,172064813401081,172064813401167,265650,93825186940240,4375639744,7,2732,1151,17413
172064821715803,172064821727021,172064821738137,172064821740380,172064821745485,172064821745593,265650,93825186940240,4375639744,7,2732,1151,17414
172064830437211,172064830448545,172064830459179,172064830461311,172064830466509,172064830466576,265650,93825186940240,4375639744,7,2732,1151,17415
172064838789208,172064838799900,172064838809868,172064838811655,172064838817177,172064838817241,265650,93825186940240,4375639744,7,2732,1151,17416
172064847120906,172064847131571,172064847141849,172064847143535,172064847148692,172064847148854,265650,93825186940240,4375639744,7,2732,1151,17417
172064856183921,172064856194704,172064856203666,172064856205184,172064856209632,172064856209697,265650,93825186940240,4375639744,7,2732,1151,17418
172064865133508,172064865142821,172064865151377,172064865152533,172064865158687,172064865158749,265650,93825186940240,4375639744,7,2732,1151,17419
172064874338190,172064874347794,172064874356268,172064874356978,172064874362067,172064874362121,265650,93825186940240,4375639744,7,2732,1151,17420
172064883651918,172064883661847,172064883670905,172064883671927,172064883677207,172064883677257,265650,93825186940240,4375639744,7,2732,1151,17421
172064892369802,172064892381402,172064892392091,172064892393266,172064892398499,172064892398574,265650,93825186940240,4375639744,7,2732,1151,17422
172064902182838,172064902191546,172064902199290,172064902200245,172064902204336,172064902204385,265650,93825186940240,4375639744,7,2732,1151,17423
172064912339723,172064912349880,172064912359437,172064912360500,172064912364715,172064912364791,265650,93825186940240,4375639744,7,2732,1151,17424
172064921320139,172064921330651,172064921339905,172064921340650,172064921345738,172064921345813,265650,93825186940240,4375639744,7,2732,1151,17425
172064930256978,172064930268639,172064930276678,172064930277318,172064930282075,172064930282135,265650,93825186940240,4375639744,7,2732,1151,17426
172064939153722,172064939162289,172064939170218,172064939170840,172064939174322,172064939174389,265650,93825186940240,4375639744,7,2732,1151,17427
172064948019218,172064948030709,172064948041128,172064948041912,172064948045812,172064948045904,265650,93825186940240,4375639744,7,2732,1151,17428
172064957419957,172064957429429,172064957438113,172064957439083,172064957442859,172064957442918,265650,93825186940240,4375639744,7,2732,1151,17429
172064966573910,172064966583801,172064966592574,172064966593190,172064966596662,172064966596714,265650,93825186940240,4375639744,7,2732,1151,17430
172064975322212,172064975333558,172064975344244,172064975345196,172064975349170,172064975349233,265650,93825186940240,4375639744,7,2732,1151,17431
172064983886097,172064983894930,172064983922866,172064983923865,172064983926942,172064983926995,265650,93825186940240,4375639744,7,2732,1151,17432
172064992979404,172064993017669,172064993026985,172064993027736,172064993032595,172064993032657,265650,93825186940240,4375639744,7,2732,1151,17433
172065001441842,172065001450944,172065001479284,172065001480057,172065001484535,172065001484592,265650,93825186940240,4375639744,7,2732,1151,17434
172065013239854,172065013249137,172065013257459,172065013258306,172065013262730,172065013262786,265650,93825186940240,4375639744,7,2732,1151,17435
172065021535005,172065021544323,172065021552471,172065021553250,172065021558933,172065021558991,265650,93825186940240,4375639744,7,2732,1151,17436
172065030025336,172065030035296,172065030044523,172065030045443,172065030049093,172065030049148,265650,93825186940240,4375639744,7,2732,1151,17437
172065039523997,172065039539925,172065039551094,172065039553527,172065039556477,172065039556547,265650,93825186940240,4375639744,7,2732,1151,17438
172065048805984,172065048817186,172065048828116,172065048830010,172065048834916,172065048835013,265650,93825186940240,4375639744,7,2732,1151,17439
172065057516136,172065057527075,172065057537769,172065057539565,172065057543197,172065057543267,265650,93825186940240,4375639744,7,2732,1151,17440
172065066909267,172065066920249,172065066931066,172065066932878,172065066937125,172065066937184,265650,93825186940240,4375639744,7,2732,1151,17441
172065075993255,172065076011258,172065076023364,172065076026057,172065076031577,172065076031645,265650,93825186940240,4375639744,7,2732,1151,17442
172065084878101,172065084888141,172065084896775,172065084898340,172065084903309,172065084903368,265650,93825186940240,4375639744,7,2732,1151,17443
172065094531179,172065094539442,172065094546976,172065094547663,172065094550938,172065094550999,265650,93825186940240,4375639744,7,2732,1151,17444
172065104438003,172065104447387,172065104455990,172065104456724,172065104460680,172065104460749,265650,93825186940240,4375639744,7,2732,1151,17445
172065112878868,172065112887691,172065112895542,172065112896460,172065112900814,172065112900880,265650,93825186940240,4375639744,7,2732,1151,17446
172065121760351,172065121769121,172065121777717,172065121779758,172065121782760,172065121782825,265650,93825186940240,4375639744,7,2732,1151,17447
172065130458652,172065130467245,172065130475193,172065130476299,172065130481156,172065130481220,265650,93825186940240,4375639744,7,2732,1151,17448
172065139651026,172065139659847,172065139667922,172065139668836,172065139672987,172065139673054,265650,93825186940240,4375639744,7,2732,1151,17449
172065148616608,172065148628699,172065148637801,172065148638799,172065148643718,172065148643793,265650,93825186940240,4375639744,7,2732,1151,17450
172065157255629,172065157272912,172065157284720,172065157286456,172065157291792,172065157291870,265650,93825186940240,4375639744,7,2732,1151,17451
172065166201501,172065166217835,172065166229097,172065166231678,172065166234051,172065166234136,265650,93825186940240,4375639744,7,2732,1151,17452
172065174988993,172065175006793,172065175017886,172065175019878,172065175023948,172065175024099,265650,93825186940240,4375639744,7,2732,1151,17453
172065184082798,172065184094589,172065184103842,172065184104967,172065184109362,172065184109435,265650,93825186940240,4375639744,7,2732,1151,17454
172065192573515,172065192582610,172065192591387,172065192592487,172065192596619,172065192596680,265650,93825186940240,4375639744,7,2732,1151,17455
172065201304841,172065201321887,172065201332745,172065201335497,172065201339482,172065201339563,265650,93825186940240,4375639744,7,2732,1151,17456
172065210240723,172065210252510,172065210263307,172065210264987,172065210270960,172065210271028,265650,93825186940240,4375639744,7,2732,1151,17457
172065218972118,172065219085841,172065219135388,172065219136908,172065219141477,172065219141559,265650,93825186940240,4375639744,7,2732,1151,17458
172065228330764,172065228339650,172065228348190,172065228349103,172065228351421,172065228351480,265650,93825186940240,4375639744,7,2732,1151,17459
172065237389064,172065237398169,172065237406519,172065237407584,172065237412551,172065237412613,265650,93825186940240,4375639744,7,2732,1151,17460
172065246546439,172065246555315,172065246563565,172065246564636,172065246568968,172065246569030,265650,93825186940240,4375639744,7,2732,1151,17461
172065255908614,172065255918189,172065255927302,172065255928452,172065255933522,172065255933583,265650,93825186940240,4375639744,7,2732,1151,17462
172065265343738,172065265355691,172065265366817,172065265369779,172065265378535,172065265378628,265650,93825186940240,4375639744,7,2732,1151,17463
172065273858347,172065273869504,172065273880659,172065273882654,172065273889360,172065273889444,265650,93825186940240,4375639744,7,2732,1151,17464
172065283457564,172065283469070,172065283479679,172065283481660,172065283487495,172065283487556,265650,93825186940240,4375639744,7,2732,1151,17465
172065295040645,172065295051572,172065295061835,172065295063675,172065295067169,172065295067226,265650,93825186940240,4375639744,7,2732,1151,17466
172065303356895,172065303368369,172065303378469,172065303380391,172065303384875,172065303384937,265650,93825186940240,4375639744,7,2732,1151,17467
172065311688814,172065311700504,172065311710771,172065311712837,172065311718312,172065311718495,265650,93825186940240,4375639744,7,2732,1151,17468
172065320087162,172065320098068,172065320108379,172065320110435,172065320116156,172065320116215,265650,93825186940240,4375639744,7,2732,1151,17469
172065330404185,172065330415407,172065330426074,172065330427949,172065330433160,172065330433226,265650,93825186940240,4375639744,7,2732,1151,17470
172065338925144,172065338936024,172065338946947,172065338949942,172065338956024,172065338956191,265650,93825186940240,4375639744,7,2732,1151,17471
172065347842882,172065347853373,172065347864124,172065347866223,172065347872441,172065347872504,265650,93825186940240,4375639744,7,2732,1151,17472
172065357358233,172065357369582,172065357380550,172065357382438,172065357388167,172065357388227,265650,93825186940240,4375639744,7,2732,1151,17473
172065365680814,172065365691281,172065365701625,172065365703262,172065365707871,172065365707943,265650,93825186940240,4375639744,7,2732,1151,17474
172065374787529,172065374798160,172065374808390,172065374810431,172065374816199,172065374816256,265650,93825186940240,4375639744,7,2732,1151,17475
172065383720484,172065383731457,172065383742193,172065383743962,172065383750168,172065383750225,265650,93825186940240,4375639744,7,2732,1151,17476
172065393327028,172065393337736,172065393348023,172065393349812,172065393356723,172065393356799,265650,93825186940240,4375639744,7,2732,1151,17477
172065402622317,172065402632993,172065402643680,172065402645404,172065402652371,172065402652448,265650,93825186940240,4375639744,7,2732,1151,17478
172065411319112,172065411329661,172065411339689,172065411341447,172065411347478,172065411347536,265650,93825186940240,4375639744,7,2732,1151,17479
172065420744423,172065420755367,172065420766628,172065420769485,172065420774942,172065420775006,265650,93825186940240,4375639744,7,2732,1151,17480
172065429097769,172065429108649,172065429119083,172065429121060,172065429126979,172065429127037,265650,93825186940240,4375639744,7,2732,1151,17481
172065439069161,172065439088304,172065439100668,172065439102674,172065439107902,172065439108008,265650,93825186940240,4375639744,7,2732,1151,17482
172065448128966,172065448141992,172065448151585,172065448153123,172065448166202,172065448166273,265650,93825186940240,4375639744,7,2732,1151,17483
172065457539389,172065457548389,172065457556722,172065457557923,172065457562033,172065457562103,265650,93825186940240,4375639744,7,2732,1151,17484
172065467164790,172065467174775,172065467183962,172065467184986,172065467190506,172065467190581,265650,93825186940240,4375639744,7,2732,1151,17485
172065478121837,172065478133353,172065478142494,172065478143169,172065478146995,172065478147072,265650,93825186940240,4375639744,7,2732,1151,17486
172065486604963,172065486613836,172065486622700,172065486624237,172065486628531,172065486628591,265650,93825186940240,4375639744,7,2732,1151,17487
172065495172208,172065495180976,172065495189193,172065495189924,172065495193810,172065495193875,265650,93825186940240,4375639744,7,2732,1151,17488
172065503655101,172065503666463,172065503674743,172065503675767,172065503679247,172065503679306,265650,93825186940240,4375639744,7,2732,1151,17489
172065513802211,172065513810761,172065513818463,172065513819373,172065513822816,172065513822882,265650,93825186940240,4375639744,7,2732,1151,17490
172065522156246,172065522165044,172065522173289,172065522174884,172065522180695,172065522180766,265650,93825186940240,4375639744,7,2732,1151,17491
172065532042649,172065532051990,172065532060976,172065532061959,172065532065771,172065532065838,265650,93825186940240,4375639744,7,2732,1151,17492
172065541587493,172065541609079,172065541622410,172065541628850,172065541632435,172065541632512,265650,93825186940240,4375639744,7,2732,1151,17493
172065549936886,172065549948052,172065549958612,172065549960400,172065549964463,172065549964537,265650,93825186940240,4375639744,7,2732,1151,17494
172065560391162,172065560402142,172065560412965,172065560415047,172065560419346,172065560419430,265650,93825186940240,4375639744,7,2732,1151,17495
172065569529409,172065569540087,172065569551552,172065569554314,172065569558833,172065569558903,265650,93825186940240,4375639744,7,2732,1151,17496
172065578578326,172065578600260,172065578613700,172065578615462,172065578623831,172065578623921,265650,93825186940240,4375639744,7,2732,1151,17497
172065587064717,172065587081065,172065587092549,172065587095126,172065587100346,172065587100448,265650,93825186940240,4375639744,7,2732,1151,17498
172065596096852,172065596107524,172065596118467,172065596120044,172065596124072,172065596124126,265650,93825186940240,4375639744,7,2732,1151,17499
172065605052462,172065605063581,172065605073815,172065605075485,172065605081697,172065605081764,265650,93825186940240,4375639744,7,2732,1151,17500
172065614757036,172065614767973,172065614778227,172065614779946,172065614783375,172065614783438,265650,93825186940240,4375639744,7,2732,1151,17501
172065624772323,172065624782900,172065624793892,172065624796489,172065624801026,172065624801086,265650,93825186940240,4375639744,7,2732,1151,17502
172065633042999,172065633053663,172065633063978,172065633065537,172065633068827,172065633068909,265650,93825186940240,4375639744,7,2732,1151,17503
172065642807320,172065642818099,172065642828841,172065642831248,172065642833949,172065642834000,265650,93825186940240,4375639744,7,2732,1151,17504
172065651818508,172065651836004,172065651848219,172065651849991,172065651860487,172065651860579,265650,93825186940240,4375639744,7,2732,1151,17505
172065660042317,172065660051361,172065660059820,172065660060847,172065660065833,172065660065892,265650,93825186940240,4375639744,7,2732,1151,17506
172065668794905,172065668806877,172065668818273,172065668821436,172065668828621,172065668828706,265650,93825186940240,4375639744,7,2732,1151,17507
172065679210910,172065679222998,172065679233489,172065679235584,172065679237827,172065679237908,265650,93825186940240,4375639744,7,2732,1151,17508
