start,geometry,clip,blit,flush,end,hwnd,surface,thread,outcome,width,height,commit
172068743308485,172068743320672,172068743331813,172068743334102,172068743337902,172068743337973,265650,93825186940240,4375639744,7,2732,1151,17722
172068752137785,172068752148561,172068752159057,172068752161036,172068752164288,172068752164358,265650,93825186940240,4375639744,7,2732,1151,17723
172068761491561,172068761502612,172068761512999,172068761514849,172068761518831,172068761518889,265650,93825186940240,4375639744,7,2732,1151,17724
172068769881183,172068769892460,172068769903068,172068769905252,172068769911455,172068769911539,265650,93825186940240,4375639744,7,2732,1151,17725
172068778460728,172068778471499,172068778482170,172068778484425,172068778490599,172068778490675,265650,93825186940240,4375639744,7,2732,1151,17726
172068787910906,172068787921552,172068787931918,172068787933877,172068787939469,172068787939533,265650,93825186940240,4375639744,7,2732,1151,17727
172068796755849,172068796766426,172068796776923,172068796779041,172068796784778,172068796784834,265650,93825186940240,4375639744,7,2732,1151,17728
172068805901265,172068805911663,172068805922008,172068805923883,172068805930170,172068805930233,265650,93825186940240,4375639744,7,2732,1151,17729
172068815142098,172068815153329,172068815164227,172068815166278,172068815173359,172068815173438,265650,93825186940240,4375639744,7,2732,1151,17730
172068823502335,172068823513295,172068823524862,172068823527755,172068823535843,172068823535917,265650,93825186940240,4375639744,7,2732,1151,17731
172068833332467,172068833343731,172068833354538,172068833356478,172068833361819,172068833361876,265650,93825186940240,4375639744,7,2732,1151,17732
172068842497563,172068842508063,172068842518383,172068842520511,172068842526585,172068842526651,265650,93825186940240,4375639744,7,2732,1151,17733
172068851505478,172068851519179,172068851529752,172068851532321,172068851539379,172068851539438,265650,93825186940240,4375639744,7,2732,1151,17734
172068860387069,172068860398041,172068860409086,172068860411330,172068860417679,172068860417757,265650,93825186940240,4375639744,7,2732,1151,17735
172068869167806,172068869179070,172068869189162,172068869190929,172068869196594,172068869196650,265650,93825186940240,4375639744,7,2732,1151,17736
172068879609079,172068879620579,172068879631219,172068879633044,172068879636668,172068879636721,265650,93825186940240,4375639744,7,2732,1151,17737
172068889034298,172068889045412,172068889055969,172068889057617,172068889062074,172068889062128,265650,93825186940240,4375639744,7,2732,1151,17738
172068898706240,172068898717173,172068898728404,172068898731697,172068898735880,172068898735962,265650,93825186940240,4375639744,7,2732,1151,17739
172068907349310,172068907360385,172068907371472,172068907373312,172068907377200,172068907377243,265650,93825186940240,4375639744,7,2732,1151,17740
172068916704311,172068916714631,172068916725039,172068916726982,172068916729999,172068916730056,265650,93825186940240,4375639744,7,2732,1151,17741
172068926234146,172068926245042,172068926255652,172068926257487,172068926261106,172068926261169,265650,93825186940240,4375639744,7,2732,1151,17742
172068935210241,172068935221128,172068935231385,172068935233154,172068935236437,172068935236522,265650,93825186940240,4375639744,7,2732,1151,17743
172068944937764,172068944948995,172068944959621,172068944961880,172068944967901,172068944967988,265650,93825186940240,4375639744,7,2732,1151,17744
172068954598011,172068954609320,172068954620274,172068954622625,172068954629852,172068954629932,265650,93825186940240,4375639744,7,2732,1151,17745
172068962943502,172068962954731,172068962965258,172068962967263,172068962973243,172068962973314,265650,93825186940240,4375639744,7,2732,1151,17746
172068971691403,172068971702898,172068971713400,172068971715330,172068971722049,172068971722108,265650,93825186940240,4375639744,7,2732,1151,17747
172068983473713,172068983484878,172068983495634,172068983498085,172068983503997,172068983504067,265650,93825186940240,4375639744,7,2732,1151,17748
172068991775338,172068991786869,172068991797494,172068991799478,172068991804117,172068991804213,265650,93825186940240,4375639744,7,2732,1151,17749
172069000100652,172069000111525,172069000121977,172069000123877,172069000128480,172069000128552,265650,93825186940240,4375639744,7,2732,1151,17750
172069009995078,172069010013130,172069010025486,172069010027225,172069010031903,172069010031957,265650,93825186940240,4375639744,7,2732,1151,17751
172069018592241,172069018602748,172069018613229,172069018615185,172069018620544,172069018620601,265650,93825186940240,4375639744,7,2732,1151,17752
172069028008864,172069028020410,172069028031139,172069028033110,172069028037772,172069028037862,265650,93825186940240,4375639744,7,2732,1151,17753
172069036724855,172069036736341,172069036747036,172069036748957,172069036752265,172069036752321,265650,93825186940240,4375639744,7,2732,1151,17754
172069045311118,172069045322674,172069045333604,172069045335572,172069045340287,172069045340390,265650,93825186940240,4375639744,7,2732,1151,17755
172069054668992,172069054679899,172069054690799,172069054692970,172069054697978,172069054698064,265650,93825186940240,4375639744,7,2732,1151,17756
172069064407648,172069064418596,172069064429495,172069064431299,172069064436898,172069064436964,265650,93825186940240,4375639744,7,2732,1151,17757
172069073176689,172069073187649,172069073198012,172069073199723,172069073204895,172069073204961,265650,93825186940240,4375639744,7,2732,1151,17758
172069082366688,172069082377610,172069082388336,172069082390493,172069082394862,172069082394948,265650,93825186940240,4375639744,7,2732,1151,17759
172069091780461,172069091791455,172069091801964,172069091804194,172069091807876,172069091807955,265650,93825186940240,4375639744,7,2732,1151,17760
172069100933428,172069100944001,172069100954185,172069100956148,172069100960120,172069100960181,265650,93825186940240,4375639744,7,2732,1151,17761
172069110164784,172069110175799,172069110186567,172069110188319,172069110192082,172069110192131,265650,93825186940240,4375639744,7,2732,1151,17762
172069120220709,172069120237583,172069120249585,172069120251772,172069120257597,172069120257684,265650,93825186940240,4375639744,7,2732,1151,17763
172069128949419,172069128958474,172069128967219,172069128968227,172069128974096,172069128974162,265650,93825186940240,4375639744,7,2732,1151,17764
172069138610099,172069138629786,172069138640806,172069138644243,172069138649136,172069138649224,265650,93825186940240,4375639744,7,2732,1151,17765
172069147273159,172069147285764,172069147296988,172069147299708,172069147306464,172069147306549,265650,93825186940240,4375639744,7,2732,1151,17766
172069156209241,172069156221088,172069156232099,172069156234488,172069156240168,172069156240248,265650,93825186940240,4375639744,7,2732,1151,17767
172069166497710,172069166508485,172069166519287,172069166521224,172069166526507,172069166526583,265650,93825186940240,4375639744,7,2732,1151,17768
172069175803252,172069175813688,172069175825216,172069175827854,172069175836082,172069175836146,265650,93825186940240,4375639744,7,2732,1151,17769
172069184538728,172069184549643,172069184560051,172069184561848,172069184566418,172069184566484,265650,93825186940240,4375639744,7,2732,1151,17770
172069193887551,172069193898204,172069193908624,172069193910455,172069193915201,172069193915260,265650,93825186940240,4375639744,7,2732,1151,17771
172069203112661,172069203123842,172069203135137,172069203136715,172069203140983,172069203141049,265650,93825186940240,4375639744,7,2732,1151,17772
172069211428553,172069211439582,172069211449871,172069211451490,172069211456163,172069211456226,265650,93825186940240,4375639744,7,2732,1151,17773
172069220929743,172069220940788,172069220951567,172069220954150,172069220960234,172069220960292,265650,93825186940240,4375639744,7,2732,1151,17774
172069229678401,172069229690365,172069229701287,172069229703637,172069229709899,172069229709956,265650,93825186940240,4375639744,7,2732,1151,17775
172069238385539,172069238396828,172069238407444,172069238409151,172069238412616,172069238412678,265650,93825186940240,4375639744,7,2732,1151,17776
172069247868086,172069247879776,172069247891049,172069247893117,172069247899424,172069247899479,265650,93825186940240,4375639744,7,2732,1151,17777
172069257160091,172069257170643,172069257180980,172069257182769,172069257187660,172069257187716,265650,93825186940240,4375639744,7,2732,1151,17778
172069265547792,172069265558739,172069265569553,172069265572301,172069265585230,172069265585289,265650,93825186940240,4375639744,7,2732,1151,17779
172069273756791,172069273767493,172069273777471,172069273778879,172069273786648,172069273786713,265650,93825186940240,4375639744,7,2732,1151,17780
172069282302952,172069282313675,172069282324052,172069282325924,172069282333951,172069282334005,265650,93825186940240,4375639744,7,2732,1151,17781
172069293231634,172069293242602,172069293253646,172069293255332,172069293259934,172069293260017,265650,93825186940240,4375639744,7,2732,1151,17782
172069301778173,172069301788642,172069301798765,172069301800222,172069301804663,172069301804713,265650,93825186940240,4375639744,7,2732,1151,17783
172069311251152,172069311262304,172069311272930,172069311274689,172069311279553,172069311279644,265650,93825186940240,4375639744,7,2732,1151,17784
172069320749802,172069320760219,172069320770565,172069320772384,172069320776846,172069320776907,265650,93825186940240,4375639744,7,2732,1151,17785
172069329156832,172069329167730,172069329178638,172069329180321,172069329185019,172069329185065,265650,93825186940240,4375639744,7,2732,1151,17786
172069338117009,172069338127715,172069338138386,172069338140183,172069338144747,172069338144801,265650,93825186940240,4375639744,7,2732,1151,17787
172069347064581,172069347075471,172069347086567,172069347088467,172069347092010,172069347092073,265650,93825186940240,4375639744,7,2732,1151,17788
172069355578334,172069355588907,172069355599210,172069355601097,172069355609060,172069355609130,265650,93825186940240,4375639744,7,2732,1151,17789
172069365760160,172069365771029,172069365781403,172069365783217,172069365788636,172069365788693,265650,93825186940240,4375639744,7,2732,1151,17790
172069374150790,172069374162801,172069374173893,172069374176562,172069374181654,172069374181745,265650,93825186940240,4375639744,7,2732,1151,17791
172069382639031,172069382650607,172069382661278,172069382664126,172069382671843,172069382671944,265650,93825186940240,4375639744,7,2732,1151,17792
172069393145125,172069393157078,172069393168458,172069393170903,172069393178882,172069393178966,265650,93825186940240,4375639744,7,2732,1151,17793
172069401896193,172069401907618,172069401918389,172069401920488,172069401926540,172069401926618,265650,93825186940240,4375639744,7,2732,1151,17794
172069410974238,172069410985707,172069410996169,172069410997987,172069411006352,172069411006430,265650,93825186940240,4375639744,7,2732,1151,17795
172069420267143,172069420277720,172069420288593,172069420290389,172069420295604,172069420295667,265650,93825186940240,4375639744,7,2732,1151,17796
172069429305428,172069429316098,172069429326482,172069429328289,172069429334152,172069429334216,265650,93825186940240,4375639744,7,2732,1151,17797
172069439052326,172069439064358,172069439075383,172069439077843,172069439082989,172069439083056,265650,93825186940240,4375639744,7,2732,1151,17798
172069448188484,172069448202169,172069448213285,172069448216127,172069448221619,172069448221686,265650,93825186940240,4375639744,7,2732,1151,17799
172069458707049,172069458719413,172069458730952,172069458735901,172069458749018,172069458749115,265650,93825186940240,4375639744,7,2732,1151,17800
172069467149109,172069467158062,172069467166901,172069467168612,172069467173550,172069467173612,265650,93825186940240,4375639744,7,2732,1151,17801
172069475688092,172069475696950,172069475705161,172069475706254,172069475710529,172069475710600,265650,93825186940240,4375639744,7,2732,1151,17802
172069484413886,172069484422554,172069484430767,172069484431595,172069484435554,172069484435620,265650,93825186940240,4375639744,7,2732,1151,17803
172069493577829,172069493586716,172069493594875,172069493595679,172069493599535,172069493599594,265650,93825186940240,4375639744,7,2732,1151,17804
172069502564576,172069502573428,172069502581348,172069502582133,172069502585826,172069502585883,265650,93825186940240,4375639744,7,2732,1151,17805
172069511372575,172069511383998,172069511394563,172069511395641,172069511401032,172069511401091,265650,93825186940240,4375639744,7,2732,1151,17806
172069520455253,172069520463899,172069520471872,172069520472506,172069520476420,172069520476476,265650,93825186940240,4375639744,7,2732,1151,17807
172069529396714,172069529405679,172069529413989,172069529416547,172069529421725,172069529421783,265650,93825186940240,4375639744,7,2732,1151,17808
172069538145369,172069538155311,172069538163416,172069538164277,172069538167940,172069538167990,265650,93825186940240,4375639744,7,2732,1151,17809
172069547191182,172069547202038,172069547211242,172069547212368,172069547216993,172069547217094,265650,93825186940240,4375639744,7,2732,1151,17810
172069556557767,172069556567696,172069556576744,172069556577533,172069556579871,172069556579937,265650,93825186940240,4375639744,7,2732,1151,17811
172069565060209,172069565069914,172069565078922,172069565079647,172069565083460,172069565083530,265650,93825186940240,4375639744,7,2732,1151,17812
172069574118800,172069574127934,172069574136018,172069574136652,172069574140517,172069574140571,265650,93825186940240,4375639744,7,2732,1151,17813
172069583463508,172069583473097,172069583482044,172069583482692,172069583487824,172069583487886,265650,93825186940240,4375639744,7,2732,1151,17814
172069592514797,172069592524796,172069592534629,172069592535781,172069592541429,172069592541493,265650,93825186940240,4375639744,7,2732,1151,17815
172069601983518,172069601995348,172069602007931,172069602009030,172069602014104,172069602014169,265650,93825186940240,4375639744,7,2732,1151,17816
172069610982733,172069610992856,172069611004718,172069611005614,172069611008985,172069611009050,265650,93825186940240,4375639744,7,2732,1151,17817
172069619778156,172069619788627,172069619797540,172069619798318,172069619802297,172069619802357,265650,93825186940240,4375639744,7,2732,1151,17818
172069628553432,172069628562063,172069628569946,172069628571032,172069628575678,172069628575729,265650,93825186940240,4375639744,7,2732,1151,17819
172069638073145,172069638082008,172069638089968,172069638090744,172069638094873,172069638094928,265650,93825186940240,4375639744,7,2732,1151,17820
172069646797850,172069646806181,172069646814003,172069646814637,172069646819479,172069646819532,265650,93825186940240,4375639744,7,2732,1151,17821
172069656340794,172069656351590,172069656360622,172069656361438,172069656365520,172069656365581,265650,93825186940240,4375639744,7,2732,1151,17822
172069665220093,172069665229138,172069665237629,172069665239010,172069665243076,172069665243131,265650,93825186940240,4375639744,7,2732,1151,17823
172069673644535,172069673655900,172069673666854,172069673668009,172069673673185,172069673673256,265650,93825186940240,4375639744,7,2732,1151,17824
172069683044555,172069683054750,172069683063914,172069683064857,172069683069793,172069683069857,265650,93825186940240,4375639744,7,2732,1151,17825
172069691875935,172069691884692,172069691892862,172069691893589,172069691897606,172069691897662,265650,93825186940240,4375639744,7,2732,1151,17826
172069700488360,172069700497813,172069700506583,172069700507327,172069700511439,172069700511500,265650,93825186940240,4375639744,7,2732,1151,17827
172069709601824,172069709610588,172069709618661,172069709619397,172069709623962,172069709624018,265650,93825186940240,4375639744,7,2732,1151,17828
172069718395061,172069718405081,172069718414121,172069718414961,172069718419253,172069718419310,265650,93825186940240,4375639744,7,2732,1151,17829
172069726765013,172069726774723,172069726783742,172069726784903,172069726789561,172069726789655,265650,93825186940240,4375639744,7,2732,1151,17830
172069735060844,172069735069649,172069735077857,172069735078948,172069735084243,172069735084304,265650,93825186940240,4375639744,7,2732,1151,17831
172069743795393,172069743816874,172069743828194,172069743831214,172069743836649,172069743836745,265650,93825186940240,4375639744,7,2732,1151,17832
172069752537606,172069752548425,172069752559352,172069752561892,172069752567098,172069752567160,265650,93825186940240,4375639744,7,2732,1151,17833
172069761370059,172069761380995,172069761391788,172069761393748,172069761400127,172069761400302,265650,93825186940240,4375639744,7,2732,1151,17834
172069770789594,172069770801490,172069770812878,172069770814936,172069770819249,172069770819351,265650,93825186940240,4375639744,7,2732,1151,17835
172069779179126,172069779190311,172069779201182,172069779203180,172069779211013,172069779211089,265650,93825186940240,4375639744,7,2732,1151,17836
172069788432929,172069788443787,172069788454248,172069788456442,172069788464488,172069788464564,265650,93825186940240,4375639744,7,2732,1151,17837
172069797248180,172069797259350,172069797270225,172069797272019,172069797279133,172069797279190,265650,93825186940240,4375639744,7,2732,1151,17838
172069807839256,172069807850116,172069807860534,172069807862376,172069807866919,172069807866986,265650,93825186940240,4375639744,7,2732,1151,17839
172069816180863,172069816191706,172069816202195,172069816204544,172069816209271,172069816209344,265650,93825186940240,4375639744,7,2732,1151,17840
172069824548464,172069824559708,172069824570221,172069824571962,172069824576875,172069824576951,265650,93825186940240,4375639744,7,2732,1151,17841
172069832943270,172069832954033,172069832964784,172069832966553,172069832971251,172069832971303,265650,93825186940240,4375639744,7,2732,1151,17842
172069842279849,172069842290649,172069842301093,172069842302895,172069842307342,172069842307403,265650,93825186940240,4375639744,7,2732,1151,17843
172069851187667,172069851198657,172069851209181,172069851211131,172069851216484,172069851216537,265650,93825186940240,4375639744,7,2732,1151,17844
172069860283234,172069860295914,172069860305516,172069860307089,172069860313091,172069860313170,265650,93825186940240,4375639744,7,2732,1151,17845
172069870175983,172069870192846,172069870205098,172069870207156,172069870211399,172069870211490,265650,93825186940240,4375639744,7,2732,1151,17846
172069878915808,172069878938433,172069878952197,172069878954779,172069878960596,172069878960690,265650,93825186940240,4375639744,7,2732,1151,17847
172069888711864,172069888723406,172069888734515,172069888736897,172069888743920,172069888744002,265650,93825186940240,4375639744,7,2732,1151,17848
172069897734815,172069897748093,172069897758662,172069897760553,172069897768338,172069897768413,265650,93825186940240,4375639744,7,2732,1151,17849
172069905948161,172069905956985,172069905965768,172069905968097,172069905973740,172069905973807,265650,93825186940240,4375639744,7,2732,1151,17850
172069915719265,172069915736089,172069915748394,172069915751843,172069915755851,172069915755925,265650,93825186940240,4375639744,7,2732,1151,17851
172069924788852,172069924800328,172069924811054,172069924812926,172069924824672,172069924824752,265650,93825186940240,4375639744,7,2732,1151,17852
172069933612837,172069933626363,172069933636044,172069933637708,172069933642408,172069933642478,265650,93825186940240,4375639744,7,2732,1151,17853
172069941992521,172069942006280,172069942014438,172069942015260,172069942019971,172069942020035,265650,93825186940240,4375639744,7,2732,1151,17854
172069951489279,172069951500678,172069951511837,172069951514324,172069951521905,172069951522051,265650,93825186940240,4375639744,7,2732,1151,17855
172069960091873,172069960103537,172069960114022,172069960115656,172069960120903,172069960120983,265650,93825186940240,4375639744,7,2732,1151,17856
172069968750982,172069968762317,172069968773199,172069968775220,172069968777611,172069968777689,265650,93825186940240,4375639744,7,2732,1151,17857
172069978084339,172069978095634,172069978106265,172069978108308,172069978113411,172069978113461,265650,93825186940240,4375639744,7,2732,1151,17858
172069987416495,172069987427569,172069987438206,172069987440240,172069987443997,172069987444045,265650,93825186940240,4375639744,7,2732,1151,17859
172069996078049,172069996089127,172069996099394,172069996100931,172069996105844,172069996105904,265650,93825186940240,4375639744,7,2732,1151,17860
172070005549640,172070005561514,172070005573018,172070005575635,172070005581563,172070005581623,265650,93825186940240,4375639744,7,2732,1151,17861
172070014703183,172070014714231,172070014724874,172070014726724,172070014731438,172070014731481,265650,93825186940240,4375639744,7,2732,1151,17862
172070023200748,172070023211441,172070023222075,172070023223800,172070023228409,172070023228467,265650,93825186940240,4375639744,7,2732,1151,17863
172070032116439,172070032127529,172070032138389,172070032140145,172070032144995,172070032145047,265650,93825186940240,4375639744,7,2732,1151,17864
172070041199934,172070041210920,172070041221872,172070041223663,172070041229221,172070041229283,265650,93825186940240,4375639744,7,2732,1151,17865
172070049575509,172070049587574,172070049598264,172070049600935,172070049606789,172070049606865,265650,93825186940240,4375639744,7,2732,1151,17866
172070059107806,172070059119742,172070059128931,172070059130306,172070059134303,172070059134372,265650,93825186940240,4375639744,7,2732,1151,17867
172070067726177,172070067735079,172070067743536,172070067744509,172070067749246,172070067749311,265650,93825186940240,4375639744,7,2732,1151,17868
172070076438107,172070076447069,172070076454964,172070076455860,172070076459663,172070076459729,265650,93825186940240,4375639744,7,2732,1151,17869
172070085416499,172070085429424,172070085438137,172070085439200,172070085443596,172070085443662,265650,93825186940240,4375639744,7,2732,1151,17870
172070094968527,172070094977084,172070094985077,172070094985859,172070094988613,172070094988682,265650,93825186940240,4375639744,7,2732,1151,17871
172070103311548,172070103320276,172070103328118,172070103328896,172070103332159,172070103332218,265650,93825186940240,4375639744,7,2732,1151,17872
172070113131620,172070113143637,172070113154567,172070113155610,172070113160133,172070113160225,265650,93825186940240,4375639744,7,2732,1151,17873
172070122146485,172070122156305,172070122165404,172070122166284,172070122171032,172070122171106,265650,93825186940240,4375639744,7,2732,1151,17874
172070130799690,172070130809670,172070130818769,172070130819661,172070130824227,172070130824299,265650,93825186940240,4375639744,7,2732,1151,17875
172070140300181,172070140316369,172070140327789,172070140330285,172070140334178,172070140334270,265650,93825186940240,4375639744,7,2732,1151,17876
172070149442563,172070149452645,172070149462427,172070149463432,172070149466687,172070149466756,265650,93825186940240,4375639744,7,2732,1151,17877
172070158048691,172070158057712,172070158065976,172070158067098,172070158070962,172070158071132,265650,93825186940240,4375639744,7,2732,1151,17878
172070167490378,172070167499683,172070167507585,172070167509061,172070167514538,172070167514602,265650,93825186940240,4375639744,7,2732,1151,17879
172070177245535,172070177255993,172070177265375,172070177266954,172070177271807,172070177271883,265650,93825186940240,4375639744,7,2732,1151,17880
172070186252979,172070186262678,172070186271621,172070186272657,172070186277184,172070186277250,265650,93825186940240,4375639744,7,2732,1151,17881
172070194986877,172070194996124,172070195006520,172070195007478,172070195010451,172070195010515,265650,93825186940240,4375639744,7,2732,1151,17882
172070204871012,172070204882863,172070204892518,172070204893743,172070204899377,172070204899451,265650,93825186940240,4375639744,7,2732,1151,17883
172070213209312,172070213217887,172070213225906,172070213226687,172070213230975,172070213231033,265650,93825186940240,4375639744,7,2732,1151,17884
172070222484076,172070222493907,172070222502768,172070222503533,172070222507565,172070222507620,265650,93825186940240,4375639744,7,2732,1151,17885
172070231680544,172070231689632,172070231698301,172070231699603,172070231703869,172070231703939,265650,93825186940240,4375639744,7,2732,1151,17886
172070240036753,172070240053925,172070240065252,172070240068178,172070240074007,172070240074113,265650,93825186940240,4375639744,7,2732,1151,17887
172070248998383,172070249014463,172070249025629,172070249028181,172070249036353,172070249036433,265650,93825186940240,4375639744,7,2732,1151,17888
172070257794048,172070257804881,172070257815588,172070257817415,172070257825428,172070257825491,265650,93825186940240,4375639744,7,2732,1151,17889
172070267007478,172070267018660,172070267029003,172070267030930,172070267037082,172070267037143,265650,93825186940240,4375639744,7,2732,1151,17890
172070276464078,172070276475325,172070276485927,172070276487974,172070276499490,172070276499573,265650,93825186940240,4375639744,7,2732,1151,17891
172070285583045,172070285594057,172070285605092,172070285607003,172070285614860,172070285614913,265650,93825186940240,4375639744,7,2732,1151,17892
172070294515794,172070294526859,172070294537252,172070294539024,172070294546555,172070294546610,265650,93825186940240,4375639744,7,2732,1151,17893
172070304234725,172070304245956,172070304256312,172070304258176,172070304262572,172070304262653,265650,93825186940240,4375639744,7,2732,1151,17894
172070315333787,172070315345467,172070315355926,172070315358443,172070315364716,172070315364817,265650,93825186940240,4375639744,7,2732,1151,17895
172070324070690,172070324081604,172070324091968,172070324093869,172070324099055,172070324099119,265650,93825186940240,4375639744,7,2732,1151,17896
172070333742618,172070333753635,172070333763932,172070333765932,172070333771831,172070333771898,265650,93825186940240,4375639744,7,2732,1151,17897
172070342721872,172070342733444,172070342744032,172070342746371,172070342751712,172070342751777,265650,93825186940240,4375639744,7,2732,1151,17898
172070352117717,172070352129623,172070352140677,172070352142901,172070352148035,172070352148149,265650,93825186940240,4375639744,7,2732,1151,17899
172070361307974,172070361319346,172070361330415,172070361332628,172070361340687,172070361340777,265650,93825186940240,4375639744,7,2732,1151,17900
172070369985629,172070369996525,172070370011950,172070370013893,172070370019421,172070370019481,265650,93825186940240,4375639744,7,2732,1151,17901
172070380248975,172070380260573,172070380271135,172070380273405,172070380278969,172070380279037,265650,93825186940240,4375639744,7,2732,1151,17902
172070389018249,172070389029102,172070389039492,172070389041435,172070389048153,172070389048218,265650,93825186940240,4375639744,7,2732,1151,17903
172070397941064,172070397952342,172070397963115,172070397964906,172070397972610,172070397972714,265650,93825186940240,4375639744,7,2732,1151,17904
172070407429427,172070407441405,172070407451794,172070407453902,172070407457807,172070407457910,265650,93825186940240,4375639744,7,2732,1151,17905
172070416589409,172070416600348,172070416610693,172070416612615,172070416618125,172070416618187,265650,93825186940240,4375639744,7,2732,1151,17906
172070425108973,172070425119966,172070425130533,172070425132587,172070425135358,172070425135418,265650,93825186940240,4375639744,7,2732,1151,17907
172070434656477,172070434668691,172070434679716,172070434682465,172070434691807,172070434691911,265650,93825186940240,4375639744,7,2732,1151,17908
172070445287967,172070445307383,172070445319831,172070445322307,172070445328907,172070445328983,265650,93825186940240,4375639744,7,2732,1151,17909
172070453589325,172070453610179,172070453621206,172070453622721,172070453629682,172070453629761,265650,93825186940240,4375639744,7,2732,1151,17910
172070461810568,172070461820259,172070461828304,172070461829209,172070461834023,172070461834077,265650,93825186940240,4375639744,7,2732,1151,17911
172070470201700,172070470216710,172070470228568,172070470229827,172070470234299,172070470234386,265650,93825186940240,4375639744,7,2732,1151,17912
172070479259763,172070479277944,172070479289743,172070479294146,172070479297284,172070479297374,265650,93825186940240,4375639744,7,2732,1151,17913
172070488147568,172070488156845,172070488165756,172070488166862,172070488173227,172070488173297,265650,93825186940240,4375639744,7,2732,1151,17914
172070496992727,172070497005275,172070497013456,172070497014405,172070497019329,172070497019393,265650,93825186940240,4375639744,7,2732,1151,17915
172070506010243,172070506019092,172070506027162,172070506028155,172070506032497,172070506032566,265650,93825186940240,4375639744,7,2732,1151,17916
172070515310148,172070515319759,172070515328769,172070515329673,172070515331546,172070515331623,265650,93825186940240,4375639744,7,2732,1151,17917
172070524091644,172070524101621,172070524110644,172070524111916,172070524117531,172070524117605,265650,93825186940240,4375639744,7,2732,1151,17918
172070532991921,172070533007163,172070533016271,172070533017174,172070533020463,172070533020536,265650,93825186940240,4375639744,7,2732,1151,17919
172070542029718,172070542038500,172070542046789,172070542047943,172070542052459,172070542052523,265650,93825186940240,4375639744,7,2732,1151,17920
172070551587846,172070551596790,172070551604886,172070551605929,172070551610417,172070551610487,265650,93825186940240,4375639744,7,2732,1151,17921
172070561637602,172070561646305,172070561654249,172070561655325,172070561660219,172070561660287,265650,93825186940240,4375639744,7,2732,1151,17922
172070570583153,172070570605779,172070570617276,172070570620429,172070570626248,172070570626325,265650,93825186940240,4375639744,7,2732,1151,17923
172070581887941,172070581898915,172070581907897,172070581909493,172070581913132,172070581913196,265650,93825186940240,4375639744,7,2732,1151,17924
172070590265477,172070590274701,172070590282928,172070590283738,172070590287589,172070590287656,265650,93825186940240,4375639744,7,2732,1151,17925
172070599298604,172070599311873,172070599321325,172070599322562,172070599326991,172070599327055,265650,93825186940240,4375639744,7,2732,1151,17926
172070608466130,172070608475032,172070608483181,172070608484064,172070608487824,172070608487894,265650,93825186940240,4375639744,7,2732,1151,17927
172070617790852,172070617809261,172070617822122,172070617825713,172070617829047,172070617829137,265650,93825186940240,4375639744,7,2732,1151,17928
172070626055668,172070626066625,172070626076911,172070626078720,172070626084550,172070626084608,265650,93825186940240,4375639744,7,2732,1151,17929
172070634579253,172070634590596,172070634600981,172070634602852,172070634608752,172070634608842,265650,93825186940240,4375639744,7,2732,1151,17930
172070643872406,172070643882996,172070643893380,172070643895552,172070643901469,172070643901547,265650,93825186940240,4375639744,7,2732,1151,17931
172070652563429,172070652574134,172070652584566,172070652586609,172070652592552,172070652592627,265650,93825186940240,4375639744,7,2732,1151,17932
172070662149049,172070662159873,172070662170242,172070662172197,172070662178018,172070662178073,265650,93825186940240,4375639744,7,2732,1151,17933
172070670517142,172070670527661,172070670537793,172070670539693,172070670545206,172070670545270,265650,93825186940240,4375639744,7,2732,1151,17934
172070679297169,172070679307727,172070679318787,172070679320600,172070679326075,172070679326149,265650,93825186940240,4375639744,7,2732,1151,17935
172070689594902,172070689605427,172070689616161,172070689618643,172070689624883,172070689624941,265650,93825186940240,4375639744,7,2732,1151,17936
172070699109368,172070699120150,172070699130537,172070699132145,172070699137669,172070699137741,265650,93825186940240,4375639744,7,2732,1151,17937
172070707890394,172070707900926,172070707911432,172070707913296,172070707918935,172070707918997,265650,93825186940240,4375639744,7,2732,1151,17938
172070717280175,172070717290415,172070717300712,172070717302953,172070717308444,172070717308516,265650,93825186940240,4375639744,7,2732,1151,17939
172070726662575,172070726673829,172070726683044,172070726684360,172070726687490,172070726687561,265650,93825186940240,4375639744,7,2732,1151,17940
172070735319732,172070735329116,172070735337131,172070735338442,172070735343786,172070735343840,265650,93825186940240,4375639744,7,2732,1151,17941
172070744717477,172070744726502,172070744734931,172070744736226,172070744741926,172070744741990,265650,93825186940240,4375639744,7,2732,1151,17942
172070753053063,172070753061896,172070753070038,172070753070936,172070753075889,172070753075959,265650,93825186940240,4375639744,7,2732,1151,17943
172070763929699,172070763938736,172070763946875,172070763947568,172070763952619,172070763952685,265650,93825186940240,4375639744,7,2732,1151,17944
172070772417741,172070772426380,172070772434589,172070772435437,172070772439339,172070772439393,265650,93825186940240,4375639744,7,2732,1151,17945
172070781211067,172070781221851,172070781230842,172070781231616,172070781235954,172070781236017,265650,93825186940240,4375639744,7,2732,1151,17946
172070790418343,172070790428541,172070790437207,172070790437821,172070790441936,172070790441990,265650,93825186940240,4375639744,7,2732,1151,17947
172070799919344,172070799929264,172070799938156,172070799939052,172070799943179,172070799943244,265650,93825186940240,4375639744,7,2732,1151,17948
172070808694563,172070808703649,172070808712296,172070808712940,172070808716730,172070808716789,265650,93825186940240,4375639744,7,2732,1151,17949
172070818073814,172070818083269,172070818092226,172070818092816,172070818096509,172070818096564,265650,93825186940240,4375639744,7,2732,1151,17950
172070827776094,172070827784913,172070827793067,172070827793721,172070827797665,172070827797717,265650,93825186940240,4375639744,7,2732,1151,17951
172070836492634,172070836501292,172070836509151,172070836509934,172070836513530,172070836513581,265650,93825186940240,4375639744,7,2732,1151,17952
172070845807972,172070845817846,172070845826860,172070845827620,172070845831283,172070845831348,265650,93825186940240,4375639744,7,2732,1151,17953
172070854050691,172070854060415,172070854068941,172070854069630,172070854074846,172070854074909,265650,93825186940240,4375639744,7,2732,1151,17954
172070862821806,172070862833334,172070862844812,172070862847982,172070862856306,172070862856397,265650,93825186940240,4375639744,7,2732,1151,17955
172070871371438,172070871383500,172070871394274,172070871396427,172070871402630,172070871402704,265650,93825186940240,4375639744,7,2732,1151,17956
172070880552467,172070880563399,172070880574890,172070880577108,172070880583350,172070880583423,265650,93825186940240,4375639744,7,2732,1151,17957
172070889178647,172070889190381,172070889201326,172070889204186,172070889210451,172070889210499,265650,93825186940240,4375639744,7,2732,1151,17958
172070898605567,172070898618141,172070898629572,172070898632504,172070898639575,172070898639648,265650,93825186940240,4375639744,7,2732,1151,17959
172070908329094,172070908339727,172070908350294,172070908352146,172070908357907,172070908357968,265650,93825186940240,4375639744,7,2732,1151,17960
172070917217130,172070917228077,172070917238752,172070917240578,172070917245772,172070917245830,265650,93825186940240,4375639744,7,2732,1151,17961
172070926288076,172070926298401,172070926308609,172070926310973,172070926316492,172070926316551,265650,93825186940240,4375639744,7,2732,1151,17962
172070936451330,172070936464316,172070936474402,172070936475855,172070936479868,172070936479934,265650,93825186940240,4375639744,7,2732,1151,17963
172070945461229,172070945471503,172070945480651,172070945481689,172070945486662,172070945486729,265650,93825186940240,4375639744,7,2732,1151,17964
172070954378050,172070954387903,172070954396882,172070954397964,172070954402786,172070954402853,265650,93825186940240,4375639744,7,2732,1151,17965
172070963851138,172070963860127,172070963868440,172070963869349,172070963873323,172070963873386,265650,93825186940240,4375639744,7,2732,1151,17966
172070973247412,172070973259522,172070973270138,172070973271218,172070973276638,172070973276711,265650,93825186940240,4375639744,7,2732,1151,17967
172070982336963,172070982347142,172070982356284,172070982357355,172070982364515,172070982364585,265650,93825186940240,4375639744,7,2732,1151,17968
172070992408623,172070992418270,172070992427400,172070992428368,172070992434554,172070992434611,265650,93825186940240,4375639744,7,2732,1151,17969
172071001840517,172071001849257,172071001857345,172071001858577,172071001863913,172071001863967,265650,93825186940240,4375639744,7,2732,1151,17970
172071010491151,172071010503008,172071010513997,172071010515033,172071010520495,172071010520573,265650,93825186940240,4375639744,7,2732,1151,17971
172071019506094,172071019515732,172071019524694,172071019525498,172071019530714,172071019530776,265650,93825186940240,4375639744,7,2732,1151,17972
172071030860872,172071030870117,172071030878741,172071030879469,172071030883609,172071030883663,265650,93825186940240,4375639744,7,2732,1151,17973
172071039408777,172071039418663,172071039427776,172071039428600,172071039430818,172071039430882,265650,93825186940240,4375639744,7,2732,1151,17974
172071048427654,172071048444685,172071048456131,172071048458773,172071048461586,172071048461676,265650,93825186940240,4375639744,7,2732,1151,17975
172071057843214,172071057854429,172071057864791,172071057866676,172071057870217,172071057870276,265650,93825186940240,4375639744,7,2732,1151,17976
172071067241219,172071067252966,172071067264705,172071067268274,172071067273148,172071067273243,265650,93825186940240,4375639744,7,2732,1151,17977
172071075654310,172071075665357,172071075676287,172071075679062,172071075684501,172071075684576,265650,93825186940240,4375639744,7,2732,1151,17978
172071085199621,172071085216272,172071085230036,172071085231786,172071085237284,172071085237371,265650,93825186940240,4375639744,7,2732,1151,17979
172071094268958,172071094277718,172071094285933,172071094286840,172071094290405,172071094290532,265650,93825186940240,4375639744,7,2732,1151,17980
172071103150754,172071103161221,172071103170881,172071103173034,172071103177690,172071103177771,265650,93825186940240,4375639744,7,2732,1151,17981
172071112478775,172071112488705,172071112497717,172071112498584,172071112503272,172071112503345,265650,93825186940240,4375639744,7,2732,1151,17982
172071121493470,172071121503261,172071121512386,172071121513354,172071121518149,172071121518225,265650,93825186940240,4375639744,7,2732,1151,17983
172071130602300,172071130612279,172071130621433,172071130622091,172071130626390,172071130626464,265650,93825186940240,4375639744,7,2732,1151,17984
172071139957422,172071139966184,172071139975948,172071139976971,172071139980364,172071139980420,265650,93825186940240,4375639744,7,2732,1151,17985
172071149010127,172071149019783,172071149028555,172071149029280,172071149032787,172071149032850,265650,93825186940240,4375639744,7,2732,1151,17986
172071157893383,172071157904787,172071157914790,172071157915401,172071157919349,172071157919417,265650,93825186940240,4375639744,7,2732,1151,17987
172071167480046,172071167490124,172071167499302,172071167500149,172071167504306,172071167504367,265650,93825186940240,4375639744,7,2732,1151,17988
172071177609713,172071177619395,172071177628408,172071177629117,172071177633114,172071177633172,265650,93825186940240,4375639744,7,2732,1151,17989
172071187684430,172071187761882,172071187773155,172071187774529,172071187780914,172071187780991,265650,93825186940240,4375639744,7,2732,1151,17990
172071195827789,172071195850905,172071195862769,172071195865256,172071195872141,172071195872224,265650,93825186940240,4375639744,7,2732,1151,17991
172071204143713,172071204154595,172071204164306,172071204165762,172071204168485,172071204168545,265650,93825186940240,4375639744,7,2732,1151,17992
172071226063363,172071226072667,172071226096859,172071226098653,172071226104923,172071226104995,265650,93825186940240,4375639744,7,2732,1151,17993
172071234461958,172071234501257,172071234512652,172071234514949,172071234522801,172071234522890,265650,93825186940240,4375639744,7,2732,1151,17994
172071242778705,172071242796266,172071242807355,172071242809598,172071242818236,172071242818310,265650,93825186940240,4375639744,7,2732,1151,17995
172071251060440,172071251075572,172071251086348,172071251088280,172071251100133,172071251100223,265650,93825186940240,4375639744,7,2732,1151,17996
172071259396265,172071259412648,172071259423221,172071259425252,172071259436173,172071259436236,265650,93825186940240,4375639744,7,2732,1151,17997
172071267788467,172071267805339,172071267815930,172071267817775,172071267826833,172071267826892,265650,93825186940240,4375639744,7,2732,1151,17998
172071276112499,172071276128904,172071276139870,172071276141937,172071276147192,172071276147255,265650,93825186940240,4375639744,7,2732,1151,17999
172071284428683,172071284450228,172071284461794,172071284464573,172071284476443,172071284476502,265650,93825186940240,4375639744,7,2732,1151,18000
172071292759014,172071292778564,172071292791063,172071292795055,172071292810016,172071292810083,265650,93825186940240,4375639744,7,2732,1151,18001
172071301109765,172071301125023,172071301136053,172071301138357,172071301145960,172071301146036,265650,93825186940240,4375639744,7,2732,1151,18002
172071309441381,172071309455680,172071309465805,172071309467820,172071309473298,172071309473363,265650,93825186940240,4375639744,7,2732,1151,18003
172071317753211,172071317781113,172071317792134,172071317794770,172071317802490,172071317802557,265650,93825186940240,4375639744,7,2732,1151,18004
172071326074508,172071326089226,172071326099735,172071326102140,172071326107817,172071326107870,265650,93825186940240,4375639744,7,2732,1151,18005
172071334450894,172071334467946,172071334480259,172071334483562,172071334491608,172071334491664,265650,93825186940240,4375639744,7,2732,1151,18006
172071342874074,172071342891515,172071342903269,172071342904972,172071342910169,172071342910264,265650,93825186940240,4375639744,7,2732,1151,18007
172071351213698,172071351227080,172071351238296,172071351239495,172071351244245,172071351244337,265650,93825186940240,4375639744,7,2732,1151,18008
172071359439782,172071359448755,172071359456993,172071359457922,172071359462595,172071359462659,265650,93825186940240,4375639744,7,2732,1151,18009
172071368447857,172071368457733,172071368466598,172071368467367,172071368471765,172071368471833,265650,93825186940240,4375639744,7,2732,1151,18010
172071377181228,172071377191085,172071377200487,172071377201258,172071377205237,172071377205309,265650,93825186940240,4375639744,7,2732,1151,18011
172071386067766,172071386077365,172071386086010,172071386086807,172071386091137,172071386091206,265650,93825186940240,4375639744,7,2732,1151,18012
172071394386535,172071394394504,172071394402171,172071394403269,172071394408607,172071394408786,265650,93825186940240,4375639744,7,2732,1151,18013
172071403468446,172071403483388,172071403491993,172071403493779,172071403499576,172071403499639,265650,93825186940240,4375639744,7,2732,1151,18014
172071412483614,172071412493812,172071412503610,172071412505176,172071412511374,172071412511445,265650,93825186940240,4375639744,7,2732,1151,18015
172071420948675,172071420998527,172071421013624,172071421014743,172071421019651,172071421019742,265650,93825186940240,4375639744,7,2732,1151,18016
172071430491075,172071430499852,172071430507957,172071430508832,172071430513915,172071430513982,265650,93825186940240,4375639744,7,2732,1151,18017
172071439993018,172071440005477,172071440014951,172071440016938,172071440025394,172071440025553,265650,93825186940240,4375639744,7,2732,1151,18018
172071449960019,172071449976912,172071449985598,172071449987657,172071449992310,172071449992377,265650,93825186940240,4375639744,7,2732,1151,18019
172071458226715,172071458235675,172071458243899,172071458244786,172071458250634,172071458250696,265650,93825186940240,4375639744,7,2732,1151,18020
172071466503795,172071466513813,172071466522891,172071466523653,172071466528729,172071466528803,265650,93825186940240,4375639744,7,2732,1151,18021
172071475443471,172071475452064,172071475459745,172071475460590,172071475465274,172071475465324,265650,93825186940240,4375639744,7,2732,1151,18022
172071483775936,172071483785876,172071483794937,172071483796095,172071483801851,172071483801921,265650,93825186940240,4375639744,7,2732,1151,18023
172071492396593,172071492407909,172071492415837,172071492416732,172071492421614,172071492421670,265650,93825186940240,4375639744,7,2732,1151,18024
172071501068892,172071501077521,172071501085512,172071501086202,172071501090743,172071501090798,265650,93825186940240,4375639744,7,2732,1151,18025
172071510198558,172071510208769,172071510216777,172071510217506,172071510222452,172071510222509,265650,93825186940240,4375639744,7,2732,1151,18026
172071519402826,172071519414628,172071519425407,172071519426168,172071519429842,172071519429916,265650,93825186940240,4375639744,7,2732,1151,18027
172071530585962,172071530595221,172071530603568,172071530604107,172071530608243,172071530608297,265650,93825186940240,4375639744,7,2732,1151,18028
172071539172836,172071539182732,172071539191934,172071539192411,172071539195958,172071539196020,265650,93825186940240,4375639744,7,2732,1151,18029
172071548442322,172071548451841,172071548460989,172071548462045,172071548466875,172071548466936,265650,93825186940240,4375639744,7,2732,1151,18030
172071557145828,172071557154827,172071557163291,172071557163956,172071557168236,172071557168291,265650,93825186940240,4375639744,7,2732,1151,18031
172071566466611,172071566478545,172071566489487,172071566490278,172071566494095,172071566494171,265650,93825186940240,4375639744,7,2732,1151,18032
172071575065331,172071575075325,172071575084115,172071575085417,172071575092072,172071575092140,265650,93825186940240,4375639744,7,2732,1151,18033
172071584229520,172071584239763,172071584248954,172071584250565,172071584256961,172071584257037,265650,93825186940240,4375639744,7,2732,1151,18034
172071593507924,172071593517775,172071593526523,172071593528151,172071593534953,172071593535019,265650,93825186940240,4375639744,7,2732,1151,18035
172071602235691,172071602247159,172071602257821,172071602258705,172071602263401,172071602263478,265650,93825186940240,4375639744,7,2732,1151,18036
172071610619675,172071610628092,172071610636035,172071610637070,172071610641934,172071610641991,265650,93825186940240,4375639744,7,2732,1151,18037
172071618953706,172071618962176,172071618969984,172071618970957,172071618975181,172071618975232,265650,93825186940240,4375639744,7,2732,1151,18038
172071627532028,172071627540403,172071627548219,172071627548986,172071627552209,172071627552255,265650,93825186940240,4375639744,7,2732,1151,18039
172071636568072,172071636576617,172071636584644,172071636585187,172071636587835,172071636587889,265650,93825186940240,4375639744,7,2732,1151,18040
172071645837327,172071645846707,172071645854574,172071645855321,172071645860000,172071645860052,265650,93825186940240,4375639744,7,2732,1151,18041
172071656930679,172071656940738,172071656950125,172071656951132,172071656955628,172071656955688,265650,93825186940240,4375639744,7,2732,1151,18042
172071665283590,172071665292143,172071665300056,172071665300500,172071665302488,172071665302541,265650,93825186940240,4375639744,7,2732,1151,18043
172071673689876,172071673749193,172071673760229,172071673760954,172071673766284,172071673766357,265650,93825186940240,4375639744,7,2732,1151,18044
172071681979755,172071681988338,172071681996233,172071681996838,172071682004315,172071682004368,265650,93825186940240,4375639744,7,2732,1151,18045
172071690233038,172071690241725,172071690249587,172071690250235,172071690254619,172071690254671,265650,93825186940240,4375639744,7,2732,1151,18046
172071699019959,172071699031534,172071699042030,172071699042724,172071699047626,172071699047700,265650,93825186940240,4375639744,7,2732,1151,18047
172071707885673,172071707895218,172071707903924,172071707904512,172071707908515,172071707908576,265650,93825186940240,4375639744,7,2732,1151,18048
172071718702971,172071718720583,172071718732354,172071718734955,172071718739165,172071718739240,265650,93825186940240,4375639744,7,2732,1151,18049
172071727030116,172071727041536,172071727052262,172071727054639,172071727075234,172071727075310,265650,93825186940240,4375639744,7,2732,1151,18050
172071735361009,172071735373464,172071735384009,172071735386014,172071735391935,172071735392006,265650,93825186940240,4375639744,7,2732,1151,18051
172071743679454,172071743690558,172071743700981,172071743702971,172071743709716,172071743709794,265650,93825186940240,4375639744,7,2732,1151,18052
172071752171347,172071752182606,172071752192999,172071752195046,172071752201508,172071752201581,265650,93825186940240,4375639744,7,2732,1151,18053
172071761207255,172071761218047,172071761226821,172071761228112,172071761232476,172071761232534,265650,93825186940240,4375639744,7,2732,1151,18054
172071769576556,172071769585587,172071769594033,172071769595128,172071769597807,172071769597865,265650,93825186940240,4375639744,7,2732,1151,18055
172071778331982,172071778341763,172071778350776,172071778351572,172071778355633,172071778355709,265650,93825186940240,4375639744,7,2732,1151,18056
172071787352065,172071787361505,172071787370343,172071787371152,172071787375503,172071787375563,265650,93825186940240,4375639744,7,2732,1151,18057
172071796260114,172071796270336,172071796278635,172071796279812,172071796283315,172071796283380,265650,93825186940240,4375639744,7,2732,1151,18058
172071805648393,172071805658395,172071805666922,172071805667959,172071805672927,172071805672987,265650,93825186940240,4375639744,7,2732,1151,18059
172071816176777,172071816187033,172071816196507,172071816197433,172071816203343,172071816203416,265650,93825186940240,4375639744,7,2732,1151,18060
172071824602134,172071824614300,172071824625623,172071824626819,172071824631975,172071824632062,265650,93825186940240,4375639744,7,2732,1151,18061
172071832965092,172071832986461,172071832997766,172071832998809,172071833006938,172071833007019,265650,93825186940240,4375639744,7,2732,1151,18062
172071841263944,172071841275512,172071841286106,172071841287097,172071841291489,172071841291562,265650,93825186940240,4375639744,7,2732,1151,18063
172071849542910,172071849551496,172071849559820,172071849560923,172071849565503,172071849565571,265650,93825186940240,4375639744,7,2732,1151,18064
172071859245258,172071859253748,172071859261585,172071859262401,172071859267050,172071859267119,265650,93825186940240,4375639744,7,2732,1151,18065
172071868228712,172071868238880,172071868248309,172071868249600,172071868254529,172071868254591,265650,93825186940240,4375639744,7,2732,1151,18066
172071876570979,172071876579394,172071876587355,172071876587968,172071876590270,172071876590322,265650,93825186940240,4375639744,7,2732,1151,18067
172071887719473,172071887730846,172071887741992,172071887744439,172071887748992,172071887749077,265650,93825186940240,4375639744,7,2732,1151,18068
172071896183842,172071896196107,172071896206857,172071896208909,172071896213859,172071896213949,265650,93825186940240,4375639744,7,2732,1151,18069
172071904512525,172071904523428,172071904534023,172071904535743,172071904539706,172071904539762,265650,93825186940240,4375639744,7,2732,1151,18070
172071912879725,172071912895492,172071912904424,172071912905960,172071912912679,172071912912738,265650,93825186940240,4375639744,7,2732,1151,18071
172071922090750,172071922100390,172071922109205,172071922111991,172071922117647,172071922117711,265650,93825186940240,4375639744,7,2732,1151,18072
172071931086565,172071931095822,172071931104848,172071931106891,172071931111533,172071931111602,265650,93825186940240,4375639744,7,2732,1151,18073
172071940770711,172071940785280,172071940796988,172071940800202,172071940809783,172071940809866,265650,93825186940240,4375639744,7,2732,1151,18074
172071949268405,172071949281105,172071949292384,172071949295325,172071949308240,172071949308332,265650,93825186940240,4375639744,7,2732,1151,18075
172071958220175,172071958231622,172071958242501,172071958245026,172071958251351,172071958251424,265650,93825186940240,4375639744,7,2732,1151,18076
172071967724845,172071967736356,172071967747067,172071967749203,172071967755067,172071967755155,265650,93825186940240,4375639744,7,2732,1151,18077
172071976047977,172071976059965,172071976070669,172071976072938,172071976076771,172071976076836,265650,93825186940240,4375639744,7,2732,1151,18078
172071984380835,172071984392063,172071984402557,172071984405082,172071984409491,172071984409542,265650,93825186940240,4375639744,7,2732,1151,18079
172071993431967,172071993442426,172071993453096,172071993455581,172071993459951,172071993460011,265650,93825186940240,4375639744,7,2732,1151,18080
172072002528051,172072002538718,172072002549134,172072002551107,172072002556306,172072002556363,265650,93825186940240,4375639744,7,2732,1151,18081
172072011492782,172072011503600,172072011514092,172072011515706,172072011520564,172072011520628,265650,93825186940240,4375639744,7,2732,1151,18082
172072021349831,172072021460144,172072021491096,172072021492750,172072021498044,172072021498151,265650,93825186940240,4375639744,7,2732,1151,18083
172072030167033,172072030177152,172072030186669,172072030187630,172072030191692,172072030191760,265650,93825186940240,4375639744,7,2732,1151,18084
172072038890605,172072038904790,172072038913561,172072038914503,172072038917030,172072038917099,265650,93825186940240,4375639744,7,2732,1151,18085
172072050466768,172072050484604,172072050496135,172072050500071,172072050503853,172072050503949,265650,93825186940240,4375639744,7,2732,1151,18086
172072058962222,172072058973084,172072058984002,172072058986045,172072058992281,172072058992338,265650,93825186940240,4375639744,7,2732,1151,18087
172072067540100,172072067550402,172072067560709,172072067562695,172072067567999,172072067568059,265650,93825186940240,4375639744,7,2732,1151,18088
172072076882535,172072076894226,172072076905132,172072076907085,172072076911610,172072076911668,265650,93825186940240,4375639744,7,2732,1151,18089
172072085214100,172072085224570,172072085234837,172072085236578,172072085243530,172072085243590,265650,93825186940240,4375639744,7,2732,1151,18090
172072093607297,172072093618119,172072093628382,172072093630286,172072093638162,172072093638222,265650,93825186940240,4375639744,7,2732,1151,18091
172072101910099,172072101921705,172072101933077,172072101936043,172072101946769,172072101946823,265650,93825186940240,4375639744,7,2732,1151,18092
172072112359494,172072112370346,172072112380716,172072112383538,172072112389314,172072112389383,265650,93825186940240,4375639744,7,2732,1151,18093
172072120719184,172072120729642,172072120739890,172072120741745,172072120748505,172072120748557,265650,93825186940240,4375639744,7,2732,1151,18094
172072129080332,172072129090888,172072129101713,172072129103857,172072129111481,172072129111535,265650,93825186940240,4375639744,7,2732,1151,18095
172072138213401,172072138224207,172072138234374,172072138236405,172072138243932,172072138243986,265650,93825186940240,4375639744,7,2732,1151,18096
172072146537543,172072146548038,172072146558588,172072146560594,172072146567842,172072146568013,265650,93825186940240,4375639744,7,2732,1151,18097
172072156066399,172072156077125,172072156087409,172072156089475,172072156097580,172072156097753,265650,93825186940240,4375639744,7,2732,1151,18098
172072165181497,172072165192021,172072165202415,172072165204028,172072165211490,172072165211551,265650,93825186940240,4375639744,7,2732,1151,18099
172072174078618,172072174089045,172072174099253,172072174100775,172072174108335,172072174108394,265650,93825186940240,4375639744,7,2732,1151,18100
172072183749095,172072183760465,172072183771085,172072183773255,172072183777843,172072183777926,265650,93825186940240,4375639744,7,2732,1151,18101
172072193063232,172072193074056,172072193084607,172072193086775,172072193096280,172072193096327,265650,93825186940240,4375639744,7,2732,1151,18102
172072202139615,172072202150457,172072202161153,172072202163389,172072202172361,172072202172428,265650,93825186940240,4375639744,7,2732,1151,18103
172072211453747,172072211464377,172072211475085,172072211477019,172072211484800,172072211484861,265650,93825186940240,4375639744,7,2732,1151,18104
172072221501417,172072221512371,172072221522662,172072221525187,172072221534851,172072221534919,265650,93825186940240,4375639744,7,2732,1151,18105
172072230751548,172072230763062,172072230773915,172072230776228,172072230784049,172072230784133,265650,93825186940240,4375639744,7,2732,1151,18106
172072240543791,172072240554425,172072240564826,172072240566742,172072240574162,172072240574244,265650,93825186940240,4375639744,7,2732,1151,18107
172072248923803,172072248932577,172072248940922,172072248942377,172072248947131,172072248947196,265650,93825186940240,4375639744,7,2732,1151,18108
172072257337279,172072257350627,172072257361555,172072257362882,172072257367320,172072257367380,265650,93825186940240,4375639744,7,2732,1151,18109
172072265588956,172072265598335,172072265606771,172072265608308,172072265613305,172072265613374,265650,93825186940240,4375639744,7,2732,1151,18110
172072275110287,172072275120635,172072275129580,172072275130929,172072275135728,172072275135792,265650,93825186940240,4375639744,7,2732,1151,18111
172072283568591,172072283581527,172072283593033,172072283594656,172072283599914,172072283600009,265650,93825186940240,4375639744,7,2732,1151,18112
172072291835289,172072291851782,172072291863252,172072291866002,172072291873801,172072291873886,265650,93825186940240,4375639744,7,2732,1151,18113
172072302062502,172072302074109,172072302084800,172072302086925,172072302090758,172072302090842,265650,93825186940240,4375639744,7,2732,1151,18114
172072310365022,172072310376412,172072310387007,172072310389262,172072310394397,172072310394482,265650,93825186940240,4375639744,7,2732,1151,18115
172072320063535,172072320076275,172072320087105,172072320088869,172072320093453,172072320093527,265650,93825186940240,4375639744,7,2732,1151,18116
172072329366256,172072329377405,172072329387849,172072329390326,172072329395024,172072329395086,265650,93825186940240,4375639744,7,2732,1151,18117
172072337791195,172072337802741,172072337813505,172072337815345,172072337821669,172072337821766,265650,93825186940240,4375639744,7,2732,1151,18118
172072347061916,172072347072954,172072347083500,172072347085425,172072347091075,172072347091153,265650,93825186940240,4375639744,7,2732,1151,18119
172072356927004,172072356937812,172072356948109,172072356949843,172072356955255,172072356955330,265650,93825186940240,4375639744,7,2732,1151,18120
172072365232039,172072365242547,172072365253481,172072365255117,172072365260736,172072365260803,265650,93825186940240,4375639744,7,2732,1151,18121
172072374808792,172072374827801,172072374838408,172072374839892,172072374845832,172072374845897,265650,93825186940240,4375639744,7,2732,1151,18122
172072384470757,172072384480458,172072384489054,172072384490030,172072384494067,172072384494133,265650,93825186940240,4375639744,7,2732,1151,18123
172072393073154,172072393082057,172072393090105,172072393090950,172072393095198,172072393095267,265650,93825186940240,4375639744,7,2732,1151,18124
172072403076119,172072403086330,172072403095566,172072403096672,172072403101701,172072403101766,265650,93825186940240,4375639744,7,2732,1151,18125
172072412421000,172072412429981,172072412438348,172072412439220,172072412443639,172072412443705,265650,93825186940240,4375639744,7,2732,1151,18126
172072420883712,172072420892691,172072420900900,172072420901723,172072420906028,172072420906095,265650,93825186940240,4375639744,7,2732,1151,18127
172072429959361,172072429975729,172072429986807,172072429989411,172072429992833,172072429992919,265650,93825186940240,4375639744,7,2732,1151,18128
172072439216175,172072439226763,172072439236387,172072439238078,172072439244044,172072439244121,265650,93825186940240,4375639744,7,2732,1151,18129
172072447594243,172072447603711,172072447612578,172072447613710,172072447618331,172072447618398,265650,93825186940240,4375639744,7,2732,1151,18130
172072456456695,172072456465388,172072456473349,172072456474563,172072456479039,172072456479096,265650,93825186940240,4375639744,7,2732,1151,18131
172072467497706,172072467509099,172072467520345,172072467522799,172072467528664,172072467528747,265650,93825186940240,4375639744,7,2732,1151,18132
172072475863367,172072475874864,172072475885517,172072475887252,172072475892966,172072475893052,265650,93825186940240,4375639744,7,2732,1151,18133
172072485043264,172072485053970,172072485064235,172072485065920,172072485071082,172072485071256,265650,93825186940240,4375639744,7,2732,1151,18134
172072493925252,172072493935794,172072493945847,172072493947643,172072493950968,172072493951032,265650,93825186940240,4375639744,7,2732,1151,18135
172072502233890,172072502244629,172072502254838,172072502256598,172072502262216,172072502262276,265650,93825186940240,4375639744,7,2732,1151,18136
172072510686101,172072510696750,172072510706759,172072510708224,172072510716160,172072510716222,265650,93825186940240,4375639744,7,2732,1151,18137
172072519987202,172072519998774,172072520013863,172072520015953,172072520026531,172072520026631,265650,93825186940240,4375639744,7,2732,1151,18138
172072528463284,172072528474300,172072528484891,172072528486991,172072528493626,172072528493712,265650,93825186940240,4375639744,7,2732,1151,18139
172072537521083,172072537531723,172072537541918,172072537543697,172072537551369,172072537551434,265650,93825186940240,4375639744,7,2732,1151,18140
172072549046104,172072549056899,172072549067332,172072549069544,172072549074497,172072549074564,265650,93825186940240,4375639744,7,2732,1151,18141
172072557373210,172072557384427,172072557395894,172072557398824,172072557408118,172072557408180,265650,93825186940240,4375639744,7,2732,1151,18142
172072565908694,172072565919563,172072565930064,172072565931948,172072565941204,172072565941296,265650,93825186940240,4375639744,7,2732,1151,18143
172072576192565,172072576203319,172072576213579,172072576215547,172072576220972,172072576221043,265650,93825186940240,4375639744,7,2732,1151,18144
172072584533630,172072584544600,172072584554831,172072584556862,172072584561646,172072584561704,265650,93825186940240,4375639744,7,2732,1151,18145
172072595635398,172072595646611,172072595656729,172072595658584,172072595662455,172072595662520,265650,93825186940240,4375639744,7,2732,1151,18146
172072604028589,172072604039689,172072604050053,172072604051795,172072604059941,172072604060005,265650,93825186940240,4375639744,7,2732,1151,18147
172072612290317,172072612300759,172072612311079,172072612313444,172072612321633,172072612321694,265650,93825186940240,4375639744,7,2732,1151,18148
172072621287755,172072621300262,172072621311418,172072621313932,172072621324166,172072621324257,265650,93825186940240,4375639744,7,2732,1151,18149
172072632426540,172072632437180,172072632447504,172072632449599,172072632454161,172072632454224,265650,93825186940240,4375639744,7,2732,1151,18150
172072640799590,172072640810283,172072640820452,172072640822339,172072640827020,172072640827082,265650,93825186940240,4375639744,7,2732,1151,18151
172072649873054,172072649883900,172072649894171,172072649896015,172072649900738,172072649900795,265650,93825186940240,4375639744,7,2732,1151,18152
172072659129687,172072659140253,172072659150424,172072659152582,172072659161830,172072659161890,265650,93825186940240,4375639744,7,2732,1151,18153
172072667478816,172072667489476,172072667499798,172072667501628,172072667509172,172072667509222,265650,93825186940240,4375639744,7,2732,1151,18154
172072675851668,172072675862084,172072675871875,172072675873359,172072675880155,172072675880217,265650,93825186940240,4375639744,7,2732,1151,18155
172072685093137,172072685103709,172072685114046,172072685115978,172072685124650,172072685124703,265650,93825186940240,4375639744,7,2732,1151,18156
172072694118037,172072694129129,172072694139996,172072694141758,172072694147333,172072694147383,265650,93825186940240,4375639744,7,2732,1151,18157
172072702708922,172072702720021,172072702730935,172072702733131,172072702737301,172072702737346,265650,93825186940240,4375639744,7,2732,1151,18158
172072711891077,172072711901895,172072711912184,172072711913965,172072711922065,172072711922110,265650,93825186940240,4375639744,7,2732,1151,18159
172072721518472,172072721529544,172072721540150,172072721542723,172072721552307,172072721552354,265650,93825186940240,4375639744,7,2732,1151,18160
172072729816579,172072729827576,172072729837781,172072729839790,172072729848064,172072729848110,265650,93825186940240,4375639744,7,2732,1151,18161
172072741452627,172072741463564,172072741475172,172072741477808,172072741487511,172072741487558,265650,93825186940240,4375639744,7,2732,1151,18162
172072749772130,172072749783785,172072749794857,172072749797562,172072749803836,172072749803891,265650,93825186940240,4375639744,7,2732,1151,18163
172072759359780,172072759371426,172072759382217,172072759384233,172072759390448,172072759390554,265650,93825186940240,4375639744,7,2732,1151,18164
172072767957004,172072767968194,172072767978730,172072767980911,172072767989079,172072767989135,265650,93825186940240,4375639744,7,2732,1151,18165
172072777578963,172072777590366,172072777601098,172072777603341,172072777608775,172072777608867,265650,93825186940240,4375639744,7,2732,1151,18166
172072786247391,172072786258383,172072786269198,172072786271099,172072786276124,172072786276202,265650,93825186940240,4375639744,7,2732,1151,18167
172072795854457,172072795865513,172072795876437,172072795878226,172072795883465,172072795883528,265650,93825186940240,4375639744,7,2732,1151,18168
172072804153520,172072804164214,172072804174891,172072804176783,172072804181127,172072804181177,265650,93825186940240,4375639744,7,2732,1151,18169
172072813435991,172072813446669,172072813457081,172072813459017,172072813463598,172072813463642,265650,93825186940240,4375639744,7,2732,1151,18170
172072823389006,172072823399711,172072823411021,172072823413878,172072823418950,172072823418995,265650,93825186940240,4375639744,7,2732,1151,18171
172072831725158,172072831736629,172072831747154,172072831749113,172072831755971,172072831756042,265650,93825186940240,4375639744,7,2732,1151,18172
172072840907413,172072840918221,172072840928531,172072840930275,172072840935591,172072840935657,265650,93825186940240,4375639744,7,2732,1151,18173
172072850260260,172072850270935,172072850281232,172072850283278,172072850288959,172072850289012,265650,93825186940240,4375639744,7,2732,1151,18174
172072858719386,172072858730216,172072858740857,172072858742901,172072858748449,172072858748501,265650,93825186940240,4375639744,7,2732,1151,18175
172072868065446,172072868076054,172072868086952,172072868088815,172072868093659,172072868093707,265650,93825186940240,4375639744,7,2732,1151,18176
172072877273950,172072877284620,172072877296480,172072877298616,172072877303888,172072877303943,265650,93825186940240,4375639744,7,2732,1151,18177
172072885766099,172072885776979,172072885787240,172072885789132,172072885794844,172072885794911,265650,93825186940240,4375639744,7,2732,1151,18178
172072895405407,172072895418755,172072895429744,172072895432007,172072895437713,172072895437807,265650,93825186940240,4375639744,7,2732,1151,18179
172072904925270,172072904936390,172072904946873,172072904948881,172072904952456,172072904952520,265650,93825186940240,4375639744,7,2732,1151,18180
172072913251389,172072913263189,172072913275443,172072913278185,172072913286282,172072913286331,265650,93825186940240,4375639744,7,2732,1151,18181
172072921571615,172072921582175,172072921592293,172072921594547,172072921599774,172072921599837,265650,93825186940240,4375639744,7,2732,1151,18182
172072932029121,172072932039893,172072932050081,172072932051930,172072932056917,172072932056963,265650,93825186940240,4375639744,7,2732,1151,18183
172072940415149,172072940425786,172072940436746,172072940439592,172072940446547,172072940446592,265650,93825186940240,4375639744,7,2732,1151,18184
172072948682899,172072948693296,172072948703451,172072948705414,172072948710188,172072948710246,265650,93825186940240,4375639744,7,2732,1151,18185
172072957753510,172072957764258,172072957774671,172072957776765,172072957783780,172072957783834,265650,93825186940240,4375639744,7,2732,1151,18186
172072966059064,172072966070007,172072966080779,172072966083466,172072966092789,172072966092834,265650,93825186940240,4375639744,7,2732,1151,18187
172072974658354,172072974669495,172072974680014,172072974681743,172072974689148,172072974689193,265650,93825186940240,4375639744,7,2732,1151,18188
172072986855984,172072986867501,172072986878292,172072986880313,172072986885237,172072986885324,265650,93825186940240,4375639744,7,2732,1151,18189
172072995210328,172072995221556,172072995231917,172072995233989,172072995238435,172072995238495,265650,93825186940240,4375639744,7,2732,1151,18190
172073003998274,172073004014243,172073004024661,172073004026572,172073004030482,172073004030537,265650,93825186940240,4375639744,7,2732,1151,18191
172073013566106,172073013577377,172073013587744,172073013589641,172073013593294,172073013593349,265650,93825186940240,4375639744,7,2732,1151,18192
172073022029143,172073022039925,172073022050208,172073022052293,172073022056096,172073022056160,265650,93825186940240,4375639744,7,2732,1151,18193
172073031309464,172073031319847,172073031330343,172073031332147,172073031337229,172073031337276,265650,93825186940240,4375639744,7,2732,1151,18194
172073040626563,172073040637280,172073040647334,172073040649151,172073040652867,172073040652925,265650,93825186940240,4375639744,7,2732,1151,18195
172073048955134,172073048966027,172073048976101,172073048977841,172073048981365,172073048981421,265650,93825186940240,4375639744,7,2732,1151,18196
172073058171224,172073058181740,172073058192185,172073058193923,172073058197777,172073058197836,265650,93825186940240,4375639744,7,2732,1151,18197
172073067757617,172073067768148,172073067778299,172073067780135,172073067783926,172073067783983,265650,93825186940240,4375639744,7,2732,1151,18198
172073076047441,172073076058201,172073076068592,172073076070106,172073076073525,172073076073580,265650,93825186940240,4375639744,7,2732,1151,18199
172073085562133,172073085572726,172073085583019,172073085584914,172073085588466,172073085588518,265650,93825186940240,4375639744,7,2732,1151,18200
172073095255266,172073095266142,172073095276460,172073095278459,172073095281849,172073095281903,265650,93825186940240,4375639744,7,2732,1151,18201
172073103610227,172073103620916,172073103630913,172073103632773,172073103636145,172073103636201,265650,93825186940240,4375639744,7,2732,1151,18202
172073111997334,172073112013688,172073112024049,172073112026443,172073112030474,172073112030531,265650,93825186940240,4375639744,7,2732,1151,18203
172073122087949,172073122099366,172073122110296,172073122112105,172073122116062,172073122116136,265650,93825186940240,4375639744,7,2732,1151,18204
172073130474327,172073130485469,172073130504713,172073130506825,172073130510327,172073130510413,265650,93825186940240,4375639744,7,2732,1151,18205
172073139636354,172073139648074,172073139658523,172073139660488,172073139666296,172073139666384,265650,93825186940240,4375639744,7,2732,1151,18206
172073149467232,172073149478535,172073149489312,172073149491411,172073149498939,172073149499030,265650,93825186940240,4375639744,7,2732,1151,18207
172073157789489,172073157800597,172073157810818,172073157813031,172073157820926,172073157820992,265650,93825186940240,4375639744,7,2732,1151,18208
172073167206156,172073167217316,172073167227740,172073167229520,172073167237096,172073167237155,265650,93825186940240,4375639744,7,2732,1151,18209
172073176995940,172073177011471,172073177021715,172073177023587,172073177029345,172073177029402,265650,93825186940240,4375639744,7,2732,1151,18210
172073185721354,172073185742897,172073185755535,172073185757502,172073185763162,172073185763249,265650,93825186940240,4375639744,7,2732,1151,18211
172073195199502,172073195208796,172073195218672,172073195219622,172073195225072,172073195225138,265650,93825186940240,4375639744,7,2732,1151,18212
172073205924178,172073205939616,172073205950426,172073205952583,172073205958661,172073205958715,265650,93825186940240,4375639744,7,2732,1151,18213
172073214183839,172073214195110,172073214205594,172073214207605,172073214212531,172073214212584,265650,93825186940240,4375639744,7,2732,1151,18214
172073223541100,172073223551918,172073223562455,172073223564460,172073223567915,172073223567958,265650,93825186940240,4375639744,7,2732,1151,18215
172073233315119,172073233326226,172073233337152,172073233339849,172073233345765,172073233345848,265650,93825186940240,4375639744,7,2732,1151,18216
172073241674199,172073241686898,172073241697826,172073241700362,172073241706279,172073241706336,265650,93825186940240,4375639744,7,2732,1151,18217
172073250859357,172073250870845,172073250881823,172073250884110,172073250889545,172073250889632,265650,93825186940240,4375639744,7,2732,1151,18218
172073260298115,172073260307339,172073260316004,172073260317608,172073260321542,172073260321617,265650,93825186940240,4375639744,7,2732,1151,18219
172073268690092,172073268702382,172073268713112,172073268714059,172073268719510,172073268719605,265650,93825186940240,4375639744,7,2732,1151,18220
172073277376449,172073277386412,172073277395710,172073277396680,172073277401926,172073277402044,265650,93825186940240,4375639744,7,2732,1151,18221
172073287286454,172073287303339,172073287314678,172073287317855,172073287326833,172073287326919,265650,93825186940240,4375639744,7,2732,1151,18222
172073295655382,172073295669922,172073295681854,172073295683398,172073295689096,172073295689184,265650,93825186940240,4375639744,7,2732,1151,18223
172073304602700,172073304618600,172073304629753,172073304632524,172073304635805,172073304635883,265650,93825186940240,4375639744,7,2732,1151,18224
172073313579899,172073313591378,172073313602658,172073313604926,172073313610148,172073313610257,265650,93825186940240,4375639744,7,2732,1151,18225
172073322422588,172073322434097,172073322444923,172073322447226,172073322452551,172073322452619,265650,93825186940240,4375639744,7,2732,1151,18226
172073331986639,172073331998308,172073332014221,172073332016611,172073332020248,172073332020345,265650,93825186940240,4375639744,7,2732,1151,18227
172073341332442,172073341355670,172073341369514,172073341372041,172073341380846,172073341380936,265650,93825186940240,4375639744,7,2732,1151,18228
172073349973527,172073349981856,172073349989676,172073349990653,172073349994611,172073349994670,265650,93825186940240,4375639744,7,2732,1151,18229
172073359588005,172073359599148,172073359610296,172073359612653,172073359616991,172073359617060,265650,93825186940240,4375639744,7,2732,1151,18230
172073368689639,172073368700394,172073368710623,172073368712335,172073368716461,172073368716537,265650,93825186940240,4375639744,7,2732,1151,18231
172073377417501,172073377428150,172073377438470,172073377440159,172073377443992,172073377444083,265650,93825186940240,4375639744,7,2732,1151,18232
172073386647206,172073386657836,172073386668027,172073386669842,172073386673286,172073386673356,265650,93825186940240,4375639744,7,2732,1151,18233
172073395865659,172073395876067,172073395886717,172073395888614,172073395892804,172073395892864,265650,93825186940240,4375639744,7,2732,1151,18234
172073404159687,172073404170239,172073404181325,172073404183582,172073404190557,172073404190625,265650,93825186940240,4375639744,7,2732,1151,18235
172073412861411,172073412872583,172073412883272,172073412884956,172073412891246,172073412891319,265650,93825186940240,4375639744,7,2732,1151,18236
172073421664508,172073421674846,172073421685158,172073421686724,172073421692584,172073421692662,265650,93825186940240,4375639744,7,2732,1151,18237
172073430139040,172073430149401,172073430159547,172073430161198,172073430167555,172073430167610,265650,93825186940240,4375639744,7,2732,1151,18238
172073440141333,172073440151910,172073440160716,172073440162528,172073440165731,172073440165790,265650,93825186940240,4375639744,7,2732,1151,18239
172073450269945,172073450278896,172073450287091,172073450288281,172073450293257,172073450293317,265650,93825186940240,4375639744,7,2732,1151,18240
172073458694553,172073458706422,172073458717057,172073458718041,172073458724262,172073458724334,265650,93825186940240,4375639744,7,2732,1151,18241
172073466948985,172073466960698,172073466972001,172073466974711,172073466981892,172073466981986,265650,93825186940240,4375639744,7,2732,1151,18242
172073475964808,172073475975961,172073475986476,172073475988536,172073475994364,172073475994429,265650,93825186940240,4375639744,7,2732,1151,18243
172073485020089,172073485031752,172073485042807,172073485044995,172073485051520,172073485051618,265650,93825186940240,4375639744,7,2732,1151,18244
172073493827049,172073493838214,172073493848570,172073493850376,172073493856419,172073493856487,265650,93825186940240,4375639744,7,2732,1151,18245
172073502962530,172073502973465,172073502983903,172073502986046,172073502991928,172073502991992,265650,93825186940240,4375639744,7,2732,1151,18246
172073511616243,172073511627333,172073511638408,172073511640470,172073511644317,172073511644361,265650,93825186940240,4375639744,7,2732,1151,18247
172073522680426,172073522692059,172073522703258,172073522705133,172073522709350,172073522709447,265650,93825186940240,4375639744,7,2732,1151,18248
172073531587489,172073531600878,172073531612103,172073531614396,172073531619969,172073531620061,265650,93825186940240,4375639744,7,2732,1151,18249
172073540600478,172073540620236,172073540632883,172073540635032,172073540644483,172073540644576,265650,93825186940240,4375639744,7,2732,1151,18250
172073549043548,172073549065563,172073549077553,172073549080356,172073549085130,172073549085230,265650,93825186940240,4375639744,7,2732,1151,18251
172073557580139,172073557591736,172073557602636,172073557604500,172073557611541,172073557611619,265650,93825186940240,4375639744,7,2732,1151,18252
172073565982850,172073565993825,172073566008081,172073566010015,172073566016665,172073566016785,265650,93825186940240,4375639744,7,2732,1151,18253
172073575324580,172073575335191,172073575345756,172073575347624,172073575354045,172073575354125,265650,93825186940240,4375639744,7,2732,1151,18254
172073585394282,172073585405414,172073585416511,172073585418047,172073585421079,172073585421139,265650,93825186940240,4375639744,7,2732,1151,18255
172073594543355,172073594554510,172073594565101,172073594566978,172073594571952,172073594572014,265650,93825186940240,4375639744,7,2732,1151,18256
172073603434462,172073603448666,172073603458709,172073603460468,172073603466959,172073603467039,265650,93825186940240,4375639744,7,2732,1151,18257
172073613091576,172073613109212,172073613121080,172073613122720,172073613126532,172073613126624,265650,93825186940240,4375639744,7,2732,1151,18258
172073621387890,172073621396414,172073621404281,172073621405002,172073621409603,172073621409668,265650,93825186940240,4375639744,7,2732,1151,18259
172073630368070,172073630384420,172073630395912,172073630398678,172073630401410,172073630401498,265650,93825186940240,4375639744,7,2732,1151,18260
172073639425822,172073639436733,172073639447282,172073639449076,172073639452975,172073639453050,265650,93825186940240,4375639744,7,2732,1151,18261
172073648380885,172073648392646,172073648402781,172073648403878,172073648409017,172073648409089,265650,93825186940240,4375639744,7,2732,1151,18262
172073657526206,172073657534567,172073657542448,172073657543169,172073657547249,172073657547307,265650,93825186940240,4375639744,7,2732,1151,18263
172073666510182,172073666518917,172073666527055,172073666527827,172073666531626,172073666531690,265650,93825186940240,4375639744,7,2732,1151,18264
172073675431130,172073675442836,172073675455501,172073675459113,172073675465314,172073675465404,265650,93825186940240,4375639744,7,2732,1151,18265
172073684742375,172073684753798,172073684764872,172073684767699,172073684774876,172073684774935,265650,93825186940240,4375639744,7,2732,1151,18266
172073693739820,172073693751378,172073693762867,172073693765637,172073693771469,172073693771531,265650,93825186940240,4375639744,7,2732,1151,18267
172073702068725,172073702080248,172073702091295,172073702093875,172073702100000,172073702100080,265650,93825186940240,4375639744,7,2732,1151,18268
172073712268775,172073712279568,172073712290380,172073712292572,172073712297561,172073712297614,265650,93825186940240,4375639744,7,2732,1151,18269
172073720625006,172073720636485,172073720647034,172073720649251,172073720656326,172073720656402,265650,93825186940240,4375639744,7,2732,1151,18270
172073728957547,172073728969733,172073728980161,172073728982341,172073728985635,172073728985711,265650,93825186940240,4375639744,7,2732,1151,18271
172073737340726,172073737352205,172073737363423,172073737365520,172073737371819,172073737371918,265650,93825186940240,4375639744,7,2732,1151,18272
172073746390315,172073746401953,172073746412441,172073746414937,172073746420041,172073746420107,265650,93825186940240,4375639744,7,2732,1151,18273
172073756880253,172073756892200,172073756903008,172073756905758,172073756909409,172073756909490,265650,93825186940240,4375639744,7,2732,1151,18274
172073765825583,172073765839878,172073765849348,172073765850775,172073765855884,172073765855957,265650,93825186940240,4375639744,7,2732,1151,18275
172073774813812,172073774822848,172073774831209,172073774832215,172073774837441,172073774837507,265650,93825186940240,4375639744,7,2732,1151,18276
172073783191305,172073783201327,172073783210820,172073783211774,172073783216647,172073783216727,265650,93825186940240,4375639744,7,2732,1151,18277
172073792498531,172073792508263,172073792517141,172073792517864,172073792522171,172073792522244,265650,93825186940240,4375639744,7,2732,1151,18278
172073801390004,172073801399827,172073801408778,172073801409575,172073801414129,172073801414191,265650,93825186940240,4375639744,7,2732,1151,18279
172073809790988,172073809802731,172073809813625,172073809814750,172073809819565,172073809819620,265650,93825186940240,4375639744,7,2732,1151,18280
172073818981991,172073818990190,172073818997961,172073818998583,172073819005430,172073819005477,265650,93825186940240,4375639744,7,2732,1151,18281
172073827899010,172073827907699,172073827917232,172073827917812,172073827921287,172073827921348,265650,93825186940240,4375639744,7,2732,1151,18282
172073836770716,172073836779389,172073836787519,172073836788119,172073836791847,172073836791901,265650,93825186940240,4375639744,7,2732,1151,18283
172073845428270,172073845438454,172073845446512,172073845447196,172073845451126,172073845451180,265650,93825186940240,4375639744,7,2732,1151,18284
172073854098770,172073854107540,172073854115578,172073854116628,172073854119673,172073854119722,265650,93825186940240,4375639744,7,2732,1151,18285
172073862435643,172073862444451,172073862452745,172073862453798,172073862455995,172073862456052,265650,93825186940240,4375639744,7,2732,1151,18286
172073871367632,172073871376917,172073871385504,172073871386971,172073871390598,172073871390658,265650,93825186940240,4375639744,7,2732,1151,18287
172073880181610,172073880190629,172073880198965,172073880200136,172073880204666,172073880204722,265650,93825186940240,4375639744,7,2732,1151,18288
172073888765917,172073888776038,172073888785159,172073888786289,172073888790401,172073888790461,265650,93825186940240,4375639744,7,2732,1151,18289
172073897784933,172073897794191,172073897802718,172073897804085,172073897808103,172073897808171,265650,93825186940240,4375639744,7,2732,1151,18290
172073907254090,172073907264055,172073907273327,172073907274781,172073907281964,172073907282029,265650,93825186940240,4375639744,7,2732,1151,18291
172073915591033,172073915600458,172073915609186,172073915609941,172073915614130,172073915614193,265650,93825186940240,4375639744,7,2732,1151,18292
172073924870094,172073924881366,172073924889253,172073924890069,172073924892498,172073924892554,265650,93825186940240,4375639744,7,2732,1151,18293
172073933667081,172073933675696,172073933683684,172073933684752,172073933688750,172073933688818,265650,93825186940240,4375639744,7,2732,1151,18294
172073942336740,172073942345649,172073942353707,172073942355072,172073942360479,172073942360531,265650,93825186940240,4375639744,7,2732,1151,18295
172073951749409,172073951759332,172073951768517,172073951769784,172073951775057,172073951775120,265650,93825186940240,4375639744,7,2732,1151,18296
172073962620610,172073962629833,172073962638256,172073962639581,172073962642435,172073962642492,265650,93825186940240,4375639744,7,2732,1151,18297
172073971015114,172073971037186,172073971048714,172073971051680,172073971057299,172073971057409,265650,93825186940240,4375639744,7,2732,1151,18298
172073980880444,172073980900483,172073980913524,172073980915959,172073980922052,172073980922144,265650,93825186940240,4375639744,7,2732,1151,18299
172073990131903,172073990144352,172073990155261,172073990158015,172073990163185,172073990163281,265650,93825186940240,4375639744,7,2732,1151,18300
172073998470677,172073998483121,172073998492997,172073998494849,172073998500051,172073998500121,265650,93825186940240,4375639744,7,2732,1151,18301
172074007879063,172074007890667,172074007901923,172074007904584,172074007910750,172074007910863,265650,93825186940240,4375639744,7,2732,1151,18302
172074016228802,172074016237762,172074016246601,172074016248236,172074016256582,172074016256646,265650,93825186940240,4375639744,7,2732,1151,18303
172074024665404,172074024678412,172074024687620,172074024688780,172074024693558,172074024693630,265650,93825186940240,4375639744,7,2732,1151,18304
172074034786300,172074034794771,172074034802601,172074034803651,172074034808055,172074034808115,265650,93825186940240,4375639744,7,2732,1151,18305
172074043540203,172074043548851,172074043556741,172074043557463,172074043561730,172074043561786,265650,93825186940240,4375639744,7,2732,1151,18306
172074052263864,172074052273863,172074052283374,172074052284669,172074052291003,172074052291078,265650,93825186940240,4375639744,7,2732,1151,18307
172074061405500,172074061413931,172074061421953,172074061422739,172074061427167,172074061427222,265650,93825186940240,4375639744,7,2732,1151,18308
172074070755844,172074070764297,172074070772212,172074070772835,172074070777823,172074070777872,265650,93825186940240,4375639744,7,2732,1151,18309
172074079203737,172074079212392,172074079220832,172074079221423,172074079225535,172074079225592,265650,93825186940240,4375639744,7,2732,1151,18310
172074088427576,172074088439403,172074088450400,172074088451331,172074088455985,172074088456063,265650,93825186940240,4375639744,7,2732,1151,18311
172074096958747,172074096967420,172074096975653,172074096976841,172074096981075,172074096981131,265650,93825186940240,4375639744,7,2732,1151,18312
172074105385743,172074105436681,172074105447777,172074105448915,172074105453353,172074105453432,265650,93825186940240,4375639744,7,2732,1151,18313
172074113881952,172074113893550,172074113902733,172074113903576,172074113908489,172074113908554,265650,93825186940240,4375639744,7,2732,1151,18314
172074122950324,172074122959844,172074122968057,172074122969073,172074122974159,172074122974224,265650,93825186940240,4375639744,7,2732,1151,18315
172074131509099,172074131519594,172074131527337,172074131528272,172074131532687,172074131532753,265650,93825186940240,4375639744,7,2732,1151,18316
172074140489313,172074140501323,172074140511267,172074140512355,172074140517681,172074140517739,265650,93825186940240,4375639744,7,2732,1151,18317
172074150181605,172074150191155,172074150199309,172074150200440,172074150204881,172074150204949,265650,93825186940240,4375639744,7,2732,1151,18318
172074158510462,172074158519138,172074158527091,172074158528068,172074158533066,172074158533131,265650,93825186940240,4375639744,7,2732,1151,18319
172074169306802,172074169315859,172074169324334,172074169325564,172074169330031,172074169330090,265650,93825186940240,4375639744,7,2732,1151,18320
172074178092582,172074178101538,172074178110004,172074178110720,172074178113992,172074178114053,265650,93825186940240,4375639744,7,2732,1151,18321
172074186435633,172074186445501,172074186453471,172074186454339,172074186458883,172074186458949,265650,93825186940240,4375639744,7,2732,1151,18322
172074195970965,172074195979981,172074195988094,172074195988839,172074195993361,172074195993418,265650,93825186940240,4375639744,7,2732,1151,18323
172074206037707,172074206046268,172074206054247,172074206055039,172074206059448,172074206059502,265650,93825186940240,4375639744,7,2732,1151,18324
172074215350896,172074215362710,172074215370989,172074215371603,172074215375064,172074215375110,265650,93825186940240,4375639744,7,2732,1151,18325
172074224940114,172074224951882,172074224962924,172074224963620,172074224966746,172074224966801,265650,93825186940240,4375639744,7,2732,1151,18326
172074233925923,172074233935682,172074233944837,172074233945576,172074233949140,172074233949203,265650,93825186940240,4375639744,7,2732,1151,18327
172074243093201,172074243102150,172074243110336,172074243111286,172074243114781,172074243114839,265650,93825186940240,4375639744,7,2732,1151,18328
172074253043830,172074253060107,172074253071369,172074253074090,172074253076758,172074253076836,265650,93825186940240,4375639744,7,2732,1151,18329
172074262120695,172074262132516,172074262144762,172074262146842,172074262151695,172074262151791,265650,93825186940240,4375639744,7,2732,1151,18330
172074270689275,172074270700433,172074270711005,172074270712990,172074270719195,172074270719265,265650,93825186940240,4375639744,7,2732,1151,18331
172074279445398,172074279453819,172074279462121,172074279463084,172074279465794,172074279465852,265650,93825186940240,4375639744,7,2732,1151,18332
172074288341702,172074288354008,172074288364115,172074288365004,172074288370208,172074288370286,265650,93825186940240,4375639744,7,2732,1151,18333
172074297422951,172074297433006,172074297442419,172074297443436,172074297450698,172074297450776,265650,93825186940240,4375639744,7,2732,1151,18334
172074306939979,172074306955910,172074306966724,172074306969266,172074306971585,172074306971664,265650,93825186940240,4375639744,7,2732,1151,18335
172074316358892,172074316367736,172074316377915,172074316380874,172074316386876,172074316386945,265650,93825186940240,4375639744,7,2732,1151,18336
172074324801151,172074324813338,172074324824436,172074324825867,172074324830953,172074324831041,265650,93825186940240,4375639744,7,2732,1151,18337
172074333675357,172074333683915,172074333692253,172074333693900,172074333697194,172074333697254,265650,93825186940240,4375639744,7,2732,1151,18338
172074342515940,172074342525019,172074342532840,172074342533503,172074342537797,172074342537863,265650,93825186940240,4375639744,7,2732,1151,18339
172074351361620,172074351370253,172074351378258,172074351378880,172074351383493,172074351383555,265650,93825186940240,4375639744,7,2732,1151,18340
172074361282689,172074361294623,172074361305839,172074361306732,172074361311195,172074361311272,265650,93825186940240,4375639744,7,2732,1151,18341
172074369930254,172074369939068,172074369947162,172074369947903,172074369951707,172074369951757,265650,93825186940240,4375639744,7,2732,1151,18342
172074378201992,172074378211588,172074378220490,172074378221412,172074378225651,172074378225721,265650,93825186940240,4375639744,7,2732,1151,18343
172074387236721,172074387245961,172074387254321,172074387255681,172074387257628,172074387257695,265650,93825186940240,4375639744,7,2732,1151,18344
172074397469178,172074397477764,172074397485740,172074397486488,172074397490974,172074397491033,265650,93825186940240,4375639744,7,2732,1151,18345
172074405779381,172074405791465,172074405802166,172074405803022,172074405807515,172074405807603,265650,93825186940240,4375639744,7,2732,1151,18346
172074415578463,172074415586625,172074415594259,172074415594961,172074415597602,172074415597662,265650,93825186940240,4375639744,7,2732,1151,18347
172074424340274,172074424350435,172074424359690,172074424360490,172074424364443,172074424364519,265650,93825186940240,4375639744,7,2732,1151,18348
172074434261487,172074434271398,172074434280801,172074434281945,172074434285011,172074434285080,265650,93825186940240,4375639744,7,2732,1151,18349
172074443537266,172074443546325,172074443554792,172074443555682,172074443559940,172074443560004,265650,93825186940240,4375639744,7,2732,1151,18350
172074451852608,172074451861351,172074451869348,172074451870312,172074451874686,172074451874740,265650,93825186940240,4375639744,7,2732,1151,18351
172074460173788,172074460182297,172074460189960,172074460190903,172074460195234,172074460195291,265650,93825186940240,4375639744,7,2732,1151,18352
172074469398630,172074469407376,172074469415640,172074469416410,172074469420826,172074469420883,265650,93825186940240,4375639744,7,2732,1151,18353
172074479904235,172074479912991,172074479921770,172074479922923,172074479927081,172074479927139,265650,93825186940240,4375639744,7,2732,1151,18354
172074488304393,172074488358717,172074488369629,172074488370671,172074488376164,172074488376254,265650,93825186940240,4375639744,7,2732,1151,18355
172074496497650,172074496507430,172074496515571,172074496516504,172074496520628,172074496520692,265650,93825186940240,4375639744,7,2732,1151,18356
172074506943919,172074506953536,172074506962053,172074506962965,172074506967661,172074506967734,265650,93825186940240,4375639744,7,2732,1151,18357
172074515368893,172074515393704,172074515404865,172074515406189,172074515410387,172074515410468,265650,93825186940240,4375639744,7,2732,1151,18358
172074523600368,172074523618643,172074523629788,172074523632119,172074523634942,172074523635022,265650,93825186940240,4375639744,7,2732,1151,18359
172074531928032,172074531939500,172074531950166,172074531952220,172074531958700,172074531958876,265650,93825186940240,4375639744,7,2732,1151,18360
172074540316113,172074540327712,172074540338250,172074540339811,172074540347716,172074540347815,265650,93825186940240,4375639744,7,2732,1151,18361
172074549487527,172074549498594,172074549509148,172074549511061,172074549518499,172074549518589,265650,93825186940240,4375639744,7,2732,1151,18362
172074558428300,172074558438870,172074558449229,172074558451106,172074558456829,172074558456890,265650,93825186940240,4375639744,7,2732,1151,18363
172074567872591,172074567883073,172074567894085,172074567896669,172074567903466,172074567903531,265650,93825186940240,4375639744,7,2732,1151,18364
172074577386533,172074577397598,172074577408583,172074577411182,172074577417817,172074577417915,265650,93825186940240,4375639744,7,2732,1151,18365
172074588484639,172074588499010,172074588508961,172074588510567,172074588514744,172074588514814,265650,93825186940240,4375639744,7,2732,1151,18366
172074596788379,172074596797510,172074596806297,172074596808355,172074596810673,172074596810739,265650,93825186940240,4375639744,7,2732,1151,18367
172074606019079,172074606028187,172074606036626,172074606037401,172074606041972,172074606042039,265650,93825186940240,4375639744,7,2732,1151,18368
172074615870540,172074615880247,172074615889075,172074615889904,172074615894221,172074615894291,265650,93825186940240,4375639744,7,2732,1151,18369
172074624585527,172074624594851,172074624603360,172074624604490,172074624608836,172074624608905,265650,93825186940240,4375639744,7,2732,1151,18370
172074634075630,172074634085475,172074634094564,172074634095426,172074634099646,172074634099708,265650,93825186940240,4375639744,7,2732,1151,18371
172074642761981,172074642770698,172074642778805,172074642779659,172074642783168,172074642783237,265650,93825186940240,4375639744,7,2732,1151,18372
172074651466515,172074651476296,172074651485396,172074651486166,172074651490453,172074651490523,265650,93825186940240,4375639744,7,2732,1151,18373
172074661051293,172074661060115,172074661068243,172074661068893,172074661072769,172074661072823,265650,93825186940240,4375639744,7,2732,1151,18374
172074669874947,172074669884208,172074669892822,172074669893646,172074669897961,172074669898014,265650,93825186940240,4375639744,7,2732,1151,18375
172074678848886,172074678860795,172074678871854,172074678872633,172074678876929,172074678877004,265650,93825186940240,4375639744,7,2732,1151,18376
172074688294561,172074688303072,172074688311146,172074688311730,172074688314982,172074688315037,265650,93825186940240,4375639744,7,2732,1151,18377
172074697477591,172074697486904,172074697495384,172074697496136,172074697498397,172074697498455,265650,93825186940240,4375639744,7,2732,1151,18378
172074706057235,172074706065481,172074706073319,172074706073978,172074706077179,172074706077227,265650,93825186940240,4375639744,7,2732,1151,18379
172074715551731,172074715560755,172074715568234,172074715568822,172074715571954,172074715572001,265650,93825186940240,4375639744,7,2732,1151,18380
172074724201212,172074724211678,172074724220584,172074724221335,172074724224612,172074724224666,265650,93825186940240,4375639744,7,2732,1151,18381
172074732784716,172074732793256,172074732801083,172074732802026,172074732805459,172074732805508,265650,93825186940240,4375639744,7,2732,1151,18382
172074742570570,172074742579817,172074742588362,172074742589040,172074742592846,172074742592899,265650,93825186940240,4375639744,7,2732,1151,18383
172074751419077,172074751430950,172074751441920,172074751442763,172074751446687,172074751446768,265650,93825186940240,4375639744,7,2732,1151,18384
172074759993202,172074760005101,172074760013197,172074760013852,172074760017477,172074760017536,265650,93825186940240,4375639744,7,2732,1151,18385
172074770300679,172074770309411,172074770318077,172074770319815,172074770324431,172074770324490,265650,93825186940240,4375639744,7,2732,1151,18386
172074779036228,172074779045814,172074779054807,172074779055560,172074779060286,172074779060353,265650,93825186940240,4375639744,7,2732,1151,18387
172074788022847,172074788034019,172074788044906,172074788047412,172074788052580,172074788052683,265650,93825186940240,4375639744,7,2732,1151,18388
172074797161495,172074797172243,172074797182637,172074797184454,172074797189050,172074797189259,265650,93825186940240,4375639744,7,2732,1151,18389
172074806086884,172074806099829,172074806111041,172074806112004,172074806116390,172074806116462,265650,93825186940240,4375639744,7,2732,1151,18390
172074814563819,172074814575495,172074814585883,172074814586386,172074814590019,172074814590085,265650,93825186940240,4375639744,7,2732,1151,18391
172074824180127,172074824188636,172074824196611,172074824197278,172074824200863,172074824200917,265650,93825186940240,4375639744,7,2732,1151,18392
172074832883952,172074832892697,172074832900659,172074832901433,172074832906153,172074832906204,265650,93825186940240,4375639744,7,2732,1151,18393
172074841346143,172074841362685,172074841373887,172074841376451,172074841381204,172074841381305,265650,93825186940240,4375639744,7,2732,1151,18394
172074850925699,172074850936899,172074850947584,172074850949506,172074850954104,172074850954166,265650,93825186940240,4375639744,7,2732,1151,18395
172074860071283,172074860082550,172074860093508,172074860095475,172074860099794,172074860099856,265650,93825186940240,4375639744,7,2732,1151,18396
172074868962664,172074868973611,172074868983891,172074868985767,172074868989806,172074868989873,265650,93825186940240,4375639744,7,2732,1151,18397
172074878645090,172074878655672,172074878666644,172074878668585,172074878673481,172074878673543,265650,93825186940240,4375639744,7,2732,1151,18398
172074887382649,172074887393614,172074887403981,172074887405685,172074887410292,172074887410355,265650,93825186940240,4375639744,7,2732,1151,18399
172074896094337,172074896105133,172074896115564,172074896117386,172074896121562,172074896121629,265650,93825186940240,4375639744,7,2732,1151,18400
172074905425414,172074905436220,172074905446486,172074905448133,172074905452096,172074905452157,265650,93825186940240,4375639744,7,2732,1151,18401
172074914173272,172074914184782,172074914195270,172074914197114,172074914201190,172074914201251,265650,93825186940240,4375639744,7,2732,1151,18402
172074922900223,172074922911393,172074922921594,172074922923434,172074922927598,172074922927662,265650,93825186940240,4375639744,7,2732,1151,18403
172074932328036,172074932338793,172074932349378,172074932351324,172074932355417,172074932355476,265650,93825186940240,4375639744,7,2732,1151,18404
172074940935726,172074940948482,172074940959302,172074940961294,172074940965153,172074940965242,265650,93825186940240,4375639744,7,2732,1151,18405
172074949627032,172074949637817,172074949649609,172074949652764,172074949657809,172074949657869,265650,93825186940240,4375639744,7,2732,1151,18406
172074960154415,172074960165915,172074960176775,172074960178825,172074960184684,172074960184768,265650,93825186940240,4375639744,7,2732,1151,18407
172074968896798,172074968908032,172074968918555,172074968920570,172074968924725,172074968924793,265650,93825186940240,4375639744,7,2732,1151,18408
172074977837033,172074977848148,172074977859491,172074977861596,172074977866546,172074977866613,265650,93825186940240,4375639744,7,2732,1151,18409
172074987931529,172074987943222,172074987955286,172074987958578,172074987963920,172074987964004,265650,93825186940240,4375639744,7,2732,1151,18410
172074996404625,172074996415618,172074996426093,172074996428014,172074996432078,172074996432134,265650,93825186940240,4375639744,7,2732,1151,18411
172075005162074,172075005179517,172075005188821,172075005190647,172075005196301,172075005196360,265650,93825186940240,4375639744,7,2732,1151,18412
172075015707913,172075015717217,172075015725870,172075015727369,172075015730116,172075015730181,265650,93825186940240,4375639744,7,2732,1151,18413
172075024291802,172075024300359,172075024308367,172075024309359,172075024314826,172075024314884,265650,93825186940240,4375639744,7,2732,1151,18414
172075032816672,172075032825718,172075032834347,172075032835087,172075032838826,172075032838880,265650,93825186940240,4375639744,7,2732,1151,18415
172075042512156,172075042521447,172075042530023,172075042530772,172075042534909,172075042534962,265650,93825186940240,4375639744,7,2732,1151,18416
172075051679212,172075051688150,172075051697461,172075051699987,172075051705143,172075051705205,265650,93825186940240,4375639744,7,2732,1151,18417
172075060005607,172075060017961,172075060029500,172075060030596,172075060035829,172075060035913,265650,93825186940240,4375639744,7,2732,1151,18418
172075068415493,172075068427454,172075068437445,172075068438224,172075068442639,172075068442709,265650,93825186940240,4375639744,7,2732,1151,18419
172075076853908,172075076862647,172075076870744,172075076871491,172075076876045,172075076876099,265650,93825186940240,4375639744,7,2732,1151,18420
172075085529137,172075085537567,172075085545352,172075085546094,172075085550698,172075085550750,265650,93825186940240,4375639744,7,2732,1151,18421
172075094651029,172075094659875,172075094668135,172075094669288,172075094674622,172075094674714,265650,93825186940240,4375639744,7,2732,1151,18422
172075104048195,172075104060121,172075104071042,172075104072159,172075104077178,172075104077238,265650,93825186940240,4375639744,7,2732,1151,18423
172075112715177,172075112725050,172075112734251,172075112735288,172075112740076,172075112740139,265650,93825186940240,4375639744,7,2732,1151,18424
172075121975541,172075121987483,172075122008088,172075122012772,172075122016425,172075122016521,265650,93825186940240,4375639744,7,2732,1151,18425
172075130869224,172075130880107,172075130890516,172075130892715,172075130899215,172075130899267,265650,93825186940240,4375639744,7,2732,1151,18426
172075139751884,172075139762756,172075139773262,172075139774915,172075139780162,172075139780219,265650,93825186940240,4375639744,7,2732,1151,18427
172075149190718,172075149201183,172075149211558,172075149213338,172075149218860,172075149218916,265650,93825186940240,4375639744,7,2732,1151,18428
172075158274617,172075158285512,172075158295718,172075158297248,172075158302139,172075158302195,265650,93825186940240,4375639744,7,2732,1151,18429
172075167128313,172075167139125,172075167149714,172075167151457,172075167157586,172075167157644,265650,93825186940240,4375639744,7,2732,1151,18430
172075176584099,172075176594985,172075176605691,172075176607721,172075176613967,172075176614028,265650,93825186940240,4375639744,7,2732,1151,18431
172075185751439,172075185762269,172075185773266,172075185775225,172075185781386,172075185781455,265650,93825186940240,4375639744,7,2732,1151,18432
172075194458703,172075194469572,172075194479965,172075194481684,172075194486920,172075194486984,265650,93825186940240,4375639744,7,2732,1151,18433
172075203740344,172075203751098,172075203761716,172075203763470,172075203769056,172075203769118,265650,93825186940240,4375639744,7,2732,1151,18434
172075215275306,172075215290757,172075215303066,172075215304503,172075215308890,172075215308964,265650,93825186940240,4375639744,7,2732,1151,18435
172075223728344,172075223744038,172075223754805,172075223757344,172075223760565,172075223760640,265650,93825186940240,4375639744,7,2732,1151,18436
172075233067895,172075233079922,172075233090780,172075233092548,172075233096643,172075233096727,265650,93825186940240,4375639744,7,2732,1151,18437
172075241926742,172075241937537,172075241947900,172075241950076,172075241956909,172075241956966,265650,93825186940240,4375639744,7,2732,1151,18438
172075250232419,172075250243441,172075250254050,172075250256270,172075250262698,172075250262763,265650,93825186940240,4375639744,7,2732,1151,18439
172075258854818,172075258865446,172075258875822,172075258877745,172075258884064,172075258884124,265650,93825186940240,4375639744,7,2732,1151,18440
172075267427702,172075267439057,172075267449984,172075267452063,172075267460771,172075267460841,265650,93825186940240,4375639744,7,2732,1151,18441
172075276190201,172075276201103,172075276211573,172075276213559,172075276219505,172075276219565,265650,93825186940240,4375639744,7,2732,1151,18442
172075285369233,172075285380102,172075285390402,172075285392176,172075285397521,172075285397577,265650,93825186940240,4375639744,7,2732,1151,18443
172075294257621,172075294268564,172075294279115,172075294280707,172075294284413,172075294284480,265650,93825186940240,4375639744,7,2732,1151,18444
172075303201216,172075303212024,172075303222467,172075303224443,172075303230011,172075303230089,265650,93825186940240,4375639744,7,2732,1151,18445
172075311684602,172075311695338,172075311705797,172075311707647,172075311713694,172075311713764,265650,93825186940240,4375639744,7,2732,1151,18446
172075321855471,172075321865886,172075321876650,172075321878338,172075321881580,172075321881640,265650,93825186940240,4375639744,7,2732,1151,18447
172075331132406,172075331143763,172075331154538,172075331157150,172075331160622,172075331160687,265650,93825186940240,4375639744,7,2732,1151,18448
172075340496482,172075340507847,172075340519116,172075340521683,172075340526861,172075340526947,265650,93825186940240,4375639744,7,2732,1151,18449
172075348819042,172075348829580,172075348839694,172075348842001,172075348846368,172075348846429,265650,93825186940240,4375639744,7,2732,1151,18450
172075357142416,172075357152928,172075357163737,172075357165650,172075357169857,172075357169926,265650,93825186940240,4375639744,7,2732,1151,18451
172075366242952,172075366253713,172075366264124,172075366265974,172075366270149,172075366270208,265650,93825186940240,4375639744,7,2732,1151,18452
172075375611569,172075375621980,172075375632315,172075375633969,172075375638125,172075375638184,265650,93825186940240,4375639744,7,2732,1151,18453
172075384428733,172075384439546,172075384450128,172075384452012,172075384455971,172075384456032,265650,93825186940240,4375639744,7,2732,1151,18454
172075394006701,172075394017535,172075394027934,172075394029609,172075394034092,172075394034157,265650,93825186940240,4375639744,7,2732,1151,18455
172075403128378,172075403138850,172075403149110,172075403150711,172075403154810,172075403154868,265650,93825186940240,4375639744,7,2732,1151,18456
172075411915680,172075411926914,172075411938636,172075411941230,172075411945678,172075411945862,265650,93825186940240,4375639744,7,2732,1151,18457
172075421396323,172075421407293,172075421418265,172075421420456,172075421424530,172075421424590,265650,93825186940240,4375639744,7,2732,1151,18458
172075433138406,172075433151178,172075433162091,172075433164112,172075433167782,172075433167852,265650,93825186940240,4375639744,7,2732,1151,18459
172075441517330,172075441528124,172075441537126,172075441538365,172075441542161,172075441542212,265650,93825186940240,4375639744,7,2732,1151,18460
172075449809602,172075449818610,172075449826729,172075449827598,172075449832099,172075449832154,265650,93825186940240,4375639744,7,2732,1151,18461
172075458109515,172075458118037,172075458125979,172075458126747,172075458131127,172075458131180,265650,93825186940240,4375639744,7,2732,1151,18462
172075466884380,172075466893310,172075466901114,172075466901820,172075466906653,172075466906711,265650,93825186940240,4375639744,7,2732,1151,18463
172075477885501,172075477894281,172075477902502,172075477903276,172075477907072,172075477907129,265650,93825186940240,4375639744,7,2732,1151,18464
172075486270490,172075486282469,172075486293861,172075486294792,172075486299378,172075486299460,265650,93825186940240,4375639744,7,2732,1151,18465
172075494523452,172075494531759,172075494539685,172075494540310,172075494543775,172075494543825,265650,93825186940240,4375639744,7,2732,1151,18466
172075503504671,172075503516574,172075503526121,172075503526765,172075503530842,172075503530897,265650,93825186940240,4375639744,7,2732,1151,18467
172075513033449,172075513043169,172075513052087,172075513052771,172075513056936,172075513056992,265650,93825186940240,4375639744,7,2732,1151,18468
172075521415873,172075521425423,172075521434344,172075521435087,172075521439075,172075521439131,265650,93825186940240,4375639744,7,2732,1151,18469
172075530781083,172075530789525,172075530797484,172075530798164,172075530801989,172075530802044,265650,93825186940240,4375639744,7,2732,1151,18470
172075540280941,172075540290397,172075540299103,172075540299921,172075540303708,172075540303763,265650,93825186940240,4375639744,7,2732,1151,18471
172075548980127,172075548997556,172075549012558,172075549015253,172075549018464,172075549018564,265650,93825186940240,4375639744,7,2732,1151,18472
172075558312261,172075558325814,172075558337427,172075558338522,172075558343622,172075558343700,265650,93825186940240,4375639744,7,2732,1151,18473
172075566499241,172075566509572,172075566530374,172075566531422,172075566534371,172075566534433,265650,93825186940240,4375639744,7,2732,1151,18474
172075574860055,172075574870419,172075574879415,172075574880416,172075574883268,172075574883334,265650,93825186940240,4375639744,7,2732,1151,18475
172075585380186,172075585389942,172075585399033,172075585400163,172075585404710,172075585404776,265650,93825186940240,4375639744,7,2732,1151,18476
172075594924386,172075594934150,172075594943420,172075594944323,172075594948520,172075594948588,265650,93825186940240,4375639744,7,2732,1151,18477
172075603265829,172075603282776,172075603293806,172075603296531,172075603299671,172075603299764,265650,93825186940240,4375639744,7,2732,1151,18478
172075612551654,172075612567198,172075612579182,172075612580653,172075612585289,172075612585374,265650,93825186940240,4375639744,7,2732,1151,18479
172075621474647,172075621484352,172075621493403,172075621494229,172075621498659,172075621498731,265650,93825186940240,4375639744,7,2732,1151,18480
172075629731769,172075629740489,172075629748554,172075629749182,172075629753487,172075629753550,265650,93825186940240,4375639744,7,2732,1151,18481
172075638885098,172075638894811,172075638903780,172075638904595,172075638908491,172075638908561,265650,93825186940240,4375639744,7,2732,1151,18482
172075648129546,172075648145860,172075648157036,172075648159773,172075648163644,172075648163721,265650,93825186940240,4375639744,7,2732,1151,18483
172075656579361,172075656593863,172075656606051,172075656607407,172075656611751,172075656611829,265650,93825186940240,4375639744,7,2732,1151,18484
172075664892748,172075664987724,172075664999651,172075665005485,172075665011640,172075665011734,265650,93825186940240,4375639744,7,2732,1151,18485
172075673669610,172075673680625,172075673689143,172075673690038,172075673693615,172075673693670,265650,93825186940240,4375639744,7,2732,1151,18486
172075682224862,172075682234728,172075682243987,172075682244962,172075682249836,172075682249909,265650,93825186940240,4375639744,7,2732,1151,18487
172075693579802,172075693590882,172075693601746,172075693604258,172075693608276,172075693608368,265650,93825186940240,4375639744,7,2732,1151,18488
172075701907393,172075701920071,172075701930672,172075701932992,172075701940633,172075701940728,265650,93825186940240,4375639744,7,2732,1151,18489
172075711289948,172075711302862,172075711312321,172075711314215,172075711319340,172075711319405,265650,93825186940240,4375639744,7,2732,1151,18490
172075720102539,172075720111374,172075720119658,172075720120650,172075720124483,172075720124549,265650,93825186940240,4375639744,7,2732,1151,18491
172075728895461,172075728905474,172075728914387,172075728915178,172075728918661,172075728918738,265650,93825186940240,4375639744,7,2732,1151,18492
172075737235504,172075737247903,172075737258506,172075737259584,172075737265107,172075737265193,265650,93825186940240,4375639744,7,2732,1151,18493
172075745651840,172075745746667,172075745770606,172075745771487,172075745777157,172075745777229,265650,93825186940240,4375639744,7,2732,1151,18494
172075754446652,172075754458133,172075754469530,172075754472663,172075754476045,172075754476140,265650,93825186940240,4375639744,7,2732,1151,18495
172075763240107,172075763251169,172075763261482,172075763263549,172075763269585,172075763269641,265650,93825186940240,4375639744,7,2732,1151,18496
172075771849748,172075771860508,172075771871238,172075771873354,172075771880104,172075771880169,265650,93825186940240,4375639744,7,2732,1151,18497
172075781053636,172075781064856,172075781073890,172075781075588,172075781080255,172075781080318,265650,93825186940240,4375639744,7,2732,1151,18498
172075789781039,172075789791924,172075789802411,172075789804746,172075789811270,172075789811335,265650,93825186940240,4375639744,7,2732,1151,18499
172075798289061,172075798299914,172075798310612,172075798312456,172075798318322,172075798318382,265650,93825186940240,4375639744,7,2732,1151,18500
172075807576855,172075807587885,172075807598290,172075807600060,172075807603772,172075807603840,265650,93825186940240,4375639744,7,2732,1151,18501
172075815905321,172075815916253,172075815927074,172075815929301,172075815934944,172075815935009,265650,93825186940240,4375639744,7,2732,1151,18502
172075826585766,172075826596530,172075826606632,172075826608522,172075826612298,172075826612354,265650,93825186940240,4375639744,7,2732,1151,18503
172075834970077,172075834981140,172075834991900,172075834993770,172075834997564,172075834997621,265650,93825186940240,4375639744,7,2732,1151,18504
172075843308400,172075843319509,172075843329869,172075843331638,172075843336688,172075843336742,265650,93825186940240,4375639744,7,2732,1151,18505
172075851697606,172075851709961,172075851720621,172075851722836,172075851729605,172075851729686,265650,93825186940240,4375639744,7,2732,1151,18506
172075860587488,172075860599304,172075860607924,172075860609273,172075860613043,172075860613107,265650,93825186940240,4375639744,7,2732,1151,18507
172075869101047,172075869119318,172075869130946,172075869133121,172075869135331,172075869135413,265650,93825186940240,4375639744,7,2732,1151,18508
172075878405987,172075878417555,172075878428070,172075878429770,172075878436391,172075878436471,265650,93825186940240,4375639744,7,2732,1151,18509
172075889315418,172075889331118,172075889343686,172075889345679,172075889350071,172075889350168,265650,93825186940240,4375639744,7,2732,1151,18510
172075897592004,172075897608083,172075897619125,172075897621735,172075897625310,172075897625398,265650,93825186940240,4375639744,7,2732,1151,18511
172075906786347,172075906797812,172075906809275,172075906812295,172075906816116,172075906816216,265650,93825186940240,4375639744,7,2732,1151,18512
172075915487530,172075915499025,172075915510264,172075915513157,172075915516349,172075915516410,265650,93825186940240,4375639744,7,2732,1151,18513
172075924379642,172075924388799,172075924397525,172075924398918,172075924405831,172075924405899,265650,93825186940240,4375639744,7,2732,1151,18514
172075933315352,172075933325515,172075933334702,172075933335581,172075933340731,172075933340811,265650,93825186940240,4375639744,7,2732,1151,18515
172075941951826,172075941959927,172075941967628,172075941968350,172075941972508,172075941972562,265650,93825186940240,4375639744,7,2732,1151,18516
172075950725920,172075950737288,172075950748408,172075950781753,172075950784008,172075950784085,265650,93825186940240,4375639744,7,2732,1151,18517
172075960262339,172075960273563,172075960284185,172075960286151,172075960291125,172075960291196,265650,93825186940240,4375639744,7,2732,1151,18518
172075969227517,172075969238342,172075969249608,172075969251420,172075969253935,172075969254009,265650,93825186940240,4375639744,7,2732,1151,18519
172075977943070,172075977953813,172075977963929,172075977965430,172075977969282,172075977969342,265650,93825186940240,4375639744,7,2732,1151,18520
172075987181063,172075987192548,172075987203241,172075987205041,172075987209882,172075987209963,265650,93825186940240,4375639744,7,2732,1151,18521
172075996151542,172075996163045,172075996173649,172075996175513,172075996179201,172075996179264,265650,93825186940240,4375639744,7,2732,1151,18522
172076004585843,172076004597050,172076004607310,172076004609327,172076004615972,172076004616032,265650,93825186940240,4375639744,7,2732,1151,18523
172076012907422,172076012918512,172076012928670,172076012930135,172076012936349,172076012936407,265650,93825186940240,4375639744,7,2732,1151,18524
172076022036647,172076022048360,172076022059611,172076022062208,172076022067950,172076022068008,265650,93825186940240,4375639744,7,2732,1151,18525
172076031703781,172076031716731,172076031726056,172076031728238,172076031735143,172076031735212,265650,93825186940240,4375639744,7,2732,1151,18526
172076041364366,172076041377751,172076041388913,172076041391677,172076041397840,172076041397914,265650,93825186940240,4375639744,7,2732,1151,18527
172076049669386,172076049678323,172076049687285,172076049689077,172076049700586,172076049700657,265650,93825186940240,4375639744,7,2732,1151,18528
172076059533896,172076059543629,172076059553072,172076059554930,172076059561857,172076059561933,265650,93825186940240,4375639744,7,2732,1151,18529
172076067917143,172076067925799,172076067934020,172076067935380,172076067940270,172076067940339,265650,93825186940240,4375639744,7,2732,1151,18530
172076077841924,172076077850581,172076077858593,172076077859814,172076077862299,172076077862357,265650,93825186940240,4375639744,7,2732,1151,18531
172076086210736,172076086220086,172076086228387,172076086229137,172076086233580,172076086233643,265650,93825186940240,4375639744,7,2732,1151,18532
172076095117150,172076095125728,172076095133661,172076095134386,172076095138523,172076095138578,265650,93825186940240,4375639744,7,2732,1151,18533
172076104135371,172076104145034,172076104154085,172076104154807,172076104158864,172076104158927,265650,93825186940240,4375639744,7,2732,1151,18534
172076112472194,172076112481615,172076112490102,172076112490753,172076112495638,172076112495700,265650,93825186940240,4375639744,7,2732,1151,18535
172076121907987,172076121916649,172076121924960,172076121925654,172076121929971,172076121930026,265650,93825186940240,4375639744,7,2732,1151,18536
172076130908226,172076130917541,172076130925911,172076130926888,172076130930993,172076130931055,265650,93825186940240,4375639744,7,2732,1151,18537
172076139220823,172076139230142,172076139238344,172076139239528,172076139245257,172076139245317,265650,93825186940240,4375639744,7,2732,1151,18538
172076148402366,172076148411272,172076148419629,172076148420960,172076148425952,172076148426014,265650,93825186940240,4375639744,7,2732,1151,18539
172076156762840,172076156771664,172076156779817,172076156780927,172076156786164,172076156786229,265650,93825186940240,4375639744,7,2732,1151,18540
172076166187208,172076166203713,172076166215202,172076166218054,172076166221058,172076166221144,265650,93825186940240,4375639744,7,2732,1151,18541
172076176022152,172076176033675,172076176044241,172076176046299,172076176050058,172076176050123,265650,93825186940240,4375639744,7,2732,1151,18542
172076185028620,172076185040098,172076185050858,172076185053102,172076185059193,172076185059317,265650,93825186940240,4375639744,7,2732,1151,18543
172076193471330,172076193482262,172076193492734,172076193494545,172076193500991,172076193501087,265650,93825186940240,4375639744,7,2732,1151,18544
172076202353174,172076202363643,172076202374051,172076202375707,172076202381795,172076202381884,265650,93825186940240,4375639744,7,2732,1151,18545
172076211473066,172076211483692,172076211494210,172076211495834,172076211501964,172076211502052,265650,93825186940240,4375639744,7,2732,1151,18546
172076220225115,172076220235925,172076220246198,172076220247909,172076220253744,172076220253812,265650,93825186940240,4375639744,7,2732,1151,18547
172076229388447,172076229399012,172076229409258,172076229410923,172076229420324,172076229420424,265650,93825186940240,4375639744,7,2732,1151,18548
172076238933309,172076238945139,172076238956326,172076238958372,172076238962979,172076238963073,265650,93825186940240,4375639744,7,2732,1151,18549
172076247840195,172076247852624,172076247863860,172076247866144,172076247873408,172076247873497,265650,93825186940240,4375639744,7,2732,1151,18550
172076256465116,172076256475956,172076256486625,172076256488517,172076256495001,172076256495103,265650,93825186940240,4375639744,7,2732,1151,18551
172076265480967,172076265491481,172076265501792,172076265503791,172076265509304,172076265509393,265650,93825186940240,4375639744,7,2732,1151,18552
172076275027328,172076275038142,172076275048698,172076275050934,172076275055315,172076275055406,265650,93825186940240,4375639744,7,2732,1151,18553
172076284783984,172076284794885,172076284805475,172076284807227,172076284811331,172076284811424,265650,93825186940240,4375639744,7,2732,1151,18554
172076294134350,172076294145276,172076294155605,172076294157384,172076294161611,172076294161661,265650,93825186940240,4375639744,7,2732,1151,18555
172076302568254,172076302578993,172076302589315,172076302591144,172076302596053,172076302596118,265650,93825186940240,4375639744,7,2732,1151,18556
172076311268520,172076311278955,172076311289454,172076311291273,172076311297724,172076311297779,265650,93825186940240,4375639744,7,2732,1151,18557
172076319720119,172076319733545,172076319743072,172076319744936,172076319749847,172076319749911,265650,93825186940240,4375639744,7,2732,1151,18558
172076328688646,172076328698987,172076328708422,172076328709435,172076328714006,172076328714078,265650,93825186940240,4375639744,7,2732,1151,18559
172076337692560,172076337704284,172076337715322,172076337718129,172076337726130,172076337726220,265650,93825186940240,4375639744,7,2732,1151,18560
172076346088930,172076346099727,172076346110243,172076346112206,172076346116318,172076346116389,265650,93825186940240,4375639744,7,2732,1151,18561
172076355109117,172076355119964,172076355128992,172076355130712,172076355134660,172076355134724,265650,93825186940240,4375639744,7,2732,1151,18562
172076364342899,172076364366018,172076364378014,172076364380921,172076364384786,172076364384887,265650,93825186940240,4375639744,7,2732,1151,18563
172076373311911,172076373322737,172076373333311,172076373335360,172076373341515,172076373341590,265650,93825186940240,4375639744,7,2732,1151,18564
172076382122612,172076382133651,172076382143886,172076382145803,172076382152110,172076382152183,265650,93825186940240,4375639744,7,2732,1151,18565
172076391343029,172076391353735,172076391364279,172076391366312,172076391372054,172076391372107,265650,93825186940240,4375639744,7,2732,1151,18566
172076400675409,172076400686558,172076400697206,172076400698981,172076400702028,172076400702100,265650,93825186940240,4375639744,7,2732,1151,18567
172076411462322,172076411473122,172076411482087,172076411483862,172076411489453,172076411489509,265650,93825186940240,4375639744,7,2732,1151,18568
172076419822838,172076419831469,172076419839374,172076419840169,172076419845299,172076419845359,265650,93825186940240,4375639744,7,2732,1151,18569
172076429076998,172076429085924,172076429093952,172076429094911,172076429099649,172076429099711,265650,93825186940240,4375639744,7,2732,1151,18570
172076438041292,172076438051368,172076438060847,172076438062518,172076438066207,172076438066278,265650,93825186940240,4375639744,7,2732,1151,18571
172076447065846,172076447076495,172076447086014,172076447087261,172076447091752,172076447091819,265650,93825186940240,4375639744,7,2732,1151,18572
172076458357379,172076458365788,172076458373531,172076458374611,172076458379033,172076458379098,265650,93825186940240,4375639744,7,2732,1151,18573
172076466634087,172076466643791,172076466652998,172076466653824,172076466658659,172076466658731,265650,93825186940240,4375639744,7,2732,1151,18574
172076475590651,172076475600127,172076475608950,172076475609975,172076475615932,172076475615993,265650,93825186940240,4375639744,7,2732,1151,18575
172076484526558,172076484534900,172076484542696,172076484543597,172076484546897,172076484546953,265650,93825186940240,4375639744,7,2732,1151,18576
172076494011770,172076494021298,172076494029970,172076494030919,172076494035546,172076494035618,265650,93825186940240,4375639744,7,2732,1151,18577
172076502447103,172076502456127,172076502464203,172076502464994,172076502469475,172076502469537,265650,93825186940240,4375639744,7,2732,1151,18578
172076511249439,172076511261424,172076511272563,172076511273510,172076511277497,172076511277581,265650,93825186940240,4375639744,7,2732,1151,18579
172076520428573,172076520440521,172076520449368,172076520450011,172076520453482,172076520453540,265650,93825186940240,4375639744,7,2732,1151,18580
172076529394558,172076529403418,172076529411600,172076529412381,172076529415863,172076529415918,265650,93825186940240,4375639744,7,2732,1151,18581
172076538564682,172076538574284,172076538582432,172076538583041,172076538586641,172076538586693,265650,93825186940240,4375639744,7,2732,1151,18582
172076547687278,172076547699060,172076547709875,172076547710744,172076547714280,172076547714368,265650,93825186940240,4375639744,7,2732,1151,18583
172076556038068,172076556046367,172076556054302,172076556054913,172076556058825,172076556058879,265650,93825186940240,4375639744,7,2732,1151,18584
172076565036295,172076565045803,172076565054793,172076565055602,172076565059052,172076565059109,265650,93825186940240,4375639744,7,2732,1151,18585
172076574336337,172076574345875,172076574354991,172076574355746,172076574359218,172076574359270,265650,93825186940240,4375639744,7,2732,1151,18586
172076583314501,172076583326181,172076583336525,172076583337173,172076583340543,172076583340603,265650,93825186940240,4375639744,7,2732,1151,18587
172076593160737,172076593170389,172076593179267,172076593180202,172076593184488,172076593184553,265650,93825186940240,4375639744,7,2732,1151,18588
172076602189468,172076602201172,172076602210773,172076602211631,172076602215583,172076602215638,265650,93825186940240,4375639744,7,2732,1151,18589
172076610677640,172076610686232,172076610694304,172076610695061,172076610697185,172076610697247,265650,93825186940240,4375639744,7,2732,1151,18590
172076619279378,172076619288588,172076619297380,172076619298250,172076619303353,172076619303416,265650,93825186940240,4375639744,7,2732,1151,18591
172076628405014,172076628416748,172076628425601,172076628426480,172076628430560,172076628430633,265650,93825186940240,4375639744,7,2732,1151,18592
172076637895059,172076637905158,172076637914299,172076637915880,172076637921623,172076637921696,265650,93825186940240,4375639744,7,2732,1151,18593
172076646789903,172076646798625,172076646806512,172076646807597,172076646811056,172076646811109,265650,93825186940240,4375639744,7,2732,1151,18594
172076656067169,172076656076413,172076656084986,172076656085994,172076656090562,172076656090630,265650,93825186940240,4375639744,7,2732,1151,18595
172076666852818,172076666862795,172076666871640,172076666872787,172076666877954,172076666878027,265650,93825186940240,4375639744,7,2732,1151,18596
172076675421711,172076675430936,172076675439652,172076675440329,172076675444437,172076675444492,265650,93825186940240,4375639744,7,2732,1151,18597
172076684088962,172076684100804,172076684111780,172076684112621,172076684116643,172076684116712,265650,93825186940240,4375639744,7,2732,1151,18598
172076693329440,172076693341454,172076693352463,172076693353246,172076693357510,172076693357584,265650,93825186940240,4375639744,7,2732,1151,18599
172076702571925,172076702580569,172076702588566,172076702589183,172076702593319,172076702593388,265650,93825186940240,4375639744,7,2732,1151,18600
172076712004854,172076712016390,172076712024871,172076712025856,172076712028313,172076712028378,265650,93825186940240,4375639744,7,2732,1151,18601
172076720787240,172076720804424,172076720815820,172076720818215,172076720821793,172076720821890,265650,93825186940240,4375639744,7,2732,1151,18602
172076730630904,172076730642861,172076730654544,172076730657509,172076730663152,172076730663258,265650,93825186940240,4375639744,7,2732,1151,18603
172076739838202,172076739858561,172076739871469,172076739873825,172076739882251,172076739882345,265650,93825186940240,4375639744,7,2732,1151,18604
172076748144919,172076748157679,172076748169282,172076748171399,172076748177663,172076748177748,265650,93825186940240,4375639744,7,2732,1151,18605
172076756599429,172076756608886,172076756617480,172076756618075,172076756621782,172076756621839,265650,93825186940240,4375639744,7,2732,1151,18606
172076766068966,172076766078580,172076766087616,172076766088224,172076766092350,172076766092429,265650,93825186940240,4375639744,7,2732,1151,18607
172076775120437,172076775138325,172076775149578,172076775151855,172076775155676,172076775155763,265650,93825186940240,4375639744,7,2732,1151,18608
172076784545491,172076784556772,172076784567624,172076784569605,172076784576763,172076784576838,265650,93825186940240,4375639744,7,2732,1151,18609
172076794609000,172076794620587,172076794631482,172076794633490,172076794640247,172076794640361,265650,93825186940240,4375639744,7,2732,1151,18610
172076803613854,172076803624850,172076803635392,172076803637399,172076803643932,172076803644019,265650,93825186940240,4375639744,7,2732,1151,18611
172076812269481,172076812280643,172076812292922,172076812294640,172076812298301,172076812298382,265650,93825186940240,4375639744,7,2732,1151,18612
172076821151865,172076821162847,172076821173396,172076821175604,172076821181463,172076821181556,265650,93825186940240,4375639744,7,2732,1151,18613
172076829642130,172076829652604,172076829662224,172076829663732,172076829669364,172076829669439,265650,93825186940240,4375639744,7,2732,1151,18614
172076838916090,172076838925231,172076838933691,172076838934654,172076838938771,172076838938838,265650,93825186940240,4375639744,7,2732,1151,18615
172076847573527,172076847584351,172076847593316,172076847594209,172076847598748,172076847598814,265650,93825186940240,4375639744,7,2732,1151,18616
172076856518529,172076856527030,172076856534998,172076856535816,172076856540399,172076856540463,265650,93825186940240,4375639744,7,2732,1151,18617
172076865648377,172076865657175,172076865665259,172076865666236,172076865670587,172076865670652,265650,93825186940240,4375639744,7,2732,1151,18618
