start,geometry,clip,blit,flush,end,hwnd,surface,thread,outcome,width,height,commit
172046400347715,172046400356853,172046400365114,172046400366187,172046400371741,172046400371808,265650,93825186940240,4375639744,7,2732,1151,15501
172046410852340,172046410861860,172046410870482,172046410871629,172046410878086,172046410878146,265650,93825186940240,4375639744,7,2732,1151,15502
172046420016215,172046420029134,172046420037514,172046420038875,172046420043413,172046420043477,265650,93825186940240,4375639744,7,2732,1151,15503
172046429729608,172046429738890,172046429747226,172046429748379,172046429754133,172046429754194,265650,93825186940240,4375639744,7,2732,1151,15504
172046438535577,172046438553547,172046438565160,172046438568708,172046438575220,172046438575307,265650,93825186940240,4375639744,7,2732,1151,15505
172046447634687,172046447644296,172046447653406,172046447655518,172046447661203,172046447661279,265650,93825186940240,4375639744,7,2732,1151,15506
172046456047426,172046456055924,172046456063815,172046456065097,172046456069566,172046456069626,265650,93825186940240,4375639744,7,2732,1151,15507
172046466313937,172046466322609,172046466330544,172046466331184,172046466333178,172046466333230,265650,93825186940240,4375639744,7,2732,1151,15508
172046474826969,172046474836719,172046474845410,172046474845970,172046474849261,172046474849318,265650,93825186940240,4375639744,7,2732,1151,15509
172046483150036,172046483159104,172046483167339,172046483168268,172046483172795,172046483172860,265650,93825186940240,4375639744,7,2732,1151,15510
172046491503766,172046491513190,172046491521967,172046491523197,172046491529796,172046491529864,265650,93825186940240,4375639744,7,2732,1151,15511
172046502635804,172046502654551,172046502666399,172046502668747,172046502673251,172046502673337,265650,93825186940240,4375639744,7,2732,1151,15512
172046512303735,172046512318399,172046512327614,172046512330017,172046512338320,172046512338374,265650,93825186940240,4375639744,7,2732,1151,15513
172046520609485,172046520618847,172046520627995,172046520630168,172046520635309,172046520635368,265650,93825186940240,4375639744,7,2732,1151,15514
172046528939894,172046528950018,172046528958800,172046528960097,172046528963036,172046528963103,265650,93825186940240,4375639744,7,2732,1151,15515
172046537902047,172046537912665,172046537922252,172046537923583,172046537927329,172046537927401,265650,93825186940240,4375639744,7,2732,1151,15516
172046546640224,172046546650544,172046546658762,172046546659943,172046546665120,172046546665189,265650,93825186940240,4375639744,7,2732,1151,15517
172046558058658,172046558067432,172046558075308,172046558076405,172046558081227,172046558081294,265650,93825186940240,4375639744,7,2732,1151,15518
172046566357280,172046566369172,172046566379970,172046566381219,172046566386692,172046566386782,265650,93825186940240,4375639744,7,2732,1151,15519
172046576161927,172046576172354,172046576181822,172046576182888,172046576185663,172046576185737,265650,93825186940240,4375639744,7,2732,1151,15520
172046584617048,172046584626191,172046584634783,172046584636502,172046584643476,172046584643542,265650,93825186940240,4375639744,7,2732,1151,15521
172046593656863,172046593666970,172046593676708,172046593678046,172046593685647,172046593685725,265650,93825186940240,4375639744,7,2732,1151,15522
172046603328671,172046603338869,172046603348347,172046603349641,172046603353389,172046603353460,265650,93825186940240,4375639744,7,2732,1151,15523
172046614330867,172046614348159,172046614359500,172046614362238,172046614366130,172046614366216,265650,93825186940240,4375639744,7,2732,1151,15524
172046623413883,172046623425066,172046623435470,172046623436951,172046623442012,172046623442202,265650,93825186940240,4375639744,7,2732,1151,15525
172046631792915,172046631805085,172046631816398,172046631819441,172046631830641,172046631830693,265650,93825186940240,4375639744,7,2732,1151,15526
172046641908234,172046641918996,172046641929436,172046641931535,172046641936391,172046641936489,265650,93825186940240,4375639744,7,2732,1151,15527
172046650329356,172046650345192,172046650357111,172046650358660,172046650362277,172046650362364,265650,93825186940240,4375639744,7,2732,1151,15528
172046658705890,172046658718347,172046658729146,172046658730295,172046658734279,172046658734369,265650,93825186940240,4375639744,7,2732,1151,15529
172046666899308,172046666908252,172046666916366,172046666917350,172046666920577,172046666920645,265650,93825186940240,4375639744,7,2732,1151,15530
172046676229642,172046676238467,172046676246753,172046676247960,172046676251827,172046676251893,265650,93825186940240,4375639744,7,2732,1151,15531
172046684631226,172046684639794,172046684647833,172046684648765,172046684652540,172046684652602,265650,93825186940240,4375639744,7,2732,1151,15532
172046693570447,172046693579109,172046693586895,172046693587520,172046693590316,172046693590374,265650,93825186940240,4375639744,7,2732,1151,15533
172046703206649,172046703215405,172046703223471,172046703224272,172046703228132,172046703228193,265650,93825186940240,4375639744,7,2732,1151,15534
172046714128170,172046714157788,172046714169566,172046714171385,172046714175372,172046714175449,265650,93825186940240,4375639744,7,2732,1151,15535
172046722364258,172046722376483,172046722387413,172046722390102,172046722393506,172046722393585,265650,93825186940240,4375639744,7,2732,1151,15536
172046731762056,172046731772685,172046731783235,172046731785573,172046731793512,172046731793584,265650,93825186940240,4375639744,7,2732,1151,15537
172046742585143,172046742596525,172046742607374,172046742609903,172046742613826,172046742613881,265650,93825186940240,4375639744,7,2732,1151,15538
172046751355836,172046751364928,172046751373592,172046751375217,172046751380146,172046751380215,265650,93825186940240,4375639744,7,2732,1151,15539
172046760288101,172046760302642,172046760314032,172046760316567,172046760320078,172046760320167,265650,93825186940240,4375639744,7,2732,1151,15540
172046768674661,172046768685070,172046768694806,172046768695936,172046768701281,172046768701351,265650,93825186940240,4375639744,7,2732,1151,15541
172046777622214,172046777631308,172046777639758,172046777640805,172046777643620,172046777643691,265650,93825186940240,4375639744,7,2732,1151,15542
172046787063853,172046787073386,172046787082411,172046787083206,172046787086946,172046787087018,265650,93825186940240,4375639744,7,2732,1151,15543
172046796343861,172046796352812,172046796360851,172046796361740,172046796366246,172046796366310,265650,93825186940240,4375639744,7,2732,1151,15544
172046805360573,172046805369422,172046805377598,172046805378510,172046805383326,172046805383480,265650,93825186940240,4375639744,7,2732,1151,15545
172046814287099,172046814296821,172046814305728,172046814306782,172046814310799,172046814310872,265650,93825186940240,4375639744,7,2732,1151,15546
172046823148635,172046823158483,172046823167675,172046823168779,172046823172557,172046823172633,265650,93825186940240,4375639744,7,2732,1151,15547
172046832691252,172046832700292,172046832708319,172046832709831,172046832714160,172046832714228,265650,93825186940240,4375639744,7,2732,1151,15548
172046842037491,172046842046168,172046842054177,172046842055192,172046842060842,172046842060906,265650,93825186940240,4375639744,7,2732,1151,15549
172046850880066,172046850889356,172046850897748,172046850898998,172046850903365,172046850903423,265650,93825186940240,4375639744,7,2732,1151,15550
172046860489741,172046860498827,172046860507218,172046860509162,172046860516497,172046860516567,265650,93825186940240,4375639744,7,2732,1151,15551
172046869651351,172046869661287,172046869670498,172046869671584,172046869678124,172046869678203,265650,93825186940240,4375639744,7,2732,1151,15552
172046878034383,172046878044448,172046878053653,172046878054669,172046878057194,172046878057269,265650,93825186940240,4375639744,7,2732,1151,15553
172046887278790,172046887288872,172046887298085,172046887299165,172046887303396,172046887303453,265650,93825186940240,4375639744,7,2732,1151,15554
172046896140443,172046896151081,172046896159684,172046896160756,172046896163852,172046896163914,265650,93825186940240,4375639744,7,2732,1151,15555
172046905250371,172046905260290,172046905269477,172046905270579,172046905273849,172046905273920,265650,93825186940240,4375639744,7,2732,1151,15556
172046914431409,172046914442356,172046914452743,172046914453938,172046914457957,172046914458027,265650,93825186940240,4375639744,7,2732,1151,15557
172046923436905,172046923460187,172046923472013,172046923474624,172046923479336,172046923479410,265650,93825186940240,4375639744,7,2732,1151,15558
172046932392212,172046932403506,172046932414015,172046932416138,172046932422680,172046932422734,265650,93825186940240,4375639744,7,2732,1151,15559
172046941564310,172046941575695,172046941586527,172046941588757,172046941597209,172046941597302,265650,93825186940240,4375639744,7,2732,1151,15560
172046950830240,172046950841117,172046950851620,172046950853386,172046950860397,172046950860452,265650,93825186940240,4375639744,7,2732,1151,15561
172046960135229,172046960170313,172046960181587,172046960183304,172046960187965,172046960188046,265650,93825186940240,4375639744,7,2732,1151,15562
172046969604391,172046969614012,172046969622788,172046969623665,172046969628168,172046969628238,265650,93825186940240,4375639744,7,2732,1151,15563
172046979391068,172046979403440,172046979415034,172046979418030,172046979422990,172046979423081,265650,93825186940240,4375639744,7,2732,1151,15564
172046988004361,172046988016584,172046988027522,172046988030510,172046988039107,172046988039192,265650,93825186940240,4375639744,7,2732,1151,15565
172046998115012,172046998126251,172046998136737,172046998138549,172046998146692,172046998146745,265650,93825186940240,4375639744,7,2732,1151,15566
172047007301675,172047007312931,172047007324146,172047007326934,172047007336608,172047007336689,265650,93825186940240,4375639744,7,2732,1151,15567
172047015678467,172047015689116,172047015699890,172047015702178,172047015710150,172047015710238,265650,93825186940240,4375639744,7,2732,1151,15568
172047024429013,172047024439466,172047024450100,172047024451958,172047024459281,172047024459330,265650,93825186940240,4375639744,7,2732,1151,15569
172047033506069,172047033517187,172047033528155,172047033530328,172047033535567,172047033535615,265650,93825186940240,4375639744,7,2732,1151,15570
172047042253289,172047042264005,172047042274493,172047042276345,172047042284056,172047042284119,265650,93825186940240,4375639744,7,2732,1151,15571
172047051964841,172047051975894,172047051986817,172047051989537,172047051998103,172047051998173,265650,93825186940240,4375639744,7,2732,1151,15572
172047061135060,172047061146106,172047061156295,172047061158375,172047061165788,172047061165846,265650,93825186940240,4375639744,7,2732,1151,15573
172047072265141,172047072275746,172047072286425,172047072288749,172047072293586,172047072293641,265650,93825186940240,4375639744,7,2732,1151,15574
172047080774858,172047080785396,172047080796096,172047080798320,172047080802059,172047080802119,265650,93825186940240,4375639744,7,2732,1151,15575
172047089061474,172047089072165,172047089082677,172047089084636,172047089091343,172047089091412,265650,93825186940240,4375639744,7,2732,1151,15576
172047097460716,172047097471652,172047097482050,172047097484137,172047097489381,172047097489440,265650,93825186940240,4375639744,7,2732,1151,15577
172047106092331,172047106103121,172047106114155,172047106116082,172047106120733,172047106120777,265650,93825186940240,4375639744,7,2732,1151,15578
172047118089467,172047118100353,172047118110869,172047118112805,172047118117117,172047118117173,265650,93825186940240,4375639744,7,2732,1151,15579
172047126417772,172047126431027,172047126442847,172047126445949,172047126453002,172047126453106,265650,93825186940240,4375639744,7,2732,1151,15580
172047135072458,172047135083802,172047135094569,172047135097090,172047135107018,172047135107094,265650,93825186940240,4375639744,7,2732,1151,15581
172047143387824,172047143398771,172047143409529,172047143412001,172047143420972,172047143421042,265650,93825186940240,4375639744,7,2732,1151,15582
172047151878380,172047151889968,172047151900964,172047151902932,172047151922638,172047151922707,265650,93825186940240,4375639744,7,2732,1151,15583
172047160865051,172047160876464,172047160887509,172047160889918,172047160898341,172047160898402,265650,93825186940240,4375639744,7,2732,1151,15584
172047169565013,172047169575497,172047169586269,172047169588224,172047169595815,172047169595883,265650,93825186940240,4375639744,7,2732,1151,15585
172047179813784,172047179826218,172047179837618,172047179840941,172047179849237,172047179849292,265650,93825186940240,4375639744,7,2732,1151,15586
172047189511156,172047189522061,172047189532287,172047189534282,172047189537595,172047189537673,265650,93825186940240,4375639744,7,2732,1151,15587
172047197872112,172047197883683,172047197895675,172047197898645,172047197911464,172047197911512,265650,93825186940240,4375639744,7,2732,1151,15588
172047207150045,172047207161062,172047207171417,172047207173473,172047207177946,172047207177991,265650,93825186940240,4375639744,7,2732,1151,15589
172047215501657,172047215514026,172047215525060,172047215527332,172047215537740,172047215537821,265650,93825186940240,4375639744,7,2732,1151,15590
172047226811206,172047226822394,172047226833060,172047226835491,172047226840731,172047226840795,265650,93825186940240,4375639744,7,2732,1151,15591
172047235135792,172047235146727,172047235157721,172047235160191,172047235168642,172047235168689,265650,93825186940240,4375639744,7,2732,1151,15592
172047243467894,172047243479517,172047243490253,172047243493128,172047243502320,172047243502375,265650,93825186940240,4375639744,7,2732,1151,15593
172047254093906,172047254105056,172047254115901,172047254118517,172047254126999,172047254127099,265650,93825186940240,4375639744,7,2732,1151,15594
172047262381508,172047262397010,172047262409501,172047262412664,172047262422924,172047262423024,265650,93825186940240,4375639744,7,2732,1151,15595
172047272212849,172047272222023,172047272231214,172047272233683,172047272241327,172047272241534,265650,93825186940240,4375639744,7,2732,1151,15596
172047282154480,172047282166811,172047282176745,172047282178861,172047282182889,172047282182968,265650,93825186940240,4375639744,7,2732,1151,15597
172047290437570,172047290447287,172047290455982,172047290457731,172047290463609,172047290463671,265650,93825186940240,4375639744,7,2732,1151,15598
172047298768310,172047298777485,172047298785710,172047298787054,172047298791046,172047298791110,265650,93825186940240,4375639744,7,2732,1151,15599
172047307177717,172047307190592,172047307199164,172047307200358,172047307203728,172047307203794,265650,93825186940240,4375639744,7,2732,1151,15600
172047317127451,172047317144814,172047317155949,172047317158709,172047317161883,172047317161985,265650,93825186940240,4375639744,7,2732,1151,15601
172047325800464,172047325809377,172047325817713,172047325819675,172047325825458,172047325825518,265650,93825186940240,4375639744,7,2732,1151,15602
172047334104693,172047334116432,172047334125034,172047334126188,172047334130053,172047334130111,265650,93825186940240,4375639744,7,2732,1151,15603
172047342450817,172047342459916,172047342468398,172047342469654,172047342474902,172047342474965,265650,93825186940240,4375639744,7,2732,1151,15604
172047350982176,172047350992243,172047351005465,172047351006431,172047351011232,172047351011310,265650,93825186940240,4375639744,7,2732,1151,15605
172047359813048,172047359821924,172047359830148,172047359830920,172047359835051,172047359835119,265650,93825186940240,4375639744,7,2732,1151,15606
172047368463467,172047368473667,172047368482648,172047368483485,172047368488293,172047368488378,265650,93825186940240,4375639744,7,2732,1151,15607
172047379973543,172047379987414,172047379996368,172047379997637,172047380003612,172047380003680,265650,93825186940240,4375639744,7,2732,1151,15608
172047388547581,172047388558665,172047388567278,172047388568079,172047388572071,172047388572143,265650,93825186940240,4375639744,7,2732,1151,15609
172047396865360,172047396876271,172047396886722,172047396887930,172047396892306,172047396892379,265650,93825186940240,4375639744,7,2732,1151,15610
172047406390332,172047406398700,172047406406608,172047406407399,172047406411415,172047406411466,265650,93825186940240,4375639744,7,2732,1151,15611
172047415418940,172047415430237,172047415440542,172047415441501,172047415445803,172047415445870,265650,93825186940240,4375639744,7,2732,1151,15612
172047424067528,172047424081861,172047424092755,172047424093874,172047424099038,172047424099122,265650,93825186940240,4375639744,7,2732,1151,15613
172047433991227,172047434010404,172047434019995,172047434021669,172047434027879,172047434027954,265650,93825186940240,4375639744,7,2732,1151,15614
172047443668590,172047443686271,172047443697685,172047443700580,172047443705222,172047443705300,265650,93825186940240,4375639744,7,2732,1151,15615
172047453187365,172047453200219,172047453211531,172047453214263,172047453222365,172047453222444,265650,93825186940240,4375639744,7,2732,1151,15616
172047461493502,172047461506298,172047461517961,172047461520682,172047461526670,172047461526751,265650,93825186940240,4375639744,7,2732,1151,15617
172047469867807,172047469878825,172047469890011,172047469892938,172047469898752,172047469898812,265650,93825186940240,4375639744,7,2732,1151,15618
172047478217839,172047478235238,172047478247383,172047478249328,172047478252472,172047478252560,265650,93825186940240,4375639744,7,2732,1151,15619
172047486487037,172047486495814,172047486503784,172047486504992,172047486509267,172047486509326,265650,93825186940240,4375639744,7,2732,1151,15620
172047494941111,172047494952664,172047494961931,172047494962798,172047494966848,172047494966909,265650,93825186940240,4375639744,7,2732,1151,15621
172047503694899,172047503703999,172047503712139,172047503713197,172047503716307,172047503716373,265650,93825186940240,4375639744,7,2732,1151,15622
172047513128510,172047513137174,172047513145082,172047513146252,172047513149018,172047513149080,265650,93825186940240,4375639744,7,2732,1151,15623
172047521917369,172047521928831,172047521938375,172047521939659,172047521943654,172047521943718,265650,93825186940240,4375639744,7,2732,1151,15624
172047530238205,172047530248017,172047530256954,172047530257822,172047530262148,172047530262213,265650,93825186940240,4375639744,7,2732,1151,15625
172047542120014,172047542129808,172047542138814,172047542139647,172047542144157,172047542144220,265650,93825186940240,4375639744,7,2732,1151,15626
172047550542948,172047550554528,172047550565078,172047550566031,172047550570513,172047550570588,265650,93825186940240,4375639744,7,2732,1151,15627
172047558942239,172047558958410,172047558969519,172047558972431,172047558976703,172047558976799,265650,93825186940240,4375639744,7,2732,1151,15628
172047568357765,172047568369152,172047568380619,172047568383222,172047568388241,172047568388302,265650,93825186940240,4375639744,7,2732,1151,15629
172047577377366,172047577388287,172047577400290,172047577403285,172047577407151,172047577407231,265650,93825186940240,4375639744,7,2732,1151,15630
172047586180405,172047586191687,172047586202337,172047586204126,172047586207940,172047586208019,265650,93825186940240,4375639744,7,2732,1151,15631
172047595469026,172047595500227,172047595512249,172047595513762,172047595519612,172047595519698,265650,93825186940240,4375639744,7,2732,1151,15632
172047604363977,172047604373126,172047604381427,172047604382337,172047604387173,172047604387237,265650,93825186940240,4375639744,7,2732,1151,15633
172047612746597,172047612758934,172047612770141,172047612771455,172047612776983,172047612777069,265650,93825186940240,4375639744,7,2732,1151,15634
172047620978626,172047620987252,172047620995044,172047620995968,172047620998057,172047620998120,265650,93825186940240,4375639744,7,2732,1151,15635
172047631463157,172047631472842,172047631482029,172047631482885,172047631487257,172047631487325,265650,93825186940240,4375639744,7,2732,1151,15636
172047639937507,172047639948650,172047639959175,172047639960075,172047639965472,172047639965557,265650,93825186940240,4375639744,7,2732,1151,15637
172047648129037,172047648137769,172047648146018,172047648146981,172047648151414,172047648151478,265650,93825186940240,4375639744,7,2732,1151,15638
172047656462120,172047656470701,172047656478884,172047656479869,172047656485073,172047656485136,265650,93825186940240,4375639744,7,2732,1151,15639
172047664958196,172047664969654,172047664980229,172047664983015,172047664991401,172047664991497,265650,93825186940240,4375639744,7,2732,1151,15640
172047674125501,172047674136188,172047674146683,172047674148882,172047674156161,172047674156206,265650,93825186940240,4375639744,7,2732,1151,15641
172047683255325,172047683265933,172047683276779,172047683278447,172047683285294,172047683285353,265650,93825186940240,4375639744,7,2732,1151,15642
172047694673469,172047694686158,172047694697328,172047694699242,172047694704206,172047694704304,265650,93825186940240,4375639744,7,2732,1151,15643
172047703147574,172047703158470,172047703169021,172047703171357,172047703178723,172047703178801,265650,93825186940240,4375639744,7,2732,1151,15644
172047711471482,172047711483234,172047711493609,172047711495298,172047711502630,172047711502703,265650,93825186940240,4375639744,7,2732,1151,15645
172047721478785,172047721488056,172047721496567,172047721497919,172047721500562,172047721500637,265650,93825186940240,4375639744,7,2732,1151,15646
172047729916101,172047729928486,172047729939636,172047729941071,172047729946623,172047729946708,265650,93825186940240,4375639744,7,2732,1151,15647
172047739233145,172047739243486,172047739253109,172047739254259,172047739259798,172047739259876,265650,93825186940240,4375639744,7,2732,1151,15648
172047747546928,172047747555736,172047747563648,172047747564504,172047747569566,172047747569629,265650,93825186940240,4375639744,7,2732,1151,15649
172047756094363,172047756105225,172047756114030,172047756114981,172047756119814,172047756119887,265650,93825186940240,4375639744,7,2732,1151,15650
172047764760441,172047764769245,172047764777103,172047764777957,172047764782468,172047764782534,265650,93825186940240,4375639744,7,2732,1151,15651
172047773809026,172047773818014,172047773826121,172047773827102,172047773831989,172047773832043,265650,93825186940240,4375639744,7,2732,1151,15652
172047784840082,172047784857018,172047784868462,172047784871041,172047784874924,172047784875003,265650,93825186940240,4375639744,7,2732,1151,15653
172047793532784,172047793544555,172047793555693,172047793557638,172047793562374,172047793562486,265650,93825186940240,4375639744,7,2732,1151,15654
172047802685518,172047802705586,172047802716825,172047802718147,172047802722226,172047802722302,265650,93825186940240,4375639744,7,2732,1151,15655
172047811947378,172047811956418,172047811964427,172047811965165,172047811969420,172047811969488,265650,93825186940240,4375639744,7,2732,1151,15656
172047821468249,172047821477180,172047821485197,172047821485835,172047821487617,172047821487674,265650,93825186940240,4375639744,7,2732,1151,15657
172047829904345,172047829913266,172047829921506,172047829922176,172047829926181,172047829926237,265650,93825186940240,4375639744,7,2732,1151,15658
172047839514906,172047839530990,172047839542780,172047839545604,172047839548262,172047839548350,265650,93825186940240,4375639744,7,2732,1151,15659
172047849185238,172047849207787,172047849219370,172047849220559,172047849225222,172047849225305,265650,93825186940240,4375639744,7,2732,1151,15660
172047858123594,172047858132175,172047858140244,172047858140951,172047858145665,172047858145733,265650,93825186940240,4375639744,7,2732,1151,15661
172047867356761,172047867375261,172047867386636,172047867389191,172047867397844,172047867397917,265650,93825186940240,4375639744,7,2732,1151,15662
172047875656044,172047875666864,172047875677949,172047875679924,172047875688677,172047875688743,265650,93825186940240,4375639744,7,2732,1151,15663
172047884046187,172047884056980,172047884067361,172047884069612,172047884077880,172047884077934,265650,93825186940240,4375639744,7,2732,1151,15664
172047892532614,172047892543543,172047892554206,172047892556129,172047892564617,172047892564795,265650,93825186940240,4375639744,7,2732,1151,15665
172047901582328,172047901593787,172047901604567,172047901606461,172047901615348,172047901615439,265650,93825186940240,4375639744,7,2732,1151,15666
172047910733395,172047910744571,172047910754640,172047910756537,172047910762573,172047910762664,265650,93825186940240,4375639744,7,2732,1151,15667
172047920093018,172047920103973,172047920114467,172047920116591,172047920123375,172047920123440,265650,93825186940240,4375639744,7,2732,1151,15668
172047929443411,172047929454524,172047929464441,172047929466015,172047929469896,172047929469964,265650,93825186940240,4375639744,7,2732,1151,15669
172047938272175,172047938283180,172047938293839,172047938295648,172047938301062,172047938301151,265650,93825186940240,4375639744,7,2732,1151,15670
172047947545245,172047947556212,172047947566633,172047947568832,172047947573412,172047947573485,265650,93825186940240,4375639744,7,2732,1151,15671
172047956448072,172047956458570,172047956468991,172047956471072,172047956475705,172047956475771,265650,93825186940240,4375639744,7,2732,1151,15672
172047965219981,172047965230653,172047965240651,172047965242626,172047965246937,172047965246999,265650,93825186940240,4375639744,7,2732,1151,15673
172047975333009,172047975343678,172047975354029,172047975355886,172047975362465,172047975362533,265650,93825186940240,4375639744,7,2732,1151,15674
172047986753491,172047986765343,172047986776768,172047986778850,172047986786184,172047986786241,265650,93825186940240,4375639744,7,2732,1151,15675
172047995035787,172047995046890,172047995057909,172047995059606,172047995064285,172047995064350,265650,93825186940240,4375639744,7,2732,1151,15676
172048004241715,172048004252602,172048004263384,172048004265502,172048004273304,172048004273353,265650,93825186940240,4375639744,7,2732,1151,15677
172048013365725,172048013376156,172048013387434,172048013388997,172048013393866,172048013393942,265650,93825186940240,4375639744,7,2732,1151,15678
172048022208652,172048022219768,172048022230099,172048022232094,172048022236566,172048022236618,265650,93825186940240,4375639744,7,2732,1151,15679
172048031176405,172048031187763,172048031198155,172048031199843,172048031203399,172048031203444,265650,93825186940240,4375639744,7,2732,1151,15680
172048040716447,172048040727062,172048040737574,172048040739191,172048040744397,172048040744454,265650,93825186940240,4375639744,7,2732,1151,15681
172048049468807,172048049479915,172048049490704,172048049492682,172048049497650,172048049497712,265650,93825186940240,4375639744,7,2732,1151,15682
172048059524476,172048059534958,172048059545181,172048059547076,172048059552167,172048059552228,265650,93825186940240,4375639744,7,2732,1151,15683
172048068895314,172048068910524,172048068921371,172048068923269,172048068927421,172048068927512,265650,93825186940240,4375639744,7,2732,1151,15684
172048077634198,172048077645101,172048077655592,172048077657328,172048077662408,172048077662470,265650,93825186940240,4375639744,7,2732,1151,15685
172048086792901,172048086803572,172048086814192,172048086815939,172048086821004,172048086821064,265650,93825186940240,4375639744,7,2732,1151,15686
172048095909614,172048095920030,172048095930204,172048095931816,172048095936513,172048095936578,265650,93825186940240,4375639744,7,2732,1151,15687
172048104553637,172048104564096,172048104574445,172048104575940,172048104580943,172048104581004,265650,93825186940240,4375639744,7,2732,1151,15688
172048113570038,172048113580152,172048113590535,172048113591972,172048113596541,172048113596599,265650,93825186940240,4375639744,7,2732,1151,15689
172048123207400,172048123217918,172048123228429,172048123230028,172048123234218,172048123234277,265650,93825186940240,4375639744,7,2732,1151,15690
172048131555092,172048131566749,172048131577000,172048131579026,172048131582887,172048131582929,265650,93825186940240,4375639744,7,2732,1151,15691
172048140234278,172048140245256,172048140255816,172048140257783,172048140266358,172048140266416,265650,93825186940240,4375639744,7,2732,1151,15692
172048148602988,172048148613289,172048148623594,172048148625460,172048148633058,172048148633118,265650,93825186940240,4375639744,7,2732,1151,15693
172048158952897,172048158964569,172048158975667,172048158977376,172048158983941,172048158984039,265650,93825186940240,4375639744,7,2732,1151,15694
172048167255988,172048167266973,172048167277599,172048167279750,172048167287426,172048167287483,265650,93825186940240,4375639744,7,2732,1151,15695
172048175880298,172048175892299,172048175903145,172048175905068,172048175914671,172048175914750,265650,93825186940240,4375639744,7,2732,1151,15696
172048186792498,172048186803871,172048186814417,172048186816369,172048186821575,172048186821630,265650,93825186940240,4375639744,7,2732,1151,15697
172048196069255,172048196079956,172048196090237,172048196091771,172048196096612,172048196096675,265650,93825186940240,4375639744,7,2732,1151,15698
172048205469132,172048205479701,172048205490303,172048205491981,172048205496893,172048205496946,265650,93825186940240,4375639744,7,2732,1151,15699
172048214453873,172048214464950,172048214475253,172048214476834,172048214481513,172048214481564,265650,93825186940240,4375639744,7,2732,1151,15700
172048224121625,172048224132113,172048224142568,172048224144283,172048224149209,172048224149263,265650,93825186940240,4375639744,7,2732,1151,15701
172048234250303,172048234261515,172048234272003,172048234273866,172048234277312,172048234277383,265650,93825186940240,4375639744,7,2732,1151,15702
172048242903701,172048242915584,172048242926097,172048242928168,172048242932823,172048242932889,265650,93825186940240,4375639744,7,2732,1151,15703
172048251329460,172048251344699,172048251353832,172048251355309,172048251358701,172048251358769,265650,93825186940240,4375639744,7,2732,1151,15704
172048259725870,172048259735253,172048259743559,172048259744544,172048259747904,172048259747971,265650,93825186940240,4375639744,7,2732,1151,15705
172048269259254,172048269269482,172048269278853,172048269280236,172048269284489,172048269284566,265650,93825186940240,4375639744,7,2732,1151,15706
172048280045586,172048280055652,172048280065056,172048280066089,172048280070087,172048280070227,265650,93825186940240,4375639744,7,2732,1151,15707
172048288393372,172048288402305,172048288410351,172048288411212,172048288415890,172048288415956,265650,93825186940240,4375639744,7,2732,1151,15708
172048296716995,172048296725974,172048296734059,172048296734995,172048296739284,172048296739350,265650,93825186940240,4375639744,7,2732,1151,15709
172048307539614,172048307548727,172048307557006,172048307557902,172048307562164,172048307562235,265650,93825186940240,4375639744,7,2732,1151,15710
172048316479855,172048316488581,172048316496554,172048316497350,172048316502986,172048316503039,265650,93825186940240,4375639744,7,2732,1151,15711
172048325113674,172048325122436,172048325130539,172048325131411,172048325134694,172048325134757,265650,93825186940240,4375639744,7,2732,1151,15712
172048333552399,172048333561114,172048333569188,172048333570191,172048333573048,172048333573106,265650,93825186940240,4375639744,7,2732,1151,15713
172048344246132,172048344256289,172048344265462,172048344266393,172048344270163,172048344270239,265650,93825186940240,4375639744,7,2732,1151,15714
172048352668185,172048352679961,172048352690861,172048352691870,172048352695537,172048352695613,265650,93825186940240,4375639744,7,2732,1151,15715
172048361162381,172048361179533,172048361191131,172048361193804,172048361197679,172048361197785,265650,93825186940240,4375639744,7,2732,1151,15716
172048369647758,172048369658891,172048369669449,172048369671342,172048369678842,172048369678910,265650,93825186940240,4375639744,7,2732,1151,15717
172048380260710,172048380271427,172048380282094,172048380284291,172048380288714,172048380288763,265650,93825186940240,4375639744,7,2732,1151,15718
172048389100283,172048389111525,172048389121923,172048389123527,172048389130708,172048389130764,265650,93825186940240,4375639744,7,2732,1151,15719
172048398479482,172048398490363,172048398500881,172048398502548,172048398507120,172048398507175,265650,93825186940240,4375639744,7,2732,1151,15720
172048408162623,172048408173668,172048408183968,172048408185685,172048408191190,172048408191253,265650,93825186940240,4375639744,7,2732,1151,15721
172048417097231,172048417108454,172048417118623,172048417120573,172048417125139,172048417125198,265650,93825186940240,4375639744,7,2732,1151,15722
172048426530263,172048426586548,172048426598157,172048426599459,172048426602714,172048426602791,265650,93825186940240,4375639744,7,2732,1151,15723
172048434973039,172048434988260,172048435002593,172048435003844,172048435006891,172048435006973,265650,93825186940240,4375639744,7,2732,1151,15724
172048445460512,172048445469228,172048445477362,172048445478153,172048445482316,172048445482370,265650,93825186940240,4375639744,7,2732,1151,15725
172048455569369,172048455581126,172048455589956,172048455591227,172048455594854,172048455594916,265650,93825186940240,4375639744,7,2732,1151,15726
172048463982169,172048464019456,172048464030358,172048464031756,172048464037233,172048464037309,265650,93825186940240,4375639744,7,2732,1151,15727
172048472881793,172048472890970,172048472899555,172048472901542,172048472906276,172048472906343,265650,93825186940240,4375639744,7,2732,1151,15728
172048481607981,172048481617253,172048481625530,172048481626546,172048481630723,172048481630785,265650,93825186940240,4375639744,7,2732,1151,15729
172048490331585,172048490343024,172048490353644,172048490354570,172048490360079,172048490360171,265650,93825186940240,4375639744,7,2732,1151,15730
172048499458776,172048499470163,172048499479709,172048499480652,172048499484777,172048499484853,265650,93825186940240,4375639744,7,2732,1151,15731
172048508975112,172048508986785,172048508997760,172048508998772,172048509006969,172048509007041,265650,93825186940240,4375639744,7,2732,1151,15732
172048517420541,172048517437491,172048517446426,172048517447826,172048517452416,172048517452480,265650,93825186940240,4375639744,7,2732,1151,15733
172048527061942,172048527070544,172048527078565,172048527079346,172048527083651,172048527083723,265650,93825186940240,4375639744,7,2732,1151,15734
172048535711643,172048535721560,172048535730920,172048535731895,172048535737094,172048535737168,265650,93825186940240,4375639744,7,2732,1151,15735
172048545220718,172048545232034,172048545240852,172048545241875,172048545246454,172048545246526,265650,93825186940240,4375639744,7,2732,1151,15736
172048553544736,172048553554719,172048553563118,172048553564019,172048553567782,172048553567847,265650,93825186940240,4375639744,7,2732,1151,15737
172048561879012,172048561887408,172048561895147,172048561895828,172048561899288,172048561899351,265650,93825186940240,4375639744,7,2732,1151,15738
172048570211487,172048570220217,172048570228262,172048570229187,172048570233165,172048570233231,265650,93825186940240,4375639744,7,2732,1151,15739
172048579553385,172048579574531,172048579589059,172048579592131,172048579599685,172048579599825,265650,93825186940240,4375639744,7,2732,1151,15740
172048589106237,172048589118537,172048589129269,172048589131234,172048589140222,172048589140300,265650,93825186940240,4375639744,7,2732,1151,15741
172048598269047,172048598279665,172048598290122,172048598291904,172048598298921,172048598298983,265650,93825186940240,4375639744,7,2732,1151,15742
172048607183205,172048607193774,172048607204112,172048607205902,172048607214286,172048607214343,265650,93825186940240,4375639744,7,2732,1151,15743
172048616589022,172048616599535,172048616610241,172048616612348,172048616621314,172048616621373,265650,93825186940240,4375639744,7,2732,1151,15744
172048625529082,172048625539504,172048625550903,172048625553123,172048625561752,172048625561858,265650,93825186940240,4375639744,7,2732,1151,15745
172048635265133,172048635275814,172048635286138,172048635287830,172048635295798,172048635295843,265650,93825186940240,4375639744,7,2732,1151,15746
172048644646883,172048644657357,172048644667627,172048644669150,172048644677473,172048644677524,265650,93825186940240,4375639744,7,2732,1151,15747
172048652963723,172048652978291,172048652990296,172048652992127,172048652998119,172048652998210,265650,93825186940240,4375639744,7,2732,1151,15748
172048664623597,172048664641922,172048664655142,172048664659587,172048664665368,172048664665461,265650,93825186940240,4375639744,7,2732,1151,15749
172048673189756,172048673200856,172048673211393,172048673213099,172048673218061,172048673218108,265650,93825186940240,4375639744,7,2732,1151,15750
172048681794548,172048681805407,172048681815412,172048681816840,172048681822268,172048681822330,265650,93825186940240,4375639744,7,2732,1151,15751
172048690769662,172048690780250,172048690790238,172048690791844,172048690796353,172048690796413,265650,93825186940240,4375639744,7,2732,1151,15752
172048700082350,172048700093126,172048700103563,172048700105522,172048700111240,172048700111303,265650,93825186940240,4375639744,7,2732,1151,15753
172048708969677,172048708980192,172048708990443,172048708992311,172048708998059,172048708998114,265650,93825186940240,4375639744,7,2732,1151,15754
172048717297047,172048717307447,172048717317777,172048717319598,172048717328126,172048717328186,265650,93825186940240,4375639744,7,2732,1151,15755
172048725616943,172048725627545,172048725637755,172048725639435,172048725647569,172048725647614,265650,93825186940240,4375639744,7,2732,1151,15756
172048734129080,172048734139804,172048734150014,172048734151543,172048734158943,172048734158995,265650,93825186940240,4375639744,7,2732,1151,15757
172048743734154,172048743744603,172048743754895,172048743756884,172048743763518,172048743763565,265650,93825186940240,4375639744,7,2732,1151,15758
172048753076300,172048753086859,172048753096808,172048753098266,172048753103775,172048753103828,265650,93825186940240,4375639744,7,2732,1151,15759
172048761467561,172048761478503,172048761488277,172048761489709,172048761493107,172048761493170,265650,93825186940240,4375639744,7,2732,1151,15760
172048773117400,172048773133388,172048773144294,172048773146312,172048773151002,172048773151055,265650,93825186940240,4375639744,7,2732,1151,15761
172048781555612,172048781566821,172048781577376,172048781579291,172048781584420,172048781584468,265650,93825186940240,4375639744,7,2732,1151,15762
172048790166186,172048790177597,172048790188415,172048790190497,172048790195821,172048790195908,265650,93825186940240,4375639744,7,2732,1151,15763
172048798753562,172048798764502,172048798774869,172048798776610,172048798781825,172048798781919,265650,93825186940240,4375639744,7,2732,1151,15764
172048807579578,172048807590888,172048807601039,172048807602899,172048807610216,172048807610287,265650,93825186940240,4375639744,7,2732,1151,15765
172048817527994,172048817538813,172048817548576,172048817549931,172048817555243,172048817555311,265650,93825186940240,4375639744,7,2732,1151,15766
172048826258595,172048826269635,172048826279834,172048826281414,172048826286141,172048826286187,265650,93825186940240,4375639744,7,2732,1151,15767
172048837601559,172048837613396,172048837624391,172048837626596,172048837632570,172048837632660,265650,93825186940240,4375639744,7,2732,1151,15768
172048845877522,172048845889167,172048845899596,172048845901726,172048845907354,172048845907426,265650,93825186940240,4375639744,7,2732,1151,15769
172048855080800,172048855089581,172048855098168,172048855100048,172048855105818,172048855105885,265650,93825186940240,4375639744,7,2732,1151,15770
172048863463183,172048863473442,172048863482894,172048863484294,172048863488887,172048863488963,265650,93825186940240,4375639744,7,2732,1151,15771
172048873258974,172048873268283,172048873276466,172048873277359,172048873280485,172048873280553,265650,93825186940240,4375639744,7,2732,1151,15772
172048881621375,172048881630255,172048881638689,172048881640021,172048881646098,172048881646163,265650,93825186940240,4375639744,7,2732,1151,15773
172048890590801,172048890599892,172048890608113,172048890609031,172048890612724,172048890612794,265650,93825186940240,4375639744,7,2732,1151,15774
172048898890356,172048898899365,172048898907362,172048898908180,172048898911964,172048898912031,265650,93825186940240,4375639744,7,2732,1151,15775
172048907572907,172048907582010,172048907590335,172048907591558,172048907596175,172048907596244,265650,93825186940240,4375639744,7,2732,1151,15776
172048916215992,172048916225805,172048916234891,172048916236064,172048916240368,172048916240443,265650,93825186940240,4375639744,7,2732,1151,15777
172048926492905,172048926502739,172048926512057,172048926512996,172048926517994,172048926518063,265650,93825186940240,4375639744,7,2732,1151,15778
172048935315383,172048935325519,172048935334663,172048935335553,172048935340672,172048935340748,265650,93825186940240,4375639744,7,2732,1151,15779
172048944393756,172048944402653,172048944411080,172048944412105,172048944416461,172048944416528,265650,93825186940240,4375639744,7,2732,1151,15780
172048953345741,172048953357450,172048953365726,172048953366637,172048953371904,172048953371971,265650,93825186940240,4375639744,7,2732,1151,15781
172048962767592,172048962776476,172048962784601,172048962785388,172048962789700,172048962789762,265650,93825186940240,4375639744,7,2732,1151,15782
172048971934831,172048971943449,172048971951335,172048971952122,172048971956421,172048971956482,265650,93825186940240,4375639744,7,2732,1151,15783
172048981064802,172048981073659,172048981081854,172048981082646,172048981085831,172048981085894,265650,93825186940240,4375639744,7,2732,1151,15784
172048989652297,172048989662213,172048989671229,172048989672305,172048989676655,172048989676719,265650,93825186940240,4375639744,7,2732,1151,15785
172048998699749,172048998709242,172048998718054,172048998718933,172048998723464,172048998723521,265650,93825186940240,4375639744,7,2732,1151,15786
172049009123778,172049009132787,172049009140969,172049009141908,172049009146504,172049009146559,265650,93825186940240,4375639744,7,2732,1151,15787
172049018107531,172049018117819,172049018127156,172049018128701,172049018133065,172049018133132,265650,93825186940240,4375639744,7,2732,1151,15788
172049027250547,172049027267392,172049027278707,172049027281491,172049027286431,172049027286528,265650,93825186940240,4375639744,7,2732,1151,15789
172049036217494,172049036229045,172049036239859,172049036241866,172049036247087,172049036247173,265650,93825186940240,4375639744,7,2732,1151,15790
172049046038273,172049046049627,172049046060236,172049046062331,172049046066891,172049046066933,265650,93825186940240,4375639744,7,2732,1151,15791
172049055119228,172049055130260,172049055141046,172049055142917,172049055147546,172049055147610,265650,93825186940240,4375639744,7,2732,1151,15792
172049063420680,172049063434216,172049063445947,172049063449130,172049063461610,172049063461658,265650,93825186940240,4375639744,7,2732,1151,15793
172049071827127,172049071838399,172049071848623,172049071850280,172049071857462,172049071857529,265650,93825186940240,4375639744,7,2732,1151,15794
172049080113902,172049080126831,172049080137191,172049080139038,172049080146942,172049080147000,265650,93825186940240,4375639744,7,2732,1151,15795
172049088443526,172049088454624,172049088464618,172049088466152,172049088469951,172049088470017,265650,93825186940240,4375639744,7,2732,1151,15796
172049097311279,172049097321996,172049097331985,172049097333479,172049097341047,172049097341110,265650,93825186940240,4375639744,7,2732,1151,15797
172049106531704,172049106542397,172049106552530,172049106554076,172049106560752,172049106560840,265650,93825186940240,4375639744,7,2732,1151,15798
172049115350957,172049115361523,172049115371567,172049115373201,172049115381386,172049115381451,265650,93825186940240,4375639744,7,2732,1151,15799
172049124463930,172049124474941,172049124485383,172049124487244,172049124494832,172049124494890,265650,93825186940240,4375639744,7,2732,1151,15800
172049133647905,172049133658507,172049133668699,172049133670756,172049133678710,172049133678774,265650,93825186940240,4375639744,7,2732,1151,15801
172049142159270,172049142170220,172049142180742,172049142182109,172049142188550,172049142188613,265650,93825186940240,4375639744,7,2732,1151,15802
172049151330319,172049151341134,172049151351346,172049151352917,172049151360962,172049151361019,265650,93825186940240,4375639744,7,2732,1151,15803
172049160532887,172049160543254,172049160553380,172049160554639,172049160561471,172049160561536,265650,93825186940240,4375639744,7,2732,1151,15804
172049169473724,172049169484436,172049169494304,172049169495967,172049169503961,172049169504019,265650,93825186940240,4375639744,7,2732,1151,15805
172049178682930,172049178693581,172049178703539,172049178704859,172049178711774,172049178711835,265650,93825186940240,4375639744,7,2732,1151,15806
172049188050630,172049188061347,172049188071603,172049188073296,172049188081372,172049188081428,265650,93825186940240,4375639744,7,2732,1151,15807
172049196437835,172049196449477,172049196459737,172049196461424,172049196465302,172049196465360,265650,93825186940240,4375639744,7,2732,1151,15808
172049205528073,172049205538953,172049205549072,172049205550831,172049205557943,172049205557999,265650,93825186940240,4375639744,7,2732,1151,15809
172049214517894,172049214528654,172049214538833,172049214540827,172049214548400,172049214548480,265650,93825186940240,4375639744,7,2732,1151,15810
172049224758646,172049224769587,172049224779672,172049224781843,172049224786495,172049224786559,265650,93825186940240,4375639744,7,2732,1151,15811
172049234387423,172049234397963,172049234408442,172049234410262,172049234415113,172049234415185,265650,93825186940240,4375639744,7,2732,1151,15812
172049243374619,172049243385213,172049243395436,172049243397081,172049243402632,172049243402695,265650,93825186940240,4375639744,7,2732,1151,15813
172049252079543,172049252090312,172049252100662,172049252102587,172049252107433,172049252107505,265650,93825186940240,4375639744,7,2732,1151,15814
172049261288033,172049261298980,172049261309340,172049261311215,172049261316762,172049261316834,265650,93825186940240,4375639744,7,2732,1151,15815
172049270173400,172049270185295,172049270196261,172049270199375,172049270205513,172049270205583,265650,93825186940240,4375639744,7,2732,1151,15816
172049278934774,172049278946247,172049278957196,172049278959123,172049278963509,172049278963586,265650,93825186940240,4375639744,7,2732,1151,15817
172049288113772,172049288124859,172049288135479,172049288137496,172049288142237,172049288142299,265650,93825186940240,4375639744,7,2732,1151,15818
172049297186003,172049297205272,172049297215122,172049297217509,172049297221742,172049297221803,265650,93825186940240,4375639744,7,2732,1151,15819
172049306014393,172049306031020,172049306042491,172049306045572,172049306051639,172049306051733,265650,93825186940240,4375639744,7,2732,1151,15820
172049315529168,172049315540239,172049315549898,172049315552551,172049315558086,172049315558152,265650,93825186940240,4375639744,7,2732,1151,15821
172049324949130,172049324958811,172049324968289,172049324971544,172049324984195,172049324984263,265650,93825186940240,4375639744,7,2732,1151,15822
172049333321464,172049333348519,172049333361708,172049333364185,172049333370629,172049333370721,265650,93825186940240,4375639744,7,2732,1151,15823
172049342732899,172049342742300,172049342751566,172049342753525,172049342760006,172049342760067,265650,93825186940240,4375639744,7,2732,1151,15824
172049351619781,172049351630036,172049351639718,172049351641540,172049351648258,172049351648396,265650,93825186940240,4375639744,7,2732,1151,15825
172049359924424,172049359936384,172049359947745,172049359948678,172049359953369,172049359953447,265650,93825186940240,4375639744,7,2732,1151,15826
172049369180177,172049369190053,172049369199202,172049369200200,172049369204998,172049369205072,265650,93825186940240,4375639744,7,2732,1151,15827
172049377956738,172049377968165,172049377978942,172049377979864,172049377984090,172049377984164,265650,93825186940240,4375639744,7,2732,1151,15828
172049387271500,172049387280632,172049387288788,172049387289696,172049387294850,172049387294897,265650,93825186940240,4375639744,7,2732,1151,15829
172049395924020,172049395933731,172049395942781,172049395943918,172049395949490,172049395949543,265650,93825186940240,4375639744,7,2732,1151,15830
172049404973154,172049404982133,172049404990333,172049404991173,172049404995380,172049404995445,265650,93825186940240,4375639744,7,2732,1151,15831
172049413263970,172049413275925,172049413286793,172049413287800,172049413291858,172049413291913,265650,93825186940240,4375639744,7,2732,1151,15832
172049421723276,172049421732820,172049421741005,172049421741643,172049421745199,172049421745248,265650,93825186940240,4375639744,7,2732,1151,15833
172049431130552,172049431140440,172049431149910,172049431152087,172049431159785,172049431159855,265650,93825186940240,4375639744,7,2732,1151,15834
172049440130027,172049440139671,172049440148497,172049440149565,172049440157124,172049440157180,265650,93825186940240,4375639744,7,2732,1151,15835
172049448922493,172049448933489,172049448943816,172049448944532,172049448948660,172049448948732,265650,93825186940240,4375639744,7,2732,1151,15836
172049457742076,172049457751290,172049457760192,172049457760672,172049457764359,172049457764418,265650,93825186940240,4375639744,7,2732,1151,15837
172049466117264,172049466125587,172049466133475,172049466134099,172049466137718,172049466137772,265650,93825186940240,4375639744,7,2732,1151,15838
172049474704367,172049474712799,172049474720764,172049474721511,172049474725585,172049474725646,265650,93825186940240,4375639744,7,2732,1151,15839
172049483714447,172049483723447,172049483731689,172049483732649,172049483737466,172049483737532,265650,93825186940240,4375639744,7,2732,1151,15840
172049492517142,172049492525826,172049492534051,172049492535379,172049492541349,172049492541413,265650,93825186940240,4375639744,7,2732,1151,15841
172049502855901,172049502865121,172049502873060,172049502874646,172049502878801,172049502878862,265650,93825186940240,4375639744,7,2732,1151,15842
172049511164896,172049511173895,172049511182002,172049511182792,172049511187064,172049511187132,265650,93825186940240,4375639744,7,2732,1151,15843
172049519611721,172049519704433,172049519724054,172049519724985,172049519729642,172049519729716,265650,93825186940240,4375639744,7,2732,1151,15844
172049528552001,172049528560001,172049528567288,172049528568022,172049528571808,172049528571865,265650,93825186940240,4375639744,7,2732,1151,15845
172049537507834,172049537516130,172049537523936,172049537524591,172049537528148,172049537528204,265650,93825186940240,4375639744,7,2732,1151,15846
172049546112170,172049546122665,172049546131542,172049546132271,172049546136339,172049546136415,265650,93825186940240,4375639744,7,2732,1151,15847
172049555084831,172049555093590,172049555101800,172049555102471,172049555106201,172049555106258,265650,93825186940240,4375639744,7,2732,1151,15848
172049564146002,172049564154529,172049564162362,172049564162914,172049564167198,172049564167265,265650,93825186940240,4375639744,7,2732,1151,15849
172049572606031,172049572614245,172049572621974,172049572622586,172049572626273,172049572626338,265650,93825186940240,4375639744,7,2732,1151,15850
172049581767396,172049581778406,172049581788586,172049581789501,172049581794531,172049581794587,265650,93825186940240,4375639744,7,2732,1151,15851
172049590837170,172049590848157,172049590858401,172049590859158,172049590863962,172049590864051,265650,93825186940240,4375639744,7,2732,1151,15852
172049599234649,172049599243403,172049599251479,172049599252067,172049599256283,172049599256340,265650,93825186940240,4375639744,7,2732,1151,15853
172049608432599,172049608441098,172049608448947,172049608449578,172049608454022,172049608454079,265650,93825186940240,4375639744,7,2732,1151,15854
172049617553763,172049617568375,172049617579265,172049617581758,172049617587425,172049617587510,265650,93825186940240,4375639744,7,2732,1151,15855
172049626481973,172049626498819,172049626508171,172049626510508,172049626516322,172049626516400,265650,93825186940240,4375639744,7,2732,1151,15856
172049635407628,172049635417554,172049635426413,172049635427422,172049635432528,172049635432609,265650,93825186940240,4375639744,7,2732,1151,15857
172049644441295,172049644451776,172049644461069,172049644462092,172049644467013,172049644467088,265650,93825186940240,4375639744,7,2732,1151,15858
172049653157241,172049653166469,172049653174449,172049653175354,172049653180045,172049653180109,265650,93825186940240,4375639744,7,2732,1151,15859
172049662103679,172049662112672,172049662120761,172049662121511,172049662126102,172049662126171,265650,93825186940240,4375639744,7,2732,1151,15860
172049671209095,172049671224603,172049671235642,172049671238121,172049671241771,172049671241832,265650,93825186940240,4375639744,7,2732,1151,15861
172049680050168,172049680061291,172049680071620,172049680073701,172049680077413,172049680077471,265650,93825186940240,4375639744,7,2732,1151,15862
172049688382979,172049688394252,172049688404859,172049688406859,172049688413348,172049688413408,265650,93825186940240,4375639744,7,2732,1151,15863
172049697159829,172049697228900,172049697241096,172049697242765,172049697247303,172049697247406,265650,93825186940240,4375639744,7,2732,1151,15864
172049705566382,172049705575469,172049705583528,172049705584471,172049705588776,172049705588832,265650,93825186940240,4375639744,7,2732,1151,15865
172049717262389,172049717273662,172049717284332,172049717286534,172049717293963,172049717294046,265650,93825186940240,4375639744,7,2732,1151,15866
172049725599678,172049725610674,172049725621208,172049725623127,172049725628289,172049725628333,265650,93825186940240,4375639744,7,2732,1151,15867
172049734332982,172049734344099,172049734355049,172049734358006,172049734367555,172049734367614,265650,93825186940240,4375639744,7,2732,1151,15868
172049743374901,172049743385844,172049743396335,172049743398026,172049743403952,172049743404015,265650,93825186940240,4375639744,7,2732,1151,15869
172049751962023,172049751972511,172049751982782,172049751984975,172049751990596,172049751990666,265650,93825186940240,4375639744,7,2732,1151,15870
172049760282579,172049760293301,172049760303397,172049760305077,172049760311030,172049760311083,265650,93825186940240,4375639744,7,2732,1151,15871
172049768779936,172049768790768,172049768801370,172049768803487,172049768810327,172049768810428,265650,93825186940240,4375639744,7,2732,1151,15872
172049777800997,172049777811589,172049777822449,172049777824205,172049777829670,172049777829733,265650,93825186940240,4375639744,7,2732,1151,15873
172049786407474,172049786418234,172049786428375,172049786430027,172049786435560,172049786435617,265650,93825186940240,4375639744,7,2732,1151,15874
172049795658814,172049795669878,172049795680244,172049795681881,172049795686955,172049795687011,265650,93825186940240,4375639744,7,2732,1151,15875
172049804874650,172049804885295,172049804895688,172049804897523,172049804903155,172049804903215,265650,93825186940240,4375639744,7,2732,1151,15876
172049813462871,172049813473926,172049813484134,172049813485600,172049813491383,172049813491440,265650,93825186940240,4375639744,7,2732,1151,15877
172049824865021,172049824876701,172049824887538,172049824889754,172049824896263,172049824896316,265650,93825186940240,4375639744,7,2732,1151,15878
172049833585613,172049833598124,172049833606971,172049833608607,172049833613774,172049833613834,265650,93825186940240,4375639744,7,2732,1151,15879
172049842052288,172049842061180,172049842069498,172049842070364,172049842073333,172049842073397,265650,93825186940240,4375639744,7,2732,1151,15880
172049851211940,172049851221834,172049851231052,172049851231848,172049851235844,172049851235900,265650,93825186940240,4375639744,7,2732,1151,15881
172049859586542,172049859596478,172049859605708,172049859606803,172049859611911,172049859611981,265650,93825186940240,4375639744,7,2732,1151,15882
172049869668314,172049869677381,172049869684935,172049869685837,172049869691549,172049869691601,265650,93825186940240,4375639744,7,2732,1151,15883
172049878427589,172049878436265,172049878444299,172049878445043,172049878449452,172049878449508,265650,93825186940240,4375639744,7,2732,1151,15884
172049887962124,172049887972496,172049887981605,172049887982408,172049887985389,172049887985456,265650,93825186940240,4375639744,7,2732,1151,15885
172049897354946,172049897365284,172049897375247,172049897376959,172049897381981,172049897382085,265650,93825186940240,4375639744,7,2732,1151,15886
172049905991864,172049906004396,172049906013198,172049906014023,172049906017448,172049906017513,265650,93825186940240,4375639744,7,2732,1151,15887
172049914851938,172049914861780,172049914870969,172049914871699,172049914875621,172049914875685,265650,93825186940240,4375639744,7,2732,1151,15888
172049923442836,172049923451793,172049923460094,172049923461108,172049923465054,172049923465112,265650,93825186940240,4375639744,7,2732,1151,15889
172049932725881,172049932736445,172049932745472,172049932746285,172049932750328,172049932750387,265650,93825186940240,4375639744,7,2732,1151,15890
172049941761797,172049941770699,172049941778809,172049941779859,172049941782759,172049941782816,265650,93825186940240,4375639744,7,2732,1151,15891
172049950418464,172049950426677,172049950434093,172049950435049,172049950438581,172049950438632,265650,93825186940240,4375639744,7,2732,1151,15892
172049959446541,172049959455442,172049959463652,172049959464411,172049959468016,172049959468075,265650,93825186940240,4375639744,7,2732,1151,15893
172049968389517,172049968398487,172049968406675,172049968407692,172049968412191,172049968412258,265650,93825186940240,4375639744,7,2732,1151,15894
172049977599782,172049977608367,172049977616239,172049977617006,172049977621376,172049977621439,265650,93825186940240,4375639744,7,2732,1151,15895
172049986496249,172049986506456,172049986515503,172049986516667,172049986521654,172049986521714,265650,93825186940240,4375639744,7,2732,1151,15896
172049995817733,172049995827197,172049995835803,172049995836586,172049995840894,172049995840954,265650,93825186940240,4375639744,7,2732,1151,15897
172050004456549,172050004467573,172050004476843,172050004477657,172050004482282,172050004482345,265650,93825186940240,4375639744,7,2732,1151,15898
172050013656033,172050013665322,172050013673863,172050013674664,172050013679414,172050013679470,265650,93825186940240,4375639744,7,2732,1151,15899
172050022960550,172050022972116,172050022982491,172050022983396,172050022988026,172050022988098,265650,93825186940240,4375639744,7,2732,1151,15900
172050031576584,172050031585490,172050031593570,172050031594278,172050031598688,172050031598743,265650,93825186940240,4375639744,7,2732,1151,15901
172050040430093,172050040439857,172050040449111,172050040450374,172050040454532,172050040454600,265650,93825186940240,4375639744,7,2732,1151,15902
172050049770111,172050049778595,172050049786370,172050049787142,172050049791032,172050049791100,265650,93825186940240,4375639744,7,2732,1151,15903
172050058359238,172050058368555,172050058376890,172050058377511,172050058380207,172050058380272,265650,93825186940240,4375639744,7,2732,1151,15904
172050067500201,172050067510093,172050067518828,172050067519745,172050067523452,172050067523511,265650,93825186940240,4375639744,7,2732,1151,15905
172050076378976,172050076387651,172050076395690,172050076396722,172050076400116,172050076400178,265650,93825186940240,4375639744,7,2732,1151,15906
172050086473509,172050086481953,172050086489818,172050086490554,172050086494007,172050086494068,265650,93825186940240,4375639744,7,2732,1151,15907
172050095682057,172050095690550,172050095698496,172050095699189,172050095702875,172050095702933,265650,93825186940240,4375639744,7,2732,1151,15908
172050104077735,172050104086429,172050104094464,172050104095675,172050104101631,172050104101689,265650,93825186940240,4375639744,7,2732,1151,15909
172050112360031,172050112369808,172050112378886,172050112380099,172050112384881,172050112384951,265650,93825186940240,4375639744,7,2732,1151,15910
172050121242897,172050121252541,172050121261601,172050121262583,172050121266368,172050121266429,265650,93825186940240,4375639744,7,2732,1151,15911
172050132794900,172050132809346,172050132820550,172050132822437,172050132827703,172050132827768,265650,93825186940240,4375639744,7,2732,1151,15912
172050141022415,172050141031152,172050141039525,172050141040242,172050141045002,172050141045056,265650,93825186940240,4375639744,7,2732,1151,15913
172050150205470,172050150214307,172050150222288,172050150223129,172050150227057,172050150227116,265650,93825186940240,4375639744,7,2732,1151,15914
172050159067452,172050159082469,172050159093733,172050159095201,172050159099717,172050159099801,265650,93825186940240,4375639744,7,2732,1151,15915
172050168073111,172050168081667,172050168089543,172050168090329,172050168094082,172050168094151,265650,93825186940240,4375639744,7,2732,1151,15916
172050176312322,172050176321282,172050176329479,172050176330469,172050176334482,172050176334546,265650,93825186940240,4375639744,7,2732,1151,15917
172050185552687,172050185560971,172050185568920,172050185569787,172050185573651,172050185573717,265650,93825186940240,4375639744,7,2732,1151,15918
172050194436507,172050194446244,172050194455141,172050194456131,172050194460383,172050194460460,265650,93825186940240,4375639744,7,2732,1151,15919
172050204030975,172050204039959,172050204048555,172050204049382,172050204053469,172050204053522,265650,93825186940240,4375639744,7,2732,1151,15920
172050213219347,172050213228095,172050213236288,172050213237183,172050213242014,172050213242071,265650,93825186940240,4375639744,7,2732,1151,15921
172050222020766,172050222030170,172050222038835,172050222039517,172050222043175,172050222043234,265650,93825186940240,4375639744,7,2732,1151,15922
172050231468895,172050231478896,172050231487907,172050231488793,172050231493657,172050231493719,265650,93825186940240,4375639744,7,2732,1151,15923
172050240848792,172050240857577,172050240865622,172050240866823,172050240871852,172050240871917,265650,93825186940240,4375639744,7,2732,1151,15924
172050249144189,172050249153890,172050249163105,172050249164401,172050249169410,172050249169477,265650,93825186940240,4375639744,7,2732,1151,15925
172050259036469,172050259055398,172050259066620,172050259069844,172050259073422,172050259073510,265650,93825186940240,4375639744,7,2732,1151,15926
172050269655854,172050269667638,172050269679170,172050269681834,172050269688036,172050269688123,265650,93825186940240,4375639744,7,2732,1151,15927
172050277963268,172050277974826,172050277985662,172050277988216,172050277992465,172050277992536,265650,93825186940240,4375639744,7,2732,1151,15928
172050287039994,172050287050915,172050287061202,172050287062946,172050287066525,172050287066594,265650,93825186940240,4375639744,7,2732,1151,15929
172050296347004,172050296357742,172050296367988,172050296369621,172050296373272,172050296373340,265650,93825186940240,4375639744,7,2732,1151,15930
172050304761125,172050304772095,172050304782506,172050304784032,172050304787667,172050304787729,265650,93825186940240,4375639744,7,2732,1151,15931
172050314446034,172050314457051,172050314467306,172050314468889,172050314472875,172050314472953,265650,93825186940240,4375639744,7,2732,1151,15932
172050323774473,172050323785992,172050323796773,172050323798631,172050323802943,172050323803043,265650,93825186940240,4375639744,7,2732,1151,15933
172050332478798,172050332489473,172050332500067,172050332501863,172050332505886,172050332505945,265650,93825186940240,4375639744,7,2732,1151,15934
172050341811193,172050341822071,172050341832298,172050341834198,172050341839195,172050341839253,265650,93825186940240,4375639744,7,2732,1151,15935
172050351260480,172050351271425,172050351282067,172050351283936,172050351290678,172050351290764,265650,93825186940240,4375639744,7,2732,1151,15936
172050359661986,172050359673894,172050359685422,172050359688695,172050359692214,172050359692289,265650,93825186940240,4375639744,7,2732,1151,15937
172050368041002,172050368052058,172050368062645,172050368064578,172050368069718,172050368069780,265650,93825186940240,4375639744,7,2732,1151,15938
172050376304667,172050376315930,172050376328019,172050376330710,172050376338794,172050376338851,265650,93825186940240,4375639744,7,2732,1151,15939
172050384634344,172050384645625,172050384656447,172050384658001,172050384663281,172050384663334,265650,93825186940240,4375639744,7,2732,1151,15940
172050393992851,172050394008168,172050394018501,172050394019961,172050394025850,172050394025911,265650,93825186940240,4375639744,7,2732,1151,15941
172050403150644,172050403161735,172050403172370,172050403173830,172050403179155,172050403179214,265650,93825186940240,4375639744,7,2732,1151,15942
172050413623875,172050413636394,172050413647418,172050413649551,172050413655976,172050413656064,265650,93825186940240,4375639744,7,2732,1151,15943
172050423472714,172050423487111,172050423496885,172050423498619,172050423501838,172050423501906,265650,93825186940240,4375639744,7,2732,1151,15944
172050432611583,172050432620166,172050432627919,172050432628779,172050432633352,172050432633412,265650,93825186940240,4375639744,7,2732,1151,15945
172050442690551,172050442699047,172050442707017,172050442708557,172050442715990,172050442716052,265650,93825186940240,4375639744,7,2732,1151,15946
172050451942530,172050451951488,172050451959693,172050451960681,172050451965080,172050451965136,265650,93825186940240,4375639744,7,2732,1151,15947
172050461475781,172050461491111,172050461501737,172050461504563,172050461510540,172050461510631,265650,93825186940240,4375639744,7,2732,1151,15948
172050469833442,172050469842310,172050469851028,172050469852488,172050469857106,172050469857170,265650,93825186940240,4375639744,7,2732,1151,15949
172050478875748,172050478885709,172050478894845,172050478895637,172050478899831,172050478899908,265650,93825186940240,4375639744,7,2732,1151,15950
172050487698808,172050487708923,172050487717250,172050487717972,172050487722256,172050487722325,265650,93825186940240,4375639744,7,2732,1151,15951
172050496148298,172050496159845,172050496170197,172050496171096,172050496176985,172050496177060,265650,93825186940240,4375639744,7,2732,1151,15952
172050506168510,172050506181589,172050506193157,172050506196610,172050506205623,172050506205726,265650,93825186940240,4375639744,7,2732,1151,15953
172050516049520,172050516061317,172050516072243,172050516074837,172050516082426,172050516082520,265650,93825186940240,4375639744,7,2732,1151,15954
172050524394090,172050524406552,172050524417650,172050524419891,172050524426996,172050524427077,265650,93825186940240,4375639744,7,2732,1151,15955
172050532932129,172050532943457,172050532954581,172050532957153,172050532964173,172050532964273,265650,93825186940240,4375639744,7,2732,1151,15956
172050542667617,172050542678754,172050542689700,172050542692064,172050542697811,172050542697901,265650,93825186940240,4375639744,7,2732,1151,15957
172050551365396,172050551377374,172050551388036,172050551390186,172050551397072,172050551397126,265650,93825186940240,4375639744,7,2732,1151,15958
172050560552341,172050560570066,172050560580683,172050560582637,172050560590060,172050560590138,265650,93825186940240,4375639744,7,2732,1151,15959
172050569925299,172050569934512,172050569942766,172050569943699,172050569948170,172050569948227,265650,93825186940240,4375639744,7,2732,1151,15960
172050578533485,172050578542094,172050578550005,172050578550725,172050578555525,172050578555584,265650,93825186940240,4375639744,7,2732,1151,15961
172050587847920,172050587859310,172050587869977,172050587870810,172050587875928,172050587875991,265650,93825186940240,4375639744,7,2732,1151,15962
172050596443041,172050596451490,172050596459219,172050596459896,172050596464226,172050596464288,265650,93825186940240,4375639744,7,2732,1151,15963
172050605201553,172050605212808,172050605222908,172050605223617,172050605228257,172050605228313,265650,93825186940240,4375639744,7,2732,1151,15964
172050614478514,172050614486814,172050614494429,172050614495087,172050614499383,172050614499433,265650,93825186940240,4375639744,7,2732,1151,15965
172050622971327,172050622987732,172050622999686,172050623007404,172050623012758,172050623012850,265650,93825186940240,4375639744,7,2732,1151,15966
172050631654926,172050631666338,172050631676911,172050631678745,172050631684710,172050631684791,265650,93825186940240,4375639744,7,2732,1151,15967
172050641175499,172050641186203,172050641196856,172050641199309,172050641205319,172050641205371,265650,93825186940240,4375639744,7,2732,1151,15968
172050651102493,172050651121810,172050651133859,172050651135681,172050651144453,172050651144526,265650,93825186940240,4375639744,7,2732,1151,15969
172050660243942,172050660252917,172050660261222,172050660262014,172050660266885,172050660266936,265650,93825186940240,4375639744,7,2732,1151,15970
172050670058586,172050670067402,172050670075587,172050670076371,172050670078484,172050670078540,265650,93825186940240,4375639744,7,2732,1151,15971
172050678906507,172050678918029,172050678927035,172050678927874,172050678931577,172050678931641,265650,93825186940240,4375639744,7,2732,1151,15972
172050687502782,172050687512202,172050687520619,172050687521508,172050687525607,172050687525666,265650,93825186940240,4375639744,7,2732,1151,15973
172050696543142,172050696551848,172050696560161,172050696560906,172050696565056,172050696565147,265650,93825186940240,4375639744,7,2732,1151,15974
172050705794444,172050705803722,172050705812285,172050705813119,172050705816771,172050705816838,265650,93825186940240,4375639744,7,2732,1151,15975
172050714367179,172050714376918,172050714385912,172050714386560,172050714390464,172050714390527,265650,93825186940240,4375639744,7,2732,1151,15976
172050723917015,172050723925722,172050723933517,172050723934150,172050723937881,172050723937944,265650,93825186940240,4375639744,7,2732,1151,15977
172050732418561,172050732428733,172050732437206,172050732438171,172050732441950,172050732442008,265650,93825186940240,4375639744,7,2732,1151,15978
172050740898774,172050740927545,172050740938508,172050740939781,172050740944725,172050740944805,265650,93825186940240,4375639744,7,2732,1151,15979
172050749298285,172050749306799,172050749314758,172050749315772,172050749320308,172050749320365,265650,93825186940240,4375639744,7,2732,1151,15980
172050761178483,172050761197010,172050761208390,172050761210998,172050761214178,172050761214259,265650,93825186940240,4375639744,7,2732,1151,15981
172050769628475,172050769725595,172050769759480,172050769761038,172050769766332,172050769766415,265650,93825186940240,4375639744,7,2732,1151,15982
172050777849607,172050777858231,172050777866115,172050777866986,172050777868908,172050777868971,265650,93825186940240,4375639744,7,2732,1151,15983
172050787286612,172050787295482,172050787303878,172050787305032,172050787309829,172050787309896,265650,93825186940240,4375639744,7,2732,1151,15984
172050795765718,172050795779987,172050795791184,172050795792290,172050795795597,172050795795672,265650,93825186940240,4375639744,7,2732,1151,15985
172050804765141,172050804774249,172050804782350,172050804783194,172050804787389,172050804787452,265650,93825186940240,4375639744,7,2732,1151,15986
172050813763377,172050813774789,172050813783989,172050813784728,172050813789145,172050813789209,265650,93825186940240,4375639744,7,2732,1151,15987
172050822862534,172050822871744,172050822880461,172050822881370,172050822885728,172050822885781,265650,93825186940240,4375639744,7,2732,1151,15988
172050832947796,172050832959348,172050832969742,172050832970963,172050832975524,172050832975591,265650,93825186940240,4375639744,7,2732,1151,15989
172050841805852,172050841817264,172050841827721,172050841828466,172050841833041,172050841833095,265650,93825186940240,4375639744,7,2732,1151,15990
172050852803615,172050852818598,172050852830057,172050852833028,172050852837049,172050852837119,265650,93825186940240,4375639744,7,2732,1151,15991
172050861691047,172050861702235,172050861713131,172050861715390,172050861720413,172050861720494,265650,93825186940240,4375639744,7,2732,1151,15992
172050870464125,172050870475396,172050870486682,172050870489494,172050870494487,172050870494548,265650,93825186940240,4375639744,7,2732,1151,15993
172050879330683,172050879344449,172050879354061,172050879355379,172050879358169,172050879358228,265650,93825186940240,4375639744,7,2732,1151,15994
172050888131314,172050888147260,172050888158393,172050888160771,172050888164619,172050888164688,265650,93825186940240,4375639744,7,2732,1151,15995
172050897512220,172050897526469,172050897537055,172050897538991,172050897542271,172050897542328,265650,93825186940240,4375639744,7,2732,1151,15996
172050906111865,172050906123939,172050906134380,172050906136097,172050906139526,172050906139587,265650,93825186940240,4375639744,7,2732,1151,15997
172050915388664,172050915400502,172050915411186,172050915413042,172050915415571,172050915415660,265650,93825186940240,4375639744,7,2732,1151,15998
172050923749676,172050923760494,172050923771412,172050923773415,172050923778136,172050923778194,265650,93825186940240,4375639744,7,2732,1151,15999
172050932568074,172050932579132,172050932589738,172050932591752,172050932596536,172050932596598,265650,93825186940240,4375639744,7,2732,1151,16000
172050942496378,172050942508802,172050942519274,172050942521782,172050942528896,172050942528966,265650,93825186940240,4375639744,7,2732,1151,16001
172050951977734,172050952007137,172050952019982,172050952024374,172050952032458,172050952032553,265650,93825186940240,4375639744,7,2732,1151,16002
172050960125338,172050960134371,172050960142400,172050960143266,172050960147671,172050960147739,265650,93825186940240,4375639744,7,2732,1151,16003
172050969310706,172050969322337,172050969331783,172050969332601,172050969336605,172050969336667,265650,93825186940240,4375639744,7,2732,1151,16004
172050978393777,172050978405549,172050978416227,172050978417061,172050978422884,172050978422957,265650,93825186940240,4375639744,7,2732,1151,16005
172050987360930,172050987370773,172050987379533,172050987380372,172050987384893,172050987384962,265650,93825186940240,4375639744,7,2732,1151,16006
172050996361519,172050996371127,172050996380009,172050996380803,172050996385702,172050996385773,265650,93825186940240,4375639744,7,2732,1151,16007
172051005498928,172051005508306,172051005516935,172051005517682,172051005522112,172051005522176,265650,93825186940240,4375639744,7,2732,1151,16008
172051014337908,172051014349196,172051014359727,172051014360468,172051014364272,172051014364339,265650,93825186940240,4375639744,7,2732,1151,16009
172051023325797,172051023334646,172051023342544,172051023343243,172051023347901,172051023347957,265650,93825186940240,4375639744,7,2732,1151,16010
172051032970843,172051032980954,172051032989699,172051032990317,172051032994221,172051032994280,265650,93825186940240,4375639744,7,2732,1151,16011
172051042263687,172051042278661,172051042290490,172051042293041,172051042299148,172051042299239,265650,93825186940240,4375639744,7,2732,1151,16012
172051051237470,172051051250131,172051051260853,172051051262888,172051051268233,172051051268325,265650,93825186940240,4375639744,7,2732,1151,16013
172051060160636,172051060171761,172051060181915,172051060183838,172051060188549,172051060188621,265650,93825186940240,4375639744,7,2732,1151,16014
172051068593936,172051068605216,172051068615519,172051068617223,172051068621171,172051068621240,265650,93825186940240,4375639744,7,2732,1151,16015
172051077803817,172051077814422,172051077824636,172051077826294,172051077830382,172051077830448,265650,93825186940240,4375639744,7,2732,1151,16016
172051086701584,172051086712154,172051086722648,172051086724204,172051086728738,172051086728797,265650,93825186940240,4375639744,7,2732,1151,16017
172051095366057,172051095377686,172051095388044,172051095389823,172051095393416,172051095393474,265650,93825186940240,4375639744,7,2732,1151,16018
172051103674429,172051103685007,172051103695087,172051103696607,172051103700641,172051103700690,265650,93825186940240,4375639744,7,2732,1151,16019
172051112957670,172051112968457,172051112978714,172051112980366,172051112984449,172051112984507,265650,93825186940240,4375639744,7,2732,1151,16020
172051121698478,172051121708900,172051121719288,172051121720805,172051121725349,172051121725409,265650,93825186940240,4375639744,7,2732,1151,16021
172051131400976,172051131412494,172051131423511,172051131425374,172051131430934,172051131431019,265650,93825186940240,4375639744,7,2732,1151,16022
172051140251171,172051140262078,172051140272452,172051140274132,172051140278694,172051140278757,265650,93825186940240,4375639744,7,2732,1151,16023
172051149100799,172051149110047,172051149118722,172051149119998,172051149126577,172051149126641,265650,93825186940240,4375639744,7,2732,1151,16024
172051158583623,172051158592470,172051158600713,172051158601701,172051158606938,172051158607007,265650,93825186940240,4375639744,7,2732,1151,16025
172051167594425,172051167603181,172051167611218,172051167612236,172051167617004,172051167617069,265650,93825186940240,4375639744,7,2732,1151,16026
172051176479050,172051176489572,172051176498414,172051176499376,172051176504042,172051176504104,265650,93825186940240,4375639744,7,2732,1151,16027
172051185412752,172051185422723,172051185431878,172051185432980,172051185437738,172051185437819,265650,93825186940240,4375639744,7,2732,1151,16028
172051194299175,172051194308994,172051194318125,172051194319048,172051194323971,172051194324032,265650,93825186940240,4375639744,7,2732,1151,16029
172051203384156,172051203392779,172051203400707,172051203401633,172051203404428,172051203404485,265650,93825186940240,4375639744,7,2732,1151,16030
172051212474558,172051212484599,172051212493910,172051212494769,172051212499773,172051212499851,265650,93825186940240,4375639744,7,2732,1151,16031
172051221292172,172051221303504,172051221313891,172051221314834,172051221319845,172051221319925,265650,93825186940240,4375639744,7,2732,1151,16032
172051229923660,172051229934790,172051229945049,172051229945949,172051229950683,172051229950757,265650,93825186940240,4375639744,7,2732,1151,16033
172051238277364,172051238288520,172051238298815,172051238299652,172051238304352,172051238304424,265650,93825186940240,4375639744,7,2732,1151,16034
172051246657837,172051246667368,172051246676100,172051246676963,172051246682100,172051246682161,265650,93825186940240,4375639744,7,2732,1151,16035
172051255277714,172051255289245,172051255299594,172051255300462,172051255304986,172051255305048,265650,93825186940240,4375639744,7,2732,1151,16036
172051264374317,172051264383155,172051264391068,172051264392322,172051264396980,172051264397032,265650,93825186940240,4375639744,7,2732,1151,16037
172051273513143,172051273523324,172051273532883,172051273534500,172051273538387,172051273538456,265650,93825186940240,4375639744,7,2732,1151,16038
172051284303989,172051284315458,172051284326143,172051284327198,172051284331769,172051284331852,265650,93825186940240,4375639744,7,2732,1151,16039
172051292650455,172051292660521,172051292670169,172051292671320,172051292676242,172051292676305,265650,93825186940240,4375639744,7,2732,1151,16040
172051300983086,172051300991781,172051300999683,172051301002314,172051301008588,172051301008636,265650,93825186940240,4375639744,7,2732,1151,16041
172051311752936,172051311761951,172051311770535,172051311771622,172051311774942,172051311775008,265650,93825186940240,4375639744,7,2732,1151,16042
172051320094979,172051320111052,172051320120690,172051320121550,172051320126672,172051320126745,265650,93825186940240,4375639744,7,2732,1151,16043
172051328922722,172051328934200,172051328944876,172051328945808,172051328950228,172051328950311,265650,93825186940240,4375639744,7,2732,1151,16044
172051337237044,172051337248978,172051337259632,172051337260894,172051337266462,172051337266535,265650,93825186940240,4375639744,7,2732,1151,16045
172051345583882,172051345592632,172051345600539,172051345601562,172051345606359,172051345606417,265650,93825186940240,4375639744,7,2732,1151,16046
172051354481934,172051354490961,172051354499316,172051354500771,172051354504755,172051354504814,265650,93825186940240,4375639744,7,2732,1151,16047
172051365159053,172051365167937,172051365176489,172051365178326,172051365185158,172051365185213,265650,93825186940240,4375639744,7,2732,1151,16048
172051373408040,172051373417775,172051373425890,172051373427051,172051373433011,172051373433059,265650,93825186940240,4375639744,7,2732,1151,16049
172051381789723,172051381800112,172051381809263,172051381810890,172051381816765,172051381816830,265650,93825186940240,4375639744,7,2732,1151,16050
172051390313744,172051390322576,172051390330781,172051390331906,172051390337021,172051390337080,265650,93825186940240,4375639744,7,2732,1151,16051
172051399642464,172051399665816,172051399677717,172051399680111,172051399686475,172051399686574,265650,93825186940240,4375639744,7,2732,1151,16052
172051410153168,172051410164788,172051410175773,172051410178076,172051410182898,172051410182994,265650,93825186940240,4375639744,7,2732,1151,16053
172051418476150,172051418485978,172051418496094,172051418498549,172051418501119,172051418501173,265650,93825186940240,4375639744,7,2732,1151,16054
172051427061482,172051427077220,172051427086102,172051427087419,172051427090997,172051427091061,265650,93825186940240,4375639744,7,2732,1151,16055
172051436178227,172051436187391,172051436195951,172051436197858,172051436203457,172051436203514,265650,93825186940240,4375639744,7,2732,1151,16056
172051444506181,172051444515054,172051444523698,172051444525702,172051444531765,172051444531820,265650,93825186940240,4375639744,7,2732,1151,16057
172051454760161,172051454769880,172051454778943,172051454779736,172051454785913,172051454785973,265650,93825186940240,4375639744,7,2732,1151,16058
172051463142171,172051463153787,172051463164390,172051463165443,172051463170665,172051463170731,265650,93825186940240,4375639744,7,2732,1151,16059
172051471497059,172051471549216,172051471559321,172051471560180,172051471565523,172051471565594,265650,93825186940240,4375639744,7,2732,1151,16060
172051479831818,172051479846116,172051479857564,172051479858957,172051479862066,172051479862151,265650,93825186940240,4375639744,7,2732,1151,16061
172051489824500,172051489833961,172051489842294,172051489843280,172051489848019,172051489848084,265650,93825186940240,4375639744,7,2732,1151,16062
172051498190855,172051498203726,172051498215071,172051498216079,172051498220899,172051498220995,265650,93825186940240,4375639744,7,2732,1151,16063
172051506399862,172051506408623,172051506416774,172051506418061,172051506422636,172051506422700,265650,93825186940240,4375639744,7,2732,1151,16064
172051516867010,172051516876282,172051516884793,172051516885670,172051516889889,172051516889959,265650,93825186940240,4375639744,7,2732,1151,16065
172051525139105,172051525148104,172051525156622,172051525157777,172051525161974,172051525162041,265650,93825186940240,4375639744,7,2732,1151,16066
172051533756487,172051533766556,172051533775752,172051533776588,172051533780811,172051533780885,265650,93825186940240,4375639744,7,2732,1151,16067
172051542749330,172051542758499,172051542766939,172051542767852,172051542772801,172051542772864,265650,93825186940240,4375639744,7,2732,1151,16068
172051551431206,172051551449116,172051551460481,172051551463034,172051551468048,172051551468132,265650,93825186940240,4375639744,7,2732,1151,16069
172051560746422,172051560757118,172051560765866,172051560767715,172051560775378,172051560775436,265650,93825186940240,4375639744,7,2732,1151,16070
172051570142066,172051570158752,172051570170071,172051570172632,172051570179379,172051570179471,265650,93825186940240,4375639744,7,2732,1151,16071
172051578386081,172051578397107,172051578407624,172051578409487,172051578415038,172051578415099,265650,93825186940240,4375639744,7,2732,1151,16072
172051587623882,172051587634630,172051587645075,172051587646650,172051587651855,172051587651914,265650,93825186940240,4375639744,7,2732,1151,16073
172051596662390,172051596675579,172051596687076,172051596688883,172051596694591,172051596694666,265650,93825186940240,4375639744,7,2732,1151,16074
172051605268029,172051605276796,172051605284931,172051605285679,172051605289741,172051605289796,265650,93825186940240,4375639744,7,2732,1151,16075
172051614174015,172051614184244,172051614193309,172051614194245,172051614199735,172051614199827,265650,93825186940240,4375639744,7,2732,1151,16076
172051623037952,172051623047402,172051623056154,172051623056895,172051623061078,172051623061135,265650,93825186940240,4375639744,7,2732,1151,16077
172051631754728,172051631763678,172051631771996,172051631772858,172051631775019,172051631775073,265650,93825186940240,4375639744,7,2732,1151,16078
172051641006362,172051641016062,172051641025048,172051641025723,172051641029636,172051641029696,265650,93825186940240,4375639744,7,2732,1151,16079
172051650010263,172051650020200,172051650029436,172051650030238,172051650036381,172051650036445,265650,93825186940240,4375639744,7,2732,1151,16080
172051658468801,172051658479323,172051658488529,172051658489489,172051658493901,172051658493964,265650,93825186940240,4375639744,7,2732,1151,16081
172051667546480,172051667561886,172051667571626,172051667573545,172051667577402,172051667577472,265650,93825186940240,4375639744,7,2732,1151,16082
172051676737674,172051676748758,172051676759291,172051676760238,172051676764442,172051676764516,265650,93825186940240,4375639744,7,2732,1151,16083
172051685378594,172051685389810,172051685400073,172051685400862,172051685405080,172051685405137,265650,93825186940240,4375639744,7,2732,1151,16084
172051694544832,172051694553770,172051694561924,172051694562942,172051694567765,172051694567822,265650,93825186940240,4375639744,7,2732,1151,16085
172051703576474,172051703586123,172051703595192,172051703596033,172051703600580,172051703600639,265650,93825186940240,4375639744,7,2732,1151,16086
172051712432369,172051712443725,172051712453905,172051712454651,172051712459026,172051712459084,265650,93825186940240,4375639744,7,2732,1151,16087
172051721524564,172051721533187,172051721541035,172051721541818,172051721545586,172051721545632,265650,93825186940240,4375639744,7,2732,1151,16088
172051729840051,172051729858226,172051729869633,172051729872668,172051729879093,172051729879174,265650,93825186940240,4375639744,7,2732,1151,16089
172051738157641,172051738169007,172051738179556,172051738181735,172051738186274,172051738186350,265650,93825186940240,4375639744,7,2732,1151,16090
172051749443883,172051749455329,172051749466279,172051749468213,172051749474143,172051749474229,265650,93825186940240,4375639744,7,2732,1151,16091
172051758583086,172051758595122,172051758606209,172051758608327,172051758613735,172051758613814,265650,93825186940240,4375639744,7,2732,1151,16092
172051766955344,172051766966036,172051766976720,172051766978515,172051766986195,172051766986250,265650,93825186940240,4375639744,7,2732,1151,16093
172051775231919,172051775242785,172051775253280,172051775254814,172051775261487,172051775261541,265650,93825186940240,4375639744,7,2732,1151,16094
172051785608690,172051785620315,172051785630739,172051785632621,172051785637224,172051785637315,265650,93825186940240,4375639744,7,2732,1151,16095
172051794026071,172051794038816,172051794050254,172051794052958,172051794065141,172051794065208,265650,93825186940240,4375639744,7,2732,1151,16096
172051802268096,172051802278475,172051802288854,172051802291201,172051802296201,172051802296268,265650,93825186940240,4375639744,7,2732,1151,16097
172051810762698,172051810773651,172051810784382,172051810785970,172051810791186,172051810791235,265650,93825186940240,4375639744,7,2732,1151,16098
172051819097987,172051819108871,172051819119233,172051819121102,172051819128650,172051819128722,265650,93825186940240,4375639744,7,2732,1151,16099
172051827416590,172051827427585,172051827438016,172051827440022,172051827447876,172051827448038,265650,93825186940240,4375639744,7,2732,1151,16100
172051836052369,172051836063016,172051836073565,172051836075520,172051836082202,172051836082265,265650,93825186940240,4375639744,7,2732,1151,16101
172051844876381,172051844886950,172051844897046,172051844898750,172051844902704,172051844902764,265650,93825186940240,4375639744,7,2732,1151,16102
172051854156227,172051854166914,172051854177330,172051854178848,172051854185648,172051854185706,265650,93825186940240,4375639744,7,2732,1151,16103
172051863492271,172051863503115,172051863513400,172051863515464,172051863519456,172051863519522,265650,93825186940240,4375639744,7,2732,1151,16104
172051871857780,172051871868299,172051871878534,172051871880194,172051871886629,172051871886686,265650,93825186940240,4375639744,7,2732,1151,16105
172051882551259,172051882561802,172051882571885,172051882573671,172051882578802,172051882578862,265650,93825186940240,4375639744,7,2732,1151,16106
172051892136983,172051892147561,172051892157818,172051892159797,172051892164775,172051892164828,265650,93825186940240,4375639744,7,2732,1151,16107
172051900578857,172051900589701,172051900600107,172051900601820,172051900606811,172051900606873,265650,93825186940240,4375639744,7,2732,1151,16108
172051910066330,172051910080471,172051910092513,172051910094488,172051910098988,172051910099064,265650,93825186940240,4375639744,7,2732,1151,16109
172051919234911,172051919244845,172051919253999,172051919255216,172051919261072,172051919261146,265650,93825186940240,4375639744,7,2732,1151,16110
172051927996558,172051928010429,172051928018914,172051928019716,172051928024231,172051928024294,265650,93825186940240,4375639744,7,2732,1151,16111
172051937130480,172051937192594,172051937204432,172051937205991,172051937209866,172051937209957,265650,93825186940240,4375639744,7,2732,1151,16112
172051946613677,172051946622708,172051946630985,172051946631872,172051946634191,172051946634245,265650,93825186940240,4375639744,7,2732,1151,16113
172051955086496,172051955098271,172051955109215,172051955110182,172051955115108,172051955115176,265650,93825186940240,4375639744,7,2732,1151,16114
172051964409792,172051964426756,172051964437643,172051964440428,172051964443764,172051964443865,265650,93825186940240,4375639744,7,2732,1151,16115
172051973421496,172051973432785,172051973443745,172051973445591,172051973450574,172051973450676,265650,93825186940240,4375639744,7,2732,1151,16116
172051981884953,172051981895790,172051981906176,172051981908133,172051981913235,172051981913311,265650,93825186940240,4375639744,7,2732,1151,16117
172051990473271,172051990483298,172051990492634,172051990494003,172051990497512,172051990497573,265650,93825186940240,4375639744,7,2732,1151,16118
172051999262310,172051999271174,172051999279731,172051999280645,172051999284470,172051999284533,265650,93825186940240,4375639744,7,2732,1151,16119
172052007763880,172052007785095,172052007796369,172052007797825,172052007800216,172052007800303,265650,93825186940240,4375639744,7,2732,1151,16120
172052016105995,172052016116275,172052016125494,172052016126718,172052016130141,172052016130211,265650,93825186940240,4375639744,7,2732,1151,16121
172052027497204,172052027507173,172052027516265,172052027517145,172052027521475,172052027521543,265650,93825186940240,4375639744,7,2732,1151,16122
172052035782861,172052035795127,172052035806173,172052035809013,172052035817826,172052035817929,265650,93825186940240,4375639744,7,2732,1151,16123
172052045399028,172052045410219,172052045421647,172052045423586,172052045428376,172052045428455,265650,93825186940240,4375639744,7,2732,1151,16124
172052054150242,172052054161697,172052054173011,172052054176264,172052054180031,172052054180139,265650,93825186940240,4375639744,7,2732,1151,16125
172052062965799,172052062976926,172052062987325,172052062989208,172052062993763,172052062993827,265650,93825186940240,4375639744,7,2732,1151,16126
172052072620392,172052072630874,172052072641219,172052072643164,172052072647061,172052072647126,265650,93825186940240,4375639744,7,2732,1151,16127
172052081769736,172052081780535,172052081791488,172052081793611,172052081797757,172052081797823,265650,93825186940240,4375639744,7,2732,1151,16128
172052090654368,172052090665258,172052090675610,172052090677638,172052090681194,172052090681258,265650,93825186940240,4375639744,7,2732,1151,16129
172052100998622,172052101013284,172052101023554,172052101025384,172052101029011,172052101029074,265650,93825186940240,4375639744,7,2732,1151,16130
172052110268804,172052110279644,172052110290043,172052110291872,172052110295593,172052110295645,265650,93825186940240,4375639744,7,2732,1151,16131
172052118820379,172052118831272,172052118841695,172052118843679,172052118848249,172052118848313,265650,93825186940240,4375639744,7,2732,1151,16132
172052128448211,172052128459171,172052128469342,172052128471280,172052128476290,172052128476349,265650,93825186940240,4375639744,7,2732,1151,16133
172052137448432,172052137563338,172052137590112,172052137592227,172052137599448,172052137599536,265650,93825186940240,4375639744,7,2732,1151,16134
172052146300815,172052146309582,172052146318063,172052146319390,172052146324775,172052146324836,265650,93825186940240,4375639744,7,2732,1151,16135
172052155411636,172052155423684,172052155432163,172052155433201,172052155436369,172052155436428,265650,93825186940240,4375639744,7,2732,1151,16136
172052164549971,172052164558943,172052164568002,172052164568990,172052164573409,172052164573477,265650,93825186940240,4375639744,7,2732,1151,16137
172052172926648,172052172936243,172052172945331,172052172946277,172052172950805,172052172950869,265650,93825186940240,4375639744,7,2732,1151,16138
172052182263950,172052182275274,172052182285819,172052182286692,172052182291399,172052182291470,265650,93825186940240,4375639744,7,2732,1151,16139
172052191202259,172052191210890,172052191218865,172052191219708,172052191224333,172052191224393,265650,93825186940240,4375639744,7,2732,1151,16140
172052199582221,172052199593249,172052199603426,172052199604084,172052199608694,172052199608763,265650,93825186940240,4375639744,7,2732,1151,16141
172052208978587,172052208989735,172052208999914,172052209003279,172052209006705,172052209006765,265650,93825186940240,4375639744,7,2732,1151,16142
172052217291812,172052217302998,172052217313519,172052217314095,172052217317760,172052217317826,265650,93825186940240,4375639744,7,2732,1151,16143
172052226129802,172052226146458,172052226157542,172052226160237,172052226163191,172052226163279,265650,93825186940240,4375639744,7,2732,1151,16144
172052235594372,172052235605456,172052235615876,172052235617720,172052235622335,172052235622407,265650,93825186940240,4375639744,7,2732,1151,16145
172052244936966,172052244947934,172052244958462,172052244960305,172052244964961,172052244965021,265650,93825186940240,4375639744,7,2732,1151,16146
172052253767610,172052253778927,172052253789518,172052253791293,172052253795822,172052253795896,265650,93825186940240,4375639744,7,2732,1151,16147
172052263440730,172052263454082,172052263462595,172052263463941,172052263467023,172052263467090,265650,93825186940240,4375639744,7,2732,1151,16148
172052272382006,172052272391969,172052272401560,172052272402616,172052272407333,172052272407410,265650,93825186940240,4375639744,7,2732,1151,16149
172052281647790,172052281664660,172052281675866,172052281678272,172052281681311,172052281681398,265650,93825186940240,4375639744,7,2732,1151,16150
172052291737570,172052291749078,172052291759901,172052291761793,172052291769219,172052291769322,265650,93825186940240,4375639744,7,2732,1151,16151
172052300791034,172052300801579,172052300812017,172052300813933,172052300819371,172052300819433,265650,93825186940240,4375639744,7,2732,1151,16152
172052309474476,172052309485701,172052309496004,172052309497716,172052309502806,172052309502871,265650,93825186940240,4375639744,7,2732,1151,16153
172052318826793,172052318837142,172052318847560,172052318849769,172052318853981,172052318854041,265650,93825186940240,4375639744,7,2732,1151,16154
172052328017496,172052328028620,172052328038844,172052328040657,172052328045599,172052328045679,265650,93825186940240,4375639744,7,2732,1151,16155
172052336355318,172052336366740,172052336377326,172052336379272,172052336384591,172052336384676,265650,93825186940240,4375639744,7,2732,1151,16156
172052345508268,172052345519030,172052345529289,172052345531348,172052345536562,172052345536653,265650,93825186940240,4375639744,7,2732,1151,16157
172052355311271,172052355321857,172052355332307,172052355334203,172052355338518,172052355338562,265650,93825186940240,4375639744,7,2732,1151,16158
172052363890861,172052363902006,172052363912963,172052363914521,172052363918269,172052363918360,265650,93825186940240,4375639744,7,2732,1151,16159
172052373558744,172052373569509,172052373580144,172052373581975,172052373586731,172052373586817,265650,93825186940240,4375639744,7,2732,1151,16160
172052382200967,172052382212078,172052382223212,172052382225389,172052382231039,172052382231129,265650,93825186940240,4375639744,7,2732,1151,16161
172052390767821,172052390778764,172052390789140,172052390790973,172052390795738,172052390795808,265650,93825186940240,4375639744,7,2732,1151,16162
172052400233939,172052400244655,172052400254912,172052400256733,172052400261136,172052400261199,265650,93825186940240,4375639744,7,2732,1151,16163
172052409501744,172052409513692,172052409524214,172052409526155,172052409529926,172052409530023,265650,93825186940240,4375639744,7,2732,1151,16164
172052419050244,172052419061468,172052419071928,172052419073697,172052419078058,172052419078130,265650,93825186940240,4375639744,7,2732,1151,16165
172052428242632,172052428253856,172052428264174,172052428266114,172052428270259,172052428270340,265650,93825186940240,4375639744,7,2732,1151,16166
172052437908878,172052437919691,172052437930225,172052437932154,172052437936339,172052437936406,265650,93825186940240,4375639744,7,2732,1151,16167
172052447314968,172052447324389,172052447333379,172052447335344,172052447340608,172052447340675,265650,93825186940240,4375639744,7,2732,1151,16168
172052455775185,172052455785370,172052455794403,172052455795534,172052455799678,172052455799742,265650,93825186940240,4375639744,7,2732,1151,16169
172052465675434,172052465686150,172052465695585,172052465696371,172052465698555,172052465698619,265650,93825186940240,4375639744,7,2732,1151,16170
172052474092081,172052474100889,172052474108946,172052474109595,172052474113179,172052474113241,265650,93825186940240,4375639744,7,2732,1151,16171
172052482483142,172052482493429,172052482501732,172052482502789,172052482506829,172052482506896,265650,93825186940240,4375639744,7,2732,1151,16172
172052491588741,172052491606423,172052491617734,172052491620092,172052491624581,172052491624668,265650,93825186940240,4375639744,7,2732,1151,16173
172052500663203,172052500674216,172052500684690,172052500687256,172052500691934,172052500692007,265650,93825186940240,4375639744,7,2732,1151,16174
172052510281766,172052510293140,172052510303355,172052510305508,172052510310653,172052510310705,265650,93825186940240,4375639744,7,2732,1151,16175
172052519164569,172052519175743,172052519186195,172052519188297,172052519193842,172052519193903,265650,93825186940240,4375639744,7,2732,1151,16176
172052527671394,172052527682263,172052527692849,172052527694730,172052527699379,172052527699435,265650,93825186940240,4375639744,7,2732,1151,16177
172052536844393,172052536856111,172052536867389,172052536869538,172052536873930,172052536874015,265650,93825186940240,4375639744,7,2732,1151,16178
172052545969375,172052545980838,172052545991393,172052545993297,172052545998066,172052545998145,265650,93825186940240,4375639744,7,2732,1151,16179
172052554653447,172052554666815,172052554678251,172052554681835,172052554685498,172052554685600,265650,93825186940240,4375639744,7,2732,1151,16180
172052563900444,172052563911956,172052563922617,172052563924544,172052563929946,172052563930018,265650,93825186940240,4375639744,7,2732,1151,16181
172052572689535,172052572701189,172052572712386,172052572714402,172052572718438,172052572718520,265650,93825186940240,4375639744,7,2732,1151,16182
172052581559093,172052581568133,172052581577329,172052581579055,172052581586237,172052581586304,265650,93825186940240,4375639744,7,2732,1151,16183
172052589858338,172052589867250,172052589875609,172052589876837,172052589881610,172052589881682,265650,93825186940240,4375639744,7,2732,1151,16184
172052599882596,172052599891303,172052599899484,172052599900554,172052599905438,172052599905511,265650,93825186940240,4375639744,7,2732,1151,16185
172052608415322,172052608424849,172052608433987,172052608434798,172052608439454,172052608439525,265650,93825186940240,4375639744,7,2732,1151,16186
172052617530103,172052617538706,172052617546561,172052617547202,172052617551314,172052617551361,265650,93825186940240,4375639744,7,2732,1151,16187
172052626709773,172052626719329,172052626728215,172052626728905,172052626735042,172052626735122,265650,93825186940240,4375639744,7,2732,1151,16188
172052634984838,172052634993845,172052635004765,172052635005575,172052635010247,172052635010313,265650,93825186940240,4375639744,7,2732,1151,16189
172052644275911,172052644287840,172052644296898,172052644297721,172052644302253,172052644302311,265650,93825186940240,4375639744,7,2732,1151,16190
172052653383491,172052653393332,172052653402336,172052653403183,172052653407325,172052653407386,265650,93825186940240,4375639744,7,2732,1151,16191
172052663004111,172052663015611,172052663024612,172052663025470,172052663029620,172052663029684,265650,93825186940240,4375639744,7,2732,1151,16192
172052671827034,172052671835709,172052671843773,172052671844582,172052671848960,172052671849017,265650,93825186940240,4375639744,7,2732,1151,16193
172052681175225,172052681190197,172052681201193,172052681203529,172052681208558,172052681208643,265650,93825186940240,4375639744,7,2732,1151,16194
172052690187842,172052690199186,172052690209755,172052690211926,172052690216733,172052690216834,265650,93825186940240,4375639744,7,2732,1151,16195
172052699558630,172052699569775,172052699580312,172052699582072,172052699587140,172052699587227,265650,93825186940240,4375639744,7,2732,1151,16196
172052708405712,172052708417201,172052708433439,172052708435426,172052708439403,172052708439458,265650,93825186940240,4375639744,7,2732,1151,16197
172052717326818,172052717337921,172052717348484,172052717350211,172052717355425,172052717355491,265650,93825186940240,4375639744,7,2732,1151,16198
172052726266626,172052726277740,172052726288247,172052726289957,172052726294326,172052726294394,265650,93825186940240,4375639744,7,2732,1151,16199
172052735288262,172052735299186,172052735309931,172052735311862,172052735316153,172052735316196,265650,93825186940240,4375639744,7,2732,1151,16200
172052743993556,172052744010751,172052744021383,172052744023114,172052744027355,172052744027418,265650,93825186940240,4375639744,7,2732,1151,16201
172052753351033,172052753362001,172052753372755,172052753374608,172052753378905,172052753378947,265650,93825186940240,4375639744,7,2732,1151,16202
172052762887248,172052762898132,172052762908811,172052762911171,172052762916547,172052762916610,265650,93825186940240,4375639744,7,2732,1151,16203
172052771207649,172052771219136,172052771230461,172052771232455,172052771237193,172052771237257,265650,93825186940240,4375639744,7,2732,1151,16204
172052780188710,172052780199343,172052780209946,172052780211636,172052780215411,172052780215454,265650,93825186940240,4375639744,7,2732,1151,16205
172052789567591,172052789578570,172052789590043,172052789591963,172052789595400,172052789595458,265650,93825186940240,4375639744,7,2732,1151,16206
172052798360007,172052798371221,172052798381490,172052798383452,172052798386689,172052798386750,265650,93825186940240,4375639744,7,2732,1151,16207
172052807273822,172052807284558,172052807294875,172052807296394,172052807300508,172052807300553,265650,93825186940240,4375639744,7,2732,1151,16208
172052816351961,172052816362683,172052816373104,172052816374822,172052816378331,172052816378385,265650,93825186940240,4375639744,7,2732,1151,16209
172052825160245,172052825171020,172052825181166,172052825183152,172052825186815,172052825186875,265650,93825186940240,4375639744,7,2732,1151,16210
172052834706693,172052834717368,172052834727706,172052834729315,172052834733182,172052834733229,265650,93825186940240,4375639744,7,2732,1151,16211
172052843767010,172052843777461,172052843787691,172052843789164,172052843792893,172052843792956,265650,93825186940240,4375639744,7,2732,1151,16212
172052852515450,172052852526101,172052852536293,172052852537804,172052852541479,172052852541539,265650,93825186940240,4375639744,7,2732,1151,16213
172052862202514,172052862212874,172052862223159,172052862224900,172052862228613,172052862228670,265650,93825186940240,4375639744,7,2732,1151,16214
172052872215481,172052872225980,172052872236084,172052872237983,172052872241868,172052872241924,265650,93825186940240,4375639744,7,2732,1151,16215
172052880667690,172052880678104,172052880688537,172052880690126,172052880693969,172052880694031,265650,93825186940240,4375639744,7,2732,1151,16216
172052890157228,172052890170021,172052890180902,172052890182730,172052890185612,172052890185704,265650,93825186940240,4375639744,7,2732,1151,16217
172052899114094,172052899125409,172052899136178,172052899137893,172052899141141,172052899141197,265650,93825186940240,4375639744,7,2732,1151,16218
172052907646649,172052907657580,172052907667667,172052907669590,172052907673730,172052907673811,265650,93825186940240,4375639744,7,2732,1151,16219
172052916618899,172052916629800,172052916639910,172052916641877,172052916645853,172052916645913,265650,93825186940240,4375639744,7,2732,1151,16220
172052925736206,172052925746580,172052925756824,172052925758598,172052925762506,172052925762565,265650,93825186940240,4375639744,7,2732,1151,16221
172052934524204,172052934535313,172052934545770,172052934547519,172052934551349,172052934551397,265650,93825186940240,4375639744,7,2732,1151,16222
172052943812356,172052943823307,172052943834040,172052943835563,172052943839629,172052943839696,265650,93825186940240,4375639744,7,2732,1151,16223
172052952383154,172052952394310,172052952406437,172052952408553,172052952412650,172052952412712,265650,93825186940240,4375639744,7,2732,1151,16224
172052960977206,172052960988144,172052960998579,172052961003860,172052961008072,172052961008137,265650,93825186940240,4375639744,7,2732,1151,16225
172052970628274,172052970639355,172052970650389,172052970652414,172052970657658,172052970657747,265650,93825186940240,4375639744,7,2732,1151,16226
172052979954106,172052979966156,172052979978267,172052979980689,172052979985330,172052979985387,265650,93825186940240,4375639744,7,2732,1151,16227
172052988703445,172052988714592,172052988725017,172052988727064,172052988731309,172052988731365,265650,93825186940240,4375639744,7,2732,1151,16228
172052998116982,172052998127620,172052998138078,172052998139939,172052998143112,172052998143172,265650,93825186940240,4375639744,7,2732,1151,16229
172053007115700,172053007127350,172053007137947,172053007140581,172053007144436,172053007144489,265650,93825186940240,4375639744,7,2732,1151,16230
172053015838524,172053015849293,172053015859609,172053015861357,172053015864707,172053015864765,265650,93825186940240,4375639744,7,2732,1151,16231
172053025117224,172053025128294,172053025138389,172053025140038,172053025143540,172053025143618,265650,93825186940240,4375639744,7,2732,1151,16232
172053034338466,172053034349343,172053034359831,172053034361752,172053034364928,172053034364993,265650,93825186940240,4375639744,7,2732,1151,16233
172053043143956,172053043154760,172053043165073,172053043166973,172053043170053,172053043170118,265650,93825186940240,4375639744,7,2732,1151,16234
172053052630540,172053052641828,172053052652076,172053052653841,172053052658323,172053052658387,265650,93825186940240,4375639744,7,2732,1151,16235
172053061840781,172053061851303,172053061861667,172053061863452,172053061868209,172053061868267,265650,93825186940240,4375639744,7,2732,1151,16236
172053071003520,172053071014750,172053071025459,172053071027106,172053071031267,172053071031331,265650,93825186940240,4375639744,7,2732,1151,16237
172053080216169,172053080227826,172053080238077,172053080240090,172053080245657,172053080245752,265650,93825186940240,4375639744,7,2732,1151,16238
172053089083958,172053089094879,172053089104779,172053089106865,172053089112414,172053089112478,265650,93825186940240,4375639744,7,2732,1151,16239
172053097580080,172053097591356,172053097602044,172053097604646,172053097610381,172053097610438,265650,93825186940240,4375639744,7,2732,1151,16240
172053106391173,172053106402051,172053106412143,172053106414133,172053106417954,172053106418027,265650,93825186940240,4375639744,7,2732,1151,16241
172053114858510,172053114869045,172053114879214,172053114880960,172053114885340,172053114885407,265650,93825186940240,4375639744,7,2732,1151,16242
172053123851467,172053123889711,172053123902122,172053123903943,172053123912198,172053123912292,265650,93825186940240,4375639744,7,2732,1151,16243
172053133290689,172053133299341,172053133307317,172053133308267,172053133313319,172053133313377,265650,93825186940240,4375639744,7,2732,1151,16244
172053142477599,172053142494482,172053142505752,172053142508204,172053142512692,172053142512782,265650,93825186940240,4375639744,7,2732,1151,16245
172053151592445,172053151603542,172053151613794,172053151615474,172053151620110,172053151620174,265650,93825186940240,4375639744,7,2732,1151,16246
172053160543738,172053160554864,172053160565422,172053160567132,172053160572607,172053160572691,265650,93825186940240,4375639744,7,2732,1151,16247
172053168877917,172053168888876,172053168898823,172053168900199,172053168908055,172053168908131,265650,93825186940240,4375639744,7,2732,1151,16248
172053178482507,172053178493093,172053178503152,172053178504766,172053178509440,172053178509484,265650,93825186940240,4375639744,7,2732,1151,16249
172053187564448,172053187575076,172053187585524,172053187587203,172053187592087,172053187592155,265650,93825186940240,4375639744,7,2732,1151,16250
172053196812684,172053196821662,172053196830326,172053196831738,172053196835951,172053196836014,265650,93825186940240,4375639744,7,2732,1151,16251
172053205693692,172053205708225,172053205717167,172053205718425,172053205722429,172053205722501,265650,93825186940240,4375639744,7,2732,1151,16252
172053215429396,172053215444187,172053215455236,172053215457539,172053215460769,172053215460872,265650,93825186940240,4375639744,7,2732,1151,16253
172053224402367,172053224413549,172053224423740,172053224425654,172053224430721,172053224430822,265650,93825186940240,4375639744,7,2732,1151,16254
172053233122545,172053233133636,172053233143825,172053233145569,172053233150687,172053233150758,265650,93825186940240,4375639744,7,2732,1151,16255
172053242305565,172053242316441,172053242326805,172053242328438,172053242333377,172053242333427,265650,93825186940240,4375639744,7,2732,1151,16256
172053251200192,172053251211366,172053251222011,172053251223975,172053251228062,172053251228124,265650,93825186940240,4375639744,7,2732,1151,16257
172053259912404,172053259923953,172053259934747,172053259937179,172053259942653,172053259942725,265650,93825186940240,4375639744,7,2732,1151,16258
172053268806512,172053268817355,172053268827482,172053268829233,172053268834309,172053268834393,265650,93825186940240,4375639744,7,2732,1151,16259
172053277728131,172053277739050,172053277749726,172053277751524,172053277756492,172053277756547,265650,93825186940240,4375639744,7,2732,1151,16260
172053286293471,172053286304263,172053286314422,172053286316168,172053286320516,172053286320607,265650,93825186940240,4375639744,7,2732,1151,16261
172053295287931,172053295298959,172053295309344,172053295312037,172053295322972,172053295323059,265650,93825186940240,4375639744,7,2732,1151,16262
172053304125877,172053304136740,172053304147156,172053304149325,172053304158034,172053304158082,265650,93825186940240,4375639744,7,2732,1151,16263
172053312478253,172053312488881,172053312499561,172053312501536,172053312509815,172053312509870,265650,93825186940240,4375639744,7,2732,1151,16264
172053321278198,172053321289543,172053321300075,172053321302154,172053321306052,172053321306110,265650,93825186940240,4375639744,7,2732,1151,16265
172053330286526,172053330297319,172053330307624,172053330309712,172053330317737,172053330317805,265650,93825186940240,4375639744,7,2732,1151,16266
172053338835397,172053338846094,172053338856148,172053338858016,172053338864490,172053338864558,265650,93825186940240,4375639744,7,2732,1151,16267
172053347926334,172053347936828,172053347946782,172053347948523,172053347957049,172053347957106,265650,93825186940240,4375639744,7,2732,1151,16268
172053357633318,172053357644069,172053357654121,172053357656172,172053357665031,172053357665088,265650,93825186940240,4375639744,7,2732,1151,16269
172053367437169,172053367447993,172053367458252,172053367460280,172053367464000,172053367464065,265650,93825186940240,4375639744,7,2732,1151,16270
172053376213769,172053376224730,172053376234780,172053376238541,172053376242303,172053376242365,265650,93825186940240,4375639744,7,2732,1151,16271
172053385571531,172053385582217,172053385592798,172053385595804,172053385600199,172053385600259,265650,93825186940240,4375639744,7,2732,1151,16272
172053393893769,172053393904557,172053393914911,172053393916835,172053393920486,172053393920529,265650,93825186940240,4375639744,7,2732,1151,16273
172053402962033,172053402972643,172053402983347,172053402985121,172053402989118,172053402989180,265650,93825186940240,4375639744,7,2732,1151,16274
172053411984918,172053411996325,172053412011787,172053412013530,172053412021627,172053412021695,265650,93825186940240,4375639744,7,2732,1151,16275
172053420268634,172053420278721,172053420288287,172053420289891,172053420295478,172053420295557,265650,93825186940240,4375639744,7,2732,1151,16276
172053429319155,172053429328152,172053429336871,172053429338197,172053429342581,172053429342644,265650,93825186940240,4375639744,7,2732,1151,16277
172053439342453,172053439359856,172053439372636,172053439376689,172053439381914,172053439382007,265650,93825186940240,4375639744,7,2732,1151,16278
172053448738501,172053448749719,172053448763311,172053448768569,172053448776858,172053448776965,265650,93825186940240,4375639744,7,2732,1151,16279
172053457089359,172053457098380,172053457107287,172053457109164,172053457112205,172053457112277,265650,93825186940240,4375639744,7,2732,1151,16280
172053465362922,172053465372110,172053465380722,172053465382284,172053465388323,172053465388387,265650,93825186940240,4375639744,7,2732,1151,16281
172053473846633,172053473859508,172053473870614,172053473872314,172053473878593,172053473878675,265650,93825186940240,4375639744,7,2732,1151,16282
172053482123871,172053482132678,172053482140887,172053482142003,172053482146830,172053482146892,265650,93825186940240,4375639744,7,2732,1151,16283
172053493196518,172053493214268,172053493226565,172053493230018,172053493233357,172053493233454,265650,93825186940240,4375639744,7,2732,1151,16284
172053501483115,172053501494611,172053501505478,172053501507451,172053501512104,172053501512193,265650,93825186940240,4375639744,7,2732,1151,16285
172053510452481,172053510463273,172053510473846,172053510475734,172053510480340,172053510480431,265650,93825186940240,4375639744,7,2732,1151,16286
172053519535966,172053519547116,172053519557735,172053519559465,172053519564937,172053519565019,265650,93825186940240,4375639744,7,2732,1151,16287
172053528171809,172053528182315,172053528192631,172053528194534,172053528199902,172053528199979,265650,93825186940240,4375639744,7,2732,1151,16288
172053537137767,172053537200526,172053537222092,172053537224267,172053537228455,172053537228519,265650,93825186940240,4375639744,7,2732,1151,16289
172053545665604,172053545747067,172053545764833,172053545766588,172053545771422,172053545771487,265650,93825186940240,4375639744,7,2732,1151,16290
172053554410980,172053554422032,172053554432495,172053554434312,172053554438062,172053554438162,265650,93825186940240,4375639744,7,2732,1151,16291
172053563417102,172053563432808,172053563444526,172053563446738,172053563449419,172053563449499,265650,93825186940240,4375639744,7,2732,1151,16292
172053572579861,172053572597692,172053572609467,172053572611449,172053572615381,172053572615465,265650,93825186940240,4375639744,7,2732,1151,16293
172053580882653,172053580894100,172053580904415,172053580906151,172053580913209,172053580913275,265650,93825186940240,4375639744,7,2732,1151,16294
172053589151765,172053589163039,172053589173283,172053589175060,172053589181475,172053589181521,265650,93825186940240,4375639744,7,2732,1151,16295
172053598076657,172053598087294,172053598097685,172053598099757,172053598107053,172053598107120,265650,93825186940240,4375639744,7,2732,1151,16296
172053606481740,172053606496168,172053606508801,172053606511812,172053606524019,172053606524122,265650,93825186940240,4375639744,7,2732,1151,16297
172053615540671,172053615549829,172053615558605,172053615559980,172053615564139,172053615564201,265650,93825186940240,4375639744,7,2732,1151,16298
172053626428528,172053626444509,172053626455748,172053626458703,172053626462112,172053626462201,265650,93825186940240,4375639744,7,2732,1151,16299
172053634705687,172053634717221,172053634728630,172053634730966,172053634736703,172053634736780,265650,93825186940240,4375639744,7,2732,1151,16300
172053643397089,172053643408448,172053643419409,172053643421548,172053643425461,172053643425531,265650,93825186940240,4375639744,7,2732,1151,16301
172053652299168,172053652310502,172053652320998,172053652322753,172053652327159,172053652327220,265650,93825186940240,4375639744,7,2732,1151,16302
172053661305975,172053661317538,172053661328018,172053661329981,172053661334235,172053661334317,265650,93825186940240,4375639744,7,2732,1151,16303
172053670500542,172053670511928,172053670522502,172053670524227,172053670528748,172053670528832,265650,93825186940240,4375639744,7,2732,1151,16304
172053679073552,172053679085316,172053679096407,172053679098696,172053679105251,172053679105305,265650,93825186940240,4375639744,7,2732,1151,16305
172053687441084,172053687453089,172053687463473,172053687465168,172053687471824,172053687471882,265650,93825186940240,4375639744,7,2732,1151,16306
172053695777231,172053695788407,172053695798742,172053695800690,172053695806416,172053695806477,265650,93825186940240,4375639744,7,2732,1151,16307
172053704405556,172053704416413,172053704425180,172053704426505,172053704430058,172053704430116,265650,93825186940240,4375639744,7,2732,1151,16308
172053713153373,172053713169627,172053713180320,172053713181710,172053713185937,172053713185985,265650,93825186940240,4375639744,7,2732,1151,16309
172053722128632,172053722139639,172053722150186,172053722152253,172053722157025,172053722157088,265650,93825186940240,4375639744,7,2732,1151,16310
172053731016444,172053731027575,172053731036578,172053731037981,172053731041724,172053731041782,265650,93825186940240,4375639744,7,2732,1151,16311
172053739818753,172053739827449,172053739835551,172053739836484,172053739840804,172053739840869,265650,93825186940240,4375639744,7,2732,1151,16312
172053749183937,172053749193635,172053749202706,172053749203616,172053749206305,172053749206385,265650,93825186940240,4375639744,7,2732,1151,16313
172053760693414,172053760704987,172053760716288,172053760719064,172053760728489,172053760728604,265650,93825186940240,4375639744,7,2732,1151,16314
172053768938395,172053768949942,172053768960654,172053768963499,172053768969772,172053768969847,265650,93825186940240,4375639744,7,2732,1151,16315
172053777824126,172053777836174,172053777847164,172053777849226,172053777852613,172053777852699,265650,93825186940240,4375639744,7,2732,1151,16316
172053786749573,172053786760707,172053786771100,172053786773026,172053786777563,172053786777650,265650,93825186940240,4375639744,7,2732,1151,16317
172053795301189,172053795312450,172053795323443,172053795325276,172053795332021,172053795332119,265650,93825186940240,4375639744,7,2732,1151,16318
172053804367347,172053804378583,172053804388910,172053804390796,172053804396206,172053804396294,265650,93825186940240,4375639744,7,2732,1151,16319
172053813296042,172053813306946,172053813317653,172053813319419,172053813324997,172053813325048,265650,93825186940240,4375639744,7,2732,1151,16320
172053821707670,172053821718499,172053821728804,172053821730550,172053821736488,172053821736553,265650,93825186940240,4375639744,7,2732,1151,16321
172053830664159,172053830674621,172053830684852,172053830686594,172053830692437,172053830692499,265650,93825186940240,4375639744,7,2732,1151,16322
172053839815868,172053839827224,172053839837913,172053839839717,172053839844394,172053839844448,265650,93825186940240,4375639744,7,2732,1151,16323
172053848815785,172053848838857,172053848852100,172053848854565,172053848861352,172053848861437,265650,93825186940240,4375639744,7,2732,1151,16324
172053857900159,172053857909432,172053857918471,172053857920545,172053857923657,172053857923721,265650,93825186940240,4375639744,7,2732,1151,16325
172053866984985,172053867005281,172053867016470,172053867019261,172053867023417,172053867023476,265650,93825186940240,4375639744,7,2732,1151,16326
172053875596463,172053875607658,172053875617878,172053875619581,172053875624997,172053875625048,265650,93825186940240,4375639744,7,2732,1151,16327
172053884680358,172053884691148,172053884701588,172053884703519,172053884708459,172053884708505,265650,93825186940240,4375639744,7,2732,1151,16328
172053893787596,172053893798548,172053893809026,172053893811391,172053893816533,172053893816610,265650,93825186940240,4375639744,7,2732,1151,16329
172053902532944,172053902543861,172053902554166,172053902555784,172053902561698,172053902561772,265650,93825186940240,4375639744,7,2732,1151,16330
172053911760139,172053911771012,172053911782037,172053911783812,172053911789877,172053911789956,265650,93825186940240,4375639744,7,2732,1151,16331
172053920069336,172053920080727,172053920091451,172053920093724,172053920103552,172053920103625,265650,93825186940240,4375639744,7,2732,1151,16332
172053930413318,172053930427598,172053930439788,172053930442096,172053930449446,172053930449531,265650,93825186940240,4375639744,7,2732,1151,16333
172053938820264,172053938832760,172053938843515,172053938845031,172053938852669,172053938852757,265650,93825186940240,4375639744,7,2732,1151,16334
172053948072159,172053948083247,172053948095727,172053948126742,172053948132878,172053948132963,265650,93825186940240,4375639744,7,2732,1151,16335
172053956383898,172053956397157,172053956407668,172053956409783,172053956414564,172053956414619,265650,93825186940240,4375639744,7,2732,1151,16336
172053965697191,172053965708449,172053965718939,172053965720903,172053965724730,172053965724787,265650,93825186940240,4375639744,7,2732,1151,16337
172053974759949,172053974770673,172053974781227,172053974782761,172053974789409,172053974789466,265650,93825186940240,4375639744,7,2732,1151,16338
172053983299631,172053983310818,172053983321024,172053983322931,172053983331988,172053983332035,265650,93825186940240,4375639744,7,2732,1151,16339
172053992397872,172053992409100,172053992420177,172053992422426,172053992433211,172053992433275,265650,93825186940240,4375639744,7,2732,1151,16340
172054001430764,172054001442048,172054001454881,172054001457356,172054001466306,172054001466364,265650,93825186940240,4375639744,7,2732,1151,16341
172054009892003,172054009902960,172054009913439,172054009915024,172054009922447,172054009922506,265650,93825186940240,4375639744,7,2732,1151,16342
172054018435504,172054018446505,172054018456978,172054018458765,172054018467498,172054018467564,265650,93825186940240,4375639744,7,2732,1151,16343
172054027557585,172054027568365,172054027578719,172054027580734,172054027588515,172054027588563,265650,93825186940240,4375639744,7,2732,1151,16344
172054036430156,172054036440939,172054036451436,172054036453384,172054036461058,172054036461109,265650,93825186940240,4375639744,7,2732,1151,16345
172054045589635,172054045600432,172054045610971,172054045612919,172054045620964,172054045621024,265650,93825186940240,4375639744,7,2732,1151,16346
172054054536092,172054054546827,172054054557143,172054054559075,172054054567012,172054054567167,265650,93825186940240,4375639744,7,2732,1151,16347
172054063400929,172054063412070,172054063422603,172054063424724,172054063434431,172054063434500,265650,93825186940240,4375639744,7,2732,1151,16348
172054072624784,172054072635951,172054072646252,172054072648123,172054072652722,172054072652779,265650,93825186940240,4375639744,7,2732,1151,16349
172054081530445,172054081541411,172054081551776,172054081553560,172054081562580,172054081562625,265650,93825186940240,4375639744,7,2732,1151,16350
172054090171379,172054090182494,172054090192700,172054090194439,172054090202471,172054090202537,265650,93825186940240,4375639744,7,2732,1151,16351
172054099606041,172054099616661,172054099626819,172054099628629,172054099634249,172054099634313,265650,93825186940240,4375639744,7,2732,1151,16352
172054109261046,172054109271996,172054109283062,172054109284981,172054109293847,172054109293920,265650,93825186940240,4375639744,7,2732,1151,16353
172054118170863,172054118181713,172054118192287,172054118194457,172054118201355,172054118201410,265650,93825186940240,4375639744,7,2732,1151,16354
172054128220875,172054128231744,172054128242125,172054128244058,172054128252303,172054128252365,265650,93825186940240,4375639744,7,2732,1151,16355
172054137229652,172054137242877,172054137252890,172054137254463,172054137258889,172054137258958,265650,93825186940240,4375639744,7,2732,1151,16356
172054145972796,172054145984127,172054145995191,172054145998020,172054146008143,172054146008220,265650,93825186940240,4375639744,7,2732,1151,16357
172054155708046,172054155719766,172054155730715,172054155733355,172054155740665,172054155740736,265650,93825186940240,4375639744,7,2732,1151,16358
172054166076902,172054166088671,172054166099843,172054166102355,172054166108175,172054166108264,265650,93825186940240,4375639744,7,2732,1151,16359
172054174445457,172054174456954,172054174467697,172054174469615,172054174473255,172054174473309,265650,93825186940240,4375639744,7,2732,1151,16360
172054183677643,172054183688325,172054183699234,172054183701280,172054183706471,172054183706550,265650,93825186940240,4375639744,7,2732,1151,16361
172054193229671,172054193249772,172054193261961,172054193264104,172054193273433,172054193273525,265650,93825186940240,4375639744,7,2732,1151,16362
172054202214353,172054202230390,172054202241170,172054202243699,172054202247565,172054202247655,265650,93825186940240,4375639744,7,2732,1151,16363
172054211008136,172054211019155,172054211030219,172054211032806,172054211038209,172054211038397,265650,93825186940240,4375639744,7,2732,1151,16364
172054220638516,172054220705307,172054220717204,172054220718903,172054220725536,172054220725635,265650,93825186940240,4375639744,7,2732,1151,16365
172054228849616,172054228857723,172054228865105,172054228865709,172054228869164,172054228869229,265650,93825186940240,4375639744,7,2732,1151,16366
172054237504347,172054237520298,172054237531622,172054237534043,172054237538734,172054237538811,265650,93825186940240,4375639744,7,2732,1151,16367
172054246943717,172054246954517,172054246965198,172054246967020,172054246972116,172054246972191,265650,93825186940240,4375639744,7,2732,1151,16368
172054255626628,172054255637364,172054255647914,172054255649940,172054255655566,172054255655640,265650,93825186940240,4375639744,7,2732,1151,16369
172054265647456,172054265659044,172054265670085,172054265673474,172054265679853,172054265679921,265650,93825186940240,4375639744,7,2732,1151,16370
172054275059642,172054275070602,172054275081560,172054275083494,172054275087239,172054275087315,265650,93825186940240,4375639744,7,2732,1151,16371
172054283891706,172054283902659,172054283913343,172054283916061,172054283921751,172054283921835,265650,93825186940240,4375639744,7,2732,1151,16372
172054293513905,172054293524559,172054293535142,172054293537143,172054293542642,172054293542714,265650,93825186940240,4375639744,7,2732,1151,16373
172054303124185,172054303136088,172054303146040,172054303147881,172054303151571,172054303151645,265650,93825186940240,4375639744,7,2732,1151,16374
172054311805428,172054311821690,172054311833145,172054311835707,172054311843253,172054311843329,265650,93825186940240,4375639744,7,2732,1151,16375
172054322165769,172054322177174,172054322188040,172054322190378,172054322196751,172054322196842,265650,93825186940240,4375639744,7,2732,1151,16376
172054331266690,172054331277957,172054331288852,172054331291515,172054331298039,172054331298118,265650,93825186940240,4375639744,7,2732,1151,16377
172054340072799,172054340088506,172054340099262,172054340101132,172054340106415,172054340106498,265650,93825186940240,4375639744,7,2732,1151,16378
172054349267819,172054349278866,172054349289353,172054349291511,172054349297292,172054349297355,265650,93825186940240,4375639744,7,2732,1151,16379
172054357899197,172054357921504,172054357932996,172054357936017,172054357942325,172054357942422,265650,93825186940240,4375639744,7,2732,1151,16380
172054366200657,172054366211436,172054366222009,172054366224427,172054366231055,172054366231120,265650,93825186940240,4375639744,7,2732,1151,16381
172054377129335,172054377140349,172054377150871,172054377152962,172054377157443,172054377157514,265650,93825186940240,4375639744,7,2732,1151,16382
172054386211642,172054386222933,172054386233426,172054386235446,172054386240612,172054386240682,265650,93825186940240,4375639744,7,2732,1151,16383
172054394978504,172054394989939,172054395004123,172054395006068,172054395012310,172054395012355,265650,93825186940240,4375639744,7,2732,1151,16384
172054404480219,172054404491507,172054404502214,172054404504157,172054404508644,172054404508691,265650,93825186940240,4375639744,7,2732,1151,16385
172054413776685,172054413787533,172054413798116,172054413799930,172054413805829,172054413805880,265650,93825186940240,4375639744,7,2732,1151,16386
172054422991232,172054423029690,172054423042112,172054423046624,172054423060492,172054423060552,265650,93825186940240,4375639744,7,2732,1151,16387
172054432896909,172054432909323,172054432920605,172054432923288,172054432929026,172054432929116,265650,93825186940240,4375639744,7,2732,1151,16388
172054441396875,172054441410706,172054441424777,172054441426745,172054441438759,172054441438849,265650,93825186940240,4375639744,7,2732,1151,16389
172054449552637,172054449560757,172054449568826,172054449570240,172054449574092,172054449574147,265650,93825186940240,4375639744,7,2732,1151,16390
172054459142443,172054459151953,172054459161219,172054459164816,172054459170153,172054459170217,265650,93825186940240,4375639744,7,2732,1151,16391
172054468078404,172054468088185,172054468096353,172054468097382,172054468102317,172054468102382,265650,93825186940240,4375639744,7,2732,1151,16392
172054476723997,172054476733312,172054476741521,172054476742440,172054476747066,172054476747132,265650,93825186940240,4375639744,7,2732,1151,16393
172054485859968,172054485869110,172054485877342,172054485878589,172054485881029,172054485881094,265650,93825186940240,4375639744,7,2732,1151,16394
172054494198088,172054494207021,172054494215074,172054494216384,172054494229906,172054494229968,265650,93825186940240,4375639744,7,2732,1151,16395
172054503833936,172054503842802,172054503851333,172054503853007,172054503860351,172054503860420,265650,93825186940240,4375639744,7,2732,1151,16396
172054513400678,172054513409577,172054513418205,172054513420103,172054513427530,172054513427591,265650,93825186940240,4375639744,7,2732,1151,16397
172054522447451,172054522456472,172054522464724,172054522466066,172054522472722,172054522472787,265650,93825186940240,4375639744,7,2732,1151,16398
