start,geometry,clip,blit,flush,end,hwnd,surface,thread,outcome,width,height,commit
171690475239467,171690475252273,171690475263642,171690475265007,171690475271245,171690475271343,265650,93825186940240,4375639744,7,2732,1151,7142
171690483643204,171690483674748,171690483685896,171690483687016,171690483691513,171690483691609,265650,93825186940240,4375639744,7,2732,1151,7143
171690491870348,171690491884214,171690491895940,171690491897234,171690491903654,171690491903729,265650,93825186940240,4375639744,7,2732,1151,7144
171690500201211,171690500214109,171690500225031,171690500225993,171690500231565,171690500231641,265650,93825186940240,4375639744,7,2732,1151,7145
171690508635973,171690508648069,171690508658855,171690508659827,171690508666130,171690508666205,265650,93825186940240,4375639744,7,2732,1151,7146
171690517035353,171690517092942,171690517104338,171690517105472,171690517109872,171690517110037,265650,93825186940240,4375639744,7,2732,1151,7147
171690525302102,171690525315757,171690525327047,171690525328436,171690525335170,171690525335252,265650,93825186940240,4375639744,7,2732,1151,7148
171690533711631,171690533771056,171690533782825,171690533784213,171690533791974,171690533792072,265650,93825186940240,4375639744,7,2732,1151,7149
171690541894442,171690541903967,171690541911826,171690541912554,171690541917590,171690541917657,265650,93825186940240,4375639744,7,2732,1151,7150
171690550229603,171690550239525,171690550247459,171690550248300,171690550254500,171690550254575,265650,93825186940240,4375639744,7,2732,1151,7151
171690558564080,171690558573607,171690558581369,171690558582308,171690558588100,171690558588165,265650,93825186940240,4375639744,7,2732,1151,7152
171690566919855,171690566937005,171690566945433,171690566946179,171690566950301,171690566950357,265650,93825186940240,4375639744,7,2732,1151,7153
171690575221509,171690575234093,171690575263560,171690575264931,171690575268936,171690575269006,265650,93825186940240,4375639744,7,2732,1151,7154
171690583677761,171690583690018,171690583701033,171690583702648,171690583706574,171690583706660,265650,93825186940240,4375639744,7,2732,1151,7155
171690591936592,171690591949040,171690591987139,171690591988768,171690591994758,171690591994846,265650,93825186940240,4375639744,7,2732,1151,7156
171690600261189,171690600273191,171690600284116,171690600285419,171690600289935,171690600290011,265650,93825186940240,4375639744,7,2732,1151,7157
171690608615822,171690608627633,171690608640480,171690608641390,171690608645507,171690608645583,265650,93825186940240,4375639744,7,2732,1151,7158
171690616961072,171690617028802,171690617052708,171690617053510,171690617057826,171690617057901,265650,93825186940240,4375639744,7,2732,1151,7159
171690625208381,171690625230939,171690625250851,171690625252736,171690625259858,171690625259930,265650,93825186940240,4375639744,7,2732,1151,7160
171690633688172,171690633732597,171690633743170,171690633743925,171690633748621,171690633748692,265650,93825186940240,4375639744,7,2732,1151,7161
171690641957927,171690641969839,171690641980558,171690641981208,171690641985310,171690641985386,265650,93825186940240,4375639744,7,2732,1151,7162
171690650203685,171690650216412,171690650240697,171690650241667,171690650247261,171690650247337,265650,93825186940240,4375639744,7,2732,1151,7163
171690658670617,171690658696665,171690658707503,171690658708357,171690658713035,171690658713111,265650,93825186940240,4375639744,7,2732,1151,7164
171690666879651,171690666905193,171690666935960,171690666937367,171690666941630,171690666941696,265650,93825186940240,4375639744,7,2732,1151,7165
171690675214294,171690675229215,171690675240755,171690675242359,171690675247827,171690675247919,265650,93825186940240,4375639744,7,2732,1151,7166
171690683620108,171690683633255,171690683644642,171690683646454,171690683653193,171690683653282,265650,93825186940240,4375639744,7,2732,1151,7167
171690692018702,171690692032602,171690692043852,171690692045155,171690692051534,171690692051636,265650,93825186940240,4375639744,7,2732,1151,7168
171690700263583,171690700277108,171690700288090,171690700289009,171690700296177,171690700296258,265650,93825186940240,4375639744,7,2732,1151,7169
171690708580502,171690708590384,171690708598186,171690708599044,171690708606340,171690708606406,265650,93825186940240,4375639744,7,2732,1151,7170
171690716859124,171690716868427,171690716876275,171690716877034,171690716882405,171690716882467,265650,93825186940240,4375639744,7,2732,1151,7171
171690725205962,171690725217519,171690725226805,171690725228096,171690725233054,171690725233130,265650,93825186940240,4375639744,7,2732,1151,7172
171690733664016,171690733717232,171690733740074,171690733741293,171690733747149,171690733747238,265650,93825186940240,4375639744,7,2732,1151,7173
171690741958201,171690741967567,171690741975783,171690741976477,171690741981715,171690741981778,265650,93825186940240,4375639744,7,2732,1151,7174
171690750205025,171690750217566,171690750228209,171690750229244,171690750234795,171690750234869,265650,93825186940240,4375639744,7,2732,1151,7175
171690758547133,171690758556908,171690758565110,171690758566018,171690758572218,171690758572271,265650,93825186940240,4375639744,7,2732,1151,7176
171690767050235,171690767067915,171690767079934,171690767081741,171690767091397,171690767091552,265650,93825186940240,4375639744,7,2732,1151,7177
171690775216185,171690775229546,171690775240814,171690775242162,171690775247075,171690775247167,265650,93825186940240,4375639744,7,2732,1151,7178
171690783693230,171690783706258,171690783717599,171690783718747,171690783723878,171690783723951,265650,93825186940240,4375639744,7,2732,1151,7179
171690792005773,171690792019948,171690792031359,171690792032731,171690792038892,171690792038968,265650,93825186940240,4375639744,7,2732,1151,7180
171690800369058,171690800407596,171690800418767,171690800420072,171690800426399,171690800426473,265650,93825186940240,4375639744,7,2732,1151,7181
171690808684455,171690808733740,171690808744521,171690808745765,171690808752362,171690808752431,265650,93825186940240,4375639744,7,2732,1151,7182
171690816954592,171690816967190,171690816977924,171690816978840,171690816984887,171690816984957,265650,93825186940240,4375639744,7,2732,1151,7183
171690825279866,171690825304140,171690825315251,171690825316520,171690825323009,171690825323089,265650,93825186940240,4375639744,7,2732,1151,7184
171690833630433,171690833659771,171690833678721,171690833679836,171690833685885,171690833685987,265650,93825186940240,4375639744,7,2732,1151,7185
171690841954437,171690841966569,171690841977539,171690841978657,171690841985007,171690841985085,265650,93825186940240,4375639744,7,2732,1151,7186
171690850220715,171690850232984,171690850243815,171690850244914,171690850251157,171690850251234,265650,93825186940240,4375639744,7,2732,1151,7187
171690858696341,171690858740989,171690858752126,171690858753543,171690858761288,171690858761358,265650,93825186940240,4375639744,7,2732,1151,7188
171690866994253,171690867013050,171690867024166,171690867025545,171690867033149,171690867033223,265650,93825186940240,4375639744,7,2732,1151,7189
171690875238045,171690875256183,171690875266946,171690875269267,171690875283887,171690875283967,265650,93825186940240,4375639744,7,2732,1151,7190
171690883562633,171690883579824,171690883591732,171690883594832,171690883606564,171690883606660,265650,93825186940240,4375639744,7,2732,1151,7191
171690891982797,171690892041194,171690892053665,171690892056045,171690892063341,171690892063436,265650,93825186940240,4375639744,7,2732,1151,7192
171690900214940,171690900227508,171690900238777,171690900239866,171690900244620,171690900244715,265650,93825186940240,4375639744,7,2732,1151,7193
171690908654024,171690908666790,171690908698165,171690908699197,171690908704811,171690908704888,265650,93825186940240,4375639744,7,2732,1151,7194
171690916904953,171690916924371,171690916935857,171690916938617,171690916949711,171690916949803,265650,93825186940240,4375639744,7,2732,1151,7195
171690925322697,171690925419207,171690925439883,171690925441085,171690925446612,171690925446705,265650,93825186940240,4375639744,7,2732,1151,7196
171690933592291,171690933609186,171690933620495,171690933622820,171690933629414,171690933629499,265650,93825186940240,4375639744,7,2732,1151,7197
171690941973102,171690941990362,171690942006834,171690942009668,171690942018358,171690942018407,265650,93825186940240,4375639744,7,2732,1151,7198
171690950266822,171690950284711,171690950295902,171690950298454,171690950309925,171690950309990,265650,93825186940240,4375639744,7,2732,1151,7199
171690958629066,171690958653276,171690958665685,171690958669587,171690958684076,171690958684156,265650,93825186940240,4375639744,7,2732,1151,7200
171690966910364,171690966929538,171690966941934,171690966944859,171690966949240,171690966949313,265650,93825186940240,4375639744,7,2732,1151,7201
171690975236921,171690975256651,171690975267365,171690975269590,171690975275474,171690975275532,265650,93825186940240,4375639744,7,2732,1151,7202
171690983603265,171690983619737,171690983631407,171690983633921,171690983646178,171690983646239,265650,93825186940240,4375639744,7,2732,1151,7203
171690991893988,171690991908070,171690991928650,171690991931168,171690991940238,171690991940301,265650,93825186940240,4375639744,7,2732,1151,7204
171691000243786,171691000259503,171691000270857,171691000272703,171691000282991,171691000283042,265650,93825186940240,4375639744,7,2732,1151,7205
171691008570540,171691008587740,171691008598675,171691008600378,171691008606490,171691008606548,265650,93825186940240,4375639744,7,2732,1151,7206
171691016896442,171691016911538,171691016922286,171691016924011,171691016929083,171691016929132,265650,93825186940240,4375639744,7,2732,1151,7207
171691025237683,171691025254543,171691025265368,171691025267345,171691025273196,171691025273257,265650,93825186940240,4375639744,7,2732,1151,7208
171691033581123,171691033598495,171691033609391,171691033611718,171691033622913,171691033622966,265650,93825186940240,4375639744,7,2732,1151,7209
171691041906977,171691041923110,171691041934705,171691041936828,171691041946092,171691041946198,265650,93825186940240,4375639744,7,2732,1151,7210
171691050215682,171691050230123,171691050243882,171691050246215,171691050254153,171691050254205,265650,93825186940240,4375639744,7,2732,1151,7211
171691058563077,171691058578356,171691058589569,171691058592134,171691058599878,171691058599943,265650,93825186940240,4375639744,7,2732,1151,7212
171691066919343,171691066938429,171691066949727,171691066952015,171691066962772,171691066962832,265650,93825186940240,4375639744,7,2732,1151,7213
171691075238396,171691075255552,171691075265724,171691075267617,171691075277265,171691075277332,265650,93825186940240,4375639744,7,2732,1151,7214
171691083625413,171691083643094,171691083653528,171691083655088,171691083665199,171691083665263,265650,93825186940240,4375639744,7,2732,1151,7215
171691091975054,171691091997769,171691092013524,171691092016109,171691092035724,171691092035782,265650,93825186940240,4375639744,7,2732,1151,7216
171691100260666,171691100280257,171691100292810,171691100294704,171691100300371,171691100300487,265650,93825186940240,4375639744,7,2732,1151,7217
171691108620003,171691108629889,171691108638719,171691108640081,171691108645274,171691108645355,265650,93825186940240,4375639744,7,2732,1151,7218
171691117066125,171691117080556,171691117092444,171691117093603,171691117099366,171691117099491,265650,93825186940240,4375639744,7,2732,1151,7219
171691125228572,171691125242112,171691125253441,171691125254771,171691125260534,171691125260633,265650,93825186940240,4375639744,7,2732,1151,7220
171691133702515,171691133730102,171691133741108,171691133742140,171691133747872,171691133747972,265650,93825186940240,4375639744,7,2732,1151,7221
171691141909037,171691141923867,171691141935109,171691141937724,171691141948844,171691141948971,265650,93825186940240,4375639744,7,2732,1151,7222
171691150229666,171691150245171,171691150256152,171691150258165,171691150267422,171691150267517,265650,93825186940240,4375639744,7,2732,1151,7223
171691158553653,171691158567443,171691158577726,171691158579222,171691158586771,171691158586856,265650,93825186940240,4375639744,7,2732,1151,7224
171691166901859,171691166917257,171691166927921,171691166929862,171691166939340,171691166939430,265650,93825186940240,4375639744,7,2732,1151,7225
171691175256217,171691175277598,171691175291645,171691175294173,171691175302499,171691175302560,265650,93825186940240,4375639744,7,2732,1151,7226
171691183579883,171691183598637,171691183610486,171691183612935,171691183622344,171691183622402,265650,93825186940240,4375639744,7,2732,1151,7227
171691191937065,171691191952983,171691191963493,171691191965483,171691191971319,171691191971403,265650,93825186940240,4375639744,7,2732,1151,7228
171691200267020,171691200282612,171691200293237,171691200295070,171691200301603,171691200301667,265650,93825186940240,4375639744,7,2732,1151,7229
171691208589717,171691208607889,171691208618882,171691208621236,171691208637483,171691208637557,265650,93825186940240,4375639744,7,2732,1151,7230
171691216894223,171691216910945,171691216927523,171691216929458,171691216936283,171691216936337,265650,93825186940240,4375639744,7,2732,1151,7231
171691225237902,171691225271908,171691225291947,171691225294338,171691225298607,171691225298695,265650,93825186940240,4375639744,7,2732,1151,7232
171691233567662,171691233606214,171691233641908,171691233644097,171691233651949,171691233652038,265650,93825186940240,4375639744,7,2732,1151,7233
171691241962681,171691241987160,171691242012824,171691242014676,171691242022050,171691242022133,265650,93825186940240,4375639744,7,2732,1151,7234
171691250226997,171691250240977,171691250251870,171691250254064,171691250260442,171691250260552,265650,93825186940240,4375639744,7,2732,1151,7235
171691258564594,171691258577933,171691258588526,171691258590624,171691258595828,171691258595910,265650,93825186940240,4375639744,7,2732,1151,7236
171691266918527,171691266949063,171691266969142,171691266971640,171691266981674,171691266981757,265650,93825186940240,4375639744,7,2732,1151,7237
171691275251978,171691275269740,171691275280678,171691275283347,171691275288595,171691275288659,265650,93825186940240,4375639744,7,2732,1151,7238
171691283568884,171691283584739,171691283595821,171691283597633,171691283603843,171691283603915,265650,93825186940240,4375639744,7,2732,1151,7239
171691291936964,171691291953162,171691291963668,171691291965539,171691291970905,171691291970969,265650,93825186940240,4375639744,7,2732,1151,7240
171691300239564,171691300256180,171691300266587,171691300268329,171691300275776,171691300275834,265650,93825186940240,4375639744,7,2732,1151,7241
171691308626943,171691308642072,171691308652575,171691308654226,171691308661646,171691308661729,265650,93825186940240,4375639744,7,2732,1151,7242
171691316914375,171691316930333,171691316940959,171691316943031,171691316947438,171691316947512,265650,93825186940240,4375639744,7,2732,1151,7243
171691325240117,171691325256563,171691325267413,171691325269322,171691325276534,171691325276594,265650,93825186940240,4375639744,7,2732,1151,7244
171691333585394,171691333600290,171691333611408,171691333613725,171691333622094,171691333622152,265650,93825186940240,4375639744,7,2732,1151,7245
171691341971567,171691341988787,171691342004450,171691342007890,171691342020046,171691342020116,265650,93825186940240,4375639744,7,2732,1151,7246
171691350247886,171691350264780,171691350275694,171691350277767,171691350286832,171691350286898,265650,93825186940240,4375639744,7,2732,1151,7247
171691358575370,171691358592420,171691358603114,171691358605311,171691358612600,171691358612669,265650,93825186940240,4375639744,7,2732,1151,7248
171691366939456,171691366956993,171691366968847,171691366972651,171691366984281,171691366984337,265650,93825186940240,4375639744,7,2732,1151,7249
171691375236165,171691375252498,171691375264297,171691375266150,171691375273764,171691375273821,265650,93825186940240,4375639744,7,2732,1151,7250
171691383573779,171691383591149,171691383601855,171691383603570,171691383610517,171691383610571,265650,93825186940240,4375639744,7,2732,1151,7251
171691391989478,171691392014254,171691392025774,171691392028451,171691392039275,171691392039349,265650,93825186940240,4375639744,7,2732,1151,7252
171691400241132,171691400258266,171691400268766,171691400270552,171691400276228,171691400276270,265650,93825186940240,4375639744,7,2732,1151,7253
171691408579836,171691408597333,171691408608428,171691408611247,171691408616384,171691408616445,265650,93825186940240,4375639744,7,2732,1151,7254
171691416954034,171691416968795,171691416978119,171691416979808,171691416987682,171691416987751,265650,93825186940240,4375639744,7,2732,1151,7255
171691425260742,171691425275206,171691425284556,171691425286714,171691425293611,171691425293680,265650,93825186940240,4375639744,7,2732,1151,7256
171691433591239,171691433603420,171691433613294,171691433616418,171691433625507,171691433625586,265650,93825186940240,4375639744,7,2732,1151,7257
171691442005978,171691442020596,171691442032413,171691442034455,171691442044779,171691442044877,265650,93825186940240,4375639744,7,2732,1151,7258
171691450246370,171691450257538,171691450266425,171691450267609,171691450274298,171691450274378,265650,93825186940240,4375639744,7,2732,1151,7259
171691458697371,171691458781415,171691458792898,171691458794268,171691458801963,171691458802058,265650,93825186940240,4375639744,7,2732,1151,7260
171691466999770,171691467015430,171691467026251,171691467027282,171691467033077,171691467033173,265650,93825186940240,4375639744,7,2732,1151,7261
171691475232883,171691475245941,171691475256728,171691475257629,171691475263044,171691475263135,265650,93825186940240,4375639744,7,2732,1151,7262
171691483704660,171691483727849,171691483738828,171691483739956,171691483746092,171691483746181,265650,93825186940240,4375639744,7,2732,1151,7263
171691491989998,171691492005684,171691492016513,171691492017585,171691492023875,171691492023967,265650,93825186940240,4375639744,7,2732,1151,7264
171691500235771,171691500248750,171691500260227,171691500261372,171691500267295,171691500267390,265650,93825186940240,4375639744,7,2732,1151,7265
171691508590508,171691508603844,171691508612298,171691508613395,171691508617406,171691508617472,265650,93825186940240,4375639744,7,2732,1151,7266
171691517062802,171691517076994,171691517087880,171691517089214,171691517094690,171691517094781,265650,93825186940240,4375639744,7,2732,1151,7267
171691525307123,171691525320922,171691525331895,171691525333390,171691525338619,171691525338711,265650,93825186940240,4375639744,7,2732,1151,7268
171691533696337,171691533756024,171691533766475,171691533767340,171691533773393,171691533773460,265650,93825186940240,4375639744,7,2732,1151,7269
171691541998129,171691542012429,171691542022915,171691542023899,171691542029239,171691542029306,265650,93825186940240,4375639744,7,2732,1151,7270
171691550250482,171691550263829,171691550274503,171691550275691,171691550281394,171691550281470,265650,93825186940240,4375639744,7,2732,1151,7271
171691558594567,171691558607368,171691558616193,171691558617362,171691558623351,171691558623421,265650,93825186940240,4375639744,7,2732,1151,7272
171691566980540,171691566999190,171691567014563,171691567017105,171691567025921,171691567026016,265650,93825186940240,4375639744,7,2732,1151,7273
171691575243527,171691575258887,171691575270662,171691575272841,171691575277842,171691575277913,265650,93825186940240,4375639744,7,2732,1151,7274
171691583582515,171691583600378,171691583611505,171691583613426,171691583625971,171691583626045,265650,93825186940240,4375639744,7,2732,1151,7275
171691591928291,171691591944939,171691591956200,171691591958285,171691591965893,171691591965955,265650,93825186940240,4375639744,7,2732,1151,7276
171691600298107,171691600313279,171691600324764,171691600326713,171691600333457,171691600333520,265650,93825186940240,4375639744,7,2732,1151,7277
171691608600241,171691608617650,171691608628342,171691608630490,171691608641429,171691608641493,265650,93825186940240,4375639744,7,2732,1151,7278
171691616960663,171691616984468,171691616995953,171691616998984,171691617017020,171691617017108,265650,93825186940240,4375639744,7,2732,1151,7279
171691625245837,171691625263152,171691625275858,171691625278527,171691625292347,171691625292422,265650,93825186940240,4375639744,7,2732,1151,7280
171691633581193,171691633595631,171691633606160,171691633607990,171691633615013,171691633615093,265650,93825186940240,4375639744,7,2732,1151,7281
171691641975067,171691641990248,171691642010222,171691642012838,171691642020464,171691642020521,265650,93825186940240,4375639744,7,2732,1151,7282
171691650260629,171691650278509,171691650289382,171691650291547,171691650304959,171691650305026,265650,93825186940240,4375639744,7,2732,1151,7283
171691658626307,171691658642772,171691658654214,171691658656312,171691658661710,171691658661787,265650,93825186940240,4375639744,7,2732,1151,7284
171691666952157,171691666974883,171691666986798,171691666989907,171691667007428,171691667007522,265650,93825186940240,4375639744,7,2732,1151,7285
171691675252337,171691675269477,171691675280425,171691675282034,171691675289190,171691675289281,265650,93825186940240,4375639744,7,2732,1151,7286
171691683602758,171691683620565,171691683631410,171691683633361,171691683644923,171691683644991,265650,93825186940240,4375639744,7,2732,1151,7287
171691691978843,171691691991265,171691692004446,171691692006331,171691692013592,171691692013651,265650,93825186940240,4375639744,7,2732,1151,7288
171691700232435,171691700244529,171691700255134,171691700257024,171691700270588,171691700270647,265650,93825186940240,4375639744,7,2732,1151,7289
171691708594063,171691708610279,171691708621341,171691708623453,171691708631570,171691708631623,265650,93825186940240,4375639744,7,2732,1151,7290
171691716910311,171691716929203,171691716940720,171691716943514,171691716952160,171691716952249,265650,93825186940240,4375639744,7,2732,1151,7291
171691725251084,171691725265819,171691725277254,171691725279348,171691725287516,171691725287604,265650,93825186940240,4375639744,7,2732,1151,7292
171691733606760,171691733628653,171691733640225,171691733642871,171691733654592,171691733654639,265650,93825186940240,4375639744,7,2732,1151,7293
171691741980264,171691742006760,171691742018254,171691742021168,171691742030284,171691742030332,265650,93825186940240,4375639744,7,2732,1151,7294
171691750253615,171691750271978,171691750283888,171691750286064,171691750294973,171691750295018,265650,93825186940240,4375639744,7,2732,1151,7295
171691758586546,171691758609522,171691758621868,171691758624660,171691758632451,171691758632496,265650,93825186940240,4375639744,7,2732,1151,7296
171691766955205,171691766979461,171691766990808,171691766994063,171691767008432,171691767008490,265650,93825186940240,4375639744,7,2732,1151,7297
171691775252699,171691775268763,171691775279372,171691775281439,171691775286975,171691775287023,265650,93825186940240,4375639744,7,2732,1151,7298
171691783587283,171691783603983,171691783614876,171691783616850,171691783623396,171691783623438,265650,93825186940240,4375639744,7,2732,1151,7299
171691791988839,171691792007766,171691792018827,171691792020851,171691792025504,171691792025551,265650,93825186940240,4375639744,7,2732,1151,7300
171691800255502,171691800272257,171691800283813,171691800285925,171691800294062,171691800294134,265650,93825186940240,4375639744,7,2732,1151,7301
171691808581260,171691808598018,171691808609591,171691808611462,171691808627940,171691808628017,265650,93825186940240,4375639744,7,2732,1151,7302
171691816925189,171691816942911,171691816953938,171691816955887,171691816963640,171691816963692,265650,93825186940240,4375639744,7,2732,1151,7303
171691825286164,171691825301583,171691825312632,171691825315577,171691825323498,171691825323561,265650,93825186940240,4375639744,7,2732,1151,7304
171691833641507,171691833657999,171691833669802,171691833671963,171691833678214,171691833678309,265650,93825186940240,4375639744,7,2732,1151,7305
171691841983440,171691842006213,171691842016803,171691842018700,171691842025386,171691842025458,265650,93825186940240,4375639744,7,2732,1151,7306
171691850255910,171691850273131,171691850284078,171691850286025,171691850293115,171691850293181,265650,93825186940240,4375639744,7,2732,1151,7307
171691858639896,171691858658135,171691858669179,171691858671199,171691858680134,171691858680180,265650,93825186940240,4375639744,7,2732,1151,7308
171691866928883,171691866944735,171691866955598,171691866957777,171691866965812,171691866965876,265650,93825186940240,4375639744,7,2732,1151,7309
171691875259167,171691875275043,171691875285714,171691875287929,171691875294364,171691875294442,265650,93825186940240,4375639744,7,2732,1151,7310
171691883594054,171691883612657,171691883623623,171691883625470,171691883633404,171691883633460,265650,93825186940240,4375639744,7,2732,1151,7311
171691891988455,171691892016259,171691892028317,171691892031413,171691892038343,171691892038427,265650,93825186940240,4375639744,7,2732,1151,7312
171691900259489,171691900276529,171691900287022,171691900289019,171691900296391,171691900296450,265650,93825186940240,4375639744,7,2732,1151,7313
171691908587395,171691908604384,171691908616163,171691908618940,171691908624340,171691908624560,265650,93825186940240,4375639744,7,2732,1151,7314
171691916921131,171691916938127,171691916949162,171691916951290,171691916957331,171691916957399,265650,93825186940240,4375639744,7,2732,1151,7315
171691925261168,171691925278676,171691925290172,171691925292200,171691925297769,171691925297853,265650,93825186940240,4375639744,7,2732,1151,7316
171691933600206,171691933618049,171691933629538,171691933631887,171691933641546,171691933641606,265650,93825186940240,4375639744,7,2732,1151,7317
171691942063123,171691942086314,171691942097963,171691942101166,171691942113091,171691942113164,265650,93825186940240,4375639744,7,2732,1151,7318
171691950307842,171691950328980,171691950341516,171691950345281,171691950364026,171691950364101,265650,93825186940240,4375639744,7,2732,1151,7319
171691958642789,171691958662937,171691958674373,171691958677106,171691958690510,171691958690589,265650,93825186940240,4375639744,7,2732,1151,7320
171691966987908,171691967020793,171691967034045,171691967037393,171691967048371,171691967048452,265650,93825186940240,4375639744,7,2732,1151,7321
171691975305052,171691975326117,171691975338035,171691975340969,171691975352204,171691975352287,265650,93825186940240,4375639744,7,2732,1151,7322
171691983653050,171691983671547,171691983682184,171691983684079,171691983692652,171691983692743,265650,93825186940240,4375639744,7,2732,1151,7323
171691991944536,171691991956823,171691991965152,171691991967091,171691991973079,171691991973139,265650,93825186940240,4375639744,7,2732,1151,7324
171692000316532,171692000331364,171692000343130,171692000344245,171692000350245,171692000350343,265650,93825186940240,4375639744,7,2732,1151,7325
171692008756461,171692008768864,171692008779869,171692008780804,171692008786365,171692008786452,265650,93825186940240,4375639744,7,2732,1151,7326
171692016971901,171692016985460,171692016996738,171692016997717,171692017006765,171692017006853,265650,93825186940240,4375639744,7,2732,1151,7327
171692025266360,171692025279261,171692025288715,171692025290512,171692025295089,171692025295167,265650,93825186940240,4375639744,7,2732,1151,7328
171692033669893,171692033689738,171692033701364,171692033703757,171692033712347,171692033712436,265650,93825186940240,4375639744,7,2732,1151,7329
171692042104264,171692042124719,171692042136318,171692042137428,171692042141848,171692042141935,265650,93825186940240,4375639744,7,2732,1151,7330
171692050398431,171692050412555,171692050424038,171692050425135,171692050433712,171692050433804,265650,93825186940240,4375639744,7,2732,1151,7331
171692058667310,171692058685757,171692058696981,171692058699770,171692058706233,171692058706326,265650,93825186940240,4375639744,7,2732,1151,7332
171692067010383,171692067031709,171692067042970,171692067045236,171692067053995,171692067054078,265650,93825186940240,4375639744,7,2732,1151,7333
171692075272874,171692075290756,171692075301715,171692075303648,171692075312980,171692075313024,265650,93825186940240,4375639744,7,2732,1151,7334
171692083611245,171692083631582,171692083642625,171692083644689,171692083653393,171692083653451,265650,93825186940240,4375639744,7,2732,1151,7335
171692091991648,171692092011273,171692092021695,171692092023900,171692092032155,171692092032221,265650,93825186940240,4375639744,7,2732,1151,7336
171692100293974,171692100314740,171692100326199,171692100328801,171692100337134,171692100337206,265650,93825186940240,4375639744,7,2732,1151,7337
171692108655040,171692108673301,171692108684554,171692108686725,171692108696776,171692108696891,265650,93825186940240,4375639744,7,2732,1151,7338
171692116973395,171692116995411,171692117015202,171692117018819,171692117028025,171692117028269,265650,93825186940240,4375639744,7,2732,1151,7339
171692125287849,171692125303134,171692125314624,171692125316787,171692125326015,171692125326059,265650,93825186940240,4375639744,7,2732,1151,7340
171692133606345,171692133623006,171692133633752,171692133635840,171692133643850,171692133643900,265650,93825186940240,4375639744,7,2732,1151,7341
171692141959295,171692141982022,171692141993893,171692141996183,171692142010955,171692142011034,265650,93825186940240,4375639744,7,2732,1151,7342
171692150344770,171692150365258,171692150377327,171692150379559,171692150389075,171692150389158,265650,93825186940240,4375639744,7,2732,1151,7343
171692158619565,171692158636864,171692158648627,171692158650842,171692158658287,171692158658373,265650,93825186940240,4375639744,7,2732,1151,7344
171692166941189,171692166957055,171692166967526,171692166969538,171692166975868,171692166975962,265650,93825186940240,4375639744,7,2732,1151,7345
171692175278190,171692175294375,171692175306281,171692175309387,171692175322761,171692175322833,265650,93825186940240,4375639744,7,2732,1151,7346
171692183610141,171692183627405,171692183638015,171692183639887,171692183650071,171692183650126,265650,93825186940240,4375639744,7,2732,1151,7347
171692192015268,171692192035785,171692192046356,171692192048257,171692192056095,171692192056165,265650,93825186940240,4375639744,7,2732,1151,7348
171692200278720,171692200296293,171692200306881,171692200309028,171692200316109,171692200316184,265650,93825186940240,4375639744,7,2732,1151,7349
171692208602199,171692208618623,171692208629380,171692208631305,171692208637202,171692208637262,265650,93825186940240,4375639744,7,2732,1151,7350
171692216954827,171692216975180,171692216987615,171692216990400,171692216998007,171692216998071,265650,93825186940240,4375639744,7,2732,1151,7351
171692225285936,171692225304991,171692225316777,171692225319279,171692225327697,171692225327774,265650,93825186940240,4375639744,7,2732,1151,7352
171692233625165,171692233642454,171692233653338,171692233655117,171692233663153,171692233663213,265650,93825186940240,4375639744,7,2732,1151,7353
171692241980734,171692241998055,171692242011645,171692242013654,171692242019042,171692242019111,265650,93825186940240,4375639744,7,2732,1151,7354
171692250307977,171692250325394,171692250337307,171692250339334,171692250347841,171692250347941,265650,93825186940240,4375639744,7,2732,1151,7355
171692258702928,171692258716779,171692258728216,171692258729315,171692258736184,171692258736288,265650,93825186940240,4375639744,7,2732,1151,7356
171692267046355,171692267065096,171692267075887,171692267077016,171692267083161,171692267083241,265650,93825186940240,4375639744,7,2732,1151,7357
171692275273531,171692275286049,171692275296825,171692275297928,171692275303342,171692275303423,265650,93825186940240,4375639744,7,2732,1151,7358
171692283689683,171692283702883,171692283713597,171692283714534,171692283721227,171692283721305,265650,93825186940240,4375639744,7,2732,1151,7359
171692292081645,171692292093907,171692292104603,171692292105508,171692292111982,171692292112061,265650,93825186940240,4375639744,7,2732,1151,7360
171692300272408,171692300285589,171692300296495,171692300297412,171692300303337,171692300303421,265650,93825186940240,4375639744,7,2732,1151,7361
171692308744939,171692308766810,171692308778678,171692308782683,171692308794120,171692308794208,265650,93825186940240,4375639744,7,2732,1151,7362
171692316948343,171692316966196,171692316977172,171692316979224,171692316984310,171692316984388,265650,93825186940240,4375639744,7,2732,1151,7363
171692325285486,171692325306910,171692325318339,171692325321180,171692325335547,171692325335631,265650,93825186940240,4375639744,7,2732,1151,7364
171692333609132,171692333625789,171692333636403,171692333638136,171692333646392,171692333646458,265650,93825186940240,4375639744,7,2732,1151,7365
171692341935192,171692341950593,171692341961586,171692341963560,171692341967994,171692341968057,265650,93825186940240,4375639744,7,2732,1151,7366
171692350273186,171692350289841,171692350300528,171692350302197,171692350309186,171692350309245,265650,93825186940240,4375639744,7,2732,1151,7367
171692358606895,171692358623233,171692358633735,171692358635682,171692358642971,171692358643030,265650,93825186940240,4375639744,7,2732,1151,7368
171692367003271,171692367016150,171692367025018,171692367026297,171692367032367,171692367032424,265650,93825186940240,4375639744,7,2732,1151,7369
171692375279483,171692375292216,171692375303236,171692375304245,171692375309710,171692375309800,265650,93825186940240,4375639744,7,2732,1151,7370
171692383656972,171692383667708,171692383676436,171692383677741,171692383684259,171692383684326,265650,93825186940240,4375639744,7,2732,1151,7371
171692391989612,171692391999279,171692392009346,171692392010148,171692392015311,171692392015381,265650,93825186940240,4375639744,7,2732,1151,7372
171692400273372,171692400283040,171692400291360,171692400292127,171692400296789,171692400296853,265650,93825186940240,4375639744,7,2732,1151,7373
171692408742395,171692408760547,171692408772777,171692408774856,171692408787915,171692408788006,265650,93825186940240,4375639744,7,2732,1151,7374
171692417126005,171692417144777,171692417158485,171692417161394,171692417172024,171692417172120,265650,93825186940240,4375639744,7,2732,1151,7375
171692425283935,171692425294104,171692425302543,171692425303546,171692425309087,171692425309160,265650,93825186940240,4375639744,7,2732,1151,7376
171692433641000,171692433650464,171692433658143,171692433659036,171692433664960,171692433665017,265650,93825186940240,4375639744,7,2732,1151,7377
171692442010385,171692442022922,171692442033975,171692442034914,171692442038907,171692442039006,265650,93825186940240,4375639744,7,2732,1151,7378
171692450295844,171692450310127,171692450321608,171692450322846,171692450329941,171692450330031,265650,93825186940240,4375639744,7,2732,1151,7379
171692458738154,171692458751444,171692458762635,171692458763818,171692458769803,171692458769895,265650,93825186940240,4375639744,7,2732,1151,7380
171692466974842,171692467007945,171692467026151,171692467029608,171692467035405,171692467035496,265650,93825186940240,4375639744,7,2732,1151,7381
171692475282008,171692475299274,171692475309842,171692475311676,171692475320090,171692475320163,265650,93825186940240,4375639744,7,2732,1151,7382
171692483616057,171692483633874,171692483644631,171692483646589,171692483656233,171692483656296,265650,93825186940240,4375639744,7,2732,1151,7383
171692491955475,171692491971940,171692491982969,171692491984950,171692491990908,171692491991003,265650,93825186940240,4375639744,7,2732,1151,7384
171692500275265,171692500288347,171692500299160,171692500301147,171692500307784,171692500307852,265650,93825186940240,4375639744,7,2732,1151,7385
171692508618071,171692508634813,171692508645949,171692508647935,171692508654420,171692508654464,265650,93825186940240,4375639744,7,2732,1151,7386
171692516992150,171692517021626,171692517033811,171692517035909,171692517047633,171692517047701,265650,93825186940240,4375639744,7,2732,1151,7387
171692525284308,171692525300051,171692525311156,171692525312901,171692525321195,171692525321246,265650,93825186940240,4375639744,7,2732,1151,7388
171692533632232,171692533647984,171692533658122,171692533659843,171692533669646,171692533669720,265650,93825186940240,4375639744,7,2732,1151,7389
171692541953740,171692541969136,171692541979429,171692541981120,171692541990874,171692541990920,265650,93825186940240,4375639744,7,2732,1151,7390
171692550290879,171692550309044,171692550319502,171692550321253,171692550329805,171692550329868,265650,93825186940240,4375639744,7,2732,1151,7391
171692558893461,171692558917802,171692558930258,171692558932362,171692558942131,171692558942227,265650,93825186940240,4375639744,7,2732,1151,7392
171692566954218,171692566972467,171692566983643,171692566985698,171692566990398,171692566990453,265650,93825186940240,4375639744,7,2732,1151,7393
171692575288665,171692575304953,171692575315917,171692575318982,171692575327235,171692575327280,265650,93825186940240,4375639744,7,2732,1151,7394
171692583763230,171692583839180,171692583851054,171692583852566,171692583861485,171692583861577,265650,93825186940240,4375639744,7,2732,1151,7395
171692592131542,171692592145714,171692592157020,171692592158323,171692592163030,171692592163124,265650,93825186940240,4375639744,7,2732,1151,7396
171692600284225,171692600297880,171692600309286,171692600310415,171692600316043,171692600316133,265650,93825186940240,4375639744,7,2732,1151,7397
171692608713375,171692608726560,171692608737872,171692608738998,171692608743926,171692608744022,265650,93825186940240,4375639744,7,2732,1151,7398
171692617072872,171692617086023,171692617097170,171692617098383,171692617103276,171692617103365,265650,93825186940240,4375639744,7,2732,1151,7399
171692625374425,171692625472038,171692625508021,171692625509390,171692625514296,171692625514416,265650,93825186940240,4375639744,7,2732,1151,7400
171692633720660,171692633734227,171692633744990,171692633746661,171692633750869,171692633750959,265650,93825186940240,4375639744,7,2732,1151,7401
171692642070954,171692642082660,171692642091570,171692642092834,171692642096791,171692642096858,265650,93825186940240,4375639744,7,2732,1151,7402
171692650332807,171692650341674,171692650349769,171692650350388,171692650353850,171692650353946,265650,93825186940240,4375639744,7,2732,1151,7403
171692658717814,171692658737308,171692658748949,171692658750719,171692658759500,171692658759612,265650,93825186940240,4375639744,7,2732,1151,7404
171692667110103,171692667124624,171692667135590,171692667136750,171692667142912,171692667142995,265650,93825186940240,4375639744,7,2732,1151,7405
171692675410708,171692675423696,171692675434628,171692675435994,171692675445002,171692675445102,265650,93825186940240,4375639744,7,2732,1151,7406
171692683787589,171692683801179,171692683811903,171692683812873,171692683819628,171692683819711,265650,93825186940240,4375639744,7,2732,1151,7407
171692692003491,171692692016280,171692692027153,171692692028013,171692692034103,171692692034191,265650,93825186940240,4375639744,7,2732,1151,7408
171692700285872,171692700298619,171692700309076,171692700310018,171692700316607,171692700316673,265650,93825186940240,4375639744,7,2732,1151,7409
171692708771121,171692708784232,171692708795018,171692708796269,171692708800794,171692708800877,265650,93825186940240,4375639744,7,2732,1151,7410
171692717066101,171692717079564,171692717090463,171692717091486,171692717098414,171692717098484,265650,93825186940240,4375639744,7,2732,1151,7411
171692725288817,171692725300899,171692725311630,171692725312763,171692725319832,171692725319894,265650,93825186940240,4375639744,7,2732,1151,7412
171692733743418,171692733770065,171692733780558,171692733781249,171692733786005,171692733786070,265650,93825186940240,4375639744,7,2732,1151,7413
171692742066157,171692742079362,171692742090133,171692742091144,171692742098083,171692742098154,265650,93825186940240,4375639744,7,2732,1151,7414
171692750301099,171692750314055,171692750325061,171692750326128,171692750333035,171692750333115,265650,93825186940240,4375639744,7,2732,1151,7415
171692758716636,171692758728525,171692758739077,171692758739922,171692758744641,171692758744716,265650,93825186940240,4375639744,7,2732,1151,7416
171692767104695,171692767119695,171692767130664,171692767132163,171692767139575,171692767139654,265650,93825186940240,4375639744,7,2732,1151,7417
171692775297305,171692775311172,171692775322678,171692775323676,171692775330079,171692775330154,265650,93825186940240,4375639744,7,2732,1151,7418
171692783776232,171692783789206,171692783800004,171692783801108,171692783807055,171692783807134,265650,93825186940240,4375639744,7,2732,1151,7419
171692792010849,171692792022804,171692792033523,171692792034445,171692792039909,171692792039988,265650,93825186940240,4375639744,7,2732,1151,7420
171692800296422,171692800309668,171692800320445,171692800321388,171692800328078,171692800328154,265650,93825186940240,4375639744,7,2732,1151,7421
171692808793573,171692808806383,171692808817124,171692808818198,171692808825744,171692808825814,265650,93825186940240,4375639744,7,2732,1151,7422
171692817184570,171692817229403,171692817240815,171692817242537,171692817249324,171692817249418,265650,93825186940240,4375639744,7,2732,1151,7423
171692825300754,171692825311423,171692825319713,171692825321073,171692825325745,171692825325821,265650,93825186940240,4375639744,7,2732,1151,7424
171692833720876,171692833734495,171692833745234,171692833746631,171692833751491,171692833751588,265650,93825186940240,4375639744,7,2732,1151,7425
171692842054549,171692842067300,171692842078117,171692842079269,171692842084491,171692842084565,265650,93825186940240,4375639744,7,2732,1151,7426
171692850316173,171692850337341,171692850349122,171692850351815,171692850360206,171692850360284,265650,93825186940240,4375639744,7,2732,1151,7427
171692858642838,171692858660473,171692858671161,171692858673488,171692858680540,171692858680635,265650,93825186940240,4375639744,7,2732,1151,7428
171692866990467,171692867014914,171692867026808,171692867029778,171692867037622,171692867037682,265650,93825186940240,4375639744,7,2732,1151,7429
171692875305453,171692875320801,171692875331897,171692875333896,171692875340561,171692875340629,265650,93825186940240,4375639744,7,2732,1151,7430
171692883630638,171692883647295,171692883658382,171692883660456,171692883666255,171692883666326,265650,93825186940240,4375639744,7,2732,1151,7431
171692891983402,171692891999608,171692892014143,171692892015757,171692892025482,171692892025546,265650,93825186940240,4375639744,7,2732,1151,7432
171692900294981,171692900311468,171692900322600,171692900325003,171692900331252,171692900331318,265650,93825186940240,4375639744,7,2732,1151,7433
171692908701876,171692908718476,171692908729469,171692908731620,171692908737579,171692908737639,265650,93825186940240,4375639744,7,2732,1151,7434
171692916983354,171692917013594,171692917025786,171692917028774,171692917036385,171692917036446,265650,93825186940240,4375639744,7,2732,1151,7435
171692925307154,171692925324312,171692925335907,171692925338035,171692925343332,171692925343390,265650,93825186940240,4375639744,7,2732,1151,7436
171692933633682,171692933649852,171692933661059,171692933663133,171692933668884,171692933668947,265650,93825186940240,4375639744,7,2732,1151,7437
171692942010708,171692942026026,171692942036967,171692942038784,171692942045225,171692942045284,265650,93825186940240,4375639744,7,2732,1151,7438
171692950310694,171692950326903,171692950338088,171692950339988,171692950345965,171692950346025,265650,93825186940240,4375639744,7,2732,1151,7439
171692958628526,171692958644404,171692958655470,171692958657317,171692958662287,171692958662355,265650,93825186940240,4375639744,7,2732,1151,7440
171692967012018,171692967029055,171692967040704,171692967042748,171692967048913,171692967049005,265650,93825186940240,4375639744,7,2732,1151,7441
171692975316855,171692975332401,171692975343678,171692975345834,171692975353536,171692975353625,265650,93825186940240,4375639744,7,2732,1151,7442
171692983642182,171692983659447,171692983670650,171692983672684,171692983679317,171692983679385,265650,93825186940240,4375639744,7,2732,1151,7443
171692991971168,171692991989113,171692991999768,171692992004758,171692992010210,171692992010293,265650,93825186940240,4375639744,7,2732,1151,7444
171693000319298,171693000346269,171693000358361,171693000361269,171693000372681,171693000372748,265650,93825186940240,4375639744,7,2732,1151,7445
171693008639116,171693008655115,171693008665877,171693008668097,171693008674786,171693008674865,265650,93825186940240,4375639744,7,2732,1151,7446
171693016978738,171693016994016,171693017007575,171693017009851,171693017019274,171693017019341,265650,93825186940240,4375639744,7,2732,1151,7447
171693025315524,171693025334934,171693025345875,171693025347880,171693025354811,171693025354870,265650,93825186940240,4375639744,7,2732,1151,7448
171693033713141,171693033731761,171693033744162,171693033746929,171693033754178,171693033754235,265650,93825186940240,4375639744,7,2732,1151,7449
171693042027251,171693042043347,171693042054298,171693042055952,171693042064995,171693042065056,265650,93825186940240,4375639744,7,2732,1151,7450
171693050324901,171693050342096,171693050353739,171693050355893,171693050366031,171693050366090,265650,93825186940240,4375639744,7,2732,1151,7451
171693058638942,171693058652065,171693058663218,171693058666652,171693058674033,171693058674095,265650,93825186940240,4375639744,7,2732,1151,7452
171693066997776,171693067023295,171693067035319,171693067037661,171693067045002,171693067045068,265650,93825186940240,4375639744,7,2732,1151,7453
171693075316330,171693075329824,171693075341105,171693075342900,171693075349797,171693075349852,265650,93825186940240,4375639744,7,2732,1151,7454
171693083652686,171693083669545,171693083680216,171693083682246,171693083693805,171693083693891,265650,93825186940240,4375639744,7,2732,1151,7455
171693092141549,171693092158416,171693092170732,171693092172295,171693092178403,171693092178511,265650,93825186940240,4375639744,7,2732,1151,7456
171693100322976,171693100335765,171693100346878,171693100348122,171693100354109,171693100354194,265650,93825186940240,4375639744,7,2732,1151,7457
171693108736214,171693108749482,171693108760419,171693108761437,171693108766867,171693108766957,265650,93825186940240,4375639744,7,2732,1151,7458
171693117116883,171693117130381,171693117141406,171693117142455,171693117150030,171693117150123,265650,93825186940240,4375639744,7,2732,1151,7459
171693125349105,171693125358954,171693125367194,171693125367956,171693125373350,171693125373417,265650,93825186940240,4375639744,7,2732,1151,7460
171693133745547,171693133759241,171693133770486,171693133772060,171693133778525,171693133778608,265650,93825186940240,4375639744,7,2732,1151,7461
171693142030435,171693142048355,171693142059281,171693142061800,171693142070026,171693142070095,265650,93825186940240,4375639744,7,2732,1151,7462
171693150485048,171693150523176,171693150534994,171693150536732,171693150544484,171693150544563,265650,93825186940240,4375639744,7,2732,1151,7463
171693158787591,171693158825329,171693158836420,171693158837386,171693158843705,171693158843800,265650,93825186940240,4375639744,7,2732,1151,7464
171693167146068,171693167160500,171693167171691,171693167172822,171693167181494,171693167181575,265650,93825186940240,4375639744,7,2732,1151,7465
171693175426361,171693175439023,171693175449817,171693175450872,171693175457111,171693175457194,265650,93825186940240,4375639744,7,2732,1151,7466
171693183685920,171693183696385,171693183704887,171693183705696,171693183712240,171693183712298,265650,93825186940240,4375639744,7,2732,1151,7467
171693192116189,171693192132982,171693192144575,171693192146033,171693192154759,171693192154857,265650,93825186940240,4375639744,7,2732,1151,7468
171693200349752,171693200372663,171693200384049,171693200387199,171693200396678,171693200396786,265650,93825186940240,4375639744,7,2732,1151,7469
171693208697373,171693208720287,171693208732047,171693208735116,171693208748399,171693208748478,265650,93825186940240,4375639744,7,2732,1151,7470
171693217048137,171693217065467,171693217075813,171693217078478,171693217086153,171693217086232,265650,93825186940240,4375639744,7,2732,1151,7471
171693225658672,171693225696036,171693225705434,171693225707667,171693225715035,171693225715105,265650,93825186940240,4375639744,7,2732,1151,7472
171693233766196,171693233778774,171693233787848,171693233789608,171693233799535,171693233799593,265650,93825186940240,4375639744,7,2732,1151,7473
171693242098788,171693242113054,171693242124626,171693242126393,171693242132642,171693242132752,265650,93825186940240,4375639744,7,2732,1151,7474
171693250318494,171693250328484,171693250337044,171693250338203,171693250345021,171693250345090,265650,93825186940240,4375639744,7,2732,1151,7475
171693258739456,171693258754632,171693258763629,171693258765171,171693258777779,171693258777871,265650,93825186940240,4375639744,7,2732,1151,7476
171693267016676,171693267028980,171693267037671,171693267039301,171693267046334,171693267046400,265650,93825186940240,4375639744,7,2732,1151,7477
171693275316466,171693275329546,171693275340575,171693275341849,171693275349620,171693275349706,265650,93825186940240,4375639744,7,2732,1151,7478
171693283756874,171693283771349,171693283783012,171693283784312,171693283794652,171693283794731,265650,93825186940240,4375639744,7,2732,1151,7479
171693292093637,171693292108095,171693292119570,171693292120970,171693292128522,171693292128607,265650,93825186940240,4375639744,7,2732,1151,7480
171693300349856,171693300362977,171693300371623,171693300373116,171693300380992,171693300381044,265650,93825186940240,4375639744,7,2732,1151,7481
171693308659929,171693308679171,171693308690853,171693308693402,171693308699724,171693308699818,265650,93825186940240,4375639744,7,2732,1151,7482
171693317014400,171693317033609,171693317044658,171693317047531,171693317055700,171693317055793,265650,93825186940240,4375639744,7,2732,1151,7483
171693325394929,171693325411940,171693325422048,171693325424395,171693325431597,171693325431669,265650,93825186940240,4375639744,7,2732,1151,7484
171693333733282,171693333744866,171693333753279,171693333754237,171693333760833,171693333760899,265650,93825186940240,4375639744,7,2732,1151,7485
171693342064981,171693342079322,171693342090584,171693342092111,171693342100666,171693342100765,265650,93825186940240,4375639744,7,2732,1151,7486
171693350356375,171693350376653,171693350388378,171693350390949,171693350402810,171693350402914,265650,93825186940240,4375639744,7,2732,1151,7487
171693358739301,171693358755601,171693358764853,171693358767067,171693358775758,171693358775824,265650,93825186940240,4375639744,7,2732,1151,7488
171693367054681,171693367068007,171693367077116,171693367079368,171693367089894,171693367089957,265650,93825186940240,4375639744,7,2732,1151,7489
171693375378164,171693375398166,171693375409342,171693375411920,171693375421776,171693375421877,265650,93825186940240,4375639744,7,2732,1151,7490
171693383704453,171693383722509,171693383733577,171693383735955,171693383744919,171693383745015,265650,93825186940240,4375639744,7,2732,1151,7491
171693392040523,171693392059983,171693392071263,171693392073634,171693392083582,171693392083669,265650,93825186940240,4375639744,7,2732,1151,7492
171693400336123,171693400355025,171693400366159,171693400368834,171693400381101,171693400381177,265650,93825186940240,4375639744,7,2732,1151,7493
171693408798954,171693408818708,171693408831445,171693408833461,171693408845406,171693408845507,265650,93825186940240,4375639744,7,2732,1151,7494
171693417105004,171693417118165,171693417127307,171693417128853,171693417137759,171693417137826,265650,93825186940240,4375639744,7,2732,1151,7495
171693425386816,171693425401910,171693425413733,171693425415561,171693425421377,171693425421477,265650,93825186940240,4375639744,7,2732,1151,7496
171693433711649,171693433725508,171693433737142,171693433738281,171693433744778,171693433744852,265650,93825186940240,4375639744,7,2732,1151,7497
171693442099873,171693442113413,171693442124546,171693442125728,171693442133484,171693442133580,265650,93825186940240,4375639744,7,2732,1151,7498
171693450380839,171693450393366,171693450402094,171693450404064,171693450412920,171693450412986,265650,93825186940240,4375639744,7,2732,1151,7499
171693458713493,171693458734716,171693458746655,171693458749699,171693458761400,171693458761518,265650,93825186940240,4375639744,7,2732,1151,7500
171693467030138,171693467050939,171693467062894,171693467066165,171693467082286,171693467082395,265650,93825186940240,4375639744,7,2732,1151,7501
171693475374474,171693475399469,171693475412686,171693475416316,171693475431636,171693475431741,265650,93825186940240,4375639744,7,2732,1151,7502
171693483692537,171693483714620,171693483726172,171693483728844,171693483745557,171693483745666,265650,93825186940240,4375639744,7,2732,1151,7503
171693492014851,171693492033659,171693492045342,171693492048078,171693492053371,171693492053475,265650,93825186940240,4375639744,7,2732,1151,7504
171693500342548,171693500361218,171693500372433,171693500375063,171693500381983,171693500382052,265650,93825186940240,4375639744,7,2732,1151,7505
171693508710652,171693508729687,171693508740749,171693508742593,171693508749963,171693508750016,265650,93825186940240,4375639744,7,2732,1151,7506
171693517010707,171693517029218,171693517040132,171693517042115,171693517048335,171693517048408,265650,93825186940240,4375639744,7,2732,1151,7507
171693525339331,171693525353937,171693525364973,171693525367314,171693525375075,171693525375149,265650,93825186940240,4375639744,7,2732,1151,7508
171693533661585,171693533678969,171693533689965,171693533691942,171693533696671,171693533696734,265650,93825186940240,4375639744,7,2732,1151,7509
171693542046951,171693542063046,171693542074024,171693542075887,171693542081641,171693542081708,265650,93825186940240,4375639744,7,2732,1151,7510
171693550335636,171693550351866,171693550362428,171693550364983,171693550377199,171693550377276,265650,93825186940240,4375639744,7,2732,1151,7511
171693558708888,171693558729041,171693558740521,171693558743511,171693558754653,171693558754761,265650,93825186940240,4375639744,7,2732,1151,7512
171693567066381,171693567082637,171693567093779,171693567095938,171693567106414,171693567106480,265650,93825186940240,4375639744,7,2732,1151,7513
171693575340067,171693575356814,171693575367590,171693575369426,171693575377437,171693575377496,265650,93825186940240,4375639744,7,2732,1151,7514
171693583727211,171693583744736,171693583755653,171693583757635,171693583765123,171693583765181,265650,93825186940240,4375639744,7,2732,1151,7515
171693592063230,171693592080925,171693592091926,171693592094170,171693592106222,171693592106289,265650,93825186940240,4375639744,7,2732,1151,7516
171693600342429,171693600358327,171693600369634,171693600371646,171693600381291,171693600381351,265650,93825186940240,4375639744,7,2732,1151,7517
171693608673393,171693608690214,171693608701128,171693608703042,171693608708339,171693608708403,265650,93825186940240,4375639744,7,2732,1151,7518
171693617065445,171693617081437,171693617092159,171693617094149,171693617103551,171693617103609,265650,93825186940240,4375639744,7,2732,1151,7519
171693625347751,171693625365520,171693625376725,171693625379007,171693625387231,171693625387316,265650,93825186940240,4375639744,7,2732,1151,7520
171693633669230,171693633685162,171693633696015,171693633698181,171693633704271,171693633704328,265650,93825186940240,4375639744,7,2732,1151,7521
171693642060467,171693642076855,171693642088174,171693642090161,171693642098984,171693642099044,265650,93825186940240,4375639744,7,2732,1151,7522
171693650377943,171693650402548,171693650415315,171693650418847,171693650434794,171693650434881,265650,93825186940240,4375639744,7,2732,1151,7523
171693658698081,171693658715852,171693658726822,171693658728969,171693658736795,171693658736867,265650,93825186940240,4375639744,7,2732,1151,7524
171693667035007,171693667054088,171693667064882,171693667067153,171693667076881,171693667076953,265650,93825186940240,4375639744,7,2732,1151,7525
171693675376088,171693675396987,171693675409131,171693675411898,171693675423214,171693675423281,265650,93825186940240,4375639744,7,2732,1151,7526
171693683724406,171693683740694,171693683752090,171693683754331,171693683761274,171693683761341,265650,93825186940240,4375639744,7,2732,1151,7527
171693692154420,171693692168906,171693692178850,171693692180405,171693692185491,171693692185583,265650,93825186940240,4375639744,7,2732,1151,7528
171693700368518,171693700378399,171693700386577,171693700387647,171693700394039,171693700394109,265650,93825186940240,4375639744,7,2732,1151,7529
171693708823328,171693708885953,171693708897198,171693708898215,171693708904727,171693708904822,265650,93825186940240,4375639744,7,2732,1151,7530
171693717084217,171693717105052,171693717116509,171693717119878,171693717125517,171693717125592,265650,93825186940240,4375639744,7,2732,1151,7531
171693725357807,171693725381193,171693725392513,171693725394361,171693725401607,171693725401674,265650,93825186940240,4375639744,7,2732,1151,7532
171693733677330,171693733693836,171693733704708,171693733706508,171693733713085,171693733713145,265650,93825186940240,4375639744,7,2732,1151,7533
171693742041423,171693742058094,171693742068709,171693742070424,171693742076356,171693742076416,265650,93825186940240,4375639744,7,2732,1151,7534
171693750350396,171693750371577,171693750383688,171693750387005,171693750396248,171693750396334,265650,93825186940240,4375639744,7,2732,1151,7535
171693758691294,171693758708524,171693758719382,171693758721466,171693758730407,171693758730461,265650,93825186940240,4375639744,7,2732,1151,7536
171693767075759,171693767093308,171693767104421,171693767106763,171693767113415,171693767113475,265650,93825186940240,4375639744,7,2732,1151,7537
171693775352726,171693775369076,171693775379895,171693775381724,171693775387177,171693775387234,265650,93825186940240,4375639744,7,2732,1151,7538
171693783732415,171693783749762,171693783760825,171693783762592,171693783767946,171693783768008,265650,93825186940240,4375639744,7,2732,1151,7539
171693792050362,171693792067610,171693792078385,171693792080478,171693792086286,171693792086353,265650,93825186940240,4375639744,7,2732,1151,7540
171693800357482,171693800375595,171693800386676,171693800388917,171693800397692,171693800397773,265650,93825186940240,4375639744,7,2732,1151,7541
171693808690255,171693808709389,171693808720121,171693808722699,171693808728645,171693808728723,265650,93825186940240,4375639744,7,2732,1151,7542
171693817012867,171693817028897,171693817039511,171693817041482,171693817045826,171693817045888,265650,93825186940240,4375639744,7,2732,1151,7543
171693825346274,171693825364136,171693825375080,171693825377244,171693825382993,171693825383053,265650,93825186940240,4375639744,7,2732,1151,7544
171693833679078,171693833696106,171693833707301,171693833709390,171693833714807,171693833714863,265650,93825186940240,4375639744,7,2732,1151,7545
171693842061817,171693842077367,171693842088324,171693842090311,171693842095034,171693842095100,265650,93825186940240,4375639744,7,2732,1151,7546
171693850344130,171693850360955,171693850371909,171693850373990,171693850378880,171693850378948,265650,93825186940240,4375639744,7,2732,1151,7547
171693858740395,171693858756595,171693858767155,171693858769071,171693858777789,171693858777847,265650,93825186940240,4375639744,7,2732,1151,7548
171693867075672,171693867093323,171693867104017,171693867106298,171693867109722,171693867109788,265650,93825186940240,4375639744,7,2732,1151,7549
171693875359705,171693875376614,171693875387761,171693875389954,171693875395534,171693875395604,265650,93825186940240,4375639744,7,2732,1151,7550
171693883692539,171693883710126,171693883720926,171693883722878,171693883728201,171693883728266,265650,93825186940240,4375639744,7,2732,1151,7551
171693892016620,171693892033057,171693892043538,171693892045444,171693892050611,171693892050677,265650,93825186940240,4375639744,7,2732,1151,7552
171693900344404,171693900361045,171693900371898,171693900373916,171693900379074,171693900379121,265650,93825186940240,4375639744,7,2732,1151,7553
171693908684563,171693908700988,171693908711688,171693908713578,171693908719592,171693908719654,265650,93825186940240,4375639744,7,2732,1151,7554
171693917106156,171693917118873,171693917128575,171693917129893,171693917134722,171693917134797,265650,93825186940240,4375639744,7,2732,1151,7555
171693925416578,171693925427016,171693925435859,171693925436846,171693925441186,171693925441260,265650,93825186940240,4375639744,7,2732,1151,7556
171693933709986,171693933730983,171693933742337,171693933745285,171693933753442,171693933753549,265650,93825186940240,4375639744,7,2732,1151,7557
171693942055182,171693942073240,171693942084151,171693942086261,171693942093202,171693942093272,265650,93825186940240,4375639744,7,2732,1151,7558
171693950412752,171693950429710,171693950439816,171693950441373,171693950448665,171693950448741,265650,93825186940240,4375639744,7,2732,1151,7559
171693958682255,171693958692472,171693958700621,171693958701526,171693958706425,171693958706495,265650,93825186940240,4375639744,7,2732,1151,7560
171693967013199,171693967025749,171693967036859,171693967037904,171693967043714,171693967043812,265650,93825186940240,4375639744,7,2732,1151,7561
171693975477670,171693975494672,171693975506812,171693975508975,171693975515521,171693975515609,265650,93825186940240,4375639744,7,2732,1151,7562
171693983749559,171693983768045,171693983779537,171693983782100,171693983787201,171693983787290,265650,93825186940240,4375639744,7,2732,1151,7563
171693992060738,171693992072588,171693992081327,171693992082633,171693992088353,171693992088424,265650,93825186940240,4375639744,7,2732,1151,7564
171694000582336,171694000600989,171694000614339,171694000616717,171694000627371,171694000627513,265650,93825186940240,4375639744,7,2732,1151,7565
171694008875374,171694008896698,171694008908903,171694008911333,171694008919951,171694008920048,265650,93825186940240,4375639744,7,2732,1151,7566
171694017083410,171694017096729,171694017105071,171694017106865,171694017115118,171694017115193,265650,93825186940240,4375639744,7,2732,1151,7567
171694025407357,171694025420150,171694025428845,171694025430884,171694025438784,171694025438842,265650,93825186940240,4375639744,7,2732,1151,7568
171694033731701,171694033744579,171694033753033,171694033754875,171694033762567,171694033762634,265650,93825186940240,4375639744,7,2732,1151,7569
171694042104706,171694042128016,171694042140104,171694042143082,171694042153785,171694042153874,265650,93825186940240,4375639744,7,2732,1151,7570
171694050416510,171694050445321,171694050456669,171694050459546,171694050471276,171694050471337,265650,93825186940240,4375639744,7,2732,1151,7571
171694058752149,171694058772257,171694058783493,171694058785961,171694058794735,171694058794786,265650,93825186940240,4375639744,7,2732,1151,7572
171694067054479,171694067072373,171694067083384,171694067085704,171694067095580,171694067095658,265650,93825186940240,4375639744,7,2732,1151,7573
171694075374252,171694075390048,171694075401151,171694075403947,171694075413772,171694075413822,265650,93825186940240,4375639744,7,2732,1151,7574
171694083703410,171694083720337,171694083731478,171694083733538,171694083740331,171694083740375,265650,93825186940240,4375639744,7,2732,1151,7575
171694092095679,171694092113496,171694092124378,171694092126457,171694092136412,171694092136458,265650,93825186940240,4375639744,7,2732,1151,7576
171694100366941,171694100386369,171694100398978,171694100401453,171694100419252,171694100419349,265650,93825186940240,4375639744,7,2732,1151,7577
171694108701311,171694108718493,171694108729832,171694108732023,171694108742172,171694108742242,265650,93825186940240,4375639744,7,2732,1151,7578
171694117063355,171694117080301,171694117091458,171694117093602,171694117102058,171694117102138,265650,93825186940240,4375639744,7,2732,1151,7579
171694125381197,171694125399750,171694125410786,171694125412739,171694125420122,171694125420205,265650,93825186940240,4375639744,7,2732,1151,7580
171694133693989,171694133711767,171694133723501,171694133725839,171694133732586,171694133732700,265650,93825186940240,4375639744,7,2732,1151,7581
171694142097223,171694142115668,171694142126919,171694142129543,171694142140705,171694142140800,265650,93825186940240,4375639744,7,2732,1151,7582
171694150374923,171694150394147,171694150405940,171694150408871,171694150415933,171694150416013,265650,93825186940240,4375639744,7,2732,1151,7583
171694158745247,171694158763127,171694158774511,171694158776759,171694158788244,171694158788353,265650,93825186940240,4375639744,7,2732,1151,7584
171694167087429,171694167108035,171694167119404,171694167122049,171694167128608,171694167128679,265650,93825186940240,4375639744,7,2732,1151,7585
171694175376451,171694175396421,171694175408019,171694175410861,171694175420128,171694175420184,265650,93825186940240,4375639744,7,2732,1151,7586
171694183715348,171694183734485,171694183745835,171694183748350,171694183756233,171694183756281,265650,93825186940240,4375639744,7,2732,1151,7587
171694192039563,171694192056889,171694192067875,171694192070330,171694192076072,171694192076146,265650,93825186940240,4375639744,7,2732,1151,7588
171694200406473,171694200423804,171694200434575,171694200436805,171694200443276,171694200443337,265650,93825186940240,4375639744,7,2732,1151,7589
171694208716055,171694208735051,171694208746148,171694208748579,171694208755719,171694208755793,265650,93825186940240,4375639744,7,2732,1151,7590
171694217044125,171694217063527,171694217075366,171694217077926,171694217083377,171694217083485,265650,93825186940240,4375639744,7,2732,1151,7591
171694225383413,171694225403662,171694225415928,171694225429318,171694225441789,171694225441879,265650,93825186940240,4375639744,7,2732,1151,7592
171694233751496,171694233768025,171694233778859,171694233781011,171694233789221,171694233789284,265650,93825186940240,4375639744,7,2732,1151,7593
171694242033916,171694242051182,171694242062189,171694242064412,171694242069305,171694242069380,265650,93825186940240,4375639744,7,2732,1151,7594
171694250410130,171694250426108,171694250437188,171694250439260,171694250445534,171694250445611,265650,93825186940240,4375639744,7,2732,1151,7595
171694258716644,171694258734874,171694258746033,171694258747886,171694258758930,171694258759001,265650,93825186940240,4375639744,7,2732,1151,7596
171694267071703,171694267092188,171694267104119,171694267106682,171694267115195,171694267115311,265650,93825186940240,4375639744,7,2732,1151,7597
171694275469145,171694275483576,171694275493402,171694275495960,171694275506582,171694275506644,265650,93825186940240,4375639744,7,2732,1151,7598
171694283816803,171694283889458,171694283901126,171694283902898,171694283912024,171694283912096,265650,93825186940240,4375639744,7,2732,1151,7599
171694292223819,171694292239155,171694292250479,171694292252202,171694292260408,171694292260475,265650,93825186940240,4375639744,7,2732,1151,7600
171694300406578,171694300418275,171694300426890,171694300428458,171694300435471,171694300435525,265650,93825186940240,4375639744,7,2732,1151,7601
171694308810357,171694308824593,171694308835908,171694308836996,171694308846665,171694308846731,265650,93825186940240,4375639744,7,2732,1151,7602
171694317173300,171694317187124,171694317198081,171694317199252,171694317205666,171694317205735,265650,93825186940240,4375639744,7,2732,1151,7603
171694325380123,171694325390415,171694325398685,171694325399237,171694325406824,171694325406878,265650,93825186940240,4375639744,7,2732,1151,7604
171694333765299,171694333776190,171694333785028,171694333785639,171694333793548,171694333793603,265650,93825186940240,4375639744,7,2732,1151,7605
171694342035626,171694342049262,171694342059970,171694342060805,171694342066791,171694342066865,265650,93825186940240,4375639744,7,2732,1151,7606
171694350394653,171694350404919,171694350413792,171694350414493,171694350421740,171694350421804,265650,93825186940240,4375639744,7,2732,1151,7607
171694358797307,171694358859585,171694358870896,171694358872369,171694358885228,171694358885293,265650,93825186940240,4375639744,7,2732,1151,7608
171694367173953,171694367208235,171694367219125,171694367220084,171694367225978,171694367226053,265650,93825186940240,4375639744,7,2732,1151,7609
171694375365169,171694375374792,171694375383168,171694375383647,171694375390153,171694375390212,265650,93825186940240,4375639744,7,2732,1151,7610
171694383784313,171694383797783,171694383808601,171694383809348,171694383814683,171694383814756,265650,93825186940240,4375639744,7,2732,1151,7611
171694392166237,171694392179180,171694392190141,171694392191031,171694392198327,171694392198405,265650,93825186940240,4375639744,7,2732,1151,7612
171694400395597,171694400408264,171694400416863,171694400418862,171694400425934,171694400425999,265650,93825186940240,4375639744,7,2732,1151,7613
171694408768029,171694408780279,171694408788876,171694408790248,171694408795702,171694408795759,265650,93825186940240,4375639744,7,2732,1151,7614
171694417148214,171694417159011,171694417167902,171694417168871,171694417174522,171694417174585,265650,93825186940240,4375639744,7,2732,1151,7615
171694425471975,171694425552318,171694425563141,171694425564139,171694425569668,171694425569739,265650,93825186940240,4375639744,7,2732,1151,7616
171694433706417,171694433715906,171694433723944,171694433724594,171694433728798,171694433728852,265650,93825186940240,4375639744,7,2732,1151,7617
171694442119066,171694442131248,171694442141916,171694442142754,171694442146566,171694442146638,265650,93825186940240,4375639744,7,2732,1151,7618
171694450563588,171694450593986,171694450606126,171694450607815,171694450614855,171694450615021,265650,93825186940240,4375639744,7,2732,1151,7619
171694458779414,171694458801539,171694458813001,171694458816152,171694458821954,171694458822047,265650,93825186940240,4375639744,7,2732,1151,7620
171694467103386,171694467119816,171694467130335,171694467132306,171694467139899,171694467139964,265650,93825186940240,4375639744,7,2732,1151,7621
171694475414401,171694475435460,171694475446853,171694475449906,171694475461152,171694475461209,265650,93825186940240,4375639744,7,2732,1151,7622
171694483768390,171694483789990,171694483801587,171694483804652,171694483812502,171694483812559,265650,93825186940240,4375639744,7,2732,1151,7623
171694492076836,171694492097374,171694492108323,171694492110973,171694492120451,171694492120515,265650,93825186940240,4375639744,7,2732,1151,7624
171694500478380,171694500499143,171694500510889,171694500513419,171694500523191,171694500523286,265650,93825186940240,4375639744,7,2732,1151,7625
171694508806695,171694508824267,171694508836947,171694508838716,171694508846151,171694508846244,265650,93825186940240,4375639744,7,2732,1151,7626
171694517194584,171694517214701,171694517226455,171694517227889,171694517236166,171694517236273,265650,93825186940240,4375639744,7,2732,1151,7627
171694525520624,171694525531072,171694525540108,171694525541288,171694525545766,171694525545841,265650,93825186940240,4375639744,7,2732,1151,7628
171694533824400,171694533840448,171694533849841,171694533851384,171694533861877,171694533861943,265650,93825186940240,4375639744,7,2732,1151,7629
171694542111308,171694542128096,171694542139664,171694542141533,171694542152349,171694542152435,265650,93825186940240,4375639744,7,2732,1151,7630
171694550422255,171694550447204,171694550459952,171694550462421,171694550470813,171694550470894,265650,93825186940240,4375639744,7,2732,1151,7631
171694558755232,171694558779658,171694558791302,171694558794892,171694558804306,171694558804379,265650,93825186940240,4375639744,7,2732,1151,7632
171694567065072,171694567080814,171694567091375,171694567093164,171694567099129,171694567099195,265650,93825186940240,4375639744,7,2732,1151,7633
171694575418360,171694575432772,171694575443860,171694575445758,171694575451003,171694575451066,265650,93825186940240,4375639744,7,2732,1151,7634
171694583725526,171694583746633,171694583758507,171694583761373,171694583768352,171694583768408,265650,93825186940240,4375639744,7,2732,1151,7635
171694592058674,171694592074514,171694592085745,171694592087527,171694592093104,171694592093160,265650,93825186940240,4375639744,7,2732,1151,7636
171694600383379,171694600400208,171694600411297,171694600412919,171694600418558,171694600418621,265650,93825186940240,4375639744,7,2732,1151,7637
171694608711663,171694608729104,171694608740488,171694608742251,171694608747240,171694608747311,265650,93825186940240,4375639744,7,2732,1151,7638
171694617072135,171694617086133,171694617096383,171694617098056,171694617103344,171694617103468,265650,93825186940240,4375639744,7,2732,1151,7639
171694625422033,171694625437611,171694625449824,171694625451344,171694625459999,171694625460102,265650,93825186940240,4375639744,7,2732,1151,7640
171694633781956,171694633794271,171694633805274,171694633806171,171694633811408,171694633811498,265650,93825186940240,4375639744,7,2732,1151,7641
171694642129727,171694642141876,171694642152788,171694642153560,171694642158637,171694642158708,265650,93825186940240,4375639744,7,2732,1151,7642
171694650466315,171694650475827,171694650483701,171694650484276,171694650489295,171694650489350,265650,93825186940240,4375639744,7,2732,1151,7643
171694658861936,171694658954210,171694658965282,171694658966386,171694658970078,171694658970158,265650,93825186940240,4375639744,7,2732,1151,7644
171694667151259,171694667164312,171694667175268,171694667176194,171694667182612,171694667182688,265650,93825186940240,4375639744,7,2732,1151,7645
171694675470065,171694675485944,171694675498023,171694675499910,171694675505436,171694675505530,265650,93825186940240,4375639744,7,2732,1151,7646
171694683790541,171694683813114,171694683824497,171694683827518,171694683833028,171694683833144,265650,93825186940240,4375639744,7,2732,1151,7647
171694692082010,171694692109692,171694692120943,171694692134660,171694692142331,171694692142400,265650,93825186940240,4375639744,7,2732,1151,7648
171694700428932,171694700451368,171694700463029,171694700465723,171694700475581,171694700475648,265650,93825186940240,4375639744,7,2732,1151,7649
171694708770282,171694708795059,171694708807156,171694708810059,171694708821949,171694708821998,265650,93825186940240,4375639744,7,2732,1151,7650
171694717081571,171694717097890,171694717108167,171694717109899,171694717119192,171694717119266,265650,93825186940240,4375639744,7,2732,1151,7651
171694725461916,171694725483678,171694725508595,171694725511499,171694725529913,171694725529963,265650,93825186940240,4375639744,7,2732,1151,7652
171694733725430,171694733743420,171694733754198,171694733756306,171694733762599,171694733762650,265650,93825186940240,4375639744,7,2732,1151,7653
171694742111575,171694742127453,171694742138119,171694742140235,171694742147611,171694742147681,265650,93825186940240,4375639744,7,2732,1151,7654
171694750414579,171694750439671,171694750451590,171694750454486,171694750467348,171694750467444,265650,93825186940240,4375639744,7,2732,1151,7655
171694758753801,171694758777610,171694758789180,171694758792193,171694758805927,171694758806013,265650,93825186940240,4375639744,7,2732,1151,7656
171694767064120,171694767081694,171694767092818,171694767095113,171694767104880,171694767104962,265650,93825186940240,4375639744,7,2732,1151,7657
171694775438448,171694775455206,171694775465977,171694775467963,171694775477392,171694775477452,265650,93825186940240,4375639744,7,2732,1151,7658
171694783722267,171694783740060,171694783750466,171694783752035,171694783760739,171694783760806,265650,93825186940240,4375639744,7,2732,1151,7659
171694792072849,171694792091196,171694792102126,171694792103851,171694792114315,171694792114385,265650,93825186940240,4375639744,7,2732,1151,7660
171694800389425,171694800407060,171694800417570,171694800419621,171694800427775,171694800427838,265650,93825186940240,4375639744,7,2732,1151,7661
171694808751197,171694808766667,171694808777808,171694808780613,171694808792169,171694808792233,265650,93825186940240,4375639744,7,2732,1151,7662
171694817061863,171694817080445,171694817090560,171694817092676,171694817099689,171694817099748,265650,93825186940240,4375639744,7,2732,1151,7663
171694825438405,171694825457017,171694825467913,171694825469818,171694825488023,171694825488201,265650,93825186940240,4375639744,7,2732,1151,7664
171694833749682,171694833783611,171694833796310,171694833799104,171694833805132,171694833805223,265650,93825186940240,4375639744,7,2732,1151,7665
171694842105561,171694842122965,171694842133852,171694842135714,171694842146347,171694842146399,265650,93825186940240,4375639744,7,2732,1151,7666
171694850441247,171694850463117,171694850476084,171694850479176,171694850488620,171694850488717,265650,93825186940240,4375639744,7,2732,1151,7667
171694858788354,171694858805530,171694858816081,171694858818261,171694858829459,171694858829548,265650,93825186940240,4375639744,7,2732,1151,7668
171694867091713,171694867105187,171694867114656,171694867115918,171694867120327,171694867120400,265650,93825186940240,4375639744,7,2732,1151,7669
171694875447934,171694875456591,171694875464241,171694875464976,171694875469669,171694875469733,265650,93825186940240,4375639744,7,2732,1151,7670
171694883804576,171694883817485,171694883828691,171694883829601,171694883834037,171694883834130,265650,93825186940240,4375639744,7,2732,1151,7671
171694892127305,171694892140045,171694892152747,171694892153756,171694892158523,171694892158620,265650,93825186940240,4375639744,7,2732,1151,7672
171694900469809,171694900478837,171694900486953,171694900487680,171694900491410,171694900491476,265650,93825186940240,4375639744,7,2732,1151,7673
171694908820242,171694908832796,171694908843709,171694908844692,171694908849713,171694908849797,265650,93825186940240,4375639744,7,2732,1151,7674
171694917209451,171694917222050,171694917232966,171694917233940,171694917238670,171694917238736,265650,93825186940240,4375639744,7,2732,1151,7675
171694925473626,171694925482602,171694925490406,171694925491151,171694925495513,171694925495568,265650,93825186940240,4375639744,7,2732,1151,7676
171694933815969,171694933828615,171694933839473,171694933840259,171694933845181,171694933845251,265650,93825186940240,4375639744,7,2732,1151,7677
171694942087624,171694942100554,171694942111606,171694942112393,171694942117375,171694942117448,265650,93825186940240,4375639744,7,2732,1151,7678
171694950532321,171694950611469,171694950622453,171694950623270,171694950628596,171694950628673,265650,93825186940240,4375639744,7,2732,1151,7679
171694958757179,171694958770032,171694958781068,171694958782074,171694958787704,171694958787787,265650,93825186940240,4375639744,7,2732,1151,7680
171694967095733,171694967105482,171694967114242,171694967114977,171694967119422,171694967119484,265650,93825186940240,4375639744,7,2732,1151,7681
171694975456845,171694975469026,171694975479837,171694975480541,171694975485689,171694975485763,265650,93825186940240,4375639744,7,2732,1151,7682
171694983839139,171694983863014,171694983874012,171694983874728,171694983879546,171694983879625,265650,93825186940240,4375639744,7,2732,1151,7683
171694992054149,171694992066544,171694992077381,171694992078278,171694992082947,171694992083020,265650,93825186940240,4375639744,7,2732,1151,7684
171695000455589,171695000464769,171695000472925,171695000473611,171695000478599,171695000478653,265650,93825186940240,4375639744,7,2732,1151,7685
171695008847478,171695008863302,171695008876733,171695008877878,171695008883134,171695008883225,265650,93825186940240,4375639744,7,2732,1151,7686
171695017054886,171695017067183,171695017078053,171695017079043,171695017084683,171695017084774,265650,93825186940240,4375639744,7,2732,1151,7687
171695025480171,171695025493522,171695025504395,171695025505505,171695025511658,171695025511749,265650,93825186940240,4375639744,7,2732,1151,7688
171695033822685,171695033835672,171695033846622,171695033847568,171695033853755,171695033853846,265650,93825186940240,4375639744,7,2732,1151,7689
171695042164280,171695042221239,171695042231884,171695042232762,171695042238711,171695042238804,265650,93825186940240,4375639744,7,2732,1151,7690
171695050499359,171695050581568,171695050592349,171695050593235,171695050599237,171695050599331,265650,93825186940240,4375639744,7,2732,1151,7691
171695058795604,171695058805621,171695058813537,171695058815044,171695058820749,171695058820808,265650,93825186940240,4375639744,7,2732,1151,7692
171695067102471,171695067113886,171695067122269,171695067123649,171695067129535,171695067129599,265650,93825186940240,4375639744,7,2732,1151,7693
171695075489408,171695075498976,171695075506855,171695075507651,171695075511695,171695075511762,265650,93825186940240,4375639744,7,2732,1151,7694
171695083834104,171695083851032,171695083862989,171695083864371,171695083871333,171695083871430,265650,93825186940240,4375639744,7,2732,1151,7695
171695092050565,171695092059907,171695092067958,171695092068914,171695092075551,171695092075604,265650,93825186940240,4375639744,7,2732,1151,7696
171695100564596,171695100649783,171695100661444,171695100662774,171695100669192,171695100669275,265650,93825186940240,4375639744,7,2732,1151,7697
171695108864187,171695108953637,171695108964546,171695108965767,171695108971296,171695108971384,265650,93825186940240,4375639744,7,2732,1151,7698
171695117190354,171695117203601,171695117215213,171695117216182,171695117221088,171695117221172,265650,93825186940240,4375639744,7,2732,1151,7699
171695125525622,171695125588770,171695125599656,171695125600381,171695125604569,171695125604635,265650,93825186940240,4375639744,7,2732,1151,7700
171695133837541,171695133851898,171695133863583,171695133864770,171695133874259,171695133874345,265650,93825186940240,4375639744,7,2732,1151,7701
171695142165371,171695142177857,171695142188988,171695142190215,171695142196066,171695142196140,265650,93825186940240,4375639744,7,2732,1151,7702
171695150488449,171695150566577,171695150577263,171695150578201,171695150584249,171695150584321,265650,93825186940240,4375639744,7,2732,1151,7703
171695158928612,171695158944062,171695158954982,171695158955911,171695158961794,171695158961867,265650,93825186940240,4375639744,7,2732,1151,7704
171695167134651,171695167153870,171695167165479,171695167167946,171695167176825,171695167176902,265650,93825186940240,4375639744,7,2732,1151,7705
171695175441248,171695175464904,171695175477223,171695175481276,171695175493268,171695175493339,265650,93825186940240,4375639744,7,2732,1151,7706
171695183745217,171695183763107,171695183773870,171695183776028,171695183782544,171695183782618,265650,93825186940240,4375639744,7,2732,1151,7707
171695192108733,171695192129304,171695192140232,171695192142334,171695192150520,171695192150610,265650,93825186940240,4375639744,7,2732,1151,7708
171695200434420,171695200455762,171695200469501,171695200472733,171695200480658,171695200480743,265650,93825186940240,4375639744,7,2732,1151,7709
171695208735330,171695208750242,171695208761047,171695208763023,171695208767714,171695208767757,265650,93825186940240,4375639744,7,2732,1151,7710
171695217107692,171695217122913,171695217133527,171695217135313,171695217140705,171695217140756,265650,93825186940240,4375639744,7,2732,1151,7711
171695225416751,171695225433846,171695225444931,171695225447090,171695225452423,171695225452481,265650,93825186940240,4375639744,7,2732,1151,7712
171695233746715,171695233763048,171695233773525,171695233775490,171695233780362,171695233780421,265650,93825186940240,4375639744,7,2732,1151,7713
171695242062175,171695242079592,171695242090930,171695242092990,171695242099157,171695242099257,265650,93825186940240,4375639744,7,2732,1151,7714
171695250404291,171695250420102,171695250430989,171695250433201,171695250439725,171695250439784,265650,93825186940240,4375639744,7,2732,1151,7715
171695258750776,171695258767775,171695258778694,171695258780657,171695258789401,171695258789491,265650,93825186940240,4375639744,7,2732,1151,7716
171695267069300,171695267088395,171695267099551,171695267101559,171695267109734,171695267109822,265650,93825186940240,4375639744,7,2732,1151,7717
171695275463495,171695275479042,171695275489893,171695275491649,171695275502462,171695275502514,265650,93825186940240,4375639744,7,2732,1151,7718
171695283765053,171695283782464,171695283793418,171695283795376,171695283805840,171695283805900,265650,93825186940240,4375639744,7,2732,1151,7719
171695292106701,171695292124025,171695292135065,171695292137452,171695292148373,171695292148428,265650,93825186940240,4375639744,7,2732,1151,7720
171695300446271,171695300464604,171695300476222,171695300478669,171695300488030,171695300488110,265650,93825186940240,4375639744,7,2732,1151,7721
171695308771111,171695308787839,171695308798631,171695308800451,171695308807130,171695308807224,265650,93825186940240,4375639744,7,2732,1151,7722
171695317112592,171695317130075,171695317141039,171695317142851,171695317151914,171695317151962,265650,93825186940240,4375639744,7,2732,1151,7723
171695325425488,171695325440021,171695325451367,171695325453222,171695325461588,171695325461644,265650,93825186940240,4375639744,7,2732,1151,7724
171695333814154,171695333831639,171695333842466,171695333844686,171695333853474,171695333853548,265650,93825186940240,4375639744,7,2732,1151,7725
171695342113298,171695342130464,171695342141437,171695342143512,171695342152447,171695342152535,265650,93825186940240,4375639744,7,2732,1151,7726
171695350447922,171695350467212,171695350487600,171695350490045,171695350499603,171695350499677,265650,93825186940240,4375639744,7,2732,1151,7727
171695358795442,171695358818007,171695358829270,171695358832062,171695358846647,171695358846728,265650,93825186940240,4375639744,7,2732,1151,7728
171695367126517,171695367141348,171695367153206,171695367155333,171695367162389,171695367162483,265650,93825186940240,4375639744,7,2732,1151,7729
171695375458948,171695375470653,171695375479651,171695375480912,171695375486969,171695375487045,265650,93825186940240,4375639744,7,2732,1151,7730
171695383841249,171695383853598,171695383864736,171695383865704,171695383870780,171695383870865,265650,93825186940240,4375639744,7,2732,1151,7731
171695392217207,171695392230721,171695392241688,171695392242678,171695392248169,171695392248256,265650,93825186940240,4375639744,7,2732,1151,7732
171695400488050,171695400498859,171695400507836,171695400508783,171695400514556,171695400514630,265650,93825186940240,4375639744,7,2732,1151,7733
171695408801159,171695408811801,171695408820810,171695408821635,171695408826510,171695408826586,265650,93825186940240,4375639744,7,2732,1151,7734
171695417132864,171695417145539,171695417156193,171695417157117,171695417163771,171695417163861,265650,93825186940240,4375639744,7,2732,1151,7735
171695425481413,171695425491488,171695425499642,171695425500494,171695425505519,171695425505573,265650,93825186940240,4375639744,7,2732,1151,7736
171695433867282,171695433879726,171695433890605,171695433891842,171695433897844,171695433897917,265650,93825186940240,4375639744,7,2732,1151,7737
171695442193385,171695442225720,171695442236418,171695442237578,171695442241963,171695442242041,265650,93825186940240,4375639744,7,2732,1151,7738
171695450478704,171695450488296,171695450496324,171695450497087,171695450500717,171695450500766,265650,93825186940240,4375639744,7,2732,1151,7739
171695458811403,171695458823343,171695458831776,171695458832967,171695458838729,171695458838787,265650,93825186940240,4375639744,7,2732,1151,7740
171695467174137,171695467186228,171695467197063,171695467198350,171695467202607,171695467202682,265650,93825186940240,4375639744,7,2732,1151,7741
171695475513828,171695475590337,171695475601200,171695475602130,171695475607350,171695475607425,265650,93825186940240,4375639744,7,2732,1151,7742
171695483826720,171695483838938,171695483849760,171695483850618,171695483856661,171695483856797,265650,93825186940240,4375639744,7,2732,1151,7743
171695492206065,171695492219696,171695492230550,171695492231599,171695492236139,171695492236221,265650,93825186940240,4375639744,7,2732,1151,7744
171695500428784,171695500439053,171695500447296,171695500448221,171695500453045,171695500453100,265650,93825186940240,4375639744,7,2732,1151,7745
171695508806897,171695508820683,171695508831684,171695508833051,171695508837422,171695508837499,265650,93825186940240,4375639744,7,2732,1151,7746
171695517116691,171695517131032,171695517142477,171695517144086,171695517149125,171695517149223,265650,93825186940240,4375639744,7,2732,1151,7747
171695525483888,171695525493631,171695525502097,171695525503233,171695525509399,171695525509472,265650,93825186940240,4375639744,7,2732,1151,7748
171695533848522,171695533936152,171695533947376,171695533948351,171695533954519,171695533954595,265650,93825186940240,4375639744,7,2732,1151,7749
171695542135332,171695542147650,171695542158648,171695542159432,171695542164938,171695542165024,265650,93825186940240,4375639744,7,2732,1151,7750
171695550432082,171695550442819,171695550452801,171695550453678,171695550468347,171695550468416,265650,93825186940240,4375639744,7,2732,1151,7751
171695558821756,171695558836036,171695558844844,171695558847128,171695558854905,171695558854967,265650,93825186940240,4375639744,7,2732,1151,7752
171695567154916,171695567170669,171695567182197,171695567183642,171695567190068,171695567190139,265650,93825186940240,4375639744,7,2732,1151,7753
171695575460997,171695575470817,171695575479208,171695575479961,171695575484183,171695575484237,265650,93825186940240,4375639744,7,2732,1151,7754
171695583849067,171695583862833,171695583874057,171695583875128,171695583879920,171695583879994,265650,93825186940240,4375639744,7,2732,1151,7755
171695592180544,171695592199403,171695592210395,171695592211381,171695592217200,171695592217268,265650,93825186940240,4375639744,7,2732,1151,7756
171695600454765,171695600472476,171695600482138,171695600483091,171695600488212,171695600488280,265650,93825186940240,4375639744,7,2732,1151,7757
171695608815025,171695608840987,171695608879074,171695608882637,171695608897115,171695608897214,265650,93825186940240,4375639744,7,2732,1151,7758
171695617065945,171695617083696,171695617094814,171695617096862,171695617104471,171695617104537,265650,93825186940240,4375639744,7,2732,1151,7759
171695625494306,171695625511092,171695625522176,171695625523894,171695625536206,171695625536264,265650,93825186940240,4375639744,7,2732,1151,7760
171695633765423,171695633780493,171695633791358,171695633793283,171695633803844,171695633803906,265650,93825186940240,4375639744,7,2732,1151,7761
171695642138114,171695642163006,171695642175444,171695642179024,171695642192265,171695642192345,265650,93825186940240,4375639744,7,2732,1151,7762
171695650433269,171695650451664,171695650463542,171695650465672,171695650474013,171695650474074,265650,93825186940240,4375639744,7,2732,1151,7763
171695658837347,171695658853140,171695658865110,171695658866995,171695658875179,171695658875265,265650,93825186940240,4375639744,7,2732,1151,7764
171695667070587,171695667082257,171695667090514,171695667091771,171695667097189,171695667097249,265650,93825186940240,4375639744,7,2732,1151,7765
171695675453493,171695675467381,171695675476651,171695675477868,171695675484842,171695675484916,265650,93825186940240,4375639744,7,2732,1151,7766
171695683885394,171695683960483,171695683971977,171695683973290,171695683980087,171695683980176,265650,93825186940240,4375639744,7,2732,1151,7767
171695692097645,171695692111959,171695692123523,171695692124680,171695692130087,171695692130187,265650,93825186940240,4375639744,7,2732,1151,7768
171695700584455,171695700598484,171695700609848,171695700611184,171695700618432,171695700618519,265650,93825186940240,4375639744,7,2732,1151,7769
171695708872330,171695708886219,171695708894986,171695708896819,171695708905352,171695708905422,265650,93825186940240,4375639744,7,2732,1151,7770
171695717149570,171695717170353,171695717182257,171695717184904,171695717193955,171695717194049,265650,93825186940240,4375639744,7,2732,1151,7771
171695725458477,171695725478019,171695725490023,171695725496155,171695725510007,171695725510106,265650,93825186940240,4375639744,7,2732,1151,7772
171695733800016,171695733823181,171695733835087,171695733838516,171695733853067,171695733853145,265650,93825186940240,4375639744,7,2732,1151,7773
171695742069699,171695742087475,171695742098376,171695742100432,171695742110295,171695742110363,265650,93825186940240,4375639744,7,2732,1151,7774
171695750471956,171695750489297,171695750499937,171695750501835,171695750511714,171695750511780,265650,93825186940240,4375639744,7,2732,1151,7775
171695758787141,171695758811567,171695758822583,171695758824524,171695758832449,171695758832509,265650,93825186940240,4375639744,7,2732,1151,7776
171695767086295,171695767105948,171695767116909,171695767119343,171695767131797,171695767131888,265650,93825186940240,4375639744,7,2732,1151,7777
171695775501633,171695775520756,171695775531489,171695775533593,171695775542382,171695775542449,265650,93825186940240,4375639744,7,2732,1151,7778
171695784003971,171695784017738,171695784026825,171695784028781,171695784033901,171695784033964,265650,93825186940240,4375639744,7,2732,1151,7779
171695792342821,171695792355925,171695792367116,171695792368369,171695792372852,171695792372936,265650,93825186940240,4375639744,7,2732,1151,7780
171695800617652,171695800627728,171695800636597,171695800637677,171695800642133,171695800642204,265650,93825186940240,4375639744,7,2732,1151,7781
171695808896630,171695808906440,171695808914361,171695808915268,171695808918759,171695808918823,265650,93825186940240,4375639744,7,2732,1151,7782
171695817363893,171695817379323,171695817391099,171695817393071,171695817397565,171695817397672,265650,93825186940240,4375639744,7,2732,1151,7783
171695825639688,171695825659369,171695825671066,171695825673499,171695825684264,171695825684357,265650,93825186940240,4375639744,7,2732,1151,7784
171695833925124,171695833946173,171695833957990,171695833960281,171695833970189,171695833970273,265650,93825186940240,4375639744,7,2732,1151,7785
171695842202023,171695842221764,171695842233276,171695842235724,171695842245960,171695842246061,265650,93825186940240,4375639744,7,2732,1151,7786
171695850712155,171695850723686,171695850732966,171695850734501,171695850740168,171695850740229,265650,93825186940240,4375639744,7,2732,1151,7787
171695858911099,171695858925620,171695858937038,171695858938600,171695858943355,171695858943451,265650,93825186940240,4375639744,7,2732,1151,7788
171695867237430,171695867254131,171695867265493,171695867268527,171695867275736,171695867275825,265650,93825186940240,4375639744,7,2732,1151,7789
171695875688026,171695875704579,171695875715438,171695875717691,171695875724291,171695875724463,265650,93825186940240,4375639744,7,2732,1151,7790
171695883909024,171695883927435,171695883938604,171695883941089,171695883952836,171695883952931,265650,93825186940240,4375639744,7,2732,1151,7791
171695892243708,171695892262080,171695892273306,171695892275517,171695892283554,171695892283628,265650,93825186940240,4375639744,7,2732,1151,7792
171695900639821,171695900657107,171695900667852,171695900670014,171695900677274,171695900677354,265650,93825186940240,4375639744,7,2732,1151,7793
171695909093379,171695909110738,171695909123183,171695909125035,171695909135035,171695909135129,265650,93825186940240,4375639744,7,2732,1151,7794
171695917345017,171695917359062,171695917370475,171695917371730,171695917377331,171695917377424,265650,93825186940240,4375639744,7,2732,1151,7795
171695925632943,171695925643761,171695925652032,171695925653351,171695925661881,171695925661937,265650,93825186940240,4375639744,7,2732,1151,7796
171695934037482,171695934051664,171695934063174,171695934064990,171695934078545,171695934078631,265650,93825186940240,4375639744,7,2732,1151,7797
171695942238176,171695942251563,171695942262660,171695942263730,171695942269997,171695942270069,265650,93825186940240,4375639744,7,2732,1151,7798
171695950624029,171695950637686,171695950648619,171695950649906,171695950656834,171695950656911,265650,93825186940240,4375639744,7,2732,1151,7799
171695959022161,171695959039395,171695959051482,171695959053321,171695959062236,171695959062322,265650,93825186940240,4375639744,7,2732,1151,7800
171695967294326,171695967313794,171695967325272,171695967327980,171695967334495,171695967334602,265650,93825186940240,4375639744,7,2732,1151,7801
171695975574424,171695975591565,171695975602620,171695975604774,171695975611739,171695975611817,265650,93825186940240,4375639744,7,2732,1151,7802
171695983921952,171695983939382,171695983951243,171695983953770,171695983962085,171695983962152,265650,93825186940240,4375639744,7,2732,1151,7803
171695992249817,171695992266995,171695992277783,171695992280159,171695992287323,171695992287385,265650,93825186940240,4375639744,7,2732,1151,7804
171696000577265,171696000594725,171696000605736,171696000607791,171696000616324,171696000616414,265650,93825186940240,4375639744,7,2732,1151,7805
171696008901035,171696008916932,171696008927723,171696008929915,171696008935628,171696008935695,265650,93825186940240,4375639744,7,2732,1151,7806
171696017243461,171696017261209,171696017272201,171696017274312,171696017279968,171696017280029,265650,93825186940240,4375639744,7,2732,1151,7807
171696025631736,171696025647389,171696025658320,171696025660511,171696025666096,171696025666162,265650,93825186940240,4375639744,7,2732,1151,7808
171696033910620,171696033928757,171696033939862,171696033941771,171696033948315,171696033948379,265650,93825186940240,4375639744,7,2732,1151,7809
171696042242135,171696042257202,171696042268088,171696042270115,171696042276276,171696042276319,265650,93825186940240,4375639744,7,2732,1151,7810
171696050572830,171696050590133,171696050601060,171696050602951,171696050608954,171696050609016,265650,93825186940240,4375639744,7,2732,1151,7811
171696058942111,171696058962879,171696058974621,171696058977409,171696058987377,171696058987462,265650,93825186940240,4375639744,7,2732,1151,7812
171696067282019,171696067303268,171696067315565,171696067318786,171696067329117,171696067329203,265650,93825186940240,4375639744,7,2732,1151,7813
171696075616911,171696075638430,171696075650735,171696075653336,171696075665641,171696075665746,265650,93825186940240,4375639744,7,2732,1151,7814
171696084131567,171696084151240,171696084164417,171696084166720,171696084175526,171696084175713,265650,93825186940240,4375639744,7,2732,1151,7815
171696092270306,171696092282608,171696092292154,171696092293706,171696092449220,171696092449557,265650,93825186940240,4375639744,7,2732,1151,7816
171696100678046,171696100700798,171696100712567,171696100715160,171696100726051,171696100726149,265650,93825186940240,4375639744,7,2732,1151,7817
171696108951174,171696108973512,171696108985549,171696108988588,171696108997975,171696108998075,265650,93825186940240,4375639744,7,2732,1151,7818
171696117351710,171696117364762,171696117373666,171696117374842,171696117379128,171696117379197,265650,93825186940240,4375639744,7,2732,1151,7819
171696125753811,171696125768104,171696125779956,171696125781699,171696125787995,171696125788097,265650,93825186940240,4375639744,7,2732,1151,7820
171696133966130,171696133979545,171696133993121,171696133994214,171696134003425,171696134003586,265650,93825186940240,4375639744,7,2732,1151,7821
171696142264003,171696142277522,171696142289319,171696142290363,171696142299795,171696142299893,265650,93825186940240,4375639744,7,2732,1151,7822
171696150632637,171696150645811,171696150657341,171696150658308,171696150663971,171696150664045,265650,93825186940240,4375639744,7,2732,1151,7823
171696159049948,171696159063839,171696159075247,171696159076408,171696159082839,171696159082927,265650,93825186940240,4375639744,7,2732,1151,7824
171696167258469,171696167272360,171696167283916,171696167284845,171696167291636,171696167291760,265650,93825186940240,4375639744,7,2732,1151,7825
171696175659852,171696175674110,171696175685532,171696175686768,171696175703523,171696175703593,265650,93825186940240,4375639744,7,2732,1151,7826
171696183971083,171696183985287,171696183996975,171696183998113,171696184007398,171696184007474,265650,93825186940240,4375639744,7,2732,1151,7827
171696192380376,171696192412473,171696192424298,171696192426292,171696192433171,171696192433265,265650,93825186940240,4375639744,7,2732,1151,7828
171696200622074,171696200648597,171696200674093,171696200683866,171696200712314,171696200712428,265650,93825186940240,4375639744,7,2732,1151,7829
171696208942551,171696208963217,171696208974424,171696208976695,171696208983318,171696208983377,265650,93825186940240,4375639744,7,2732,1151,7830
171696217269841,171696217280930,171696217290092,171696217291439,171696217296773,171696217296847,265650,93825186940240,4375639744,7,2732,1151,7831
171696225657678,171696225672512,171696225684325,171696225685801,171696225691745,171696225691849,265650,93825186940240,4375639744,7,2732,1151,7832
171696233945683,171696233959742,171696233972078,171696233973463,171696233978323,171696233978390,265650,93825186940240,4375639744,7,2732,1151,7833
171696242243057,171696242252244,171696242260112,171696242260825,171696242263714,171696242263778,265650,93825186940240,4375639744,7,2732,1151,7834
171696250688623,171696250767658,171696250778988,171696250779969,171696250783213,171696250783304,265650,93825186940240,4375639744,7,2732,1151,7835
171696258913073,171696258923427,171696258931572,171696258932299,171696258936827,171696258936888,265650,93825186940240,4375639744,7,2732,1151,7836
171696267248840,171696267259528,171696267268358,171696267269175,171696267272825,171696267272894,265650,93825186940240,4375639744,7,2732,1151,7837
171696275615762,171696275626624,171696275634874,171696275635829,171696275640871,171696275640937,265650,93825186940240,4375639744,7,2732,1151,7838
171696284080553,171696284094542,171696284106266,171696284107572,171696284114305,171696284114403,265650,93825186940240,4375639744,7,2732,1151,7839
171696292249008,171696292263227,171696292274786,171696292276148,171696292283434,171696292283526,265650,93825186940240,4375639744,7,2732,1151,7840
171696300686958,171696300700401,171696300711962,171696300713412,171696300720785,171696300720875,265650,93825186940240,4375639744,7,2732,1151,7841
171696308952559,171696308965427,171696308976488,171696308977641,171696308983103,171696308983202,265650,93825186940240,4375639744,7,2732,1151,7842
171696317291094,171696317303546,171696317314985,171696317315930,171696317319857,171696317319928,265650,93825186940240,4375639744,7,2732,1151,7843
171696325755003,171696325792378,171696325804575,171696325806317,171696325811652,171696325811752,265650,93825186940240,4375639744,7,2732,1151,7844
171696334015612,171696334042264,171696334054205,171696334056846,171696334062639,171696334062736,265650,93825186940240,4375639744,7,2732,1151,7845
171696342249500,171696342266579,171696342277898,171696342280039,171696342286840,171696342286905,265650,93825186940240,4375639744,7,2732,1151,7846
171696350704758,171696350718354,171696350729845,171696350731025,171696350735823,171696350735899,265650,93825186940240,4375639744,7,2732,1151,7847
171696358964053,171696358977393,171696358988751,171696358989783,171696358995464,171696358995539,265650,93825186940240,4375639744,7,2732,1151,7848
171696367291256,171696367304597,171696367316271,171696367317329,171696367323519,171696367323594,265650,93825186940240,4375639744,7,2732,1151,7849
171696375737646,171696375751006,171696375760401,171696375761465,171696375767068,171696375767141,265650,93825186940240,4375639744,7,2732,1151,7850
171696384015643,171696384029560,171696384040708,171696384041969,171696384059252,171696384059337,265650,93825186940240,4375639744,7,2732,1151,7851
171696392251252,171696392261120,171696392269440,171696392270298,171696392275622,171696392275689,265650,93825186940240,4375639744,7,2732,1151,7852
171696400714877,171696400727602,171696400738679,171696400739718,171696400745029,171696400745101,265650,93825186940240,4375639744,7,2732,1151,7853
171696409009606,171696409024830,171696409036792,171696409038072,171696409042092,171696409042188,265650,93825186940240,4375639744,7,2732,1151,7854
171696417254151,171696417263889,171696417272174,171696417272875,171696417275941,171696417276008,265650,93825186940240,4375639744,7,2732,1151,7855
171696425633086,171696425645302,171696425654071,171696425655294,171696425660033,171696425660105,265650,93825186940240,4375639744,7,2732,1151,7856
171696433960295,171696433970121,171696433978291,171696433979435,171696433983428,171696433983501,265650,93825186940240,4375639744,7,2732,1151,7857
171696442278939,171696442288640,171696442296501,171696442297288,171696442301122,171696442301186,265650,93825186940240,4375639744,7,2732,1151,7858
171696450587043,171696450596841,171696450605068,171696450605845,171696450609254,171696450609321,265650,93825186940240,4375639744,7,2732,1151,7859
171696458944002,171696458960111,171696458972355,171696458973720,171696458978607,171696458978699,265650,93825186940240,4375639744,7,2732,1151,7860
171696467306655,171696467328097,171696467339501,171696467342169,171696467349913,171696467349999,265650,93825186940240,4375639744,7,2732,1151,7861
171696475688338,171696475703307,171696475715476,171696475716830,171696475723676,171696475723772,265650,93825186940240,4375639744,7,2732,1151,7862
171696483955374,171696483967574,171696483976531,171696483978148,171696483983856,171696483983907,265650,93825186940240,4375639744,7,2732,1151,7863
171696492292248,171696492304349,171696492313393,171696492314955,171696492320594,171696492320695,265650,93825186940240,4375639744,7,2732,1151,7864
171696500690439,171696500706899,171696500718340,171696500719714,171696500729600,171696500729669,265650,93825186940240,4375639744,7,2732,1151,7865
171696508973311,171696508987418,171696508998715,171696508999722,171696509010581,171696509010662,265650,93825186940240,4375639744,7,2732,1151,7866
171696517363525,171696517377907,171696517389523,171696517390888,171696517394777,171696517394848,265650,93825186940240,4375639744,7,2732,1151,7867
171696525741315,171696525774021,171696525785057,171696525786017,171696525791243,171696525791316,265650,93825186940240,4375639744,7,2732,1151,7868
171696534084254,171696534103076,171696534115399,171696534117300,171696534125799,171696534125893,265650,93825186940240,4375639744,7,2732,1151,7869
171696542391940,171696542408426,171696542420522,171696542422319,171696542430514,171696542430607,265650,93825186940240,4375639744,7,2732,1151,7870
171696550665014,171696550684714,171696550696054,171696550698683,171696550711109,171696550711204,265650,93825186940240,4375639744,7,2732,1151,7871
171696558993237,171696559016087,171696559027235,171696559029650,171696559038641,171696559038712,265650,93825186940240,4375639744,7,2732,1151,7872
171696567273058,171696567291886,171696567302994,171696567305537,171696567314027,171696567314110,265650,93825186940240,4375639744,7,2732,1151,7873
171696575602701,171696575619087,171696575630870,171696575633233,171696575638122,171696575638182,265650,93825186940240,4375639744,7,2732,1151,7874
171696583943482,171696583961604,171696583972836,171696583974908,171696583982336,171696583982390,265650,93825186940240,4375639744,7,2732,1151,7875
171696592271186,171696592286700,171696592297131,171696592299251,171696592307550,171696592307603,265650,93825186940240,4375639744,7,2732,1151,7876
171696600599811,171696600617965,171696600629164,171696600631445,171696600640603,171696600640708,265650,93825186940240,4375639744,7,2732,1151,7877
171696608932803,171696608952387,171696608963560,171696608965516,171696608974116,171696608974211,265650,93825186940240,4375639744,7,2732,1151,7878
171696617294193,171696617309222,171696617321358,171696617323001,171696617329287,171696617329394,265650,93825186940240,4375639744,7,2732,1151,7879
171696625739962,171696625757392,171696625769581,171696625770792,171696625776636,171696625776729,265650,93825186940240,4375639744,7,2732,1151,7880
171696633939480,171696633964913,171696633976069,171696633978755,171696633997689,171696633997777,265650,93825186940240,4375639744,7,2732,1151,7881
171696642276849,171696642293616,171696642305273,171696642307760,171696642316335,171696642316393,265650,93825186940240,4375639744,7,2732,1151,7882
171696650607415,171696650623289,171696650634165,171696650636437,171696650646308,171696650646362,265650,93825186940240,4375639744,7,2732,1151,7883
171696658926087,171696658941370,171696658952438,171696658954199,171696658959635,171696658959677,265650,93825186940240,4375639744,7,2732,1151,7884
171696667263413,171696667279156,171696667290096,171696667291890,171696667297096,171696667297155,265650,93825186940240,4375639744,7,2732,1151,7885
171696675600820,171696675618653,171696675629390,171696675631196,171696675636268,171696675636360,265650,93825186940240,4375639744,7,2732,1151,7886
171696683940769,171696683958679,171696683969841,171696683972157,171696683978205,171696683978266,265650,93825186940240,4375639744,7,2732,1151,7887
171696692274948,171696692292145,171696692303053,171696692304918,171696692309089,171696692309155,265650,93825186940240,4375639744,7,2732,1151,7888
171696700643957,171696700656751,171696700665733,171696700666967,171696700670774,171696700670845,265650,93825186940240,4375639744,7,2732,1151,7889
171696708997197,171696709011443,171696709020980,171696709021998,171696709027339,171696709027446,265650,93825186940240,4375639744,7,2732,1151,7890
171696717306829,171696717318522,171696717327336,171696717328623,171696717334085,171696717334160,265650,93825186940240,4375639744,7,2732,1151,7891
171696725654177,171696725673694,171696725685862,171696725688670,171696725699026,171696725699082,265650,93825186940240,4375639744,7,2732,1151,7892
171696733993441,171696734018690,171696734030609,171696734033351,171696734040183,171696734040242,265650,93825186940240,4375639744,7,2732,1151,7893
171696742267452,171696742284366,171696742295039,171696742297270,171696742302583,171696742302661,265650,93825186940240,4375639744,7,2732,1151,7894
171696750684104,171696750699505,171696750711518,171696750712928,171696750721362,171696750721452,265650,93825186940240,4375639744,7,2732,1151,7895
171696759117266,171696759131147,171696759142931,171696759144203,171696759150735,171696759150837,265650,93825186940240,4375639744,7,2732,1151,7896
171696767280422,171696767294491,171696767305997,171696767307337,171696767316494,171696767316591,265650,93825186940240,4375639744,7,2732,1151,7897
171696775678241,171696775690835,171696775701913,171696775702809,171696775709059,171696775709162,265650,93825186940240,4375639744,7,2732,1151,7898
171696784011646,171696784024319,171696784035550,171696784036331,171696784041419,171696784041500,265650,93825186940240,4375639744,7,2732,1151,7899
171696792380195,171696792405909,171696792416922,171696792417700,171696792422038,171696792422107,265650,93825186940240,4375639744,7,2732,1151,7900
171696800746087,171696800775369,171696800786573,171696800789170,171696800794514,171696800794599,265650,93825186940240,4375639744,7,2732,1151,7901
171696808950626,171696808977242,171696808988428,171696808990569,171696809004891,171696809004980,265650,93825186940240,4375639744,7,2732,1151,7902
171696817314228,171696817331263,171696817342136,171696817344235,171696817350033,171696817350105,265650,93825186940240,4375639744,7,2732,1151,7903
171696825656839,171696825673784,171696825684842,171696825687506,171696825692599,171696825692660,265650,93825186940240,4375639744,7,2732,1151,7904
171696833924564,171696833938573,171696833948954,171696833950555,171696833954828,171696833954909,265650,93825186940240,4375639744,7,2732,1151,7905
171696842294220,171696842309570,171696842319845,171696842330403,171696842336876,171696842337039,265650,93825186940240,4375639744,7,2732,1151,7906
171696850611258,171696850628744,171696850640258,171696850642885,171696850650158,171696850650224,265650,93825186940240,4375639744,7,2732,1151,7907
171696858942587,171696858958537,171696858969522,171696858971556,171696858975934,171696858975997,265650,93825186940240,4375639744,7,2732,1151,7908
171696867263682,171696867278016,171696867288810,171696867290517,171696867294959,171696867295021,265650,93825186940240,4375639744,7,2732,1151,7909
171696875593654,171696875606833,171696875617301,171696875619032,171696875622875,171696875622923,265650,93825186940240,4375639744,7,2732,1151,7910
171696883933302,171696883949784,171696883960498,171696883962245,171696883967865,171696883967931,265650,93825186940240,4375639744,7,2732,1151,7911
171696892264554,171696892279832,171696892290572,171696892292201,171696892296523,171696892296570,265650,93825186940240,4375639744,7,2732,1151,7912
171696900595954,171696900610417,171696900620530,171696900622213,171696900626284,171696900626347,265650,93825186940240,4375639744,7,2732,1151,7913
171696908937548,171696908954623,171696908965163,171696908967122,171696908972531,171696908972598,265650,93825186940240,4375639744,7,2732,1151,7914
171696917270843,171696917287310,171696917298481,171696917300597,171696917305555,171696917305613,265650,93825186940240,4375639744,7,2732,1151,7915
171696925630624,171696925646301,171696925657304,171696925659373,171696925665290,171696925665351,265650,93825186940240,4375639744,7,2732,1151,7916
171696933935096,171696933951943,171696933962785,171696933964592,171696933970640,171696933970708,265650,93825186940240,4375639744,7,2732,1151,7917
171696942270607,171696942287083,171696942298211,171696942300230,171696942305681,171696942305793,265650,93825186940240,4375639744,7,2732,1151,7918
171696950656850,171696950673705,171696950683970,171696950685698,171696950690609,171696950690673,265650,93825186940240,4375639744,7,2732,1151,7919
171696958958231,171696958974745,171696958985664,171696958987391,171696958991693,171696958991756,265650,93825186940240,4375639744,7,2732,1151,7920
171696967275984,171696967292831,171696967303519,171696967305324,171696967309706,171696967309763,265650,93825186940240,4375639744,7,2732,1151,7921
171696975640386,171696975659800,171696975670963,171696975672543,171696975677386,171696975677447,265650,93825186940240,4375639744,7,2732,1151,7922
171696983942233,171696983958697,171696983969747,171696983972011,171696983975837,171696983975906,265650,93825186940240,4375639744,7,2732,1151,7923
171696992281749,171696992298388,171696992309506,171696992311515,171696992317831,171696992317876,265650,93825186940240,4375639744,7,2732,1151,7924
171697000608286,171697000624512,171697000635246,171697000637406,171697000642828,171697000642887,265650,93825186940240,4375639744,7,2732,1151,7925
171697008939466,171697008956049,171697008968300,171697008971467,171697008978127,171697008978173,265650,93825186940240,4375639744,7,2732,1151,7926
171697017272283,171697017287807,171697017298055,171697017299879,171697017304229,171697017304276,265650,93825186940240,4375639744,7,2732,1151,7927
171697025602983,171697025616582,171697025628063,171697025630801,171697025635688,171697025635734,265650,93825186940240,4375639744,7,2732,1151,7928
171697033927038,171697033940272,171697033950541,171697033952108,171697033955524,171697033955581,265650,93825186940240,4375639744,7,2732,1151,7929
171697042265190,171697042280432,171697042291058,171697042292954,171697042297385,171697042297432,265650,93825186940240,4375639744,7,2732,1151,7930
171697050653036,171697050672137,171697050683062,171697050686064,171697050692179,171697050692284,265650,93825186940240,4375639744,7,2732,1151,7931
171697058957090,171697058975501,171697058987675,171697058990556,171697058999798,171697058999911,265650,93825186940240,4375639744,7,2732,1151,7932
171697067284111,171697067302080,171697067313637,171697067315718,171697067324406,171697067324487,265650,93825186940240,4375639744,7,2732,1151,7933
171697075620792,171697075638023,171697075649234,171697075651432,171697075656849,171697075656926,265650,93825186940240,4375639744,7,2732,1151,7934
171697083997926,171697084019072,171697084029801,171697084031592,171697084040755,171697084040843,265650,93825186940240,4375639744,7,2732,1151,7935
171697092283835,171697092299353,171697092309986,171697092311993,171697092320685,171697092320743,265650,93825186940240,4375639744,7,2732,1151,7936
171697100667749,171697100682784,171697100692839,171697100694611,171697100700923,171697100700988,265650,93825186940240,4375639744,7,2732,1151,7937
171697108950610,171697108968128,171697108978808,171697108980651,171697108987236,171697108987300,265650,93825186940240,4375639744,7,2732,1151,7938
171697117287463,171697117305127,171697117316027,171697117317974,171697117324407,171697117324479,265650,93825186940240,4375639744,7,2732,1151,7939
171697125664177,171697125685038,171697125697860,171697125700874,171697125707233,171697125707291,265650,93825186940240,4375639744,7,2732,1151,7940
171697133940491,171697133953470,171697133966011,171697133968737,171697133975622,171697133975687,265650,93825186940240,4375639744,7,2732,1151,7941
171697142299688,171697142317978,171697142329247,171697142331651,171697142339409,171697142339476,265650,93825186940240,4375639744,7,2732,1151,7942
171697150686248,171697150705094,171697150715996,171697150718473,171697150724106,171697150724194,265650,93825186940240,4375639744,7,2732,1151,7943
171697158988813,171697159008949,171697159020387,171697159022652,171697159031934,171697159032013,265650,93825186940240,4375639744,7,2732,1151,7944
171697167292826,171697167310495,171697167321551,171697167324004,171697167333312,171697167333395,265650,93825186940240,4375639744,7,2732,1151,7945
171697175630196,171697175647533,171697175658520,171697175660654,171697175668450,171697175668494,265650,93825186940240,4375639744,7,2732,1151,7946
171697183996648,171697184019084,171697184030615,171697184033514,171697184044156,171697184044239,265650,93825186940240,4375639744,7,2732,1151,7947
171697192317778,171697192337650,171697192349371,171697192351967,171697192362501,171697192362578,265650,93825186940240,4375639744,7,2732,1151,7948
171697200622054,171697200643364,171697200655019,171697200658132,171697200667101,171697200667164,265650,93825186940240,4375639744,7,2732,1151,7949
171697208923617,171697208941934,171697208953542,171697208956087,171697208964637,171697208964732,265650,93825186940240,4375639744,7,2732,1151,7950
171697217306955,171697217324236,171697217335200,171697217337852,171697217348367,171697217348429,265650,93825186940240,4375639744,7,2732,1151,7951
171697225627274,171697225642332,171697225653141,171697225655314,171697225663320,171697225663383,265650,93825186940240,4375639744,7,2732,1151,7952
171697233945173,171697233959661,171697233971056,171697233973064,171697233979139,171697233979203,265650,93825186940240,4375639744,7,2732,1151,7953
171697242302293,171697242321525,171697242333538,171697242336151,171697242345436,171697242345492,265650,93825186940240,4375639744,7,2732,1151,7954
171697250643701,171697250663541,171697250674701,171697250677557,171697250686267,171697250686329,265650,93825186940240,4375639744,7,2732,1151,7955
171697258956127,171697258973882,171697258984848,171697258987323,171697258996742,171697258996805,265650,93825186940240,4375639744,7,2732,1151,7956
171697267295487,171697267313249,171697267324040,171697267326200,171697267331033,171697267331097,265650,93825186940240,4375639744,7,2732,1151,7957
171697275614601,171697275630201,171697275641431,171697275643366,171697275648434,171697275648554,265650,93825186940240,4375639744,7,2732,1151,7958
171697284024590,171697284042054,171697284053643,171697284055687,171697284062208,171697284062294,265650,93825186940240,4375639744,7,2732,1151,7959
171697292283655,171697292298347,171697292309174,171697292311129,171697292318020,171697292318081,265650,93825186940240,4375639744,7,2732,1151,7960
171697300617287,171697300632654,171697300643055,171697300645047,171697300650038,171697300650082,265650,93825186940240,4375639744,7,2732,1151,7961
171697308960768,171697308977524,171697308988050,171697308989684,171697308999987,171697309007803,265650,93825186940240,4375639744,7,2732,1151,7962
171697317302662,171697317319958,171697317330953,171697317333134,171697317338638,171697317338693,265650,93825186940240,4375639744,7,2732,1151,7963
171697325613184,171697325628390,171697325639806,171697325641546,171697325646457,171697325646501,265650,93825186940240,4375639744,7,2732,1151,7964
171697333954921,171697333971296,171697333981902,171697333983368,171697333989513,171697333989576,265650,93825186940240,4375639744,7,2732,1151,7965
171697342283837,171697342301454,171697342313010,171697342315574,171697342320192,171697342320252,265650,93825186940240,4375639744,7,2732,1151,7966
171697350640539,171697350668460,171697350679574,171697350681919,171697350690643,171697350690718,265650,93825186940240,4375639744,7,2732,1151,7967
171697358996904,171697359017036,171697359027970,171697359029852,171697359039067,171697359039125,265650,93825186940240,4375639744,7,2732,1151,7968
171697367290311,171697367307121,171697367317652,171697367319388,171697367326429,171697367326489,265650,93825186940240,4375639744,7,2732,1151,7969
171697375617693,171697375630189,171697375641081,171697375642945,171697375647292,171697375647351,265650,93825186940240,4375639744,7,2732,1151,7970
171697383958879,171697384060266,171697384072756,171697384074693,171697384087312,171697384087377,265650,93825186940240,4375639744,7,2732,1151,7971
171697392296470,171697392313774,171697392324294,171697392326398,171697392330299,171697392330376,265650,93825186940240,4375639744,7,2732,1151,7972
171697400650932,171697400667224,171697400678046,171697400680293,171697400686844,171697400686927,265650,93825186940240,4375639744,7,2732,1151,7973
171697408954475,171697408971131,171697408982441,171697408984526,171697408990432,171697408990492,265650,93825186940240,4375639744,7,2732,1151,7974
171697417315586,171697417336071,171697417347380,171697417350061,171697417358091,171697417358182,265650,93825186940240,4375639744,7,2732,1151,7975
171697425687860,171697425725816,171697425737621,171697425740133,171697425754208,171697425754292,265650,93825186940240,4375639744,7,2732,1151,7976
171697433981802,171697433999289,171697434014235,171697434016655,171697434029334,171697434029435,265650,93825186940240,4375639744,7,2732,1151,7977
171697442298224,171697442316158,171697442327071,171697442329432,171697442334028,171697442334110,265650,93825186940240,4375639744,7,2732,1151,7978
171697450627177,171697450645088,171697450656133,171697450658329,171697450666419,171697450666496,265650,93825186940240,4375639744,7,2732,1151,7979
171697459024058,171697459040990,171697459052045,171697459053987,171697459063422,171697459063494,265650,93825186940240,4375639744,7,2732,1151,7980
171697467298581,171697467313641,171697467324849,171697467327188,171697467334205,171697467334270,265650,93825186940240,4375639744,7,2732,1151,7981
171697475616130,171697475629572,171697475639848,171697475641661,171697475647015,171697475647067,265650,93825186940240,4375639744,7,2732,1151,7982
171697483973565,171697483992757,171697484010789,171697484012828,171697484021261,171697484021358,265650,93825186940240,4375639744,7,2732,1151,7983
171697492347103,171697492361559,171697492372200,171697492374229,171697492381647,171697492381705,265650,93825186940240,4375639744,7,2732,1151,7984
171697500626662,171697500643863,171697500655073,171697500657077,171697500665118,171697500665173,265650,93825186940240,4375639744,7,2732,1151,7985
171697508961072,171697508978421,171697508989258,171697508990872,171697508998315,171697508998372,265650,93825186940240,4375639744,7,2732,1151,7986
171697517296758,171697517315431,171697517326616,171697517328374,171697517334778,171697517334839,265650,93825186940240,4375639744,7,2732,1151,7987
171697525632863,171697525649904,171697525662005,171697525665801,171697525674406,171697525674477,265650,93825186940240,4375639744,7,2732,1151,7988
171697533967801,171697533992160,171697534013392,171697534015508,171697534021456,171697534021520,265650,93825186940240,4375639744,7,2732,1151,7989
171697542293803,171697542311026,171697542322446,171697542325281,171697542334829,171697542334874,265650,93825186940240,4375639744,7,2732,1151,7990
171697550635847,171697550653136,171697550664457,171697550666434,171697550673197,171697550673257,265650,93825186940240,4375639744,7,2732,1151,7991
171697559047788,171697559064455,171697559075452,171697559077257,171697559084527,171697559084571,265650,93825186940240,4375639744,7,2732,1151,7992
171697567316686,171697567334849,171697567345917,171697567348613,171697567355930,171697567356029,265650,93825186940240,4375639744,7,2732,1151,7993
171697575648502,171697575671288,171697575683491,171697575686548,171697575692459,171697575692542,265650,93825186940240,4375639744,7,2732,1151,7994
171697584103337,171697584121679,171697584133428,171697584135490,171697584146456,171697584146548,265650,93825186940240,4375639744,7,2732,1151,7995
171697592320502,171697592335794,171697592348224,171697592349871,171697592355901,171697592355996,265650,93825186940240,4375639744,7,2732,1151,7996
171697600674784,171697600685243,171697600694131,171697600695150,171697600700180,171697600700255,265650,93825186940240,4375639744,7,2732,1151,7997
171697609024801,171697609046755,171697609058397,171697609061196,171697609067583,171697609067679,265650,93825186940240,4375639744,7,2732,1151,7998
171697617328888,171697617351986,171697617364698,171697617367923,171697617377112,171697617377176,265650,93825186940240,4375639744,7,2732,1151,7999
171697625622715,171697625638083,171697625648623,171697625650446,171697625656466,171697625656514,265650,93825186940240,4375639744,7,2732,1151,8000
171697633997777,171697634024054,171697634036205,171697634038192,171697634045010,171697634045078,265650,93825186940240,4375639744,7,2732,1151,8001
171697642301763,171697642320314,171697642331988,171697642334140,171697642344065,171697642344152,265650,93825186940240,4375639744,7,2732,1151,8002
171697650640322,171697650658929,171697650671264,171697650674116,171697650687066,171697650687140,265650,93825186940240,4375639744,7,2732,1151,8003
171697658984729,171697659014040,171697659025919,171697659028355,171697659040519,171697659040575,265650,93825186940240,4375639744,7,2732,1151,8004
171697667301038,171697667318766,171697667329874,171697667331892,171697667338265,171697667338320,265650,93825186940240,4375639744,7,2732,1151,8005
171697675654432,171697675670469,171697675681218,171697675683154,171697675689039,171697675689099,265650,93825186940240,4375639744,7,2732,1151,8006
171697683960505,171697683976480,171697683988118,171697683989945,171697683994969,171697683995011,265650,93825186940240,4375639744,7,2732,1151,8007
171697692288990,171697692303187,171697692313454,171697692315031,171697692321023,171697692321084,265650,93825186940240,4375639744,7,2732,1151,8008
171697700633000,171697700650379,171697700661956,171697700664442,171697700670840,171697700670924,265650,93825186940240,4375639744,7,2732,1151,8009
171697708954599,171697708968938,171697708979932,171697708981791,171697708986712,171697708986786,265650,93825186940240,4375639744,7,2732,1151,8010
171697717308648,171697717324860,171697717335560,171697717337237,171697717343964,171697717344023,265650,93825186940240,4375639744,7,2732,1151,8011
171697725637323,171697725652672,171697725663267,171697725665334,171697725671674,171697725671739,265650,93825186940240,4375639744,7,2732,1151,8012
171697734018534,171697734040380,171697734051621,171697734053301,171697734059976,171697734060018,265650,93825186940240,4375639744,7,2732,1151,8013
171697742303073,171697742320671,171697742332563,171697742335081,171697742347851,171697742347914,265650,93825186940240,4375639744,7,2732,1151,8014
171697750634708,171697750651607,171697750662171,171697750663903,171697750674008,171697750674070,265650,93825186940240,4375639744,7,2732,1151,8015
171697758967709,171697758983980,171697758995027,171697758996799,171697759009746,171697759009820,265650,93825186940240,4375639744,7,2732,1151,8016
171697767320468,171697767338982,171697767350283,171697767352430,171697767362451,171697767362536,265650,93825186940240,4375639744,7,2732,1151,8017
171697775632507,171697775655157,171697775666896,171697775669887,171697775681007,171697775681091,265650,93825186940240,4375639744,7,2732,1151,8018
171697783972866,171697783991235,171697784005668,171697784007429,171697784016930,171697784017027,265650,93825186940240,4375639744,7,2732,1151,8019
171697792306017,171697792323611,171697792334293,171697792336088,171697792346171,171697792346241,265650,93825186940240,4375639744,7,2732,1151,8020
171697800672962,171697800691137,171697800701633,171697800703775,171697800715224,171697800715286,265650,93825186940240,4375639744,7,2732,1151,8021
171697808977266,171697808999018,171697809025168,171697809027950,171697809039435,171697809039495,265650,93825186940240,4375639744,7,2732,1151,8022
171697817327078,171697817349616,171697817362005,171697817365046,171697817378887,171697817378967,265650,93825186940240,4375639744,7,2732,1151,8023
171697825641684,171697825659055,171697825669904,171697825671965,171697825679694,171697825679756,265650,93825186940240,4375639744,7,2732,1151,8024
171697833977563,171697833995500,171697834011859,171697834014065,171697834019442,171697834019500,265650,93825186940240,4375639744,7,2732,1151,8025
171697842289957,171697842306014,171697842316687,171697842318590,171697842326734,171697842326801,265650,93825186940240,4375639744,7,2732,1151,8026
171697850658274,171697850676534,171697850687805,171697850689972,171697850698104,171697850698190,265650,93825186940240,4375639744,7,2732,1151,8027
171697859037858,171697859054608,171697859065855,171697859067784,171697859075206,171697859075290,265650,93825186940240,4375639744,7,2732,1151,8028
171697867311545,171697867327179,171697867338385,171697867340481,171697867349541,171697867349610,265650,93825186940240,4375639744,7,2732,1151,8029
171697875633349,171697875650116,171697875660627,171697875662328,171697875669904,171697875669967,265650,93825186940240,4375639744,7,2732,1151,8030
171697883974270,171697883991606,171697884007358,171697884009042,171697884015774,171697884015842,265650,93825186940240,4375639744,7,2732,1151,8031
171697892319809,171697892339760,171697892351242,171697892353647,171697892364679,171697892364725,265650,93825186940240,4375639744,7,2732,1151,8032
171697900649584,171697900668121,171697900679466,171697900681517,171697900688698,171697900688754,265650,93825186940240,4375639744,7,2732,1151,8033
171697908972370,171697908993982,171697909011241,171697909013599,171697909023081,171697909023135,265650,93825186940240,4375639744,7,2732,1151,8034
171697917305998,171697917322675,171697917333584,171697917335314,171697917342506,171697917342578,265650,93825186940240,4375639744,7,2732,1151,8035
171697925642322,171697925658807,171697925669256,171697925670913,171697925678929,171697925678995,265650,93825186940240,4375639744,7,2732,1151,8036
171697933968327,171697933984551,171697933997350,171697934003874,171697934013272,171697934013621,265650,93825186940240,4375639744,7,2732,1151,8037
171697942304209,171697942325229,171697942336790,171697942339129,171697942349963,171697942350026,265650,93825186940240,4375639744,7,2732,1151,8038
171697950635498,171697950651821,171697950662470,171697950664097,171697950670826,171697950670892,265650,93825186940240,4375639744,7,2732,1151,8039
171697958978097,171697958994269,171697959008879,171697959010637,171697959020898,171697959020956,265650,93825186940240,4375639744,7,2732,1151,8040
171697967306779,171697967323128,171697967333596,171697967335185,171697967342326,171697967342389,265650,93825186940240,4375639744,7,2732,1151,8041
171697975647596,171697975662091,171697975673467,171697975675758,171697975687847,171697975687895,265650,93825186940240,4375639744,7,2732,1151,8042
171697983979206,171697983996480,171697984010539,171697984012353,171697984022506,171697984022564,265650,93825186940240,4375639744,7,2732,1151,8043
171697992314211,171697992329701,171697992340358,171697992342275,171697992348986,171697992349046,265650,93825186940240,4375639744,7,2732,1151,8044
171698000649778,171698000667249,171698000677945,171698000680217,171698000688122,171698000688180,265650,93825186940240,4375639744,7,2732,1151,8045
171698008996818,171698009023475,171698009035345,171698009037157,171698009044026,171698009044084,265650,93825186940240,4375639744,7,2732,1151,8046
171698017312828,171698017329118,171698017339667,171698017341292,171698017347666,171698017347713,265650,93825186940240,4375639744,7,2732,1151,8047
171698025649003,171698025666965,171698025677829,171698025679794,171698025686710,171698025686759,265650,93825186940240,4375639744,7,2732,1151,8048
171698033980229,171698033997319,171698034011857,171698034013804,171698034020903,171698034020947,265650,93825186940240,4375639744,7,2732,1151,8049
171698042321516,171698042339026,171698042349970,171698042353642,171698042360602,171698042360645,265650,93825186940240,4375639744,7,2732,1151,8050
171698050639716,171698050656315,171698050667466,171698050669357,171698050674434,171698050674496,265650,93825186940240,4375639744,7,2732,1151,8051
171698058993100,171698059013416,171698059024460,171698059026464,171698059034572,171698059034631,265650,93825186940240,4375639744,7,2732,1151,8052
171698067322462,171698067340443,171698067351261,171698067353290,171698067360607,171698067360661,265650,93825186940240,4375639744,7,2732,1151,8053
171698075643320,171698075661570,171698075672388,171698075674218,171698075680917,171698075680964,265650,93825186940240,4375639744,7,2732,1151,8054
171698083975149,171698083991899,171698084007333,171698084010108,171698084019912,171698084019965,265650,93825186940240,4375639744,7,2732,1151,8055
171698092309750,171698092327241,171698092338992,171698092341670,171698092347653,171698092347706,265650,93825186940240,4375639744,7,2732,1151,8056
171698100642523,171698100659798,171698100670971,171698100672568,171698100678024,171698100678087,265650,93825186940240,4375639744,7,2732,1151,8057
171698108979370,171698108997618,171698109015518,171698109017372,171698109025258,171698109025324,265650,93825186940240,4375639744,7,2732,1151,8058
171698117366619,171698117387146,171698117398439,171698117401179,171698117417433,171698117417502,265650,93825186940240,4375639744,7,2732,1151,8059
171698125676888,171698125696119,171698125707626,171698125710381,171698125720299,171698125720378,265650,93825186940240,4375639744,7,2732,1151,8060
171698134061328,171698134083995,171698134095700,171698134098554,171698134108438,171698134108541,265650,93825186940240,4375639744,7,2732,1151,8061
171698142445811,171698142460618,171698142469969,171698142472113,171698142476887,171698142476953,265650,93825186940240,4375639744,7,2732,1151,8062
171698150689634,171698150701611,171698150710343,171698150712021,171698150719453,171698150719517,265650,93825186940240,4375639744,7,2732,1151,8063
171698159101353,171698159118156,171698159130244,171698159132591,171698159142252,171698159142345,265650,93825186940240,4375639744,7,2732,1151,8064
171698167377049,171698167392684,171698167404412,171698167406490,171698167414126,171698167414218,265650,93825186940240,4375639744,7,2732,1151,8065
171698175757485,171698175852953,171698175875442,171698175877414,171698175883763,171698175883860,265650,93825186940240,4375639744,7,2732,1151,8066
171698184093197,171698184107276,171698184118519,171698184119981,171698184126524,171698184126621,265650,93825186940240,4375639744,7,2732,1151,8067
171698192312874,171698192326448,171698192337884,171698192339091,171698192344315,171698192344407,265650,93825186940240,4375639744,7,2732,1151,8068
171698200730752,171698200748900,171698200760363,171698200762926,171698200772026,171698200772117,265650,93825186940240,4375639744,7,2732,1151,8069
171698209037172,171698209051266,171698209061830,171698209063363,171698209069141,171698209069200,265650,93825186940240,4375639744,7,2732,1151,8070
171698217308532,171698217325803,171698217336724,171698217338733,171698217342788,171698217342848,265650,93825186940240,4375639744,7,2732,1151,8071
171698225636487,171698225649744,171698225660338,171698225662027,171698225668003,171698225668065,265650,93825186940240,4375639744,7,2732,1151,8072
171698234009251,171698234027546,171698234039411,171698234041463,171698234048401,171698234048488,265650,93825186940240,4375639744,7,2732,1151,8073
171698242315220,171698242335005,171698242347348,171698242350242,171698242361554,171698242361617,265650,93825186940240,4375639744,7,2732,1151,8074
171698250648862,171698250666290,171698250677800,171698250680051,171698250687646,171698250687705,265650,93825186940240,4375639744,7,2732,1151,8075
171698258988436,171698259014627,171698259026405,171698259029243,171698259035791,171698259035850,265650,93825186940240,4375639744,7,2732,1151,8076
171698267322171,171698267335350,171698267346940,171698267348918,171698267355102,171698267355166,265650,93825186940240,4375639744,7,2732,1151,8077
171698275667924,171698275686132,171698275697227,171698275699290,171698275705849,171698275705924,265650,93825186940240,4375639744,7,2732,1151,8078
171698284014521,171698284030307,171698284041770,171698284043857,171698284050523,171698284050587,265650,93825186940240,4375639744,7,2732,1151,8079
171698292330441,171698292352681,171698292364186,171698292367011,171698292377380,171698292377450,265650,93825186940240,4375639744,7,2732,1151,8080
171698300660647,171698300678353,171698300689662,171698300691737,171698300698985,171698300699042,265650,93825186940240,4375639744,7,2732,1151,8081
171698308990521,171698309011417,171698309022373,171698309024512,171698309031618,171698309031679,265650,93825186940240,4375639744,7,2732,1151,8082
171698317322207,171698317339110,171698317350472,171698317352529,171698317360191,171698317360257,265650,93825186940240,4375639744,7,2732,1151,8083
171698325637281,171698325650505,171698325661285,171698325662737,171698325670089,171698325670148,265650,93825186940240,4375639744,7,2732,1151,8084
171698334136229,171698334153252,171698334164910,171698334166326,171698334171222,171698334171312,265650,93825186940240,4375639744,7,2732,1151,8085
171698342340811,171698342350016,171698342357799,171698342358531,171698342362400,171698342362465,265650,93825186940240,4375639744,7,2732,1151,8086
171698350646477,171698350656356,171698350664475,171698350665252,171698350669569,171698350669635,265650,93825186940240,4375639744,7,2732,1151,8087
171698359130618,171698359145314,171698359156596,171698359157825,171698359171944,171698359172031,265650,93825186940240,4375639744,7,2732,1151,8088
171698367392591,171698367406406,171698367417843,171698367419060,171698367423795,171698367423887,265650,93825186940240,4375639744,7,2732,1151,8089
171698375758830,171698375771479,171698375782603,171698375783652,171698375790375,171698375790477,265650,93825186940240,4375639744,7,2732,1151,8090
171698384110400,171698384122851,171698384133707,171698384134590,171698384138937,171698384139032,265650,93825186940240,4375639744,7,2732,1151,8091
171698392315824,171698392328437,171698392339239,171698392340008,171698392345001,171698392345089,265650,93825186940240,4375639744,7,2732,1151,8092
171698400735655,171698400775147,171698400786060,171698400786981,171698400792803,171698400792887,265650,93825186940240,4375639744,7,2732,1151,8093
171698409151022,171698409164327,171698409175205,171698409176358,171698409181631,171698409181707,265650,93825186940240,4375639744,7,2732,1151,8094
171698417327092,171698417337384,171698417345769,171698417346849,171698417352696,171698417352752,265650,93825186940240,4375639744,7,2732,1151,8095
171698425788118,171698425813801,171698425824781,171698425825672,171698425832823,171698425832892,265650,93825186940240,4375639744,7,2732,1151,8096
171698434106746,171698434158894,171698434169950,171698434170987,171698434175902,171698434175974,265650,93825186940240,4375639744,7,2732,1151,8097
171698442316438,171698442325370,171698442333427,171698442334083,171698442338324,171698442338374,265650,93825186940240,4375639744,7,2732,1151,8098
171698450742468,171698450755022,171698450765866,171698450766778,171698450773340,171698450773406,265650,93825186940240,4375639744,7,2732,1151,8099
171698459065377,171698459077901,171698459088904,171698459089597,171698459094730,171698459094801,265650,93825186940240,4375639744,7,2732,1151,8100
171698467357849,171698467371575,171698467382561,171698467383262,171698467389596,171698467389665,265650,93825186940240,4375639744,7,2732,1151,8101
171698475731504,171698475743934,171698475754869,171698475755663,171698475760252,171698475760324,265650,93825186940240,4375639744,7,2732,1151,8102
171698484105312,171698484118352,171698484129696,171698484130655,171698484135577,171698484135656,265650,93825186940240,4375639744,7,2732,1151,8103
171698492456896,171698492528265,171698492539399,171698492540309,171698492545640,171698492545718,265650,93825186940240,4375639744,7,2732,1151,8104
171698500739704,171698500753151,171698500764287,171698500765415,171698500771062,171698500771178,265650,93825186940240,4375639744,7,2732,1151,8105
171698509103306,171698509195562,171698509206815,171698509207859,171698509212791,171698509212871,265650,93825186940240,4375639744,7,2732,1151,8106
171698517342870,171698517361523,171698517372639,171698517375160,171698517384995,171698517385075,265650,93825186940240,4375639744,7,2732,1151,8107
171698525670850,171698525690014,171698525701318,171698525703491,171698525712798,171698525712891,265650,93825186940240,4375639744,7,2732,1151,8108
171698533987883,171698534007294,171698534018024,171698534019857,171698534027655,171698534027710,265650,93825186940240,4375639744,7,2732,1151,8109
171698542318404,171698542331518,171698542341998,171698542343585,171698542350927,171698542350998,265650,93825186940240,4375639744,7,2732,1151,8110
171698550675669,171698550692534,171698550703246,171698550705183,171698550717628,171698550717695,265650,93825186940240,4375639744,7,2732,1151,8111
171698559067659,171698559082081,171698559093587,171698559096024,171698559103531,171698559103591,265650,93825186940240,4375639744,7,2732,1151,8112
171698567336712,171698567353831,171698567365147,171698567367057,171698567377707,171698567377775,265650,93825186940240,4375639744,7,2732,1151,8113
171698575682205,171698575698607,171698575711320,171698575714359,171698575726104,171698575726164,265650,93825186940240,4375639744,7,2732,1151,8114
171698584023256,171698584041864,171698584052659,171698584054908,171698584063752,171698584063817,265650,93825186940240,4375639744,7,2732,1151,8115
171698592326560,171698592340512,171698592350989,171698592353073,171698592360576,171698592360642,265650,93825186940240,4375639744,7,2732,1151,8116
