start,geometry,clip,blit,flush,end,hwnd,surface,thread,outcome,width,height,commit
171668125789612,171668125808101,171668125819898,171668125823113,171668125838579,171668125838627,265650,93825186940240,4375639744,7,2732,1151,4724
171668134089281,171668134108922,171668134121811,171668134125317,171668134136887,171668134136944,265650,93825186940240,4375639744,7,2732,1151,4725
171668142444471,171668142464145,171668142476046,171668142478865,171668142494441,171668142494517,265650,93825186940240,4375639744,7,2732,1151,4726
171668150795158,171668150812424,171668150823545,171668150825603,171668150832427,171668150832477,265650,93825186940240,4375639744,7,2732,1151,4727
171668159067278,171668159083708,171668159094655,171668159096734,171668159103511,171668159103580,265650,93825186940240,4375639744,7,2732,1151,4728
171668167425752,171668167470579,171668167500780,171668167502575,171668167510880,171668167510941,265650,93825186940240,4375639744,7,2732,1151,4729
171668175809215,171668175836555,171668175857434,171668175860762,171668175869989,171668175870058,265650,93825186940240,4375639744,7,2732,1151,4730
171668184063446,171668184077477,171668184090121,171668184092579,171668184103378,171668184103432,265650,93825186940240,4375639744,7,2732,1151,4731
171668192431807,171668192471868,171668192504486,171668192506755,171668192513479,171668192513521,265650,93825186940240,4375639744,7,2732,1151,4732
171668200802835,171668200853325,171668200871116,171668200873010,171668200880901,171668200880969,265650,93825186940240,4375639744,7,2732,1151,4733
171668209065217,171668209082095,171668209093404,171668209095204,171668209115360,171668209115426,265650,93825186940240,4375639744,7,2732,1151,4734
171668217516684,171668217577974,171668217592755,171668217594241,171668217599250,171668217599334,265650,93825186940240,4375639744,7,2732,1151,4735
171668225855773,171668225867843,171668225878612,171668225879660,171668225885768,171668225885844,265650,93825186940240,4375639744,7,2732,1151,4736
171668234135899,171668234211285,171668234231320,171668234232149,171668234236307,171668234236384,265650,93825186940240,4375639744,7,2732,1151,4737
171668242442387,171668242452669,171668242461588,171668242462812,171668242469337,171668242469399,265650,93825186940240,4375639744,7,2732,1151,4738
171668250831960,171668250841654,171668250849559,171668250850175,171668250855507,171668250855561,265650,93825186940240,4375639744,7,2732,1151,4739
171668259062325,171668259074057,171668259084103,171668259084950,171668259089720,171668259089788,265650,93825186940240,4375639744,7,2732,1151,4740
171668267408159,171668267419861,171668267430122,171668267430779,171668267435201,171668267435273,265650,93825186940240,4375639744,7,2732,1151,4741
171668275736870,171668275747068,171668275755802,171668275756384,171668275761380,171668275761443,265650,93825186940240,4375639744,7,2732,1151,4742
171668284094820,171668284113254,171668284124912,171668284127448,171668284135963,171668284136052,265650,93825186940240,4375639744,7,2732,1151,4743
171668292417961,171668292436456,171668292448333,171668292450525,171668292458731,171668292458794,265650,93825186940240,4375639744,7,2732,1151,4744
171668300807501,171668300825435,171668300836510,171668300838762,171668300849904,171668300850016,265650,93825186940240,4375639744,7,2732,1151,4745
171668309078685,171668309095831,171668309106935,171668309108921,171668309117434,171668309117513,265650,93825186940240,4375639744,7,2732,1151,4746
171668317408104,171668317425740,171668317436775,171668317438875,171668317448856,171668317448941,265650,93825186940240,4375639744,7,2732,1151,4747
171668325752411,171668325767831,171668325778782,171668325780627,171668325788253,171668325788319,265650,93825186940240,4375639744,7,2732,1151,4748
171668334083048,171668334099740,171668334110305,171668334113632,171668334122246,171668334122305,265650,93825186940240,4375639744,7,2732,1151,4749
171668342494875,171668342518466,171668342529499,171668342531439,171668342539812,171668342539870,265650,93825186940240,4375639744,7,2732,1151,4750
171668350819040,171668350840108,171668350851534,171668350854178,171668350866178,171668350866236,265650,93825186940240,4375639744,7,2732,1151,4751
171668359083657,171668359102292,171668359113941,171668359116065,171668359125848,171668359125945,265650,93825186940240,4375639744,7,2732,1151,4752
171668367442277,171668367463962,171668367474453,171668367476419,171668367484492,171668367484564,265650,93825186940240,4375639744,7,2732,1151,4753
171668375805461,171668375821924,171668375832408,171668375834160,171668375841377,171668375841443,265650,93825186940240,4375639744,7,2732,1151,4754
171668384111325,171668384127868,171668384139020,171668384140753,171668384146742,171668384146833,265650,93825186940240,4375639744,7,2732,1151,4755
171668392436236,171668392452105,171668392462149,171668392464155,171668392471806,171668392471877,265650,93825186940240,4375639744,7,2732,1151,4756
171668400764082,171668400800857,171668400810580,171668400812071,171668400815793,171668400815872,265650,93825186940240,4375639744,7,2732,1151,4757
171668409112194,171668409135855,171668409152146,171668409155076,171668409158953,171668409159027,265650,93825186940240,4375639744,7,2732,1151,4758
171668417448504,171668417468719,171668417480746,171668417483269,171668417491100,171668417491145,265650,93825186940240,4375639744,7,2732,1151,4759
171668425793010,171668425813871,171668425825669,171668425828570,171668425840209,171668425840283,265650,93825186940240,4375639744,7,2732,1151,4760
171668434080002,171668434104180,171668434128641,171668434130517,171668434141801,171668434141869,265650,93825186940240,4375639744,7,2732,1151,4761
171668442445250,171668442460567,171668442472212,171668442473860,171668442476560,171668442476634,265650,93825186940240,4375639744,7,2732,1151,4762
171668450817699,171668450834220,171668450845731,171668450847938,171668450859160,171668450859260,265650,93825186940240,4375639744,7,2732,1151,4763
171668459055832,171668459068143,171668459078483,171668459080607,171668459087699,171668459087771,265650,93825186940240,4375639744,7,2732,1151,4764
171668467418097,171668467433528,171668467444176,171668467446165,171668467454940,171668467454996,265650,93825186940240,4375639744,7,2732,1151,4765
171668475801770,171668475817647,171668475828296,171668475830778,171668475841560,171668475841788,265650,93825186940240,4375639744,7,2732,1151,4766
171668484097238,171668484112566,171668484124045,171668484125749,171668484134280,171668484134344,265650,93825186940240,4375639744,7,2732,1151,4767
171668492467126,171668492482291,171668492493122,171668492495150,171668492504301,171668492504358,265650,93825186940240,4375639744,7,2732,1151,4768
171668500780911,171668500799035,171668500809817,171668500811523,171668500818705,171668500818774,265650,93825186940240,4375639744,7,2732,1151,4769
171668509071436,171668509091078,171668509102172,171668509104206,171668509112611,171668509112686,265650,93825186940240,4375639744,7,2732,1151,4770
171668517409120,171668517427391,171668517438012,171668517439846,171668517448454,171668517448559,265650,93825186940240,4375639744,7,2732,1151,4771
171668525803955,171668525816955,171668525827598,171668525829312,171668525834810,171668525834878,265650,93825186940240,4375639744,7,2732,1151,4772
171668534111207,171668534134153,171668534145877,171668534148641,171668534158698,171668534158753,265650,93825186940240,4375639744,7,2732,1151,4773
171668542434041,171668542452115,171668542463202,171668542465152,171668542472889,171668542472948,265650,93825186940240,4375639744,7,2732,1151,4774
171668550761793,171668550779333,171668550790100,171668550792107,171668550798755,171668550798836,265650,93825186940240,4375639744,7,2732,1151,4775
171668559130791,171668559153950,171668559166017,171668559168815,171668559181763,171668559181855,265650,93825186940240,4375639744,7,2732,1151,4776
171668567437433,171668567454867,171668567466119,171668567468124,171668567478045,171668567478106,265650,93825186940240,4375639744,7,2732,1151,4777
171668575814177,171668575834445,171668575844994,171668575847231,171668575857393,171668575857457,265650,93825186940240,4375639744,7,2732,1151,4778
171668584120001,171668584137287,171668584148429,171668584150708,171668584160380,171668584160444,265650,93825186940240,4375639744,7,2732,1151,4779
171668592436219,171668592452290,171668592463136,171668592465007,171668592475726,171668592475791,265650,93825186940240,4375639744,7,2732,1151,4780
171668600767575,171668600783925,171668600794818,171668600796603,171668600809241,171668600809336,265650,93825186940240,4375639744,7,2732,1151,4781
171668609064070,171668609079007,171668609090760,171668609093198,171668609103651,171668609103740,265650,93825186940240,4375639744,7,2732,1151,4782
171668617471370,171668617493600,171668617505593,171668617508319,171668617523694,171668617523783,265650,93825186940240,4375639744,7,2732,1151,4783
171668625762270,171668625778344,171668625789221,171668625791373,171668625802348,171668625802421,265650,93825186940240,4375639744,7,2732,1151,4784
171668634079067,171668634095128,171668634106528,171668634108921,171668634118466,171668634118511,265650,93825186940240,4375639744,7,2732,1151,4785
171668642491137,171668642518289,171668642530990,171668642534857,171668642547520,171668642547610,265650,93825186940240,4375639744,7,2732,1151,4786
171668650815776,171668650832503,171668650843482,171668650845341,171668650857244,171668650857289,265650,93825186940240,4375639744,7,2732,1151,4787
171668659054756,171668659068781,171668659079958,171668659081862,171668659089211,171668659089263,265650,93825186940240,4375639744,7,2732,1151,4788
171668667442471,171668667458358,171668667469398,171668667471148,171668667478617,171668667478674,265650,93825186940240,4375639744,7,2732,1151,4789
171668675855284,171668675879146,171668675890899,171668675893974,171668675911646,171668675911710,265650,93825186940240,4375639744,7,2732,1151,4790
171668684059395,171668684076983,171668684088200,171668684090105,171668684096563,171668684096613,265650,93825186940240,4375639744,7,2732,1151,4791
171668692460612,171668692477744,171668692488950,171668692490718,171668692497786,171668692497847,265650,93825186940240,4375639744,7,2732,1151,4792
171668700816510,171668700833695,171668700844088,171668700845861,171668700854691,171668700854751,265650,93825186940240,4375639744,7,2732,1151,4793
171668709066772,171668709084511,171668709095867,171668709098296,171668709106996,171668709107063,265650,93825186940240,4375639744,7,2732,1151,4794
171668717446330,171668717464360,171668717476261,171668717478757,171668717485624,171668717485724,265650,93825186940240,4375639744,7,2732,1151,4795
171668725782740,171668725798593,171668725811585,171668725814156,171668725819272,171668725819342,265650,93825186940240,4375639744,7,2732,1151,4796
171668734100407,171668734117979,171668734128760,171668734130609,171668734137348,171668734137414,265650,93825186940240,4375639744,7,2732,1151,4797
171668742441077,171668742458024,171668742468852,171668742470712,171668742479501,171668742479578,265650,93825186940240,4375639744,7,2732,1151,4798
171668750807755,171668750825511,171668750836551,171668750838544,171668750848011,171668750848230,265650,93825186940240,4375639744,7,2732,1151,4799
171668759050772,171668759064865,171668759075817,171668759077463,171668759082803,171668759082877,265650,93825186940240,4375639744,7,2732,1151,4800
171668767448514,171668767465899,171668767476691,171668767478787,171668767488972,171668767489053,265650,93825186940240,4375639744,7,2732,1151,4801
171668775874999,171668775893303,171668775904850,171668775906923,171668775920412,171668775920497,265650,93825186940240,4375639744,7,2732,1151,4802
171668784202598,171668784223686,171668784235649,171668784238099,171668784250041,171668784250129,265650,93825186940240,4375639744,7,2732,1151,4803
171668792486249,171668792502459,171668792513733,171668792515869,171668792523237,171668792523310,265650,93825186940240,4375639744,7,2732,1151,4804
171668800788908,171668800807664,171668800818686,171668800820909,171668800830164,171668800830258,265650,93825186940240,4375639744,7,2732,1151,4805
171668809089329,171668809106209,171668809117255,171668809119432,171668809127049,171668809127129,265650,93825186940240,4375639744,7,2732,1151,4806
171668817446620,171668817465862,171668817476983,171668817479133,171668817487852,171668817487931,265650,93825186940240,4375639744,7,2732,1151,4807
171668825796417,171668825817435,171668825829063,171668825832156,171668825843665,171668825843745,265650,93825186940240,4375639744,7,2732,1151,4808
171668834115679,171668834132569,171668834143502,171668834145382,171668834151489,171668834151538,265650,93825186940240,4375639744,7,2732,1151,4809
171668842442488,171668842459330,171668842470450,171668842472571,171668842480513,171668842480565,265650,93825186940240,4375639744,7,2732,1151,4810
171668850789610,171668850806806,171668850817910,171668850819903,171668850828147,171668850828206,265650,93825186940240,4375639744,7,2732,1151,4811
171668859120292,171668859137337,171668859148102,171668859150030,171668859160933,171668859161006,265650,93825186940240,4375639744,7,2732,1151,4812
171668867480441,171668867496490,171668867507421,171668867509189,171668867519864,171668867519927,265650,93825186940240,4375639744,7,2732,1151,4813
171668875781628,171668875797402,171668875808722,171668875810953,171668875818339,171668875818399,265650,93825186940240,4375639744,7,2732,1151,4814
171668884119159,171668884135730,171668884147105,171668884149150,171668884157737,171668884157824,265650,93825186940240,4375639744,7,2732,1151,4815
171668892491363,171668892506864,171668892518063,171668892519959,171668892531270,171668892531330,265650,93825186940240,4375639744,7,2732,1151,4816
171668900808548,171668900824823,171668900835592,171668900837499,171668900843200,171668900843251,265650,93825186940240,4375639744,7,2732,1151,4817
171668909105400,171668909119477,171668909131164,171668909133250,171668909139586,171668909139649,265650,93825186940240,4375639744,7,2732,1151,4818
171668917448408,171668917465673,171668917476593,171668917478623,171668917486929,171668917487001,265650,93825186940240,4375639744,7,2732,1151,4819
171668925839826,171668925857248,171668925868710,171668925871121,171668925881136,171668925881193,265650,93825186940240,4375639744,7,2732,1151,4820
171668934110719,171668934126274,171668934137260,171668934139233,171668934145353,171668934145401,265650,93825186940240,4375639744,7,2732,1151,4821
171668942442993,171668942459407,171668942470047,171668942472170,171668942479047,171668942479099,265650,93825186940240,4375639744,7,2732,1151,4822
171668950778845,171668950795595,171668950806741,171668950808691,171668950815938,171668950815983,265650,93825186940240,4375639744,7,2732,1151,4823
171668959101971,171668959115658,171668959126348,171668959128343,171668959134537,171668959134589,265650,93825186940240,4375639744,7,2732,1151,4824
171668967444784,171668967462154,171668967472836,171668967474624,171668967480629,171668967480698,265650,93825186940240,4375639744,7,2732,1151,4825
171668975783053,171668975799356,171668975810568,171668975812375,171668975820332,171668975820383,265650,93825186940240,4375639744,7,2732,1151,4826
171668984125984,171668984142740,171668984154456,171668984156811,171668984165004,171668984165078,265650,93825186940240,4375639744,7,2732,1151,4827
171668992467062,171668992480989,171668992491712,171668992493445,171668992498975,171668992499029,265650,93825186940240,4375639744,7,2732,1151,4828
171669000821441,171669000838844,171669000849803,171669000851587,171669000858317,171669000858361,265650,93825186940240,4375639744,7,2732,1151,4829
171669009126454,171669009142555,171669009153782,171669009156061,171669009163834,171669009163899,265650,93825186940240,4375639744,7,2732,1151,4830
171669017449913,171669017467532,171669017478810,171669017480813,171669017488080,171669017488157,265650,93825186940240,4375639744,7,2732,1151,4831
171669025776247,171669025792592,171669025803498,171669025805033,171669025811889,171669025811933,265650,93825186940240,4375639744,7,2732,1151,4832
171669034130689,171669034146538,171669034157328,171669034158953,171669034166451,171669034166508,265650,93825186940240,4375639744,7,2732,1151,4833
171669042490230,171669042507057,171669042517606,171669042519523,171669042523973,171669042524017,265650,93825186940240,4375639744,7,2732,1151,4834
171669050800635,171669050848366,171669050859632,171669050862171,171669050870354,171669050870448,265650,93825186940240,4375639744,7,2732,1151,4835
171669059115698,171669059133606,171669059144201,171669059146027,171669059153007,171669059153078,265650,93825186940240,4375639744,7,2732,1151,4836
171669067442988,171669067455981,171669067466618,171669067468401,171669067475196,171669067475265,265650,93825186940240,4375639744,7,2732,1151,4837
171669075786671,171669075803190,171669075815977,171669075819292,171669075826374,171669075826439,265650,93825186940240,4375639744,7,2732,1151,4838
171669084115093,171669084132221,171669084143088,171669084144949,171669084152495,171669084152568,265650,93825186940240,4375639744,7,2732,1151,4839
171669092499046,171669092516344,171669092527548,171669092529827,171669092538996,171669092539069,265650,93825186940240,4375639744,7,2732,1151,4840
171669100790144,171669100805143,171669100816181,171669100818230,171669100824134,171669100824232,265650,93825186940240,4375639744,7,2732,1151,4841
171669109125895,171669109143268,171669109154057,171669109156078,171669109163914,171669109163984,265650,93825186940240,4375639744,7,2732,1151,4842
171669117447314,171669117463091,171669117473809,171669117475637,171669117480698,171669117480781,265650,93825186940240,4375639744,7,2732,1151,4843
171669125801650,171669125818028,171669125829079,171669125831065,171669125838084,171669125838147,265650,93825186940240,4375639744,7,2732,1151,4844
171669134122373,171669134139831,171669134151524,171669134153484,171669134161062,171669134161122,265650,93825186940240,4375639744,7,2732,1151,4845
171669142609650,171669142624613,171669142636132,171669142637671,171669142643330,171669142643424,265650,93825186940240,4375639744,7,2732,1151,4846
171669150842831,171669150852383,171669150860875,171669150862184,171669150866687,171669150866832,265650,93825186940240,4375639744,7,2732,1151,4847
171669159248347,171669159309192,171669159319888,171669159320904,171669159325963,171669159326050,265650,93825186940240,4375639744,7,2732,1151,4848
171669167512251,171669167523771,171669167531749,171669167532365,171669167537522,171669167537580,265650,93825186940240,4375639744,7,2732,1151,4849
171669175885921,171669175949749,171669175960688,171669175961559,171669175966959,171669175967042,265650,93825186940240,4375639744,7,2732,1151,4850
171669184143111,171669184155899,171669184166790,171669184167753,171669184172490,171669184172568,265650,93825186940240,4375639744,7,2732,1151,4851
171669192581442,171669192642194,171669192653038,171669192653954,171669192660884,171669192660960,265650,93825186940240,4375639744,7,2732,1151,4852
171669200825271,171669200834876,171669200842452,171669200843013,171669200847535,171669200847590,265650,93825186940240,4375639744,7,2732,1151,4853
171669209133558,171669209145574,171669209156327,171669209157226,171669209162177,171669209162250,265650,93825186940240,4375639744,7,2732,1151,4854
171669217528938,171669217540329,171669217548445,171669217549642,171669217557531,171669217557595,265650,93825186940240,4375639744,7,2732,1151,4855
171669225833066,171669225845160,171669225856090,171669225857033,171669225863382,171669225863474,265650,93825186940240,4375639744,7,2732,1151,4856
171669234255196,171669234274506,171669234285838,171669234288430,171669234302224,171669234302324,265650,93825186940240,4375639744,7,2732,1151,4857
171669242471015,171669242489692,171669242501075,171669242503553,171669242513068,171669242513144,265650,93825186940240,4375639744,7,2732,1151,4858
171669250813426,171669250834884,171669250846812,171669250849575,171669250860575,171669250860672,265650,93825186940240,4375639744,7,2732,1151,4859
171669259167615,171669259184858,171669259194436,171669259196225,171669259201526,171669259201594,265650,93825186940240,4375639744,7,2732,1151,4860
171669267600861,171669267614820,171669267625818,171669267627211,171669267634129,171669267634216,265650,93825186940240,4375639744,7,2732,1151,4861
171669275841701,171669275854012,171669275864783,171669275865694,171669275870876,171669275870964,265650,93825186940240,4375639744,7,2732,1151,4862
171669284148910,171669284161181,171669284171984,171669284172827,171669284177970,171669284178060,265650,93825186940240,4375639744,7,2732,1151,4863
171669292485065,171669292497006,171669292507476,171669292508216,171669292514847,171669292514930,265650,93825186940240,4375639744,7,2732,1151,4864
171669300957387,171669300972950,171669300984627,171669300986455,171669300993362,171669300993453,265650,93825186940240,4375639744,7,2732,1151,4865
171669309208878,171669309221350,171669309231996,171669309233079,171669309238009,171669309238105,265650,93825186940240,4375639744,7,2732,1151,4866
171669317528251,171669317537934,171669317546100,171669317546854,171669317551608,171669317551669,265650,93825186940240,4375639744,7,2732,1151,4867
171669325892045,171669325913310,171669325923839,171669325924824,171669325930191,171669325930282,265650,93825186940240,4375639744,7,2732,1151,4868
171669334253975,171669334270236,171669334282118,171669334284255,171669334293436,171669334293522,265650,93825186940240,4375639744,7,2732,1151,4869
171669342575523,171669342590924,171669342602415,171669342604221,171669342614932,171669342615046,265650,93825186940240,4375639744,7,2732,1151,4870
171669350930961,171669350952465,171669350963889,171669350966600,171669350979192,171669350979272,265650,93825186940240,4375639744,7,2732,1151,4871
171669359157704,171669359178390,171669359189987,171669359192922,171669359217363,171669359217454,265650,93825186940240,4375639744,7,2732,1151,4872
171669367491860,171669367512237,171669367523853,171669367526608,171669367533381,171669367533484,265650,93825186940240,4375639744,7,2732,1151,4873
171669375828636,171669375848348,171669375860070,171669375868923,171669375880224,171669375880321,265650,93825186940240,4375639744,7,2732,1151,4874
171669384168652,171669384190748,171669384202688,171669384205394,171669384219702,171669384219802,265650,93825186940240,4375639744,7,2732,1151,4875
171669392537160,171669392559687,171669392571827,171669392574979,171669392588681,171669392588755,265650,93825186940240,4375639744,7,2732,1151,4876
171669400803966,171669400821343,171669400832716,171669400834944,171669400844546,171669400844614,265650,93825186940240,4375639744,7,2732,1151,4877
171669409133376,171669409150066,171669409161469,171669409163429,171669409172821,171669409172871,265650,93825186940240,4375639744,7,2732,1151,4878
171669417467080,171669417479783,171669417490345,171669417492396,171669417500098,171669417500168,265650,93825186940240,4375639744,7,2732,1151,4879
171669425829475,171669425854247,171669425866227,171669425869566,171669425885810,171669425885868,265650,93825186940240,4375639744,7,2732,1151,4880
171669434128713,171669434143735,171669434154595,171669434156693,171669434163562,171669434163618,265650,93825186940240,4375639744,7,2732,1151,4881
171669442467968,171669442484559,171669442495784,171669442497791,171669442503408,171669442503471,265650,93825186940240,4375639744,7,2732,1151,4882
171669450837886,171669450854414,171669450865098,171669450866724,171669450872286,171669450872367,265650,93825186940240,4375639744,7,2732,1151,4883
171669459133092,171669459149119,171669459160360,171669459162190,171669459168175,171669459168244,265650,93825186940240,4375639744,7,2732,1151,4884
171669467494823,171669467511633,171669467523850,171669467526785,171669467532255,171669467532319,265650,93825186940240,4375639744,7,2732,1151,4885
171669475808672,171669475825712,171669475836400,171669475838467,171669475844541,171669475844606,265650,93825186940240,4375639744,7,2732,1151,4886
171669484133156,171669484149498,171669484161203,171669484163131,171669484169100,171669484169166,265650,93825186940240,4375639744,7,2732,1151,4887
171669492507291,171669492523078,171669492534620,171669492536851,171669492543416,171669492543479,265650,93825186940240,4375639744,7,2732,1151,4888
171669500797961,171669500814661,171669500825227,171669500826975,171669500833005,171669500833085,265650,93825186940240,4375639744,7,2732,1151,4889
171669509169814,171669509183944,171669509195020,171669509196861,171669509202201,171669509202255,265650,93825186940240,4375639744,7,2732,1151,4890
171669517466935,171669517483555,171669517494115,171669517495941,171669517501533,171669517501603,265650,93825186940240,4375639744,7,2732,1151,4891
171669525814069,171669525833190,171669525844061,171669525847227,171669525853239,171669525853299,265650,93825186940240,4375639744,7,2732,1151,4892
171669534139152,171669534155751,171669534167154,171669534169121,171669534174534,171669534174599,265650,93825186940240,4375639744,7,2732,1151,4893
171669542524562,171669542545941,171669542558289,171669542561346,171669542570061,171669542570130,265650,93825186940240,4375639744,7,2732,1151,4894
171669550807754,171669550826011,171669550837263,171669550840003,171669550849535,171669550849598,265650,93825186940240,4375639744,7,2732,1151,4895
171669559135546,171669559152690,171669559163796,171669559165641,171669559170436,171669559170499,265650,93825186940240,4375639744,7,2732,1151,4896
171669567508566,171669567530712,171669567541741,171669567543940,171669567550044,171669567550115,265650,93825186940240,4375639744,7,2732,1151,4897
171669575815023,171669575831194,171669575842128,171669575844274,171669575849046,171669575849112,265650,93825186940240,4375639744,7,2732,1151,4898
171669584169970,171669584182380,171669584191744,171669584193609,171669584200641,171669584200708,265650,93825186940240,4375639744,7,2732,1151,4899
171669592557736,171669592569186,171669592577826,171669592579277,171669592584299,171669592584369,265650,93825186940240,4375639744,7,2732,1151,4900
171669600838555,171669600858902,171669600870351,171669600873419,171669600884125,171669600884211,265650,93825186940240,4375639744,7,2732,1151,4901
171669609145124,171669609161473,171669609173050,171669609174867,171669609182981,171669609183044,265650,93825186940240,4375639744,7,2732,1151,4902
171669617474060,171669617490967,171669617501747,171669617503448,171669617511486,171669617511561,265650,93825186940240,4375639744,7,2732,1151,4903
171669625857708,171669625877203,171669625887959,171669625890460,171669625902065,171669625902128,265650,93825186940240,4375639744,7,2732,1151,4904
171669634139549,171669634156711,171669634167632,171669634169484,171669634179986,171669634180065,265650,93825186940240,4375639744,7,2732,1151,4905
171669642522456,171669642539336,171669642550319,171669642552157,171669642563014,171669642563094,265650,93825186940240,4375639744,7,2732,1151,4906
171669650853286,171669650870389,171669650881251,171669650883058,171669650891272,171669650891351,265650,93825186940240,4375639744,7,2732,1151,4907
171669659144996,171669659162551,171669659174002,171669659175923,171669659183392,171669659183462,265650,93825186940240,4375639744,7,2732,1151,4908
171669667502961,171669667526278,171669667537965,171669667541155,171669667557023,171669667557095,265650,93825186940240,4375639744,7,2732,1151,4909
171669675864200,171669675883417,171669675894556,171669675897411,171669675911754,171669675911829,265650,93825186940240,4375639744,7,2732,1151,4910
171669684134878,171669684148365,171669684159351,171669684161147,171669684170821,171669684170906,265650,93825186940240,4375639744,7,2732,1151,4911
171669692476164,171669692491286,171669692502441,171669692504966,171669692519330,171669692519380,265650,93825186940240,4375639744,7,2732,1151,4912
171669700852180,171669700869169,171669700880026,171669700881649,171669700890639,171669700890694,265650,93825186940240,4375639744,7,2732,1151,4913
171669709162603,171669709178919,171669709191182,171669709192745,171669709197250,171669709197351,265650,93825186940240,4375639744,7,2732,1151,4914
171669717596918,171669717609964,171669717621193,171669717622354,171669717628752,171669717628864,265650,93825186940240,4375639744,7,2732,1151,4915
171669725975893,171669725995292,171669726010815,171669726013132,171669726026766,171669726026847,265650,93825186940240,4375639744,7,2732,1151,4916
171669734185183,171669734202852,171669734213541,171669734215422,171669734224213,171669734224270,265650,93825186940240,4375639744,7,2732,1151,4917
171669742516325,171669742532911,171669742543594,171669742545719,171669742554317,171669742554366,265650,93825186940240,4375639744,7,2732,1151,4918
171669750840857,171669750862729,171669750874271,171669750877557,171669750889676,171669750889722,265650,93825186940240,4375639744,7,2732,1151,4919
171669759145481,171669759158102,171669759169304,171669759171089,171669759177956,171669759178026,265650,93825186940240,4375639744,7,2732,1151,4920
171669767486732,171669767504200,171669767515142,171669767517021,171669767525504,171669767525557,265650,93825186940240,4375639744,7,2732,1151,4921
171669775808201,171669775821999,171669775832561,171669775834396,171669775852316,171669775852376,265650,93825186940240,4375639744,7,2732,1151,4922
171669784149647,171669784166363,171669784177819,171669784179505,171669784189429,171669784189488,265650,93825186940240,4375639744,7,2732,1151,4923
171669792551783,171669792568656,171669792580345,171669792582234,171669792589177,171669792589241,265650,93825186940240,4375639744,7,2732,1151,4924
171669800839951,171669800858805,171669800870487,171669800872832,171669800884927,171669800885013,265650,93825186940240,4375639744,7,2732,1151,4925
171669809152176,171669809169456,171669809180781,171669809183176,171669809191003,171669809191085,265650,93825186940240,4375639744,7,2732,1151,4926
171669817492607,171669817510241,171669817521229,171669817523477,171669817530851,171669817530921,265650,93825186940240,4375639744,7,2732,1151,4927
171669825885591,171669825910063,171669825922690,171669825925247,171669825935794,171669825935845,265650,93825186940240,4375639744,7,2732,1151,4928
171669834156256,171669834173974,171669834185384,171669834187188,171669834193985,171669834194049,265650,93825186940240,4375639744,7,2732,1151,4929
171669842553700,171669842570422,171669842581106,171669842582931,171669842597234,171669842597303,265650,93825186940240,4375639744,7,2732,1151,4930
171669850798792,171669850816569,171669850827347,171669850829289,171669850839107,171669850839214,265650,93825186940240,4375639744,7,2732,1151,4931
171669859182085,171669859200588,171669859211650,171669859213598,171669859220355,171669859220446,265650,93825186940240,4375639744,7,2732,1151,4932
171669867484878,171669867501863,171669867513067,171669867515395,171669867521602,171669867521672,265650,93825186940240,4375639744,7,2732,1151,4933
171669875834323,171669875851815,171669875862468,171669875865200,171669875877124,171669875877364,265650,93825186940240,4375639744,7,2732,1151,4934
171669884152526,171669884169505,171669884180532,171669884182363,171669884187520,171669884187570,265650,93825186940240,4375639744,7,2732,1151,4935
171669892537611,171669892554135,171669892564618,171669892566380,171669892572468,171669892572541,265650,93825186940240,4375639744,7,2732,1151,4936
171669900824223,171669900842445,171669900853280,171669900855373,171669900861743,171669900861822,265650,93825186940240,4375639744,7,2732,1151,4937
171669909156573,171669909173403,171669909184822,171669909186825,171669909193397,171669909193456,265650,93825186940240,4375639744,7,2732,1151,4938
171669917536595,171669917558812,171669917570951,171669917574008,171669917579331,171669917579419,265650,93825186940240,4375639744,7,2732,1151,4939
171669925892136,171669925913183,171669925924825,171669925927664,171669925938373,171669925938437,265650,93825186940240,4375639744,7,2732,1151,4940
171669934156901,171669934174564,171669934185704,171669934187621,171669934193717,171669934193782,265650,93825186940240,4375639744,7,2732,1151,4941
171669942481357,171669942498097,171669942508992,171669942510910,171669942517656,171669942517701,265650,93825186940240,4375639744,7,2732,1151,4942
171669950829839,171669950844455,171669950854905,171669950856780,171669950862583,171669950862642,265650,93825186940240,4375639744,7,2732,1151,4943
171669959188946,171669959205325,171669959215866,171669959217492,171669959226346,171669959226401,265650,93825186940240,4375639744,7,2732,1151,4944
171669967488453,171669967504625,171669967515277,171669967516984,171669967520990,171669967521072,265650,93825186940240,4375639744,7,2732,1151,4945
171669975816163,171669975831131,171669975841969,171669975843698,171669975848171,171669975848308,265650,93825186940240,4375639744,7,2732,1151,4946
171669984167585,171669984185869,171669984196781,171669984198900,171669984205625,171669984205683,265650,93825186940240,4375639744,7,2732,1151,4947
171669992504821,171669992526265,171669992537590,171669992540796,171669992545081,171669992545140,265650,93825186940240,4375639744,7,2732,1151,4948
171670000841593,171670000858618,171670000869036,171670000870971,171670000879243,171670000879308,265650,93825186940240,4375639744,7,2732,1151,4949
171670009207701,171670009232630,171670009244799,171670009247362,171670009260342,171670009260435,265650,93825186940240,4375639744,7,2732,1151,4950
171670017530587,171670017551654,171670017563264,171670017565754,171670017573797,171670017573886,265650,93825186940240,4375639744,7,2732,1151,4951
171670025844463,171670025865042,171670025876565,171670025879443,171670025887567,171670025887644,265650,93825186940240,4375639744,7,2732,1151,4952
171670034186653,171670034211530,171670034223941,171670034226380,171670034233736,171670034233840,265650,93825186940240,4375639744,7,2732,1151,4953
171670042670013,171670042691188,171670042703468,171670042705798,171670042716768,171670042716858,265650,93825186940240,4375639744,7,2732,1151,4954
171670050968751,171670050985271,171670050997377,171670050999265,171670051018503,171670051018580,265650,93825186940240,4375639744,7,2732,1151,4955
171670059250107,171670059263411,171670059274471,171670059275899,171670059281256,171670059281344,265650,93825186940240,4375639744,7,2732,1151,4956
171670067571024,171670067584589,171670067595261,171670067596357,171670067601350,171670067601439,265650,93825186940240,4375639744,7,2732,1151,4957
171670075915466,171670075928043,171670075938626,171670075939511,171670075944598,171670075944701,265650,93825186940240,4375639744,7,2732,1151,4958
171670084164951,171670084177857,171670084188925,171670084189963,171670084194954,171670084195042,265650,93825186940240,4375639744,7,2732,1151,4959
171670092511995,171670092521058,171670092529269,171670092529982,171670092534076,171670092534139,265650,93825186940240,4375639744,7,2732,1151,4960
171670101022262,171670101041198,171670101052855,171670101055627,171670101060708,171670101060791,265650,93825186940240,4375639744,7,2732,1151,4961
171670109174825,171670109186641,171670109195674,171670109196641,171670109200664,171670109200739,265650,93825186940240,4375639744,7,2732,1151,4962
171670117488940,171670117498441,171670117506270,171670117507196,171670117511053,171670117511106,265650,93825186940240,4375639744,7,2732,1151,4963
171670125954906,171670125967888,171670125978701,171670125979627,171670125984209,171670125984286,265650,93825186940240,4375639744,7,2732,1151,4964
171670134199086,171670134213251,171670134224323,171670134225615,171670134230171,171670134230258,265650,93825186940240,4375639744,7,2732,1151,4965
171670142598993,171670142612197,171670142622915,171670142624011,171670142629965,171670142630057,265650,93825186940240,4375639744,7,2732,1151,4966
171670150910182,171670150922131,171670150932574,171670150933457,171670150937796,171670150937877,265650,93825186940240,4375639744,7,2732,1151,4967
171670159156807,171670159168253,171670159178712,171670159179413,171670159183641,171670159183874,265650,93825186940240,4375639744,7,2732,1151,4968
171670167552496,171670167564414,171670167574768,171670167575709,171670167580790,171670167580863,265650,93825186940240,4375639744,7,2732,1151,4969
171670175925020,171670175938689,171670175948587,171670175950007,171670175954857,171670175954913,265650,93825186940240,4375639744,7,2732,1151,4970
171670184225102,171670184237956,171670184248536,171670184249597,171670184253496,171670184253569,265650,93825186940240,4375639744,7,2732,1151,4971
171670192557255,171670192570266,171670192580714,171670192581824,171670192585966,171670192586049,265650,93825186940240,4375639744,7,2732,1151,4972
171670200835003,171670200845180,171670200853258,171670200854152,171670200858613,171670200858668,265650,93825186940240,4375639744,7,2732,1151,4973
171670209200824,171670209216108,171670209227634,171670209229218,171670209234125,171670209234204,265650,93825186940240,4375639744,7,2732,1151,4974
171670217558736,171670217588402,171670217599666,171670217602311,171670217606476,171670217606556,265650,93825186940240,4375639744,7,2732,1151,4975
171670225839365,171670225856180,171670225866900,171670225869328,171670225874908,171670225874982,265650,93825186940240,4375639744,7,2732,1151,4976
171670234235825,171670234253719,171670234264635,171670234267287,171670234271212,171670234271272,265650,93825186940240,4375639744,7,2732,1151,4977
171670242521432,171670242538037,171670242548499,171670242549891,171670242557463,171670242557505,265650,93825186940240,4375639744,7,2732,1151,4978
171670250836594,171670250853221,171670250863534,171670250865193,171670250873206,171670250873265,265650,93825186940240,4375639744,7,2732,1151,4979
171670259214204,171670259228777,171670259240079,171670259242533,171670259245581,171670259245665,265650,93825186940240,4375639744,7,2732,1151,4980
171670267509755,171670267527045,171670267537739,171670267539866,171670267546819,171670267546882,265650,93825186940240,4375639744,7,2732,1151,4981
171670275913883,171670275936577,171670275948686,171670275951852,171670275961162,171670275961227,265650,93825186940240,4375639744,7,2732,1151,4982
171670284196307,171670284214352,171670284225371,171670284227617,171670284236683,171670284236744,265650,93825186940240,4375639744,7,2732,1151,4983
171670292597368,171670292613943,171670292625633,171670292627220,171670292633599,171670292633681,265650,93825186940240,4375639744,7,2732,1151,4984
171670300910318,171670300922617,171670300933431,171670300934381,171670300937883,171670300937964,265650,93825186940240,4375639744,7,2732,1151,4985
171670309215114,171670309226665,171670309237205,171670309238105,171670309242929,171670309243011,265650,93825186940240,4375639744,7,2732,1151,4986
171670317560687,171670317572436,171670317583043,171670317583760,171670317588019,171670317588094,265650,93825186940240,4375639744,7,2732,1151,4987
171670325852243,171670325863716,171670325873590,171670325874123,171670325879508,171670325879565,265650,93825186940240,4375639744,7,2732,1151,4988
171670334258055,171670334271223,171670334282106,171670334282993,171670334288713,171670334288791,265650,93825186940240,4375639744,7,2732,1151,4989
171670342555362,171670342566229,171670342574170,171670342575121,171670342581335,171670342581399,265650,93825186940240,4375639744,7,2732,1151,4990
171670350970568,171670350983267,171670350993846,171670350994812,171670351004315,171670351004394,265650,93825186940240,4375639744,7,2732,1151,4991
171670359185621,171670359196294,171670359204986,171670359205866,171670359213015,171670359213085,265650,93825186940240,4375639744,7,2732,1151,4992
171670367564112,171670367574517,171670367583152,171670367584261,171670367591015,171670367591087,265650,93825186940240,4375639744,7,2732,1151,4993
171670375919800,171670375931787,171670375942224,171670375943038,171670375948795,171670375948872,265650,93825186940240,4375639744,7,2732,1151,4994
171670384274295,171670384325436,171670384336102,171670384336942,171670384343372,171670384343452,265650,93825186940240,4375639744,7,2732,1151,4995
171670392521889,171670392531099,171670392539281,171670392539915,171670392545109,171670392545164,265650,93825186940240,4375639744,7,2732,1151,4996
171670401023309,171670401040164,171670401051279,171670401052738,171670401065533,171670401065597,265650,93825186940240,4375639744,7,2732,1151,4997
171670409182343,171670409202137,171670409219965,171670409222508,171670409230564,171670409230659,265650,93825186940240,4375639744,7,2732,1151,4998
171670417512988,171670417531107,171670417542376,171670417544847,171670417551279,171670417551365,265650,93825186940240,4375639744,7,2732,1151,4999
171670425924296,171670425947880,171670425959426,171670425962291,171670425974297,171670425974376,265650,93825186940240,4375639744,7,2732,1151,5000
171670434209716,171670434228865,171670434239958,171670434241982,171670434252892,171670434252966,265650,93825186940240,4375639744,7,2732,1151,5001
171670442589929,171670442609082,171670442619999,171670442622453,171670442627993,171670442628073,265650,93825186940240,4375639744,7,2732,1151,5002
171670450874372,171670450891648,171670450902519,171670450904667,171670450919430,171670450919524,265650,93825186940240,4375639744,7,2732,1151,5003
171670459181895,171670459196589,171670459207887,171670459210124,171670459218226,171670459218304,265650,93825186940240,4375639744,7,2732,1151,5004
171670467587210,171670467603898,171670467614917,171670467616897,171670467626190,171670467626260,265650,93825186940240,4375639744,7,2732,1151,5005
171670475859748,171670475876749,171670475887709,171670475889938,171670475896696,171670475896773,265650,93825186940240,4375639744,7,2732,1151,5006
171670484216356,171670484235283,171670484246803,171670484249270,171670484257013,171670484257094,265650,93825186940240,4375639744,7,2732,1151,5007
171670492515761,171670492531611,171670492542905,171670492544843,171670492552528,171670492552591,265650,93825186940240,4375639744,7,2732,1151,5008
171670500858941,171670500875612,171670500886693,171670500888609,171670500895516,171670500895599,265650,93825186940240,4375639744,7,2732,1151,5009
171670509193862,171670509208861,171670509220185,171670509222094,171670509229162,171670509229225,265650,93825186940240,4375639744,7,2732,1151,5010
171670517537874,171670517560406,171670517572475,171670517575939,171670517590071,171670517590162,265650,93825186940240,4375639744,7,2732,1151,5011
171670525851809,171670525867374,171670525878456,171670525880428,171670525886192,171670525886280,265650,93825186940240,4375639744,7,2732,1151,5012
171670534192389,171670534209146,171670534220348,171670534222309,171670534230600,171670534230664,265650,93825186940240,4375639744,7,2732,1151,5013
171670542520309,171670542536679,171670542548905,171670542551652,171670542561194,171670542561248,265650,93825186940240,4375639744,7,2732,1151,5014
171670550870525,171670550886781,171670550897491,171670550899343,171670550906371,171670550906445,265650,93825186940240,4375639744,7,2732,1151,5015
171670559186255,171670559202848,171670559213520,171670559215214,171670559221728,171670559221805,265650,93825186940240,4375639744,7,2732,1151,5016
171670567553932,171670567570518,171670567581364,171670567583393,171670567591129,171670567591196,265650,93825186940240,4375639744,7,2732,1151,5017
171670575858752,171670575875984,171670575888704,171670575891590,171670575903163,171670575903262,265650,93825186940240,4375639744,7,2732,1151,5018
171670584191122,171670584207213,171670584218082,171670584220130,171670584227983,171670584228063,265650,93825186940240,4375639744,7,2732,1151,5019
171670592580190,171670592598748,171670592610494,171670592613241,171670592623359,171670592623423,265650,93825186940240,4375639744,7,2732,1151,5020
171670600856034,171670600872306,171670600882869,171670600884463,171670600890140,171670600890232,265650,93825186940240,4375639744,7,2732,1151,5021
171670609179418,171670609193158,171670609204196,171670609205926,171670609213424,171670609213495,265650,93825186940240,4375639744,7,2732,1151,5022
171670617526087,171670617543043,171670617553603,171670617555541,171670617563566,171670617563651,265650,93825186940240,4375639744,7,2732,1151,5023
171670625921251,171670625934891,171670625945379,171670625947123,171670625951015,171670625951062,265650,93825186940240,4375639744,7,2732,1151,5024
171670634194059,171670634211130,171670634222556,171670634224685,171670634230965,171670634231033,265650,93825186940240,4375639744,7,2732,1151,5025
171670642592599,171670642614267,171670642626194,171670642629199,171670642642146,171670642642208,265650,93825186940240,4375639744,7,2732,1151,5026
171670650879527,171670650896907,171670650908363,171670650910107,171670650918483,171670650918550,265650,93825186940240,4375639744,7,2732,1151,5027
171670659195346,171670659212079,171670659223511,171670659225616,171670659233020,171670659233071,265650,93825186940240,4375639744,7,2732,1151,5028
171670667571224,171670667588642,171670667600223,171670667602493,171670667610732,171670667610786,265650,93825186940240,4375639744,7,2732,1151,5029
171670675868840,171670675887599,171670675898141,171670675899884,171670675905618,171670675905684,265650,93825186940240,4375639744,7,2732,1151,5030
171670684195752,171670684214053,171670684224846,171670684226773,171670684234853,171670684234923,265650,93825186940240,4375639744,7,2732,1151,5031
171670692555846,171670692575763,171670692588246,171670692591705,171670692600465,171670692600534,265650,93825186940240,4375639744,7,2732,1151,5032
171670700869282,171670700887115,171670700898213,171670700900390,171670700907471,171670700907548,265650,93825186940240,4375639744,7,2732,1151,5033
171670709190153,171670709204844,171670709216098,171670709218239,171670709223762,171670709223824,265650,93825186940240,4375639744,7,2732,1151,5034
171670717529036,171670717545130,171670717555812,171670717557816,171670717565403,171670717565467,265650,93825186940240,4375639744,7,2732,1151,5035
171670725968049,171670725983005,171670725993537,171670725995341,171670726003191,171670726003258,265650,93825186940240,4375639744,7,2732,1151,5036
171670734211952,171670734229080,171670734240002,171670734241745,171670734248173,171670734248239,265650,93825186940240,4375639744,7,2732,1151,5037
171670742557510,171670742576856,171670742588723,171670742591546,171670742600246,171670742600314,265650,93825186940240,4375639744,7,2732,1151,5038
171670750876848,171670750894548,171670750905862,171670750907838,171670750916177,171670750916240,265650,93825186940240,4375639744,7,2732,1151,5039
171670759195909,171670759209991,171670759220777,171670759222768,171670759229978,171670759230035,265650,93825186940240,4375639744,7,2732,1151,5040
171670767598674,171670767621262,171670767632263,171670767634377,171670767642861,171670767642920,265650,93825186940240,4375639744,7,2732,1151,5041
171670775863460,171670775877441,171670775888524,171670775890316,171670775895574,171670775895636,265650,93825186940240,4375639744,7,2732,1151,5042
171670784246746,171670784261781,171670784273648,171670784274990,171670784282876,171670784282956,265650,93825186940240,4375639744,7,2732,1151,5043
171670792664177,171670792678495,171670792689326,171670792690788,171670792697671,171670792697748,265650,93825186940240,4375639744,7,2732,1151,5044
171670800973434,171670801033475,171670801044407,171670801045584,171670801051372,171670801051461,265650,93825186940240,4375639744,7,2732,1151,5045
171670809212314,171670809224937,171670809235691,171670809237151,171670809243091,171670809243180,265650,93825186940240,4375639744,7,2732,1151,5046
171670817679861,171670817691504,171670817702092,171670817703324,171670817708425,171670817708517,265650,93825186940240,4375639744,7,2732,1151,5047
171670825960423,171670825973900,171670825984889,171670825986116,171670825990861,171670825990953,265650,93825186940240,4375639744,7,2732,1151,5048
171670834258794,171670834269575,171670834278436,171670834279303,171670834283703,171670834283776,265650,93825186940240,4375639744,7,2732,1151,5049
171670842621459,171670842633390,171670842643842,171670842644931,171670842649392,171670842649481,265650,93825186940240,4375639744,7,2732,1151,5050
171670850922412,171670850941923,171670850953927,171670850956473,171670850964555,171670850964638,265650,93825186940240,4375639744,7,2732,1151,5051
171670859214207,171670859232839,171670859243785,171670859246152,171670859253757,171670859253827,265650,93825186940240,4375639744,7,2732,1151,5052
171670867545724,171670867564414,171670867576322,171670867579553,171670867591123,171670867591191,265650,93825186940240,4375639744,7,2732,1151,5053
171670875855362,171670875868396,171670875879397,171670875881016,171670875887485,171670875887536,265650,93825186940240,4375639744,7,2732,1151,5054
171670884214165,171670884230006,171670884240836,171670884242641,171670884250478,171670884250537,265650,93825186940240,4375639744,7,2732,1151,5055
171670892600690,171670892617116,171670892628546,171670892630734,171670892637578,171670892637643,265650,93825186940240,4375639744,7,2732,1151,5056
171670900890397,171670900908329,171670900919590,171670900921569,171670900929767,171670900929855,265650,93825186940240,4375639744,7,2732,1151,5057
171670909207433,171670909221852,171670909233070,171670909235126,171670909240318,171670909240408,265650,93825186940240,4375639744,7,2732,1151,5058
171670917594120,171670917610877,171670917621985,171670917623838,171670917633075,171670917633123,265650,93825186940240,4375639744,7,2732,1151,5059
171670925905908,171670925929106,171670925940987,171670925943858,171670925959824,171670925959900,265650,93825186940240,4375639744,7,2732,1151,5060
171670934219639,171670934232392,171670934241358,171670934242770,171670934248033,171670934248096,265650,93825186940240,4375639744,7,2732,1151,5061
171670942610870,171670942628140,171670942639845,171670942642028,171670942651044,171670942651123,265650,93825186940240,4375639744,7,2732,1151,5062
171670951070988,171670951155649,171670951167665,171670951168975,171670951176461,171670951176550,265650,93825186940240,4375639744,7,2732,1151,5063
171670959343930,171670959357918,171670959369106,171670959370242,171670959378209,171670959378380,265650,93825186940240,4375639744,7,2732,1151,5064
171670967599549,171670967610236,171670967618839,171670967619633,171670967625198,171670967625268,265650,93825186940240,4375639744,7,2732,1151,5065
171670975934422,171670975944271,171670975953006,171670975953879,171670975959381,171670975959449,265650,93825186940240,4375639744,7,2732,1151,5066
171670984252954,171670984262892,171670984271528,171670984272345,171670984277088,171670984277149,265650,93825186940240,4375639744,7,2732,1151,5067
171670992628293,171670992638187,171670992646411,171670992647229,171670992652495,171670992652567,265650,93825186940240,4375639744,7,2732,1151,5068
171671000998565,171671001017170,171671001028371,171671001029689,171671001035766,171671001035847,265650,93825186940240,4375639744,7,2732,1151,5069
171671009253688,171671009266785,171671009277621,171671009278694,171671009283680,171671009283768,265650,93825186940240,4375639744,7,2732,1151,5070
171671017581083,171671017591034,171671017599537,171671017600383,171671017606843,171671017606906,265650,93825186940240,4375639744,7,2732,1151,5071
171671025920786,171671025929919,171671025938034,171671025938800,171671025943485,171671025943545,265650,93825186940240,4375639744,7,2732,1151,5072
171671034209215,171671034222942,171671034234347,171671034235616,171671034243873,171671034243958,265650,93825186940240,4375639744,7,2732,1151,5073
171671042644542,171671042657242,171671042668091,171671042669214,171671042675653,171671042675732,265650,93825186940240,4375639744,7,2732,1151,5074
171671050905594,171671050918959,171671050927276,171671050928539,171671050935232,171671050935299,265650,93825186940240,4375639744,7,2732,1151,5075
171671059209472,171671059218859,171671059226941,171671059227642,171671059232701,171671059232778,265650,93825186940240,4375639744,7,2732,1151,5076
171671067663023,171671067692887,171671067704914,171671067707895,171671067714328,171671067714421,265650,93825186940240,4375639744,7,2732,1151,5077
171671075870754,171671075885064,171671075896127,171671075898228,171671075905731,171671075905826,265650,93825186940240,4375639744,7,2732,1151,5078
171671084216191,171671084233525,171671084244797,171671084246840,171671084253180,171671084253251,265650,93825186940240,4375639744,7,2732,1151,5079
171671092607530,171671092629155,171671092641422,171671092644852,171671092651530,171671092651592,265650,93825186940240,4375639744,7,2732,1151,5080
171671100896024,171671100914237,171671100925520,171671100927813,171671100935562,171671100935664,265650,93825186940240,4375639744,7,2732,1151,5081
171671109215103,171671109229950,171671109240936,171671109243023,171671109249517,171671109249611,265650,93825186940240,4375639744,7,2732,1151,5082
171671117609402,171671117626155,171671117636655,171671117638497,171671117646190,171671117646256,265650,93825186940240,4375639744,7,2732,1151,5083
171671125879455,171671125896225,171671125906555,171671125908377,171671125916787,171671125916858,265650,93825186940240,4375639744,7,2732,1151,5084
171671134222805,171671134240764,171671134251705,171671134253635,171671134259924,171671134260002,265650,93825186940240,4375639744,7,2732,1151,5085
171671142754784,171671142771474,171671142783578,171671142785213,171671142790643,171671142790740,265650,93825186940240,4375639744,7,2732,1151,5086
171671150952268,171671150967101,171671150977974,171671150979030,171671150983205,171671150983298,265650,93825186940240,4375639744,7,2732,1151,5087
171671159207053,171671159215703,171671159223715,171671159224278,171671159228277,171671159228337,265650,93825186940240,4375639744,7,2732,1151,5088
171671167591769,171671167603415,171671167612356,171671167613477,171671167621570,171671167621636,265650,93825186940240,4375639744,7,2732,1151,5089
171671176039602,171671176052473,171671176063498,171671176064841,171671176071276,171671176071352,265650,93825186940240,4375639744,7,2732,1151,5090
171671184257095,171671184266106,171671184274089,171671184274779,171671184279261,171671184279309,265650,93825186940240,4375639744,7,2732,1151,5091
171671192636847,171671192649313,171671192659819,171671192660449,171671192666383,171671192666450,265650,93825186940240,4375639744,7,2732,1151,5092
171671201073444,171671201090107,171671201101774,171671201103517,171671201109905,171671201109997,265650,93825186940240,4375639744,7,2732,1151,5093
171671209233580,171671209246503,171671209257408,171671209258615,171671209263489,171671209263584,265650,93825186940240,4375639744,7,2732,1151,5094
171671217579990,171671217590240,171671217598381,171671217599248,171671217605200,171671217605269,265650,93825186940240,4375639744,7,2732,1151,5095
171671225946183,171671225958569,171671225969341,171671225970547,171671225975428,171671225975511,265650,93825186940240,4375639744,7,2732,1151,5096
171671234291280,171671234304272,171671234315152,171671234316151,171671234321086,171671234321178,265650,93825186940240,4375639744,7,2732,1151,5097
171671242554212,171671242572879,171671242583804,171671242586219,171671242591449,171671242591518,265650,93825186940240,4375639744,7,2732,1151,5098
171671250877919,171671250894209,171671250904992,171671250907014,171671250912241,171671250912303,265650,93825186940240,4375639744,7,2732,1151,5099
171671259211852,171671259230003,171671259241023,171671259242925,171671259248636,171671259248698,265650,93825186940240,4375639744,7,2732,1151,5100
171671267598063,171671267615184,171671267625922,171671267627913,171671267633227,171671267633307,265650,93825186940240,4375639744,7,2732,1151,5101
171671275879427,171671275895517,171671275906297,171671275908034,171671275914040,171671275914107,265650,93825186940240,4375639744,7,2732,1151,5102
171671284213311,171671284229953,171671284241289,171671284242939,171671284248441,171671284248504,265650,93825186940240,4375639744,7,2732,1151,5103
171671292620598,171671292637828,171671292649297,171671292650970,171671292655608,171671292655664,265650,93825186940240,4375639744,7,2732,1151,5104
171671300885573,171671300903614,171671300914824,171671300916821,171671300924004,171671300924070,265650,93825186940240,4375639744,7,2732,1151,5105
171671309218137,171671309232838,171671309243617,171671309245381,171671309249601,171671309249672,265650,93825186940240,4375639744,7,2732,1151,5106
171671317613429,171671317629428,171671317640193,171671317641843,171671317647269,171671317647330,265650,93825186940240,4375639744,7,2732,1151,5107
171671325880116,171671325894493,171671325905513,171671325907305,171671325912926,171671325912998,265650,93825186940240,4375639744,7,2732,1151,5108
171671334256832,171671334271940,171671334282889,171671334284615,171671334289859,171671334289940,265650,93825186940240,4375639744,7,2732,1151,5109
171671342554393,171671342570951,171671342581631,171671342583441,171671342588220,171671342588300,265650,93825186940240,4375639744,7,2732,1151,5110
171671350888241,171671350905481,171671350915996,171671350917913,171671350926018,171671350926098,265650,93825186940240,4375639744,7,2732,1151,5111
171671359244569,171671359263819,171671359274832,171671359276804,171671359286733,171671359286804,265650,93825186940240,4375639744,7,2732,1151,5112
171671367597486,171671367614166,171671367625546,171671367627653,171671367632361,171671367632443,265650,93825186940240,4375639744,7,2732,1151,5113
171671375889060,171671375906732,171671375917669,171671375919536,171671375924634,171671375924695,265650,93825186940240,4375639744,7,2732,1151,5114
171671384219322,171671384235972,171671384247010,171671384248826,171671384258037,171671384258083,265650,93825186940240,4375639744,7,2732,1151,5115
171671392609621,171671392630080,171671392641863,171671392644439,171671392663267,171671392663353,265650,93825186940240,4375639744,7,2732,1151,5116
171671400924049,171671400945318,171671400957264,171671400960449,171671400970719,171671400970836,265650,93825186940240,4375639744,7,2732,1151,5117
171671409289421,171671409312552,171671409324294,171671409327345,171671409342034,171671409342122,265650,93825186940240,4375639744,7,2732,1151,5118
171671417757811,171671417827080,171671417839839,171671417842119,171671417851665,171671417851757,265650,93825186940240,4375639744,7,2732,1151,5119
171671425938105,171671425961073,171671425972971,171671425976680,171671425989813,171671425989893,265650,93825186940240,4375639744,7,2732,1151,5120
171671434597220,171671434620268,171671434632248,171671434634906,171671434862995,171671434863634,265650,93825186940240,4375639744,7,2732,1151,5121
171671442755415,171671442774645,171671442787329,171671442790057,171671442798881,171671442799094,265650,93825186940240,4375639744,7,2732,1151,5122
171671450936325,171671450956462,171671450968614,171671450971284,171671450984683,171671450984781,265650,93825186940240,4375639744,7,2732,1151,5123
171671459276509,171671459291878,171671459301607,171671459303522,171671459314720,171671459314790,265650,93825186940240,4375639744,7,2732,1151,5124
171671467642157,171671467658417,171671467668792,171671467671185,171671467677323,171671467677391,265650,93825186940240,4375639744,7,2732,1151,5125
171671476014108,171671476032331,171671476044388,171671476046710,171671476059947,171671476060039,265650,93825186940240,4375639744,7,2732,1151,5126
171671484253295,171671484267520,171671484276612,171671484278962,171671484290216,171671484290291,265650,93825186940240,4375639744,7,2732,1151,5127
171671492573549,171671492583208,171671492591516,171671492592673,171671492599310,171671492599385,265650,93825186940240,4375639744,7,2732,1151,5128
171671500950340,171671500970527,171671500982238,171671500985501,171671500997772,171671500997871,265650,93825186940240,4375639744,7,2732,1151,5129
171671509228100,171671509242938,171671509253996,171671509255805,171671509261530,171671509261614,265650,93825186940240,4375639744,7,2732,1151,5130
171671517611318,171671517624972,171671517635539,171671517637214,171671517643253,171671517643328,265650,93825186940240,4375639744,7,2732,1151,5131
171671525890449,171671525903069,171671525913710,171671525915168,171671525920339,171671525920403,265650,93825186940240,4375639744,7,2732,1151,5132
171671534234892,171671534250463,171671534261372,171671534263586,171671534269535,171671534269615,265650,93825186940240,4375639744,7,2732,1151,5133
171671542625660,171671542646365,171671542657947,171671542660739,171671542675488,171671542675545,265650,93825186940240,4375639744,7,2732,1151,5134
171671551055457,171671551071846,171671551083596,171671551085360,171671551091024,171671551091117,265650,93825186940240,4375639744,7,2732,1151,5135
171671559366709,171671559380454,171671559391624,171671559392869,171671559399070,171671559399167,265650,93825186940240,4375639744,7,2732,1151,5136
171671567606580,171671567616553,171671567624723,171671567625613,171671567630744,171671567630813,265650,93825186940240,4375639744,7,2732,1151,5137
171671575902056,171671575916800,171671575926036,171671575927141,171671575934234,171671575934294,265650,93825186940240,4375639744,7,2732,1151,5138
171671584356197,171671584380351,171671584391070,171671584392736,171671584401320,171671584401410,265650,93825186940240,4375639744,7,2732,1151,5139
171671592564769,171671592575436,171671592584239,171671592585233,171671592591376,171671592591450,265650,93825186940240,4375639744,7,2732,1151,5140
171671601059166,171671601071719,171671601082223,171671601083085,171671601088946,171671601089035,265650,93825186940240,4375639744,7,2732,1151,5141
171671609270646,171671609283337,171671609293582,171671609294829,171671609300554,171671609300636,265650,93825186940240,4375639744,7,2732,1151,5142
171671617593881,171671617604828,171671617613019,171671617614082,171671617619536,171671617619593,265650,93825186940240,4375639744,7,2732,1151,5143
171671626005079,171671626017099,171671626027546,171671626028592,171671626033869,171671626033942,265650,93825186940240,4375639744,7,2732,1151,5144
171671634264524,171671634276697,171671634287046,171671634288103,171671634294046,171671634294118,265650,93825186940240,4375639744,7,2732,1151,5145
171671642648581,171671642658994,171671642667125,171671642668064,171671642673815,171671642673873,265650,93825186940240,4375639744,7,2732,1151,5146
171671650956605,171671650969448,171671650980020,171671650981124,171671650986877,171671650986952,265650,93825186940240,4375639744,7,2732,1151,5147
171671659232819,171671659245109,171671659255526,171671659256502,171671659262374,171671659262445,265650,93825186940240,4375639744,7,2732,1151,5148
171671667574871,171671667584438,171671667592235,171671667593280,171671667597937,171671667597992,265650,93825186940240,4375639744,7,2732,1151,5149
171671675978235,171671675990387,171671676002849,171671676003760,171671676009475,171671676009547,265650,93825186940240,4375639744,7,2732,1151,5150
171671684256554,171671684268978,171671684279425,171671684280516,171671684285879,171671684285951,265650,93825186940240,4375639744,7,2732,1151,5151
171671692676902,171671692689685,171671692700264,171671692701193,171671692708311,171671692708381,265650,93825186940240,4375639744,7,2732,1151,5152
171671701012997,171671701025545,171671701036035,171671701037068,171671701043710,171671701043780,265650,93825186940240,4375639744,7,2732,1151,5153
171671709277254,171671709289513,171671709299888,171671709300991,171671709306866,171671709306939,265650,93825186940240,4375639744,7,2732,1151,5154
171671717570293,171671717579682,171671717587749,171671717588554,171671717593250,171671717593299,265650,93825186940240,4375639744,7,2732,1151,5155
171671725996986,171671726080534,171671726090838,171671726091707,171671726097135,171671726097209,265650,93825186940240,4375639744,7,2732,1151,5156
171671734311476,171671734324043,171671734334406,171671734335464,171671734343839,171671734343913,265650,93825186940240,4375639744,7,2732,1151,5157
171671742669314,171671742737661,171671742748049,171671742749193,171671742757040,171671742757114,265650,93825186940240,4375639744,7,2732,1151,5158
171671750988145,171671751003998,171671751014558,171671751015496,171671751021939,171671751022011,265650,93825186940240,4375639744,7,2732,1151,5159
171671759220752,171671759230506,171671759238535,171671759239663,171671759244245,171671759244304,265650,93825186940240,4375639744,7,2732,1151,5160
171671767568088,171671767577529,171671767585448,171671767586167,171671767592188,171671767592243,265650,93825186940240,4375639744,7,2732,1151,5161
171671776026252,171671776038140,171671776048501,171671776049490,171671776055233,171671776055301,265650,93825186940240,4375639744,7,2732,1151,5162
171671784241379,171671784255222,171671784265924,171671784267007,171671784273654,171671784273729,265650,93825186940240,4375639744,7,2732,1151,5163
171671792667032,171671792678592,171671792689068,171671792689907,171671792696022,171671792696087,265650,93825186940240,4375639744,7,2732,1151,5164
171671801048571,171671801100361,171671801111023,171671801112684,171671801121123,171671801121200,265650,93825186940240,4375639744,7,2732,1151,5165
171671809266707,171671809278909,171671809289351,171671809290321,171671809296238,171671809296305,265650,93825186940240,4375639744,7,2732,1151,5166
171671817689349,171671817701722,171671817712167,171671817713193,171671817720775,171671817720850,265650,93825186940240,4375639744,7,2732,1151,5167
171671825951805,171671825961803,171671825969942,171671825970757,171671825976640,171671825976698,265650,93825186940240,4375639744,7,2732,1151,5168
171671834232093,171671834244340,171671834254754,171671834255641,171671834261241,171671834261310,265650,93825186940240,4375639744,7,2732,1151,5169
171671842725379,171671842758340,171671842769050,171671842770362,171671842780859,171671842780932,265650,93825186940240,4375639744,7,2732,1151,5170
171671851008891,171671851021729,171671851032211,171671851033335,171671851040272,171671851040348,265650,93825186940240,4375639744,7,2732,1151,5171
171671859264788,171671859277712,171671859286594,171671859287367,171671859291566,171671859291620,265650,93825186940240,4375639744,7,2732,1151,5172
171671867655794,171671867667276,171671867677629,171671867678344,171671867684521,171671867684592,265650,93825186940240,4375639744,7,2732,1151,5173
171671875988964,171671876002649,171671876013094,171671876013807,171671876019701,171671876019769,265650,93825186940240,4375639744,7,2732,1151,5174
171671884238246,171671884248496,171671884256496,171671884257275,171671884263785,171671884263839,265650,93825186940240,4375639744,7,2732,1151,5175
171671892729288,171671892742244,171671892752594,171671892753571,171671892759858,171671892759926,265650,93825186940240,4375639744,7,2732,1151,5176
171671901062192,171671901074590,171671901085191,171671901086151,171671901091009,171671901091072,265650,93825186940240,4375639744,7,2732,1151,5177
171671909308428,171671909319781,171671909329932,171671909330666,171671909336054,171671909336117,265650,93825186940240,4375639744,7,2732,1151,5178
171671917683585,171671917695012,171671917704979,171671917705635,171671917713388,171671917713454,265650,93825186940240,4375639744,7,2732,1151,5179
171671926051263,171671926063556,171671926074203,171671926075096,171671926081025,171671926081124,265650,93825186940240,4375639744,7,2732,1151,5180
171671934238903,171671934250767,171671934261431,171671934262186,171671934268415,171671934268486,265650,93825186940240,4375639744,7,2732,1151,5181
171671942670024,171671942681857,171671942692350,171671942692973,171671942699636,171671942699701,265650,93825186940240,4375639744,7,2732,1151,5182
171671950961806,171671950973096,171671950983354,171671950984051,171671950989105,171671950989190,265650,93825186940240,4375639744,7,2732,1151,5183
171671959340288,171671959351570,171671959361885,171671959362632,171671959376887,171671959376959,265650,93825186940240,4375639744,7,2732,1151,5184
171671967604299,171671967613239,171671967620838,171671967621377,171671967628836,171671967628904,265650,93825186940240,4375639744,7,2732,1151,5185
171671975951933,171671975964095,171671975974541,171671975975458,171671975981733,171671975981803,265650,93825186940240,4375639744,7,2732,1151,5186
171671984318659,171671984330484,171671984341016,171671984341703,171671984347261,171671984347329,265650,93825186940240,4375639744,7,2732,1151,5187
171671992660788,171671992672305,171671992682401,171671992683129,171671992690244,171671992690317,265650,93825186940240,4375639744,7,2732,1151,5188
171672000964208,171672000976206,171672000986429,171672000987215,171672000992053,171672000992119,265650,93825186940240,4375639744,7,2732,1151,5189
171672009239963,171672009251790,171672009262009,171672009262682,171672009267246,171672009267310,265650,93825186940240,4375639744,7,2732,1151,5190
171672017639139,171672017650485,171672017660597,171672017661401,171672017667730,171672017667791,265650,93825186940240,4375639744,7,2732,1151,5191
171672025985857,171672025997125,171672026010717,171672026011528,171672026017102,171672026017171,265650,93825186940240,4375639744,7,2732,1151,5192
171672034249984,171672034262539,171672034272937,171672034273741,171672034281912,171672034281978,265650,93825186940240,4375639744,7,2732,1151,5193
171672042695482,171672042706991,171672042717232,171672042718013,171672042724517,171672042724579,265650,93825186940240,4375639744,7,2732,1151,5194
171672051051592,171672051065236,171672051075224,171672051075861,171672051081004,171672051081066,265650,93825186940240,4375639744,7,2732,1151,5195
171672059240802,171672059253138,171672059263637,171672059264423,171672059269863,171672059269945,265650,93825186940240,4375639744,7,2732,1151,5196
171672067624968,171672067635398,171672067643934,171672067644675,171672067649563,171672067649621,265650,93825186940240,4375639744,7,2732,1151,5197
171672076047644,171672076059230,171672076069670,171672076070449,171672076075180,171672076075265,265650,93825186940240,4375639744,7,2732,1151,5198
171672084303263,171672084318802,171672084330364,171672084332226,171672084336095,171672084336181,265650,93825186940240,4375639744,7,2732,1151,5199
171672092666633,171672092679635,171672092689954,171672092690815,171672092696625,171672092696700,265650,93825186940240,4375639744,7,2732,1151,5200
171672100976211,171672100988863,171672100999517,171672101004723,171672101009360,171672101009488,265650,93825186940240,4375639744,7,2732,1151,5201
171672109280471,171672109292765,171672109303172,171672109304156,171672109310472,171672109310555,265650,93825186940240,4375639744,7,2732,1151,5202
171672117671779,171672117684521,171672117694684,171672117695801,171672117702187,171672117702270,265650,93825186940240,4375639744,7,2732,1151,5203
171672126056975,171672126085411,171672126095645,171672126096500,171672126101738,171672126101804,265650,93825186940240,4375639744,7,2732,1151,5204
171672134245126,171672134257729,171672134268107,171672134268959,171672134274762,171672134274834,265650,93825186940240,4375639744,7,2732,1151,5205
171672142722488,171672142735320,171672142745826,171672142746922,171672142753032,171672142753104,265650,93825186940240,4375639744,7,2732,1151,5206
171672150997805,171672151012985,171672151022353,171672151023618,171672151030037,171672151030104,265650,93825186940240,4375639744,7,2732,1151,5207
171672159286462,171672159307073,171672159318700,171672159321628,171672159327170,171672159327262,265650,93825186940240,4375639744,7,2732,1151,5208
171672167608668,171672167619761,171672167628922,171672167629959,171672167634709,171672167634779,265650,93825186940240,4375639744,7,2732,1151,5209
171672175917534,171672175935250,171672175946460,171672175948854,171672175955477,171672175955572,265650,93825186940240,4375639744,7,2732,1151,5210
171672184264099,171672184280838,171672184291655,171672184293532,171672184300812,171672184300863,265650,93825186940240,4375639744,7,2732,1151,5211
171672192634141,171672192651631,171672192662732,171672192664779,171672192669890,171672192669996,265650,93825186940240,4375639744,7,2732,1151,5212
171672200963038,171672200980398,171672200991412,171672200993140,171672200998958,171672200999037,265650,93825186940240,4375639744,7,2732,1151,5213
171672209259546,171672209276039,171672209287399,171672209289240,171672209296338,171672209296386,265650,93825186940240,4375639744,7,2732,1151,5214
171672217595694,171672217611352,171672217621890,171672217623953,171672217629943,171672217630001,265650,93825186940240,4375639744,7,2732,1151,5215
171672225945540,171672225965946,171672225977798,171672225980442,171672225986654,171672225986715,265650,93825186940240,4375639744,7,2732,1151,5216
171672234251929,171672234268179,171672234278896,171672234280524,171672234288714,171672234288760,265650,93825186940240,4375639744,7,2732,1151,5217
171672242583395,171672242600017,171672242611402,171672242613338,171672242619113,171672242619193,265650,93825186940240,4375639744,7,2732,1151,5218
171672250960186,171672250976444,171672250987358,171672250989094,171672250994101,171672250994152,265650,93825186940240,4375639744,7,2732,1151,5219
171672259258414,171672259273145,171672259284549,171672259286396,171672259291622,171672259291692,265650,93825186940240,4375639744,7,2732,1151,5220
171672267634431,171672267648844,171672267659260,171672267661332,171672267666854,171672267666906,265650,93825186940240,4375639744,7,2732,1151,5221
171672275971923,171672275988222,171672275999028,171672276004439,171672276012627,171672276012676,265650,93825186940240,4375639744,7,2732,1151,5222
171672284282179,171672284302939,171672284315919,171672284317930,171672284322455,171672284322517,265650,93825186940240,4375639744,7,2732,1151,5223
171672292627794,171672292643339,171672292654442,171672292656580,171672292661319,171672292661368,265650,93825186940240,4375639744,7,2732,1151,5224
171672300926607,171672300945144,171672300956220,171672300958443,171672300970226,171672300970287,265650,93825186940240,4375639744,7,2732,1151,5225
171672309253326,171672309270412,171672309281387,171672309283296,171672309293559,171672309293619,265650,93825186940240,4375639744,7,2732,1151,5226
171672317587460,171672317604671,171672317615542,171672317617302,171672317627383,171672317627434,265650,93825186940240,4375639744,7,2732,1151,5227
171672326090025,171672326107453,171672326119895,171672326121489,171672326126068,171672326126170,265650,93825186940240,4375639744,7,2732,1151,5228
171672334268352,171672334282109,171672334293219,171672334294703,171672334300537,171672334300625,265650,93825186940240,4375639744,7,2732,1151,5229
171672342733471,171672342746660,171672342757379,171672342758673,171672342765684,171672342765770,265650,93825186940240,4375639744,7,2732,1151,5230
171672351009947,171672351021634,171672351032418,171672351033636,171672351039046,171672351039123,265650,93825186940240,4375639744,7,2732,1151,5231
171672359293312,171672359308865,171672359320382,171672359321984,171672359327034,171672359327127,265650,93825186940240,4375639744,7,2732,1151,5232
171672367646727,171672367659373,171672367670194,171672367671404,171672367676656,171672367676739,265650,93825186940240,4375639744,7,2732,1151,5233
171672376032947,171672376045336,171672376056132,171672376057155,171672376062914,171672376063004,265650,93825186940240,4375639744,7,2732,1151,5234
171672384256740,171672384269082,171672384280472,171672384281265,171672384285546,171672384285635,265650,93825186940240,4375639744,7,2732,1151,5235
171672392675437,171672392687504,171672392697836,171672392698679,171672392704326,171672392704400,265650,93825186940240,4375639744,7,2732,1151,5236
171672400935556,171672400948254,171672400959167,171672400959953,171672400965637,171672400965731,265650,93825186940240,4375639744,7,2732,1151,5237
171672409269522,171672409281732,171672409290400,171672409291795,171672409297158,171672409297220,265650,93825186940240,4375639744,7,2732,1151,5238
171672417618531,171672417629259,171672417637685,171672417638845,171672417644949,171672417645018,265650,93825186940240,4375639744,7,2732,1151,5239
171672426006334,171672426016463,171672426024461,171672426025656,171672426030644,171672426030748,265650,93825186940240,4375639744,7,2732,1151,5240
171672434303483,171672434315650,171672434325050,171672434326052,171672434330532,171672434330611,265650,93825186940240,4375639744,7,2732,1151,5241
171672442736838,171672442749502,171672442760503,171672442761457,171672442767653,171672442767742,265650,93825186940240,4375639744,7,2732,1151,5242
171672451032893,171672451045815,171672451056839,171672451057780,171672451063258,171672451063344,265650,93825186940240,4375639744,7,2732,1151,5243
171672459260370,171672459273965,171672459285106,171672459286324,171672459290602,171672459290691,265650,93825186940240,4375639744,7,2732,1151,5244
171672467632672,171672467643570,171672467652686,171672467653612,171672467659324,171672467659395,265650,93825186940240,4375639744,7,2732,1151,5245
171672475956612,171672475969700,171672475981245,171672475982434,171672475987441,171672475987531,265650,93825186940240,4375639744,7,2732,1151,5246
171672484433851,171672484451276,171672484462661,171672484463961,171672484469136,171672484469211,265650,93825186940240,4375639744,7,2732,1151,5247
171672492733813,171672492776455,171672492787194,171672492788172,171672492792363,171672492792442,265650,93825186940240,4375639744,7,2732,1151,5248
171672500989307,171672501014845,171672501027229,171672501029952,171672501041420,171672501041519,265650,93825186940240,4375639744,7,2732,1151,5249
171672509267370,171672509283114,171672509294359,171672509296233,171672509302085,171672509302162,265650,93825186940240,4375639744,7,2732,1151,5250
171672517637675,171672517660457,171672517672146,171672517674962,171672517685506,171672517685619,265650,93825186940240,4375639744,7,2732,1151,5251
171672525930585,171672525948247,171672525959850,171672525961988,171672525966603,171672525966685,265650,93825186940240,4375639744,7,2732,1151,5252
171672534258700,171672534274291,171672534286108,171672534287976,171672534293831,171672534293896,265650,93825186940240,4375639744,7,2732,1151,5253
171672542596600,171672542611230,171672542622825,171672542624736,171672542630440,171672542630531,265650,93825186940240,4375639744,7,2732,1151,5254
171672550930327,171672550947617,171672550958648,171672550960754,171672550965778,171672550965866,265650,93825186940240,4375639744,7,2732,1151,5255
171672559263567,171672559279354,171672559290650,171672559292984,171672559298250,171672559298316,265650,93825186940240,4375639744,7,2732,1151,5256
171672567619633,171672567634399,171672567645520,171672567647082,171672567653931,171672567653987,265650,93825186940240,4375639744,7,2732,1151,5257
171672575985864,171672576010618,171672576022388,171672576024995,171672576029695,171672576029757,265650,93825186940240,4375639744,7,2732,1151,5258
171672584292036,171672584310544,171672584321707,171672584324209,171672584333483,171672584333572,265650,93825186940240,4375639744,7,2732,1151,5259
171672592694555,171672592717369,171672592729348,171672592732151,171672592744372,171672592744448,265650,93825186940240,4375639744,7,2732,1151,5260
171672600952598,171672600969189,171672600980562,171672600982470,171672600987037,171672600987131,265650,93825186940240,4375639744,7,2732,1151,5261
171672609268395,171672609284623,171672609295948,171672609298173,171672609305773,171672609305839,265650,93825186940240,4375639744,7,2732,1151,5262
171672617622143,171672617638920,171672617649989,171672617651822,171672617659762,171672617659826,265650,93825186940240,4375639744,7,2732,1151,5263
171672625936449,171672625953473,171672625964305,171672625966077,171672625977751,171672625977818,265650,93825186940240,4375639744,7,2732,1151,5264
171672634274520,171672634287949,171672634299278,171672634301081,171672634306789,171672634306901,265650,93825186940240,4375639744,7,2732,1151,5265
171672642653727,171672642668405,171672642679331,171672642681138,171672642686766,171672642686823,265650,93825186940240,4375639744,7,2732,1151,5266
171672650940775,171672650955835,171672650966658,171672650968221,171672650972552,171672650972621,265650,93825186940240,4375639744,7,2732,1151,5267
171672659271754,171672659287025,171672659298047,171672659299856,171672659305968,171672659306031,265650,93825186940240,4375639744,7,2732,1151,5268
171672667633714,171672667649498,171672667660307,171672667662159,171672667668927,171672667668992,265650,93825186940240,4375639744,7,2732,1151,5269
171672675982812,171672675999171,171672676013836,171672676016219,171672676020996,171672676021081,265650,93825186940240,4375639744,7,2732,1151,5270
171672684265978,171672684280820,171672684291113,171672684292878,171672684297857,171672684297932,265650,93825186940240,4375639744,7,2732,1151,5271
171672692660787,171672692677492,171672692688026,171672692689830,171672692695475,171672692695541,265650,93825186940240,4375639744,7,2732,1151,5272
171672700949410,171672700966399,171672700977579,171672700979658,171672700984420,171672700984489,265650,93825186940240,4375639744,7,2732,1151,5273
171672709265812,171672709280922,171672709291864,171672709293900,171672709298006,171672709298072,265650,93825186940240,4375639744,7,2732,1151,5274
171672717620440,171672717636219,171672717647070,171672717649110,171672717653284,171672717653345,265650,93825186940240,4375639744,7,2732,1151,5275
171672725932947,171672725948844,171672725960064,171672725962280,171672725967188,171672725967254,265650,93825186940240,4375639744,7,2732,1151,5276
171672734264875,171672734282609,171672734293786,171672734296047,171672734302725,171672734302823,265650,93825186940240,4375639744,7,2732,1151,5277
171672742662981,171672742681689,171672742694630,171672742697660,171672742704421,171672742704495,265650,93825186940240,4375639744,7,2732,1151,5278
171672750941916,171672750957196,171672750968431,171672750970512,171672750975017,171672750975084,265650,93825186940240,4375639744,7,2732,1151,5279
171672759279260,171672759295308,171672759307158,171672759308864,171672759317046,171672759317112,265650,93825186940240,4375639744,7,2732,1151,5280
171672767616943,171672767633839,171672767644720,171672767646514,171672767652881,171672767652965,265650,93825186940240,4375639744,7,2732,1151,5281
171672775949520,171672775967686,171672775978750,171672775980836,171672775987668,171672775987727,265650,93825186940240,4375639744,7,2732,1151,5282
171672784277699,171672784294294,171672784305136,171672784307367,171672784317311,171672784317369,265650,93825186940240,4375639744,7,2732,1151,5283
171672792619338,171672792636596,171672792647397,171672792649513,171672792657911,171672792657979,265650,93825186940240,4375639744,7,2732,1151,5284
171672800952932,171672800970423,171672800981357,171672800983689,171672800999843,171672800999907,265650,93825186940240,4375639744,7,2732,1151,5285
171672809281842,171672809295577,171672809306559,171672809308869,171672809313201,171672809313260,265650,93825186940240,4375639744,7,2732,1151,5286
171672817624306,171672817646440,171672817658412,171672817661448,171672817676518,171672817676626,265650,93825186940240,4375639744,7,2732,1151,5287
171672825953379,171672825970403,171672825981204,171672825983165,171672825991049,171672825991119,265650,93825186940240,4375639744,7,2732,1151,5288
171672834284697,171672834300612,171672834311506,171672834313517,171672834319737,171672834319798,265650,93825186940240,4375639744,7,2732,1151,5289
171672842606933,171672842620349,171672842630773,171672842632685,171672842638382,171672842638445,265650,93825186940240,4375639744,7,2732,1151,5290
171672850949147,171672850967085,171672850978195,171672850980205,171672850988981,171672850989053,265650,93825186940240,4375639744,7,2732,1151,5291
171672859284262,171672859301313,171672859312334,171672859314256,171672859321346,171672859321408,265650,93825186940240,4375639744,7,2732,1151,5292
171672867627204,171672867643767,171672867654516,171672867656971,171672867662895,171672867662963,265650,93825186940240,4375639744,7,2732,1151,5293
171672875953650,171672875969522,171672875980098,171672875981890,171672875987929,171672875988013,265650,93825186940240,4375639744,7,2732,1151,5294
171672884269763,171672884287907,171672884299023,171672884301089,171672884310220,171672884310321,265650,93825186940240,4375639744,7,2732,1151,5295
171672892673514,171672892693421,171672892704279,171672892706160,171672892716253,171672892716323,265650,93825186940240,4375639744,7,2732,1151,5296
171672901015939,171672901037133,171672901048247,171672901050269,171672901061243,171672901061293,265650,93825186940240,4375639744,7,2732,1151,5297
171672909284851,171672909300862,171672909312206,171672909314287,171672909320131,171672909320177,265650,93825186940240,4375639744,7,2732,1151,5298
171672917624563,171672917642417,171672917653493,171672917655376,171672917663960,171672917664024,265650,93825186940240,4375639744,7,2732,1151,5299
171672925953559,171672925972102,171672925984355,171672925997593,171672926012137,171672926012190,265650,93825186940240,4375639744,7,2732,1151,5300
171672934295674,171672934312324,171672934323889,171672934325992,171672934332199,171672934332251,265650,93825186940240,4375639744,7,2732,1151,5301
171672942665896,171672942682486,171672942692983,171672942695032,171672942701567,171672942701613,265650,93825186940240,4375639744,7,2732,1151,5302
171672950991913,171672951012450,171672951023432,171672951025855,171672951034625,171672951034699,265650,93825186940240,4375639744,7,2732,1151,5303
171672959301491,171672959324786,171672959337370,171672959340917,171672959352879,171672959352978,265650,93825186940240,4375639744,7,2732,1151,5304
171672967645997,171672967668324,171672967680880,171672967684171,171672967692229,171672967692297,265650,93825186940240,4375639744,7,2732,1151,5305
171672975942775,171672975958249,171672975978066,171672975979897,171672975984544,171672975984603,265650,93825186940240,4375639744,7,2732,1151,5306
171672984295258,171672984313854,171672984325100,171672984327760,171672984335103,171672984335171,265650,93825186940240,4375639744,7,2732,1151,5307
171672992671491,171672992689617,171672992700549,171672992702587,171672992707458,171672992707541,265650,93825186940240,4375639744,7,2732,1151,5308
171673000950678,171673000968374,171673000979766,171673000981733,171673000989624,171673000989712,265650,93825186940240,4375639744,7,2732,1151,5309
171673009281690,171673009298087,171673009310050,171673009312032,171673009316833,171673009316886,265650,93825186940240,4375639744,7,2732,1151,5310
171673017654629,171673017678659,171673017691097,171673017694542,171673017703870,171673017703936,265650,93825186940240,4375639744,7,2732,1151,5311
171673025991985,171673026012071,171673026022869,171673026025098,171673026030277,171673026030352,265650,93825186940240,4375639744,7,2732,1151,5312
171673034282872,171673034300460,171673034312323,171673034314600,171673034319932,171673034319991,265650,93825186940240,4375639744,7,2732,1151,5313
171673042680081,171673042696030,171673042706922,171673042708964,171673042713632,171673042713706,265650,93825186940240,4375639744,7,2732,1151,5314
171673050966471,171673050983641,171673050994413,171673050996677,171673051010928,171673051011009,265650,93825186940240,4375639744,7,2732,1151,5315
171673059288673,171673059306636,171673059318834,171673059321996,171673059330825,171673059330871,265650,93825186940240,4375639744,7,2732,1151,5316
171673067623700,171673067639870,171673067651008,171673067652826,171673067658095,171673067658190,265650,93825186940240,4375639744,7,2732,1151,5317
171673075967388,171673075984958,171673075996771,171673075998788,171673076012357,171673076012556,265650,93825186940240,4375639744,7,2732,1151,5318
171673084295276,171673084313439,171673084325012,171673084327684,171673084334601,171673084334654,265650,93825186940240,4375639744,7,2732,1151,5319
171673092643175,171673092660270,171673092672146,171673092674475,171673092680661,171673092680724,265650,93825186940240,4375639744,7,2732,1151,5320
171673100963192,171673100979327,171673100990127,171673100992001,171673100998165,171673100998228,265650,93825186940240,4375639744,7,2732,1151,5321
171673109282310,171673109297517,171673109308358,171673109310214,171673109315756,171673109315823,265650,93825186940240,4375639744,7,2732,1151,5322
171673117638156,171673117664076,171673117677077,171673117680570,171673117794199,171673117794333,265650,93825186940240,4375639744,7,2732,1151,5323
171673125959569,171673125985023,171673125996095,171673125998140,171673126005873,171673126005954,265650,93825186940240,4375639744,7,2732,1151,5324
171673134314268,171673134331484,171673134342762,171673134344941,171673134353087,171673134353138,265650,93825186940240,4375639744,7,2732,1151,5325
171673142688262,171673142710150,171673142722308,171673142724968,171673142729882,171673142729931,265650,93825186940240,4375639744,7,2732,1151,5326
171673150972114,171673150990528,171673151004262,171673151006199,171673151014246,171673151014292,265650,93825186940240,4375639744,7,2732,1151,5327
171673159334320,171673159353443,171673159364651,171673159366783,171673159372806,171673159372877,265650,93825186940240,4375639744,7,2732,1151,5328
171673167630293,171673167647556,171673167658448,171673167660598,171673167665872,171673167665916,265650,93825186940240,4375639744,7,2732,1151,5329
171673175957732,171673175975077,171673175986400,171673175988311,171673175992954,171673175993003,265650,93825186940240,4375639744,7,2732,1151,5330
171673184314427,171673184338686,171673184350685,171673184353707,171673184369717,171673184369782,265650,93825186940240,4375639744,7,2732,1151,5331
171673192670394,171673192688288,171673192699585,171673192701728,171673192705869,171673192705932,265650,93825186940240,4375639744,7,2732,1151,5332
171673200960004,171673200977523,171673200988622,171673200990485,171673200995563,171673200995608,265650,93825186940240,4375639744,7,2732,1151,5333
171673209297312,171673209316485,171673209329537,171673209332627,171673209340156,171673209340202,265650,93825186940240,4375639744,7,2732,1151,5334
171673217652937,171673217672061,171673217683043,171673217685195,171673217698484,171673217698552,265650,93825186940240,4375639744,7,2732,1151,5335
171673226014288,171673226032379,171673226042983,171673226045018,171673226050996,171673226051050,265650,93825186940240,4375639744,7,2732,1151,5336
171673234295537,171673234313813,171673234325232,171673234327029,171673234332207,171673234332271,265650,93825186940240,4375639744,7,2732,1151,5337
171673242688157,171673242724253,171673242735852,171673242738554,171673242742918,171673242742961,265650,93825186940240,4375639744,7,2732,1151,5338
171673250962102,171673250979396,171673250990295,171673250992405,171673250997687,171673250997731,265650,93825186940240,4375639744,7,2732,1151,5339
171673259307276,171673259328094,171673259341017,171673259343959,171673259351052,171673259351126,265650,93825186940240,4375639744,7,2732,1151,5340
171673267634363,171673267650700,171673267662197,171673267664303,171673267670674,171673267670726,265650,93825186940240,4375639744,7,2732,1151,5341
171673275998500,171673276019062,171673276029891,171673276031595,171673276038566,171673276038634,265650,93825186940240,4375639744,7,2732,1151,5342
171673284305338,171673284324010,171673284335857,171673284339186,171673284348930,171673284348984,265650,93825186940240,4375639744,7,2732,1151,5343
171673292674036,171673292689005,171673292699958,171673292702091,171673292706526,171673292706593,265650,93825186940240,4375639744,7,2732,1151,5344
171673300960397,171673300976502,171673300987240,171673300989102,171673300995032,171673300995093,265650,93825186940240,4375639744,7,2732,1151,5345
171673309327853,171673309341191,171673309352210,171673309354317,171673309360446,171673309360511,265650,93825186940240,4375639744,7,2732,1151,5346
171673317632018,171673317649461,171673317669517,171673317671608,171673317677034,171673317677096,265650,93825186940240,4375639744,7,2732,1151,5347
171673325963179,171673325980420,171673325991249,171673325993334,171673325997866,171673325997924,265650,93825186940240,4375639744,7,2732,1151,5348
171673334302573,171673334319378,171673334331427,171673334336266,171673334342097,171673334342149,265650,93825186940240,4375639744,7,2732,1151,5349
171673342687994,171673342710068,171673342721996,171673342724781,171673342731638,171673342731683,265650,93825186940240,4375639744,7,2732,1151,5350
171673351005113,171673351017902,171673351029024,171673351030835,171673351039199,171673351039262,265650,93825186940240,4375639744,7,2732,1151,5351
171673359463664,171673359476822,171673359487867,171673359489238,171673359497268,171673359497356,265650,93825186940240,4375639744,7,2732,1151,5352
171673367705845,171673367715741,171673367723628,171673367724314,171673367729883,171673367729949,265650,93825186940240,4375639744,7,2732,1151,5353
171673375996708,171673376012272,171673376023167,171673376024366,171673376029722,171673376029809,265650,93825186940240,4375639744,7,2732,1151,5354
171673384307090,171673384317198,171673384325637,171673384326503,171673384333379,171673384333441,265650,93825186940240,4375639744,7,2732,1151,5355
171673392788424,171673392810208,171673392820768,171673392821765,171673392827524,171673392827608,265650,93825186940240,4375639744,7,2732,1151,5356
171673401043559,171673401056527,171673401067301,171673401068199,171673401075388,171673401075466,265650,93825186940240,4375639744,7,2732,1151,5357
171673409295191,171673409304470,171673409312621,171673409313285,171673409318457,171673409318516,265650,93825186940240,4375639744,7,2732,1151,5358
171673417739732,171673417752900,171673417763678,171673417764743,171673417771322,171673417771396,265650,93825186940240,4375639744,7,2732,1151,5359
171673425994017,171673426008272,171673426017252,171673426018424,171673426025328,171673426025391,265650,93825186940240,4375639744,7,2732,1151,5360
171673434305079,171673434316762,171673434325809,171673434327006,171673434334040,171673434334114,265650,93825186940240,4375639744,7,2732,1151,5361
171673442672448,171673442681645,171673442689538,171673442690508,171673442696429,171673442696478,265650,93825186940240,4375639744,7,2732,1151,5362
171673450992416,171673451015722,171673451027406,171673451030118,171673451038059,171673451038147,265650,93825186940240,4375639744,7,2732,1151,5363
171673459333766,171673459354306,171673459366453,171673459369041,171673459377891,171673459377969,265650,93825186940240,4375639744,7,2732,1151,5364
171673467679687,171673467700612,171673467712197,171673467714812,171673467723062,171673467723140,265650,93825186940240,4375639744,7,2732,1151,5365
171673476010871,171673476032417,171673476044054,171673476046693,171673476055081,171673476055170,265650,93825186940240,4375639744,7,2732,1151,5366
171673484359366,171673484374534,171673484385212,171673484387499,171673484396114,171673484396182,265650,93825186940240,4375639744,7,2732,1151,5367
171673492690785,171673492712890,171673492725011,171673492727563,171673492739698,171673492739799,265650,93825186940240,4375639744,7,2732,1151,5368
171673501039723,171673501056430,171673501069121,171673501070988,171673501081259,171673501081351,265650,93825186940240,4375639744,7,2732,1151,5369
171673509413455,171673509426846,171673509438426,171673509439595,171673509445772,171673509445865,265650,93825186940240,4375639744,7,2732,1151,5370
171673517678654,171673517688416,171673517696070,171673517697150,171673517703684,171673517703739,265650,93825186940240,4375639744,7,2732,1151,5371
171673526079400,171673526092777,171673526104082,171673526105261,171673526112617,171673526112710,265650,93825186940240,4375639744,7,2732,1151,5372
171673534309523,171673534321854,171673534332983,171673534333897,171673534338679,171673534338756,265650,93825186940240,4375639744,7,2732,1151,5373
171673542770459,171673542797292,171673542808050,171673542808912,171673542813997,171673542814072,265650,93825186940240,4375639744,7,2732,1151,5374
171673550993862,171673551024241,171673551035347,171673551038294,171673551044972,171673551045089,265650,93825186940240,4375639744,7,2732,1151,5375
171673559307503,171673559321473,171673559332100,171673559333787,171673559341817,171673559341985,265650,93825186940240,4375639744,7,2732,1151,5376
171673567644296,171673567661583,171673567672910,171673567675008,171673567684701,171673567684787,265650,93825186940240,4375639744,7,2732,1151,5377
171673576019203,171673576038640,171673576049182,171673576051398,171673576057015,171673576057080,265650,93825186940240,4375639744,7,2732,1151,5378
171673584317954,171673584335443,171673584346949,171673584349083,171673584357055,171673584357144,265650,93825186940240,4375639744,7,2732,1151,5379
171673592641039,171673592654618,171673592665337,171673592667326,171673592674680,171673592674734,265650,93825186940240,4375639744,7,2732,1151,5380
171673600973334,171673600988313,171673600999222,171673601004619,171673601009100,171673601009189,265650,93825186940240,4375639744,7,2732,1151,5381
171673609315225,171673609333080,171673609344138,171673609346332,171673609352616,171673609352666,265650,93825186940240,4375639744,7,2732,1151,5382
171673617680587,171673617703239,171673617715606,171673617719449,171673617733415,171673617733485,265650,93825186940240,4375639744,7,2732,1151,5383
171673625977106,171673625993857,171673626009426,171673626011578,171673626018704,171673626018764,265650,93825186940240,4375639744,7,2732,1151,5384
171673634304861,171673634319333,171673634330757,171673634333218,171673634344026,171673634344080,265650,93825186940240,4375639744,7,2732,1151,5385
171673642698929,171673642714390,171673642724826,171673642726497,171673642734747,171673642734804,265650,93825186940240,4375639744,7,2732,1151,5386
171673650993947,171673651014095,171673651024880,171673651027172,171673651034839,171673651034897,265650,93825186940240,4375639744,7,2732,1151,5387
171673659497579,171673659512388,171673659524195,171673659525840,171673659532843,171673659532936,265650,93825186940240,4375639744,7,2732,1151,5388
171673667659680,171673667678800,171673667689389,171673667691951,171673667702857,171673667702970,265650,93825186940240,4375639744,7,2732,1151,5389
171673676048466,171673676064844,171673676075489,171673676077504,171673676089769,171673676089842,265650,93825186940240,4375639744,7,2732,1151,5390
171673684327453,171673684345027,171673684355864,171673684357958,171673684365447,171673684365519,265650,93825186940240,4375639744,7,2732,1151,5391
171673692703653,171673692723050,171673692734875,171673692737778,171673692749624,171673692749686,265650,93825186940240,4375639744,7,2732,1151,5392
171673700985179,171673701004005,171673701015092,171673701016775,171673701025741,171673701025820,265650,93825186940240,4375639744,7,2732,1151,5393
171673709309000,171673709324824,171673709336213,171673709337912,171673709344780,171673709344857,265650,93825186940240,4375639744,7,2732,1151,5394
171673717671558,171673717689063,171673717699932,171673717702595,171673717711240,171673717711310,265650,93825186940240,4375639744,7,2732,1151,5395
171673726003202,171673726019433,171673726030747,171673726032782,171673726041196,171673726041256,265650,93825186940240,4375639744,7,2732,1151,5396
171673734322520,171673734339776,171673734350512,171673734352093,171673734360334,171673734360419,265650,93825186940240,4375639744,7,2732,1151,5397
171673742698816,171673742715166,171673742726033,171673742727877,171673742734841,171673742734902,265650,93825186940240,4375639744,7,2732,1151,5398
171673750992730,171673751013590,171673751024167,171673751026388,171673751031584,171673751031646,265650,93825186940240,4375639744,7,2732,1151,5399
171673759330431,171673759351751,171673759364585,171673759367642,171673759379173,171673759379250,265650,93825186940240,4375639744,7,2732,1151,5400
171673767667714,171673767680724,171673767689568,171673767691468,171673767697960,171673767698026,265650,93825186940240,4375639744,7,2732,1151,5401
171673776079167,171673776091567,171673776102480,171673776103541,171673776110927,171673776111015,265650,93825186940240,4375639744,7,2732,1151,5402
171673784318433,171673784332433,171673784343527,171673784344685,171673784352289,171673784352386,265650,93825186940240,4375639744,7,2732,1151,5403
171673792699417,171673792712789,171673792723525,171673792724876,171673792729397,171673792729488,265650,93825186940240,4375639744,7,2732,1151,5404
171673801101667,171673801116047,171673801127215,171673801128625,171673801135693,171673801135792,265650,93825186940240,4375639744,7,2732,1151,5405
171673809319386,171673809329128,171673809337469,171673809338625,171673809344061,171673809344130,265650,93825186940240,4375639744,7,2732,1151,5406
171673817746202,171673817759313,171673817770024,171673817771204,171673817776322,171673817776410,265650,93825186940240,4375639744,7,2732,1151,5407
171673826101104,171673826112961,171673826123551,171673826124400,171673826129056,171673826129139,265650,93825186940240,4375639744,7,2732,1151,5408
171673834324627,171673834338297,171673834349592,171673834350669,171673834357678,171673834357782,265650,93825186940240,4375639744,7,2732,1151,5409
171673842770336,171673842782960,171673842793550,171673842794427,171673842800309,171673842800387,265650,93825186940240,4375639744,7,2732,1151,5410
171673851016695,171673851038235,171673851049829,171673851053006,171673851066143,171673851066240,265650,93825186940240,4375639744,7,2732,1151,5411
171673859332772,171673859349975,171673859361020,171673859363088,171673859372574,171673859372648,265650,93825186940240,4375639744,7,2732,1151,5412
171673867698814,171673867716869,171673867728024,171673867730771,171673867741892,171673867741978,265650,93825186940240,4375639744,7,2732,1151,5413
171673876064025,171673876081588,171673876093123,171673876096191,171673876105636,171673876105689,265650,93825186940240,4375639744,7,2732,1151,5414
171673884340354,171673884357685,171673884369020,171673884371167,171673884379752,171673884379812,265650,93825186940240,4375639744,7,2732,1151,5415
171673892717453,171673892741388,171673892753836,171673892756891,171673892766729,171673892766793,265650,93825186940240,4375639744,7,2732,1151,5416
171673901025385,171673901044797,171673901056066,171673901058350,171673901066347,171673901066409,265650,93825186940240,4375639744,7,2732,1151,5417
171673909326898,171673909342179,171673909353390,171673909355507,171673909361797,171673909361864,265650,93825186940240,4375639744,7,2732,1151,5418
171673917699779,171673917720925,171673917733550,171673917737155,171673917752045,171673917752093,265650,93825186940240,4375639744,7,2732,1151,5419
171673926011743,171673926028974,171673926039820,171673926042022,171673926053762,171673926053841,265650,93825186940240,4375639744,7,2732,1151,5420
171673934410722,171673934434156,171673934447376,171673934450941,171673934464674,171673934464764,265650,93825186940240,4375639744,7,2732,1151,5421
171673942664884,171673942680349,171673942690933,171673942693148,171673942699181,171673942699277,265650,93825186940240,4375639744,7,2732,1151,5422
171673950995232,171673951017085,171673951027947,171673951030672,171673951035980,171673951036065,265650,93825186940240,4375639744,7,2732,1151,5423
171673959326590,171673959343424,171673959354380,171673959356149,171673959363030,171673959363126,265650,93825186940240,4375639744,7,2732,1151,5424
171673967676486,171673967698830,171673967711300,171673967714626,171673967721618,171673967721672,265650,93825186940240,4375639744,7,2732,1151,5425
171673976050570,171673976065510,171673976075991,171673976078027,171673976082082,171673976082142,265650,93825186940240,4375639744,7,2732,1151,5426
171673984324814,171673984343524,171673984354626,171673984356670,171673984364084,171673984364135,265650,93825186940240,4375639744,7,2732,1151,5427
171673992713034,171673992733133,171673992745226,171673992748207,171673992756588,171673992756650,265650,93825186940240,4375639744,7,2732,1151,5428
171674001008532,171674001025939,171674001036704,171674001038533,171674001047218,171674001047273,265650,93825186940240,4375639744,7,2732,1151,5429
171674009379752,171674009396818,171674009407686,171674009409483,171674009417129,171674009417203,265650,93825186940240,4375639744,7,2732,1151,5430
171674017666674,171674017683063,171674017694119,171674017696249,171674017702252,171674017702313,265650,93825186940240,4375639744,7,2732,1151,5431
171674026046328,171674026060073,171674026070374,171674026071816,171674026079385,171674026079444,265650,93825186940240,4375639744,7,2732,1151,5432
171674034327423,171674034343300,171674034353777,171674034355815,171674034363938,171674034363994,265650,93825186940240,4375639744,7,2732,1151,5433
171674042670317,171674042686474,171674042697106,171674042699227,171674042705446,171674042705512,265650,93825186940240,4375639744,7,2732,1151,5434
171674051015915,171674051034544,171674051045714,171674051047822,171674051056265,171674051056360,265650,93825186940240,4375639744,7,2732,1151,5435
171674059335189,171674059348681,171674059359387,171674059361587,171674059367197,171674059367272,265650,93825186940240,4375639744,7,2732,1151,5436
171674067669498,171674067683793,171674067693968,171674067696290,171674067703071,171674067703197,265650,93825186940240,4375639744,7,2732,1151,5437
171674076012221,171674076030772,171674076041127,171674076043036,171674076048690,171674076048749,265650,93825186940240,4375639744,7,2732,1151,5438
171674084397244,171674084415307,171674084426463,171674084428920,171674084439559,171674084439653,265650,93825186940240,4375639744,7,2732,1151,5439
171674092697266,171674092712924,171674092724286,171674092726511,171674092734431,171674092734486,265650,93825186940240,4375639744,7,2732,1151,5440
171674101008852,171674101024870,171674101035732,171674101037893,171674101044792,171674101044853,265650,93825186940240,4375639744,7,2732,1151,5441
171674109332816,171674109347463,171674109358655,171674109360647,171674109366476,171674109366525,265650,93825186940240,4375639744,7,2732,1151,5442
171674117664706,171674117682420,171674117693252,171674117695071,171674117700595,171674117700664,265650,93825186940240,4375639744,7,2732,1151,5443
171674126011195,171674126028462,171674126039435,171674126041308,171674126050558,171674126050627,265650,93825186940240,4375639744,7,2732,1151,5444
171674134359864,171674134377333,171674134387890,171674134389862,171674134397763,171674134397827,265650,93825186940240,4375639744,7,2732,1151,5445
171674142669318,171674142684275,171674142694970,171674142696805,171674142701484,171674142701533,265650,93825186940240,4375639744,7,2732,1151,5446
171674151011675,171674151030512,171674151041570,171674151044037,171674151067197,171674151067296,265650,93825186940240,4375639744,7,2732,1151,5447
171674159386996,171674159398626,171674159407606,171674159409398,171674159413852,171674159413917,265650,93825186940240,4375639744,7,2732,1151,5448
171674167705413,171674167715083,171674167723396,171674167724932,171674167731026,171674167731100,265650,93825186940240,4375639744,7,2732,1151,5449
171674176123365,171674176138346,171674176149945,171674176151517,171674176159129,171674176159226,265650,93825186940240,4375639744,7,2732,1151,5450
171674184338608,171674184359758,171674184372188,171674184375001,171674184386749,171674184386838,265650,93825186940240,4375639744,7,2732,1151,5451
171674192671042,171674192685465,171674192696489,171674192698486,171674192707870,171674192707950,265650,93825186940240,4375639744,7,2732,1151,5452
171674201023568,171674201040901,171674201051556,171674201053764,171674201062447,171674201062517,265650,93825186940240,4375639744,7,2732,1151,5453
171674209333916,171674209351027,171674209361969,171674209363831,171674209369873,171674209369932,265650,93825186940240,4375639744,7,2732,1151,5454
171674217709567,171674217730581,171674217743065,171674217745964,171674217761662,171674217761734,265650,93825186940240,4375639744,7,2732,1151,5455
171674225997509,171674226017730,171674226028212,171674226030127,171674226038716,171674226038775,265650,93825186940240,4375639744,7,2732,1151,5456
171674234344688,171674234362837,171674234373912,171674234375584,171674234380719,171674234380799,265650,93825186940240,4375639744,7,2732,1151,5457
171674242674901,171674242690619,171674242701487,171674242703459,171674242709451,171674242709517,265650,93825186940240,4375639744,7,2732,1151,5458
171674251018437,171674251035539,171674251046526,171674251048534,171674251054720,171674251054785,265650,93825186940240,4375639744,7,2732,1151,5459
171674259339317,171674259353988,171674259364831,171674259366803,171674259373901,171674259373962,265650,93825186940240,4375639744,7,2732,1151,5460
171674267669620,171674267685796,171674267696238,171674267698108,171674267705092,171674267705154,265650,93825186940240,4375639744,7,2732,1151,5461
171674275998618,171674276015777,171674276026154,171674276027853,171674276036254,171674276036315,265650,93825186940240,4375639744,7,2732,1151,5462
171674284341476,171674284359663,171674284370768,171674284372639,171674284386197,171674284386292,265650,93825186940240,4375639744,7,2732,1151,5463
171674292673996,171674292690823,171674292701773,171674292703476,171674292711997,171674292712064,265650,93825186940240,4375639744,7,2732,1151,5464
171674301014326,171674301033052,171674301044011,171674301045915,171674301052378,171674301052434,265650,93825186940240,4375639744,7,2732,1151,5465
171674309347254,171674309364339,171674309375325,171674309377565,171674309383702,171674309383762,265650,93825186940240,4375639744,7,2732,1151,5466
171674317704630,171674317723468,171674317734193,171674317736226,171674317747744,171674317747815,265650,93825186940240,4375639744,7,2732,1151,5467
171674326012658,171674326030459,171674326041617,171674326043527,171674326050936,171674326050986,265650,93825186940240,4375639744,7,2732,1151,5468
171674334360344,171674334378525,171674334389424,171674334399336,171674334409447,171674334409509,265650,93825186940240,4375639744,7,2732,1151,5469
171674342697949,171674342712290,171674342721422,171674342722741,171674342727330,171674342727393,265650,93825186940240,4375639744,7,2732,1151,5470
171674351058976,171674351071187,171674351081734,171674351082847,171674351088201,171674351088286,265650,93825186940240,4375639744,7,2732,1151,5471
171674359369424,171674359379920,171674359388684,171674359389475,171674359394090,171674359394163,265650,93825186940240,4375639744,7,2732,1151,5472
171674367759323,171674367849220,171674367859604,171674367860392,171674367864969,171674367865049,265650,93825186940240,4375639744,7,2732,1151,5473
171674376028225,171674376040220,171674376050722,171674376051561,171674376056357,171674376056437,265650,93825186940240,4375639744,7,2732,1151,5474
171674384339085,171674384350434,171674384358368,171674384359075,171674384363178,171674384363238,265650,93825186940240,4375639744,7,2732,1151,5475
171674392756809,171674392768903,171674392779428,171674392780280,171674392785016,171674392785092,265650,93825186940240,4375639744,7,2732,1151,5476
171674401026326,171674401038571,171674401047244,171674401048223,171674401055758,171674401055823,265650,93825186940240,4375639744,7,2732,1151,5477
171674409348614,171674409362149,171674409371595,171674409373676,171674409380860,171674409380932,265650,93825186940240,4375639744,7,2732,1151,5478
171674417865007,171674417883289,171674417894815,171674417896126,171674417906116,171674417906207,265650,93825186940240,4375639744,7,2732,1151,5479
171674426084783,171674426098817,171674426109483,171674426110492,171674426114613,171674426114694,265650,93825186940240,4375639744,7,2732,1151,5480
171674434336936,171674434371029,171674434381627,171674434382968,171674434388694,171674434388776,265650,93825186940240,4375639744,7,2732,1151,5481
171674442671253,171674442684762,171674442695117,171674442696039,171674442702386,171674442702460,265650,93825186940240,4375639744,7,2732,1151,5482
171674451028593,171674451048942,171674451060925,171674451063629,171674451073179,171674451073268,265650,93825186940240,4375639744,7,2732,1151,5483
171674459338446,171674459352097,171674459363355,171674459365459,171674459372312,171674459372370,265650,93825186940240,4375639744,7,2732,1151,5484
171674467685696,171674467704752,171674467715804,171674467717599,171674467726488,171674467726575,265650,93825186940240,4375639744,7,2732,1151,5485
171674476010033,171674476026929,171674476038131,171674476040138,171674476049461,171674476049530,265650,93825186940240,4375639744,7,2732,1151,5486
171674484343192,171674484360628,171674484371855,171674484374071,171674484381110,171674484381184,265650,93825186940240,4375639744,7,2732,1151,5487
171674492691936,171674492710475,171674492721362,171674492723488,171674492732688,171674492732781,265650,93825186940240,4375639744,7,2732,1151,5488
171674501018958,171674501037267,171674501048346,171674501050257,171674501057678,171674501057733,265650,93825186940240,4375639744,7,2732,1151,5489
171674509347354,171674509365291,171674509376213,171674509378131,171674509387053,171674509387146,265650,93825186940240,4375639744,7,2732,1151,5490
171674517704181,171674517728122,171674517739855,171674517743001,171674517753255,171674517753337,265650,93825186940240,4375639744,7,2732,1151,5491
171674525998837,171674526017034,171674526027961,171674526029627,171674526036225,171674526036290,265650,93825186940240,4375639744,7,2732,1151,5492
171674534345371,171674534363508,171674534374628,171674534376789,171674534384796,171674534384858,265650,93825186940240,4375639744,7,2732,1151,5493
171674542688323,171674542705775,171674542716406,171674542718084,171674542730478,171674542730525,265650,93825186940240,4375639744,7,2732,1151,5494
171674551025718,171674551042446,171674551053913,171674551055872,171674551066275,171674551066336,265650,93825186940240,4375639744,7,2732,1151,5495
171674559350009,171674559366265,171674559377172,171674559378981,171674559389620,171674559389683,265650,93825186940240,4375639744,7,2732,1151,5496
171674567686432,171674567705101,171674567716487,171674567718974,171674567735904,171674567735948,265650,93825186940240,4375639744,7,2732,1151,5497
171674576040060,171674576056752,171674576067300,171674576068997,171674576079781,171674576079830,265650,93825186940240,4375639744,7,2732,1151,5498
171674584357677,171674584370783,171674584381033,171674584384205,171674584389794,171674584389869,265650,93825186940240,4375639744,7,2732,1151,5499
171674592699992,171674592711135,171674592720348,171674592721679,171674592729025,171674592729112,265650,93825186940240,4375639744,7,2732,1151,5500
171674601013223,171674601023623,171674601031973,171674601032878,171674601039726,171674601039796,265650,93825186940240,4375639744,7,2732,1151,5501
171674609360887,171674609379564,171674609390675,171674609393154,171674609405546,171674609405642,265650,93825186940240,4375639744,7,2732,1151,5502
171674617706190,171674617725032,171674617736219,171674617738590,171674617747727,171674617747812,265650,93825186940240,4375639744,7,2732,1151,5503
171674626062058,171674626077375,171674626088055,171674626089961,171674626096852,171674626096918,265650,93825186940240,4375639744,7,2732,1151,5504
171674634344109,171674634361477,171674634373066,171674634374806,171674634382026,171674634382091,265650,93825186940240,4375639744,7,2732,1151,5505
171674642733775,171674642750262,171674642761052,171674642763053,171674642770744,171674642770799,265650,93825186940240,4375639744,7,2732,1151,5506
171674651020964,171674651038358,171674651049179,171674651051268,171674651058273,171674651058331,265650,93825186940240,4375639744,7,2732,1151,5507
171674659340105,171674659354699,171674659365695,171674659367457,171674659374279,171674659374343,265650,93825186940240,4375639744,7,2732,1151,5508
171674667731304,171674667746831,171674667758348,171674667761287,171674667772112,171674667772179,265650,93825186940240,4375639744,7,2732,1151,5509
171674676067283,171674676083665,171674676094670,171674676096651,171674676102823,171674676102883,265650,93825186940240,4375639744,7,2732,1151,5510
171674684390580,171674684408174,171674684418745,171674684420709,171674684427196,171674684427241,265650,93825186940240,4375639744,7,2732,1151,5511
171674692722363,171674692744612,171674692755890,171674692758342,171674692764091,171674692764201,265650,93825186940240,4375639744,7,2732,1151,5512
171674701018235,171674701034920,171674701045913,171674701048046,171674701055571,171674701055676,265650,93825186940240,4375639744,7,2732,1151,5513
171674709351477,171674709368772,171674709380306,171674709382400,171674709388417,171674709388492,265650,93825186940240,4375639744,7,2732,1151,5514
171674717724934,171674717742268,171674717754226,171674717757148,171674717767229,171674717767309,265650,93825186940240,4375639744,7,2732,1151,5515
171674726011660,171674726026090,171674726036951,171674726038666,171674726043744,171674726043808,265650,93825186940240,4375639744,7,2732,1151,5516
171674734394195,171674734411115,171674734422347,171674734424249,171674734431952,171674734432026,265650,93825186940240,4375639744,7,2732,1151,5517
171674742742581,171674742765473,171674742777879,171674742781082,171674742789158,171674742789220,265650,93825186940240,4375639744,7,2732,1151,5518
171674751018454,171674751034113,171674751045015,171674751046923,171674751052873,171674751052945,265650,93825186940240,4375639744,7,2732,1151,5519
171674759349926,171674759366699,171674759377366,171674759379040,171674759385296,171674759385350,265650,93825186940240,4375639744,7,2732,1151,5520
171674767689569,171674767706319,171674767717142,171674767719180,171674767725597,171674767725662,265650,93825186940240,4375639744,7,2732,1151,5521
171674776025906,171674776042949,171674776053809,171674776055808,171674776062243,171674776062307,265650,93825186940240,4375639744,7,2732,1151,5522
171674784356017,171674784371843,171674784382799,171674784384712,171674784390220,171674784390302,265650,93825186940240,4375639744,7,2732,1151,5523
171674792681469,171674792696754,171674792707517,171674792709222,171674792715617,171674792715695,265650,93825186940240,4375639744,7,2732,1151,5524
171674801047560,171674801067251,171674801078367,171674801080540,171674801088166,171674801088263,265650,93825186940240,4375639744,7,2732,1151,5525
171674809418786,171674809435834,171674809446787,171674809448685,171674809454517,171674809454594,265650,93825186940240,4375639744,7,2732,1151,5526
171674817744775,171674817763440,171674817775359,171674817778281,171674817786560,171674817786651,265650,93825186940240,4375639744,7,2732,1151,5527
171674826027398,171674826043971,171674826055224,171674826057390,171674826066179,171674826066243,265650,93825186940240,4375639744,7,2732,1151,5528
171674834369469,171674834385769,171674834396772,171674834398814,171674834405554,171674834405625,265650,93825186940240,4375639744,7,2732,1151,5529
171674842749105,171674842771459,171674842783280,171674842786454,171674842799375,171674842799455,265650,93825186940240,4375639744,7,2732,1151,5530
171674851032049,171674851050158,171674851060820,171674851062911,171674851070073,171674851070146,265650,93825186940240,4375639744,7,2732,1151,5531
171674859370325,171674859388274,171674859399401,171674859401341,171674859410646,171674859410735,265650,93825186940240,4375639744,7,2732,1151,5532
171674867764597,171674867788240,171674867800946,171674867804462,171674867814943,171674867815160,265650,93825186940240,4375639744,7,2732,1151,5533
171674876063580,171674876080524,171674876091352,171674876093178,171674876100877,171674876100946,265650,93825186940240,4375639744,7,2732,1151,5534
171674884373133,171674884391611,171674884402645,171674884404938,171674884415935,171674884416024,265650,93825186940240,4375639744,7,2732,1151,5535
171674892754977,171674892772734,171674892783853,171674892786067,171674892795740,171674892795805,265650,93825186940240,4375639744,7,2732,1151,5536
171674901045694,171674901062872,171674901074278,171674901076617,171674901085147,171674901085196,265650,93825186940240,4375639744,7,2732,1151,5537
171674909386403,171674909408838,171674909420923,171674909423823,171674909439735,171674909439803,265650,93825186940240,4375639744,7,2732,1151,5538
171674917756198,171674917773364,171674917783868,171674917785954,171674917796345,171674917796409,265650,93825186940240,4375639744,7,2732,1151,5539
171674926048323,171674926065796,171674926076602,171674926078783,171674926089393,171674926089447,265650,93825186940240,4375639744,7,2732,1151,5540
171674934376190,171674934392239,171674934403730,171674934405898,171674934414221,171674934414307,265650,93825186940240,4375639744,7,2732,1151,5541
171674942712561,171674942732147,171674942743495,171674942746491,171674942757149,171674942757209,265650,93825186940240,4375639744,7,2732,1151,5542
171674951044630,171674951061759,171674951072608,171674951074507,171674951081589,171674951081650,265650,93825186940240,4375639744,7,2732,1151,5543
171674959358641,171674959374169,171674959385462,171674959387476,171674959392796,171674959392863,265650,93825186940240,4375639744,7,2732,1151,5544
171674967740584,171674967759057,171674967770714,171674967773810,171674967780464,171674967780532,265650,93825186940240,4375639744,7,2732,1151,5545
171674976027984,171674976044013,171674976054763,171674976056922,171674976064128,171674976064181,265650,93825186940240,4375639744,7,2732,1151,5546
171674984371671,171674984387805,171674984398626,171674984400427,171674984409650,171674984409696,265650,93825186940240,4375639744,7,2732,1151,5547
171674992771267,171674992792454,171674992803250,171674992806374,171674992815344,171674992815425,265650,93825186940240,4375639744,7,2732,1151,5548
171675001086341,171675001103001,171675001113863,171675001115983,171675001122667,171675001122709,265650,93825186940240,4375639744,7,2732,1151,5549
171675009379898,171675009397612,171675009409454,171675009412501,171675009421727,171675009421769,265650,93825186940240,4375639744,7,2732,1151,5550
171675017734065,171675017755446,171675017767489,171675017770690,171675017783717,171675017783804,265650,93825186940240,4375639744,7,2732,1151,5551
171675026024881,171675026038082,171675026048341,171675026049784,171675026055391,171675026055453,265650,93825186940240,4375639744,7,2732,1151,5552
171675034357379,171675034373607,171675034384591,171675034386455,171675034392913,171675034393027,265650,93825186940240,4375639744,7,2732,1151,5553
171675042766171,171675042787544,171675042798168,171675042800071,171675042808260,171675042808307,265650,93825186940240,4375639744,7,2732,1151,5554
171675051058438,171675051076507,171675051087917,171675051089808,171675051102860,171675051102933,265650,93825186940240,4375639744,7,2732,1151,5555
171675059367348,171675059383224,171675059394095,171675059395995,171675059404139,171675059404202,265650,93825186940240,4375639744,7,2732,1151,5556
171675067734202,171675067751666,171675067762823,171675067764759,171675067771099,171675067771157,265650,93825186940240,4375639744,7,2732,1151,5557
171675076031864,171675076048328,171675076058887,171675076060766,171675076067683,171675076067732,265650,93825186940240,4375639744,7,2732,1151,5558
171675084436631,171675084459312,171675084471471,171675084474675,171675084483493,171675084483570,265650,93825186940240,4375639744,7,2732,1151,5559
171675092738250,171675092761266,171675092774572,171675092777936,171675092790400,171675092790450,265650,93825186940240,4375639744,7,2732,1151,5560
171675101090805,171675101108929,171675101120769,171675101122891,171675101135646,171675101135740,265650,93825186940240,4375639744,7,2732,1151,5561
171675109374945,171675109393333,171675109404655,171675109406732,171675109414263,171675109414349,265650,93825186940240,4375639744,7,2732,1151,5562
171675117762317,171675117784201,171675117796891,171675117800302,171675117813204,171675117813270,265650,93825186940240,4375639744,7,2732,1151,5563
171675126027389,171675126041530,171675126052286,171675126054235,171675126059383,171675126059442,265650,93825186940240,4375639744,7,2732,1151,5564
171675134457607,171675134480391,171675134491857,171675134493496,171675134499515,171675134499565,265650,93825186940240,4375639744,7,2732,1151,5565
171675142764305,171675142781300,171675142791703,171675142793613,171675142805368,171675142805438,265650,93825186940240,4375639744,7,2732,1151,5566
171675151056321,171675151075496,171675151086848,171675151088909,171675151098230,171675151098307,265650,93825186940240,4375639744,7,2732,1151,5567
171675159420453,171675159436419,171675159448528,171675159450641,171675159458201,171675159458261,265650,93825186940240,4375639744,7,2732,1151,5568
171675167739244,171675167762187,171675167773881,171675167776538,171675167796372,171675167796473,265650,93825186940240,4375639744,7,2732,1151,5569
171675176067757,171675176086814,171675176098313,171675176100922,171675176111594,171675176111659,265650,93825186940240,4375639744,7,2732,1151,5570
171675184379762,171675184396370,171675184407498,171675184409778,171675184417905,171675184417982,265650,93825186940240,4375639744,7,2732,1151,5571
171675192766307,171675192785821,171675192798409,171675192801278,171675192813743,171675192813807,265650,93825186940240,4375639744,7,2732,1151,5572
171675201040144,171675201055633,171675201067048,171675201068842,171675201077104,171675201077147,265650,93825186940240,4375639744,7,2732,1151,5573
171675209434250,171675209453682,171675209465787,171675209468911,171675209489060,171675209489137,265650,93825186940240,4375639744,7,2732,1151,5574
171675217715209,171675217736948,171675217749787,171675217753291,171675217762282,171675217762349,265650,93825186940240,4375639744,7,2732,1151,5575
171675226041979,171675226053916,171675226064756,171675226066412,171675226073218,171675226073271,265650,93825186940240,4375639744,7,2732,1151,5576
171675234378675,171675234395842,171675234407275,171675234409436,171675234414441,171675234414508,265650,93825186940240,4375639744,7,2732,1151,5577
171675242770102,171675242790889,171675242803229,171675242806399,171675242815096,171675242815151,265650,93825186940240,4375639744,7,2732,1151,5578
171675251086653,171675251103011,171675251113501,171675251115374,171675251120221,171675251120278,265650,93825186940240,4375639744,7,2732,1151,5579
171675259431365,171675259448907,171675259459686,171675259461259,171675259466380,171675259466452,265650,93825186940240,4375639744,7,2732,1151,5580
171675267754912,171675267772102,171675267783133,171675267784920,171675267790122,171675267790182,265650,93825186940240,4375639744,7,2732,1151,5581
171675276048360,171675276064704,171675276075056,171675276076690,171675276081869,171675276081932,265650,93825186940240,4375639744,7,2732,1151,5582
171675284436780,171675284452244,171675284463138,171675284465183,171675284470495,171675284470609,265650,93825186940240,4375639744,7,2732,1151,5583
171675292764442,171675292786305,171675292797560,171675292799967,171675292808047,171675292808110,265650,93825186940240,4375639744,7,2732,1151,5584
171675301053589,171675301071784,171675301082760,171675301084859,171675301090556,171675301090634,265650,93825186940240,4375639744,7,2732,1151,5585
171675309444370,171675309461256,171675309472527,171675309474597,171675309482091,171675309482159,265650,93825186940240,4375639744,7,2732,1151,5586
171675317727077,171675317749967,171675317761390,171675317764020,171675317772491,171675317772536,265650,93825186940240,4375639744,7,2732,1151,5587
171675326052803,171675326067021,171675326078164,171675326080118,171675326083852,171675326083896,265650,93825186940240,4375639744,7,2732,1151,5588
171675334430368,171675334447153,171675334458550,171675334460417,171675334464900,171675334464941,265650,93825186940240,4375639744,7,2732,1151,5589
171675342776474,171675342794557,171675342804929,171675342806717,171675342810867,171675342810925,265650,93825186940240,4375639744,7,2732,1151,5590
171675351058040,171675351074446,171675351084917,171675351086769,171675351094213,171675351094274,265650,93825186940240,4375639744,7,2732,1151,5591
171675359387540,171675359406155,171675359417265,171675359419305,171675359426676,171675359426730,265650,93825186940240,4375639744,7,2732,1151,5592
171675367718635,171675367735443,171675367746344,171675367748285,171675367752436,171675367752514,265650,93825186940240,4375639744,7,2732,1151,5593
171675376054594,171675376071206,171675376081922,171675376083674,171675376088897,171675376088952,265650,93825186940240,4375639744,7,2732,1151,5594
171675384427737,171675384443410,171675384454818,171675384456730,171675384462091,171675384462170,265650,93825186940240,4375639744,7,2732,1151,5595
171675392707880,171675392722992,171675392733793,171675392735712,171675392741224,171675392741287,265650,93825186940240,4375639744,7,2732,1151,5596
171675401046313,171675401062345,171675401073002,171675401074881,171675401093262,171675401093356,265650,93825186940240,4375639744,7,2732,1151,5597
171675409421327,171675409436842,171675409448266,171675409450695,171675409455519,171675409455583,265650,93825186940240,4375639744,7,2732,1151,5598
171675417714792,171675417734641,171675417746415,171675417749568,171675417755508,171675417755569,265650,93825186940240,4375639744,7,2732,1151,5599
171675426055452,171675426072452,171675426083199,171675426085177,171675426091002,171675426091064,265650,93825186940240,4375639744,7,2732,1151,5600
171675434384405,171675434401584,171675434413074,171675434415264,171675434420363,171675434420406,265650,93825186940240,4375639744,7,2732,1151,5601
171675442747316,171675442763569,171675442775061,171675442777298,171675442782859,171675442782967,265650,93825186940240,4375639744,7,2732,1151,5602
171675451082449,171675451099930,171675451110610,171675451112987,171675451121432,171675451121496,265650,93825186940240,4375639744,7,2732,1151,5603
171675459388032,171675459402273,171675459413011,171675459415020,171675459421197,171675459421259,265650,93825186940240,4375639744,7,2732,1151,5604
171675467800880,171675467823066,171675467835082,171675467837923,171675467846843,171675467846912,265650,93825186940240,4375639744,7,2732,1151,5605
171675476060086,171675476076667,171675476087497,171675476089321,171675476098865,171675476098942,265650,93825186940240,4375639744,7,2732,1151,5606
171675484390660,171675484408374,171675484419332,171675484421403,171675484429694,171675484429781,265650,93825186940240,4375639744,7,2732,1151,5607
171675492747058,171675492770636,171675492783045,171675492785994,171675492791798,171675492791860,265650,93825186940240,4375639744,7,2732,1151,5608
171675501096147,171675501115944,171675501127070,171675501129980,171675501140952,171675501141027,265650,93825186940240,4375639744,7,2732,1151,5609
171675509468416,171675509488715,171675509500393,171675509503135,171675509515149,171675509515224,265650,93825186940240,4375639744,7,2732,1151,5610
171675517763603,171675517784394,171675517796053,171675517798923,171675517806105,171675517806185,265650,93825186940240,4375639744,7,2732,1151,5611
171675526116868,171675526134683,171675526144881,171675526147084,171675526156547,171675526156620,265650,93825186940240,4375639744,7,2732,1151,5612
171675534511191,171675534528752,171675534540412,171675534542903,171675534551839,171675534551933,265650,93825186940240,4375639744,7,2732,1151,5613
171675542842289,171675542864253,171675542875559,171675542878422,171675542888670,171675542888770,265650,93825186940240,4375639744,7,2732,1151,5614
171675551085006,171675551105909,171675551117057,171675551119934,171675551132392,171675551132480,265650,93825186940240,4375639744,7,2732,1151,5615
171675559422156,171675559440538,171675559452001,171675559454433,171675559464557,171675559464645,265650,93825186940240,4375639744,7,2732,1151,5616
171675567775427,171675567801111,171675567813420,171675567816642,171675567836840,171675567836924,265650,93825186940240,4375639744,7,2732,1151,5617
171675576065842,171675576082849,171675576094149,171675576096424,171675576102418,171675576102489,265650,93825186940240,4375639744,7,2732,1151,5618
171675584412350,171675584429156,171675584440578,171675584443571,171675584457788,171675584457853,265650,93825186940240,4375639744,7,2732,1151,5619
171675592790608,171675592806265,171675592816934,171675592819082,171675592825757,171675592825832,265650,93825186940240,4375639744,7,2732,1151,5620
171675601057178,171675601073870,171675601085681,171675601088502,171675601095875,171675601104340,265650,93825186940240,4375639744,7,2732,1151,5621
171675609404534,171675609421163,171675609432225,171675609434351,171675609442606,171675609442680,265650,93825186940240,4375639744,7,2732,1151,5622
171675617798140,171675617819175,171675617830952,171675617845104,171675617860589,171675617860658,265650,93825186940240,4375639744,7,2732,1151,5623
171675626120310,171675626135714,171675626147459,171675626149504,171675626154816,171675626154880,265650,93825186940240,4375639744,7,2732,1151,5624
171675634410855,171675634427660,171675634439164,171675634441178,171675634447376,171675634447462,265650,93825186940240,4375639744,7,2732,1151,5625
171675642795874,171675642812402,171675642823181,171675642825281,171675642831636,171675642831718,265650,93825186940240,4375639744,7,2732,1151,5626
171675651064998,171675651082102,171675651093323,171675651095383,171675651102407,171675651102471,265650,93825186940240,4375639744,7,2732,1151,5627
171675659389646,171675659404243,171675659415479,171675659417578,171675659423218,171675659423281,265650,93825186940240,4375639744,7,2732,1151,5628
171675667734032,171675667751445,171675667762582,171675667764625,171675667771184,171675667771257,265650,93825186940240,4375639744,7,2732,1151,5629
171675676073060,171675676088899,171675676099809,171675676101979,171675676110922,171675676110992,265650,93825186940240,4375639744,7,2732,1151,5630
171675684402892,171675684419646,171675684430696,171675684432605,171675684439785,171675684439845,265650,93825186940240,4375639744,7,2732,1151,5631
171675692794239,171675692817329,171675692829725,171675692832765,171675692839000,171675692839073,265650,93825186940240,4375639744,7,2732,1151,5632
171675701069305,171675701086977,171675701098309,171675701100422,171675701112419,171675701112500,265650,93825186940240,4375639744,7,2732,1151,5633
171675709456895,171675709474420,171675709485451,171675709487781,171675709499772,171675709499841,265650,93825186940240,4375639744,7,2732,1151,5634
171675717804842,171675717822381,171675717833291,171675717835054,171675717844256,171675717844345,265650,93825186940240,4375639744,7,2732,1151,5635
171675726105016,171675726122288,171675726133243,171675726135187,171675726142309,171675726142367,265650,93825186940240,4375639744,7,2732,1151,5636
171675734412264,171675734429310,171675734440313,171675734442171,171675734453980,171675734454051,265650,93825186940240,4375639744,7,2732,1151,5637
171675742749385,171675742767172,171675742778200,171675742780274,171675742789237,171675742789305,265650,93825186940240,4375639744,7,2732,1151,5638
171675751072889,171675751091531,171675751102341,171675751104454,171675751116023,171675751116222,265650,93825186940240,4375639744,7,2732,1151,5639
171675759410662,171675759427922,171675759439728,171675759442368,171675759458917,171675759458977,265650,93825186940240,4375639744,7,2732,1151,5640
171675767820319,171675767842093,171675767853846,171675767856820,171675767869644,171675767869724,265650,93825186940240,4375639744,7,2732,1151,5641
171675776117672,171675776135788,171675776146476,171675776148688,171675776155395,171675776155477,265650,93825186940240,4375639744,7,2732,1151,5642
171675784410342,171675784429213,171675784440548,171675784442683,171675784450215,171675784450304,265650,93825186940240,4375639744,7,2732,1151,5643
171675792747346,171675792766868,171675792778474,171675792781090,171675792787654,171675792787739,265650,93825186940240,4375639744,7,2732,1151,5644
171675801092007,171675801114142,171675801126285,171675801129146,171675801140488,171675801140574,265650,93825186940240,4375639744,7,2732,1151,5645
171675809471742,171675809488758,171675809500256,171675809502520,171675809509962,171675809510055,265650,93825186940240,4375639744,7,2732,1151,5646
171675817750113,171675817771487,171675817784553,171675817787622,171675817796121,171675817796200,265650,93825186940240,4375639744,7,2732,1151,5647
171675826070201,171675826087855,171675826099123,171675826101160,171675826108429,171675826108515,265650,93825186940240,4375639744,7,2732,1151,5648
171675834439440,171675834459270,171675834470305,171675834472530,171675834479732,171675834479788,265650,93825186940240,4375639744,7,2732,1151,5649
171675842800446,171675842823847,171675842835701,171675842838536,171675842845571,171675842845637,265650,93825186940240,4375639744,7,2732,1151,5650
171675851060118,171675851076637,171675851087392,171675851089690,171675851096498,171675851096561,265650,93825186940240,4375639744,7,2732,1151,5651
171675859409523,171675859425586,171675859437208,171675859439288,171675859446135,171675859446200,265650,93825186940240,4375639744,7,2732,1151,5652
171675867750427,171675867772122,171675867784534,171675867787625,171675867796066,171675867796135,265650,93825186940240,4375639744,7,2732,1151,5653
171675876128200,171675876145194,171675876156087,171675876158053,171675876165076,171675876165171,265650,93825186940240,4375639744,7,2732,1151,5654
171675884415185,171675884432091,171675884444149,171675884447236,171675884456633,171675884456710,265650,93825186940240,4375639744,7,2732,1151,5655
171675892802645,171675892826658,171675892838618,171675892841845,171675892850469,171675892850542,265650,93825186940240,4375639744,7,2732,1151,5656
171675901060777,171675901077945,171675901088902,171675901090840,171675901097667,171675901097724,265650,93825186940240,4375639744,7,2732,1151,5657
171675909415419,171675909433272,171675909444367,171675909446681,171675909453503,171675909453562,265650,93825186940240,4375639744,7,2732,1151,5658
171675917773713,171675917795705,171675917808044,171675917811034,171675917816116,171675917816173,265650,93825186940240,4375639744,7,2732,1151,5659
171675926087091,171675926102951,171675926113920,171675926116079,171675926127095,171675926127169,265650,93825186940240,4375639744,7,2732,1151,5660
171675934478374,171675934495919,171675934507262,171675934509598,171675934517179,171675934517260,265650,93825186940240,4375639744,7,2732,1151,5661
171675942844124,171675942862478,171675942873958,171675942876207,171675942885344,171675942885451,265650,93825186940240,4375639744,7,2732,1151,5662
171675951062201,171675951079132,171675951090482,171675951092639,171675951099600,171675951099666,265650,93825186940240,4375639744,7,2732,1151,5663
171675959409130,171675959425418,171675959436746,171675959438711,171675959444175,171675959444241,265650,93825186940240,4375639744,7,2732,1151,5664
171675967796719,171675967815340,171675967827104,171675967830169,171675967845028,171675967845097,265650,93825186940240,4375639744,7,2732,1151,5665
171675976119447,171675976137198,171675976148122,171675976150143,171675976162880,171675976162961,265650,93825186940240,4375639744,7,2732,1151,5666
171675984425525,171675984443883,171675984455466,171675984457961,171675984464755,171675984464800,265650,93825186940240,4375639744,7,2732,1151,5667
171675992796506,171675992813676,171675992825430,171675992827352,171675992834670,171675992834713,265650,93825186940240,4375639744,7,2732,1151,5668
171676001061456,171676001077476,171676001088673,171676001090897,171676001100323,171676001100379,265650,93825186940240,4375639744,7,2732,1151,5669
171676009420617,171676009437946,171676009449386,171676009451421,171676009459015,171676009459066,265650,93825186940240,4375639744,7,2732,1151,5670
171676017772275,171676017790117,171676017800991,171676017803030,171676017814595,171676017814659,265650,93825186940240,4375639744,7,2732,1151,5671
171676026065600,171676026079943,171676026090940,171676026093207,171676026101000,171676026101065,265650,93825186940240,4375639744,7,2732,1151,5672
171676034421247,171676034440190,171676034451413,171676034453502,171676034461295,171676034461350,265650,93825186940240,4375639744,7,2732,1151,5673
171676042745833,171676042762362,171676042773219,171676042775049,171676042781840,171676042781886,265650,93825186940240,4375639744,7,2732,1151,5674
171676051077158,171676051095983,171676051107530,171676051110175,171676051123762,171676051123865,265650,93825186940240,4375639744,7,2732,1151,5675
171676059413187,171676059429684,171676059440789,171676059442755,171676059448789,171676059448846,265650,93825186940240,4375639744,7,2732,1151,5676
171676067746977,171676067763739,171676067774712,171676067776678,171676067781559,171676067781605,265650,93825186940240,4375639744,7,2732,1151,5677
171676076087068,171676076101661,171676076113618,171676076115225,171676076120294,171676076120384,265650,93825186940240,4375639744,7,2732,1151,5678
171676084482300,171676084495435,171676084504868,171676084506048,171676084511092,171676084511159,265650,93825186940240,4375639744,7,2732,1151,5679
171676092849850,171676092862860,171676092873953,171676092874989,171676092882180,171676092882263,265650,93825186940240,4375639744,7,2732,1151,5680
171676101102619,171676101111813,171676101119844,171676101120796,171676101124097,171676101124164,265650,93825186940240,4375639744,7,2732,1151,5681
171676109455634,171676109465794,171676109474447,171676109475236,171676109480709,171676109480783,265650,93825186940240,4375639744,7,2732,1151,5682
171676117823092,171676117833063,171676117841593,171676117842411,171676117845877,171676117845942,265650,93825186940240,4375639744,7,2732,1151,5683
171676126176808,171676126214107,171676126225315,171676126226673,171676126235982,171676126236067,265650,93825186940240,4375639744,7,2732,1151,5684
171676134454169,171676134471344,171676134483093,171676134486130,171676134493843,171676134493910,265650,93825186940240,4375639744,7,2732,1151,5685
171676142761872,171676142778783,171676142790735,171676142791991,171676142796816,171676142796903,265650,93825186940240,4375639744,7,2732,1151,5686
171676151064843,171676151076372,171676151085328,171676151086501,171676151090134,171676151090198,265650,93825186940240,4375639744,7,2732,1151,5687
171676159449288,171676159463300,171676159473562,171676159474699,171676159479016,171676159479094,265650,93825186940240,4375639744,7,2732,1151,5688
171676167826102,171676167838348,171676167849299,171676167850444,171676167856278,171676167856353,265650,93825186940240,4375639744,7,2732,1151,5689
171676176216900,171676176231516,171676176243425,171676176244840,171676176248077,171676176248168,265650,93825186940240,4375639744,7,2732,1151,5690
171676188365733,171676188376303,171676188384709,171676188385786,171676188391646,171676188391705,265650,93825186940240,4375639744,7,2732,1151,5691
171676196840230,171676196852473,171676196863151,171676196863948,171676196869078,171676196869151,265650,93825186940240,4375639744,7,2732,1151,5692
171676205202019,171676205214069,171676205224913,171676205225697,171676205230370,171676205230445,265650,93825186940240,4375639744,7,2732,1151,5693
171676213399360,171676213408987,171676213417534,171676213418357,171676213421301,171676213421360,265650,93825186940240,4375639744,7,2732,1151,5694
171676221836283,171676221875509,171676221886285,171676221886958,171676221891635,171676221891710,265650,93825186940240,4375639744,7,2732,1151,5695
171676230201036,171676230243910,171676230254699,171676230255619,171676230261233,171676230261311,265650,93825186940240,4375639744,7,2732,1151,5696
171676238454987,171676238467768,171676238478599,171676238479379,171676238485466,171676238485546,265650,93825186940240,4375639744,7,2732,1151,5697
171676246868754,171676246886734,171676246898478,171676246900243,171676246905624,171676246905709,265650,93825186940240,4375639744,7,2732,1151,5698
