start,geometry,clip,blit,flush,end,hwnd,surface,thread,outcome,width,height,commit
171679302417069,171679302434070,171679302446345,171679302449426,171679302461121,171679302461165,265650,93825186940240,4375639744,7,2732,1151,5930
171679310726230,171679310740020,171679310750883,171679310752769,171679310759268,171679310759328,265650,93825186940240,4375639744,7,2732,1151,5931
171679319049965,171679319062562,171679319073660,171679319075140,171679319079856,171679319079916,265650,93825186940240,4375639744,7,2732,1151,5932
171679327453511,171679327468372,171679327477545,171679327479241,171679327486329,171679327486394,265650,93825186940240,4375639744,7,2732,1151,5933
171679335726784,171679335735767,171679335744182,171679335745070,171679335749894,171679335749961,265650,93825186940240,4375639744,7,2732,1151,5934
171679344114402,171679344126971,171679344153261,171679344154267,171679344159958,171679344160050,265650,93825186940240,4375639744,7,2732,1151,5935
171679352395302,171679352405244,171679352413728,171679352414585,171679352418673,171679352418733,265650,93825186940240,4375639744,7,2732,1151,5936
171679360770706,171679360780109,171679360788275,171679360789033,171679360794080,171679360794138,265650,93825186940240,4375639744,7,2732,1151,5937
171679369189192,171679369201597,171679369212978,171679369213959,171679369220176,171679369220252,265650,93825186940240,4375639744,7,2732,1151,5938
171679377419733,171679377428857,171679377436986,171679377437580,171679377442408,171679377442470,265650,93825186940240,4375639744,7,2732,1151,5939
171679385860979,171679385879599,171679385890976,171679385893493,171679385900924,171679385901010,265650,93825186940240,4375639744,7,2732,1151,5940
171679394134425,171679394151014,171679394162957,171679394165577,171679394174650,171679394174763,265650,93825186940240,4375639744,7,2732,1151,5941
171679402451184,171679402658357,171679402673127,171679402675285,171679402681442,171679402681558,265650,93825186940240,4375639744,7,2732,1151,5942
171679410918622,171679410937223,171679410997380,171679410999890,171679411011194,171679411011282,265650,93825186940240,4375639744,7,2732,1151,5943
171679419116532,171679419130913,171679419141796,171679419143203,171679419150558,171679419150627,265650,93825186940240,4375639744,7,2732,1151,5944
171679427468441,171679427479561,171679427488269,171679427489420,171679427495849,171679427495919,265650,93825186940240,4375639744,7,2732,1151,5945
171679435728959,171679435738001,171679435745907,171679435746612,171679435752650,171679435752708,265650,93825186940240,4375639744,7,2732,1151,5946
171679444179660,171679444233356,171679444244449,171679444245414,171679444251673,171679444251753,265650,93825186940240,4375639744,7,2732,1151,5947
171679452519455,171679452586321,171679452597138,171679452598069,171679452606066,171679452606141,265650,93825186940240,4375639744,7,2732,1151,5948
171679460787789,171679460802257,171679460813336,171679460814751,171679460820987,171679460821085,265650,93825186940240,4375639744,7,2732,1151,5949
171679469181824,171679469194751,171679469207975,171679469209003,171679469213060,171679469213147,265650,93825186940240,4375639744,7,2732,1151,5950
171679477436621,171679477448627,171679477457584,171679477458788,171679477465656,171679477465736,265650,93825186940240,4375639744,7,2732,1151,5951
171679485809890,171679485823393,171679485834964,171679485836201,171679485842037,171679485842245,265650,93825186940240,4375639744,7,2732,1151,5952
171679494213269,171679494259861,171679494271279,171679494272702,171679494279469,171679494279558,265650,93825186940240,4375639744,7,2732,1151,5953
171679502543627,171679502559397,171679502570648,171679502571964,171679502579576,171679502579667,265650,93825186940240,4375639744,7,2732,1151,5954
171679510826948,171679510840750,171679510852053,171679510853489,171679510859416,171679510859518,265650,93825186940240,4375639744,7,2732,1151,5955
171679519201969,171679519215532,171679519226445,171679519227995,171679519233775,171679519233871,265650,93825186940240,4375639744,7,2732,1151,5956
171679527518614,171679527532527,171679527543599,171679527544599,171679527552423,171679527552505,265650,93825186940240,4375639744,7,2732,1151,5957
171679535839955,171679535853439,171679535864426,171679535865422,171679535872133,171679535872221,265650,93825186940240,4375639744,7,2732,1151,5958
171679544074497,171679544085965,171679544094142,171679544094937,171679544098713,171679544098781,265650,93825186940240,4375639744,7,2732,1151,5959
171679552478658,171679552488177,171679552496183,171679552496930,171679552501473,171679552501544,265650,93825186940240,4375639744,7,2732,1151,5960
171679560850249,171679560862770,171679560873518,171679560874724,171679560882028,171679560882241,265650,93825186940240,4375639744,7,2732,1151,5961
171679569197204,171679569210167,171679569220920,171679569222086,171679569226551,171679569226650,265650,93825186940240,4375639744,7,2732,1151,5962
171679577550534,171679577564686,171679577575780,171679577577095,171679577582990,171679577583071,265650,93825186940240,4375639744,7,2732,1151,5963
171679585835253,171679585848185,171679585859365,171679585860928,171679585867362,171679585867453,265650,93825186940240,4375639744,7,2732,1151,5964
171679594153386,171679594166731,171679594177659,171679594178845,171679594185493,171679594185568,265650,93825186940240,4375639744,7,2732,1151,5965
171679602544003,171679602595553,171679602606737,171679602608087,171679602614758,171679602614826,265650,93825186940240,4375639744,7,2732,1151,5966
171679610801285,171679610823031,171679610834827,171679610837784,171679610850951,171679610851050,265650,93825186940240,4375639744,7,2732,1151,5967
171679619103518,171679619127173,171679619139082,171679619141951,171679619155960,171679619156064,265650,93825186940240,4375639744,7,2732,1151,5968
171679627415154,171679627429931,171679627446661,171679627449610,171679627457887,171679627457984,265650,93825186940240,4375639744,7,2732,1151,5969
171679635794538,171679635816075,171679635827917,171679635830688,171679635844253,171679635844345,265650,93825186940240,4375639744,7,2732,1151,5970
171679644110642,171679644130829,171679644142332,171679644144900,171679644157797,171679644157878,265650,93825186940240,4375639744,7,2732,1151,5971
171679652543943,171679652559724,171679652570059,171679652572399,171679652579359,171679652579430,265650,93825186940240,4375639744,7,2732,1151,5972
171679660851840,171679660863477,171679660872175,171679660873852,171679660879631,171679660879691,265650,93825186940240,4375639744,7,2732,1151,5973
171679669215526,171679669277323,171679669288220,171679669289926,171679669296061,171679669296149,265650,93825186940240,4375639744,7,2732,1151,5974
171679677487802,171679677497395,171679677506195,171679677506945,171679677511163,171679677511223,265650,93825186940240,4375639744,7,2732,1151,5975
171679685920494,171679685953087,171679685963462,171679685964388,171679685968848,171679685968921,265650,93825186940240,4375639744,7,2732,1151,5976
171679694071028,171679694083230,171679694094149,171679694094964,171679694099841,171679694099919,265650,93825186940240,4375639744,7,2732,1151,5977
171679702528532,171679702541525,171679702552151,171679702553211,171679702557893,171679702557970,265650,93825186940240,4375639744,7,2732,1151,5978
171679710872586,171679710969325,171679710982676,171679710983610,171679710989161,171679710989234,265650,93825186940240,4375639744,7,2732,1151,5979
171679719202502,171679719215018,171679719225620,171679719226652,171679719230592,171679719230663,265650,93825186940240,4375639744,7,2732,1151,5980
171679727420497,171679727430451,171679727439152,171679727439818,171679727444415,171679727444476,265650,93825186940240,4375639744,7,2732,1151,5981
171679735888684,171679735900506,171679735910912,171679735911862,171679735916357,171679735916429,265650,93825186940240,4375639744,7,2732,1151,5982
171679744089754,171679744102012,171679744112620,171679744114028,171679744120782,171679744120854,265650,93825186940240,4375639744,7,2732,1151,5983
171679752468795,171679752478519,171679752486417,171679752487233,171679752491329,171679752491383,265650,93825186940240,4375639744,7,2732,1151,5984
171679760876278,171679760966610,171679760977318,171679760978211,171679760983065,171679760983131,265650,93825186940240,4375639744,7,2732,1151,5985
171679769064020,171679769073483,171679769081514,171679769082298,171679769086836,171679769086893,265650,93825186940240,4375639744,7,2732,1151,5986
171679777420707,171679777433662,171679777444546,171679777445424,171679777449899,171679777449973,265650,93825186940240,4375639744,7,2732,1151,5987
171679785837819,171679785924381,171679785934840,171679785935746,171679785939934,171679785940006,265650,93825186940240,4375639744,7,2732,1151,5988
171679794182661,171679794195930,171679794206352,171679794207212,171679794211859,171679794211935,265650,93825186940240,4375639744,7,2732,1151,5989
171679802555119,171679802574483,171679802585029,171679802585934,171679802590693,171679802590765,265650,93825186940240,4375639744,7,2732,1151,5990
171679810820169,171679810831846,171679810842444,171679810843286,171679810847572,171679810847645,265650,93825186940240,4375639744,7,2732,1151,5991
171679819147606,171679819159367,171679819169825,171679819170725,171679819174741,171679819174815,265650,93825186940240,4375639744,7,2732,1151,5992
171679827444699,171679827456891,171679827467305,171679827468125,171679827472359,171679827472434,265650,93825186940240,4375639744,7,2732,1151,5993
171679835818388,171679835834231,171679835846083,171679835847468,171679835852951,171679835853060,265650,93825186940240,4375639744,7,2732,1151,5994
171679844135875,171679844148738,171679844159725,171679844160721,171679844166580,171679844166675,265650,93825186940240,4375639744,7,2732,1151,5995
171679852542390,171679852569580,171679852580068,171679852581252,171679852585717,171679852585792,265650,93825186940240,4375639744,7,2732,1151,5996
171679860855296,171679860867242,171679860877575,171679860878345,171679860882497,171679860882568,265650,93825186940240,4375639744,7,2732,1151,5997
171679869074761,171679869087704,171679869096835,171679869097789,171679869103390,171679869103464,265650,93825186940240,4375639744,7,2732,1151,5998
171679877422391,171679877431951,171679877440212,171679877440921,171679877445450,171679877445508,265650,93825186940240,4375639744,7,2732,1151,5999
171679885829774,171679885838792,171679885846334,171679885847059,171679885853771,171679885853830,265650,93825186940240,4375639744,7,2732,1151,6000
171679894155647,171679894233820,171679894244767,171679894245643,171679894251304,171679894251372,265650,93825186940240,4375639744,7,2732,1151,6001
171679902507693,171679902598522,171679902609597,171679902610622,171679902616507,171679902616576,265650,93825186940240,4375639744,7,2732,1151,6002
171679910837843,171679910931504,171679910945038,171679910945892,171679910951436,171679910951510,265650,93825186940240,4375639744,7,2732,1151,6003
171679919143582,171679919213638,171679919224410,171679919225247,171679919230769,171679919230844,265650,93825186940240,4375639744,7,2732,1151,6004
171679927421574,171679927434338,171679927445092,171679927446003,171679927449707,171679927449766,265650,93825186940240,4375639744,7,2732,1151,6005
171679935933663,171679935955896,171679935967558,171679935969535,171679935978105,171679935978179,265650,93825186940240,4375639744,7,2732,1151,6006
171679944109424,171679944121898,171679944132882,171679944133848,171679944140499,171679944140575,265650,93825186940240,4375639744,7,2732,1151,6007
171679952523519,171679952535747,171679952546436,171679952547278,171679952552952,171679952553025,265650,93825186940240,4375639744,7,2732,1151,6008
171679960876030,171679960915688,171679960926202,171679960927031,171679960933111,171679960933185,265650,93825186940240,4375639744,7,2732,1151,6009
171679969168213,171679969181122,171679969192156,171679969193109,171679969200079,171679969200158,265650,93825186940240,4375639744,7,2732,1151,6010
171679977420141,171679977429139,171679977436992,171679977437751,171679977442658,171679977442712,265650,93825186940240,4375639744,7,2732,1151,6011
171679985863960,171679985876985,171679985887837,171679985888654,171679985893929,171679985894001,265650,93825186940240,4375639744,7,2732,1151,6012
171679994114906,171679994125735,171679994134426,171679994135621,171679994145396,171679994145455,265650,93825186940240,4375639744,7,2732,1151,6013
171680002473667,171680002484100,171680002492297,171680002493370,171680002499456,171680002499511,265650,93825186940240,4375639744,7,2732,1151,6014
171680010912317,171680010927793,171680010938875,171680010940262,171680010945638,171680010945726,265650,93825186940240,4375639744,7,2732,1151,6015
171680019141223,171680019153312,171680019164055,171680019164949,171680019170729,171680019170807,265650,93825186940240,4375639744,7,2732,1151,6016
171680027455787,171680027465453,171680027474163,171680027474842,171680027480048,171680027480114,265650,93825186940240,4375639744,7,2732,1151,6017
171680035865081,171680035876811,171680035887324,171680035888099,171680035892770,171680035892842,265650,93825186940240,4375639744,7,2732,1151,6018
171680044196157,171680044246961,171680044257645,171680044258534,171680044264403,171680044264469,265650,93825186940240,4375639744,7,2732,1151,6019
171680052499611,171680052510424,171680052519036,171680052519900,171680052525711,171680052525774,265650,93825186940240,4375639744,7,2732,1151,6020
171680060846521,171680060858274,171680060868680,171680060869449,171680060873957,171680060874029,265650,93825186940240,4375639744,7,2732,1151,6021
171680069159256,171680069171017,171680069181330,171680069182053,171680069186429,171680069186503,265650,93825186940240,4375639744,7,2732,1151,6022
171680077596654,171680077622761,171680077634068,171680077635918,171680077642736,171680077642820,265650,93825186940240,4375639744,7,2732,1151,6023
171680085813210,171680085823546,171680085832024,171680085833199,171680085840705,171680085840783,265650,93825186940240,4375639744,7,2732,1151,6024
171680094158482,171680094172013,171680094183365,171680094184666,171680094191646,171680094191743,265650,93825186940240,4375639744,7,2732,1151,6025
171680102497996,171680102508248,171680102516856,171680102517909,171680102525227,171680102525300,265650,93825186940240,4375639744,7,2732,1151,6026
171680110930193,171680110953848,171680110965067,171680110966377,171680110973930,171680110974019,265650,93825186940240,4375639744,7,2732,1151,6027
171680119195585,171680119208697,171680119219993,171680119221089,171680119238070,171680119238162,265650,93825186940240,4375639744,7,2732,1151,6028
171680127549590,171680127561813,171680127572753,171680127573844,171680127579850,171680127579941,265650,93825186940240,4375639744,7,2732,1151,6029
171680135864170,171680135878699,171680135889643,171680135890759,171680135898531,171680135898601,265650,93825186940240,4375639744,7,2732,1151,6030
171680144231366,171680144243382,171680144253970,171680144254950,171680144260843,171680144260920,265650,93825186940240,4375639744,7,2732,1151,6031
171680152503598,171680152514757,171680152523303,171680152524106,171680152529508,171680152529564,265650,93825186940240,4375639744,7,2732,1151,6032
171680161129195,171680161153009,171680161165030,171680161168329,171680161180723,171680161180837,265650,93825186940240,4375639744,7,2732,1151,6033
171680169057184,171680169072753,171680169084091,171680169086755,171680169097174,171680169097269,265650,93825186940240,4375639744,7,2732,1151,6034
171680177504978,171680177527301,171680177538833,171680177541296,171680177552067,171680177552157,265650,93825186940240,4375639744,7,2732,1151,6035
171680185774055,171680185787538,171680185799090,171680185800577,171680185808724,171680185808785,265650,93825186940240,4375639744,7,2732,1151,6036
171680194109322,171680194122066,171680194132917,171680194134360,171680194140685,171680194140754,265650,93825186940240,4375639744,7,2732,1151,6037
171680202430977,171680202444612,171680202455561,171680202457218,171680202464424,171680202464486,265650,93825186940240,4375639744,7,2732,1151,6038
171680210767777,171680210782658,171680210794868,171680210796533,171680210802777,171680210802864,265650,93825186940240,4375639744,7,2732,1151,6039
171680219097484,171680219110827,171680219121716,171680219123381,171680219128526,171680219128617,265650,93825186940240,4375639744,7,2732,1151,6040
171680227453211,171680227471717,171680227482790,171680227485305,171680227492323,171680227492381,265650,93825186940240,4375639744,7,2732,1151,6041
171680235825778,171680235841358,171680235853591,171680235856536,171680235871010,171680235871080,265650,93825186940240,4375639744,7,2732,1151,6042
171680244052248,171680244065911,171680244076777,171680244078546,171680244083933,171680244083989,265650,93825186940240,4375639744,7,2732,1151,6043
171680252440844,171680252458754,171680252469638,171680252471176,171680252476518,171680252476579,265650,93825186940240,4375639744,7,2732,1151,6044
171680260773293,171680260790336,171680260801238,171680260802920,171680260809994,171680260810053,265650,93825186940240,4375639744,7,2732,1151,6045
171680269096668,171680269110043,171680269121591,171680269123498,171680269128994,171680269129052,265650,93825186940240,4375639744,7,2732,1151,6046
171680277481002,171680277492603,171680277501830,171680277503190,171680277508757,171680277508824,265650,93825186940240,4375639744,7,2732,1151,6047
171680285851861,171680285861927,171680285870142,171680285871141,171680285876410,171680285876475,265650,93825186940240,4375639744,7,2732,1151,6048
171680294219536,171680294252090,171680294263320,171680294264487,171680294270128,171680294270222,265650,93825186940240,4375639744,7,2732,1151,6049
171680302582988,171680302598822,171680302610158,171680302611942,171680302619111,171680302619208,265650,93825186940240,4375639744,7,2732,1151,6050
171680310845981,171680310865446,171680310876926,171680310879563,171680310888397,171680310888489,265650,93825186940240,4375639744,7,2732,1151,6051
171680319139563,171680319155626,171680319167612,171680319169042,171680319178616,171680319178714,265650,93825186940240,4375639744,7,2732,1151,6052
171680327506596,171680327524930,171680327535824,171680327538177,171680327545411,171680327545483,265650,93825186940240,4375639744,7,2732,1151,6053
171680335773623,171680335788132,171680335799195,171680335801682,171680335805791,171680335805847,265650,93825186940240,4375639744,7,2732,1151,6054
171680344117041,171680344152103,171680344163241,171680344165237,171680344169995,171680344170047,265650,93825186940240,4375639744,7,2732,1151,6055
171680352431803,171680352445701,171680352456259,171680352458146,171680352462775,171680352462821,265650,93825186940240,4375639744,7,2732,1151,6056
171680360870518,171680360885294,171680360897214,171680360898724,171680360904441,171680360904556,265650,93825186940240,4375639744,7,2732,1151,6057
171680369258463,171680369273208,171680369284842,171680369286440,171680369293616,171680369293714,265650,93825186940240,4375639744,7,2732,1151,6058
171680377441804,171680377454973,171680377466295,171680377467508,171680377474197,171680377474287,265650,93825186940240,4375639744,7,2732,1151,6059
171680385838659,171680385850269,171680385858631,171680385860009,171680385866466,171680385866532,265650,93825186940240,4375639744,7,2732,1151,6060
171680394116993,171680394130706,171680394141912,171680394143254,171680394149648,171680394149746,265650,93825186940240,4375639744,7,2732,1151,6061
171680402542887,171680402552923,171680402561561,171680402562510,171680402568371,171680402568456,265650,93825186940240,4375639744,7,2732,1151,6062
171680410816813,171680410835632,171680410846289,171680410849102,171680410856993,171680410857106,265650,93825186940240,4375639744,7,2732,1151,6063
171680419119854,171680419137524,171680419148607,171680419150808,171680419156631,171680419156699,265650,93825186940240,4375639744,7,2732,1151,6064
171680427454003,171680427471016,171680427482047,171680427484401,171680427490978,171680427491041,265650,93825186940240,4375639744,7,2732,1151,6065
171680435779431,171680435795651,171680435806628,171680435808542,171680435815008,171680435815070,265650,93825186940240,4375639744,7,2732,1151,6066
171680444114833,171680444131654,171680444142261,171680444143995,171680444148866,171680444148931,265650,93825186940240,4375639744,7,2732,1151,6067
171680452594742,171680452658652,171680452670789,171680452672583,171680452678982,171680452679071,265650,93825186940240,4375639744,7,2732,1151,6068
171680460849434,171680460870894,171680460882344,171680460884946,171680460893539,171680460893624,265650,93825186940240,4375639744,7,2732,1151,6069
171680469112009,171680469130038,171680469141446,171680469143464,171680469151221,171680469151312,265650,93825186940240,4375639744,7,2732,1151,6070
171680477509013,171680477527085,171680477538731,171680477540738,171680477548970,171680477549055,265650,93825186940240,4375639744,7,2732,1151,6071
171680485787560,171680485804555,171680485816259,171680485818292,171680485825456,171680485825549,265650,93825186940240,4375639744,7,2732,1151,6072
171680494128460,171680494146297,171680494157424,171680494159283,171680494165093,171680494165164,265650,93825186940240,4375639744,7,2732,1151,6073
171680502451367,171680502471085,171680502482195,171680502484154,171680502492019,171680502492081,265650,93825186940240,4375639744,7,2732,1151,6074
171680510785857,171680510799996,171680510810644,171680510812385,171680510817870,171680510817933,265650,93825186940240,4375639744,7,2732,1151,6075
171680519101468,171680519115142,171680519126548,171680519128019,171680519132726,171680519132786,265650,93825186940240,4375639744,7,2732,1151,6076
171680527448903,171680527466884,171680527478580,171680527480792,171680527486904,171680527486965,265650,93825186940240,4375639744,7,2732,1151,6077
171680535781212,171680535796816,171680535807836,171680535809542,171680535816106,171680535816188,265650,93825186940240,4375639744,7,2732,1151,6078
171680544117304,171680544134681,171680544146052,171680544147786,171680544153538,171680544153622,265650,93825186940240,4375639744,7,2732,1151,6079
171680552476310,171680552491876,171680552503441,171680552505569,171680552512085,171680552512138,265650,93825186940240,4375639744,7,2732,1151,6080
171680560784952,171680560798003,171680560809258,171680560811049,171680560817162,171680560817229,265650,93825186940240,4375639744,7,2732,1151,6081
171680569108416,171680569121538,171680569133105,171680569134601,171680569138118,171680569138185,265650,93825186940240,4375639744,7,2732,1151,6082
171680577452917,171680577470175,171680577481676,171680577483862,171680577492634,171680577492707,265650,93825186940240,4375639744,7,2732,1151,6083
171680585787211,171680585802999,171680585813889,171680585815718,171680585822296,171680585822366,265650,93825186940240,4375639744,7,2732,1151,6084
171680594117201,171680594133942,171680594144793,171680594146603,171680594154033,171680594154100,265650,93825186940240,4375639744,7,2732,1151,6085
171680602498854,171680602515034,171680602526383,171680602527997,171680602599807,171680602600174,265650,93825186940240,4375639744,7,2732,1151,6086
171680610793519,171680610811806,171680610822649,171680610824730,171680610835228,171680610835315,265650,93825186940240,4375639744,7,2732,1151,6087
171680619118664,171680619134944,171680619145951,171680619147699,171680619156138,171680619156212,265650,93825186940240,4375639744,7,2732,1151,6088
171680627466836,171680627484461,171680627496051,171680627498262,171680627504703,171680627504758,265650,93825186940240,4375639744,7,2732,1151,6089
171680635830973,171680635846260,171680635857794,171680635859749,171680635866723,171680635866788,265650,93825186940240,4375639744,7,2732,1151,6090
171680644118728,171680644135240,171680644145718,171680644147491,171680644153025,171680644153067,265650,93825186940240,4375639744,7,2732,1151,6091
171680652459933,171680652478116,171680652489320,171680652491207,171680652499979,171680652500057,265650,93825186940240,4375639744,7,2732,1151,6092
171680660786346,171680660803007,171680660814126,171680660815648,171680660823467,171680660823524,265650,93825186940240,4375639744,7,2732,1151,6093
171680669125706,171680669144154,171680669155162,171680669157012,171680669164737,171680669164843,265650,93825186940240,4375639744,7,2732,1151,6094
171680677508180,171680677524551,171680677535845,171680677537679,171680677543360,171680677543441,265650,93825186940240,4375639744,7,2732,1151,6095
171680685783774,171680685797562,171680685809129,171680685811220,171680685817831,171680685817903,265650,93825186940240,4375639744,7,2732,1151,6096
171680694125240,171680694141235,171680694152302,171680694154104,171680694160066,171680694160133,265650,93825186940240,4375639744,7,2732,1151,6097
171680702489357,171680702502422,171680702513466,171680702515364,171680702521855,171680702521916,265650,93825186940240,4375639744,7,2732,1151,6098
171680710776796,171680710789373,171680710799718,171680710801394,171680710807877,171680710807944,265650,93825186940240,4375639744,7,2732,1151,6099
171680719119986,171680719136582,171680719147194,171680719149125,171680719153816,171680719153879,265650,93825186940240,4375639744,7,2732,1151,6100
171680727473696,171680727491013,171680727502420,171680727505179,171680727512384,171680727512454,265650,93825186940240,4375639744,7,2732,1151,6101
171680735787695,171680735804571,171680735815853,171680735817824,171680735825226,171680735825284,265650,93825186940240,4375639744,7,2732,1151,6102
171680744119684,171680744136617,171680744147743,171680744149630,171680744154549,171680744154609,265650,93825186940240,4375639744,7,2732,1151,6103
171680752458564,171680752476397,171680752488112,171680752489967,171680752496111,171680752496160,265650,93825186940240,4375639744,7,2732,1151,6104
171680760788270,171680760804816,171680760815372,171680760817037,171680760823573,171680760823625,265650,93825186940240,4375639744,7,2732,1151,6105
171680769123129,171680769139716,171680769150240,171680769151903,171680769157052,171680769157096,265650,93825186940240,4375639744,7,2732,1151,6106
171680777452207,171680777469472,171680777480008,171680777482068,171680777488344,171680777488387,265650,93825186940240,4375639744,7,2732,1151,6107
171680785782758,171680785799077,171680785810612,171680785812862,171680785820913,171680785820968,265650,93825186940240,4375639744,7,2732,1151,6108
171680794134233,171680794152021,171680794163028,171680794165382,171680794171778,171680794171875,265650,93825186940240,4375639744,7,2732,1151,6109
171680802474632,171680802496201,171680802508046,171680802511018,171680802517142,171680802517189,265650,93825186940240,4375639744,7,2732,1151,6110
171680810816049,171680810829799,171680810841042,171680810842682,171680810847713,171680810847798,265650,93825186940240,4375639744,7,2732,1151,6111
171680819170415,171680819185921,171680819197726,171680819199573,171680819204131,171680819204232,265650,93825186940240,4375639744,7,2732,1151,6112
171680827539965,171680827563575,171680827575891,171680827578926,171680827588554,171680827588647,265650,93825186940240,4375639744,7,2732,1151,6113
171680835836240,171680835853045,171680835863749,171680835865494,171680835872698,171680835872768,265650,93825186940240,4375639744,7,2732,1151,6114
171680844119517,171680844133908,171680844144609,171680844146263,171680844152582,171680844152664,265650,93825186940240,4375639744,7,2732,1151,6115
171680852489314,171680852503810,171680852515158,171680852516764,171680852521537,171680852521615,265650,93825186940240,4375639744,7,2732,1151,6116
171680860795723,171680860813389,171680860824565,171680860826125,171680860834865,171680860834906,265650,93825186940240,4375639744,7,2732,1151,6117
171680869123227,171680869139967,171680869151365,171680869153202,171680869158516,171680869158581,265650,93825186940240,4375639744,7,2732,1151,6118
171680877459314,171680877476283,171680877487704,171680877489628,171680877495174,171680877495242,265650,93825186940240,4375639744,7,2732,1151,6119
171680885838055,171680885860209,171680885872288,171680885874803,171680885886301,171680885886394,265650,93825186940240,4375639744,7,2732,1151,6120
171680894179594,171680894197097,171680894208328,171680894210292,171680894216841,171680894216912,265650,93825186940240,4375639744,7,2732,1151,6121
171680902521751,171680902544821,171680902557087,171680902559921,171680902569623,171680902569694,265650,93825186940240,4375639744,7,2732,1151,6122
171680910800537,171680910817776,171680910828513,171680910830454,171680910838980,171680910839051,265650,93825186940240,4375639744,7,2732,1151,6123
171680919132273,171680919149983,171680919160995,171680919163255,171680919169434,171680919169517,265650,93825186940240,4375639744,7,2732,1151,6124
171680927530982,171680927550373,171680927561336,171680927563518,171680927575795,171680927575886,265650,93825186940240,4375639744,7,2732,1151,6125
171680935802224,171680935818595,171680935830037,171680935832129,171680935840958,171680935841035,265650,93825186940240,4375639744,7,2732,1151,6126
171680944146021,171680944167862,171680944180042,171680944182567,171680944196960,171680944197023,265650,93825186940240,4375639744,7,2732,1151,6127
171680952458840,171680952472095,171680952482839,171680952484558,171680952504562,171680952504691,265650,93825186940240,4375639744,7,2732,1151,6128
171680960787541,171680960802123,171680960812920,171680960814654,171680960819413,171680960819468,265650,93825186940240,4375639744,7,2732,1151,6129
171680969131914,171680969148856,171680969160093,171680969162118,171680969169617,171680969169701,265650,93825186940240,4375639744,7,2732,1151,6130
171680977500805,171680977517692,171680977528692,171680977530401,171680977540552,171680977540624,265650,93825186940240,4375639744,7,2732,1151,6131
171680985847850,171680985864677,171680985875658,171680985877421,171680985887652,171680985887698,265650,93825186940240,4375639744,7,2732,1151,6132
171680994141661,171680994160132,171680994171484,171680994173534,171680994183802,171680994183855,265650,93825186940240,4375639744,7,2732,1151,6133
171681002530881,171681002547209,171681002558723,171681002560523,171681002567676,171681002567727,265650,93825186940240,4375639744,7,2732,1151,6134
171681010806746,171681010821769,171681010832951,171681010835234,171681010840182,171681010840265,265650,93825186940240,4375639744,7,2732,1151,6135
171681019136685,171681019154848,171681019165471,171681019167517,171681019174406,171681019174464,265650,93825186940240,4375639744,7,2732,1151,6136
171681027479637,171681027504007,171681027516113,171681027519481,171681027528578,171681027528653,265650,93825186940240,4375639744,7,2732,1151,6137
171681035788069,171681035801906,171681035812773,171681035814415,171681035820830,171681035820892,265650,93825186940240,4375639744,7,2732,1151,6138
171681044134407,171681044150767,171681044161823,171681044163617,171681044171212,171681044171287,265650,93825186940240,4375639744,7,2732,1151,6139
171681052510496,171681052533511,171681052544992,171681052547872,171681052563854,171681052563922,265650,93825186940240,4375639744,7,2732,1151,6140
171681060803876,171681060821881,171681060832731,171681060834535,171681060841073,171681060841132,265650,93825186940240,4375639744,7,2732,1151,6141
171681069167494,171681069183488,171681069194409,171681069195975,171681069202491,171681069202555,265650,93825186940240,4375639744,7,2732,1151,6142
171681077598701,171681077617429,171681077628590,171681077630660,171681077637047,171681077637127,265650,93825186940240,4375639744,7,2732,1151,6143
171681085806883,171681085824334,171681085835249,171681085837329,171681085845331,171681085845419,265650,93825186940240,4375639744,7,2732,1151,6144
171681094137637,171681094154898,171681094165618,171681094167619,171681094175317,171681094175380,265650,93825186940240,4375639744,7,2732,1151,6145
171681102517262,171681102534062,171681102545274,171681102547569,171681102555725,171681102555778,265650,93825186940240,4375639744,7,2732,1151,6146
171681110799339,171681110815648,171681110826241,171681110828168,171681110835999,171681110836055,265650,93825186940240,4375639744,7,2732,1151,6147
171681119138604,171681119156441,171681119167560,171681119169490,171681119176628,171681119176692,265650,93825186940240,4375639744,7,2732,1151,6148
171681127481473,171681127499124,171681127510572,171681127512703,171681127522161,171681127522218,265650,93825186940240,4375639744,7,2732,1151,6149
171681135801736,171681135819153,171681135830532,171681135832402,171681135839813,171681135839876,265650,93825186940240,4375639744,7,2732,1151,6150
171681144206429,171681144223605,171681144234189,171681144235869,171681144243531,171681144243585,265650,93825186940240,4375639744,7,2732,1151,6151
171681152470843,171681152487716,171681152498829,171681152501352,171681152507715,171681152507762,265650,93825186940240,4375639744,7,2732,1151,6152
171681160805391,171681160822921,171681160833557,171681160835498,171681160842445,171681160842495,265650,93825186940240,4375639744,7,2732,1151,6153
171681169144658,171681169162597,171681169173611,171681169175665,171681169184656,171681169184731,265650,93825186940240,4375639744,7,2732,1151,6154
171681177471726,171681177489473,171681177500891,171681177503050,171681177509042,171681177509093,265650,93825186940240,4375639744,7,2732,1151,6155
171681185794147,171681185808060,171681185819376,171681185821080,171681185827115,171681185827169,265650,93825186940240,4375639744,7,2732,1151,6156
171681194139216,171681194156665,171681194167425,171681194169394,171681194182254,171681194182356,265650,93825186940240,4375639744,7,2732,1151,6157
171681202479844,171681202496325,171681202507265,171681202509798,171681202521867,171681202521934,265650,93825186940240,4375639744,7,2732,1151,6158
171681210803334,171681210819668,171681210830759,171681210832994,171681210840539,171681210840595,265650,93825186940240,4375639744,7,2732,1151,6159
171681219132340,171681219148086,171681219159578,171681219161709,171681219168269,171681219168345,265650,93825186940240,4375639744,7,2732,1151,6160
171681227486748,171681227503402,171681227514718,171681227516570,171681227523687,171681227523747,265650,93825186940240,4375639744,7,2732,1151,6161
171681235803633,171681235820597,171681235831514,171681235833450,171681235843038,171681235843107,265650,93825186940240,4375639744,7,2732,1151,6162
171681244139250,171681244154816,171681244165587,171681244167419,171681244176964,171681244177023,265650,93825186940240,4375639744,7,2732,1151,6163
171681252527706,171681252545354,171681252556082,171681252557737,171681252568549,171681252568603,265650,93825186940240,4375639744,7,2732,1151,6164
171681260859819,171681260877746,171681260888424,171681260890183,171681260900212,171681260900270,265650,93825186940240,4375639744,7,2732,1151,6165
171681269145349,171681269160571,171681269171023,171681269173237,171681269179358,171681269179421,265650,93825186940240,4375639744,7,2732,1151,6166
171681277477535,171681277493789,171681277504848,171681277506599,171681277511632,171681277511691,265650,93825186940240,4375639744,7,2732,1151,6167
171681285798932,171681285812427,171681285823543,171681285825054,171681285829275,171681285829337,265650,93825186940240,4375639744,7,2732,1151,6168
171681294157175,171681294175616,171681294187437,171681294189579,171681294197563,171681294197653,265650,93825186940240,4375639744,7,2732,1151,6169
171681302511948,171681302539400,171681302550267,171681302552234,171681302559743,171681302559812,265650,93825186940240,4375639744,7,2732,1151,6170
171681310808527,171681310826941,171681310837848,171681310839734,171681310847463,171681310847552,265650,93825186940240,4375639744,7,2732,1151,6171
171681319143703,171681319161586,171681319172632,171681319174489,171681319183329,171681319183409,265650,93825186940240,4375639744,7,2732,1151,6172
171681327475241,171681327492346,171681327503120,171681327505061,171681327514567,171681327514639,265650,93825186940240,4375639744,7,2732,1151,6173
171681335818618,171681335835812,171681335846561,171681335848432,171681335857192,171681335857286,265650,93825186940240,4375639744,7,2732,1151,6174
171681344137101,171681344152634,171681344163533,171681344165462,171681344175036,171681344175102,265650,93825186940240,4375639744,7,2732,1151,6175
171681352516591,171681352534836,171681352546317,171681352548624,171681352557404,171681352557466,265650,93825186940240,4375639744,7,2732,1151,6176
171681360822073,171681360841874,171681360852900,171681360855164,171681360865789,171681360865879,265650,93825186940240,4375639744,7,2732,1151,6177
171681369148681,171681369166494,171681369177316,171681369179374,171681369188591,171681369188664,265650,93825186940240,4375639744,7,2732,1151,6178
171681377472630,171681377490460,171681377501361,171681377503217,171681377510078,171681377510133,265650,93825186940240,4375639744,7,2732,1151,6179
171681385804093,171681385820709,171681385831911,171681385833877,171681385842083,171681385842149,265650,93825186940240,4375639744,7,2732,1151,6180
171681394179739,171681394191386,171681394200986,171681394202423,171681394209708,171681394209774,265650,93825186940240,4375639744,7,2732,1151,6181
171681402595263,171681402691018,171681402708679,171681402709885,171681402717051,171681402717150,265650,93825186940240,4375639744,7,2732,1151,6182
171681410862784,171681410876551,171681410888075,171681410889558,171681410895726,171681410895819,265650,93825186940240,4375639744,7,2732,1151,6183
171681419352133,171681419370933,171681419381341,171681419384117,171681419399511,171681419399583,265650,93825186940240,4375639744,7,2732,1151,6184
171681427577195,171681427672523,171681427683349,171681427684224,171681427690044,171681427690130,265650,93825186940240,4375639744,7,2732,1151,6185
171681435871997,171681435884704,171681435895358,171681435896122,171681435900728,171681435900809,265650,93825186940240,4375639744,7,2732,1151,6186
171681444229454,171681444300436,171681444311158,171681444311897,171681444318379,171681444318448,265650,93825186940240,4375639744,7,2732,1151,6187
171681452498862,171681452512369,171681452523690,171681452527235,171681452535548,171681452535657,265650,93825186940240,4375639744,7,2732,1151,6188
171681460852341,171681460870222,171681460881164,171681460883163,171681460892217,171681460892279,265650,93825186940240,4375639744,7,2732,1151,6189
171681469147802,171681469163872,171681469174477,171681469176160,171681469183157,171681469183215,265650,93825186940240,4375639744,7,2732,1151,6190
171681477525443,171681477541855,171681477552763,171681477554462,171681477559118,171681477559180,265650,93825186940240,4375639744,7,2732,1151,6191
171681485890289,171681485914369,171681485926318,171681485929824,171681485943982,171681485944066,265650,93825186940240,4375639744,7,2732,1151,6192
171681494167109,171681494183718,171681494194929,171681494196778,171681494204584,171681494204631,265650,93825186940240,4375639744,7,2732,1151,6193
171681502535474,171681502552803,171681502565409,171681502568528,171681502573508,171681502573554,265650,93825186940240,4375639744,7,2732,1151,6194
171681510827029,171681510843095,171681510854680,171681510857025,171681510864164,171681510864219,265650,93825186940240,4375639744,7,2732,1151,6195
171681519142078,171681519155292,171681519165942,171681519167623,171681519171059,171681519171108,265650,93825186940240,4375639744,7,2732,1151,6196
171681527509546,171681527528636,171681527539656,171681527541880,171681527549913,171681527550027,265650,93825186940240,4375639744,7,2732,1151,6197
171681535898278,171681535914606,171681535925453,171681535927653,171681535935722,171681535935800,265650,93825186940240,4375639744,7,2732,1151,6198
171681544183798,171681544200567,171681544211541,171681544213541,171681544222522,171681544222593,265650,93825186940240,4375639744,7,2732,1151,6199
171681552573228,171681552596654,171681552607948,171681552609881,171681552619283,171681552619349,265650,93825186940240,4375639744,7,2732,1151,6200
171681560827049,171681560845551,171681560856952,171681560858755,171681560867540,171681560867619,265650,93825186940240,4375639744,7,2732,1151,6201
171681569160608,171681569176259,171681569187395,171681569189504,171681569205114,171681569205162,265650,93825186940240,4375639744,7,2732,1151,6202
171681577494879,171681577512385,171681577523232,171681577525294,171681577536917,171681577536971,265650,93825186940240,4375639744,7,2732,1151,6203
171681585824065,171681585839045,171681585849409,171681585851279,171681585861295,171681585861349,265650,93825186940240,4375639744,7,2732,1151,6204
171681594165154,171681594179811,171681594190441,171681594192678,171681594198584,171681594198657,265650,93825186940240,4375639744,7,2732,1151,6205
171681602530306,171681602550260,171681602561716,171681602564371,171681602579133,171681602579197,265650,93825186940240,4375639744,7,2732,1151,6206
171681610855640,171681610874913,171681610887252,171681610890028,171681610901638,171681610901707,265650,93825186940240,4375639744,7,2732,1151,6207
171681619157652,171681619173134,171681619184505,171681619186721,171681619190864,171681619190916,265650,93825186940240,4375639744,7,2732,1151,6208
171681627544689,171681627559426,171681627570762,171681627572613,171681627577866,171681627577914,265650,93825186940240,4375639744,7,2732,1151,6209
171681635844972,171681635862850,171681635874723,171681635877669,171681635883711,171681635883760,265650,93825186940240,4375639744,7,2732,1151,6210
171681644149416,171681644164726,171681644176018,171681644178050,171681644182325,171681644182389,265650,93825186940240,4375639744,7,2732,1151,6211
171681652524593,171681652544303,171681652555849,171681652558708,171681652570713,171681652570779,265650,93825186940240,4375639744,7,2732,1151,6212
171681660822004,171681660837657,171681660848694,171681660850599,171681660855999,171681660856062,265650,93825186940240,4375639744,7,2732,1151,6213
171681669144937,171681669163558,171681669174927,171681669177054,171681669187787,171681669187886,265650,93825186940240,4375639744,7,2732,1151,6214
171681677562221,171681677582695,171681677594083,171681677596764,171681677610803,171681677610886,265650,93825186940240,4375639744,7,2732,1151,6215
171681685852147,171681685869659,171681685881532,171681685884134,171681685897500,171681685897572,265650,93825186940240,4375639744,7,2732,1151,6216
171681694180601,171681694199793,171681694211153,171681694213418,171681694225301,171681694225382,265650,93825186940240,4375639744,7,2732,1151,6217
171681702528234,171681702548991,171681702560604,171681702563502,171681702577832,171681702577920,265650,93825186940240,4375639744,7,2732,1151,6218
171681710868522,171681710885671,171681710898581,171681710900867,171681710908648,171681710908730,265650,93825186940240,4375639744,7,2732,1151,6219
171681719249662,171681719263803,171681719275236,171681719276920,171681719284702,171681719284798,265650,93825186940240,4375639744,7,2732,1151,6220
171681727498771,171681727508751,171681727517004,171681727518180,171681727524763,171681727524835,265650,93825186940240,4375639744,7,2732,1151,6221
171681735922991,171681735936260,171681735947233,171681735948451,171681735956779,171681735956864,265650,93825186940240,4375639744,7,2732,1151,6222
171681744240464,171681744253037,171681744263744,171681744264955,171681744271180,171681744271267,265650,93825186940240,4375639744,7,2732,1151,6223
171681752560075,171681752572523,171681752583439,171681752584410,171681752590638,171681752590712,265650,93825186940240,4375639744,7,2732,1151,6224
171681760921659,171681760968612,171681760979607,171681760980761,171681760987502,171681760987577,265650,93825186940240,4375639744,7,2732,1151,6225
171681769157808,171681769170586,171681769181533,171681769182503,171681769188624,171681769188691,265650,93825186940240,4375639744,7,2732,1151,6226
171681777536045,171681777546161,171681777554405,171681777555309,171681777560268,171681777560321,265650,93825186940240,4375639744,7,2732,1151,6227
171681785947097,171681785960578,171681785971842,171681785973142,171681785980425,171681785980501,265650,93825186940240,4375639744,7,2732,1151,6228
171681794208288,171681794222172,171681794233593,171681794235051,171681794242587,171681794242670,265650,93825186940240,4375639744,7,2732,1151,6229
171681802616319,171681802629759,171681802641013,171681802642233,171681802650217,171681802650303,265650,93825186940240,4375639744,7,2732,1151,6230
171681810931276,171681810983300,171681810994351,171681810995372,171681811003705,171681811003788,265650,93825186940240,4375639744,7,2732,1151,6231
171681819243407,171681819257750,171681819269230,171681819270585,171681819277276,171681819277365,265650,93825186940240,4375639744,7,2732,1151,6232
171681827598858,171681827650135,171681827661874,171681827663094,171681827669483,171681827669567,265650,93825186940240,4375639744,7,2732,1151,6233
171681835855640,171681835864998,171681835872908,171681835873788,171681835879407,171681835879464,265650,93825186940240,4375639744,7,2732,1151,6234
171681844179489,171681844189275,171681844197470,171681844198311,171681844203396,171681844203455,265650,93825186940240,4375639744,7,2732,1151,6235
171681852554042,171681852563907,171681852572226,171681852573137,171681852579142,171681852579199,265650,93825186940240,4375639744,7,2732,1151,6236
171681860830057,171681860840365,171681860848833,171681860849844,171681860855520,171681860855585,265650,93825186940240,4375639744,7,2732,1151,6237
171681869159992,171681869172761,171681869183806,171681869184813,171681869190612,171681869190694,265650,93825186940240,4375639744,7,2732,1151,6238
171681877498567,171681877513659,171681877525205,171681877526332,171681877530727,171681877530808,265650,93825186940240,4375639744,7,2732,1151,6239
171681885935427,171681885954026,171681885964913,171681885965858,171681885971871,171681885971957,265650,93825186940240,4375639744,7,2732,1151,6240
171681894222910,171681894235662,171681894246266,171681894247230,171681894253790,171681894253872,265650,93825186940240,4375639744,7,2732,1151,6241
171681902609294,171681902621558,171681902632228,171681902633021,171681902638578,171681902638652,265650,93825186940240,4375639744,7,2732,1151,6242
171681910928960,171681910948343,171681910959568,171681910961803,171681910969087,171681910969165,265650,93825186940240,4375639744,7,2732,1151,6243
171681919171095,171681919186612,171681919197557,171681919199459,171681919210970,171681919211028,265650,93825186940240,4375639744,7,2732,1151,6244
171681927547472,171681927563381,171681927573945,171681927576132,171681927603802,171681927603871,265650,93825186940240,4375639744,7,2732,1151,6245
171681935836193,171681935852270,171681935863200,171681935865308,171681935876066,171681935876150,265650,93825186940240,4375639744,7,2732,1151,6246
171681944167158,171681944183136,171681944193949,171681944196030,171681944206038,171681944206117,265650,93825186940240,4375639744,7,2732,1151,6247
171681952520932,171681952539252,171681952550529,171681952552505,171681952564608,171681952564680,265650,93825186940240,4375639744,7,2732,1151,6248
171681960877851,171681960892778,171681960903726,171681960905568,171681960916579,171681960916660,265650,93825186940240,4375639744,7,2732,1151,6249
171681969172185,171681969189840,171681969202149,171681969204579,171681969219832,171681969219923,265650,93825186940240,4375639744,7,2732,1151,6250
171681977513621,171681977529359,171681977540432,171681977542608,171681977550661,171681977550736,265650,93825186940240,4375639744,7,2732,1151,6251
171681985851153,171681985867291,171681985878025,171681985880303,171681985887468,171681985887533,265650,93825186940240,4375639744,7,2732,1151,6252
171681994169931,171681994186551,171681994197416,171681994199282,171681994205816,171681994205882,265650,93825186940240,4375639744,7,2732,1151,6253
171682002526672,171682002545902,171682002558374,171682002561645,171682002569592,171682002569659,265650,93825186940240,4375639744,7,2732,1151,6254
171682010843427,171682010859474,171682010870329,171682010872395,171682010878297,171682010878353,265650,93825186940240,4375639744,7,2732,1151,6255
171682019189656,171682019207962,171682019220200,171682019222287,171682019230422,171682019230526,265650,93825186940240,4375639744,7,2732,1151,6256
171682027510586,171682027528276,171682027539271,171682027541528,171682027549092,171682027549168,265650,93825186940240,4375639744,7,2732,1151,6257
171682035908360,171682035925377,171682035938786,171682035942017,171682035952178,171682035952249,265650,93825186940240,4375639744,7,2732,1151,6258
171682044173862,171682044190326,171682044201561,171682044203340,171682044209706,171682044209897,265650,93825186940240,4375639744,7,2732,1151,6259
171682052578297,171682052602720,171682052613956,171682052616191,171682052623798,171682052623852,265650,93825186940240,4375639744,7,2732,1151,6260
171682060855087,171682060873268,171682060884475,171682060886969,171682060893417,171682060893515,265650,93825186940240,4375639744,7,2732,1151,6261
171682069176516,171682069192801,171682069204678,171682069206685,171682069213212,171682069213308,265650,93825186940240,4375639744,7,2732,1151,6262
171682077542617,171682077559100,171682077570296,171682077572265,171682077577403,171682077577455,265650,93825186940240,4375639744,7,2732,1151,6263
171682085846427,171682085863331,171682085875022,171682085877251,171682085883216,171682085883277,265650,93825186940240,4375639744,7,2732,1151,6264
171682094176236,171682094193691,171682094205209,171682094207032,171682094213878,171682094213944,265650,93825186940240,4375639744,7,2732,1151,6265
171682102568432,171682102585263,171682102596675,171682102598706,171682102605543,171682102605628,265650,93825186940240,4375639744,7,2732,1151,6266
171682110837925,171682110854633,171682110865829,171682110867720,171682110873908,171682110873977,265650,93825186940240,4375639744,7,2732,1151,6267
171682119173090,171682119189764,171682119200539,171682119202527,171682119211031,171682119211114,265650,93825186940240,4375639744,7,2732,1151,6268
171682127569250,171682127581307,171682127590380,171682127591591,171682127597440,171682127597508,265650,93825186940240,4375639744,7,2732,1151,6269
171682135947708,171682135999728,171682136015841,171682136016933,171682136023098,171682136023189,265650,93825186940240,4375639744,7,2732,1151,6270
171682144209904,171682144219674,171682144228101,171682144228813,171682144234359,171682144234431,265650,93825186940240,4375639744,7,2732,1151,6271
171682152589955,171682152602063,171682152613102,171682152614009,171682152619726,171682152619817,265650,93825186940240,4375639744,7,2732,1151,6272
171682160862702,171682160872123,171682160880414,171682160881148,171682160885691,171682160885788,265650,93825186940240,4375639744,7,2732,1151,6273
171682169245534,171682169259677,171682169270818,171682169272103,171682169277244,171682169277338,265650,93825186940240,4375639744,7,2732,1151,6274
171682177657449,171682177669945,171682177681099,171682177682267,171682177687961,171682177688049,265650,93825186940240,4375639744,7,2732,1151,6275
171682185990534,171682186005935,171682186017169,171682186018254,171682186025647,171682186025744,265650,93825186940240,4375639744,7,2732,1151,6276
171682194266644,171682194279064,171682194287419,171682194288583,171682194294826,171682194294891,265650,93825186940240,4375639744,7,2732,1151,6277
171682202552652,171682202565710,171682202576990,171682202578160,171682202584043,171682202584135,265650,93825186940240,4375639744,7,2732,1151,6278
171682210965011,171682210985302,171682210996228,171682210997272,171682211005722,171682211005807,265650,93825186940240,4375639744,7,2732,1151,6279
171682219244773,171682219256979,171682219267783,171682219268564,171682219272871,171682219272957,265650,93825186940240,4375639744,7,2732,1151,6280
171682227647974,171682227681256,171682227692267,171682227693223,171682227698748,171682227698817,265650,93825186940240,4375639744,7,2732,1151,6281
171682235968389,171682235980741,171682235991624,171682235992408,171682235997081,171682235997149,265650,93825186940240,4375639744,7,2732,1151,6282
171682244176507,171682244185912,171682244193933,171682244194553,171682244197756,171682244197808,265650,93825186940240,4375639744,7,2732,1151,6283
171682252642371,171682252655065,171682252665671,171682252666530,171682252671615,171682252671689,265650,93825186940240,4375639744,7,2732,1151,6284
171682260924241,171682260937199,171682260948160,171682260948802,171682260954112,171682260954189,265650,93825186940240,4375639744,7,2732,1151,6285
171682269316961,171682269357173,171682269368117,171682269369027,171682269373790,171682269373861,265650,93825186940240,4375639744,7,2732,1151,6286
171682277556198,171682277565767,171682277574020,171682277574749,171682277580018,171682277580069,265650,93825186940240,4375639744,7,2732,1151,6287
171682285882162,171682285895465,171682285906357,171682285907267,171682285912464,171682285912533,265650,93825186940240,4375639744,7,2732,1151,6288
171682294262137,171682294276287,171682294287393,171682294288959,171682294297413,171682294297511,265650,93825186940240,4375639744,7,2732,1151,6289
171682302611933,171682302624189,171682302635350,171682302636482,171682302643620,171682302643711,265650,93825186940240,4375639744,7,2732,1151,6290
171682310932340,171682310945479,171682310956560,171682310957896,171682310965580,171682310965746,265650,93825186940240,4375639744,7,2732,1151,6291
171682319316100,171682319329155,171682319340127,171682319341295,171682319347195,171682319347288,265650,93825186940240,4375639744,7,2732,1151,6292
171682327510220,171682327519520,171682327527688,171682327528526,171682327534265,171682327534320,265650,93825186940240,4375639744,7,2732,1151,6293
171682335921161,171682335933092,171682335943672,171682335944483,171682335951503,171682335951585,265650,93825186940240,4375639744,7,2732,1151,6294
171682344252319,171682344262733,171682344271213,171682344272123,171682344277553,171682344277608,265650,93825186940240,4375639744,7,2732,1151,6295
171682352553564,171682352563377,171682352571693,171682352572628,171682352578191,171682352578250,265650,93825186940240,4375639744,7,2732,1151,6296
171682360889034,171682360902168,171682360913050,171682360914153,171682360919657,171682360919736,265650,93825186940240,4375639744,7,2732,1151,6297
171682369208116,171682369217965,171682369226370,171682369226999,171682369231917,171682369231973,265650,93825186940240,4375639744,7,2732,1151,6298
171682377544597,171682377555426,171682377563443,171682377564071,171682377569207,171682377569377,265650,93825186940240,4375639744,7,2732,1151,6299
171682385899204,171682385910072,171682385918704,171682385919676,171682385925376,171682385925432,265650,93825186940240,4375639744,7,2732,1151,6300
171682394236510,171682394246524,171682394254674,171682394255349,171682394261440,171682394261490,265650,93825186940240,4375639744,7,2732,1151,6301
171682402632118,171682402705085,171682402715838,171682402716778,171682402723286,171682402723366,265650,93825186940240,4375639744,7,2732,1151,6302
171682410920089,171682410931966,171682410942791,171682410943545,171682410949432,171682410949514,265650,93825186940240,4375639744,7,2732,1151,6303
171682419190647,171682419201822,171682419210107,171682419211438,171682419218170,171682419218256,265650,93825186940240,4375639744,7,2732,1151,6304
171682427618080,171682427677357,171682427688555,171682427689822,171682427696987,171682427697066,265650,93825186940240,4375639744,7,2732,1151,6305
171682435936997,171682435949691,171682435960643,171682435961797,171682435968926,171682435969021,265650,93825186940240,4375639744,7,2732,1151,6306
171682444181346,171682444191038,171682444199090,171682444199851,171682444203661,171682444203725,265650,93825186940240,4375639744,7,2732,1151,6307
171682452637154,171682452651291,171682452662349,171682452663970,171682452671280,171682452671376,265650,93825186940240,4375639744,7,2732,1151,6308
171682460957816,171682460972446,171682460983671,171682460984808,171682460989586,171682460989678,265650,93825186940240,4375639744,7,2732,1151,6309
171682469235708,171682469249300,171682469260344,171682469261601,171682469269273,171682469269370,265650,93825186940240,4375639744,7,2732,1151,6310
171682477548481,171682477558970,171682477567478,171682477568544,171682477573913,171682477573981,265650,93825186940240,4375639744,7,2732,1151,6311
171682485940481,171682485951162,171682485959464,171682485960440,171682485966194,171682485966253,265650,93825186940240,4375639744,7,2732,1151,6312
171682494185653,171682494198579,171682494209421,171682494210720,171682494216809,171682494216903,265650,93825186940240,4375639744,7,2732,1151,6313
171682502645086,171682502657620,171682502668572,171682502669721,171682502674667,171682502674758,265650,93825186940240,4375639744,7,2732,1151,6314
171682510856746,171682510866947,171682510875168,171682510876337,171682510880488,171682510880639,265650,93825186940240,4375639744,7,2732,1151,6315
171682519245106,171682519257602,171682519268065,171682519269073,171682519274690,171682519274770,265650,93825186940240,4375639744,7,2732,1151,6316
171682527560076,171682527570257,171682527578284,171682527579413,171682527584807,171682527584860,265650,93825186940240,4375639744,7,2732,1151,6317
171682535906882,171682535917367,171682535925085,171682535925813,171682535930148,171682535930202,265650,93825186940240,4375639744,7,2732,1151,6318
171682544226819,171682544247011,171682544259038,171682544261612,171682544273099,171682544273173,265650,93825186940240,4375639744,7,2732,1151,6319
171682552527439,171682552545034,171682552556458,171682552558742,171682552566956,171682552567001,265650,93825186940240,4375639744,7,2732,1151,6320
171682560857476,171682560874096,171682560885434,171682560887510,171682560893386,171682560893459,265650,93825186940240,4375639744,7,2732,1151,6321
171682569230395,171682569246906,171682569258313,171682569260424,171682569266391,171682569266494,265650,93825186940240,4375639744,7,2732,1151,6322
171682577527849,171682577544670,171682577555286,171682577557325,171682577561810,171682577561899,265650,93825186940240,4375639744,7,2732,1151,6323
171682585856872,171682585873923,171682585884387,171682585886603,171682585896443,171682585896530,265650,93825186940240,4375639744,7,2732,1151,6324
171682594194530,171682594211112,171682594221957,171682594223880,171682594233844,171682594233928,265650,93825186940240,4375639744,7,2732,1151,6325
171682602524732,171682602541631,171682602552413,171682602554379,171682602564811,171682602564869,265650,93825186940240,4375639744,7,2732,1151,6326
171682610855005,171682610871789,171682610882532,171682610884438,171682610896812,171682610896876,265650,93825186940240,4375639744,7,2732,1151,6327
171682619188591,171682619205245,171682619215840,171682619217690,171682619226259,171682619226318,265650,93825186940240,4375639744,7,2732,1151,6328
171682627541224,171682627558551,171682627569516,171682627571293,171682627580766,171682627580824,265650,93825186940240,4375639744,7,2732,1151,6329
171682635915289,171682635930308,171682635941708,171682635943445,171682635951384,171682635951444,265650,93825186940240,4375639744,7,2732,1151,6330
171682644192186,171682644207228,171682644217883,171682644219877,171682644227449,171682644227508,265650,93825186940240,4375639744,7,2732,1151,6331
171682652595585,171682652615878,171682652627890,171682652630615,171682652643429,171682652643488,265650,93825186940240,4375639744,7,2732,1151,6332
171682660865654,171682660881592,171682660892136,171682660894103,171682660902197,171682660902257,265650,93825186940240,4375639744,7,2732,1151,6333
171682669199000,171682669215563,171682669226461,171682669228490,171682669236760,171682669236823,265650,93825186940240,4375639744,7,2732,1151,6334
171682677528342,171682677543698,171682677556089,171682677558108,171682677564943,171682677565002,265650,93825186940240,4375639744,7,2732,1151,6335
171682685903241,171682685919809,171682685931634,171682685934375,171682685942902,171682685942961,265650,93825186940240,4375639744,7,2732,1151,6336
171682694235024,171682694252979,171682694263821,171682694265790,171682694273159,171682694273248,265650,93825186940240,4375639744,7,2732,1151,6337
171682702532457,171682702550265,171682702561333,171682702563190,171682702571746,171682702571795,265650,93825186940240,4375639744,7,2732,1151,6338
171682710864783,171682710884624,171682710896851,171682710900116,171682710912920,171682710913046,265650,93825186940240,4375639744,7,2732,1151,6339
171682719206248,171682719221309,171682719232382,171682719234660,171682719254545,171682719254634,265650,93825186940240,4375639744,7,2732,1151,6340
171682727548025,171682727566016,171682727577127,171682727579716,171682727588310,171682727588535,265650,93825186940240,4375639744,7,2732,1151,6341
171682735918588,171682735935942,171682735947525,171682735949816,171682735959445,171682735959515,265650,93825186940240,4375639744,7,2732,1151,6342
171682744192559,171682744209026,171682744220365,171682744222506,171682744226798,171682744226892,265650,93825186940240,4375639744,7,2732,1151,6343
171682752482998,171682752500714,171682752511433,171682752513542,171682752523210,171682752523284,265650,93825186940240,4375639744,7,2732,1151,6344
171682760871197,171682760886748,171682760898006,171682760900172,171682760909380,171682760909447,265650,93825186940240,4375639744,7,2732,1151,6345
171682769193551,171682769210588,171682769221755,171682769223627,171682769228078,171682769228134,265650,93825186940240,4375639744,7,2732,1151,6346
171682777539272,171682777558911,171682777581658,171682777583368,171682777591377,171682777591438,265650,93825186940240,4375639744,7,2732,1151,6347
171682785866021,171682785881499,171682785892926,171682785894938,171682785903572,171682785903630,265650,93825186940240,4375639744,7,2732,1151,6348
171682794206897,171682794223347,171682794234627,171682794236480,171682794242377,171682794242437,265650,93825186940240,4375639744,7,2732,1151,6349
171682802577963,171682802601101,171682802619093,171682802622167,171682802635304,171682802635355,265650,93825186940240,4375639744,7,2732,1151,6350
171682810873969,171682810892722,171682810903975,171682810906556,171682810913259,171682810913326,265650,93825186940240,4375639744,7,2732,1151,6351
171682819195994,171682819211138,171682819222029,171682819224094,171682819228610,171682819228695,265650,93825186940240,4375639744,7,2732,1151,6352
171682827541080,171682827558752,171682827570325,171682827572609,171682827579987,171682827580044,265650,93825186940240,4375639744,7,2732,1151,6353
171682835863333,171682835879213,171682835890713,171682835892754,171682835897593,171682835897651,265650,93825186940240,4375639744,7,2732,1151,6354
171682844200959,171682844217773,171682844228632,171682844230427,171682844235831,171682844235902,265650,93825186940240,4375639744,7,2732,1151,6355
171682852602652,171682852619962,171682852631513,171682852633509,171682852639120,171682852639175,265650,93825186940240,4375639744,7,2732,1151,6356
171682860872814,171682860891007,171682860902412,171682860904372,171682860911316,171682860911404,265650,93825186940240,4375639744,7,2732,1151,6357
171682869189615,171682869203952,171682869214607,171682869216300,171682869220178,171682869220225,265650,93825186940240,4375639744,7,2732,1151,6358
171682877597805,171682877613646,171682877624631,171682877626397,171682877633293,171682877633348,265650,93825186940240,4375639744,7,2732,1151,6359
171682885863506,171682885879673,171682885890758,171682885892955,171682885898142,171682885898190,265650,93825186940240,4375639744,7,2732,1151,6360
171682894209142,171682894225149,171682894236446,171682894238349,171682894245865,171682894245926,265650,93825186940240,4375639744,7,2732,1151,6361
171682902578069,171682902594645,171682902605735,171682902607915,171682902615389,171682902615434,265650,93825186940240,4375639744,7,2732,1151,6362
171682910871820,171682910889802,171682910901030,171682910903168,171682910910862,171682910910954,265650,93825186940240,4375639744,7,2732,1151,6363
171682919183624,171682919201677,171682919212488,171682919214364,171682919221279,171682919221383,265650,93825186940240,4375639744,7,2732,1151,6364
171682927615786,171682927637877,171682927649305,171682927651300,171682927658269,171682927658340,265650,93825186940240,4375639744,7,2732,1151,6365
171682935869765,171682935886923,171682935897700,171682935899602,171682935906156,171682935906220,265650,93825186940240,4375639744,7,2732,1151,6366
171682944203477,171682944220980,171682944231835,171682944233639,171682944239771,171682944239839,265650,93825186940240,4375639744,7,2732,1151,6367
171682952566955,171682952584487,171682952595230,171682952596988,171682952604130,171682952604192,265650,93825186940240,4375639744,7,2732,1151,6368
171682960867501,171682960884428,171682960895520,171682960897439,171682960904047,171682960904098,265650,93825186940240,4375639744,7,2732,1151,6369
171682969226192,171682969249716,171682969262536,171682969265713,171682969273311,171682969273362,265650,93825186940240,4375639744,7,2732,1151,6370
171682977586916,171682977603711,171682977614897,171682977616777,171682977623156,171682977623216,265650,93825186940240,4375639744,7,2732,1151,6371
171682985925307,171682985943159,171682985953689,171682985955224,171682985960748,171682985960810,265650,93825186940240,4375639744,7,2732,1151,6372
171682994249458,171682994266790,171682994277390,171682994279160,171682994283811,171682994283890,265650,93825186940240,4375639744,7,2732,1151,6373
171683002553880,171683002575366,171683002588820,171683002591702,171683002601038,171683002601083,265650,93825186940240,4375639744,7,2732,1151,6374
171683010886408,171683010905546,171683010916538,171683010918247,171683010923924,171683010923984,265650,93825186940240,4375639744,7,2732,1151,6375
171683019208330,171683019225597,171683019237048,171683019238847,171683019245233,171683019245301,265650,93825186940240,4375639744,7,2732,1151,6376
171683027599030,171683027621407,171683027633050,171683027635642,171683027654753,171683027654810,265650,93825186940240,4375639744,7,2732,1151,6377
171683035874479,171683035892954,171683035904175,171683035906351,171683035912520,171683035912580,265650,93825186940240,4375639744,7,2732,1151,6378
171683044209739,171683044228108,171683044238765,171683044240729,171683044248884,171683044248947,265650,93825186940240,4375639744,7,2732,1151,6379
171683052591813,171683052609974,171683052620751,171683052622974,171683052629124,171683052629188,265650,93825186940240,4375639744,7,2732,1151,6380
171683060918546,171683060935879,171683060946624,171683060948227,171683060953989,171683060954052,265650,93825186940240,4375639744,7,2732,1151,6381
171683069252390,171683069269482,171683069280185,171683069281861,171683069287962,171683069288032,265650,93825186940240,4375639744,7,2732,1151,6382
171683077594309,171683077612855,171683077623479,171683077625674,171683077631636,171683077631697,265650,93825186940240,4375639744,7,2732,1151,6383
171683085875858,171683085900112,171683085910785,171683085912520,171683085917104,171683085917166,265650,93825186940240,4375639744,7,2732,1151,6384
171683094219657,171683094235428,171683094246086,171683094248327,171683094254874,171683094254948,265650,93825186940240,4375639744,7,2732,1151,6385
171683102603376,171683102624545,171683102636591,171683102639607,171683102647463,171683102647512,265650,93825186940240,4375639744,7,2732,1151,6386
171683110896146,171683110913985,171683110925165,171683110927084,171683110932803,171683110932860,265650,93825186940240,4375639744,7,2732,1151,6387
171683119224572,171683119241405,171683119252329,171683119253957,171683119260315,171683119260398,265650,93825186940240,4375639744,7,2732,1151,6388
171683127548532,171683127565003,171683127575907,171683127577930,171683127584549,171683127584620,265650,93825186940240,4375639744,7,2732,1151,6389
171683135935581,171683135949615,171683135960594,171683135962534,171683135968391,171683135968447,265650,93825186940240,4375639744,7,2732,1151,6390
171683144236498,171683144254191,171683144265440,171683144267552,171683144273482,171683144273538,265650,93825186940240,4375639744,7,2732,1151,6391
171683152546185,171683152563285,171683152574420,171683152576254,171683152581571,171683152581645,265650,93825186940240,4375639744,7,2732,1151,6392
171683160878220,171683160895560,171683160907184,171683160909240,171683160914951,171683160915015,265650,93825186940240,4375639744,7,2732,1151,6393
171683169206795,171683169222153,171683169233590,171683169235506,171683169239760,171683169239841,265650,93825186940240,4375639744,7,2732,1151,6394
171683177565142,171683177582078,171683177592951,171683177594831,171683177601651,171683177601722,265650,93825186940240,4375639744,7,2732,1151,6395
171683185887528,171683185904173,171683185914959,171683185916683,171683185924173,171683185924229,265650,93825186940240,4375639744,7,2732,1151,6396
171683194226437,171683194242713,171683194253618,171683194255404,171683194262502,171683194262567,265650,93825186940240,4375639744,7,2732,1151,6397
171683202541775,171683202558351,171683202569192,171683202570981,171683202579574,171683202579636,265650,93825186940240,4375639744,7,2732,1151,6398
171683210914631,171683210934962,171683210947510,171683210950883,171683210962814,171683210962903,265650,93825186940240,4375639744,7,2732,1151,6399
171683219218016,171683219235096,171683219246874,171683219249693,171683219269976,171683219270106,265650,93825186940240,4375639744,7,2732,1151,6400
171683227601935,171683227622990,171683227636029,171683227639177,171683227652013,171683227652082,265650,93825186940240,4375639744,7,2732,1151,6401
171683235948674,171683235970825,171683235982093,171683235984699,171683235995180,171683235995261,265650,93825186940240,4375639744,7,2732,1151,6402
171683244217368,171683244232995,171683244243920,171683244245922,171683244258430,171683244258490,265650,93825186940240,4375639744,7,2732,1151,6403
171683252563919,171683252581247,171683252592209,171683252594513,171683252602421,171683252602476,265650,93825186940240,4375639744,7,2732,1151,6404
171683260901101,171683260913123,171683260921950,171683260923381,171683260927221,171683260927288,265650,93825186940240,4375639744,7,2732,1151,6405
171683269321300,171683269416909,171683269430943,171683269432020,171683269437519,171683269437597,265650,93825186940240,4375639744,7,2732,1151,6406
171683277610961,171683277622950,171683277633515,171683277634321,171683277639799,171683277639880,265650,93825186940240,4375639744,7,2732,1151,6407
171683285926406,171683285935940,171683285944117,171683285944862,171683285949640,171683285949699,265650,93825186940240,4375639744,7,2732,1151,6408
171683294312920,171683294332103,171683294343870,171683294346277,171683294356491,171683294356560,265650,93825186940240,4375639744,7,2732,1151,6409
171683302620898,171683302639823,171683302651946,171683302655430,171683302663384,171683302663430,265650,93825186940240,4375639744,7,2732,1151,6410
171683310909942,171683310923024,171683310933603,171683310935135,171683310941653,171683310941730,265650,93825186940240,4375639744,7,2732,1151,6411
171683319213644,171683319229420,171683319240227,171683319241930,171683319247827,171683319247876,265650,93825186940240,4375639744,7,2732,1151,6412
171683327548324,171683327564951,171683327575850,171683327577533,171683327584493,171683327584539,265650,93825186940240,4375639744,7,2732,1151,6413
171683335884763,171683335904438,171683335916113,171683335918724,171683335928067,171683335928112,265650,93825186940240,4375639744,7,2732,1151,6414
171683344214743,171683344234455,171683344245321,171683344257312,171683344264941,171683344264991,265650,93825186940240,4375639744,7,2732,1151,6415
171683352558787,171683352576687,171683352587607,171683352589796,171683352600431,171683352600477,265650,93825186940240,4375639744,7,2732,1151,6416
171683360912997,171683360928239,171683360940186,171683360941552,171683360947655,171683360947743,265650,93825186940240,4375639744,7,2732,1151,6417
171683369299225,171683369312738,171683369324005,171683369325242,171683369330986,171683369331072,265650,93825186940240,4375639744,7,2732,1151,6418
171683377610267,171683377623113,171683377634007,171683377635184,171683377640798,171683377640872,265650,93825186940240,4375639744,7,2732,1151,6419
171683385986829,171683386006481,171683386018032,171683386019481,171683386027684,171683386027777,265650,93825186940240,4375639744,7,2732,1151,6420
171683394294187,171683394307188,171683394318230,171683394319405,171683394325920,171683394325997,265650,93825186940240,4375639744,7,2732,1151,6421
171683402646137,171683402659186,171683402670082,171683402671149,171683402677651,171683402677728,265650,93825186940240,4375639744,7,2732,1151,6422
171683410983067,171683411059926,171683411070648,171683411071793,171683411076336,171683411076409,265650,93825186940240,4375639744,7,2732,1151,6423
171683419232782,171683419247909,171683419259542,171683419260967,171683419272515,171683419272594,265650,93825186940240,4375639744,7,2732,1151,6424
171683427678524,171683427692896,171683427704205,171683427705665,171683427713773,171683427713851,265650,93825186940240,4375639744,7,2732,1151,6425
171683436057510,171683436071613,171683436082664,171683436083726,171683436090265,171683436090343,265650,93825186940240,4375639744,7,2732,1151,6426
171683444258756,171683444271342,171683444282221,171683444283094,171683444288463,171683444288539,265650,93825186940240,4375639744,7,2732,1151,6427
171683452701889,171683452714585,171683452725686,171683452726806,171683452734094,171683452734351,265650,93825186940240,4375639744,7,2732,1151,6428
171683460982475,171683460995874,171683461012480,171683461013628,171683461021800,171683461021880,265650,93825186940240,4375639744,7,2732,1151,6429
171683469243918,171683469257861,171683469269242,171683469270410,171683469277748,171683469277823,265650,93825186940240,4375639744,7,2732,1151,6430
171683477647132,171683477660921,171683477672089,171683477673186,171683477680726,171683477680803,265650,93825186940240,4375639744,7,2732,1151,6431
171683486010599,171683486025570,171683486036860,171683486038718,171683486045074,171683486045150,265650,93825186940240,4375639744,7,2732,1151,6432
171683494288088,171683494300412,171683494311251,171683494312247,171683494317862,171683494317937,265650,93825186940240,4375639744,7,2732,1151,6433
171683502656398,171683502669097,171683502680165,171683502681278,171683502688040,171683502688116,265650,93825186940240,4375639744,7,2732,1151,6434
171683511033416,171683511046402,171683511057181,171683511057944,171683511062015,171683511062083,265650,93825186940240,4375639744,7,2732,1151,6435
171683519325924,171683519339162,171683519350195,171683519351298,171683519356878,171683519356956,265650,93825186940240,4375639744,7,2732,1151,6436
171683527649665,171683527662842,171683527673889,171683527675179,171683527681836,171683527681911,265650,93825186940240,4375639744,7,2732,1151,6437
171683536015949,171683536028186,171683536039110,171683536039974,171683536045443,171683536045508,265650,93825186940240,4375639744,7,2732,1151,6438
171683544260101,171683544273101,171683544283823,171683544284732,171683544290134,171683544290198,265650,93825186940240,4375639744,7,2732,1151,6439
171683552688476,171683552701280,171683552712083,171683552713068,171683552718002,171683552718074,265650,93825186940240,4375639744,7,2732,1151,6440
171683560966276,171683560979239,171683560990136,171683560990886,171683560995938,171683560996005,265650,93825186940240,4375639744,7,2732,1151,6441
171683569257455,171683569271070,171683569279848,171683569281394,171683569288027,171683569288103,265650,93825186940240,4375639744,7,2732,1151,6442
171683577617806,171683577634806,171683577646909,171683577650118,171683577657397,171683577657475,265650,93825186940240,4375639744,7,2732,1151,6443
171683585951384,171683585968213,171683585979160,171683585981042,171683585988634,171683585988697,265650,93825186940240,4375639744,7,2732,1151,6444
171683594291891,171683594307553,171683594318526,171683594320783,171683594331752,171683594331802,265650,93825186940240,4375639744,7,2732,1151,6445
171683602613462,171683602629346,171683602639746,171683602641481,171683602648656,171683602648710,265650,93825186940240,4375639744,7,2732,1151,6446
171683610937946,171683610953525,171683610964307,171683610966075,171683610978156,171683610978237,265650,93825186940240,4375639744,7,2732,1151,6447
171683619241279,171683619258312,171683619269113,171683619271046,171683619282829,171683619282904,265650,93825186940240,4375639744,7,2732,1151,6448
171683627627922,171683627646474,171683627659443,171683627662835,171683627679605,171683627679690,265650,93825186940240,4375639744,7,2732,1151,6449
171683635931069,171683635952449,171683635964516,171683635967539,171683635986111,171683635986202,265650,93825186940240,4375639744,7,2732,1151,6450
171683644232663,171683644247959,171683644258907,171683644260802,171683644270317,171683644270397,265650,93825186940240,4375639744,7,2732,1151,6451
171683652614322,171683652632917,171683652644563,171683652647319,171683652657009,171683652657097,265650,93825186940240,4375639744,7,2732,1151,6452
171683660896616,171683660912698,171683660923619,171683660925475,171683660937404,171683660937477,265650,93825186940240,4375639744,7,2732,1151,6453
171683669230590,171683669246347,171683669257635,171683669259549,171683669269357,171683669269427,265650,93825186940240,4375639744,7,2732,1151,6454
171683677620152,171683677636805,171683677648121,171683677649991,171683677658293,171683677658374,265650,93825186940240,4375639744,7,2732,1151,6455
171683685907926,171683685927328,171683685938522,171683685940380,171683685947827,171683685947932,265650,93825186940240,4375639744,7,2732,1151,6456
171683694238090,171683694255974,171683694266715,171683694268877,171683694273727,171683694273824,265650,93825186940240,4375639744,7,2732,1151,6457
171683702604918,171683702617542,171683702628279,171683702629883,171683702634480,171683702634546,265650,93825186940240,4375639744,7,2732,1151,6458
171683710891458,171683710905480,171683710917651,171683710920575,171683710927141,171683710927191,265650,93825186940240,4375639744,7,2732,1151,6459
171683719259918,171683719279304,171683719290802,171683719293230,171683719305027,171683719305203,265650,93825186940240,4375639744,7,2732,1151,6460
171683727627993,171683727649112,171683727661215,171683727664353,171683727674921,171683727675008,265650,93825186940240,4375639744,7,2732,1151,6461
171683735943842,171683735965460,171683735977055,171683735980021,171683735990038,171683735990132,265650,93825186940240,4375639744,7,2732,1151,6462
171683744282182,171683744302065,171683744314034,171683744316799,171683744331249,171683744331430,265650,93825186940240,4375639744,7,2732,1151,6463
171683752611499,171683752633296,171683752644905,171683752647855,171683752661885,171683752661968,265650,93825186940240,4375639744,7,2732,1151,6464
171683761064624,171683761084450,171683761097816,171683761100311,171683761111428,171683761111513,265650,93825186940240,4375639744,7,2732,1151,6465
171683769267284,171683769285100,171683769296546,171683769299164,171683769309764,171683769309855,265650,93825186940240,4375639744,7,2732,1151,6466
171683777649062,171683777659441,171683777668043,171683777668872,171683777674027,171683777674094,265650,93825186940240,4375639744,7,2732,1151,6467
171683786064683,171683786078362,171683786089512,171683786091085,171683786099804,171683786099876,265650,93825186940240,4375639744,7,2732,1151,6468
171683794277531,171683794290702,171683794301851,171683794303962,171683794312005,171683794312074,265650,93825186940240,4375639744,7,2732,1151,6469
171683802702685,171683802715737,171683802726658,171683802728236,171683802734236,171683802734316,265650,93825186940240,4375639744,7,2732,1151,6470
171683811036722,171683811049379,171683811060185,171683811061338,171683811066834,171683811066915,265650,93825186940240,4375639744,7,2732,1151,6471
171683819230277,171683819241003,171683819249275,171683819250134,171683819255276,171683819255329,265650,93825186940240,4375639744,7,2732,1151,6472
171683827576724,171683827587566,171683827596366,171683827597431,171683827603595,171683827603654,265650,93825186940240,4375639744,7,2732,1151,6473
171683835887316,171683835896833,171683835904855,171683835905709,171683835910831,171683835910882,265650,93825186940240,4375639744,7,2732,1151,6474
171683844237920,171683844248977,171683844257926,171683844258984,171683844264474,171683844264536,265650,93825186940240,4375639744,7,2732,1151,6475
171683852672717,171683852695704,171683852707545,171683852710109,171683852724182,171683852724283,265650,93825186940240,4375639744,7,2732,1151,6476
171683860930624,171683860948950,171683860960502,171683860962976,171683860969943,171683860970001,265650,93825186940240,4375639744,7,2732,1151,6477
171683869255666,171683869274057,171683869285776,171683869288254,171683869296002,171683869296108,265650,93825186940240,4375639744,7,2732,1151,6478
171683877575167,171683877590503,171683877601057,171683877602673,171683877611339,171683877611412,265650,93825186940240,4375639744,7,2732,1151,6479
171683885906444,171683885921524,171683885932703,171683885935312,171683885949107,171683885949170,265650,93825186940240,4375639744,7,2732,1151,6480
171683894257248,171683894275183,171683894286311,171683894288599,171683894301838,171683894301909,265650,93825186940240,4375639744,7,2732,1151,6481
171683902605448,171683902627475,171683902638483,171683902640534,171683902654825,171683902654896,265650,93825186940240,4375639744,7,2732,1151,6482
171683910910681,171683910925017,171683910935911,171683910937904,171683910944372,171683910944428,265650,93825186940240,4375639744,7,2732,1151,6483
171683919263864,171683919280731,171683919294967,171683919298592,171683919311067,171683919311152,265650,93825186940240,4375639744,7,2732,1151,6484
171683927584884,171683927599621,171683927610638,171683927612605,171683927623067,171683927623108,265650,93825186940240,4375639744,7,2732,1151,6485
171683935915524,171683935932546,171683935943398,171683935945344,171683935950882,171683935950941,265650,93825186940240,4375639744,7,2732,1151,6486
171683944251258,171683944269509,171683944280134,171683944282133,171683944287643,171683944287704,265650,93825186940240,4375639744,7,2732,1151,6487
171683952601493,171683952618011,171683952628557,171683952630461,171683952637712,171683952637780,265650,93825186940240,4375639744,7,2732,1151,6488
171683960916909,171683960947470,171683960962222,171683960965028,171683960972970,171683960973054,265650,93825186940240,4375639744,7,2732,1151,6489
171683969249095,171683969264325,171683969276568,171683969279203,171683969290951,171683969291018,265650,93825186940240,4375639744,7,2732,1151,6490
171683977623264,171683977641910,171683977653736,171683977656712,171683977672246,171683977672303,265650,93825186940240,4375639744,7,2732,1151,6491
171683985907315,171683985920575,171683985933258,171683985934975,171683985944646,171683985944721,265650,93825186940240,4375639744,7,2732,1151,6492
171683994238951,171683994253268,171683994263864,171683994265610,171683994276370,171683994276441,265650,93825186940240,4375639744,7,2732,1151,6493
171684002617316,171684002639607,171684002651288,171684002653976,171684002670608,171684002670668,265650,93825186940240,4375639744,7,2732,1151,6494
171684010896900,171684010910108,171684010920627,171684010923093,171684010936298,171684010936362,265650,93825186940240,4375639744,7,2732,1151,6495
171684019320848,171684019341800,171684019351413,171684019353622,171684019359884,171684019359949,265650,93825186940240,4375639744,7,2732,1151,6496
171684027663136,171684027676407,171684027687381,171684027688447,171684027692151,171684027692252,265650,93825186940240,4375639744,7,2732,1151,6497
171684035956513,171684035972093,171684035983539,171684035985678,171684035992513,171684035992625,265650,93825186940240,4375639744,7,2732,1151,6498
171684044270524,171684044287056,171684044298494,171684044299902,171684044305713,171684044305797,265650,93825186940240,4375639744,7,2732,1151,6499
171684052699633,171684052714093,171684052724870,171684052726184,171684052731057,171684052731154,265650,93825186940240,4375639744,7,2732,1151,6500
171684060915213,171684060928068,171684060938708,171684060939799,171684060944865,171684060944947,265650,93825186940240,4375639744,7,2732,1151,6501
171684069285832,171684069299288,171684069310037,171684069311241,171684069318740,171684069318829,265650,93825186940240,4375639744,7,2732,1151,6502
171684077673423,171684077685369,171684077695828,171684077696760,171684077703049,171684077703136,265650,93825186940240,4375639744,7,2732,1151,6503
171684086153617,171684086245351,171684086257062,171684086258381,171684086266917,171684086267010,265650,93825186940240,4375639744,7,2732,1151,6504
171684094266865,171684094279745,171684094290771,171684094291837,171684094297845,171684094297922,265650,93825186940240,4375639744,7,2732,1151,6505
171684102675967,171684102689516,171684102700346,171684102701412,171684102710288,171684102710369,265650,93825186940240,4375639744,7,2732,1151,6506
171684110934049,171684110947077,171684110956530,171684110957394,171684110961566,171684110961633,265650,93825186940240,4375639744,7,2732,1151,6507
171684119273670,171684119287439,171684119298286,171684119299500,171684119306560,171684119306643,265650,93825186940240,4375639744,7,2732,1151,6508
171684127640771,171684127650443,171684127658462,171684127659410,171684127665939,171684127665996,265650,93825186940240,4375639744,7,2732,1151,6509
171684136004780,171684136017724,171684136028778,171684136029785,171684136035494,171684136035582,265650,93825186940240,4375639744,7,2732,1151,6510
171684144290637,171684144304079,171684144314845,171684144315893,171684144323667,171684144323748,265650,93825186940240,4375639744,7,2732,1151,6511
171684152782580,171684152866715,171684152877866,171684152878975,171684152883340,171684152883431,265650,93825186940240,4375639744,7,2732,1151,6512
171684161048028,171684161122561,171684161133293,171684161134383,171684161139035,171684161139130,265650,93825186940240,4375639744,7,2732,1151,6513
171684169279863,171684169292569,171684169303482,171684169304479,171684169311103,171684169311193,265650,93825186940240,4375639744,7,2732,1151,6514
171684177635838,171684177646079,171684177654263,171684177655329,171684177663414,171684177663484,265650,93825186940240,4375639744,7,2732,1151,6515
171684186025196,171684186045242,171684186056731,171684186059664,171684186065198,171684186065297,265650,93825186940240,4375639744,7,2732,1151,6516
171684194299534,171684194314918,171684194326956,171684194330320,171684194335675,171684194335758,265650,93825186940240,4375639744,7,2732,1151,6517
171684202579585,171684202595198,171684202606459,171684202608350,171684202613042,171684202613169,265650,93825186940240,4375639744,7,2732,1151,6518
171684210924631,171684210942520,171684210953375,171684210955183,171684210961856,171684210961934,265650,93825186940240,4375639744,7,2732,1151,6519
171684219297255,171684219312598,171684219324233,171684219326132,171684219330934,171684219331001,265650,93825186940240,4375639744,7,2732,1151,6520
171684227590648,171684227604718,171684227615566,171684227617318,171684227622516,171684227622581,265650,93825186940240,4375639744,7,2732,1151,6521
171684235972457,171684235987663,171684235998473,171684236005649,171684236010715,171684236010786,265650,93825186940240,4375639744,7,2732,1151,6522
171684244258332,171684244275194,171684244286434,171684244288539,171684244293349,171684244293424,265650,93825186940240,4375639744,7,2732,1151,6523
171684252592407,171684252610076,171684252621162,171684252623044,171684252628462,171684252628520,265650,93825186940240,4375639744,7,2732,1151,6524
171684260938290,171684260955443,171684260966100,171684260967884,171684260973419,171684260973479,265650,93825186940240,4375639744,7,2732,1151,6525
171684269255912,171684269273096,171684269284125,171684269286131,171684269290448,171684269290507,265650,93825186940240,4375639744,7,2732,1151,6526
171684277583066,171684277598362,171684277609939,171684277612019,171684277616047,171684277616104,265650,93825186940240,4375639744,7,2732,1151,6527
171684285963911,171684285979939,171684285992354,171684285995626,171684286006524,171684286006586,265650,93825186940240,4375639744,7,2732,1151,6528
171684294265282,171684294282072,171684294293018,171684294294753,171684294300175,171684294300240,265650,93825186940240,4375639744,7,2732,1151,6529
171684302635618,171684302654475,171684302665974,171684302669499,171684302678556,171684302678663,265650,93825186940240,4375639744,7,2732,1151,6530
171684310938602,171684310953847,171684310964865,171684310967474,171684310978772,171684310978829,265650,93825186940240,4375639744,7,2732,1151,6531
171684319253923,171684319267786,171684319278279,171684319279773,171684319289606,171684319289694,265650,93825186940240,4375639744,7,2732,1151,6532
171684327582184,171684327594319,171684327604211,171684327605671,171684327613034,171684327613091,265650,93825186940240,4375639744,7,2732,1151,6533
171684335922776,171684335935613,171684335945476,171684335947461,171684335956330,171684335956380,265650,93825186940240,4375639744,7,2732,1151,6534
171684344295634,171684344307919,171684344317707,171684344319115,171684344331677,171684344331732,265650,93825186940240,4375639744,7,2732,1151,6535
171684352694276,171684352710433,171684352722606,171684352724191,171684352729753,171684352729834,265650,93825186940240,4375639744,7,2732,1151,6536
171684360964822,171684360973966,171684360982173,171684360983011,171684360987664,171684360987718,265650,93825186940240,4375639744,7,2732,1151,6537
171684369256446,171684369269274,171684369280347,171684369281304,171684369288038,171684369288128,265650,93825186940240,4375639744,7,2732,1151,6538
171684377660340,171684377672836,171684377683767,171684377684664,171684377690302,171684377690388,265650,93825186940240,4375639744,7,2732,1151,6539
171684386101360,171684386115030,171684386125742,171684386126876,171684386134135,171684386134215,265650,93825186940240,4375639744,7,2732,1151,6540
171684394260259,171684394270054,171684394278512,171684394279224,171684394284919,171684394285023,265650,93825186940240,4375639744,7,2732,1151,6541
171684402699824,171684402713120,171684402724014,171684402724955,171684402731010,171684402731090,265650,93825186940240,4375639744,7,2732,1151,6542
171684411011079,171684411023918,171684411034964,171684411035832,171684411041572,171684411041653,265650,93825186940240,4375639744,7,2732,1151,6543
171684419263898,171684419277459,171684419288377,171684419289595,171684419297516,171684419297604,265650,93825186940240,4375639744,7,2732,1151,6544
171684427666220,171684427675350,171684427682870,171684427683622,171684427689446,171684427689503,265650,93825186940240,4375639744,7,2732,1151,6545
171684435983450,171684435992992,171684436003852,171684436004804,171684436010432,171684436010532,265650,93825186940240,4375639744,7,2732,1151,6546
171684444365032,171684444377727,171684444388716,171684444389681,171684444396232,171684444396316,265650,93825186940240,4375639744,7,2732,1151,6547
171684452716192,171684452765117,171684452776038,171684452777164,171684452781943,171684452782029,265650,93825186940240,4375639744,7,2732,1151,6548
171684460978949,171684460988829,171684460997075,171684460997836,171684461005140,171684461005194,265650,93825186940240,4375639744,7,2732,1151,6549
171684469266543,171684469279401,171684469290526,171684469291571,171684469297614,171684469297700,265650,93825186940240,4375639744,7,2732,1151,6550
171684477595698,171684477604582,171684477612373,171684477613249,171684477617455,171684477617518,265650,93825186940240,4375639744,7,2732,1151,6551
171684486048988,171684486062285,171684486073163,171684486074215,171684486079314,171684486079397,265650,93825186940240,4375639744,7,2732,1151,6552
171684494267028,171684494280471,171684494291721,171684494292814,171684494298580,171684494298666,265650,93825186940240,4375639744,7,2732,1151,6553
171684502662923,171684502675397,171684502686224,171684502687238,171684502692877,171684502692961,265650,93825186940240,4375639744,7,2732,1151,6554
171684511080541,171684511093989,171684511105409,171684511106490,171684511113393,171684511113477,265650,93825186940240,4375639744,7,2732,1151,6555
171684519344726,171684519353883,171684519362014,171684519362839,171684519367632,171684519367695,265650,93825186940240,4375639744,7,2732,1151,6556
171684527693781,171684527706959,171684527718478,171684527719699,171684527725376,171684527725466,265650,93825186940240,4375639744,7,2732,1151,6557
171684536049281,171684536063645,171684536075013,171684536076214,171684536085408,171684536085494,265650,93825186940240,4375639744,7,2732,1151,6558
171684544486908,171684544502332,171684544513621,171684544514835,171684544521431,171684544521517,265650,93825186940240,4375639744,7,2732,1151,6559
171684552660820,171684552679539,171684552690609,171684552692946,171684552703310,171684552703388,265650,93825186940240,4375639744,7,2732,1151,6560
171684560945126,171684560961234,171684560972745,171684560974635,171684560983647,171684560983699,265650,93825186940240,4375639744,7,2732,1151,6561
171684569289239,171684569307945,171684569319316,171684569321748,171684569329836,171684569329922,265650,93825186940240,4375639744,7,2732,1151,6562
171684577609669,171684577626359,171684577637319,171684577639449,171684577646298,171684577646345,265650,93825186940240,4375639744,7,2732,1151,6563
171684585954421,171684585972212,171684585983119,171684585985526,171684585995559,171684585995602,265650,93825186940240,4375639744,7,2732,1151,6564
171684594315762,171684594331082,171684594343374,171684594346338,171684594356528,171684594356588,265650,93825186940240,4375639744,7,2732,1151,6565
171684602636397,171684602660661,171684602672898,171684602675984,171684602687446,171684602687532,265650,93825186940240,4375639744,7,2732,1151,6566
171684610950878,171684610969143,171684610980619,171684610982878,171684610992209,171684610992291,265650,93825186940240,4375639744,7,2732,1151,6567
171684619274541,171684619292393,171684619303504,171684619305633,171684619311847,171684619311908,265650,93825186940240,4375639744,7,2732,1151,6568
171684627653682,171684627670409,171684627680889,171684627682773,171684627692934,171684627693012,265650,93825186940240,4375639744,7,2732,1151,6569
171684635939333,171684635955337,171684635965935,171684635967748,171684635974769,171684635974837,265650,93825186940240,4375639744,7,2732,1151,6570
171684644275872,171684644290837,171684644302179,171684644303846,171684644310823,171684644310881,265650,93825186940240,4375639744,7,2732,1151,6571
171684652675414,171684652692293,171684652703177,171684652705158,171684652713688,171684652713752,265650,93825186940240,4375639744,7,2732,1151,6572
171684660957432,171684660974232,171684660984867,171684660986761,171684660995082,171684660995145,265650,93825186940240,4375639744,7,2732,1151,6573
171684669284754,171684669302698,171684669313234,171684669315204,171684669323847,171684669323906,265650,93825186940240,4375639744,7,2732,1151,6574
171684677600078,171684677614656,171684677625340,171684677627308,171684677632624,171684677632696,265650,93825186940240,4375639744,7,2732,1151,6575
171684685936792,171684685953297,171684685964396,171684685965942,171684685970359,171684685970405,265650,93825186940240,4375639744,7,2732,1151,6576
171684694321802,171684694337964,171684694348612,171684694350411,171684694357170,171684694357223,265650,93825186940240,4375639744,7,2732,1151,6577
171684702607171,171684702622112,171684702633650,171684702635344,171684702638805,171684702638867,265650,93825186940240,4375639744,7,2732,1151,6578
171684710966265,171684710979129,171684710989890,171684710991556,171684710995836,171684710995894,265650,93825186940240,4375639744,7,2732,1151,6579
171684719278034,171684719295366,171684719306292,171684719308291,171684719313438,171684719313495,265650,93825186940240,4375639744,7,2732,1151,6580
171684727659591,171684727680029,171684727691920,171684727694855,171684727708225,171684727708287,265650,93825186940240,4375639744,7,2732,1151,6581
171684735947268,171684735964502,171684735975537,171684735977361,171684735983302,171684735983363,265650,93825186940240,4375639744,7,2732,1151,6582
171684744279190,171684744297261,171684744309020,171684744310732,171684744319050,171684744319163,265650,93825186940240,4375639744,7,2732,1151,6583
171684752632483,171684752650941,171684752661899,171684752664113,171684752672381,171684752672467,265650,93825186940240,4375639744,7,2732,1151,6584
171684760969496,171684760987469,171684760998929,171684761005623,171684761020367,171684761020463,265650,93825186940240,4375639744,7,2732,1151,6585
171684769308110,171684769327373,171684769340235,171684769343723,171684769350447,171684769350525,265650,93825186940240,4375639744,7,2732,1151,6586
171684777731194,171684777749694,171684777760855,171684777762970,171684777772341,171684777772431,265650,93825186940240,4375639744,7,2732,1151,6587
171684785975770,171684785996043,171684786016813,171684786019958,171684786037108,171684786037201,265650,93825186940240,4375639744,7,2732,1151,6588
171684794364778,171684794389210,171684794402191,171684794405563,171684794424802,171684794424886,265650,93825186940240,4375639744,7,2732,1151,6589
171684802685759,171684802702148,171684802712687,171684802714758,171684802724602,171684802724665,265650,93825186940240,4375639744,7,2732,1151,6590
171684810987336,171684811009508,171684811020105,171684811022218,171684811028504,171684811028567,265650,93825186940240,4375639744,7,2732,1151,6591
171684819289936,171684819307522,171684819318231,171684819319998,171684819328873,171684819328946,265650,93825186940240,4375639744,7,2732,1151,6592
171684827630868,171684827648137,171684827658922,171684827660822,171684827670077,171684827670142,265650,93825186940240,4375639744,7,2732,1151,6593
171684835947431,171684835963752,171684835974066,171684835976182,171684835984290,171684835984357,265650,93825186940240,4375639744,7,2732,1151,6594
171684844279472,171684844292358,171684844302558,171684844304518,171684844313432,171684844313489,265650,93825186940240,4375639744,7,2732,1151,6595
171684852634776,171684852653361,171684852664495,171684852666633,171684852676850,171684852676920,265650,93825186940240,4375639744,7,2732,1151,6596
171684860997373,171684861018256,171684861028695,171684861030858,171684861037008,171684861037066,265650,93825186940240,4375639744,7,2732,1151,6597
171684869274646,171684869288438,171684869299419,171684869301264,171684869309655,171684869309729,265650,93825186940240,4375639744,7,2732,1151,6598
171684877645355,171684877664743,171684877677014,171684877680105,171684877688857,171684877688946,265650,93825186940240,4375639744,7,2732,1151,6599
171684885956245,171684885974422,171684885985279,171684885987839,171684885993914,171684885993997,265650,93825186940240,4375639744,7,2732,1151,6600
171684894309786,171684894326723,171684894338055,171684894340042,171684894347999,171684894348091,265650,93825186940240,4375639744,7,2732,1151,6601
171684902641920,171684902661977,171684902673757,171684902676658,171684902689594,171684902689689,265650,93825186940240,4375639744,7,2732,1151,6602
171684910938333,171684910950814,171684910961103,171684910963004,171684910969865,171684910969948,265650,93825186940240,4375639744,7,2732,1151,6603
171684919289927,171684919308726,171684919320510,171684919323351,171684919331777,171684919331843,265650,93825186940240,4375639744,7,2732,1151,6604
171684927669611,171684927687007,171684927698074,171684927700889,171684927709937,171684927709988,265650,93825186940240,4375639744,7,2732,1151,6605
171684935955637,171684935971013,171684935982369,171684935984987,171684935994985,171684935995035,265650,93825186940240,4375639744,7,2732,1151,6606
171684944291465,171684944306876,171684944317415,171684944319217,171684944326711,171684944326762,265650,93825186940240,4375639744,7,2732,1151,6607
171684952810985,171684952854679,171684952866540,171684952868019,171684952873417,171684952873504,265650,93825186940240,4375639744,7,2732,1151,6608
171684961060383,171684961075635,171684961087173,171684961088870,171684961095658,171684961095754,265650,93825186940240,4375639744,7,2732,1151,6609
171684969419695,171684969432437,171684969443520,171684969444484,171684969451304,171684969451394,265650,93825186940240,4375639744,7,2732,1151,6610
171684977747147,171684977775985,171684977786685,171684977787570,171684977792098,171684977792180,265650,93825186940240,4375639744,7,2732,1151,6611
171684986027946,171684986040813,171684986051366,171684986052600,171684986059760,171684986059841,265650,93825186940240,4375639744,7,2732,1151,6612
171684994281000,171684994290175,171684994298227,171684994299163,171684994305061,171684994305124,265650,93825186940240,4375639744,7,2732,1151,6613
171685002694312,171685002707747,171685002718683,171685002719877,171685002728847,171685002728932,265650,93825186940240,4375639744,7,2732,1151,6614
171685011151234,171685011166865,171685011178079,171685011179806,171685011186670,171685011186751,265650,93825186940240,4375639744,7,2732,1151,6615
171685019357784,171685019367799,171685019376034,171685019377104,171685019383570,171685019383633,265650,93825186940240,4375639744,7,2732,1151,6616
171685027668482,171685027682882,171685027694651,171685027696000,171685027701590,171685027701678,265650,93825186940240,4375639744,7,2732,1151,6617
171685036043445,171685036056300,171685036067348,171685036068361,171685036074188,171685036074275,265650,93825186940240,4375639744,7,2732,1151,6618
171685044285909,171685044295013,171685044303221,171685044303992,171685044309961,171685044310021,265650,93825186940240,4375639744,7,2732,1151,6619
171685052675542,171685052687802,171685052698426,171685052699309,171685052704887,171685052704969,265650,93825186940240,4375639744,7,2732,1151,6620
171685060948938,171685060961518,171685060972870,171685060973759,171685060980034,171685060980111,265650,93825186940240,4375639744,7,2732,1151,6621
171685069281614,171685069294229,171685069304727,171685069305485,171685069311037,171685069311104,265650,93825186940240,4375639744,7,2732,1151,6622
171685077757392,171685077770049,171685077780850,171685077781725,171685077787425,171685077787498,265650,93825186940240,4375639744,7,2732,1151,6623
171685086075730,171685086164942,171685086176084,171685086177139,171685086183490,171685086183567,265650,93825186940240,4375639744,7,2732,1151,6624
171685094289715,171685094302062,171685094312804,171685094313699,171685094320835,171685094320908,265650,93825186940240,4375639744,7,2732,1151,6625
171685102706204,171685102760122,171685102771075,171685102772070,171685102778746,171685102778816,265650,93825186940240,4375639744,7,2732,1151,6626
171685110947817,171685110957065,171685110965051,171685110965760,171685110970878,171685110970940,265650,93825186940240,4375639744,7,2732,1151,6627
171685119286509,171685119296837,171685119305533,171685119306319,171685119312812,171685119312872,265650,93825186940240,4375639744,7,2732,1151,6628
171685127767276,171685127798807,171685127810020,171685127811117,171685127818831,171685127818906,265650,93825186940240,4375639744,7,2732,1151,6629
171685136078124,171685136090991,171685136101917,171685136102855,171685136108936,171685136109009,265650,93825186940240,4375639744,7,2732,1151,6630
171685144305785,171685144319876,171685144331031,171685144332179,171685144341173,171685144341255,265650,93825186940240,4375639744,7,2732,1151,6631
171685152746793,171685152760171,171685152771478,171685152773073,171685152778924,171685152779001,265650,93825186940240,4375639744,7,2732,1151,6632
171685161052080,171685161067186,171685161078651,171685161079866,171685161085844,171685161085934,265650,93825186940240,4375639744,7,2732,1151,6633
171685169294082,171685169304477,171685169312736,171685169313939,171685169320155,171685169320221,265650,93825186940240,4375639744,7,2732,1151,6634
171685177655986,171685177665385,171685177673209,171685177674114,171685177680868,171685177680932,265650,93825186940240,4375639744,7,2732,1151,6635
171685186057374,171685186070760,171685186082046,171685186083426,171685186090544,171685186090640,265650,93825186940240,4375639744,7,2732,1151,6636
171685194405993,171685194419590,171685194431059,171685194432282,171685194438085,171685194438180,265650,93825186940240,4375639744,7,2732,1151,6637
171685202769108,171685202782719,171685202793794,171685202794847,171685202800769,171685202800863,265650,93825186940240,4375639744,7,2732,1151,6638
171685211010321,171685211023251,171685211034556,171685211035647,171685211041720,171685211041813,265650,93825186940240,4375639744,7,2732,1151,6639
171685219295970,171685219309355,171685219320834,171685219321797,171685219329200,171685219329296,265650,93825186940240,4375639744,7,2732,1151,6640
171685227782154,171685227794359,171685227805245,171685227806163,171685227812597,171685227812684,265650,93825186940240,4375639744,7,2732,1151,6641
171685236112298,171685236124737,171685236135606,171685236136586,171685236143105,171685236143196,265650,93825186940240,4375639744,7,2732,1151,6642
171685244291354,171685244300829,171685244309102,171685244309900,171685244315932,171685244316000,265650,93825186940240,4375639744,7,2732,1151,6643
171685252744287,171685252757670,171685252768591,171685252769797,171685252776483,171685252776565,265650,93825186940240,4375639744,7,2732,1151,6644
171685260986075,171685260999524,171685261015205,171685261016321,171685261023177,171685261023265,265650,93825186940240,4375639744,7,2732,1151,6645
171685269295514,171685269308859,171685269320275,171685269321228,171685269328794,171685269328888,265650,93825186940240,4375639744,7,2732,1151,6646
171685277681828,171685277691134,171685277699283,171685277700008,171685277705694,171685277705749,265650,93825186940240,4375639744,7,2732,1151,6647
171685286036430,171685286049001,171685286060148,171685286061184,171685286067955,171685286068028,265650,93825186940240,4375639744,7,2732,1151,6648
171685294382036,171685294393028,171685294401280,171685294402431,171685294411332,171685294411397,265650,93825186940240,4375639744,7,2732,1151,6649
171685302760340,171685302773986,171685302785218,171685302786351,171685302792449,171685302792522,265650,93825186940240,4375639744,7,2732,1151,6650
171685310968131,171685310982550,171685310993211,171685310994581,171685311004817,171685311004883,265650,93825186940240,4375639744,7,2732,1151,6651
171685319410812,171685319423854,171685319434918,171685319436064,171685319441624,171685319441711,265650,93825186940240,4375639744,7,2732,1151,6652
171685327698012,171685327707764,171685327716259,171685327717831,171685327724263,171685327724335,265650,93825186940240,4375639744,7,2732,1151,6653
171685336047346,171685336059680,171685336070452,171685336071420,171685336076630,171685336076714,265650,93825186940240,4375639744,7,2732,1151,6654
171685344295631,171685344308238,171685344319338,171685344320088,171685344327738,171685344327829,265650,93825186940240,4375639744,7,2732,1151,6655
171685352723211,171685352736058,171685352747257,171685352748355,171685352756197,171685352756270,265650,93825186940240,4375639744,7,2732,1151,6656
171685361056305,171685361070597,171685361081802,171685361083600,171685361091815,171685361091906,265650,93825186940240,4375639744,7,2732,1151,6657
171685369476798,171685369491646,171685369502779,171685369504139,171685369510681,171685369510762,265650,93825186940240,4375639744,7,2732,1151,6658
171685377669474,171685377677993,171685377685687,171685377686346,171685377691070,171685377691121,265650,93825186940240,4375639744,7,2732,1151,6659
171685386131934,171685386147737,171685386159067,171685386160439,171685386170198,171685386170271,265650,93825186940240,4375639744,7,2732,1151,6660
171685394305259,171685394318757,171685394330187,171685394331610,171685394338995,171685394339067,265650,93825186940240,4375639744,7,2732,1151,6661
171685402606787,171685402615407,171685402623051,171685402623797,171685402628946,171685402628997,265650,93825186940240,4375639744,7,2732,1151,6662
171685410956096,171685410966925,171685410976572,171685410977505,171685410981103,171685410981163,265650,93825186940240,4375639744,7,2732,1151,6663
171685419299609,171685419308940,171685419317345,171685419318553,171685419323231,171685419323301,265650,93825186940240,4375639744,7,2732,1151,6664
171685427753422,171685427767666,171685427779711,171685427781065,171685427786362,171685427786431,265650,93825186940240,4375639744,7,2732,1151,6665
171685435942411,171685435953035,171685435961149,171685435962112,171685435966040,171685435966110,265650,93825186940240,4375639744,7,2732,1151,6666
171685444355127,171685444368505,171685444380013,171685444381303,171685444387293,171685444387391,265650,93825186940240,4375639744,7,2732,1151,6667
171685452743825,171685452757616,171685452768819,171685452770163,171685452776336,171685452776417,265650,93825186940240,4375639744,7,2732,1151,6668
171685462254213,171685462273603,171685462286396,171685462297036,171685462303383,171685462303523,265650,93825186940240,4375639744,7,2732,1151,6669
171685470558449,171685470568509,171685470577767,171685470578817,171685470582755,171685470582830,265650,93825186940240,4375639744,7,2732,1151,6670
171685483097193,171685483123842,171685483147092,171685483148445,171685483153406,171685483153480,265650,93825186940240,4375639744,7,2732,1151,6671
171685491452776,171685491464563,171685491473781,171685491474802,171685491478325,171685491478408,265650,93825186940240,4375639744,7,2732,1151,6672
171685499861192,171685499873555,171685499884322,171685499885505,171685499891015,171685499891097,265650,93825186940240,4375639744,7,2732,1151,6673
171685508124947,171685508137182,171685508147741,171685508148649,171685508153492,171685508153568,265650,93825186940240,4375639744,7,2732,1151,6674
171685516493823,171685516524804,171685516538360,171685516542391,171685516549754,171685516549832,265650,93825186940240,4375639744,7,2732,1151,6675
171685524794878,171685524816108,171685524829109,171685524832271,171685524839526,171685524839596,265650,93825186940240,4375639744,7,2732,1151,6676
171685533111218,171685533128630,171685533139533,171685533141491,171685533146010,171685533146083,265650,93825186940240,4375639744,7,2732,1151,6677
171685541502046,171685541520623,171685541532702,171685541535551,171685541543793,171685541543854,265650,93825186940240,4375639744,7,2732,1151,6678
171685549776277,171685549793636,171685549804209,171685549806395,171685549811200,171685549811256,265650,93825186940240,4375639744,7,2732,1151,6679
171685558107007,171685558124107,171685558134738,171685558136890,171685558142754,171685558142807,265650,93825186940240,4375639744,7,2732,1151,6680
171685566440735,171685566457177,171685566467840,171685566469875,171685566474043,171685566474119,265650,93825186940240,4375639744,7,2732,1151,6681
171685574787652,171685574806934,171685574818373,171685574821095,171685574825415,171685574825501,265650,93825186940240,4375639744,7,2732,1151,6682
171685583115920,171685583133481,171685583144528,171685583147169,171685583155002,171685583155068,265650,93825186940240,4375639744,7,2732,1151,6683
171685591521590,171685591545631,171685591557727,171685591560661,171685591571825,171685591571912,265650,93825186940240,4375639744,7,2732,1151,6684
171685599787981,171685599804236,171685599815166,171685599817542,171685599822770,171685599822838,265650,93825186940240,4375639744,7,2732,1151,6685
171685608114914,171685608132522,171685608143131,171685608144836,171685608153020,171685608153084,265650,93825186940240,4375639744,7,2732,1151,6686
171685616499511,171685616516713,171685616527722,171685616529982,171685616536913,171685616536961,265650,93825186940240,4375639744,7,2732,1151,6687
171685624792112,171685624808356,171685624819181,171685624821020,171685624826119,171685624826164,265650,93825186940240,4375639744,7,2732,1151,6688
171685633140332,171685633155469,171685633167390,171685633168890,171685633174532,171685633174630,265650,93825186940240,4375639744,7,2732,1151,6689
171685641601542,171685641662767,171685641674507,171685641675803,171685641682464,171685641682557,265650,93825186940240,4375639744,7,2732,1151,6690
171685649910228,171685649967897,171685649979549,171685649980915,171685649989304,171685649989392,265650,93825186940240,4375639744,7,2732,1151,6691
171685658172526,171685658185501,171685658196470,171685658197512,171685658202586,171685658202688,265650,93825186940240,4375639744,7,2732,1151,6692
171685666552764,171685666565449,171685666576372,171685666577658,171685666583555,171685666583656,265650,93825186940240,4375639744,7,2732,1151,6693
171685674911345,171685674947658,171685674958666,171685674959601,171685674965047,171685674965143,265650,93825186940240,4375639744,7,2732,1151,6694
171685683145349,171685683158704,171685683169771,171685683170667,171685683192425,171685683192536,265650,93825186940240,4375639744,7,2732,1151,6695
171685691532559,171685691542269,171685691551065,171685691551866,171685691556711,171685691556779,265650,93825186940240,4375639744,7,2732,1151,6696
171685699866955,171685699879256,171685699890128,171685699890982,171685699895397,171685699895490,265650,93825186940240,4375639744,7,2732,1151,6697
171685708233167,171685708245410,171685708256583,171685708257419,171685708262328,171685708262413,265650,93825186940240,4375639744,7,2732,1151,6698
171685716535135,171685716548349,171685716559515,171685716560473,171685716565164,171685716565257,265650,93825186940240,4375639744,7,2732,1151,6699
171685724910087,171685724922724,171685724933647,171685724934590,171685724939113,171685724939198,265650,93825186940240,4375639744,7,2732,1151,6700
171685733203431,171685733215727,171685733226794,171685733227575,171685733232514,171685733232602,265650,93825186940240,4375639744,7,2732,1151,6701
171685741586835,171685741642049,171685741653248,171685741654565,171685741661455,171685741661545,265650,93825186940240,4375639744,7,2732,1151,6702
171685749858191,171685749870603,171685749881617,171685749882702,171685749888840,171685749888935,265650,93825186940240,4375639744,7,2732,1151,6703
171685758191059,171685758203055,171685758214194,171685758215042,171685758218816,171685758218922,265650,93825186940240,4375639744,7,2732,1151,6704
171685766590418,171685766607144,171685766619148,171685766621203,171685766630404,171685766630570,265650,93825186940240,4375639744,7,2732,1151,6705
171685774883108,171685774904703,171685774915892,171685774918576,171685774929421,171685774929514,265650,93825186940240,4375639744,7,2732,1151,6706
171685783227611,171685783246099,171685783258797,171685783260950,171685783270716,171685783270813,265650,93825186940240,4375639744,7,2732,1151,6707
171685791575827,171685791590156,171685791599637,171685791602150,171685791612189,171685791612270,265650,93825186940240,4375639744,7,2732,1151,6708
171685799983625,171685800005448,171685800017859,171685800020062,171685800029878,171685800029975,265650,93825186940240,4375639744,7,2732,1151,6709
171685808188292,171685808201412,171685808210199,171685808212110,171685808220404,171685808220469,265650,93825186940240,4375639744,7,2732,1151,6710
171685816588597,171685816604454,171685816616739,171685816619008,171685816629782,171685816629878,265650,93825186940240,4375639744,7,2732,1151,6711
171685824901306,171685824917240,171685824929382,171685824931314,171685824937766,171685824937860,265650,93825186940240,4375639744,7,2732,1151,6712
171685833252408,171685833265567,171685833276774,171685833277835,171685833284182,171685833284269,265650,93825186940240,4375639744,7,2732,1151,6713
171685841535645,171685841545589,171685841553400,171685841554047,171685841559913,171685841559975,265650,93825186940240,4375639744,7,2732,1151,6714
171685849865570,171685849878558,171685849889912,171685849890793,171685849895804,171685849895894,265650,93825186940240,4375639744,7,2732,1151,6715
171685858142768,171685858162293,171685858174506,171685858177178,171685858184305,171685858184430,265650,93825186940240,4375639744,7,2732,1151,6716
171685866457492,171685866467382,171685866475599,171685866476537,171685866482178,171685866482263,265650,93825186940240,4375639744,7,2732,1151,6717
171685874788030,171685874800541,171685874811233,171685874812148,171685874815814,171685874815902,265650,93825186940240,4375639744,7,2732,1151,6718
171685883177050,171685883189815,171685883201037,171685883202069,171685883209644,171685883209742,265650,93825186940240,4375639744,7,2732,1151,6719
171685891479877,171685891488838,171685891497093,171685891497787,171685891503345,171685891503413,265650,93825186940240,4375639744,7,2732,1151,6720
171685899912525,171685899942472,171685899954030,171685899955337,171685899963444,171685899963539,265650,93825186940240,4375639744,7,2732,1151,6721
171685908273606,171685908291598,171685908303476,171685908304884,171685908308282,171685908308368,265650,93825186940240,4375639744,7,2732,1151,6722
171685916537859,171685916546855,171685916554792,171685916555592,171685916560577,171685916560630,265650,93825186940240,4375639744,7,2732,1151,6723
171685924848173,171685924861146,171685924872224,171685924873251,171685924879176,171685924879239,265650,93825186940240,4375639744,7,2732,1151,6724
171685933154534,171685933167238,171685933178299,171685933179191,171685933183896,171685933183976,265650,93825186940240,4375639744,7,2732,1151,6725
171685941485496,171685941494810,171685941502823,171685941503433,171685941508275,171685941508329,265650,93825186940240,4375639744,7,2732,1151,6726
171685949845897,171685949858403,171685949869139,171685949870017,171685949875634,171685949875707,265650,93825186940240,4375639744,7,2732,1151,6727
171685958221620,171685958234031,171685958245017,171685958245942,171685958251950,171685958252025,265650,93825186940240,4375639744,7,2732,1151,6728
171685966495769,171685966509562,171685966521002,171685966522102,171685966528276,171685966528352,265650,93825186940240,4375639744,7,2732,1151,6729
171685974860010,171685974873132,171685974884437,171685974885427,171685974891525,171685974891601,265650,93825186940240,4375639744,7,2732,1151,6730
171685983230573,171685983243503,171685983254395,171685983255536,171685983262526,171685983262599,265650,93825186940240,4375639744,7,2732,1151,6731
171685991467742,171685991479999,171685991488999,171685991490253,171685991495752,171685991495812,265650,93825186940240,4375639744,7,2732,1151,6732
171685999918663,171685999939377,171685999951030,171685999953770,171685999959745,171685999959836,265650,93825186940240,4375639744,7,2732,1151,6733
171686008141801,171686008158993,171686008170030,171686008172012,171686008178042,171686008178115,265650,93825186940240,4375639744,7,2732,1151,6734
171686016524178,171686016540749,171686016551948,171686016554101,171686016559989,171686016560085,265650,93825186940240,4375639744,7,2732,1151,6735
171686024818839,171686024841459,171686024853971,171686024857065,171686024862486,171686024862559,265650,93825186940240,4375639744,7,2732,1151,6736
171686033124685,171686033140887,171686033152313,171686033154305,171686033159271,171686033159351,265650,93825186940240,4375639744,7,2732,1151,6737
171686041455501,171686041470568,171686041480968,171686041482808,171686041487811,171686041487875,265650,93825186940240,4375639744,7,2732,1151,6738
171686049815447,171686049837854,171686049849884,171686049852925,171686049858156,171686049858219,265650,93825186940240,4375639744,7,2732,1151,6739
171686058142387,171686058160450,171686058171274,171686058173232,171686058179267,171686058179332,265650,93825186940240,4375639744,7,2732,1151,6740
171686066486874,171686066505781,171686066516746,171686066518896,171686066525584,171686066525665,265650,93825186940240,4375639744,7,2732,1151,6741
171686074872649,171686074896105,171686074908567,171686074911995,171686074933342,171686074933408,265650,93825186940240,4375639744,7,2732,1151,6742
171686083134184,171686083151827,171686083162615,171686083164741,171686083169607,171686083169665,265650,93825186940240,4375639744,7,2732,1151,6743
171686091465303,171686091482801,171686091494942,171686091497684,171686091504949,171686091505025,265650,93825186940240,4375639744,7,2732,1151,6744
171686099837602,171686099855268,171686099866198,171686099868092,171686099873403,171686099873473,265650,93825186940240,4375639744,7,2732,1151,6745
171686108145908,171686108163342,171686108174148,171686108175989,171686108183343,171686108183403,265650,93825186940240,4375639744,7,2732,1151,6746
171686116506599,171686116524741,171686116536362,171686116538595,171686116545791,171686116545851,265650,93825186940240,4375639744,7,2732,1151,6747
171686124798963,171686124815528,171686124826199,171686124827865,171686124834179,171686124834241,265650,93825186940240,4375639744,7,2732,1151,6748
171686133135168,171686133153211,171686133163826,171686133165857,171686133172270,171686133172337,265650,93825186940240,4375639744,7,2732,1151,6749
171686141465478,171686141482646,171686141493979,171686141496119,171686141501549,171686141501627,265650,93825186940240,4375639744,7,2732,1151,6750
171686149860846,171686149881794,171686149894066,171686149897120,171686149906268,171686149906317,265650,93825186940240,4375639744,7,2732,1151,6751
171686158133629,171686158150566,171686158161407,171686158163132,171686158169980,171686158170040,265650,93825186940240,4375639744,7,2732,1151,6752
171686166539381,171686166561945,171686166574490,171686166577391,171686166587954,171686166588020,265650,93825186940240,4375639744,7,2732,1151,6753
171686174844412,171686174860779,171686174871230,171686174873091,171686174879025,171686174879083,265650,93825186940240,4375639744,7,2732,1151,6754
171686183136547,171686183153097,171686183164124,171686183166352,171686183172097,171686183172159,265650,93825186940240,4375639744,7,2732,1151,6755
171686191508588,171686191525814,171686191536837,171686191538833,171686191545442,171686191545508,265650,93825186940240,4375639744,7,2732,1151,6756
171686199803749,171686199820755,171686199831738,171686199833899,171686199840385,171686199840443,265650,93825186940240,4375639744,7,2732,1151,6757
171686208133502,171686208150053,171686208161187,171686208163244,171686208167490,171686208167555,265650,93825186940240,4375639744,7,2732,1151,6758
171686216461532,171686216475470,171686216486359,171686216488207,171686216492141,171686216492206,265650,93825186940240,4375639744,7,2732,1151,6759
171686224851073,171686224864326,171686224874985,171686224876456,171686224880242,171686224880309,265650,93825186940240,4375639744,7,2732,1151,6760
171686233152161,171686233172765,171686233184853,171686233187288,171686233198874,171686233198942,265650,93825186940240,4375639744,7,2732,1151,6761
171686241487546,171686241507714,171686241518920,171686241521343,171686241532092,171686241532159,265650,93825186940240,4375639744,7,2732,1151,6762
171686249849265,171686249863634,171686249875031,171686249876999,171686249883178,171686249883236,265650,93825186940240,4375639744,7,2732,1151,6763
171686258167745,171686258181818,171686258192557,171686258194362,171686258198852,171686258198914,265650,93825186940240,4375639744,7,2732,1151,6764
171686266533011,171686266553958,171686266565733,171686266568532,171686266581210,171686266581303,265650,93825186940240,4375639744,7,2732,1151,6765
171686274835591,171686274856331,171686274868905,171686274871893,171686274878845,171686274878909,265650,93825186940240,4375639744,7,2732,1151,6766
171686283140505,171686283156773,171686283167530,171686283169475,171686283178056,171686283178110,265650,93825186940240,4375639744,7,2732,1151,6767
171686291512514,171686291528971,171686291541235,171686291544592,171686291558403,171686291558469,265650,93825186940240,4375639744,7,2732,1151,6768
171686299856623,171686299874412,171686299885562,171686299887542,171686299895559,171686299895653,265650,93825186940240,4375639744,7,2732,1151,6769
171686308145344,171686308162489,171686308173146,171686308174940,171686308181643,171686308181721,265650,93825186940240,4375639744,7,2732,1151,6770
171686316481764,171686316502253,171686316514060,171686316516913,171686316526758,171686316526806,265650,93825186940240,4375639744,7,2732,1151,6771
171686324880370,171686324897045,171686324909158,171686324912362,171686324919108,171686324919184,265650,93825186940240,4375639744,7,2732,1151,6772
171686333138567,171686333152758,171686333163463,171686333164970,171686333172783,171686333172835,265650,93825186940240,4375639744,7,2732,1151,6773
171686341471451,171686341487908,171686341499276,171686341501628,171686341508237,171686341508316,265650,93825186940240,4375639744,7,2732,1151,6774
171686349942270,171686349961134,171686349972682,171686349975137,171686349986569,171686349986666,265650,93825186940240,4375639744,7,2732,1151,6775
171686358153139,171686358171195,171686358182003,171686358184340,171686358194787,171686358194860,265650,93825186940240,4375639744,7,2732,1151,6776
171686366495939,171686366518507,171686366530163,171686366533127,171686366546221,171686366546277,265650,93825186940240,4375639744,7,2732,1151,6777
171686374894932,171686374913319,171686374925383,171686374926954,171686374934192,171686374934306,265650,93825186940240,4375639744,7,2732,1151,6778
171686383251429,171686383266043,171686383277433,171686383278898,171686383286421,171686383286508,265650,93825186940240,4375639744,7,2732,1151,6779
171686391593892,171686391607045,171686391617921,171686391619176,171686391624872,171686391624969,265650,93825186940240,4375639744,7,2732,1151,6780
171686399959545,171686399972672,171686400004003,171686400005328,171686400010992,171686400011094,265650,93825186940240,4375639744,7,2732,1151,6781
171686408259946,171686408276339,171686408287476,171686408289017,171686408297748,171686408297836,265650,93825186940240,4375639744,7,2732,1151,6782
171686416562614,171686416574265,171686416583082,171686416584163,171686416589653,171686416589713,265650,93825186940240,4375639744,7,2732,1151,6783
171686424875839,171686424888626,171686424899595,171686424900628,171686424904836,171686424904918,265650,93825186940240,4375639744,7,2732,1151,6784
171686433295403,171686433318578,171686433330460,171686433333138,171686433344992,171686433345216,265650,93825186940240,4375639744,7,2732,1151,6785
171686441662540,171686441694750,171686441707014,171686441708872,171686441716715,171686441716805,265650,93825186940240,4375639744,7,2732,1151,6786
171686449977415,171686449991737,171686450007695,171686450009549,171686450015896,171686450015980,265650,93825186940240,4375639744,7,2732,1151,6787
171686458161391,171686458174851,171686458185980,171686458187221,171686458193816,171686458193897,265650,93825186940240,4375639744,7,2732,1151,6788
171686466611954,171686466624180,171686466634968,171686466636022,171686466642595,171686466642678,265650,93825186940240,4375639744,7,2732,1151,6789
171686474885804,171686474908741,171686474920737,171686474923691,171686474934328,171686474934404,265650,93825186940240,4375639744,7,2732,1151,6790
171686483193881,171686483211625,171686483222388,171686483224366,171686483231896,171686483231947,265650,93825186940240,4375639744,7,2732,1151,6791
171686491484551,171686491501142,171686491511601,171686491513435,171686491519362,171686491519422,265650,93825186940240,4375639744,7,2732,1151,6792
171686499833011,171686499853767,171686499865747,171686499868772,171686499879007,171686499879073,265650,93825186940240,4375639744,7,2732,1151,6793
171686508154188,171686508171743,171686508182815,171686508185149,171686508195663,171686508195753,265650,93825186940240,4375639744,7,2732,1151,6794
171686516481590,171686516498060,171686516508539,171686516510556,171686516516889,171686516516980,265650,93825186940240,4375639744,7,2732,1151,6795
171686524869223,171686524886106,171686524896975,171686524898989,171686524908453,171686524908535,265650,93825186940240,4375639744,7,2732,1151,6796
171686533147897,171686533163957,171686533174772,171686533177114,171686533182420,171686533182478,265650,93825186940240,4375639744,7,2732,1151,6797
171686541499323,171686541519194,171686541531292,171686541533855,171686541544579,171686541544644,265650,93825186940240,4375639744,7,2732,1151,6798
171686550047563,171686550073370,171686550085280,171686550086730,171686550093390,171686550093507,265650,93825186940240,4375639744,7,2732,1151,6799
171686558158394,171686558175768,171686558186834,171686558189245,171686558198925,171686558198970,265650,93825186940240,4375639744,7,2732,1151,6800
171686566500331,171686566517097,171686566528108,171686566530100,171686566537132,171686566537208,265650,93825186940240,4375639744,7,2732,1151,6801
171686574840935,171686574865212,171686574878250,171686574881161,171686574887739,171686574887803,265650,93825186940240,4375639744,7,2732,1151,6802
171686583147712,171686583162658,171686583173194,171686583175039,171686583180047,171686583180100,265650,93825186940240,4375639744,7,2732,1151,6803
171686591544378,171686591565703,171686591578155,171686591581276,171686591590305,171686591590363,265650,93825186940240,4375639744,7,2732,1151,6804
171686599874541,171686599895933,171686599908227,171686599910761,171686599916633,171686599916693,265650,93825186940240,4375639744,7,2732,1151,6805
171686608164504,171686608186729,171686608198599,171686608201437,171686608209905,171686608209969,265650,93825186940240,4375639744,7,2732,1151,6806
171686616479508,171686616494990,171686616505806,171686616508610,171686616520755,171686616520842,265650,93825186940240,4375639744,7,2732,1151,6807
171686624869900,171686624885781,171686624896601,171686624898588,171686624906913,171686624907017,265650,93825186940240,4375639744,7,2732,1151,6808
171686633170136,171686633186534,171686633197994,171686633199879,171686633210532,171686633210603,265650,93825186940240,4375639744,7,2732,1151,6809
171686641493531,171686641511048,171686641522225,171686641523907,171686641534197,171686641534245,265650,93825186940240,4375639744,7,2732,1151,6810
171686649890387,171686649910115,171686649921682,171686649924514,171686649938679,171686649938733,265650,93825186940240,4375639744,7,2732,1151,6811
171686658159936,171686658175295,171686658186328,171686658188306,171686658196429,171686658196504,265650,93825186940240,4375639744,7,2732,1151,6812
171686666599547,171686666617392,171686666627954,171686666629966,171686666638181,171686666638239,265650,93825186940240,4375639744,7,2732,1151,6813
171686674871626,171686674895091,171686674908230,171686674911417,171686674930968,171686674931038,265650,93825186940240,4375639744,7,2732,1151,6814
171686683164834,171686683179058,171686683189600,171686683191767,171686683200423,171686683200482,265650,93825186940240,4375639744,7,2732,1151,6815
171686691677166,171686691698492,171686691709898,171686691711412,171686691716853,171686691716945,265650,93825186940240,4375639744,7,2732,1151,6816
171686699829674,171686699844085,171686699855455,171686699857031,171686699863948,171686699864040,265650,93825186940240,4375639744,7,2732,1151,6817
171686708177613,171686708196775,171686708208011,171686708210286,171686708217779,171686708217844,265650,93825186940240,4375639744,7,2732,1151,6818
171686716537178,171686716552115,171686716562590,171686716564293,171686716574296,171686716574354,265650,93825186940240,4375639744,7,2732,1151,6819
171686724870282,171686724886716,171686724900065,171686724902706,171686724918986,171686724919043,265650,93825186940240,4375639744,7,2732,1151,6820
171686733236567,171686733252657,171686733264535,171686733266101,171686733271732,171686733271823,265650,93825186940240,4375639744,7,2732,1151,6821
171686741604305,171686741648255,171686741659349,171686741660795,171686741666289,171686741666379,265650,93825186940240,4375639744,7,2732,1151,6822
171686749863663,171686749876796,171686749887874,171686749888869,171686749943019,171686749943121,265650,93825186940240,4375639744,7,2732,1151,6823
171686758207705,171686758224473,171686758235436,171686758238216,171686758246543,171686758246609,265650,93825186940240,4375639744,7,2732,1151,6824
171686766546965,171686766570616,171686766582404,171686766585880,171686766599291,171686766599367,265650,93825186940240,4375639744,7,2732,1151,6825
171686774862699,171686774884242,171686774896111,171686774898769,171686774915667,171686774915724,265650,93825186940240,4375639744,7,2732,1151,6826
171686783165450,171686783182224,171686783192937,171686783194606,171686783202903,171686783202960,265650,93825186940240,4375639744,7,2732,1151,6827
171686791498312,171686791514973,171686791525409,171686791527260,171686791535998,171686791536052,265650,93825186940240,4375639744,7,2732,1151,6828
171686799910729,171686799935469,171686799947490,171686799950512,171686799966299,171686799966360,265650,93825186940240,4375639744,7,2732,1151,6829
171686808157841,171686808169306,171686808179199,171686808180851,171686808189032,171686808189075,265650,93825186940240,4375639744,7,2732,1151,6830
171686816512306,171686816525151,171686816534371,171686816535688,171686816540490,171686816540549,265650,93825186940240,4375639744,7,2732,1151,6831
171686824819361,171686824839571,171686824850977,171686824853234,171686824860790,171686824860866,265650,93825186940240,4375639744,7,2732,1151,6832
171686833188997,171686833207156,171686833218391,171686833220490,171686833228427,171686833228475,265650,93825186940240,4375639744,7,2732,1151,6833
171686841497531,171686841511085,171686841521364,171686841523178,171686841528963,171686841529027,265650,93825186940240,4375639744,7,2732,1151,6834
171686849888851,171686849905762,171686849916629,171686849918711,171686849926525,171686849926588,265650,93825186940240,4375639744,7,2732,1151,6835
171686858183086,171686858200209,171686858211352,171686858213898,171686858223879,171686858223927,265650,93825186940240,4375639744,7,2732,1151,6836
171686866517729,171686866535439,171686866546516,171686866548619,171686866556934,171686866556996,265650,93825186940240,4375639744,7,2732,1151,6837
171686874876960,171686874892672,171686874904514,171686874907407,171686874917008,171686874917069,265650,93825186940240,4375639744,7,2732,1151,6838
171686883170388,171686883186511,171686883197648,171686883199466,171686883205201,171686883205266,265650,93825186940240,4375639744,7,2732,1151,6839
171686891562591,171686891579905,171686891591272,171686891594165,171686891603337,171686891603395,265650,93825186940240,4375639744,7,2732,1151,6840
171686899843808,171686899860173,171686899871322,171686899873304,171686899880338,171686899880403,265650,93825186940240,4375639744,7,2732,1151,6841
171686908174787,171686908188661,171686908199363,171686908201119,171686908206164,171686908206224,265650,93825186940240,4375639744,7,2732,1151,6842
171686916495457,171686916509767,171686916520492,171686916522080,171686916527264,171686916527318,265650,93825186940240,4375639744,7,2732,1151,6843
171686924895691,171686924915846,171686924927428,171686924930408,171686924947060,171686924947118,265650,93825186940240,4375639744,7,2732,1151,6844
171686933184067,171686933201336,171686933212350,171686933214747,171686933221852,171686933221901,265650,93825186940240,4375639744,7,2732,1151,6845
171686941498461,171686941512405,171686941523671,171686941525642,171686941531535,171686941531601,265650,93825186940240,4375639744,7,2732,1151,6846
171686949854750,171686949869138,171686949879681,171686949881327,171686949887098,171686949887168,265650,93825186940240,4375639744,7,2732,1151,6847
171686958169394,171686958185532,171686958195962,171686958197805,171686958202845,171686958202905,265650,93825186940240,4375639744,7,2732,1151,6848
171686966558342,171686966574364,171686966585244,171686966587078,171686966592359,171686966592406,265650,93825186940240,4375639744,7,2732,1151,6849
171686974901541,171686974923458,171686974935867,171686974939161,171686974945176,171686974945249,265650,93825186940240,4375639744,7,2732,1151,6850
171686983217367,171686983234936,171686983245971,171686983247886,171686983256096,171686983256166,265650,93825186940240,4375639744,7,2732,1151,6851
171686991508255,171686991525542,171686991536666,171686991538927,171686991557839,171686991557896,265650,93825186940240,4375639744,7,2732,1151,6852
171686999881913,171686999901488,171686999913814,171686999916998,171686999923763,171686999923822,265650,93825186940240,4375639744,7,2732,1151,6853
171687008175941,171687008193663,171687008204687,171687008206735,171687008216334,171687008216398,265650,93825186940240,4375639744,7,2732,1151,6854
171687016564073,171687016581765,171687016593684,171687016595879,171687016600619,171687016600676,265650,93825186940240,4375639744,7,2732,1151,6855
171687024901460,171687024921498,171687024932573,171687024934342,171687024941161,171687024941204,265650,93825186940240,4375639744,7,2732,1151,6856
171687033189028,171687033205559,171687033216269,171687033218322,171687033228888,171687033228946,265650,93825186940240,4375639744,7,2732,1151,6857
171687041552613,171687041569840,171687041581199,171687041583354,171687041589406,171687041589452,265650,93825186940240,4375639744,7,2732,1151,6858
171687049895721,171687049912620,171687049923646,171687049925694,171687049936672,171687049936737,265650,93825186940240,4375639744,7,2732,1151,6859
171687058181997,171687058199018,171687058210140,171687058212403,171687058219498,171687058219558,265650,93825186940240,4375639744,7,2732,1151,6860
171687066561976,171687066578570,171687066589377,171687066591415,171687066596917,171687066596973,265650,93825186940240,4375639744,7,2732,1151,6861
171687074897326,171687074914323,171687074925576,171687074927802,171687074943417,171687074943463,265650,93825186940240,4375639744,7,2732,1151,6862
171687083187265,171687083204219,171687083215451,171687083217424,171687083224331,171687083224396,265650,93825186940240,4375639744,7,2732,1151,6863
171687091518594,171687091536191,171687091547095,171687091549470,171687091555887,171687091555950,265650,93825186940240,4375639744,7,2732,1151,6864
171687099911722,171687099927659,171687099938495,171687099940685,171687099949232,171687099949275,265650,93825186940240,4375639744,7,2732,1151,6865
171687108199274,171687108217081,171687108228668,171687108231254,171687108239003,171687108239048,265650,93825186940240,4375639744,7,2732,1151,6866
171687116570155,171687116587467,171687116598429,171687116600867,171687116607358,171687116607435,265650,93825186940240,4375639744,7,2732,1151,6867
171687124896147,171687124914832,171687124925722,171687124927939,171687124937311,171687124937377,265650,93825186940240,4375639744,7,2732,1151,6868
171687133182234,171687133199237,171687133210720,171687133212827,171687133220319,171687133220392,265650,93825186940240,4375639744,7,2732,1151,6869
171687141557695,171687141574162,171687141584960,171687141587002,171687141596419,171687141596491,265650,93825186940240,4375639744,7,2732,1151,6870
171687149860736,171687149877596,171687149888135,171687149890086,171687149897615,171687149897694,265650,93825186940240,4375639744,7,2732,1151,6871
171687158205102,171687158222473,171687158233484,171687158235995,171687158244578,171687158244640,265650,93825186940240,4375639744,7,2732,1151,6872
171687166529535,171687166546954,171687166557644,171687166559526,171687166567998,171687166568064,265650,93825186940240,4375639744,7,2732,1151,6873
171687174913110,171687174931278,171687174942466,171687174944985,171687174951856,171687174951927,265650,93825186940240,4375639744,7,2732,1151,6874
171687183262083,171687183282364,171687183293913,171687183296301,171687183302991,171687183303082,265650,93825186940240,4375639744,7,2732,1151,6875
171687191550275,171687191569480,171687191581001,171687191583810,171687191595377,171687191595451,265650,93825186940240,4375639744,7,2732,1151,6876
171687199884246,171687199906497,171687199918220,171687199921683,171687199930792,171687199930865,265650,93825186940240,4375639744,7,2732,1151,6877
171687208198222,171687208216679,171687208227739,171687208230090,171687208236876,171687208236943,265650,93825186940240,4375639744,7,2732,1151,6878
171687216535400,171687216553133,171687216565025,171687216567292,171687216572707,171687216572760,265650,93825186940240,4375639744,7,2732,1151,6879
171687224857079,171687224874280,171687224885647,171687224887900,171687224892526,171687224892577,265650,93825186940240,4375639744,7,2732,1151,6880
171687233198567,171687233216769,171687233228048,171687233230155,171687233235856,171687233235916,265650,93825186940240,4375639744,7,2732,1151,6881
171687241528779,171687241547038,171687241558280,171687241560889,171687241567128,171687241567174,265650,93825186940240,4375639744,7,2732,1151,6882
171687249883741,171687249901933,171687249912776,171687249914862,171687249921912,171687249921963,265650,93825186940240,4375639744,7,2732,1151,6883
171687258217387,171687258232882,171687258244959,171687258246353,171687258251009,171687258251106,265650,93825186940240,4375639744,7,2732,1151,6884
171687266598938,171687266609477,171687266617804,171687266619053,171687266624543,171687266624610,265650,93825186940240,4375639744,7,2732,1151,6885
171687274849581,171687274860067,171687274868096,171687274869042,171687274874320,171687274874396,265650,93825186940240,4375639744,7,2732,1151,6886
171687283199747,171687283212975,171687283224205,171687283225345,171687283251706,171687283251810,265650,93825186940240,4375639744,7,2732,1151,6887
171687291572328,171687291585773,171687291596745,171687291597750,171687291603087,171687291603182,265650,93825186940240,4375639744,7,2732,1151,6888
171687299966047,171687299978680,171687299989712,171687299990565,171687299995751,171687299995841,265650,93825186940240,4375639744,7,2732,1151,6889
171687308227988,171687308241146,171687308252382,171687308253302,171687308258692,171687308258785,265650,93825186940240,4375639744,7,2732,1151,6890
171687316514305,171687316524847,171687316533596,171687316534408,171687316538366,171687316538442,265650,93825186940240,4375639744,7,2732,1151,6891
171687324946896,171687324956245,171687324964442,171687324965216,171687324969457,171687324969532,265650,93825186940240,4375639744,7,2732,1151,6892
171687333229919,171687333242208,171687333253351,171687333254159,171687333258637,171687333258741,265650,93825186940240,4375639744,7,2732,1151,6893
171687341598850,171687341640764,171687341651614,171687341652418,171687341657465,171687341657570,265650,93825186940240,4375639744,7,2732,1151,6894
171687349921199,171687349933404,171687349944193,171687349944989,171687349950083,171687349950184,265650,93825186940240,4375639744,7,2732,1151,6895
171687358208198,171687358220209,171687358231060,171687358231898,171687358250194,171687358250308,265650,93825186940240,4375639744,7,2732,1151,6896
171687366597343,171687366609500,171687366620330,171687366621047,171687366626375,171687366626471,265650,93825186940240,4375639744,7,2732,1151,6897
171687374922390,171687374931955,171687374940606,171687374941244,171687374945321,171687374945377,265650,93825186940240,4375639744,7,2732,1151,6898
171687383247884,171687383260349,171687383271458,171687383272200,171687383277356,171687383277604,265650,93825186940240,4375639744,7,2732,1151,6899
171687391607228,171687391620443,171687391631631,171687391632504,171687391637416,171687391637508,265650,93825186940240,4375639744,7,2732,1151,6900
171687400017313,171687400030067,171687400040969,171687400041833,171687400047098,171687400047177,265650,93825186940240,4375639744,7,2732,1151,6901
171687408267908,171687408282610,171687408293816,171687408295174,171687408305396,171687408305478,265650,93825186940240,4375639744,7,2732,1151,6902
171687416581840,171687416595367,171687416606540,171687416607548,171687416614523,171687416614598,265650,93825186940240,4375639744,7,2732,1151,6903
171687424898695,171687424909148,171687424917990,171687424918687,171687424924565,171687424924621,265650,93825186940240,4375639744,7,2732,1151,6904
